path,top_model,extension,kind,size_bytes
experiments/code_repository_20260625/nested_extracted/a0268154c4591/ВВГУ_Мордовия_КСП инфляции Python/infl.py,nested:a0268154c4591,py,code,3617
"experiments/code_repository_20260625/nested_extracted/a0ac088b0b1be/Методика отбора переменных, обеспечивающих надежные прогнозы/example.wf1",nested:a0ac088b0b1be,wf1,code,37200
"experiments/code_repository_20260625/nested_extracted/a0ac088b0b1be/Методика отбора переменных, обеспечивающих надежные прогнозы/variable_models_code.prg",nested:a0ac088b0b1be,prg,code,15525
experiments/code_repository_20260625/nested_extracted/a1d1ab49225f8/Поиск лучшей спецификации_УГУ/data.wf1,nested:a1d1ab49225f8,wf1,code,115682
experiments/code_repository_20260625/nested_extracted/a1e1b29916db4/VAR_pk.wf1,nested:a1e1b29916db4,wf1,code,129491
experiments/code_repository_20260625/nested_extracted/a1e1b29916db4/ipc_pr.prg,nested:a1e1b29916db4,prg,code,1249
experiments/code_repository_20260625/nested_extracted/a20c02d743886/SA/Скрипт_SA.prg,nested:a20c02d743886,prg,code,468
experiments/code_repository_20260625/nested_extracted/a21408bf349b4/SA_надстройка/seas.prg,nested:a21408bf349b4,prg,code,1134
experiments/code_repository_20260625/nested_extracted/a2363877985ef/Прогноз_ИПЦ_по компонентам_Хабаровск/khab_mod.prg,nested:a2363877985ef,prg,code,6562
experiments/code_repository_20260625/nested_extracted/a2363877985ef/Прогноз_ИПЦ_по компонентам_Хабаровск/khab_mod.prg_Snapshots/snapshot_lastsave.prg,nested:a2363877985ef,prg,code,6562
experiments/code_repository_20260625/nested_extracted/a23c5123c996a/Оценка ковариационной матрицы остатков в модели PVAR/Исходные данные/test_data.WF1,nested:a23c5123c996a,wf1,code,24224
experiments/code_repository_20260625/nested_extracted/a23c5123c996a/Оценка ковариационной матрицы остатков в модели PVAR/Код/pvar_residual.prg,nested:a23c5123c996a,prg,code,2264
experiments/code_repository_20260625/nested_extracted/a24cd898db7c9/5 Недельная инфляция/weekCpiR/R/common/data_cpi_month_gu_calculate.R,nested:a24cd898db7c9,r,code,8153
experiments/code_repository_20260625/nested_extracted/a24cd898db7c9/5 Недельная инфляция/weekCpiR/R/common/data_cpi_month_mom_from_wow_calculate.R,nested:a24cd898db7c9,r,code,7519
experiments/code_repository_20260625/nested_extracted/a24cd898db7c9/5 Недельная инфляция/weekCpiR/R/common/data_cpi_month_mom_from_wow_export.R,nested:a24cd898db7c9,r,code,12815
experiments/code_repository_20260625/nested_extracted/a24cd898db7c9/5 Недельная инфляция/weekCpiR/R/common/data_cpi_month_seas_calculate.R,nested:a24cd898db7c9,r,code,7140
experiments/code_repository_20260625/nested_extracted/a24cd898db7c9/5 Недельная инфляция/weekCpiR/R/common/data_cpi_week_bi_bias_correct.R,nested:a24cd898db7c9,r,code,8819
experiments/code_repository_20260625/nested_extracted/a24cd898db7c9/5 Недельная инфляция/weekCpiR/R/common/data_cpi_week_bi_calculate.R,nested:a24cd898db7c9,r,code,12947
experiments/code_repository_20260625/nested_extracted/a24cd898db7c9/5 Недельная инфляция/weekCpiR/R/common/data_cpi_week_bi_censor_filter.R,nested:a24cd898db7c9,r,code,2555
experiments/code_repository_20260625/nested_extracted/a24cd898db7c9/5 Недельная инфляция/weekCpiR/R/common/data_cpi_week_for_iw_excel_export.R,nested:a24cd898db7c9,r,code,8371
experiments/code_repository_20260625/nested_extracted/a24cd898db7c9/5 Недельная инфляция/weekCpiR/R/common/data_cpi_week_for_iw_graphs_export.R,nested:a24cd898db7c9,r,code,12685
experiments/code_repository_20260625/nested_extracted/a24cd898db7c9/5 Недельная инфляция/weekCpiR/R/common/data_cpi_week_gu_calculate.R,nested:a24cd898db7c9,r,code,4139
experiments/code_repository_20260625/nested_extracted/a24cd898db7c9/5 Недельная инфляция/weekCpiR/R/common/data_cpi_week_measures_calculate.R,nested:a24cd898db7c9,r,code,4616
experiments/code_repository_20260625/nested_extracted/a24cd898db7c9/5 Недельная инфляция/weekCpiR/R/common/data_cpi_week_stats_calculate.R,nested:a24cd898db7c9,r,code,3674
experiments/code_repository_20260625/nested_extracted/a24cd898db7c9/5 Недельная инфляция/weekCpiR/R/common/data_cpi_week_wow_calculate.R,nested:a24cd898db7c9,r,code,3875
experiments/code_repository_20260625/nested_extracted/a24cd898db7c9/5 Недельная инфляция/weekCpiR/R/common/data_cpi_week_wow_export.R,nested:a24cd898db7c9,r,code,8329
experiments/code_repository_20260625/nested_extracted/a24cd898db7c9/5 Недельная инфляция/weekCpiR/R/common/data_cpi_week_wow_nowcast.R,nested:a24cd898db7c9,r,code,9555
experiments/code_repository_20260625/nested_extracted/a24cd898db7c9/5 Недельная инфляция/weekCpiR/R/common/loaders.R,nested:a24cd898db7c9,r,code,8920
experiments/code_repository_20260625/nested_extracted/a24cd898db7c9/5 Недельная инфляция/weekCpiR/R/common/main_reference_tables_load.R,nested:a24cd898db7c9,r,code,10917
experiments/code_repository_20260625/nested_extracted/a24cd898db7c9/5 Недельная инфляция/weekCpiR/R/common/modified_laspeyres_by_sum.R,nested:a24cd898db7c9,r,code,1616
experiments/code_repository_20260625/nested_extracted/a24cd898db7c9/5 Недельная инфляция/weekCpiR/R/common/utils.R,nested:a24cd898db7c9,r,code,23043
experiments/code_repository_20260625/nested_extracted/a24cd898db7c9/5 Недельная инфляция/weekCpiR/R/common/week_infowatch_report_plots.R,nested:a24cd898db7c9,r,code,13201
experiments/code_repository_20260625/nested_extracted/a24cd898db7c9/5 Недельная инфляция/weekCpiR/R/parsers/bi_parse_to_fedstat.R,nested:a24cd898db7c9,r,code,10591
experiments/code_repository_20260625/nested_extracted/a24cd898db7c9/5 Недельная инфляция/weekCpiR/R/parsers/showdata_parse_to_fedstat.R,nested:a24cd898db7c9,r,code,3443
experiments/code_repository_20260625/nested_extracted/a24cd898db7c9/5 Недельная инфляция/weekCpiR/R/scripts/loaders/bi_parse_prices_week_script.R,nested:a24cd898db7c9,r,code,2478
experiments/code_repository_20260625/nested_extracted/a24cd898db7c9/5 Недельная инфляция/weekCpiR/R/scripts/loaders/data_cpi_month_fedstat_load.R,nested:a24cd898db7c9,r,code,10691
experiments/code_repository_20260625/nested_extracted/a24cd898db7c9/5 Недельная инфляция/weekCpiR/R/scripts/loaders/data_cpi_week_fedstat_load.R,nested:a24cd898db7c9,r,code,8405
experiments/code_repository_20260625/nested_extracted/a24cd898db7c9/5 Недельная инфляция/weekCpiR/R/scripts/loaders/data_prices_week_fedstat_load.R,nested:a24cd898db7c9,r,code,5029
experiments/code_repository_20260625/nested_extracted/a24cd898db7c9/5 Недельная инфляция/weekCpiR/R/scripts/loaders/showdata_parse_cpi_month_script.R,nested:a24cd898db7c9,r,code,4313
experiments/code_repository_20260625/nested_extracted/a24cd898db7c9/5 Недельная инфляция/weekCpiR/R/scripts/loaders/showdata_parse_cpi_week_script.R,nested:a24cd898db7c9,r,code,4807
experiments/code_repository_20260625/nested_extracted/a24cd898db7c9/5 Недельная инфляция/weekCpiR/R/scripts/main.R,nested:a24cd898db7c9,r,code,18827
experiments/code_repository_20260625/nested_extracted/a24cd898db7c9/5 Недельная инфляция/weekCpiR/R/scripts/misc/check_weights.R,nested:a24cd898db7c9,r,code,3293
experiments/code_repository_20260625/nested_extracted/a24cd898db7c9/5 Недельная инфляция/weekCpiR/R/scripts/misc/cpi_dictionary_order.R,nested:a24cd898db7c9,r,code,2964
experiments/code_repository_20260625/nested_extracted/a24cd898db7c9/5 Недельная инфляция/weekCpiR/R/scripts/misc/tovar_weights_parse.R,nested:a24cd898db7c9,r,code,2554
experiments/code_repository_20260625/nested_extracted/a24cd898db7c9/5 Недельная инфляция/weekCpiR/R/scripts/model/catboost_model_train_wrapper.R,nested:a24cd898db7c9,r,code,6885
experiments/code_repository_20260625/nested_extracted/a24cd898db7c9/5 Недельная инфляция/weekCpiR/R/scripts/model/linear_model_train_wrapper.R,nested:a24cd898db7c9,r,code,4089
experiments/code_repository_20260625/nested_extracted/a24cd898db7c9/5 Недельная инфляция/weekCpiR/R/scripts/model/train_model_script.R,nested:a24cd898db7c9,r,code,15785
experiments/code_repository_20260625/nested_extracted/a24cd898db7c9/5 Недельная инфляция/weekCpiR/weekCpiR.Rproj,nested:a24cd898db7c9,rproj,code,218
experiments/code_repository_20260625/nested_extracted/a30cb9e65d6f9/Расчёт одномерного фильтра Калмана/Kalman filter IBVED.ipynb,nested:a30cb9e65d6f9,ipynb,code,2771
experiments/code_repository_20260625/nested_extracted/a3411331e3620/Выпуск/Выпуск.R,nested:a3411331e3620,r,code,40647
experiments/code_repository_20260625/nested_extracted/a4b19c2c5173d/Коды и база данных/ОПР2023_09_CFO.wf1,nested:a4b19c2c5173d,wf1,code,69982
experiments/code_repository_20260625/nested_extracted/a5331c69b69ea/Применение метода главных компонент и кластеризации данных/Код_кластеризация.ipynb,nested:a5331c69b69ea,ipynb,code,1116919
experiments/code_repository_20260625/nested_extracted/a5805283d7399/output_decomp/.ipynb_checkpoints/ar_to_qq-checkpoint.ipynb,nested:a5805283d7399,ipynb,code,88874
experiments/code_repository_20260625/nested_extracted/a5805283d7399/output_decomp/BayesNP (3).ipynb,nested:a5805283d7399,ipynb,code,280926
experiments/code_repository_20260625/nested_extracted/a5805283d7399/output_decomp/capital_forecast.R,nested:a5805283d7399,r,code,190
experiments/code_repository_20260625/nested_extracted/a5805283d7399/output_decomp/data_to_sa/pivot_longer.py,nested:a5805283d7399,py,code,297
experiments/code_repository_20260625/nested_extracted/a5805283d7399/output_decomp/data_to_sa/simple_backcasting.ipynb,nested:a5805283d7399,ipynb,code,273530
experiments/code_repository_20260625/nested_extracted/a5805283d7399/output_decomp/ewma.ipynb,nested:a5805283d7399,ipynb,code,184405
experiments/code_repository_20260625/nested_extracted/a5805283d7399/output_decomp/potential_output/data_preparation/annual_to_quarterly.ipynb,nested:a5805283d7399,ipynb,code,3679
experiments/code_repository_20260625/nested_extracted/a5805283d7399/output_decomp/potential_output/data_preparation/extrapolating_data.R,nested:a5805283d7399,r,code,787
experiments/code_repository_20260625/nested_extracted/a5805283d7399/output_decomp/potential_output/kalman_filter.R,nested:a5805283d7399,r,code,12009
experiments/code_repository_20260625/nested_extracted/a5805283d7399/output_decomp/potential_output/script.R,nested:a5805283d7399,r,code,16222
experiments/code_repository_20260625/nested_extracted/a5805283d7399/output_decomp/r_scripts/00_data_preparation.R,nested:a5805283d7399,r,code,620
experiments/code_repository_20260625/nested_extracted/a5805283d7399/output_decomp/r_scripts/01_model_description.R,nested:a5805283d7399,r,code,7592
experiments/code_repository_20260625/nested_extracted/a5805283d7399/output_decomp/r_scripts/02_fit_and_estimation.R,nested:a5805283d7399,r,code,7198
experiments/code_repository_20260625/nested_extracted/a5805283d7399/output_decomp/r_scripts/03_visualization.R,nested:a5805283d7399,r,code,2559
experiments/code_repository_20260625/nested_extracted/a5805283d7399/output_decomp/r_scripts/04_decomp_vis.R,nested:a5805283d7399,r,code,9434
experiments/code_repository_20260625/nested_extracted/a5805283d7399/output_decomp/r_scripts/05_forecast.R,nested:a5805283d7399,r,code,1284
experiments/code_repository_20260625/nested_extracted/a5805283d7399/output_decomp/r_scripts/06_forecast_vis.R,nested:a5805283d7399,r,code,1
experiments/code_repository_20260625/nested_extracted/a5805283d7399/output_decomp/r_scripts/output_files/crosstalk-1.2.0/js/crosstalk.js,nested:a5805283d7399,js,code,49030
experiments/code_repository_20260625/nested_extracted/a5805283d7399/output_decomp/r_scripts/output_files/crosstalk-1.2.0/js/crosstalk.min.js,nested:a5805283d7399,js,code,18925
experiments/code_repository_20260625/nested_extracted/a5805283d7399/output_decomp/r_scripts/output_files/htmlwidgets-1.6.2/htmlwidgets.js,nested:a5805283d7399,js,code,33190
experiments/code_repository_20260625/nested_extracted/a5805283d7399/output_decomp/r_scripts/output_files/jquery-3.5.1/jquery.js,nested:a5805283d7399,js,code,287630
experiments/code_repository_20260625/nested_extracted/a5805283d7399/output_decomp/r_scripts/output_files/jquery-3.5.1/jquery.min.js,nested:a5805283d7399,js,code,89476
experiments/code_repository_20260625/nested_extracted/a5805283d7399/output_decomp/r_scripts/output_files/output.R,nested:a5805283d7399,r,code,0
experiments/code_repository_20260625/nested_extracted/a5805283d7399/output_decomp/r_scripts/output_files/plotly-binding-4.10.2/plotly.js,nested:a5805283d7399,js,code,33758
experiments/code_repository_20260625/nested_extracted/a5805283d7399/output_decomp/r_scripts/output_files/plotly-main-2.11.1/plotly-latest.min.js,nested:a5805283d7399,js,code,3665833
experiments/code_repository_20260625/nested_extracted/a5805283d7399/output_decomp/r_scripts/output_files/typedarray-0.1/typedarray.min.js,nested:a5805283d7399,js,code,22444
experiments/code_repository_20260625/nested_extracted/a5a958227346d/СЭП_Магадан/Magadan_sripts_econom.prg,nested:a5a958227346d,prg,code,17743
experiments/code_repository_20260625/nested_extracted/a65dee457d977/ARIMA_Perm/forec_inf_base_itog.prg,nested:a65dee457d977,prg,code,1310
experiments/code_repository_20260625/nested_extracted/a65dee457d977/ARIMA_Perm/forec_neprod_base.prg,nested:a65dee457d977,prg,code,1826
experiments/code_repository_20260625/nested_extracted/a65dee457d977/ARIMA_Perm/forec_prod_base.prg,nested:a65dee457d977,prg,code,2342
experiments/code_repository_20260625/nested_extracted/a65dee457d977/ARIMA_Perm/forec_usl_base.prg,nested:a65dee457d977,prg,code,1512
experiments/code_repository_20260625/nested_extracted/a65dee457d977/ARIMA_Perm/ipc.wf1,nested:a65dee457d977,wf1,code,60073
experiments/code_repository_20260625/nested_extracted/a65dee457d977/ARIMA_Perm/neprod.wf1,nested:a65dee457d977,wf1,code,72740
experiments/code_repository_20260625/nested_extracted/a65dee457d977/ARIMA_Perm/prod.wf1,nested:a65dee457d977,wf1,code,63474
experiments/code_repository_20260625/nested_extracted/a65dee457d977/ARIMA_Perm/usl.wf1,nested:a65dee457d977,wf1,code,57325
experiments/code_repository_20260625/nested_extracted/a76a485a2f47f/ARMA_Биробиджан/Скрипт_ARMA.prg,nested:a76a485a2f47f,prg,code,2168
experiments/code_repository_20260625/nested_extracted/a7a03de241c2a/Выпуск_Магадан/Magadan_sripts_spros.prg,nested:a7a03de241c2a,prg,code,4678
experiments/code_repository_20260625/nested_extracted/a7d6b9f4ef455/ВВГУ_Саратов_КСП инфляции/var.prg,nested:a7d6b9f4ef455,prg,code,1228
experiments/code_repository_20260625/nested_extracted/a83e1b4a50170/Сезонная корректировка_ДГУ_R/NMFI_SA/NMFI_SA.Rproj,nested:a83e1b4a50170,rproj,code,218
experiments/code_repository_20260625/nested_extracted/a83e1b4a50170/Сезонная корректировка_ДГУ_R/NMFI_SA/R/analysis_NMFI.R,nested:a83e1b4a50170,r,code,17336
experiments/code_repository_20260625/nested_extracted/a83e1b4a50170/Сезонная корректировка_ДГУ_R/NMFI_SA/R/laspeyres_by_sum.R,nested:a83e1b4a50170,r,code,1355
experiments/code_repository_20260625/nested_extracted/a83e1b4a50170/Сезонная корректировка_ДГУ_R/NMFI_SA/R/loaders.R,nested:a83e1b4a50170,r,code,5972
experiments/code_repository_20260625/nested_extracted/a83e1b4a50170/Сезонная корректировка_ДГУ_R/NMFI_SA/R/main.R,nested:a83e1b4a50170,r,code,25592
experiments/code_repository_20260625/nested_extracted/a83e1b4a50170/Сезонная корректировка_ДГУ_R/NMFI_SA/R/main_reference_tables_load.R,nested:a83e1b4a50170,r,code,5416
experiments/code_repository_20260625/nested_extracted/a83e1b4a50170/Сезонная корректировка_ДГУ_R/NMFI_SA/R/seasonal_wrapper.R,nested:a83e1b4a50170,r,code,1870
experiments/code_repository_20260625/nested_extracted/a83e1b4a50170/Сезонная корректировка_ДГУ_R/NMFI_SA/R/utils.R,nested:a83e1b4a50170,r,code,13256
experiments/code_repository_20260625/nested_extracted/a83e1b4a50170/Сезонная корректировка_ДГУ_R/NMFI_SA/R/yoy_optimizer.R,nested:a83e1b4a50170,r,code,4100
experiments/code_repository_20260625/nested_extracted/a8dceef0607a0/ИПЦ_Магадан/Magadan_sripts_cpi.prg,nested:a8dceef0607a0,prg,code,10685
experiments/code_repository_20260625/nested_extracted/a90d6955e5dfb/ВАР_ДВМР/arima_vrp.prg,nested:a90d6955e5dfb,prg,code,152
experiments/code_repository_20260625/nested_extracted/a90d6955e5dfb/ВАР_ДВМР/test_var.prg,nested:a90d6955e5dfb,prg,code,8898
experiments/code_repository_20260625/nested_extracted/a90d6955e5dfb/ВАР_ДВМР/vrp.wf1,nested:a90d6955e5dfb,wf1,code,21636155
experiments/code_repository_20260625/nested_extracted/a90d6955e5dfb/ВАР_ДВМР/данные.wf1,nested:a90d6955e5dfb,wf1,code,329064
experiments/code_repository_20260625/nested_extracted/a91e667c12a0f/4 КПМ/QPM_DVMR/DVMR_FORECAST_FULL.m,nested:a91e667c12a0f,m,code,54261
experiments/code_repository_20260625/nested_extracted/a91e667c12a0f/4 КПМ/QPM_DVMR/DVMR_FORECAST_SHORT.m,nested:a91e667c12a0f,m,code,37821
experiments/code_repository_20260625/nested_extracted/a91e667c12a0f/4 КПМ/QPM_DVMR/DVMR_INSAMPLE_F.m,nested:a91e667c12a0f,m,code,4631
experiments/code_repository_20260625/nested_extracted/a91e667c12a0f/4 КПМ/QPM_DVMR/DVMR_OPR_FILTER_dec.m,nested:a91e667c12a0f,m,code,22036
experiments/code_repository_20260625/nested_extracted/a91e667c12a0f/4 КПМ/QPM_DVMR/DVMR_OPR_MODELPROPERTIES.m,nested:a91e667c12a0f,m,code,9068
experiments/code_repository_20260625/nested_extracted/a91e667c12a0f/4 КПМ/QPM_DVMR/DVMR_OPR_READMODEL.m,nested:a91e667c12a0f,m,code,13108
experiments/code_repository_20260625/nested_extracted/a91e667c12a0f/4 КПМ/QPM_DVMR/DVMR_OPR__ML_ESTIMATE.m,nested:a91e667c12a0f,m,code,12879
experiments/code_repository_20260625/nested_extracted/a938d3e57df1b/Построение функции импульсных откликов в модели PVAR/Исходные данные/test_data.WF1,nested:a938d3e57df1b,wf1,code,24224
experiments/code_repository_20260625/nested_extracted/a938d3e57df1b/Построение функции импульсных откликов в модели PVAR/Код/pvar_oirf.prg,nested:a938d3e57df1b,prg,code,1611
experiments/code_repository_20260625/nested_extracted/a9c66f72e388c/Комбинированный прогноз ИПЦ моделей машинного обучения/forecasts/Ensembles.Rmd,nested:a9c66f72e388c,rmd,code,2152
experiments/code_repository_20260625/nested_extracted/a9c66f72e388c/Комбинированный прогноз ИПЦ моделей машинного обучения/forecasts/Neural network.Rmd,nested:a9c66f72e388c,rmd,code,3648
experiments/code_repository_20260625/nested_extracted/a9c66f72e388c/Комбинированный прогноз ИПЦ моделей машинного обучения/forecasts/Random forest.Rmd,nested:a9c66f72e388c,rmd,code,3350
experiments/code_repository_20260625/nested_extracted/a9c66f72e388c/Комбинированный прогноз ИПЦ моделей машинного обучения/forecasts/SVM.Rmd,nested:a9c66f72e388c,rmd,code,3266
experiments/code_repository_20260625/nested_extracted/a9c66f72e388c/Комбинированный прогноз ИПЦ моделей машинного обучения/forecasts/XGB.Rmd,nested:a9c66f72e388c,rmd,code,3707
experiments/code_repository_20260625/nested_extracted/a9c66f72e388c/Комбинированный прогноз ИПЦ моделей машинного обучения/forecasts/kNN.Rmd,nested:a9c66f72e388c,rmd,code,3627
experiments/code_repository_20260625/nested_extracted/a9c66f72e388c/Комбинированный прогноз ИПЦ моделей машинного обучения/methodology.Rmd,nested:a9c66f72e388c,rmd,code,3115
experiments/code_repository_20260625/nested_extracted/a9c66f72e388c/Комбинированный прогноз ИПЦ моделей машинного обучения/results.Rmd,nested:a9c66f72e388c,rmd,code,5445
experiments/code_repository_20260625/nested_extracted/a9c66f72e388c/Комбинированный прогноз ИПЦ моделей машинного обучения/results/analysis.Rmd,nested:a9c66f72e388c,rmd,code,7423
experiments/code_repository_20260625/nested_extracted/a9c66f72e388c/Комбинированный прогноз ИПЦ моделей машинного обучения/results/analysis/ranking.Rmd,nested:a9c66f72e388c,rmd,code,1525
experiments/code_repository_20260625/nested_extracted/a9dc655ed6e18/VAR_Perm/var_perm.prg,nested:a9dc655ed6e18,prg,code,3628
experiments/code_repository_20260625/nested_extracted/a9dc655ed6e18/VAR_Perm/var_perm.wf1,nested:a9dc655ed6e18,wf1,code,97099
experiments/code_repository_20260625/nested_extracted/a9f2976b6e29a/ВВГУ_ЭУ_Обработка данных МП/monitor.R,nested:a9f2976b6e29a,r,code,6867
experiments/code_repository_20260625/nested_extracted/aa27c6e220bad/ARIMA_Биробиджан/Скрипт_ARIMA.prg,nested:aa27c6e220bad,prg,code,2087
experiments/code_repository_20260625/nested_extracted/aa2d4ae9d6285/main.ipynb,nested:aa2d4ae9d6285,ipynb,code,11017
experiments/code_repository_20260625/nested_extracted/aa972a9a24e63/Сглаживание ИПЦ/main.R,nested:aa972a9a24e63,r,code,4421
experiments/code_repository_20260625/nested_extracted/ab2b35c6e5c3c/Сглаживание НЗП РЗП/run_base_salary.prg,nested:ab2b35c6e5c3c,prg,code,3285
experiments/code_repository_20260625/nested_extracted/ab8b13e957e65/ВВГУ_ЭУ_Подготовка данных для КСП выпуска/make_vintage.R,nested:ab8b13e957e65,r,code,8221
experiments/code_repository_20260625/nested_extracted/ab908e4169c60/2 ВРП/arima_vrp.prg,nested:ab908e4169c60,prg,code,152
experiments/code_repository_20260625/nested_extracted/ab908e4169c60/2 ВРП/import_vrp.prg,nested:ab908e4169c60,prg,code,32693
experiments/code_repository_20260625/nested_extracted/ab908e4169c60/2 ВРП/test_vrp.prg,nested:ab908e4169c60,prg,code,11616
experiments/code_repository_20260625/nested_extracted/ab908e4169c60/2 ВРП/vrp.wf1,nested:ab908e4169c60,wf1,code,21636155
experiments/code_repository_20260625/nested_extracted/ac2294d8a53ba/ARDL_Челябинск/model_cfr_10_2023.wf1,nested:ac2294d8a53ba,wf1,code,78226
experiments/code_repository_20260625/nested_extracted/acc974ce82ab0/Объем морских перевозок грузов SA/R/load_fedstat.R,nested:acc974ce82ab0,r,code,1819
experiments/code_repository_20260625/nested_extracted/acc974ce82ab0/Объем морских перевозок грузов SA/R/main.R,nested:acc974ce82ab0,r,code,12424
experiments/code_repository_20260625/nested_extracted/acf08d95a9057/Преобразование данных из Excel в длинный панельный набор данных с использованием R/code.R,nested:acf08d95a9057,r,code,2626
experiments/code_repository_20260625/nested_extracted/ad0459a615c6b/ВВГУ_Мордовия_КСП инфляции EViews/cpi_mord.prg,nested:ad0459a615c6b,prg,code,4389
experiments/code_repository_20260625/nested_extracted/ad21529ad3a3e/ВВГУ_ЭУ_Недельные данные по льготной ипотеке/parse_domrf.R,nested:ad21529ad3a3e,r,code,2262
experiments/code_repository_20260625/nested_extracted/adbb010e3b1c5/Коды и база/QPM/BAYES.m,nested:adbb010e3b1c5,m,code,8987
experiments/code_repository_20260625/nested_extracted/adbb010e3b1c5/Коды и база/QPM/a0_filter_external.m,nested:adbb010e3b1c5,m,code,3377
experiments/code_repository_20260625/nested_extracted/adbb010e3b1c5/Коды и база/QPM/a0_forecast_external.m,nested:adbb010e3b1c5,m,code,3756
experiments/code_repository_20260625/nested_extracted/adbb010e3b1c5/Коды и база/QPM/a1_filter.m,nested:adbb010e3b1c5,m,code,4664
experiments/code_repository_20260625/nested_extracted/adbb010e3b1c5/Коды и база/QPM/a1_filter_calibr_mult.m,nested:adbb010e3b1c5,m,code,3387
experiments/code_repository_20260625/nested_extracted/adbb010e3b1c5/Коды и база/QPM/a2_forecast.m,nested:adbb010e3b1c5,m,code,7193
experiments/code_repository_20260625/nested_extracted/adbb010e3b1c5/Коды и база/QPM/a3_alternative.m,nested:adbb010e3b1c5,m,code,7311
experiments/code_repository_20260625/nested_extracted/adbb010e3b1c5/Коды и база/QPM/a3_alternative_all.m,nested:adbb010e3b1c5,m,code,10777
experiments/code_repository_20260625/nested_extracted/adbb010e3b1c5/Коды и база/QPM/a3_alternative_standart.m,nested:adbb010e3b1c5,m,code,10776
experiments/code_repository_20260625/nested_extracted/adbb010e3b1c5/Коды и база/QPM/a_general_settings.m,nested:adbb010e3b1c5,m,code,2116
experiments/code_repository_20260625/nested_extracted/adbb010e3b1c5/Коды и база/QPM/all_fcastdb.m,nested:adbb010e3b1c5,m,code,1722
experiments/code_repository_20260625/nested_extracted/adbb010e3b1c5/Коды и база/QPM/estimate_external.m,nested:adbb010e3b1c5,m,code,13939
experiments/code_repository_20260625/nested_extracted/adbb010e3b1c5/Коды и база/QPM/estimate_ru.m,nested:adbb010e3b1c5,m,code,10699
experiments/code_repository_20260625/nested_extracted/adbb010e3b1c5/Коды и база/QPM/estimate_temp.m,nested:adbb010e3b1c5,m,code,7463
experiments/code_repository_20260625/nested_extracted/adbb010e3b1c5/Коды и база/QPM/models/ext_setparam.m,nested:adbb010e3b1c5,m,code,9093
experiments/code_repository_20260625/nested_extracted/adbb010e3b1c5/Коды и база/QPM/models/ru_setparam.m,nested:adbb010e3b1c5,m,code,7177
experiments/code_repository_20260625/nested_extracted/adbb010e3b1c5/Коды и база/QPM/models/trade_matrices/ext_trade_matrix.m,nested:adbb010e3b1c5,m,code,3090
experiments/code_repository_20260625/nested_extracted/adbb010e3b1c5/Коды и база/QPM/models/trade_matrices/ru_trade_matrix.m,nested:adbb010e3b1c5,m,code,3723
experiments/code_repository_20260625/nested_extracted/adbb010e3b1c5/Коды и база/QPM/qqqqq.m,nested:adbb010e3b1c5,m,code,13329
experiments/code_repository_20260625/nested_extracted/adbb010e3b1c5/Коды и база/QPM/reportmodel.m,nested:adbb010e3b1c5,m,code,3767
experiments/code_repository_20260625/nested_extracted/adbb010e3b1c5/Коды и база/QPM/results/ext/fcast_archive/ext_setfcast_aug8_10h0m.m,nested:adbb010e3b1c5,m,code,11463
experiments/code_repository_20260625/nested_extracted/adbb010e3b1c5/Коды и база/QPM/results/ext/fcast_archive/ext_setfcast_aug8_10h40m.m,nested:adbb010e3b1c5,m,code,11463
experiments/code_repository_20260625/nested_extracted/adbb010e3b1c5/Коды и база/QPM/results/ext/fcast_archive/ext_setfcast_aug8_12h20m.m,nested:adbb010e3b1c5,m,code,11463
experiments/code_repository_20260625/nested_extracted/adbb010e3b1c5/Коды и база/QPM/results/ext/fcast_archive/ext_setfcast_dec12_12h10m.m,nested:adbb010e3b1c5,m,code,11151
experiments/code_repository_20260625/nested_extracted/adbb010e3b1c5/Коды и база/QPM/results/ext/fcast_archive/ext_setfcast_dec12_12h20m.m,nested:adbb010e3b1c5,m,code,11395
experiments/code_repository_20260625/nested_extracted/adbb010e3b1c5/Коды и база/QPM/results/ext/fcast_archive/ext_setfcast_dec12_12h26m.m,nested:adbb010e3b1c5,m,code,11383
experiments/code_repository_20260625/nested_extracted/adbb010e3b1c5/Коды и база/QPM/results/ext/fcast_archive/ext_setfcast_dec12_12h31m.m,nested:adbb010e3b1c5,m,code,11381
experiments/code_repository_20260625/nested_extracted/adbb010e3b1c5/Коды и база/QPM/results/ext/fcast_archive/ext_setfcast_dec12_13h11m.m,nested:adbb010e3b1c5,m,code,11381
experiments/code_repository_20260625/nested_extracted/adbb010e3b1c5/Коды и база/QPM/results/ext/fcast_archive/ext_setfcast_dec12_13h22m.m,nested:adbb010e3b1c5,m,code,11411
experiments/code_repository_20260625/nested_extracted/adbb010e3b1c5/Коды и база/QPM/results/ext/fcast_archive/ext_setfcast_dec12_13h29m.m,nested:adbb010e3b1c5,m,code,11453
experiments/code_repository_20260625/nested_extracted/adbb010e3b1c5/Коды и база/QPM/results/ext/fcast_archive/ext_setfcast_dec12_13h37m.m,nested:adbb010e3b1c5,m,code,11476
experiments/code_repository_20260625/nested_extracted/adbb010e3b1c5/Коды и база/QPM/results/ext/fcast_archive/ext_setfcast_dec12_13h45m.m,nested:adbb010e3b1c5,m,code,11509
experiments/code_repository_20260625/nested_extracted/adbb010e3b1c5/Коды и база/QPM/results/ext/fcast_archive/ext_setfcast_dec12_13h51m.m,nested:adbb010e3b1c5,m,code,11573
experiments/code_repository_20260625/nested_extracted/adbb010e3b1c5/Коды и база/QPM/results/ext/fcast_archive/ext_setfcast_dec12_13h52m.m,nested:adbb010e3b1c5,m,code,11381
experiments/code_repository_20260625/nested_extracted/adbb010e3b1c5/Коды и база/QPM/results/ext/fcast_archive/ext_setfcast_dec12_14h55m.m,nested:adbb010e3b1c5,m,code,11574
experiments/code_repository_20260625/nested_extracted/adbb010e3b1c5/Коды и база/QPM/results/ext/fcast_archive/ext_setfcast_dec12_15h12m.m,nested:adbb010e3b1c5,m,code,11574
experiments/code_repository_20260625/nested_extracted/adbb010e3b1c5/Коды и база/QPM/results/ext/fcast_archive/ext_setfcast_dec12_15h1m.m,nested:adbb010e3b1c5,m,code,11574
experiments/code_repository_20260625/nested_extracted/adbb010e3b1c5/Коды и база/QPM/results/ext/fcast_archive/ext_setfcast_dec12_15h7m.m,nested:adbb010e3b1c5,m,code,11574
experiments/code_repository_20260625/nested_extracted/adbb010e3b1c5/Коды и база/QPM/results/ext/fcast_archive/ext_setfcast_jan1_11h32m.m,nested:adbb010e3b1c5,m,code,11522
experiments/code_repository_20260625/nested_extracted/adbb010e3b1c5/Коды и база/QPM/results/ext/fcast_archive/ext_setfcast_jul7_11h39m.m,nested:adbb010e3b1c5,m,code,11407
experiments/code_repository_20260625/nested_extracted/adbb010e3b1c5/Коды и база/QPM/results/ext/fcast_archive/ext_setfcast_jul7_12h19m.m,nested:adbb010e3b1c5,m,code,11423
experiments/code_repository_20260625/nested_extracted/adbb010e3b1c5/Коды и база/QPM/results/ext/fcast_archive/ext_setfcast_jul7_12h28m.m,nested:adbb010e3b1c5,m,code,11423
experiments/code_repository_20260625/nested_extracted/adbb010e3b1c5/Коды и база/QPM/results/ext/fcast_archive/ext_setfcast_jul7_12h39m.m,nested:adbb010e3b1c5,m,code,11423
experiments/code_repository_20260625/nested_extracted/adbb010e3b1c5/Коды и база/QPM/results/ext/fcast_archive/ext_setfcast_jul7_12h47m.m,nested:adbb010e3b1c5,m,code,11421
experiments/code_repository_20260625/nested_extracted/adbb010e3b1c5/Коды и база/QPM/results/ext/fcast_archive/ext_setfcast_jul7_12h53m.m,nested:adbb010e3b1c5,m,code,11437
experiments/code_repository_20260625/nested_extracted/adbb010e3b1c5/Коды и база/QPM/results/ext/fcast_archive/ext_setfcast_jul7_13h12m.m,nested:adbb010e3b1c5,m,code,11463
experiments/code_repository_20260625/nested_extracted/adbb010e3b1c5/Коды и база/QPM/results/ext/fcast_archive/ext_setfcast_jul7_13h18m.m,nested:adbb010e3b1c5,m,code,11519
experiments/code_repository_20260625/nested_extracted/adbb010e3b1c5/Коды и база/QPM/results/ext/fcast_archive/ext_setfcast_jul7_13h1m.m,nested:adbb010e3b1c5,m,code,11491
experiments/code_repository_20260625/nested_extracted/adbb010e3b1c5/Коды и база/QPM/results/ext/fcast_archive/ext_setfcast_jul7_13h30m.m,nested:adbb010e3b1c5,m,code,11523
experiments/code_repository_20260625/nested_extracted/adbb010e3b1c5/Коды и база/QPM/results/ext/fcast_archive/ext_setfcast_jul7_13h7m.m,nested:adbb010e3b1c5,m,code,11491
experiments/code_repository_20260625/nested_extracted/adbb010e3b1c5/Коды и база/QPM/results/ext/fcast_archive/ext_setfcast_jul7_15h23m.m,nested:adbb010e3b1c5,m,code,11523
experiments/code_repository_20260625/nested_extracted/adbb010e3b1c5/Коды и база/QPM/results/ext/fcast_archive/ext_setfcast_jul7_15h36m.m,nested:adbb010e3b1c5,m,code,11523
experiments/code_repository_20260625/nested_extracted/adbb010e3b1c5/Коды и база/QPM/results/ext/fcast_archive/ext_setfcast_jul7_15h53m.m,nested:adbb010e3b1c5,m,code,11463
experiments/code_repository_20260625/nested_extracted/adbb010e3b1c5/Коды и база/QPM/results/ext/fcast_archive/ext_setfcast_jun6_11h33m.m,nested:adbb010e3b1c5,m,code,11418
experiments/code_repository_20260625/nested_extracted/adbb010e3b1c5/Коды и база/QPM/results/ext/fcast_archive/ext_setfcast_jun6_11h48m.m,nested:adbb010e3b1c5,m,code,11418
experiments/code_repository_20260625/nested_extracted/adbb010e3b1c5/Коды и база/QPM/results/ext/fcast_archive/ext_setfcast_jun6_11h55m.m,nested:adbb010e3b1c5,m,code,11418
experiments/code_repository_20260625/nested_extracted/adbb010e3b1c5/Коды и база/QPM/results/ext/fcast_archive/ext_setfcast_jun6_12h0m.m,nested:adbb010e3b1c5,m,code,11162
experiments/code_repository_20260625/nested_extracted/adbb010e3b1c5/Коды и база/QPM/results/ext/fcast_archive/ext_setfcast_jun6_12h13m.m,nested:adbb010e3b1c5,m,code,11418
experiments/code_repository_20260625/nested_extracted/adbb010e3b1c5/Коды и база/QPM/results/ext/fcast_archive/ext_setfcast_jun6_12h25m.m,nested:adbb010e3b1c5,m,code,11162
experiments/code_repository_20260625/nested_extracted/adbb010e3b1c5/Коды и база/QPM/results/ext/fcast_archive/ext_setfcast_jun6_12h56m.m,nested:adbb010e3b1c5,m,code,11204
experiments/code_repository_20260625/nested_extracted/adbb010e3b1c5/Коды и база/QPM/results/ext/fcast_archive/ext_setfcast_jun6_12h5m.m,nested:adbb010e3b1c5,m,code,11162
experiments/code_repository_20260625/nested_extracted/adbb010e3b1c5/Коды и база/QPM/results/ext/fcast_archive/ext_setfcast_jun6_13h30m.m,nested:adbb010e3b1c5,m,code,11416
experiments/code_repository_20260625/nested_extracted/adbb010e3b1c5/Коды и база/QPM/results/ext/fcast_archive/ext_setfcast_jun6_13h3m.m,nested:adbb010e3b1c5,m,code,11418
experiments/code_repository_20260625/nested_extracted/adbb010e3b1c5/Коды и база/QPM/results/ext/fcast_archive/ext_setfcast_jun6_13h45m.m,nested:adbb010e3b1c5,m,code,11415
experiments/code_repository_20260625/nested_extracted/adbb010e3b1c5/Коды и база/QPM/results/ext/fcast_archive/ext_setfcast_jun6_13h57m.m,nested:adbb010e3b1c5,m,code,11418
experiments/code_repository_20260625/nested_extracted/adbb010e3b1c5/Коды и база/QPM/results/ext/fcast_archive/ext_setfcast_jun6_14h6m.m,nested:adbb010e3b1c5,m,code,11418
experiments/code_repository_20260625/nested_extracted/adbb010e3b1c5/Коды и база/QPM/results/ext/fcast_archive/ext_setfcast_jun6_17h14m.m,nested:adbb010e3b1c5,m,code,11418
experiments/code_repository_20260625/nested_extracted/adbb010e3b1c5/Коды и база/QPM/results/ext/fcast_archive/ext_setfcast_jun6_17h1m.m,nested:adbb010e3b1c5,m,code,11418
experiments/code_repository_20260625/nested_extracted/adbb010e3b1c5/Коды и база/QPM/results/ext/fcast_archive/ext_setfcast_jun6_17h22m.m,nested:adbb010e3b1c5,m,code,11418
experiments/code_repository_20260625/nested_extracted/adbb010e3b1c5/Коды и база/QPM/results/ext/fcast_archive/ext_setfcast_jun6_17h31m.m,nested:adbb010e3b1c5,m,code,11418
experiments/code_repository_20260625/nested_extracted/adbb010e3b1c5/Коды и база/QPM/results/ext/fcast_archive/ext_setfcast_jun6_17h39m.m,nested:adbb010e3b1c5,m,code,11418
experiments/code_repository_20260625/nested_extracted/adbb010e3b1c5/Коды и база/QPM/results/ext/fcast_archive/ext_setfcast_jun6_17h54m.m,nested:adbb010e3b1c5,m,code,11445
experiments/code_repository_20260625/nested_extracted/adbb010e3b1c5/Коды и база/QPM/results/ext/fcast_archive/ext_setfcast_jun6_18h0m.m,nested:adbb010e3b1c5,m,code,11445
experiments/code_repository_20260625/nested_extracted/adbb010e3b1c5/Коды и база/QPM/results/ext/fcast_archive/ext_setfcast_jun6_18h12m.m,nested:adbb010e3b1c5,m,code,11407
experiments/code_repository_20260625/nested_extracted/adbb010e3b1c5/Коды и база/QPM/results/ext/fcast_archive/ext_setfcast_jun6_18h18m.m,nested:adbb010e3b1c5,m,code,11373
experiments/code_repository_20260625/nested_extracted/adbb010e3b1c5/Коды и база/QPM/results/ext/fcast_archive/ext_setfcast_jun6_18h28m.m,nested:adbb010e3b1c5,m,code,11407
experiments/code_repository_20260625/nested_extracted/adbb010e3b1c5/Коды и база/QPM/results/ext/fcast_archive/ext_setfcast_jun6_18h37m.m,nested:adbb010e3b1c5,m,code,11407
experiments/code_repository_20260625/nested_extracted/adbb010e3b1c5/Коды и база/QPM/results/ext/fcast_archive/ext_setfcast_may5_11h16m.m,nested:adbb010e3b1c5,m,code,11237
experiments/code_repository_20260625/nested_extracted/adbb010e3b1c5/Коды и база/QPM/results/ext/fcast_archive/ext_setfcast_may5_11h31m.m,nested:adbb010e3b1c5,m,code,11168
experiments/code_repository_20260625/nested_extracted/adbb010e3b1c5/Коды и база/QPM/results/ext/fcast_archive/ext_setfcast_may5_12h15m.m,nested:adbb010e3b1c5,m,code,11168
experiments/code_repository_20260625/nested_extracted/adbb010e3b1c5/Коды и база/QPM/results/ext/fcast_archive/ext_setfcast_may5_12h37m.m,nested:adbb010e3b1c5,m,code,11166
experiments/code_repository_20260625/nested_extracted/adbb010e3b1c5/Коды и база/QPM/results/ext/fcast_archive/ext_setfcast_may5_12h42m.m,nested:adbb010e3b1c5,m,code,11166
experiments/code_repository_20260625/nested_extracted/adbb010e3b1c5/Коды и база/QPM/results/ext/fcast_archive/ext_setfcast_may5_12h46m.m,nested:adbb010e3b1c5,m,code,11165
experiments/code_repository_20260625/nested_extracted/adbb010e3b1c5/Коды и база/QPM/results/ext/fcast_archive/ext_setfcast_may5_12h50m.m,nested:adbb010e3b1c5,m,code,11166
experiments/code_repository_20260625/nested_extracted/adbb010e3b1c5/Коды и база/QPM/results/ext/fcast_archive/ext_setfcast_may5_12h51m.m,nested:adbb010e3b1c5,m,code,11166
experiments/code_repository_20260625/nested_extracted/adbb010e3b1c5/Коды и база/QPM/results/ext/fcast_archive/ext_setfcast_may5_12h56m.m,nested:adbb010e3b1c5,m,code,11166
experiments/code_repository_20260625/nested_extracted/adbb010e3b1c5/Коды и база/QPM/results/ext/fcast_archive/ext_setfcast_may5_13h0m.m,nested:adbb010e3b1c5,m,code,11166
experiments/code_repository_20260625/nested_extracted/adbb010e3b1c5/Коды и база/QPM/results/ext/fcast_archive/ext_setfcast_may5_13h15m.m,nested:adbb010e3b1c5,m,code,11166
experiments/code_repository_20260625/nested_extracted/adbb010e3b1c5/Коды и база/QPM/results/ext/fcast_archive/ext_setfcast_may5_13h37m.m,nested:adbb010e3b1c5,m,code,11166
experiments/code_repository_20260625/nested_extracted/adbb010e3b1c5/Коды и база/QPM/results/ext/fcast_archive/ext_setfcast_may5_14h18m.m,nested:adbb010e3b1c5,m,code,11168
experiments/code_repository_20260625/nested_extracted/adbb010e3b1c5/Коды и база/QPM/results/ext/fcast_archive/ext_setfcast_may5_14h29m.m,nested:adbb010e3b1c5,m,code,11164
experiments/code_repository_20260625/nested_extracted/adbb010e3b1c5/Коды и база/QPM/results/ext/fcast_archive/ext_setfcast_may5_14h34m.m,nested:adbb010e3b1c5,m,code,11163
experiments/code_repository_20260625/nested_extracted/adbb010e3b1c5/Коды и база/QPM/results/ext/fcast_archive/ext_setfcast_may5_14h45m.m,nested:adbb010e3b1c5,m,code,11165
experiments/code_repository_20260625/nested_extracted/adbb010e3b1c5/Коды и база/QPM/results/ext/fcast_archive/ext_setfcast_may5_14h58m.m,nested:adbb010e3b1c5,m,code,11165
experiments/code_repository_20260625/nested_extracted/adbb010e3b1c5/Коды и база/QPM/results/ext/fcast_archive/ext_setfcast_may5_15h4m.m,nested:adbb010e3b1c5,m,code,11166
experiments/code_repository_20260625/nested_extracted/adbb010e3b1c5/Коды и база/QPM/results/ext/fcast_archive/ext_setfcast_may5_18h25m.m,nested:adbb010e3b1c5,m,code,11166
experiments/code_repository_20260625/nested_extracted/adbb010e3b1c5/Коды и база/QPM/results/ext/fcast_archive/ext_setfcast_may5_18h34m.m,nested:adbb010e3b1c5,m,code,11166
experiments/code_repository_20260625/nested_extracted/adbb010e3b1c5/Коды и база/QPM/results/ext/fcast_archive/ext_setfcast_may5_19h16m.m,nested:adbb010e3b1c5,m,code,11166
experiments/code_repository_20260625/nested_extracted/adbb010e3b1c5/Коды и база/QPM/results/ext/fcast_archive/ext_setfcast_may5_19h17m.m,nested:adbb010e3b1c5,m,code,11165
experiments/code_repository_20260625/nested_extracted/adbb010e3b1c5/Коды и база/QPM/results/ext/fcast_archive/ext_setfcast_may5_19h34m.m,nested:adbb010e3b1c5,m,code,11166
experiments/code_repository_20260625/nested_extracted/adbb010e3b1c5/Коды и база/QPM/results/ext/fcast_archive/ext_setfcast_may5_19h40m.m,nested:adbb010e3b1c5,m,code,11166
experiments/code_repository_20260625/nested_extracted/adbb010e3b1c5/Коды и база/QPM/results/ext/fcast_archive/ext_setfcast_may5_20h20m.m,nested:adbb010e3b1c5,m,code,11326
experiments/code_repository_20260625/nested_extracted/adbb010e3b1c5/Коды и база/QPM/results/ext/fcast_archive/ext_setfcast_may5_20h37m.m,nested:adbb010e3b1c5,m,code,11166
experiments/code_repository_20260625/nested_extracted/adbb010e3b1c5/Коды и база/QPM/results/ext/fcast_archive/ext_setfcast_may5_21h43m.m,nested:adbb010e3b1c5,m,code,11166
experiments/code_repository_20260625/nested_extracted/adbb010e3b1c5/Коды и база/QPM/results/ext/fcast_archive/ext_setfcast_nov11_12h28m.m,nested:adbb010e3b1c5,m,code,11133
experiments/code_repository_20260625/nested_extracted/adbb010e3b1c5/Коды и база/QPM/results/ext/fcast_archive/ext_setfcast_nov11_12h44m.m,nested:adbb010e3b1c5,m,code,11137
experiments/code_repository_20260625/nested_extracted/adbb010e3b1c5/Коды и база/QPM/results/ext/fcast_archive/ext_setfcast_nov11_13h17m.m,nested:adbb010e3b1c5,m,code,11137
experiments/code_repository_20260625/nested_extracted/adbb010e3b1c5/Коды и база/QPM/results/ext/fcast_archive/ext_setfcast_nov11_18h31m.m,nested:adbb010e3b1c5,m,code,11137
experiments/code_repository_20260625/nested_extracted/adbb010e3b1c5/Коды и база/QPM/results/ext/fcast_archive/ext_setfcast_nov11_18h56m.m,nested:adbb010e3b1c5,m,code,11137
experiments/code_repository_20260625/nested_extracted/adbb010e3b1c5/Коды и база/QPM/results/ext/fcast_archive/ext_setfcast_nov11_19h18m.m,nested:adbb010e3b1c5,m,code,11136
experiments/code_repository_20260625/nested_extracted/adbb010e3b1c5/Коды и база/QPM/results/ext/fcast_archive/ext_setfcast_nov11_19h31m.m,nested:adbb010e3b1c5,m,code,11148
experiments/code_repository_20260625/nested_extracted/adbb010e3b1c5/Коды и база/QPM/results/ext/fcast_archive/ext_setfcast_nov11_19h39m.m,nested:adbb010e3b1c5,m,code,11148
experiments/code_repository_20260625/nested_extracted/adbb010e3b1c5/Коды и база/QPM/results/ext/fcast_archive/ext_setfcast_oct10_10h15m.m,nested:adbb010e3b1c5,m,code,11427
experiments/code_repository_20260625/nested_extracted/adbb010e3b1c5/Коды и база/QPM/results/ext/fcast_archive/ext_setfcast_oct10_10h24m.m,nested:adbb010e3b1c5,m,code,11427
experiments/code_repository_20260625/nested_extracted/adbb010e3b1c5/Коды и база/QPM/results/ext/fcast_archive/ext_setfcast_oct10_10h31m.m,nested:adbb010e3b1c5,m,code,11426
experiments/code_repository_20260625/nested_extracted/adbb010e3b1c5/Коды и база/QPM/results/ext/fcast_archive/ext_setfcast_oct10_10h37m.m,nested:adbb010e3b1c5,m,code,11425
experiments/code_repository_20260625/nested_extracted/adbb010e3b1c5/Коды и база/QPM/results/ext/fcast_archive/ext_setfcast_oct10_10h42m.m,nested:adbb010e3b1c5,m,code,11425
experiments/code_repository_20260625/nested_extracted/adbb010e3b1c5/Коды и база/QPM/results/ext/fcast_archive/ext_setfcast_oct10_10h47m.m,nested:adbb010e3b1c5,m,code,11426
experiments/code_repository_20260625/nested_extracted/adbb010e3b1c5/Коды и база/QPM/results/ext/fcast_archive/ext_setfcast_oct10_10h4m.m,nested:adbb010e3b1c5,m,code,11427
experiments/code_repository_20260625/nested_extracted/adbb010e3b1c5/Коды и база/QPM/results/ext/fcast_archive/ext_setfcast_oct10_10h53m.m,nested:adbb010e3b1c5,m,code,11426
experiments/code_repository_20260625/nested_extracted/adbb010e3b1c5/Коды и база/QPM/results/ext/fcast_archive/ext_setfcast_oct10_12h19m.m,nested:adbb010e3b1c5,m,code,11428
experiments/code_repository_20260625/nested_extracted/adbb010e3b1c5/Коды и база/QPM/results/ext/fcast_archive/ext_setfcast_oct10_12h8m.m,nested:adbb010e3b1c5,m,code,11428
experiments/code_repository_20260625/nested_extracted/adbb010e3b1c5/Коды и база/QPM/results/ext/fcast_archive/ext_setfcast_oct10_13h30m.m,nested:adbb010e3b1c5,m,code,11429
experiments/code_repository_20260625/nested_extracted/adbb010e3b1c5/Коды и база/QPM/results/ext/fcast_archive/ext_setfcast_oct10_14h17m.m,nested:adbb010e3b1c5,m,code,11427
experiments/code_repository_20260625/nested_extracted/adbb010e3b1c5/Коды и база/QPM/results/ext/fcast_archive/ext_setfcast_oct10_14h18m.m,nested:adbb010e3b1c5,m,code,11429
experiments/code_repository_20260625/nested_extracted/adbb010e3b1c5/Коды и база/QPM/results/ext/fcast_archive/ext_setfcast_oct10_14h27m.m,nested:adbb010e3b1c5,m,code,11429
experiments/code_repository_20260625/nested_extracted/adbb010e3b1c5/Коды и база/QPM/results/ext/fcast_archive/ext_setfcast_oct10_14h32m.m,nested:adbb010e3b1c5,m,code,11429
experiments/code_repository_20260625/nested_extracted/adbb010e3b1c5/Коды и база/QPM/results/ext/fcast_archive/ext_setfcast_oct10_14h35m.m,nested:adbb010e3b1c5,m,code,11427
experiments/code_repository_20260625/nested_extracted/adbb010e3b1c5/Коды и база/QPM/results/ext/fcast_archive/ext_setfcast_oct10_14h46m.m,nested:adbb010e3b1c5,m,code,11428
experiments/code_repository_20260625/nested_extracted/adbb010e3b1c5/Коды и база/QPM/results/ext/fcast_archive/ext_setfcast_oct10_15h17m.m,nested:adbb010e3b1c5,m,code,11428
experiments/code_repository_20260625/nested_extracted/adbb010e3b1c5/Коды и база/QPM/results/ext/fcast_archive/ext_setfcast_oct10_15h29m.m,nested:adbb010e3b1c5,m,code,11429
experiments/code_repository_20260625/nested_extracted/adbb010e3b1c5/Коды и база/QPM/results/ext/fcast_archive/ext_setfcast_oct10_15h4m.m,nested:adbb010e3b1c5,m,code,11428
experiments/code_repository_20260625/nested_extracted/adbb010e3b1c5/Коды и база/QPM/results/ext/fcast_archive/ext_setfcast_oct10_17h24m.m,nested:adbb010e3b1c5,m,code,11427
experiments/code_repository_20260625/nested_extracted/adbb010e3b1c5/Коды и база/QPM/results/ext/fcast_archive/ext_setfcast_oct10_17h30m.m,nested:adbb010e3b1c5,m,code,11427
experiments/code_repository_20260625/nested_extracted/adbb010e3b1c5/Коды и база/QPM/results/ext/fcast_archive/ext_setfcast_oct10_17h35m.m,nested:adbb010e3b1c5,m,code,11427
experiments/code_repository_20260625/nested_extracted/adbb010e3b1c5/Коды и база/QPM/results/ext/fcast_archive/ext_setfcast_oct10_17h52m.m,nested:adbb010e3b1c5,m,code,11427
experiments/code_repository_20260625/nested_extracted/adbb010e3b1c5/Коды и база/QPM/results/ext/fcast_archive/ext_setfcast_oct10_17h56m.m,nested:adbb010e3b1c5,m,code,11427
experiments/code_repository_20260625/nested_extracted/adbb010e3b1c5/Коды и база/QPM/results/ext/fcast_archive/ext_setfcast_oct10_18h0m.m,nested:adbb010e3b1c5,m,code,11427
experiments/code_repository_20260625/nested_extracted/adbb010e3b1c5/Коды и база/QPM/results/ext/fcast_archive/ext_setfcast_sep9_11h56m.m,nested:adbb010e3b1c5,m,code,11430
experiments/code_repository_20260625/nested_extracted/adbb010e3b1c5/Коды и база/QPM/results/ext/fcast_archive/ext_setfcast_sep9_12h12m.m,nested:adbb010e3b1c5,m,code,11430
experiments/code_repository_20260625/nested_extracted/adbb010e3b1c5/Коды и база/QPM/results/ext/fcast_archive/ext_setfcast_sep9_12h27m.m,nested:adbb010e3b1c5,m,code,11430
experiments/code_repository_20260625/nested_extracted/adbb010e3b1c5/Коды и база/QPM/results/ext/fcast_archive/ext_setfcast_sep9_12h43m.m,nested:adbb010e3b1c5,m,code,11430
experiments/code_repository_20260625/nested_extracted/adbb010e3b1c5/Коды и база/QPM/results/ext/fcast_archive/ext_setfcast_sep9_12h54m.m,nested:adbb010e3b1c5,m,code,11429
experiments/code_repository_20260625/nested_extracted/adbb010e3b1c5/Коды и база/QPM/results/ext/fcast_archive/ext_setfcast_sep9_13h36m.m,nested:adbb010e3b1c5,m,code,11429
experiments/code_repository_20260625/nested_extracted/adbb010e3b1c5/Коды и база/QPM/results/ext/fcast_archive/ext_setfcast_sep9_13h48m.m,nested:adbb010e3b1c5,m,code,11429
experiments/code_repository_20260625/nested_extracted/adbb010e3b1c5/Коды и база/QPM/results/ext/fcast_archive/ext_setfcast_sep9_13h59m.m,nested:adbb010e3b1c5,m,code,11429
experiments/code_repository_20260625/nested_extracted/adbb010e3b1c5/Коды и база/QPM/results/ext/fcast_archive/ext_setfcast_sep9_13h6m.m,nested:adbb010e3b1c5,m,code,11429
experiments/code_repository_20260625/nested_extracted/adbb010e3b1c5/Коды и база/QPM/results/ext/fcast_archive/ext_setfcast_sep9_14h50m.m,nested:adbb010e3b1c5,m,code,11429
experiments/code_repository_20260625/nested_extracted/adbb010e3b1c5/Коды и база/QPM/results/ext/fcast_archive/ext_setfcast_sep9_14h54m.m,nested:adbb010e3b1c5,m,code,11429
experiments/code_repository_20260625/nested_extracted/adbb010e3b1c5/Коды и база/QPM/results/ext/fcast_archive/ext_setfcast_sep9_15h0m.m,nested:adbb010e3b1c5,m,code,11429
experiments/code_repository_20260625/nested_extracted/adbb010e3b1c5/Коды и база/QPM/results/ext/filt_archive/ext_setfilter_apr4_10h22m.m,nested:adbb010e3b1c5,m,code,3952
experiments/code_repository_20260625/nested_extracted/adbb010e3b1c5/Коды и база/QPM/results/ext/filt_archive/ext_setfilter_apr4_14h57m.m,nested:adbb010e3b1c5,m,code,3952
experiments/code_repository_20260625/nested_extracted/adbb010e3b1c5/Коды и база/QPM/results/ext/filt_archive/ext_setfilter_apr4_15h22m.m,nested:adbb010e3b1c5,m,code,3952
experiments/code_repository_20260625/nested_extracted/adbb010e3b1c5/Коды и база/QPM/results/ext/filt_archive/ext_setfilter_apr4_15h43m.m,nested:adbb010e3b1c5,m,code,3952
experiments/code_repository_20260625/nested_extracted/adbb010e3b1c5/Коды и база/QPM/results/ext/filt_archive/ext_setfilter_apr4_15h58m.m,nested:adbb010e3b1c5,m,code,3952
experiments/code_repository_20260625/nested_extracted/adbb010e3b1c5/Коды и база/QPM/results/ext/filt_archive/ext_setfilter_aug8_12h17m.m,nested:adbb010e3b1c5,m,code,3902
experiments/code_repository_20260625/nested_extracted/adbb010e3b1c5/Коды и база/QPM/results/ext/filt_archive/ext_setfilter_aug8_12h31m.m,nested:adbb010e3b1c5,m,code,3239
experiments/code_repository_20260625/nested_extracted/adbb010e3b1c5/Коды и база/QPM/results/ext/filt_archive/ext_setfilter_aug8_13h0m.m,nested:adbb010e3b1c5,m,code,3239
experiments/code_repository_20260625/nested_extracted/adbb010e3b1c5/Коды и база/QPM/results/ext/filt_archive/ext_setfilter_aug8_16h11m.m,nested:adbb010e3b1c5,m,code,3239
experiments/code_repository_20260625/nested_extracted/adbb010e3b1c5/Коды и база/QPM/results/ext/filt_archive/ext_setfilter_aug8_16h19m.m,nested:adbb010e3b1c5,m,code,3239
experiments/code_repository_20260625/nested_extracted/adbb010e3b1c5/Коды и база/QPM/results/ext/filt_archive/ext_setfilter_aug8_16h45m.m,nested:adbb010e3b1c5,m,code,3278
experiments/code_repository_20260625/nested_extracted/adbb010e3b1c5/Коды и база/QPM/results/ext/filt_archive/ext_setfilter_aug8_16h56m.m,nested:adbb010e3b1c5,m,code,3278
experiments/code_repository_20260625/nested_extracted/adbb010e3b1c5/Коды и база/QPM/results/ext/filt_archive/ext_setfilter_aug8_17h0m.m,nested:adbb010e3b1c5,m,code,3279
experiments/code_repository_20260625/nested_extracted/adbb010e3b1c5/Коды и база/QPM/results/ext/filt_archive/ext_setfilter_aug8_17h27m.m,nested:adbb010e3b1c5,m,code,3278
experiments/code_repository_20260625/nested_extracted/adbb010e3b1c5/Коды и база/QPM/results/ext/filt_archive/ext_setfilter_aug8_17h5m.m,nested:adbb010e3b1c5,m,code,3279
experiments/code_repository_20260625/nested_extracted/adbb010e3b1c5/Коды и база/QPM/results/ext/filt_archive/ext_setfilter_aug8_17h6m.m,nested:adbb010e3b1c5,m,code,3952
experiments/code_repository_20260625/nested_extracted/adbb010e3b1c5/Коды и база/QPM/results/ext/filt_archive/ext_setfilter_aug8_9h52m.m,nested:adbb010e3b1c5,m,code,3902
experiments/code_repository_20260625/nested_extracted/adbb010e3b1c5/Коды и база/QPM/results/ext/filt_archive/ext_setfilter_dec12_13h7m.m,nested:adbb010e3b1c5,m,code,3953
experiments/code_repository_20260625/nested_extracted/adbb010e3b1c5/Коды и база/QPM/results/ext/filt_archive/ext_setfilter_dec12_18h0m.m,nested:adbb010e3b1c5,m,code,3187
experiments/code_repository_20260625/nested_extracted/adbb010e3b1c5/Коды и база/QPM/results/ext/filt_archive/ext_setfilter_feb2_11h17m.m,nested:adbb010e3b1c5,m,code,3952
experiments/code_repository_20260625/nested_extracted/adbb010e3b1c5/Коды и база/QPM/results/ext/filt_archive/ext_setfilter_feb2_12h11m.m,nested:adbb010e3b1c5,m,code,3952
experiments/code_repository_20260625/nested_extracted/adbb010e3b1c5/Коды и база/QPM/results/ext/filt_archive/ext_setfilter_feb2_12h57m.m,nested:adbb010e3b1c5,m,code,3952
experiments/code_repository_20260625/nested_extracted/adbb010e3b1c5/Коды и база/QPM/results/ext/filt_archive/ext_setfilter_feb2_15h16m.m,nested:adbb010e3b1c5,m,code,3239
experiments/code_repository_20260625/nested_extracted/adbb010e3b1c5/Коды и база/QPM/results/ext/filt_archive/ext_setfilter_feb2_19h14m.m,nested:adbb010e3b1c5,m,code,3952
experiments/code_repository_20260625/nested_extracted/adbb010e3b1c5/Коды и база/QPM/results/ext/filt_archive/ext_setfilter_jan1_11h29m.m,nested:adbb010e3b1c5,m,code,3953
experiments/code_repository_20260625/nested_extracted/adbb010e3b1c5/Коды и база/QPM/results/ext/filt_archive/ext_setfilter_jan1_12h21m.m,nested:adbb010e3b1c5,m,code,3952
experiments/code_repository_20260625/nested_extracted/adbb010e3b1c5/Коды и база/QPM/results/ext/filt_archive/ext_setfilter_jan1_12h39m.m,nested:adbb010e3b1c5,m,code,3952
experiments/code_repository_20260625/nested_extracted/adbb010e3b1c5/Коды и база/QPM/results/ext/filt_archive/ext_setfilter_jan1_12h3m.m,nested:adbb010e3b1c5,m,code,3953
experiments/code_repository_20260625/nested_extracted/adbb010e3b1c5/Коды и база/QPM/results/ext/filt_archive/ext_setfilter_jan1_12h5m.m,nested:adbb010e3b1c5,m,code,3238
experiments/code_repository_20260625/nested_extracted/adbb010e3b1c5/Коды и база/QPM/results/ext/filt_archive/ext_setfilter_jan1_14h43m.m,nested:adbb010e3b1c5,m,code,3238
experiments/code_repository_20260625/nested_extracted/adbb010e3b1c5/Коды и база/QPM/results/ext/filt_archive/ext_setfilter_jan1_15h23m.m,nested:adbb010e3b1c5,m,code,3238
experiments/code_repository_20260625/nested_extracted/adbb010e3b1c5/Коды и база/QPM/results/ext/filt_archive/ext_setfilter_jan1_15h59m.m,nested:adbb010e3b1c5,m,code,3238
experiments/code_repository_20260625/nested_extracted/adbb010e3b1c5/Коды и база/QPM/results/ext/filt_archive/ext_setfilter_jan1_16h3m.m,nested:adbb010e3b1c5,m,code,3187
experiments/code_repository_20260625/nested_extracted/adbb010e3b1c5/Коды и база/QPM/results/ext/filt_archive/ext_setfilter_jan1_17h27m.m,nested:adbb010e3b1c5,m,code,3187
experiments/code_repository_20260625/nested_extracted/adbb010e3b1c5/Коды и база/QPM/results/ext/filt_archive/ext_setfilter_jan1_17h32m.m,nested:adbb010e3b1c5,m,code,3187
experiments/code_repository_20260625/nested_extracted/adbb010e3b1c5/Коды и база/QPM/results/ext/filt_archive/ext_setfilter_jan1_18h17m.m,nested:adbb010e3b1c5,m,code,3190
experiments/code_repository_20260625/nested_extracted/adbb010e3b1c5/Коды и база/QPM/results/ext/filt_archive/ext_setfilter_jan1_18h19m.m,nested:adbb010e3b1c5,m,code,3183
experiments/code_repository_20260625/nested_extracted/adbb010e3b1c5/Коды и база/QPM/results/ext/filt_archive/ext_setfilter_jan1_18h1m.m,nested:adbb010e3b1c5,m,code,3185
experiments/code_repository_20260625/nested_extracted/adbb010e3b1c5/Коды и база/QPM/results/ext/filt_archive/ext_setfilter_jan1_18h28m.m,nested:adbb010e3b1c5,m,code,3186
experiments/code_repository_20260625/nested_extracted/adbb010e3b1c5/Коды и база/QPM/results/ext/filt_archive/ext_setfilter_jan1_18h33m.m,nested:adbb010e3b1c5,m,code,3225
experiments/code_repository_20260625/nested_extracted/adbb010e3b1c5/Коды и база/QPM/results/ext/filt_archive/ext_setfilter_jan1_18h36m.m,nested:adbb010e3b1c5,m,code,3222
experiments/code_repository_20260625/nested_extracted/adbb010e3b1c5/Коды и база/QPM/results/ext/filt_archive/ext_setfilter_jan1_18h38m.m,nested:adbb010e3b1c5,m,code,3224
experiments/code_repository_20260625/nested_extracted/adbb010e3b1c5/Коды и база/QPM/results/ext/filt_archive/ext_setfilter_jan1_18h3m.m,nested:adbb010e3b1c5,m,code,3185
experiments/code_repository_20260625/nested_extracted/adbb010e3b1c5/Коды и база/QPM/results/ext/filt_archive/ext_setfilter_jan1_18h41m.m,nested:adbb010e3b1c5,m,code,3224
experiments/code_repository_20260625/nested_extracted/adbb010e3b1c5/Коды и база/QPM/results/ext/filt_archive/ext_setfilter_jan1_18h46m.m,nested:adbb010e3b1c5,m,code,3222
experiments/code_repository_20260625/nested_extracted/adbb010e3b1c5/Коды и база/QPM/results/ext/filt_archive/ext_setfilter_jan1_18h48m.m,nested:adbb010e3b1c5,m,code,3223
experiments/code_repository_20260625/nested_extracted/adbb010e3b1c5/Коды и база/QPM/results/ext/filt_archive/ext_setfilter_jan1_18h6m.m,nested:adbb010e3b1c5,m,code,3185
experiments/code_repository_20260625/nested_extracted/adbb010e3b1c5/Коды и база/QPM/results/ext/filt_archive/ext_setfilter_jan1_19h0m.m,nested:adbb010e3b1c5,m,code,3232
experiments/code_repository_20260625/nested_extracted/adbb010e3b1c5/Коды и база/QPM/results/ext/filt_archive/ext_setfilter_jan1_19h11m.m,nested:adbb010e3b1c5,m,code,3229
experiments/code_repository_20260625/nested_extracted/adbb010e3b1c5/Коды и база/QPM/results/ext/filt_archive/ext_setfilter_jan1_19h13m.m,nested:adbb010e3b1c5,m,code,3229
experiments/code_repository_20260625/nested_extracted/adbb010e3b1c5/Коды и база/QPM/results/ext/filt_archive/ext_setfilter_jan1_19h16m.m,nested:adbb010e3b1c5,m,code,3231
experiments/code_repository_20260625/nested_extracted/adbb010e3b1c5/Коды и база/QPM/results/ext/filt_archive/ext_setfilter_jan1_19h18m.m,nested:adbb010e3b1c5,m,code,3231
experiments/code_repository_20260625/nested_extracted/adbb010e3b1c5/Коды и база/QPM/results/ext/filt_archive/ext_setfilter_jan1_19h52m.m,nested:adbb010e3b1c5,m,code,3232
experiments/code_repository_20260625/nested_extracted/adbb010e3b1c5/Коды и база/QPM/results/ext/filt_archive/ext_setfilter_jan1_19h54m.m,nested:adbb010e3b1c5,m,code,3230
experiments/code_repository_20260625/nested_extracted/adbb010e3b1c5/Коды и база/QPM/results/ext/filt_archive/ext_setfilter_jan1_19h56m.m,nested:adbb010e3b1c5,m,code,3229
experiments/code_repository_20260625/nested_extracted/adbb010e3b1c5/Коды и база/QPM/results/ext/filt_archive/ext_setfilter_jan1_19h6m.m,nested:adbb010e3b1c5,m,code,3234
experiments/code_repository_20260625/nested_extracted/adbb010e3b1c5/Коды и база/QPM/results/ext/filt_archive/ext_setfilter_jan1_19h8m.m,nested:adbb010e3b1c5,m,code,3233
experiments/code_repository_20260625/nested_extracted/adbb010e3b1c5/Коды и база/QPM/results/ext/filt_archive/ext_setfilter_jan1_20h10m.m,nested:adbb010e3b1c5,m,code,3225
experiments/code_repository_20260625/nested_extracted/adbb010e3b1c5/Коды и база/QPM/results/ext/filt_archive/ext_setfilter_jan1_20h16m.m,nested:adbb010e3b1c5,m,code,3223
experiments/code_repository_20260625/nested_extracted/adbb010e3b1c5/Коды и база/QPM/results/ext/filt_archive/ext_setfilter_jan1_20h18m.m,nested:adbb010e3b1c5,m,code,3225
experiments/code_repository_20260625/nested_extracted/adbb010e3b1c5/Коды и база/QPM/results/ext/filt_archive/ext_setfilter_jan1_20h1m.m,nested:adbb010e3b1c5,m,code,3223
experiments/code_repository_20260625/nested_extracted/adbb010e3b1c5/Коды и база/QPM/results/ext/filt_archive/ext_setfilter_jan1_20h24m.m,nested:adbb010e3b1c5,m,code,3226
experiments/code_repository_20260625/nested_extracted/adbb010e3b1c5/Коды и база/QPM/results/ext/filt_archive/ext_setfilter_jan1_20h27m.m,nested:adbb010e3b1c5,m,code,3224
experiments/code_repository_20260625/nested_extracted/adbb010e3b1c5/Коды и база/QPM/results/ext/filt_archive/ext_setfilter_jan1_20h29m.m,nested:adbb010e3b1c5,m,code,3223
experiments/code_repository_20260625/nested_extracted/adbb010e3b1c5/Коды и база/QPM/results/ext/filt_archive/ext_setfilter_jan1_20h31m.m,nested:adbb010e3b1c5,m,code,3225
experiments/code_repository_20260625/nested_extracted/adbb010e3b1c5/Коды и база/QPM/results/ext/filt_archive/ext_setfilter_jan1_20h49m.m,nested:adbb010e3b1c5,m,code,3952
experiments/code_repository_20260625/nested_extracted/adbb010e3b1c5/Коды и база/QPM/results/ext/filt_archive/ext_setfilter_jan1_20h4m.m,nested:adbb010e3b1c5,m,code,3225
experiments/code_repository_20260625/nested_extracted/adbb010e3b1c5/Коды и база/QPM/results/ext/filt_archive/ext_setfilter_jan1_20h58m.m,nested:adbb010e3b1c5,m,code,3238
experiments/code_repository_20260625/nested_extracted/adbb010e3b1c5/Коды и база/QPM/results/ext/filt_archive/ext_setfilter_jan1_20h6m.m,nested:adbb010e3b1c5,m,code,3952
experiments/code_repository_20260625/nested_extracted/adbb010e3b1c5/Коды и база/QPM/results/ext/filt_archive/ext_setfilter_jan1_20h7m.m,nested:adbb010e3b1c5,m,code,3225
experiments/code_repository_20260625/nested_extracted/adbb010e3b1c5/Коды и база/QPM/results/ext/filt_archive/ext_setfilter_jan1_21h16m.m,nested:adbb010e3b1c5,m,code,3238
experiments/code_repository_20260625/nested_extracted/adbb010e3b1c5/Коды и база/QPM/results/ext/filt_archive/ext_setfilter_jan1_21h26m.m,nested:adbb010e3b1c5,m,code,3245
experiments/code_repository_20260625/nested_extracted/adbb010e3b1c5/Коды и база/QPM/results/ext/filt_archive/ext_setfilter_jan1_21h31m.m,nested:adbb010e3b1c5,m,code,3239
experiments/code_repository_20260625/nested_extracted/adbb010e3b1c5/Коды и база/QPM/results/ext/filt_archive/ext_setfilter_jan1_21h4m.m,nested:adbb010e3b1c5,m,code,3952
experiments/code_repository_20260625/nested_extracted/adbb010e3b1c5/Коды и база/QPM/results/ext/filt_archive/ext_setfilter_jul7_12h20m.m,nested:adbb010e3b1c5,m,code,3239
experiments/code_repository_20260625/nested_extracted/adbb010e3b1c5/Коды и база/QPM/results/ext/filt_archive/ext_setfilter_jul7_12h21m.m,nested:adbb010e3b1c5,m,code,3239
experiments/code_repository_20260625/nested_extracted/adbb010e3b1c5/Коды и база/QPM/results/ext/filt_archive/ext_setfilter_jul7_13h27m.m,nested:adbb010e3b1c5,m,code,3902
experiments/code_repository_20260625/nested_extracted/adbb010e3b1c5/Коды и база/QPM/results/ext/filt_archive/ext_setfilter_jul7_14h21m.m,nested:adbb010e3b1c5,m,code,3239
experiments/code_repository_20260625/nested_extracted/adbb010e3b1c5/Коды и база/QPM/results/ext/filt_archive/ext_setfilter_jul7_15h19m.m,nested:adbb010e3b1c5,m,code,3902
experiments/code_repository_20260625/nested_extracted/adbb010e3b1c5/Коды и база/QPM/results/ext/filt_archive/ext_setfilter_jul7_15h32m.m,nested:adbb010e3b1c5,m,code,3902
experiments/code_repository_20260625/nested_extracted/adbb010e3b1c5/Коды и база/QPM/results/ext/filt_archive/ext_setfilter_jul7_16h13m.m,nested:adbb010e3b1c5,m,code,3239
experiments/code_repository_20260625/nested_extracted/adbb010e3b1c5/Коды и база/QPM/results/ext/filt_archive/ext_setfilter_jul7_16h35m.m,nested:adbb010e3b1c5,m,code,3239
experiments/code_repository_20260625/nested_extracted/adbb010e3b1c5/Коды и база/QPM/results/ext/filt_archive/ext_setfilter_jul7_16h56m.m,nested:adbb010e3b1c5,m,code,3239
experiments/code_repository_20260625/nested_extracted/adbb010e3b1c5/Коды и база/QPM/results/ext/filt_archive/ext_setfilter_jul7_16h57m.m,nested:adbb010e3b1c5,m,code,3239
experiments/code_repository_20260625/nested_extracted/adbb010e3b1c5/Коды и база/QPM/results/ext/filt_archive/ext_setfilter_jul7_17h21m.m,nested:adbb010e3b1c5,m,code,3239
experiments/code_repository_20260625/nested_extracted/adbb010e3b1c5/Коды и база/QPM/results/ext/filt_archive/ext_setfilter_jul7_17h37m.m,nested:adbb010e3b1c5,m,code,3239
experiments/code_repository_20260625/nested_extracted/adbb010e3b1c5/Коды и база/QPM/results/ext/filt_archive/ext_setfilter_jul7_17h46m.m,nested:adbb010e3b1c5,m,code,3239
experiments/code_repository_20260625/nested_extracted/adbb010e3b1c5/Коды и база/QPM/results/ext/filt_archive/ext_setfilter_jul7_17h56m.m,nested:adbb010e3b1c5,m,code,3239
experiments/code_repository_20260625/nested_extracted/adbb010e3b1c5/Коды и база/QPM/results/ext/filt_archive/ext_setfilter_jul7_18h29m.m,nested:adbb010e3b1c5,m,code,3239
experiments/code_repository_20260625/nested_extracted/adbb010e3b1c5/Коды и база/QPM/results/ext/filt_archive/ext_setfilter_jul7_18h49m.m,nested:adbb010e3b1c5,m,code,3239
experiments/code_repository_20260625/nested_extracted/adbb010e3b1c5/Коды и база/QPM/results/ext/filt_archive/ext_setfilter_jul7_18h5m.m,nested:adbb010e3b1c5,m,code,3239
experiments/code_repository_20260625/nested_extracted/adbb010e3b1c5/Коды и база/QPM/results/ext/filt_archive/ext_setfilter_jul7_18h9m.m,nested:adbb010e3b1c5,m,code,3239
experiments/code_repository_20260625/nested_extracted/adbb010e3b1c5/Коды и база/QPM/results/ext/filt_archive/ext_setfilter_jul7_21h40m.m,nested:adbb010e3b1c5,m,code,3239
experiments/code_repository_20260625/nested_extracted/adbb010e3b1c5/Коды и база/QPM/results/ext/filt_archive/ext_setfilter_jun6_10h38m.m,nested:adbb010e3b1c5,m,code,3952
experiments/code_repository_20260625/nested_extracted/adbb010e3b1c5/Коды и база/QPM/results/ext/filt_archive/ext_setfilter_jun6_11h19m.m,nested:adbb010e3b1c5,m,code,3952
experiments/code_repository_20260625/nested_extracted/adbb010e3b1c5/Коды и база/QPM/results/ext/filt_archive/ext_setfilter_jun6_11h23m.m,nested:adbb010e3b1c5,m,code,3845
experiments/code_repository_20260625/nested_extracted/adbb010e3b1c5/Коды и база/QPM/results/ext/filt_archive/ext_setfilter_jun6_11h27m.m,nested:adbb010e3b1c5,m,code,3952
experiments/code_repository_20260625/nested_extracted/adbb010e3b1c5/Коды и база/QPM/results/ext/filt_archive/ext_setfilter_jun6_11h43m.m,nested:adbb010e3b1c5,m,code,3845
experiments/code_repository_20260625/nested_extracted/adbb010e3b1c5/Коды и база/QPM/results/ext/filt_archive/ext_setfilter_jun6_11h54m.m,nested:adbb010e3b1c5,m,code,3845
experiments/code_repository_20260625/nested_extracted/adbb010e3b1c5/Коды и база/QPM/results/ext/filt_archive/ext_setfilter_jun6_12h10m.m,nested:adbb010e3b1c5,m,code,3845
experiments/code_repository_20260625/nested_extracted/adbb010e3b1c5/Коды и база/QPM/results/ext/filt_archive/ext_setfilter_jun6_12h19m.m,nested:adbb010e3b1c5,m,code,3845
experiments/code_repository_20260625/nested_extracted/adbb010e3b1c5/Коды и база/QPM/results/ext/filt_archive/ext_setfilter_jun6_12h29m.m,nested:adbb010e3b1c5,m,code,3952
experiments/code_repository_20260625/nested_extracted/adbb010e3b1c5/Коды и база/QPM/results/ext/filt_archive/ext_setfilter_jun6_12h42m.m,nested:adbb010e3b1c5,m,code,3845
experiments/code_repository_20260625/nested_extracted/adbb010e3b1c5/Коды и база/QPM/results/ext/filt_archive/ext_setfilter_jun6_12h44m.m,nested:adbb010e3b1c5,m,code,3845
experiments/code_repository_20260625/nested_extracted/adbb010e3b1c5/Коды и база/QPM/results/ext/filt_archive/ext_setfilter_jun6_12h45m.m,nested:adbb010e3b1c5,m,code,3239
experiments/code_repository_20260625/nested_extracted/adbb010e3b1c5/Коды и база/QPM/results/ext/filt_archive/ext_setfilter_jun6_12h4m.m,nested:adbb010e3b1c5,m,code,3952
experiments/code_repository_20260625/nested_extracted/adbb010e3b1c5/Коды и база/QPM/results/ext/filt_archive/ext_setfilter_jun6_12h56m.m,nested:adbb010e3b1c5,m,code,3845
experiments/code_repository_20260625/nested_extracted/adbb010e3b1c5/Коды и база/QPM/results/ext/filt_archive/ext_setfilter_jun6_13h10m.m,nested:adbb010e3b1c5,m,code,3841
experiments/code_repository_20260625/nested_extracted/adbb010e3b1c5/Коды и база/QPM/results/ext/filt_archive/ext_setfilter_jun6_13h17m.m,nested:adbb010e3b1c5,m,code,3843
experiments/code_repository_20260625/nested_extracted/adbb010e3b1c5/Коды и база/QPM/results/ext/filt_archive/ext_setfilter_jun6_13h22m.m,nested:adbb010e3b1c5,m,code,3845
experiments/code_repository_20260625/nested_extracted/adbb010e3b1c5/Коды и база/QPM/results/ext/filt_archive/ext_setfilter_jun6_13h8m.m,nested:adbb010e3b1c5,m,code,3239
experiments/code_repository_20260625/nested_extracted/adbb010e3b1c5/Коды и база/QPM/results/ext/filt_archive/ext_setfilter_jun6_15h44m.m,nested:adbb010e3b1c5,m,code,3239
experiments/code_repository_20260625/nested_extracted/adbb010e3b1c5/Коды и база/QPM/results/ext/filt_archive/ext_setfilter_jun6_16h58m.m,nested:adbb010e3b1c5,m,code,3811
experiments/code_repository_20260625/nested_extracted/adbb010e3b1c5/Коды и база/QPM/results/ext/filt_archive/ext_setfilter_jun6_17h11m.m,nested:adbb010e3b1c5,m,code,3811
experiments/code_repository_20260625/nested_extracted/adbb010e3b1c5/Коды и база/QPM/results/ext/filt_archive/ext_setfilter_jun6_17h19m.m,nested:adbb010e3b1c5,m,code,3811
experiments/code_repository_20260625/nested_extracted/adbb010e3b1c5/Коды и база/QPM/results/ext/filt_archive/ext_setfilter_jun6_17h28m.m,nested:adbb010e3b1c5,m,code,3811
experiments/code_repository_20260625/nested_extracted/adbb010e3b1c5/Коды и база/QPM/results/ext/filt_archive/ext_setfilter_jun6_17h35m.m,nested:adbb010e3b1c5,m,code,3811
experiments/code_repository_20260625/nested_extracted/adbb010e3b1c5/Коды и база/QPM/results/ext/filt_archive/ext_setfilter_mar3_14h25m.m,nested:adbb010e3b1c5,m,code,3239
experiments/code_repository_20260625/nested_extracted/adbb010e3b1c5/Коды и база/QPM/results/ext/filt_archive/ext_setfilter_mar3_14h26m.m,nested:adbb010e3b1c5,m,code,3239
experiments/code_repository_20260625/nested_extracted/adbb010e3b1c5/Коды и база/QPM/results/ext/filt_archive/ext_setfilter_mar3_14h30m.m,nested:adbb010e3b1c5,m,code,3239
experiments/code_repository_20260625/nested_extracted/adbb010e3b1c5/Коды и база/QPM/results/ext/filt_archive/ext_setfilter_may5_0h38m.m,nested:adbb010e3b1c5,m,code,3952
experiments/code_repository_20260625/nested_extracted/adbb010e3b1c5/Коды и база/QPM/results/ext/filt_archive/ext_setfilter_may5_0h50m.m,nested:adbb010e3b1c5,m,code,3952
experiments/code_repository_20260625/nested_extracted/adbb010e3b1c5/Коды и база/QPM/results/ext/filt_archive/ext_setfilter_may5_10h51m.m,nested:adbb010e3b1c5,m,code,3239
experiments/code_repository_20260625/nested_extracted/adbb010e3b1c5/Коды и база/QPM/results/ext/filt_archive/ext_setfilter_may5_10h52m.m,nested:adbb010e3b1c5,m,code,3844
experiments/code_repository_20260625/nested_extracted/adbb010e3b1c5/Коды и база/QPM/results/ext/filt_archive/ext_setfilter_may5_12h17m.m,nested:adbb010e3b1c5,m,code,3952
experiments/code_repository_20260625/nested_extracted/adbb010e3b1c5/Коды и база/QPM/results/ext/filt_archive/ext_setfilter_may5_12h47m.m,nested:adbb010e3b1c5,m,code,3845
experiments/code_repository_20260625/nested_extracted/adbb010e3b1c5/Коды и база/QPM/results/ext/filt_archive/ext_setfilter_may5_14h14m.m,nested:adbb010e3b1c5,m,code,3844
experiments/code_repository_20260625/nested_extracted/adbb010e3b1c5/Коды и база/QPM/results/ext/filt_archive/ext_setfilter_may5_14h41m.m,nested:adbb010e3b1c5,m,code,3844
experiments/code_repository_20260625/nested_extracted/adbb010e3b1c5/Коды и база/QPM/results/ext/filt_archive/ext_setfilter_may5_18h31m.m,nested:adbb010e3b1c5,m,code,3845
experiments/code_repository_20260625/nested_extracted/adbb010e3b1c5/Коды и база/QPM/results/ext/filt_archive/ext_setfilter_may5_19h13m.m,nested:adbb010e3b1c5,m,code,3847
experiments/code_repository_20260625/nested_extracted/adbb010e3b1c5/Коды и база/QPM/results/ext/filt_archive/ext_setfilter_nov11_10h51m.m,nested:adbb010e3b1c5,m,code,3107
experiments/code_repository_20260625/nested_extracted/adbb010e3b1c5/Коды и база/QPM/results/ext/filt_archive/ext_setfilter_nov11_11h27m.m,nested:adbb010e3b1c5,m,code,3278
experiments/code_repository_20260625/nested_extracted/adbb010e3b1c5/Коды и база/QPM/results/ext/filt_archive/ext_setfilter_nov11_11h31m.m,nested:adbb010e3b1c5,m,code,3107
experiments/code_repository_20260625/nested_extracted/adbb010e3b1c5/Коды и база/QPM/results/ext/filt_archive/ext_setfilter_nov11_11h33m.m,nested:adbb010e3b1c5,m,code,3952
experiments/code_repository_20260625/nested_extracted/adbb010e3b1c5/Коды и база/QPM/results/ext/filt_archive/ext_setfilter_nov11_11h35m.m,nested:adbb010e3b1c5,m,code,3278
experiments/code_repository_20260625/nested_extracted/adbb010e3b1c5/Коды и база/QPM/results/ext/filt_archive/ext_setfilter_nov11_11h36m.m,nested:adbb010e3b1c5,m,code,3110
experiments/code_repository_20260625/nested_extracted/adbb010e3b1c5/Коды и база/QPM/results/ext/filt_archive/ext_setfilter_nov11_11h4m.m,nested:adbb010e3b1c5,m,code,3952
experiments/code_repository_20260625/nested_extracted/adbb010e3b1c5/Коды и база/QPM/results/ext/filt_archive/ext_setfilter_nov11_12h10m.m,nested:adbb010e3b1c5,m,code,3149
experiments/code_repository_20260625/nested_extracted/adbb010e3b1c5/Коды и база/QPM/results/ext/filt_archive/ext_setfilter_nov11_12h13m.m,nested:adbb010e3b1c5,m,code,3070
experiments/code_repository_20260625/nested_extracted/adbb010e3b1c5/Коды и база/QPM/results/ext/filt_archive/ext_setfilter_nov11_12h17m.m,nested:adbb010e3b1c5,m,code,3187
experiments/code_repository_20260625/nested_extracted/adbb010e3b1c5/Коды и база/QPM/results/ext/filt_archive/ext_setfilter_nov11_12h22m.m,nested:adbb010e3b1c5,m,code,3070
experiments/code_repository_20260625/nested_extracted/adbb010e3b1c5/Коды и база/QPM/results/ext/filt_archive/ext_setfilter_nov11_12h27m.m,nested:adbb010e3b1c5,m,code,3187
experiments/code_repository_20260625/nested_extracted/adbb010e3b1c5/Коды и база/QPM/results/ext/filt_archive/ext_setfilter_nov11_12h29m.m,nested:adbb010e3b1c5,m,code,3070
experiments/code_repository_20260625/nested_extracted/adbb010e3b1c5/Коды и база/QPM/results/ext/filt_archive/ext_setfilter_nov11_12h33m.m,nested:adbb010e3b1c5,m,code,3070
experiments/code_repository_20260625/nested_extracted/adbb010e3b1c5/Коды и база/QPM/results/ext/filt_archive/ext_setfilter_nov11_12h38m.m,nested:adbb010e3b1c5,m,code,3070
experiments/code_repository_20260625/nested_extracted/adbb010e3b1c5/Коды и база/QPM/results/ext/filt_archive/ext_setfilter_nov11_12h50m.m,nested:adbb010e3b1c5,m,code,3278
experiments/code_repository_20260625/nested_extracted/adbb010e3b1c5/Коды и база/QPM/results/ext/filt_archive/ext_setfilter_nov11_12h5m.m,nested:adbb010e3b1c5,m,code,3071
experiments/code_repository_20260625/nested_extracted/adbb010e3b1c5/Коды и база/QPM/results/ext/filt_archive/ext_setfilter_nov11_14h47m.m,nested:adbb010e3b1c5,m,code,3107
experiments/code_repository_20260625/nested_extracted/adbb010e3b1c5/Коды и база/QPM/results/ext/filt_archive/ext_setfilter_nov11_15h29m.m,nested:adbb010e3b1c5,m,code,3079
experiments/code_repository_20260625/nested_extracted/adbb010e3b1c5/Коды и база/QPM/results/ext/filt_archive/ext_setfilter_nov11_15h39m.m,nested:adbb010e3b1c5,m,code,3107
experiments/code_repository_20260625/nested_extracted/adbb010e3b1c5/Коды и база/QPM/results/ext/filt_archive/ext_setfilter_nov11_16h46m.m,nested:adbb010e3b1c5,m,code,3278
experiments/code_repository_20260625/nested_extracted/adbb010e3b1c5/Коды и база/QPM/results/ext/filt_archive/ext_setfilter_nov11_17h34m.m,nested:adbb010e3b1c5,m,code,3070
experiments/code_repository_20260625/nested_extracted/adbb010e3b1c5/Коды и база/QPM/results/ext/filt_archive/ext_setfilter_nov11_17h43m.m,nested:adbb010e3b1c5,m,code,3070
experiments/code_repository_20260625/nested_extracted/adbb010e3b1c5/Коды и база/QPM/results/ext/filt_archive/ext_setfilter_nov11_17h48m.m,nested:adbb010e3b1c5,m,code,3070
experiments/code_repository_20260625/nested_extracted/adbb010e3b1c5/Коды и база/QPM/results/ext/filt_archive/ext_setfilter_nov11_18h24m.m,nested:adbb010e3b1c5,m,code,3278
experiments/code_repository_20260625/nested_extracted/adbb010e3b1c5/Коды и база/QPM/results/ext/filt_archive/ext_setfilter_nov11_18h25m.m,nested:adbb010e3b1c5,m,code,3107
experiments/code_repository_20260625/nested_extracted/adbb010e3b1c5/Коды и база/QPM/results/ext/filt_archive/ext_setfilter_nov11_18h26m.m,nested:adbb010e3b1c5,m,code,3947
experiments/code_repository_20260625/nested_extracted/adbb010e3b1c5/Коды и база/QPM/results/ext/filt_archive/ext_setfilter_nov11_18h52m.m,nested:adbb010e3b1c5,m,code,3953
experiments/code_repository_20260625/nested_extracted/adbb010e3b1c5/Коды и база/QPM/results/ext/filt_archive/ext_setfilter_nov11_20h12m.m,nested:adbb010e3b1c5,m,code,3278
experiments/code_repository_20260625/nested_extracted/adbb010e3b1c5/Коды и база/QPM/results/ext/filt_archive/ext_setfilter_nov11_9h49m.m,nested:adbb010e3b1c5,m,code,3070
experiments/code_repository_20260625/nested_extracted/adbb010e3b1c5/Коды и база/QPM/results/ext/filt_archive/ext_setfilter_nov11_9h53m.m,nested:adbb010e3b1c5,m,code,3278
experiments/code_repository_20260625/nested_extracted/adbb010e3b1c5/Коды и база/QPM/results/ext/filt_archive/ext_setfilter_oct10_10h0m.m,nested:adbb010e3b1c5,m,code,3947
experiments/code_repository_20260625/nested_extracted/adbb010e3b1c5/Коды и база/QPM/results/ext/filt_archive/ext_setfilter_oct10_10h12m.m,nested:adbb010e3b1c5,m,code,3947
experiments/code_repository_20260625/nested_extracted/adbb010e3b1c5/Коды и база/QPM/results/ext/filt_archive/ext_setfilter_oct10_10h20m.m,nested:adbb010e3b1c5,m,code,3947
experiments/code_repository_20260625/nested_extracted/adbb010e3b1c5/Коды и база/QPM/results/ext/filt_archive/ext_setfilter_oct10_11h49m.m,nested:adbb010e3b1c5,m,code,3278
experiments/code_repository_20260625/nested_extracted/adbb010e3b1c5/Коды и база/QPM/results/ext/filt_archive/ext_setfilter_oct10_12h5m.m,nested:adbb010e3b1c5,m,code,3947
experiments/code_repository_20260625/nested_extracted/adbb010e3b1c5/Коды и база/QPM/results/ext/filt_archive/ext_setfilter_oct10_13h58m.m,nested:adbb010e3b1c5,m,code,3278
experiments/code_repository_20260625/nested_extracted/adbb010e3b1c5/Коды и база/QPM/results/ext/filt_archive/ext_setfilter_oct10_14h15m.m,nested:adbb010e3b1c5,m,code,3947
experiments/code_repository_20260625/nested_extracted/adbb010e3b1c5/Коды и база/QPM/results/ext/filt_archive/ext_setfilter_oct10_14h20m.m,nested:adbb010e3b1c5,m,code,3278
experiments/code_repository_20260625/nested_extracted/adbb010e3b1c5/Коды и база/QPM/results/ext/filt_archive/ext_setfilter_oct10_14h21m.m,nested:adbb010e3b1c5,m,code,3278
experiments/code_repository_20260625/nested_extracted/adbb010e3b1c5/Коды и база/QPM/results/ext/filt_archive/ext_setfilter_oct10_14h23m.m,nested:adbb010e3b1c5,m,code,3947
experiments/code_repository_20260625/nested_extracted/adbb010e3b1c5/Коды и база/QPM/results/ext/filt_archive/ext_setfilter_oct10_14h32m.m,nested:adbb010e3b1c5,m,code,3947
experiments/code_repository_20260625/nested_extracted/adbb010e3b1c5/Коды и база/QPM/results/ext/filt_archive/ext_setfilter_oct10_15h26m.m,nested:adbb010e3b1c5,m,code,3947
experiments/code_repository_20260625/nested_extracted/adbb010e3b1c5/Коды и база/QPM/results/ext/filt_archive/ext_setfilter_oct10_15h48m.m,nested:adbb010e3b1c5,m,code,3952
experiments/code_repository_20260625/nested_extracted/adbb010e3b1c5/Коды и база/QPM/results/ext/filt_archive/ext_setfilter_oct10_15h50m.m,nested:adbb010e3b1c5,m,code,3952
experiments/code_repository_20260625/nested_extracted/adbb010e3b1c5/Коды и база/QPM/results/ext/filt_archive/ext_setfilter_oct10_16h2m.m,nested:adbb010e3b1c5,m,code,3278
experiments/code_repository_20260625/nested_extracted/adbb010e3b1c5/Коды и база/QPM/results/ext/filt_archive/ext_setfilter_oct10_16h52m.m,nested:adbb010e3b1c5,m,code,3278
experiments/code_repository_20260625/nested_extracted/adbb010e3b1c5/Коды и база/QPM/results/ext/filt_archive/ext_setfilter_oct10_17h12m.m,nested:adbb010e3b1c5,m,code,3278
experiments/code_repository_20260625/nested_extracted/adbb010e3b1c5/Коды и база/QPM/results/ext/filt_archive/ext_setfilter_oct10_17h19m.m,nested:adbb010e3b1c5,m,code,3947
experiments/code_repository_20260625/nested_extracted/adbb010e3b1c5/Коды и база/QPM/results/ext/filt_archive/ext_setfilter_oct10_17h2m.m,nested:adbb010e3b1c5,m,code,3278
experiments/code_repository_20260625/nested_extracted/adbb010e3b1c5/Коды и база/QPM/results/ext/filt_archive/ext_setfilter_oct10_17h49m.m,nested:adbb010e3b1c5,m,code,3947
experiments/code_repository_20260625/nested_extracted/adbb010e3b1c5/Коды и база/QPM/results/ext/filt_archive/ext_setfilter_oct10_19h19m.m,nested:adbb010e3b1c5,m,code,3952
experiments/code_repository_20260625/nested_extracted/adbb010e3b1c5/Коды и база/QPM/results/ext/filt_archive/ext_setfilter_oct10_19h24m.m,nested:adbb010e3b1c5,m,code,3952
experiments/code_repository_20260625/nested_extracted/adbb010e3b1c5/Коды и база/QPM/results/ext/filt_archive/ext_setfilter_oct10_19h43m.m,nested:adbb010e3b1c5,m,code,3952
experiments/code_repository_20260625/nested_extracted/adbb010e3b1c5/Коды и база/QPM/results/ext/filt_archive/ext_setfilter_oct10_19h9m.m,nested:adbb010e3b1c5,m,code,3952
experiments/code_repository_20260625/nested_extracted/adbb010e3b1c5/Коды и база/QPM/results/ext/filt_archive/ext_setfilter_oct10_9h27m.m,nested:adbb010e3b1c5,m,code,3278
experiments/code_repository_20260625/nested_extracted/adbb010e3b1c5/Коды и база/QPM/results/ext/filt_archive/ext_setfilter_oct10_9h42m.m,nested:adbb010e3b1c5,m,code,3278
experiments/code_repository_20260625/nested_extracted/adbb010e3b1c5/Коды и база/QPM/results/ext/filt_archive/ext_setfilter_sep9_11h53m.m,nested:adbb010e3b1c5,m,code,3902
experiments/code_repository_20260625/nested_extracted/adbb010e3b1c5/Коды и база/QPM/results/ext/filt_archive/ext_setfilter_sep9_12h24m.m,nested:adbb010e3b1c5,m,code,3902
experiments/code_repository_20260625/nested_extracted/adbb010e3b1c5/Коды и база/QPM/results/ext/filt_archive/ext_setfilter_sep9_12h33m.m,nested:adbb010e3b1c5,m,code,3278
experiments/code_repository_20260625/nested_extracted/adbb010e3b1c5/Коды и база/QPM/results/ext/filt_archive/ext_setfilter_sep9_12h40m.m,nested:adbb010e3b1c5,m,code,3902
experiments/code_repository_20260625/nested_extracted/adbb010e3b1c5/Коды и база/QPM/results/ext/filt_archive/ext_setfilter_sep9_12h8m.m,nested:adbb010e3b1c5,m,code,3902
experiments/code_repository_20260625/nested_extracted/adbb010e3b1c5/Коды и база/QPM/results/ext/filt_archive/ext_setfilter_sep9_13h32m.m,nested:adbb010e3b1c5,m,code,3944
experiments/code_repository_20260625/nested_extracted/adbb010e3b1c5/Коды и база/QPM/results/ext/filt_archive/ext_setfilter_sep9_13h45m.m,nested:adbb010e3b1c5,m,code,3947
experiments/code_repository_20260625/nested_extracted/adbb010e3b1c5/Коды и база/QPM/results/ext/filt_archive/ext_setfilter_sep9_13h56m.m,nested:adbb010e3b1c5,m,code,3947
experiments/code_repository_20260625/nested_extracted/adbb010e3b1c5/Коды и база/QPM/results/ext/filt_archive/ext_setfilter_sep9_14h45m.m,nested:adbb010e3b1c5,m,code,3947
experiments/code_repository_20260625/nested_extracted/adbb010e3b1c5/Коды и база/QPM/results/ext/filt_archive/ext_setfilter_sep9_14h4m.m,nested:adbb010e3b1c5,m,code,3947
experiments/code_repository_20260625/nested_extracted/adbb010e3b1c5/Коды и база/QPM/run_hist_sim.m,nested:adbb010e3b1c5,m,code,1125
experiments/code_repository_20260625/nested_extracted/adbb010e3b1c5/Коды и база/QPM/run_irfs.m,nested:adbb010e3b1c5,m,code,1334
experiments/code_repository_20260625/nested_extracted/adbb010e3b1c5/Коды и база/QPM/run_shock_decomp.m,nested:adbb010e3b1c5,m,code,1089
experiments/code_repository_20260625/nested_extracted/adbb010e3b1c5/Коды и база/QPM/scenarios/a3_alternative_oil.m,nested:adbb010e3b1c5,m,code,5281
experiments/code_repository_20260625/nested_extracted/adbb010e3b1c5/Коды и база/QPM/scenarios/b1_scenario.m,nested:adbb010e3b1c5,m,code,5638
experiments/code_repository_20260625/nested_extracted/adbb010e3b1c5/Коды и база/QPM/scenarios/b2_scenario.m,nested:adbb010e3b1c5,m,code,7352
experiments/code_repository_20260625/nested_extracted/adbb010e3b1c5/Коды и база/QPM/scenarios/compare_external.m,nested:adbb010e3b1c5,m,code,24640
experiments/code_repository_20260625/nested_extracted/adbb010e3b1c5/Коды и база/QPM/scenarios/compare_external_calibr.m,nested:adbb010e3b1c5,m,code,22784
experiments/code_repository_20260625/nested_extracted/adbb010e3b1c5/Коды и база/QPM/scenarios/compare_external_short.m,nested:adbb010e3b1c5,m,code,27064
experiments/code_repository_20260625/nested_extracted/adbb010e3b1c5/Коды и база/QPM/scenarios/compare_fcast.m,nested:adbb010e3b1c5,m,code,17291
experiments/code_repository_20260625/nested_extracted/adbb010e3b1c5/Коды и база/QPM/scenarios/compare_fcast_1.m,nested:adbb010e3b1c5,m,code,15002
experiments/code_repository_20260625/nested_extracted/adbb010e3b1c5/Коды и база/QPM/scenarios/compare_fcast_calibr.m,nested:adbb010e3b1c5,m,code,15546
experiments/code_repository_20260625/nested_extracted/adbb010e3b1c5/Коды и база/QPM/scenarios/compare_scenarios.m,nested:adbb010e3b1c5,m,code,14582
experiments/code_repository_20260625/nested_extracted/adbb010e3b1c5/Коды и база/QPM/utils/all_in_one_codes/all_fcast_report.m,nested:adbb010e3b1c5,m,code,87347
experiments/code_repository_20260625/nested_extracted/adbb010e3b1c5/Коды и база/QPM/utils/all_in_one_codes/all_filter_report.m,nested:adbb010e3b1c5,m,code,138356
experiments/code_repository_20260625/nested_extracted/adbb010e3b1c5/Коды и база/QPM/utils/all_in_one_codes/all_readmodel.m,nested:adbb010e3b1c5,m,code,1193
experiments/code_repository_20260625/nested_extracted/adbb010e3b1c5/Коды и база/QPM/utils/all_in_one_codes/all_setfcast.m,nested:adbb010e3b1c5,m,code,264
experiments/code_repository_20260625/nested_extracted/adbb010e3b1c5/Коды и база/QPM/utils/all_in_one_codes/all_setfilter.m,nested:adbb010e3b1c5,m,code,567
experiments/code_repository_20260625/nested_extracted/adbb010e3b1c5/Коды и база/QPM/utils/all_in_one_codes/all_setirfs.m,nested:adbb010e3b1c5,m,code,1774
experiments/code_repository_20260625/nested_extracted/adbb010e3b1c5/Коды и база/QPM/utils/archiveTunes.m,nested:adbb010e3b1c5,m,code,1185
experiments/code_repository_20260625/nested_extracted/adbb010e3b1c5/Коды и база/QPM/utils/estim_vcovmult.m,nested:adbb010e3b1c5,m,code,3592
experiments/code_repository_20260625/nested_extracted/adbb010e3b1c5/Коды и база/QPM/utils/ext_codes/a_general_settings.m,nested:adbb010e3b1c5,m,code,2117
experiments/code_repository_20260625/nested_extracted/adbb010e3b1c5/Коды и база/QPM/utils/ext_codes/ext_fcast_report.m,nested:adbb010e3b1c5,m,code,69052
experiments/code_repository_20260625/nested_extracted/adbb010e3b1c5/Коды и база/QPM/utils/ext_codes/ext_fcast_report_short.m,nested:adbb010e3b1c5,m,code,16840
experiments/code_repository_20260625/nested_extracted/adbb010e3b1c5/Коды и база/QPM/utils/ext_codes/ext_filter_report.m,nested:adbb010e3b1c5,m,code,45141
experiments/code_repository_20260625/nested_extracted/adbb010e3b1c5/Коды и база/QPM/utils/ext_codes/ext_modeldata.m,nested:adbb010e3b1c5,m,code,10450
experiments/code_repository_20260625/nested_extracted/adbb010e3b1c5/Коды и база/QPM/utils/ext_codes/ext_setfcast.m,nested:adbb010e3b1c5,m,code,4486
experiments/code_repository_20260625/nested_extracted/adbb010e3b1c5/Коды и база/QPM/utils/ext_codes/ext_setfilter.m,nested:adbb010e3b1c5,m,code,3278
experiments/code_repository_20260625/nested_extracted/adbb010e3b1c5/Коды и база/QPM/utils/ext_codes/ext_setirfs.m,nested:adbb010e3b1c5,m,code,901
experiments/code_repository_20260625/nested_extracted/adbb010e3b1c5/Коды и база/QPM/utils/ext_codes/ext_setshockdecomp.m,nested:adbb010e3b1c5,m,code,262
experiments/code_repository_20260625/nested_extracted/adbb010e3b1c5/Коды и база/QPM/utils/ext_codes/load_fcast_cond.m,nested:adbb010e3b1c5,m,code,1399
experiments/code_repository_20260625/nested_extracted/adbb010e3b1c5/Коды и база/QPM/utils/figures4eec.m,nested:adbb010e3b1c5,m,code,28262
experiments/code_repository_20260625/nested_extracted/adbb010e3b1c5/Коды и база/QPM/utils/genpres.m,nested:adbb010e3b1c5,m,code,57385
experiments/code_repository_20260625/nested_extracted/adbb010e3b1c5/Коды и база/QPM/utils/load_filt_cond.m,nested:adbb010e3b1c5,m,code,1138
experiments/code_repository_20260625/nested_extracted/adbb010e3b1c5/Коды и база/QPM/utils/load_model.m,nested:adbb010e3b1c5,m,code,2463
experiments/code_repository_20260625/nested_extracted/adbb010e3b1c5/Коды и база/QPM/utils/load_model_calibr.m,nested:adbb010e3b1c5,m,code,2354
experiments/code_repository_20260625/nested_extracted/adbb010e3b1c5/Коды и база/QPM/utils/mk_shock_decomp.m,nested:adbb010e3b1c5,m,code,807
experiments/code_repository_20260625/nested_extracted/adbb010e3b1c5/Коды и база/QPM/utils/mk_shocks.m,nested:adbb010e3b1c5,m,code,3272
experiments/code_repository_20260625/nested_extracted/adbb010e3b1c5/Коды и база/QPM/utils/plotcont_.m,nested:adbb010e3b1c5,m,code,2266
experiments/code_repository_20260625/nested_extracted/adbb010e3b1c5/Коды и база/QPM/utils/quickexp.m,nested:adbb010e3b1c5,m,code,9271
experiments/code_repository_20260625/nested_extracted/adbb010e3b1c5/Коды и база/QPM/utils/ru_codes/mk_histsim.m,nested:adbb010e3b1c5,m,code,4301
experiments/code_repository_20260625/nested_extracted/adbb010e3b1c5/Коды и база/QPM/utils/ru_codes/ru_fcast_report.m,nested:adbb010e3b1c5,m,code,83198
experiments/code_repository_20260625/nested_extracted/adbb010e3b1c5/Коды и база/QPM/utils/ru_codes/ru_fcast_report_publish.m,nested:adbb010e3b1c5,m,code,5190
experiments/code_repository_20260625/nested_extracted/adbb010e3b1c5/Коды и база/QPM/utils/ru_codes/ru_fcast_report_short.m,nested:adbb010e3b1c5,m,code,18477
experiments/code_repository_20260625/nested_extracted/adbb010e3b1c5/Коды и база/QPM/utils/ru_codes/ru_filter_report.m,nested:adbb010e3b1c5,m,code,43881
experiments/code_repository_20260625/nested_extracted/adbb010e3b1c5/Коды и база/QPM/utils/ru_codes/ru_modeldata.m,nested:adbb010e3b1c5,m,code,5571
experiments/code_repository_20260625/nested_extracted/adbb010e3b1c5/Коды и база/QPM/utils/ru_codes/ru_readmodel.m,nested:adbb010e3b1c5,m,code,298
experiments/code_repository_20260625/nested_extracted/adbb010e3b1c5/Коды и база/QPM/utils/ru_codes/ru_setfcast alternative.m,nested:adbb010e3b1c5,m,code,11112
experiments/code_repository_20260625/nested_extracted/adbb010e3b1c5/Коды и база/QPM/utils/ru_codes/ru_setfcast — копия.m,nested:adbb010e3b1c5,m,code,12058
experiments/code_repository_20260625/nested_extracted/adbb010e3b1c5/Коды и база/QPM/utils/ru_codes/ru_setfcast.m,nested:adbb010e3b1c5,m,code,10602
experiments/code_repository_20260625/nested_extracted/adbb010e3b1c5/Коды и база/QPM/utils/ru_codes/ru_setfilter.m,nested:adbb010e3b1c5,m,code,6037
experiments/code_repository_20260625/nested_extracted/adbb010e3b1c5/Коды и база/QPM/utils/ru_codes/ru_sethistsim.m,nested:adbb010e3b1c5,m,code,1387
experiments/code_repository_20260625/nested_extracted/adbb010e3b1c5/Коды и база/QPM/utils/ru_codes/ru_setirfs.m,nested:adbb010e3b1c5,m,code,2124
experiments/code_repository_20260625/nested_extracted/adbb010e3b1c5/Коды и база/QPM/utils/ru_codes/ru_setshockdecomp.m,nested:adbb010e3b1c5,m,code,239
experiments/code_repository_20260625/nested_extracted/adbb010e3b1c5/Коды и база/QPM/utils/strjoin.m,nested:adbb010e3b1c5,m,code,1773
experiments/code_repository_20260625/nested_extracted/adbb010e3b1c5/Коды и база/QPM/utils/tools_calibr/a1_filter_calibr.m,nested:adbb010e3b1c5,m,code,2944
experiments/code_repository_20260625/nested_extracted/adbb010e3b1c5/Коды и база/QPM/utils/tools_calibr/a1_filter_calibr_mult.m,nested:adbb010e3b1c5,m,code,3375
experiments/code_repository_20260625/nested_extracted/adbb010e3b1c5/Коды и база/QPM/utils/tools_calibr/a1_filter_calibr_rmsfe.m,nested:adbb010e3b1c5,m,code,3411
experiments/code_repository_20260625/nested_extracted/adbb010e3b1c5/Коды и база/QPM/utils/tools_calibr/ext_calibr/a0_filter_calibr_mult.m,nested:adbb010e3b1c5,m,code,2702
experiments/code_repository_20260625/nested_extracted/adbb010e3b1c5/Коды и база/QPM/utils/tools_calibr/ext_calibr/a1_filter_calibr.m,nested:adbb010e3b1c5,m,code,2943
experiments/code_repository_20260625/nested_extracted/adbb010e3b1c5/Коды и база/QPM/utils/tools_calibr/ext_calibr/a1_filter_calibr_mult.m,nested:adbb010e3b1c5,m,code,3465
experiments/code_repository_20260625/nested_extracted/adbb010e3b1c5/Коды и база/QPM/utils/tools_calibr/load_model_calibr.m,nested:adbb010e3b1c5,m,code,896
experiments/code_repository_20260625/nested_extracted/ae00677697d94/ARIMAX.R,nested:ae00677697d94,r,code,2722
experiments/code_repository_20260625/nested_extracted/ae23229b6b5c5/8 Экономика ДВМР/_auto.wf1,nested:ae23229b6b5c5,wf1,code,203210
experiments/code_repository_20260625/nested_extracted/ae23229b6b5c5/8 Экономика ДВМР/_auto.wf1_Snapshots/snapshot_lastsave.wf1,nested:ae23229b6b5c5,wf1,code,204808
experiments/code_repository_20260625/nested_extracted/ae23229b6b5c5/8 Экономика ДВМР/prog.prg,nested:ae23229b6b5c5,prg,code,1814
experiments/code_repository_20260625/nested_extracted/ae23229b6b5c5/8 Экономика ДВМР/prog.prg_Snapshots/snapshot_lastsave.prg,nested:ae23229b6b5c5,prg,code,3097
experiments/code_repository_20260625/nested_extracted/ae2b6806288f5/3 ИПЦ/cpi.wf1,nested:ae2b6806288f5,wf1,code,21987672
experiments/code_repository_20260625/nested_extracted/ae2b6806288f5/3 ИПЦ/cpi.wf1_Snapshots/snapshot_lastsave.wf1,nested:ae2b6806288f5,wf1,code,21987672
experiments/code_repository_20260625/nested_extracted/ae2b6806288f5/3 ИПЦ/import_cpi.prg,nested:ae2b6806288f5,prg,code,25570
experiments/code_repository_20260625/nested_extracted/ae2b6806288f5/3 ИПЦ/test_cpi.prg,nested:ae2b6806288f5,prg,code,5161
experiments/code_repository_20260625/nested_extracted/ae48cf0647a33/Чита_R2_код/Chita_2_код.prg,nested:ae48cf0647a33,prg,code,926
experiments/code_repository_20260625/nested_extracted/ae5b6d9e0d30d/Разрыв выпуска/Разрыв выпуска (скрипт).prg,nested:ae5b6d9e0d30d,prg,code,1356
experiments/code_repository_20260625/nested_extracted/aeb7a4edbe343/BVAR/Коды/TVP_BVARiWcN.m,nested:aeb7a4edbe343,m,code,13533
experiments/code_repository_20260625/nested_extracted/aeb7a4edbe343/BVAR/Коды/var_unobserved_forecast2.m,nested:aeb7a4edbe343,m,code,3972
experiments/code_repository_20260625/nested_extracted/af2c7a7ead313/LSTM.ipynb,nested:af2c7a7ead313,ipynb,code,7721
experiments/code_repository_20260625/nested_extracted/af6a7c11f617b/KANK/Коды/baleig.m,nested:af6a7c11f617b,m,code,1333
experiments/code_repository_20260625/nested_extracted/af6a7c11f617b/KANK/Коды/matlab/AHessian.m,nested:af6a7c11f617b,m,code,5446
experiments/code_repository_20260625/nested_extracted/af6a7c11f617b/KANK/Коды/matlab/AIM/SPAimerr.m,nested:af6a7c11f617b,m,code,1576
experiments/code_repository_20260625/nested_extracted/af6a7c11f617b/KANK/Коды/matlab/AIM/SPAmalg.m,nested:af6a7c11f617b,m,code,3604
experiments/code_repository_20260625/nested_extracted/af6a7c11f617b/KANK/Коды/matlab/AIM/SPBuild_a.m,nested:af6a7c11f617b,m,code,1834
experiments/code_repository_20260625/nested_extracted/af6a7c11f617b/KANK/Коды/matlab/AIM/SPCopy_w.m,nested:af6a7c11f617b,m,code,1132
experiments/code_repository_20260625/nested_extracted/af6a7c11f617b/KANK/Коды/matlab/AIM/SPEigensystem.m,nested:af6a7c11f617b,m,code,2111
experiments/code_repository_20260625/nested_extracted/af6a7c11f617b/KANK/Коды/matlab/AIM/SPExact_shift.m,nested:af6a7c11f617b,m,code,1432
experiments/code_repository_20260625/nested_extracted/af6a7c11f617b/KANK/Коды/matlab/AIM/SPNumeric_shift.m,nested:af6a7c11f617b,m,code,1548
experiments/code_repository_20260625/nested_extracted/af6a7c11f617b/KANK/Коды/matlab/AIM/SPObstruct.m,nested:af6a7c11f617b,m,code,1941
experiments/code_repository_20260625/nested_extracted/af6a7c11f617b/KANK/Коды/matlab/AIM/SPReduced_form.m,nested:af6a7c11f617b,m,code,1632
experiments/code_repository_20260625/nested_extracted/af6a7c11f617b/KANK/Коды/matlab/AIM/SPShiftright.m,nested:af6a7c11f617b,m,code,1104
experiments/code_repository_20260625/nested_extracted/af6a7c11f617b/KANK/Коды/matlab/AIM/dynAIMsolver1.m,nested:af6a7c11f617b,m,code,6490
experiments/code_repository_20260625/nested_extracted/af6a7c11f617b/KANK/Коды/matlab/AIM_first_order_solver.m,nested:af6a7c11f617b,m,code,2962
experiments/code_repository_20260625/nested_extracted/af6a7c11f617b/KANK/Коды/matlab/CheckPath.m,nested:af6a7c11f617b,m,code,1578
experiments/code_repository_20260625/nested_extracted/af6a7c11f617b/KANK/Коды/matlab/CutSample.m,nested:af6a7c11f617b,m,code,3289
experiments/code_repository_20260625/nested_extracted/af6a7c11f617b/KANK/Коды/matlab/DsgeSmoother.m,nested:af6a7c11f617b,m,code,12082
experiments/code_repository_20260625/nested_extracted/af6a7c11f617b/KANK/Коды/matlab/GetAllPosteriorDraws.m,nested:af6a7c11f617b,m,code,3164
experiments/code_repository_20260625/nested_extracted/af6a7c11f617b/KANK/Коды/matlab/GetOneDraw.m,nested:af6a7c11f617b,m,code,1400
experiments/code_repository_20260625/nested_extracted/af6a7c11f617b/KANK/Коды/matlab/GetPosteriorMeanVariance.m,nested:af6a7c11f617b,m,code,2121
experiments/code_repository_20260625/nested_extracted/af6a7c11f617b/KANK/Коды/matlab/GetPosteriorParametersStatistics.m,nested:af6a7c11f617b,m,code,17263
experiments/code_repository_20260625/nested_extracted/af6a7c11f617b/KANK/Коды/matlab/MakeAllFigures.m,nested:af6a7c11f617b,m,code,5470
experiments/code_repository_20260625/nested_extracted/af6a7c11f617b/KANK/Коды/matlab/PlotPosteriorDistributions.m,nested:af6a7c11f617b,m,code,6762
experiments/code_repository_20260625/nested_extracted/af6a7c11f617b/KANK/Коды/matlab/PosteriorIRF.m,nested:af6a7c11f617b,m,code,16322
experiments/code_repository_20260625/nested_extracted/af6a7c11f617b/KANK/Коды/matlab/PosteriorIRF_core1.m,nested:af6a7c11f617b,m,code,11454
experiments/code_repository_20260625/nested_extracted/af6a7c11f617b/KANK/Коды/matlab/PosteriorIRF_core2.m,nested:af6a7c11f617b,m,code,7231
experiments/code_repository_20260625/nested_extracted/af6a7c11f617b/KANK/Коды/matlab/ReshapeMatFiles.m,nested:af6a7c11f617b,m,code,7594
experiments/code_repository_20260625/nested_extracted/af6a7c11f617b/KANK/Коды/matlab/TaRB_optimizer_wrapper.m,nested:af6a7c11f617b,m,code,2358
experiments/code_repository_20260625/nested_extracted/af6a7c11f617b/KANK/Коды/matlab/Tracing.m,nested:af6a7c11f617b,m,code,1005
experiments/code_repository_20260625/nested_extracted/af6a7c11f617b/KANK/Коды/matlab/UnivariateSpectralDensity.m,nested:af6a7c11f617b,m,code,6008
experiments/code_repository_20260625/nested_extracted/af6a7c11f617b/KANK/Коды/matlab/WriteShockDecomp2Excel.m,nested:af6a7c11f617b,m,code,4441
experiments/code_repository_20260625/nested_extracted/af6a7c11f617b/KANK/Коды/matlab/add_filter_subtitle.m,nested:af6a7c11f617b,m,code,1619
experiments/code_repository_20260625/nested_extracted/af6a7c11f617b/KANK/Коды/matlab/add_path_to_mex_files.m,nested:af6a7c11f617b,m,code,2619
experiments/code_repository_20260625/nested_extracted/af6a7c11f617b/KANK/Коды/matlab/annualized_shock_decomposition.m,nested:af6a7c11f617b,m,code,12233
experiments/code_repository_20260625/nested_extracted/af6a7c11f617b/KANK/Коды/matlab/autoregressive_process_specification.m,nested:af6a7c11f617b,m,code,3657
experiments/code_repository_20260625/nested_extracted/af6a7c11f617b/KANK/Коды/matlab/backward_model_inversion.m,nested:af6a7c11f617b,m,code,5527
experiments/code_repository_20260625/nested_extracted/af6a7c11f617b/KANK/Коды/matlab/basic_plan.m,nested:af6a7c11f617b,m,code,4437
experiments/code_repository_20260625/nested_extracted/af6a7c11f617b/KANK/Коды/matlab/bicgstab_.m,nested:af6a7c11f617b,m,code,1364
experiments/code_repository_20260625/nested_extracted/af6a7c11f617b/KANK/Коды/matlab/bksup0.m,nested:af6a7c11f617b,m,code,1219
experiments/code_repository_20260625/nested_extracted/af6a7c11f617b/KANK/Коды/matlab/bksup1.m,nested:af6a7c11f617b,m,code,1286
experiments/code_repository_20260625/nested_extracted/af6a7c11f617b/KANK/Коды/matlab/bksupk.m,nested:af6a7c11f617b,m,code,2081
experiments/code_repository_20260625/nested_extracted/af6a7c11f617b/KANK/Коды/matlab/block_bytecode_mfs_steadystate.m,nested:af6a7c11f617b,m,code,1056
experiments/code_repository_20260625/nested_extracted/af6a7c11f617b/KANK/Коды/matlab/block_mfs_steadystate.m,nested:af6a7c11f617b,m,code,1002
experiments/code_repository_20260625/nested_extracted/af6a7c11f617b/KANK/Коды/matlab/bseastr.m,nested:af6a7c11f617b,m,code,1318
experiments/code_repository_20260625/nested_extracted/af6a7c11f617b/KANK/Коды/matlab/bvar_density.m,nested:af6a7c11f617b,m,code,2864
experiments/code_repository_20260625/nested_extracted/af6a7c11f617b/KANK/Коды/matlab/bvar_forecast.m,nested:af6a7c11f617b,m,code,6369
experiments/code_repository_20260625/nested_extracted/af6a7c11f617b/KANK/Коды/matlab/bvar_irf.m,nested:af6a7c11f617b,m,code,5329
experiments/code_repository_20260625/nested_extracted/af6a7c11f617b/KANK/Коды/matlab/bvar_toolbox.m,nested:af6a7c11f617b,m,code,12844
experiments/code_repository_20260625/nested_extracted/af6a7c11f617b/KANK/Коды/matlab/bytecode_steadystate.m,nested:af6a7c11f617b,m,code,944
experiments/code_repository_20260625/nested_extracted/af6a7c11f617b/KANK/Коды/matlab/cartesian_product_of_sets.m,nested:af6a7c11f617b,m,code,1693
experiments/code_repository_20260625/nested_extracted/af6a7c11f617b/KANK/Коды/matlab/cellofchar2mfile.m,nested:af6a7c11f617b,m,code,1785
experiments/code_repository_20260625/nested_extracted/af6a7c11f617b/KANK/Коды/matlab/check.m,nested:af6a7c11f617b,m,code,3209
experiments/code_repository_20260625/nested_extracted/af6a7c11f617b/KANK/Коды/matlab/check_consistency_covariances.m,nested:af6a7c11f617b,m,code,1379
experiments/code_repository_20260625/nested_extracted/af6a7c11f617b/KANK/Коды/matlab/check_dsge_var_model.m,nested:af6a7c11f617b,m,code,1714
experiments/code_repository_20260625/nested_extracted/af6a7c11f617b/KANK/Коды/matlab/check_for_calibrated_covariances.m,nested:af6a7c11f617b,m,code,3071
experiments/code_repository_20260625/nested_extracted/af6a7c11f617b/KANK/Коды/matlab/check_list_of_variables.m,nested:af6a7c11f617b,m,code,5653
experiments/code_repository_20260625/nested_extracted/af6a7c11f617b/KANK/Коды/matlab/check_matlab_path.m,nested:af6a7c11f617b,m,code,5754
experiments/code_repository_20260625/nested_extracted/af6a7c11f617b/KANK/Коды/matlab/check_model.m,nested:af6a7c11f617b,m,code,1825
experiments/code_repository_20260625/nested_extracted/af6a7c11f617b/KANK/Коды/matlab/check_name.m,nested:af6a7c11f617b,m,code,768
experiments/code_repository_20260625/nested_extracted/af6a7c11f617b/KANK/Коды/matlab/check_posterior_analysis_data.m,nested:af6a7c11f617b,m,code,4427
experiments/code_repository_20260625/nested_extracted/af6a7c11f617b/KANK/Коды/matlab/check_posterior_sampler_options.m,nested:af6a7c11f617b,m,code,21255
experiments/code_repository_20260625/nested_extracted/af6a7c11f617b/KANK/Коды/matlab/check_prior_analysis_data.m,nested:af6a7c11f617b,m,code,4167
experiments/code_repository_20260625/nested_extracted/af6a7c11f617b/KANK/Коды/matlab/check_prior_bounds.m,nested:af6a7c11f617b,m,code,2628
experiments/code_repository_20260625/nested_extracted/af6a7c11f617b/KANK/Коды/matlab/check_valid_ver.m,nested:af6a7c11f617b,m,code,1298
experiments/code_repository_20260625/nested_extracted/af6a7c11f617b/KANK/Коды/matlab/chol_SE.m,nested:af6a7c11f617b,m,code,10929
experiments/code_repository_20260625/nested_extracted/af6a7c11f617b/KANK/Коды/matlab/clear_persistent_variables.m,nested:af6a7c11f617b,m,code,2331
experiments/code_repository_20260625/nested_extracted/af6a7c11f617b/KANK/Коды/matlab/cli/prior.m,nested:af6a7c11f617b,m,code,7994
experiments/code_repository_20260625/nested_extracted/af6a7c11f617b/KANK/Коды/matlab/collect_latex_files.m,nested:af6a7c11f617b,m,code,6003
experiments/code_repository_20260625/nested_extracted/af6a7c11f617b/KANK/Коды/matlab/compute_Pinf_Pstar.m,nested:af6a7c11f617b,m,code,4112
experiments/code_repository_20260625/nested_extracted/af6a7c11f617b/KANK/Коды/matlab/compute_mh_covariance_matrix.m,nested:af6a7c11f617b,m,code,2963
experiments/code_repository_20260625/nested_extracted/af6a7c11f617b/KANK/Коды/matlab/compute_model_moments.m,nested:af6a7c11f617b,m,code,1100
experiments/code_repository_20260625/nested_extracted/af6a7c11f617b/KANK/Коды/matlab/compute_moments_varendo.m,nested:af6a7c11f617b,m,code,7312
experiments/code_repository_20260625/nested_extracted/af6a7c11f617b/KANK/Коды/matlab/compute_overall_acceptance_ratio.m,nested:af6a7c11f617b,m,code,1417
experiments/code_repository_20260625/nested_extracted/af6a7c11f617b/KANK/Коды/matlab/compute_trend_coefficients.m,nested:af6a7c11f617b,m,code,1845
experiments/code_repository_20260625/nested_extracted/af6a7c11f617b/KANK/Коды/matlab/conditional_variance_decomposition.m,nested:af6a7c11f617b,m,code,3327
experiments/code_repository_20260625/nested_extracted/af6a7c11f617b/KANK/Коды/matlab/conditional_variance_decomposition_mc_analysis.m,nested:af6a7c11f617b,m,code,5851
experiments/code_repository_20260625/nested_extracted/af6a7c11f617b/KANK/Коды/matlab/convergence_diagnostics/McMCDiagnostics.m,nested:af6a7c11f617b,m,code,22320
experiments/code_repository_20260625/nested_extracted/af6a7c11f617b/KANK/Коды/matlab/convergence_diagnostics/McMCDiagnostics_core.m,nested:af6a7c11f617b,m,code,6744
experiments/code_repository_20260625/nested_extracted/af6a7c11f617b/KANK/Коды/matlab/convergence_diagnostics/geweke_chi2_test.m,nested:af6a7c11f617b,m,code,3221
experiments/code_repository_20260625/nested_extracted/af6a7c11f617b/KANK/Коды/matlab/convergence_diagnostics/geweke_moments.m,nested:af6a7c11f617b,m,code,4471
experiments/code_repository_20260625/nested_extracted/af6a7c11f617b/KANK/Коды/matlab/convergence_diagnostics/mcmc_ifac.m,nested:af6a7c11f617b,m,code,2335
experiments/code_repository_20260625/nested_extracted/af6a7c11f617b/KANK/Коды/matlab/convergence_diagnostics/raftery_lewis.m,nested:af6a7c11f617b,m,code,7380
experiments/code_repository_20260625/nested_extracted/af6a7c11f617b/KANK/Коды/matlab/convertAimCodeToInfo.m,nested:af6a7c11f617b,m,code,1984
experiments/code_repository_20260625/nested_extracted/af6a7c11f617b/KANK/Коды/matlab/convert_dyn_45_to_44.m,nested:af6a7c11f617b,m,code,9821
experiments/code_repository_20260625/nested_extracted/af6a7c11f617b/KANK/Коды/matlab/convert_oo_.m,nested:af6a7c11f617b,m,code,2613
experiments/code_repository_20260625/nested_extracted/af6a7c11f617b/KANK/Коды/matlab/correlation_mc_analysis.m,nested:af6a7c11f617b,m,code,6417
experiments/code_repository_20260625/nested_extracted/af6a7c11f617b/KANK/Коды/matlab/cosn.m,nested:af6a7c11f617b,m,code,1118
experiments/code_repository_20260625/nested_extracted/af6a7c11f617b/KANK/Коды/matlab/covariance_mc_analysis.m,nested:af6a7c11f617b,m,code,6623
experiments/code_repository_20260625/nested_extracted/af6a7c11f617b/KANK/Коды/matlab/csolve.m,nested:af6a7c11f617b,m,code,5739
experiments/code_repository_20260625/nested_extracted/af6a7c11f617b/KANK/Коды/matlab/cubature_with_gaussian_weight.m,nested:af6a7c11f617b,m,code,8893
experiments/code_repository_20260625/nested_extracted/af6a7c11f617b/KANK/Коды/matlab/cycle_reduction.m,nested:af6a7c11f617b,m,code,4294
experiments/code_repository_20260625/nested_extracted/af6a7c11f617b/KANK/Коды/matlab/datatomfile.m,nested:af6a7c11f617b,m,code,2363
experiments/code_repository_20260625/nested_extracted/af6a7c11f617b/KANK/Коды/matlab/dcompare.m,nested:af6a7c11f617b,m,code,1514
experiments/code_repository_20260625/nested_extracted/af6a7c11f617b/KANK/Коды/matlab/delete_mh_history_files.m,nested:af6a7c11f617b,m,code,1155
experiments/code_repository_20260625/nested_extracted/af6a7c11f617b/KANK/Коды/matlab/discretionary_policy.m,nested:af6a7c11f617b,m,code,1240
experiments/code_repository_20260625/nested_extracted/af6a7c11f617b/KANK/Коды/matlab/discretionary_policy_1.m,nested:af6a7c11f617b,m,code,5092
experiments/code_repository_20260625/nested_extracted/af6a7c11f617b/KANK/Коды/matlab/discretionary_policy_engine.m,nested:af6a7c11f617b,m,code,9817
experiments/code_repository_20260625/nested_extracted/af6a7c11f617b/KANK/Коды/matlab/disp_dr.m,nested:af6a7c11f617b,m,code,7904
experiments/code_repository_20260625/nested_extracted/af6a7c11f617b/KANK/Коды/matlab/disp_identification.m,nested:af6a7c11f617b,m,code,11777
experiments/code_repository_20260625/nested_extracted/af6a7c11f617b/KANK/Коды/matlab/disp_model_summary.m,nested:af6a7c11f617b,m,code,1609
experiments/code_repository_20260625/nested_extracted/af6a7c11f617b/KANK/Коды/matlab/disp_moments.m,nested:af6a7c11f617b,m,code,7965
experiments/code_repository_20260625/nested_extracted/af6a7c11f617b/KANK/Коды/matlab/disp_steady_state.m,nested:af6a7c11f617b,m,code,1148
experiments/code_repository_20260625/nested_extracted/af6a7c11f617b/KANK/Коды/matlab/disp_th_moments.m,nested:af6a7c11f617b,m,code,6879
experiments/code_repository_20260625/nested_extracted/af6a7c11f617b/KANK/Коды/matlab/display_conditional_variance_decomposition.m,nested:af6a7c11f617b,m,code,2619
experiments/code_repository_20260625/nested_extracted/af6a7c11f617b/KANK/Коды/matlab/display_estimation_results_table.m,nested:af6a7c11f617b,m,code,17490
experiments/code_repository_20260625/nested_extracted/af6a7c11f617b/KANK/Коды/matlab/display_problematic_vars_Jacobian.m,nested:af6a7c11f617b,m,code,8310
experiments/code_repository_20260625/nested_extracted/af6a7c11f617b/KANK/Коды/matlab/distributions/beta_specification.m,nested:af6a7c11f617b,m,code,3036
experiments/code_repository_20260625/nested_extracted/af6a7c11f617b/KANK/Коды/matlab/distributions/compute_prior_mode.m,nested:af6a7c11f617b,m,code,6862
experiments/code_repository_20260625/nested_extracted/af6a7c11f617b/KANK/Коды/matlab/distributions/gamma_specification.m,nested:af6a7c11f617b,m,code,2503
experiments/code_repository_20260625/nested_extracted/af6a7c11f617b/KANK/Коды/matlab/distributions/ig1fun.m,nested:af6a7c11f617b,m,code,807
experiments/code_repository_20260625/nested_extracted/af6a7c11f617b/KANK/Коды/matlab/distributions/inverse_gamma_specification.m,nested:af6a7c11f617b,m,code,6260
experiments/code_repository_20260625/nested_extracted/af6a7c11f617b/KANK/Коды/matlab/distributions/lpdfgweibull.m,nested:af6a7c11f617b,m,code,8425
experiments/code_repository_20260625/nested_extracted/af6a7c11f617b/KANK/Коды/matlab/distributions/mode_and_variance_to_mean.m,nested:af6a7c11f617b,m,code,5880
experiments/code_repository_20260625/nested_extracted/af6a7c11f617b/KANK/Коды/matlab/distributions/multivariate_normal_pdf.m,nested:af6a7c11f617b,m,code,1476
experiments/code_repository_20260625/nested_extracted/af6a7c11f617b/KANK/Коды/matlab/distributions/multivariate_student_pdf.m,nested:af6a7c11f617b,m,code,1572
experiments/code_repository_20260625/nested_extracted/af6a7c11f617b/KANK/Коды/matlab/distributions/rand_inverse_wishart.m,nested:af6a7c11f617b,m,code,2018
experiments/code_repository_20260625/nested_extracted/af6a7c11f617b/KANK/Коды/matlab/distributions/rand_matrix_normal.m,nested:af6a7c11f617b,m,code,1690
experiments/code_repository_20260625/nested_extracted/af6a7c11f617b/KANK/Коды/matlab/distributions/rand_multivariate_normal.m,nested:af6a7c11f617b,m,code,1423
experiments/code_repository_20260625/nested_extracted/af6a7c11f617b/KANK/Коды/matlab/distributions/rand_multivariate_student.m,nested:af6a7c11f617b,m,code,1920
experiments/code_repository_20260625/nested_extracted/af6a7c11f617b/KANK/Коды/matlab/distributions/weibull_specification.m,nested:af6a7c11f617b,m,code,3861
experiments/code_repository_20260625/nested_extracted/af6a7c11f617b/KANK/Коды/matlab/do_parameter_initialization.m,nested:af6a7c11f617b,m,code,9276
experiments/code_repository_20260625/nested_extracted/af6a7c11f617b/KANK/Коды/matlab/dr_block.m,nested:af6a7c11f617b,m,code,30707
experiments/code_repository_20260625/nested_extracted/af6a7c11f617b/KANK/Коды/matlab/draw_prior_density.m,nested:af6a7c11f617b,m,code,4858
experiments/code_repository_20260625/nested_extracted/af6a7c11f617b/KANK/Коды/matlab/dsample.m,nested:af6a7c11f617b,m,code,1793
experiments/code_repository_20260625/nested_extracted/af6a7c11f617b/KANK/Коды/matlab/dsge_likelihood.m,nested:af6a7c11f617b,m,code,58395
experiments/code_repository_20260625/nested_extracted/af6a7c11f617b/KANK/Коды/matlab/dsge_simulated_theoretical_conditional_variance_decomposition.m,nested:af6a7c11f617b,m,code,6894
experiments/code_repository_20260625/nested_extracted/af6a7c11f617b/KANK/Коды/matlab/dsge_simulated_theoretical_correlation.m,nested:af6a7c11f617b,m,code,5233
experiments/code_repository_20260625/nested_extracted/af6a7c11f617b/KANK/Коды/matlab/dsge_simulated_theoretical_covariance.m,nested:af6a7c11f617b,m,code,5150
experiments/code_repository_20260625/nested_extracted/af6a7c11f617b/KANK/Коды/matlab/dsge_simulated_theoretical_variance_decomposition.m,nested:af6a7c11f617b,m,code,6087
experiments/code_repository_20260625/nested_extracted/af6a7c11f617b/KANK/Коды/matlab/dsge_var_likelihood.m,nested:af6a7c11f617b,m,code,14518
experiments/code_repository_20260625/nested_extracted/af6a7c11f617b/KANK/Коды/matlab/dy_date.m,nested:af6a7c11f617b,m,code,797
experiments/code_repository_20260625/nested_extracted/af6a7c11f617b/KANK/Коды/matlab/dyn2vec.m,nested:af6a7c11f617b,m,code,2565
experiments/code_repository_20260625/nested_extracted/af6a7c11f617b/KANK/Коды/matlab/dyn_autocorr.m,nested:af6a7c11f617b,m,code,1094
experiments/code_repository_20260625/nested_extracted/af6a7c11f617b/KANK/Коды/matlab/dyn_diag_vech.m,nested:af6a7c11f617b,m,code,1038
experiments/code_repository_20260625/nested_extracted/af6a7c11f617b/KANK/Коды/matlab/dyn_figure.m,nested:af6a7c11f617b,m,code,1165
experiments/code_repository_20260625/nested_extracted/af6a7c11f617b/KANK/Коды/matlab/dyn_first_order_solver.m,nested:af6a7c11f617b,m,code,12815
experiments/code_repository_20260625/nested_extracted/af6a7c11f617b/KANK/Коды/matlab/dyn_forecast.m,nested:af6a7c11f617b,m,code,7205
experiments/code_repository_20260625/nested_extracted/af6a7c11f617b/KANK/Коды/matlab/dyn_latex_table.m,nested:af6a7c11f617b,m,code,3855
experiments/code_repository_20260625/nested_extracted/af6a7c11f617b/KANK/Коды/matlab/dyn_ramsey_static.m,nested:af6a7c11f617b,m,code,7375
experiments/code_repository_20260625/nested_extracted/af6a7c11f617b/KANK/Коды/matlab/dyn_risky_steadystate_solver.m,nested:af6a7c11f617b,m,code,16101
experiments/code_repository_20260625/nested_extracted/af6a7c11f617b/KANK/Коды/matlab/dyn_saveas.m,nested:af6a7c11f617b,m,code,2334
experiments/code_repository_20260625/nested_extracted/af6a7c11f617b/KANK/Коды/matlab/dyn_second_order_solver.m,nested:af6a7c11f617b,m,code,5839
experiments/code_repository_20260625/nested_extracted/af6a7c11f617b/KANK/Коды/matlab/dyn_unvech.m,nested:af6a7c11f617b,m,code,1151
experiments/code_repository_20260625/nested_extracted/af6a7c11f617b/KANK/Коды/matlab/dyn_vech.m,nested:af6a7c11f617b,m,code,1079
experiments/code_repository_20260625/nested_extracted/af6a7c11f617b/KANK/Коды/matlab/dyn_waitbar.m,nested:af6a7c11f617b,m,code,2167
experiments/code_repository_20260625/nested_extracted/af6a7c11f617b/KANK/Коды/matlab/dyn_waitbar_close.m,nested:af6a7c11f617b,m,code,975
experiments/code_repository_20260625/nested_extracted/af6a7c11f617b/KANK/Коды/matlab/dynamic_backward_model_for_inversion.m,nested:af6a7c11f617b,m,code,1376
experiments/code_repository_20260625/nested_extracted/af6a7c11f617b/KANK/Коды/matlab/dynamic_backward_model_for_simulation.m,nested:af6a7c11f617b,m,code,1493
experiments/code_repository_20260625/nested_extracted/af6a7c11f617b/KANK/Коды/matlab/dynare.m,nested:af6a7c11f617b,m,code,7713
experiments/code_repository_20260625/nested_extracted/af6a7c11f617b/KANK/Коды/matlab/dynare_config.m,nested:af6a7c11f617b,m,code,6913
experiments/code_repository_20260625/nested_extracted/af6a7c11f617b/KANK/Коды/matlab/dynare_estimation.m,nested:af6a7c11f617b,m,code,7784
experiments/code_repository_20260625/nested_extracted/af6a7c11f617b/KANK/Коды/matlab/dynare_estimation_1.m,nested:af6a7c11f617b,m,code,38721
experiments/code_repository_20260625/nested_extracted/af6a7c11f617b/KANK/Коды/matlab/dynare_estimation_init.m,nested:af6a7c11f617b,m,code,29297
experiments/code_repository_20260625/nested_extracted/af6a7c11f617b/KANK/Коды/matlab/dynare_gradient.m,nested:af6a7c11f617b,m,code,1851
experiments/code_repository_20260625/nested_extracted/af6a7c11f617b/KANK/Коды/matlab/dynare_graph.m,nested:af6a7c11f617b,m,code,1405
experiments/code_repository_20260625/nested_extracted/af6a7c11f617b/KANK/Коды/matlab/dynare_graph_close.m,nested:af6a7c11f617b,m,code,841
experiments/code_repository_20260625/nested_extracted/af6a7c11f617b/KANK/Коды/matlab/dynare_graph_init.m,nested:af6a7c11f617b,m,code,2029
experiments/code_repository_20260625/nested_extracted/af6a7c11f617b/KANK/Коды/matlab/dynare_identification.m,nested:af6a7c11f617b,m,code,27470
experiments/code_repository_20260625/nested_extracted/af6a7c11f617b/KANK/Коды/matlab/dynare_resolve.m,nested:af6a7c11f617b,m,code,3821
experiments/code_repository_20260625/nested_extracted/af6a7c11f617b/KANK/Коды/matlab/dynare_sensitivity.m,nested:af6a7c11f617b,m,code,22160
experiments/code_repository_20260625/nested_extracted/af6a7c11f617b/KANK/Коды/matlab/dynare_solve.m,nested:af6a7c11f617b,m,code,7117
experiments/code_repository_20260625/nested_extracted/af6a7c11f617b/KANK/Коды/matlab/dynare_solve_block_or_bytecode.m,nested:af6a7c11f617b,m,code,4099
experiments/code_repository_20260625/nested_extracted/af6a7c11f617b/KANK/Коды/matlab/dynare_squeeze.m,nested:af6a7c11f617b,m,code,1029
experiments/code_repository_20260625/nested_extracted/af6a7c11f617b/KANK/Коды/matlab/dynare_version.m,nested:af6a7c11f617b,m,code,925
experiments/code_repository_20260625/nested_extracted/af6a7c11f617b/KANK/Коды/matlab/dynasave.m,nested:af6a7c11f617b,m,code,1774
experiments/code_repository_20260625/nested_extracted/af6a7c11f617b/KANK/Коды/matlab/dynatype.m,nested:af6a7c11f617b,m,code,1597
experiments/code_repository_20260625/nested_extracted/af6a7c11f617b/KANK/Коды/matlab/dynsec2hms.m,nested:af6a7c11f617b,m,code,935
experiments/code_repository_20260625/nested_extracted/af6a7c11f617b/KANK/Коды/matlab/dyntable.m,nested:af6a7c11f617b,m,code,2855
experiments/code_repository_20260625/nested_extracted/af6a7c11f617b/KANK/Коды/matlab/endogenous_prior.m,nested:af6a7c11f617b,m,code,3100
experiments/code_repository_20260625/nested_extracted/af6a7c11f617b/KANK/Коды/matlab/endogenous_prior_restrictions.m,nested:af6a7c11f617b,m,code,6989
experiments/code_repository_20260625/nested_extracted/af6a7c11f617b/KANK/Коды/matlab/ep/ep_accuracy_check.m,nested:af6a7c11f617b,m,code,565
experiments/code_repository_20260625/nested_extracted/af6a7c11f617b/KANK/Коды/matlab/ep/ep_problem_2.m,nested:af6a7c11f617b,m,code,6908
experiments/code_repository_20260625/nested_extracted/af6a7c11f617b/KANK/Коды/matlab/ep/euler_equation_error.m,nested:af6a7c11f617b,m,code,2484
experiments/code_repository_20260625/nested_extracted/af6a7c11f617b/KANK/Коды/matlab/ep/extended_path.m,nested:af6a7c11f617b,m,code,4660
experiments/code_repository_20260625/nested_extracted/af6a7c11f617b/KANK/Коды/matlab/ep/extended_path_core.m,nested:af6a7c11f617b,m,code,3207
experiments/code_repository_20260625/nested_extracted/af6a7c11f617b/KANK/Коды/matlab/ep/extended_path_homotopy.m,nested:af6a7c11f617b,m,code,4851
experiments/code_repository_20260625/nested_extracted/af6a7c11f617b/KANK/Коды/matlab/ep/extended_path_initialization.m,nested:af6a7c11f617b,m,code,4996
experiments/code_repository_20260625/nested_extracted/af6a7c11f617b/KANK/Коды/matlab/ep/extended_path_mc.m,nested:af6a7c11f617b,m,code,6732
experiments/code_repository_20260625/nested_extracted/af6a7c11f617b/KANK/Коды/matlab/ep/extended_path_shocks.m,nested:af6a7c11f617b,m,code,1814
experiments/code_repository_20260625/nested_extracted/af6a7c11f617b/KANK/Коды/matlab/ep/get_block_world_nbr.m,nested:af6a7c11f617b,m,code,1111
experiments/code_repository_20260625/nested_extracted/af6a7c11f617b/KANK/Коды/matlab/ep/setup_integration_nodes.m,nested:af6a7c11f617b,m,code,1925
experiments/code_repository_20260625/nested_extracted/af6a7c11f617b/KANK/Коды/matlab/ep/setup_stochastic_perfect_foresight_model_solver.m,nested:af6a7c11f617b,m,code,2760
experiments/code_repository_20260625/nested_extracted/af6a7c11f617b/KANK/Коды/matlab/ep/solve_stochastic_perfect_foresight_model.m,nested:af6a7c11f617b,m,code,8046
experiments/code_repository_20260625/nested_extracted/af6a7c11f617b/KANK/Коды/matlab/ep/solve_stochastic_perfect_foresight_model_1.m,nested:af6a7c11f617b,m,code,4094
experiments/code_repository_20260625/nested_extracted/af6a7c11f617b/KANK/Коды/matlab/ep_residuals.m,nested:af6a7c11f617b,m,code,2619
experiments/code_repository_20260625/nested_extracted/af6a7c11f617b/KANK/Коды/matlab/erase_compiled_function.m,nested:af6a7c11f617b,m,code,851
experiments/code_repository_20260625/nested_extracted/af6a7c11f617b/KANK/Коды/matlab/evaluate_dynamic_model.m,nested:af6a7c11f617b,m,code,1126
experiments/code_repository_20260625/nested_extracted/af6a7c11f617b/KANK/Коды/matlab/evaluate_likelihood.m,nested:af6a7c11f617b,m,code,2830
experiments/code_repository_20260625/nested_extracted/af6a7c11f617b/KANK/Коды/matlab/evaluate_max_dynamic_residual.m,nested:af6a7c11f617b,m,code,1135
experiments/code_repository_20260625/nested_extracted/af6a7c11f617b/KANK/Коды/matlab/evaluate_planner_objective.m,nested:af6a7c11f617b,m,code,4986
experiments/code_repository_20260625/nested_extracted/af6a7c11f617b/KANK/Коды/matlab/evaluate_posterior_kernel.m,nested:af6a7c11f617b,m,code,1577
experiments/code_repository_20260625/nested_extracted/af6a7c11f617b/KANK/Коды/matlab/evaluate_prior.m,nested:af6a7c11f617b,m,code,2271
experiments/code_repository_20260625/nested_extracted/af6a7c11f617b/KANK/Коды/matlab/evaluate_smoother.m,nested:af6a7c11f617b,m,code,5123
experiments/code_repository_20260625/nested_extracted/af6a7c11f617b/KANK/Коды/matlab/evaluate_static_model.m,nested:af6a7c11f617b,m,code,2643
experiments/code_repository_20260625/nested_extracted/af6a7c11f617b/KANK/Коды/matlab/evaluate_steady_state.m,nested:af6a7c11f617b,m,code,15341
experiments/code_repository_20260625/nested_extracted/af6a7c11f617b/KANK/Коды/matlab/evaluate_steady_state_file.m,nested:af6a7c11f617b,m,code,4892
experiments/code_repository_20260625/nested_extracted/af6a7c11f617b/KANK/Коды/matlab/execute_prior_posterior_function.m,nested:af6a7c11f617b,m,code,4330
experiments/code_repository_20260625/nested_extracted/af6a7c11f617b/KANK/Коды/matlab/expand_group.m,nested:af6a7c11f617b,m,code,1849
experiments/code_repository_20260625/nested_extracted/af6a7c11f617b/KANK/Коды/matlab/f_var.m,nested:af6a7c11f617b,m,code,755
experiments/code_repository_20260625/nested_extracted/af6a7c11f617b/KANK/Коды/matlab/fastgensylv.m,nested:af6a7c11f617b,m,code,2969
experiments/code_repository_20260625/nested_extracted/af6a7c11f617b/KANK/Коды/matlab/ff1_.m,nested:af6a7c11f617b,m,code,1202
experiments/code_repository_20260625/nested_extracted/af6a7c11f617b/KANK/Коды/matlab/ffill.m,nested:af6a7c11f617b,m,code,1404
experiments/code_repository_20260625/nested_extracted/af6a7c11f617b/KANK/Коды/matlab/fjaco.m,nested:af6a7c11f617b,m,code,1344
experiments/code_repository_20260625/nested_extracted/af6a7c11f617b/KANK/Коды/matlab/flip_plan.m,nested:af6a7c11f617b,m,code,5838
experiments/code_repository_20260625/nested_extracted/af6a7c11f617b/KANK/Коды/matlab/forcst.m,nested:af6a7c11f617b,m,code,3334
experiments/code_repository_20260625/nested_extracted/af6a7c11f617b/KANK/Коды/matlab/forcst2.m,nested:af6a7c11f617b,m,code,2145
experiments/code_repository_20260625/nested_extracted/af6a7c11f617b/KANK/Коды/matlab/forcst2a.m,nested:af6a7c11f617b,m,code,1626
experiments/code_repository_20260625/nested_extracted/af6a7c11f617b/KANK/Коды/matlab/forecast_graphs.m,nested:af6a7c11f617b,m,code,7139
experiments/code_repository_20260625/nested_extracted/af6a7c11f617b/KANK/Коды/matlab/formdata.m,nested:af6a7c11f617b,m,code,2598
experiments/code_repository_20260625/nested_extracted/af6a7c11f617b/KANK/Коды/matlab/ftest.m,nested:af6a7c11f617b,m,code,2196
experiments/code_repository_20260625/nested_extracted/af6a7c11f617b/KANK/Коды/matlab/fwriten.m,nested:af6a7c11f617b,m,code,822
experiments/code_repository_20260625/nested_extracted/af6a7c11f617b/KANK/Коды/matlab/gauss_hermite_weights_and_nodes.m,nested:af6a7c11f617b,m,code,3744
experiments/code_repository_20260625/nested_extracted/af6a7c11f617b/KANK/Коды/matlab/gauss_legendre_weights_and_nodes.m,nested:af6a7c11f617b,m,code,4253
experiments/code_repository_20260625/nested_extracted/af6a7c11f617b/KANK/Коды/matlab/gcompare.m,nested:af6a7c11f617b,m,code,1738
experiments/code_repository_20260625/nested_extracted/af6a7c11f617b/KANK/Коды/matlab/generate_trace_plots.m,nested:af6a7c11f617b,m,code,2396
experiments/code_repository_20260625/nested_extracted/af6a7c11f617b/KANK/Коды/matlab/gensylv/gensylv.m,nested:af6a7c11f617b,m,code,1129
experiments/code_repository_20260625/nested_extracted/af6a7c11f617b/KANK/Коды/matlab/gensylv/sylvester3.m,nested:af6a7c11f617b,m,code,2489
experiments/code_repository_20260625/nested_extracted/af6a7c11f617b/KANK/Коды/matlab/gensylv/sylvester3a.m,nested:af6a7c11f617b,m,code,1163
experiments/code_repository_20260625/nested_extracted/af6a7c11f617b/KANK/Коды/matlab/gensylv_fp.m,nested:af6a7c11f617b,m,code,2196
experiments/code_repository_20260625/nested_extracted/af6a7c11f617b/KANK/Коды/matlab/getH.m,nested:af6a7c11f617b,m,code,26529
experiments/code_repository_20260625/nested_extracted/af6a7c11f617b/KANK/Коды/matlab/getIrfShocksIndx.m,nested:af6a7c11f617b,m,code,1667
experiments/code_repository_20260625/nested_extracted/af6a7c11f617b/KANK/Коды/matlab/getJJ.m,nested:af6a7c11f617b,m,code,7590
experiments/code_repository_20260625/nested_extracted/af6a7c11f617b/KANK/Коды/matlab/getPowerDeriv.m,nested:af6a7c11f617b,m,code,1112
experiments/code_repository_20260625/nested_extracted/af6a7c11f617b/KANK/Коды/matlab/get_Hessian.m,nested:af6a7c11f617b,m,code,8823
experiments/code_repository_20260625/nested_extracted/af6a7c11f617b/KANK/Коды/matlab/get_all_parameters.m,nested:af6a7c11f617b,m,code,2744
experiments/code_repository_20260625/nested_extracted/af6a7c11f617b/KANK/Коды/matlab/get_cells_id.m,nested:af6a7c11f617b,m,code,893
experiments/code_repository_20260625/nested_extracted/af6a7c11f617b/KANK/Коды/matlab/get_date_of_a_file.m,nested:af6a7c11f617b,m,code,958
experiments/code_repository_20260625/nested_extracted/af6a7c11f617b/KANK/Коды/matlab/get_dynare_random_generator_state.m,nested:af6a7c11f617b,m,code,1627
experiments/code_repository_20260625/nested_extracted/af6a7c11f617b/KANK/Коды/matlab/get_existing_subsamples_indx.m,nested:af6a7c11f617b,m,code,1854
experiments/code_repository_20260625/nested_extracted/af6a7c11f617b/KANK/Коды/matlab/get_file_extension.m,nested:af6a7c11f617b,m,code,1074
experiments/code_repository_20260625/nested_extracted/af6a7c11f617b/KANK/Коды/matlab/get_moments_size.m,nested:af6a7c11f617b,m,code,1197
experiments/code_repository_20260625/nested_extracted/af6a7c11f617b/KANK/Коды/matlab/get_name_of_the_last_mh_file.m,nested:af6a7c11f617b,m,code,1905
experiments/code_repository_20260625/nested_extracted/af6a7c11f617b/KANK/Коды/matlab/get_new_or_existing_ei_index.m,nested:af6a7c11f617b,m,code,2169
experiments/code_repository_20260625/nested_extracted/af6a7c11f617b/KANK/Коды/matlab/get_optimal_policy_discount_factor.m,nested:af6a7c11f617b,m,code,1201
experiments/code_repository_20260625/nested_extracted/af6a7c11f617b/KANK/Коды/matlab/get_param_by_name.m,nested:af6a7c11f617b,m,code,1087
experiments/code_repository_20260625/nested_extracted/af6a7c11f617b/KANK/Коды/matlab/get_posterior_parameters.m,nested:af6a7c11f617b,m,code,2677
experiments/code_repository_20260625/nested_extracted/af6a7c11f617b/KANK/Коды/matlab/get_subsamples_range_indx.m,nested:af6a7c11f617b,m,code,1631
experiments/code_repository_20260625/nested_extracted/af6a7c11f617b/KANK/Коды/matlab/get_the_name.m,nested:af6a7c11f617b,m,code,3681
experiments/code_repository_20260625/nested_extracted/af6a7c11f617b/KANK/Коды/matlab/get_variables_list.m,nested:af6a7c11f617b,m,code,1545
experiments/code_repository_20260625/nested_extracted/af6a7c11f617b/KANK/Коды/matlab/get_variance_of_endogenous_variables.m,nested:af6a7c11f617b,m,code,1808
experiments/code_repository_20260625/nested_extracted/af6a7c11f617b/KANK/Коды/matlab/global_initialization.m,nested:af6a7c11f617b,m,code,27995
experiments/code_repository_20260625/nested_extracted/af6a7c11f617b/KANK/Коды/matlab/graph_decomp.m,nested:af6a7c11f617b,m,code,9277
experiments/code_repository_20260625/nested_extracted/af6a7c11f617b/KANK/Коды/matlab/graph_decomp_detail.m,nested:af6a7c11f617b,m,code,9976
experiments/code_repository_20260625/nested_extracted/af6a7c11f617b/KANK/Коды/matlab/gsa/Morris_Measure_Groups.m,nested:af6a7c11f617b,m,code,5779
experiments/code_repository_20260625/nested_extracted/af6a7c11f617b/KANK/Коды/matlab/gsa/Sampling_Function_2.m,nested:af6a7c11f617b,m,code,9573
experiments/code_repository_20260625/nested_extracted/af6a7c11f617b/KANK/Коды/matlab/gsa/cumplot.m,nested:af6a7c11f617b,m,code,987
experiments/code_repository_20260625/nested_extracted/af6a7c11f617b/KANK/Коды/matlab/gsa/filt_mc_.m,nested:af6a7c11f617b,m,code,45259
experiments/code_repository_20260625/nested_extracted/af6a7c11f617b/KANK/Коды/matlab/gsa/ghx2transition.m,nested:af6a7c11f617b,m,code,1680
experiments/code_repository_20260625/nested_extracted/af6a7c11f617b/KANK/Коды/matlab/gsa/gsa_plotmatrix.m,nested:af6a7c11f617b,m,code,2925
experiments/code_repository_20260625/nested_extracted/af6a7c11f617b/KANK/Коды/matlab/gsa/gsa_skewness.m,nested:af6a7c11f617b,m,code,955
experiments/code_repository_20260625/nested_extracted/af6a7c11f617b/KANK/Коды/matlab/gsa/gsa_speed.m,nested:af6a7c11f617b,m,code,1692
experiments/code_repository_20260625/nested_extracted/af6a7c11f617b/KANK/Коды/matlab/gsa/log_trans_.m,nested:af6a7c11f617b,m,code,2310
experiments/code_repository_20260625/nested_extracted/af6a7c11f617b/KANK/Коды/matlab/gsa/map_calibration.m,nested:af6a7c11f617b,m,code,27021
experiments/code_repository_20260625/nested_extracted/af6a7c11f617b/KANK/Коды/matlab/gsa/map_ident_.m,nested:af6a7c11f617b,m,code,63855
experiments/code_repository_20260625/nested_extracted/af6a7c11f617b/KANK/Коды/matlab/gsa/mc_moments.m,nested:af6a7c11f617b,m,code,1488
experiments/code_repository_20260625/nested_extracted/af6a7c11f617b/KANK/Коды/matlab/gsa/mcf_analysis.m,nested:af6a7c11f617b,m,code,3092
experiments/code_repository_20260625/nested_extracted/af6a7c11f617b/KANK/Коды/matlab/gsa/myboxplot.m,nested:af6a7c11f617b,m,code,5471
experiments/code_repository_20260625/nested_extracted/af6a7c11f617b/KANK/Коды/matlab/gsa/myprctilecol.m,nested:af6a7c11f617b,m,code,1182
experiments/code_repository_20260625/nested_extracted/af6a7c11f617b/KANK/Коды/matlab/gsa/pick.m,nested:af6a7c11f617b,m,code,3834
experiments/code_repository_20260625/nested_extracted/af6a7c11f617b/KANK/Коды/matlab/gsa/prior_draw_gsa.m,nested:af6a7c11f617b,m,code,4486
experiments/code_repository_20260625/nested_extracted/af6a7c11f617b/KANK/Коды/matlab/gsa/priorcdf.m,nested:af6a7c11f617b,m,code,1940
experiments/code_repository_20260625/nested_extracted/af6a7c11f617b/KANK/Коды/matlab/gsa/read_data.m,nested:af6a7c11f617b,m,code,1506
experiments/code_repository_20260625/nested_extracted/af6a7c11f617b/KANK/Коды/matlab/gsa/redform_map.m,nested:af6a7c11f617b,m,code,34539
experiments/code_repository_20260625/nested_extracted/af6a7c11f617b/KANK/Коды/matlab/gsa/redform_screen.m,nested:af6a7c11f617b,m,code,7555
experiments/code_repository_20260625/nested_extracted/af6a7c11f617b/KANK/Коды/matlab/gsa/scatter_analysis.m,nested:af6a7c11f617b,m,code,1697
experiments/code_repository_20260625/nested_extracted/af6a7c11f617b/KANK/Коды/matlab/gsa/scatter_callback.m,nested:af6a7c11f617b,m,code,1251
experiments/code_repository_20260625/nested_extracted/af6a7c11f617b/KANK/Коды/matlab/gsa/scatter_mcf.m,nested:af6a7c11f617b,m,code,5719
experiments/code_repository_20260625/nested_extracted/af6a7c11f617b/KANK/Коды/matlab/gsa/scatter_plots.m,nested:af6a7c11f617b,m,code,6446
experiments/code_repository_20260625/nested_extracted/af6a7c11f617b/KANK/Коды/matlab/gsa/set_shocks_param.m,nested:af6a7c11f617b,m,code,3298
experiments/code_repository_20260625/nested_extracted/af6a7c11f617b/KANK/Коды/matlab/gsa/smirnov.m,nested:af6a7c11f617b,m,code,1870
experiments/code_repository_20260625/nested_extracted/af6a7c11f617b/KANK/Коды/matlab/gsa/stab_map_.m,nested:af6a7c11f617b,m,code,29366
experiments/code_repository_20260625/nested_extracted/af6a7c11f617b/KANK/Коды/matlab/gsa/stab_map_1.m,nested:af6a7c11f617b,m,code,5186
experiments/code_repository_20260625/nested_extracted/af6a7c11f617b/KANK/Коды/matlab/gsa/stab_map_2.m,nested:af6a7c11f617b,m,code,8976
experiments/code_repository_20260625/nested_extracted/af6a7c11f617b/KANK/Коды/matlab/gsa/stand_.m,nested:af6a7c11f617b,m,code,1310
experiments/code_repository_20260625/nested_extracted/af6a7c11f617b/KANK/Коды/matlab/gsa/tcrit.m,nested:af6a7c11f617b,m,code,7234
experiments/code_repository_20260625/nested_extracted/af6a7c11f617b/KANK/Коды/matlab/gsa/teff.m,nested:af6a7c11f617b,m,code,1614
experiments/code_repository_20260625/nested_extracted/af6a7c11f617b/KANK/Коды/matlab/gsa/th_moments.m,nested:af6a7c11f617b,m,code,2209
experiments/code_repository_20260625/nested_extracted/af6a7c11f617b/KANK/Коды/matlab/gsa/trank.m,nested:af6a7c11f617b,m,code,1096
experiments/code_repository_20260625/nested_extracted/af6a7c11f617b/KANK/Коды/matlab/hess_element.m,nested:af6a7c11f617b,m,code,2181
experiments/code_repository_20260625/nested_extracted/af6a7c11f617b/KANK/Коды/matlab/hessian.m,nested:af6a7c11f617b,m,code,4607
experiments/code_repository_20260625/nested_extracted/af6a7c11f617b/KANK/Коды/matlab/hessian_sparse.m,nested:af6a7c11f617b,m,code,2408
experiments/code_repository_20260625/nested_extracted/af6a7c11f617b/KANK/Коды/matlab/histvalf.m,nested:af6a7c11f617b,m,code,3110
experiments/code_repository_20260625/nested_extracted/af6a7c11f617b/KANK/Коды/matlab/homotopy1.m,nested:af6a7c11f617b,m,code,3794
experiments/code_repository_20260625/nested_extracted/af6a7c11f617b/KANK/Коды/matlab/homotopy2.m,nested:af6a7c11f617b,m,code,3468
experiments/code_repository_20260625/nested_extracted/af6a7c11f617b/KANK/Коды/matlab/homotopy3.m,nested:af6a7c11f617b,m,code,5390
experiments/code_repository_20260625/nested_extracted/af6a7c11f617b/KANK/Коды/matlab/ident_bruteforce.m,nested:af6a7c11f617b,m,code,4880
experiments/code_repository_20260625/nested_extracted/af6a7c11f617b/KANK/Коды/matlab/identification_analysis.m,nested:af6a7c11f617b,m,code,17382
experiments/code_repository_20260625/nested_extracted/af6a7c11f617b/KANK/Коды/matlab/identification_checks.m,nested:af6a7c11f617b,m,code,4855
experiments/code_repository_20260625/nested_extracted/af6a7c11f617b/KANK/Коды/matlab/imcforecast.m,nested:af6a7c11f617b,m,code,13208
experiments/code_repository_20260625/nested_extracted/af6a7c11f617b/KANK/Коды/matlab/indnv.m,nested:af6a7c11f617b,m,code,1115
experiments/code_repository_20260625/nested_extracted/af6a7c11f617b/KANK/Коды/matlab/init_plan.m,nested:af6a7c11f617b,m,code,1903
experiments/code_repository_20260625/nested_extracted/af6a7c11f617b/KANK/Коды/matlab/initial_condition_decomposition.m,nested:af6a7c11f617b,m,code,4855
experiments/code_repository_20260625/nested_extracted/af6a7c11f617b/KANK/Коды/matlab/initial_estimation_checks.m,nested:af6a7c11f617b,m,code,10073
experiments/code_repository_20260625/nested_extracted/af6a7c11f617b/KANK/Коды/matlab/initialize_from_mode.m,nested:af6a7c11f617b,m,code,3453
experiments/code_repository_20260625/nested_extracted/af6a7c11f617b/KANK/Коды/matlab/initvalf.m,nested:af6a7c11f617b,m,code,3302
experiments/code_repository_20260625/nested_extracted/af6a7c11f617b/KANK/Коды/matlab/internals.m,nested:af6a7c11f617b,m,code,6494
experiments/code_repository_20260625/nested_extracted/af6a7c11f617b/KANK/Коды/matlab/interpret_resol_info.m,nested:af6a7c11f617b,m,code,2395
experiments/code_repository_20260625/nested_extracted/af6a7c11f617b/KANK/Коды/matlab/irf.m,nested:af6a7c11f617b,m,code,2308
experiments/code_repository_20260625/nested_extracted/af6a7c11f617b/KANK/Коды/matlab/isbayes.m,nested:af6a7c11f617b,m,code,1235
experiments/code_repository_20260625/nested_extracted/af6a7c11f617b/KANK/Коды/matlab/isoctave.m,nested:af6a7c11f617b,m,code,743
experiments/code_repository_20260625/nested_extracted/af6a7c11f617b/KANK/Коды/matlab/isolder.m,nested:af6a7c11f617b,m,code,2093
experiments/code_repository_20260625/nested_extracted/af6a7c11f617b/KANK/Коды/matlab/jacob_element.m,nested:af6a7c11f617b,m,code,1521
experiments/code_repository_20260625/nested_extracted/af6a7c11f617b/KANK/Коды/matlab/k_order_pert.m,nested:af6a7c11f617b,m,code,5516
experiments/code_repository_20260625/nested_extracted/af6a7c11f617b/KANK/Коды/matlab/kalman/build_selection_matrix.m,nested:af6a7c11f617b,m,code,874
experiments/code_repository_20260625/nested_extracted/af6a7c11f617b/KANK/Коды/matlab/kalman/likelihood/computeDLIK.m,nested:af6a7c11f617b,m,code,9390
experiments/code_repository_20260625/nested_extracted/af6a7c11f617b/KANK/Коды/matlab/kalman/likelihood/kalman_filter.m,nested:af6a7c11f617b,m,code,9392
experiments/code_repository_20260625/nested_extracted/af6a7c11f617b/KANK/Коды/matlab/kalman/likelihood/kalman_filter_d.m,nested:af6a7c11f617b,m,code,8323
experiments/code_repository_20260625/nested_extracted/af6a7c11f617b/KANK/Коды/matlab/kalman/likelihood/kalman_filter_fast.m,nested:af6a7c11f617b,m,code,7797
experiments/code_repository_20260625/nested_extracted/af6a7c11f617b/KANK/Коды/matlab/kalman/likelihood/kalman_filter_ss.m,nested:af6a7c11f617b,m,code,5301
experiments/code_repository_20260625/nested_extracted/af6a7c11f617b/KANK/Коды/matlab/kalman/likelihood/missing_observations_kalman_filter.m,nested:af6a7c11f617b,m,code,6174
experiments/code_repository_20260625/nested_extracted/af6a7c11f617b/KANK/Коды/matlab/kalman/likelihood/missing_observations_kalman_filter_d.m,nested:af6a7c11f617b,m,code,7818
experiments/code_repository_20260625/nested_extracted/af6a7c11f617b/KANK/Коды/matlab/kalman/likelihood/univariate_computeDLIK.m,nested:af6a7c11f617b,m,code,5414
experiments/code_repository_20260625/nested_extracted/af6a7c11f617b/KANK/Коды/matlab/kalman/likelihood/univariate_computeDstate.m,nested:af6a7c11f617b,m,code,1910
experiments/code_repository_20260625/nested_extracted/af6a7c11f617b/KANK/Коды/matlab/kalman/likelihood/univariate_kalman_filter.m,nested:af6a7c11f617b,m,code,10708
experiments/code_repository_20260625/nested_extracted/af6a7c11f617b/KANK/Коды/matlab/kalman/likelihood/univariate_kalman_filter_d.m,nested:af6a7c11f617b,m,code,8156
experiments/code_repository_20260625/nested_extracted/af6a7c11f617b/KANK/Коды/matlab/kalman/likelihood/univariate_kalman_filter_ss.m,nested:af6a7c11f617b,m,code,6404
experiments/code_repository_20260625/nested_extracted/af6a7c11f617b/KANK/Коды/matlab/kalman/steady_state_kalman_gain.m,nested:af6a7c11f617b,m,code,1703
experiments/code_repository_20260625/nested_extracted/af6a7c11f617b/KANK/Коды/matlab/kalman_transition_matrix.m,nested:af6a7c11f617b,m,code,1445
experiments/code_repository_20260625/nested_extracted/af6a7c11f617b/KANK/Коды/matlab/kernel_density_estimate.m,nested:af6a7c11f617b,m,code,3706
experiments/code_repository_20260625/nested_extracted/af6a7c11f617b/KANK/Коды/matlab/kronecker/A_times_B_kronecker_C.m,nested:af6a7c11f617b,m,code,3114
experiments/code_repository_20260625/nested_extracted/af6a7c11f617b/KANK/Коды/matlab/kronecker/sparse_hessian_times_B_kronecker_C.m,nested:af6a7c11f617b,m,code,2386
experiments/code_repository_20260625/nested_extracted/af6a7c11f617b/KANK/Коды/matlab/list_of_functions_to_be_cleared.m,nested:af6a7c11f617b,m,code,777
experiments/code_repository_20260625/nested_extracted/af6a7c11f617b/KANK/Коды/matlab/list_of_parameters_calibrated_as_NaN.m,nested:af6a7c11f617b,m,code,1156
experiments/code_repository_20260625/nested_extracted/af6a7c11f617b/KANK/Коды/matlab/lmmcp/catstruct.m,nested:af6a7c11f617b,m,code,6037
experiments/code_repository_20260625/nested_extracted/af6a7c11f617b/KANK/Коды/matlab/lmmcp/dyn_lmmcp.m,nested:af6a7c11f617b,m,code,2306
experiments/code_repository_20260625/nested_extracted/af6a7c11f617b/KANK/Коды/matlab/lmmcp/dyn_lmmcp_func.m,nested:af6a7c11f617b,m,code,1781
experiments/code_repository_20260625/nested_extracted/af6a7c11f617b/KANK/Коды/matlab/lmmcp/get_complementarity_conditions.m,nested:af6a7c11f617b,m,code,3403
experiments/code_repository_20260625/nested_extracted/af6a7c11f617b/KANK/Коды/matlab/lmmcp/lmmcp.m,nested:af6a7c11f617b,m,code,18577
experiments/code_repository_20260625/nested_extracted/af6a7c11f617b/KANK/Коды/matlab/lnsrch1.m,nested:af6a7c11f617b,m,code,4395
experiments/code_repository_20260625/nested_extracted/af6a7c11f617b/KANK/Коды/matlab/lnsrch1_wrapper_one_boundary.m,nested:af6a7c11f617b,m,code,1726
experiments/code_repository_20260625/nested_extracted/af6a7c11f617b/KANK/Коды/matlab/lnsrch1_wrapper_two_boundaries.m,nested:af6a7c11f617b,m,code,2253
experiments/code_repository_20260625/nested_extracted/af6a7c11f617b/KANK/Коды/matlab/load_first_mh_history_file.m,nested:af6a7c11f617b,m,code,1337
experiments/code_repository_20260625/nested_extracted/af6a7c11f617b/KANK/Коды/matlab/load_last_mh_history_file.m,nested:af6a7c11f617b,m,code,3001
experiments/code_repository_20260625/nested_extracted/af6a7c11f617b/KANK/Коды/matlab/load_m_file_data_legacy.m,nested:af6a7c11f617b,m,code,5307
experiments/code_repository_20260625/nested_extracted/af6a7c11f617b/KANK/Коды/matlab/load_mat_file_data_legacy.m,nested:af6a7c11f617b,m,code,1498
experiments/code_repository_20260625/nested_extracted/af6a7c11f617b/KANK/Коды/matlab/logarithmic_reduction.m,nested:af6a7c11f617b,m,code,2713
experiments/code_repository_20260625/nested_extracted/af6a7c11f617b/KANK/Коды/matlab/long_run_variance.m,nested:af6a7c11f617b,m,code,1445
experiments/code_repository_20260625/nested_extracted/af6a7c11f617b/KANK/Коды/matlab/lpdfgam.m,nested:af6a7c11f617b,m,code,1729
experiments/code_repository_20260625/nested_extracted/af6a7c11f617b/KANK/Коды/matlab/lpdfgbeta.m,nested:af6a7c11f617b,m,code,2027
experiments/code_repository_20260625/nested_extracted/af6a7c11f617b/KANK/Коды/matlab/lpdfig1.m,nested:af6a7c11f617b,m,code,2070
experiments/code_repository_20260625/nested_extracted/af6a7c11f617b/KANK/Коды/matlab/lpdfig2.m,nested:af6a7c11f617b,m,code,1999
experiments/code_repository_20260625/nested_extracted/af6a7c11f617b/KANK/Коды/matlab/lpdfnorm.m,nested:af6a7c11f617b,m,code,1388
experiments/code_repository_20260625/nested_extracted/af6a7c11f617b/KANK/Коды/matlab/lyapunov_solver.m,nested:af6a7c11f617b,m,code,5939
experiments/code_repository_20260625/nested_extracted/af6a7c11f617b/KANK/Коды/matlab/lyapunov_symm.m,nested:af6a7c11f617b,m,code,5656
experiments/code_repository_20260625/nested_extracted/af6a7c11f617b/KANK/Коды/matlab/marginal_density.m,nested:af6a7c11f617b,m,code,8238
experiments/code_repository_20260625/nested_extracted/af6a7c11f617b/KANK/Коды/matlab/matlab_ver_less_than.m,nested:af6a7c11f617b,m,code,1082
experiments/code_repository_20260625/nested_extracted/af6a7c11f617b/KANK/Коды/matlab/maximize_prior_density.m,nested:af6a7c11f617b,m,code,2292
experiments/code_repository_20260625/nested_extracted/af6a7c11f617b/KANK/Коды/matlab/mcforecast3.m,nested:af6a7c11f617b,m,code,3041
experiments/code_repository_20260625/nested_extracted/af6a7c11f617b/KANK/Коды/matlab/mcompare.m,nested:af6a7c11f617b,m,code,2350
experiments/code_repository_20260625/nested_extracted/af6a7c11f617b/KANK/Коды/matlab/mcp_func.m,nested:af6a7c11f617b,m,code,1520
experiments/code_repository_20260625/nested_extracted/af6a7c11f617b/KANK/Коды/matlab/mcpath_function.m,nested:af6a7c11f617b,m,code,170
experiments/code_repository_20260625/nested_extracted/af6a7c11f617b/KANK/Коды/matlab/metropolis_draw.m,nested:af6a7c11f617b,m,code,4623
experiments/code_repository_20260625/nested_extracted/af6a7c11f617b/KANK/Коды/matlab/metropolis_hastings_initialization.m,nested:af6a7c11f617b,m,code,23451
experiments/code_repository_20260625/nested_extracted/af6a7c11f617b/KANK/Коды/matlab/metropolis_run_analysis.m,nested:af6a7c11f617b,m,code,1543
experiments/code_repository_20260625/nested_extracted/af6a7c11f617b/KANK/Коды/matlab/mex/k_order_perturbation.m,nested:af6a7c11f617b,m,code,3966
experiments/code_repository_20260625/nested_extracted/af6a7c11f617b/KANK/Коды/matlab/mex/qmc_sequence.m,nested:af6a7c11f617b,m,code,4469
experiments/code_repository_20260625/nested_extracted/af6a7c11f617b/KANK/Коды/matlab/mexErrCheck.m,nested:af6a7c11f617b,m,code,1234
experiments/code_repository_20260625/nested_extracted/af6a7c11f617b/KANK/Коды/matlab/mh_autocorrelation_function.m,nested:af6a7c11f617b,m,code,3648
experiments/code_repository_20260625/nested_extracted/af6a7c11f617b/KANK/Коды/matlab/mh_optimal_bandwidth.m,nested:af6a7c11f617b,m,code,7148
experiments/code_repository_20260625/nested_extracted/af6a7c11f617b/KANK/Коды/matlab/minus_logged_prior_density.m,nested:af6a7c11f617b,m,code,5410
experiments/code_repository_20260625/nested_extracted/af6a7c11f617b/KANK/Коды/matlab/missing/corrcoef/corrcoef.m,nested:af6a7c11f617b,m,code,13964
experiments/code_repository_20260625/nested_extracted/af6a7c11f617b/KANK/Коды/matlab/missing/corrcoef/flag_implicit_skip_nan.m,nested:af6a7c11f617b,m,code,2704
experiments/code_repository_20260625/nested_extracted/af6a7c11f617b/KANK/Коды/matlab/missing/corrcoef/sumskipnan.m,nested:af6a7c11f617b,m,code,5923
experiments/code_repository_20260625/nested_extracted/af6a7c11f617b/KANK/Коды/matlab/missing/corrcoef/tcdf.m,nested:af6a7c11f617b,m,code,1862
experiments/code_repository_20260625/nested_extracted/af6a7c11f617b/KANK/Коды/matlab/missing/ilu/ilu.m,nested:af6a7c11f617b,m,code,1110
experiments/code_repository_20260625/nested_extracted/af6a7c11f617b/KANK/Коды/matlab/missing/issquare/issquare.m,nested:af6a7c11f617b,m,code,1288
experiments/code_repository_20260625/nested_extracted/af6a7c11f617b/KANK/Коды/matlab/missing/nanmean/nanmean.m,nested:af6a7c11f617b,m,code,1743
experiments/code_repository_20260625/nested_extracted/af6a7c11f617b/KANK/Коды/matlab/missing/ordeig/ordeig.m,nested:af6a7c11f617b,m,code,1201
experiments/code_repository_20260625/nested_extracted/af6a7c11f617b/KANK/Коды/matlab/missing/rows_columns/columns.m,nested:af6a7c11f617b,m,code,818
experiments/code_repository_20260625/nested_extracted/af6a7c11f617b/KANK/Коды/matlab/missing/rows_columns/rows.m,nested:af6a7c11f617b,m,code,812
experiments/code_repository_20260625/nested_extracted/af6a7c11f617b/KANK/Коды/matlab/missing/stats/betacdf.m,nested:af6a7c11f617b,m,code,1858
experiments/code_repository_20260625/nested_extracted/af6a7c11f617b/KANK/Коды/matlab/missing/stats/betainv.m,nested:af6a7c11f617b,m,code,2691
experiments/code_repository_20260625/nested_extracted/af6a7c11f617b/KANK/Коды/matlab/missing/stats/betapdf.m,nested:af6a7c11f617b,m,code,2063
experiments/code_repository_20260625/nested_extracted/af6a7c11f617b/KANK/Коды/matlab/missing/stats/betarnd.m,nested:af6a7c11f617b,m,code,1735
experiments/code_repository_20260625/nested_extracted/af6a7c11f617b/KANK/Коды/matlab/missing/stats/chi2cdf.m,nested:af6a7c11f617b,m,code,1206
experiments/code_repository_20260625/nested_extracted/af6a7c11f617b/KANK/Коды/matlab/missing/stats/chi2inv.m,nested:af6a7c11f617b,m,code,1431
experiments/code_repository_20260625/nested_extracted/af6a7c11f617b/KANK/Коды/matlab/missing/stats/common_size.m,nested:af6a7c11f617b,m,code,2263
experiments/code_repository_20260625/nested_extracted/af6a7c11f617b/KANK/Коды/matlab/missing/stats/corr.m,nested:af6a7c11f617b,m,code,4678
experiments/code_repository_20260625/nested_extracted/af6a7c11f617b/KANK/Коды/matlab/missing/stats/exprnd.m,nested:af6a7c11f617b,m,code,1367
experiments/code_repository_20260625/nested_extracted/af6a7c11f617b/KANK/Коды/matlab/missing/stats/gamcdf.m,nested:af6a7c11f617b,m,code,1768
experiments/code_repository_20260625/nested_extracted/af6a7c11f617b/KANK/Коды/matlab/missing/stats/gaminv.m,nested:af6a7c11f617b,m,code,2425
experiments/code_repository_20260625/nested_extracted/af6a7c11f617b/KANK/Коды/matlab/missing/stats/gampdf.m,nested:af6a7c11f617b,m,code,2272
experiments/code_repository_20260625/nested_extracted/af6a7c11f617b/KANK/Коды/matlab/missing/stats/gamrnd.m,nested:af6a7c11f617b,m,code,12689
experiments/code_repository_20260625/nested_extracted/af6a7c11f617b/KANK/Коды/matlab/missing/stats/normcdf.m,nested:af6a7c11f617b,m,code,2063
experiments/code_repository_20260625/nested_extracted/af6a7c11f617b/KANK/Коды/matlab/missing/stats/norminv.m,nested:af6a7c11f617b,m,code,2165
experiments/code_repository_20260625/nested_extracted/af6a7c11f617b/KANK/Коды/matlab/missing/stats/normpdf.m,nested:af6a7c11f617b,m,code,2105
experiments/code_repository_20260625/nested_extracted/af6a7c11f617b/KANK/Коды/matlab/missing/stats/quantile.m,nested:af6a7c11f617b,m,code,8842
experiments/code_repository_20260625/nested_extracted/af6a7c11f617b/KANK/Коды/matlab/missing/stats/stdnormal_cdf.m,nested:af6a7c11f617b,m,code,1376
experiments/code_repository_20260625/nested_extracted/af6a7c11f617b/KANK/Коды/matlab/missing/stats/stdnormal_inv.m,nested:af6a7c11f617b,m,code,1318
experiments/code_repository_20260625/nested_extracted/af6a7c11f617b/KANK/Коды/matlab/missing/stats/stdnormal_pdf.m,nested:af6a7c11f617b,m,code,1433
experiments/code_repository_20260625/nested_extracted/af6a7c11f617b/KANK/Коды/matlab/missing/stats/wblcdf.m,nested:af6a7c11f617b,m,code,3163
experiments/code_repository_20260625/nested_extracted/af6a7c11f617b/KANK/Коды/matlab/missing/stats/wblinv.m,nested:af6a7c11f617b,m,code,3653
experiments/code_repository_20260625/nested_extracted/af6a7c11f617b/KANK/Коды/matlab/missing/stats/wblrnd.m,nested:af6a7c11f617b,m,code,1417
experiments/code_repository_20260625/nested_extracted/af6a7c11f617b/KANK/Коды/matlab/missing/struct2array/struct2array.m,nested:af6a7c11f617b,m,code,1031
experiments/code_repository_20260625/nested_extracted/af6a7c11f617b/KANK/Коды/matlab/missing/vec/vec.m,nested:af6a7c11f617b,m,code,913
experiments/code_repository_20260625/nested_extracted/af6a7c11f617b/KANK/Коды/matlab/missing_DiffuseKalmanSmootherH1_Z.m,nested:af6a7c11f617b,m,code,16044
experiments/code_repository_20260625/nested_extracted/af6a7c11f617b/KANK/Коды/matlab/missing_DiffuseKalmanSmootherH3_Z.m,nested:af6a7c11f617b,m,code,16967
experiments/code_repository_20260625/nested_extracted/af6a7c11f617b/KANK/Коды/matlab/mode_check.m,nested:af6a7c11f617b,m,code,8567
experiments/code_repository_20260625/nested_extracted/af6a7c11f617b/KANK/Коды/matlab/model_comparison.m,nested:af6a7c11f617b,m,code,6799
experiments/code_repository_20260625/nested_extracted/af6a7c11f617b/KANK/Коды/matlab/model_diagnostics.m,nested:af6a7c11f617b,m,code,9072
experiments/code_repository_20260625/nested_extracted/af6a7c11f617b/KANK/Коды/matlab/model_info.m,nested:af6a7c11f617b,m,code,11042
experiments/code_repository_20260625/nested_extracted/af6a7c11f617b/KANK/Коды/matlab/model_inversion.m,nested:af6a7c11f617b,m,code,4317
experiments/code_repository_20260625/nested_extracted/af6a7c11f617b/KANK/Коды/matlab/modules/dates/src/@dates/append.m,nested:af6a7c11f617b,m,code,2568
experiments/code_repository_20260625/nested_extracted/af6a7c11f617b/KANK/Коды/matlab/modules/dates/src/@dates/char.m,nested:af6a7c11f617b,m,code,1031
experiments/code_repository_20260625/nested_extracted/af6a7c11f617b/KANK/Коды/matlab/modules/dates/src/@dates/colon.m,nested:af6a7c11f617b,m,code,5417
experiments/code_repository_20260625/nested_extracted/af6a7c11f617b/KANK/Коды/matlab/modules/dates/src/@dates/dates.m,nested:af6a7c11f617b,m,code,8050
experiments/code_repository_20260625/nested_extracted/af6a7c11f617b/KANK/Коды/matlab/modules/dates/src/@dates/disp.m,nested:af6a7c11f617b,m,code,1330
experiments/code_repository_20260625/nested_extracted/af6a7c11f617b/KANK/Коды/matlab/modules/dates/src/@dates/display.m,nested:af6a7c11f617b,m,code,1374
experiments/code_repository_20260625/nested_extracted/af6a7c11f617b/KANK/Коды/matlab/modules/dates/src/@dates/double.m,nested:af6a7c11f617b,m,code,1925
experiments/code_repository_20260625/nested_extracted/af6a7c11f617b/KANK/Коды/matlab/modules/dates/src/@dates/end.m,nested:af6a7c11f617b,m,code,1076
experiments/code_repository_20260625/nested_extracted/af6a7c11f617b/KANK/Коды/matlab/modules/dates/src/@dates/eq.m,nested:af6a7c11f617b,m,code,2649
experiments/code_repository_20260625/nested_extracted/af6a7c11f617b/KANK/Коды/matlab/modules/dates/src/@dates/ge.m,nested:af6a7c11f617b,m,code,3033
experiments/code_repository_20260625/nested_extracted/af6a7c11f617b/KANK/Коды/matlab/modules/dates/src/@dates/gt.m,nested:af6a7c11f617b,m,code,2921
experiments/code_repository_20260625/nested_extracted/af6a7c11f617b/KANK/Коды/matlab/modules/dates/src/@dates/horzcat.m,nested:af6a7c11f617b,m,code,3445
experiments/code_repository_20260625/nested_extracted/af6a7c11f617b/KANK/Коды/matlab/modules/dates/src/@dates/intersect.m,nested:af6a7c11f617b,m,code,2307
experiments/code_repository_20260625/nested_extracted/af6a7c11f617b/KANK/Коды/matlab/modules/dates/src/@dates/isempty.m,nested:af6a7c11f617b,m,code,1341
experiments/code_repository_20260625/nested_extracted/af6a7c11f617b/KANK/Коды/matlab/modules/dates/src/@dates/isequal.m,nested:af6a7c11f617b,m,code,962
experiments/code_repository_20260625/nested_extracted/af6a7c11f617b/KANK/Коды/matlab/modules/dates/src/@dates/le.m,nested:af6a7c11f617b,m,code,3011
experiments/code_repository_20260625/nested_extracted/af6a7c11f617b/KANK/Коды/matlab/modules/dates/src/@dates/length.m,nested:af6a7c11f617b,m,code,773
experiments/code_repository_20260625/nested_extracted/af6a7c11f617b/KANK/Коды/matlab/modules/dates/src/@dates/lt.m,nested:af6a7c11f617b,m,code,2914
experiments/code_repository_20260625/nested_extracted/af6a7c11f617b/KANK/Коды/matlab/modules/dates/src/@dates/max.m,nested:af6a7c11f617b,m,code,2056
experiments/code_repository_20260625/nested_extracted/af6a7c11f617b/KANK/Коды/matlab/modules/dates/src/@dates/min.m,nested:af6a7c11f617b,m,code,2041
experiments/code_repository_20260625/nested_extracted/af6a7c11f617b/KANK/Коды/matlab/modules/dates/src/@dates/minus.m,nested:af6a7c11f617b,m,code,4029
experiments/code_repository_20260625/nested_extracted/af6a7c11f617b/KANK/Коды/matlab/modules/dates/src/@dates/mtimes.m,nested:af6a7c11f617b,m,code,1337
experiments/code_repository_20260625/nested_extracted/af6a7c11f617b/KANK/Коды/matlab/modules/dates/src/@dates/ne.m,nested:af6a7c11f617b,m,code,2635
experiments/code_repository_20260625/nested_extracted/af6a7c11f617b/KANK/Коды/matlab/modules/dates/src/@dates/plus.m,nested:af6a7c11f617b,m,code,3492
experiments/code_repository_20260625/nested_extracted/af6a7c11f617b/KANK/Коды/matlab/modules/dates/src/@dates/pop.m,nested:af6a7c11f617b,m,code,3225
experiments/code_repository_20260625/nested_extracted/af6a7c11f617b/KANK/Коды/matlab/modules/dates/src/@dates/setdiff.m,nested:af6a7c11f617b,m,code,2396
experiments/code_repository_20260625/nested_extracted/af6a7c11f617b/KANK/Коды/matlab/modules/dates/src/@dates/size.m,nested:af6a7c11f617b,m,code,1035
experiments/code_repository_20260625/nested_extracted/af6a7c11f617b/KANK/Коды/matlab/modules/dates/src/@dates/sort.m,nested:af6a7c11f617b,m,code,1843
experiments/code_repository_20260625/nested_extracted/af6a7c11f617b/KANK/Коды/matlab/modules/dates/src/@dates/strings.m,nested:af6a7c11f617b,m,code,980
experiments/code_repository_20260625/nested_extracted/af6a7c11f617b/KANK/Коды/matlab/modules/dates/src/@dates/subsasgn.m,nested:af6a7c11f617b,m,code,785
experiments/code_repository_20260625/nested_extracted/af6a7c11f617b/KANK/Коды/matlab/modules/dates/src/@dates/subsref.m,nested:af6a7c11f617b,m,code,11031
experiments/code_repository_20260625/nested_extracted/af6a7c11f617b/KANK/Коды/matlab/modules/dates/src/@dates/uminus.m,nested:af6a7c11f617b,m,code,2040
experiments/code_repository_20260625/nested_extracted/af6a7c11f617b/KANK/Коды/matlab/modules/dates/src/@dates/union.m,nested:af6a7c11f617b,m,code,1631
experiments/code_repository_20260625/nested_extracted/af6a7c11f617b/KANK/Коды/matlab/modules/dates/src/@dates/unique.m,nested:af6a7c11f617b,m,code,1656
experiments/code_repository_20260625/nested_extracted/af6a7c11f617b/KANK/Коды/matlab/modules/dates/src/@dates/uplus.m,nested:af6a7c11f617b,m,code,2055
experiments/code_repository_20260625/nested_extracted/af6a7c11f617b/KANK/Коды/matlab/modules/dates/src/@dates/vertcat.m,nested:af6a7c11f617b,m,code,1112
experiments/code_repository_20260625/nested_extracted/af6a7c11f617b/KANK/Коды/matlab/modules/dates/src/initialize_dates_toolbox.m,nested:af6a7c11f617b,m,code,1616
experiments/code_repository_20260625/nested_extracted/af6a7c11f617b/KANK/Коды/matlab/modules/dates/src/utilities/convert/date2string.m,nested:af6a7c11f617b,m,code,1842
experiments/code_repository_20260625/nested_extracted/af6a7c11f617b/KANK/Коды/matlab/modules/dates/src/utilities/convert/freq2string.m,nested:af6a7c11f617b,m,code,1103
experiments/code_repository_20260625/nested_extracted/af6a7c11f617b/KANK/Коды/matlab/modules/dates/src/utilities/convert/string2date.m,nested:af6a7c11f617b,m,code,2766
experiments/code_repository_20260625/nested_extracted/af6a7c11f617b/KANK/Коды/matlab/modules/dates/src/utilities/convert/string2freq.m,nested:af6a7c11f617b,m,code,1125
experiments/code_repository_20260625/nested_extracted/af6a7c11f617b/KANK/Коды/matlab/modules/dates/src/utilities/is/isdate.m,nested:af6a7c11f617b,m,code,1561
experiments/code_repository_20260625/nested_extracted/af6a7c11f617b/KANK/Коды/matlab/modules/dates/src/utilities/is/isdates.m,nested:af6a7c11f617b,m,code,777
experiments/code_repository_20260625/nested_extracted/af6a7c11f617b/KANK/Коды/matlab/modules/dates/src/utilities/is/isfreq.m,nested:af6a7c11f617b,m,code,1138
experiments/code_repository_20260625/nested_extracted/af6a7c11f617b/KANK/Коды/matlab/modules/dates/src/utilities/is/ismonthly.m,nested:af6a7c11f617b,m,code,1639
experiments/code_repository_20260625/nested_extracted/af6a7c11f617b/KANK/Коды/matlab/modules/dates/src/utilities/is/isquaterly.m,nested:af6a7c11f617b,m,code,1578
experiments/code_repository_20260625/nested_extracted/af6a7c11f617b/KANK/Коды/matlab/modules/dates/src/utilities/is/isstringdate.m,nested:af6a7c11f617b,m,code,1643
experiments/code_repository_20260625/nested_extracted/af6a7c11f617b/KANK/Коды/matlab/modules/dates/src/utilities/is/issubperiod.m,nested:af6a7c11f617b,m,code,885
experiments/code_repository_20260625/nested_extracted/af6a7c11f617b/KANK/Коды/matlab/modules/dates/src/utilities/is/isweekly.m,nested:af6a7c11f617b,m,code,1639
experiments/code_repository_20260625/nested_extracted/af6a7c11f617b/KANK/Коды/matlab/modules/dates/src/utilities/is/isyearly.m,nested:af6a7c11f617b,m,code,1616
experiments/code_repository_20260625/nested_extracted/af6a7c11f617b/KANK/Коды/matlab/modules/dates/src/utilities/missing/dims/columns.m,nested:af6a7c11f617b,m,code,761
experiments/code_repository_20260625/nested_extracted/af6a7c11f617b/KANK/Коды/matlab/modules/dates/src/utilities/missing/dims/rows.m,nested:af6a7c11f617b,m,code,756
experiments/code_repository_20260625/nested_extracted/af6a7c11f617b/KANK/Коды/matlab/modules/dates/src/utilities/missing/isint/isint.m,nested:af6a7c11f617b,m,code,1330
experiments/code_repository_20260625/nested_extracted/af6a7c11f617b/KANK/Коды/matlab/modules/dates/src/utilities/missing/isoctave/isoctave.m,nested:af6a7c11f617b,m,code,757
experiments/code_repository_20260625/nested_extracted/af6a7c11f617b/KANK/Коды/matlab/modules/dates/src/utilities/missing/matlab_ver_less_than/matlab_ver_less_than.m,nested:af6a7c11f617b,m,code,1024
experiments/code_repository_20260625/nested_extracted/af6a7c11f617b/KANK/Коды/matlab/modules/dates/src/utilities/missing/shiftS/shiftS.m,nested:af6a7c11f617b,m,code,827
experiments/code_repository_20260625/nested_extracted/af6a7c11f617b/KANK/Коды/matlab/modules/dates/src/utilities/op/add_periods_to_array_of_dates.m,nested:af6a7c11f617b,m,code,3201
experiments/code_repository_20260625/nested_extracted/af6a7c11f617b/KANK/Коды/matlab/modules/dates/src/utilities/op/add_periods_to_date.m,nested:af6a7c11f617b,m,code,2221
experiments/code_repository_20260625/nested_extracted/af6a7c11f617b/KANK/Коды/matlab/modules/dseries/src/@dseries/abs.m,nested:af6a7c11f617b,m,code,2574
experiments/code_repository_20260625/nested_extracted/af6a7c11f617b/KANK/Коды/matlab/modules/dseries/src/@dseries/align.m,nested:af6a7c11f617b,m,code,4279
experiments/code_repository_20260625/nested_extracted/af6a7c11f617b/KANK/Коды/matlab/modules/dseries/src/@dseries/baxter_king_filter.m,nested:af6a7c11f617b,m,code,4901
experiments/code_repository_20260625/nested_extracted/af6a7c11f617b/KANK/Коды/matlab/modules/dseries/src/@dseries/center.m,nested:af6a7c11f617b,m,code,1447
experiments/code_repository_20260625/nested_extracted/af6a7c11f617b/KANK/Коды/matlab/modules/dseries/src/@dseries/chain.m,nested:af6a7c11f617b,m,code,2051
experiments/code_repository_20260625/nested_extracted/af6a7c11f617b/KANK/Коды/matlab/modules/dseries/src/@dseries/check.m,nested:af6a7c11f617b,m,code,2442
experiments/code_repository_20260625/nested_extracted/af6a7c11f617b/KANK/Коды/matlab/modules/dseries/src/@dseries/cumprod.m,nested:af6a7c11f617b,m,code,7032
experiments/code_repository_20260625/nested_extracted/af6a7c11f617b/KANK/Коды/matlab/modules/dseries/src/@dseries/cumsum.m,nested:af6a7c11f617b,m,code,6942
experiments/code_repository_20260625/nested_extracted/af6a7c11f617b/KANK/Коды/matlab/modules/dseries/src/@dseries/detrend.m,nested:af6a7c11f617b,m,code,2536
experiments/code_repository_20260625/nested_extracted/af6a7c11f617b/KANK/Коды/matlab/modules/dseries/src/@dseries/disp.m,nested:af6a7c11f617b,m,code,819
experiments/code_repository_20260625/nested_extracted/af6a7c11f617b/KANK/Коды/matlab/modules/dseries/src/@dseries/display.m,nested:af6a7c11f617b,m,code,3606
experiments/code_repository_20260625/nested_extracted/af6a7c11f617b/KANK/Коды/matlab/modules/dseries/src/@dseries/dseries.m,nested:af6a7c11f617b,m,code,18155
experiments/code_repository_20260625/nested_extracted/af6a7c11f617b/KANK/Коды/matlab/modules/dseries/src/@dseries/end.m,nested:af6a7c11f617b,m,code,795
experiments/code_repository_20260625/nested_extracted/af6a7c11f617b/KANK/Коды/matlab/modules/dseries/src/@dseries/eq.m,nested:af6a7c11f617b,m,code,2384
experiments/code_repository_20260625/nested_extracted/af6a7c11f617b/KANK/Коды/matlab/modules/dseries/src/@dseries/exist.m,nested:af6a7c11f617b,m,code,1646
experiments/code_repository_20260625/nested_extracted/af6a7c11f617b/KANK/Коды/matlab/modules/dseries/src/@dseries/exp.m,nested:af6a7c11f617b,m,code,1428
experiments/code_repository_20260625/nested_extracted/af6a7c11f617b/KANK/Коды/matlab/modules/dseries/src/@dseries/extract.m,nested:af6a7c11f617b,m,code,4996
experiments/code_repository_20260625/nested_extracted/af6a7c11f617b/KANK/Коды/matlab/modules/dseries/src/@dseries/firstdate.m,nested:af6a7c11f617b,m,code,998
experiments/code_repository_20260625/nested_extracted/af6a7c11f617b/KANK/Коды/matlab/modules/dseries/src/@dseries/firstobservedperiod.m,nested:af6a7c11f617b,m,code,1683
experiments/code_repository_20260625/nested_extracted/af6a7c11f617b/KANK/Коды/matlab/modules/dseries/src/@dseries/frequency.m,nested:af6a7c11f617b,m,code,729
experiments/code_repository_20260625/nested_extracted/af6a7c11f617b/KANK/Коды/matlab/modules/dseries/src/@dseries/horzcat.m,nested:af6a7c11f617b,m,code,7734
experiments/code_repository_20260625/nested_extracted/af6a7c11f617b/KANK/Коды/matlab/modules/dseries/src/@dseries/hpcycle.m,nested:af6a7c11f617b,m,code,2873
experiments/code_repository_20260625/nested_extracted/af6a7c11f617b/KANK/Коды/matlab/modules/dseries/src/@dseries/hptrend.m,nested:af6a7c11f617b,m,code,2899
experiments/code_repository_20260625/nested_extracted/af6a7c11f617b/KANK/Коды/matlab/modules/dseries/src/@dseries/insert.m,nested:af6a7c11f617b,m,code,2886
experiments/code_repository_20260625/nested_extracted/af6a7c11f617b/KANK/Коды/matlab/modules/dseries/src/@dseries/isempty.m,nested:af6a7c11f617b,m,code,1183
experiments/code_repository_20260625/nested_extracted/af6a7c11f617b/KANK/Коды/matlab/modules/dseries/src/@dseries/isequal.m,nested:af6a7c11f617b,m,code,1738
experiments/code_repository_20260625/nested_extracted/af6a7c11f617b/KANK/Коды/matlab/modules/dseries/src/@dseries/isnan.m,nested:af6a7c11f617b,m,code,1381
experiments/code_repository_20260625/nested_extracted/af6a7c11f617b/KANK/Коды/matlab/modules/dseries/src/@dseries/lag.m,nested:af6a7c11f617b,m,code,2080
experiments/code_repository_20260625/nested_extracted/af6a7c11f617b/KANK/Коды/matlab/modules/dseries/src/@dseries/lastdate.m,nested:af6a7c11f617b,m,code,728
experiments/code_repository_20260625/nested_extracted/af6a7c11f617b/KANK/Коды/matlab/modules/dseries/src/@dseries/lastobservedperiod.m,nested:af6a7c11f617b,m,code,1676
experiments/code_repository_20260625/nested_extracted/af6a7c11f617b/KANK/Коды/matlab/modules/dseries/src/@dseries/lead.m,nested:af6a7c11f617b,m,code,2086
experiments/code_repository_20260625/nested_extracted/af6a7c11f617b/KANK/Коды/matlab/modules/dseries/src/@dseries/log.m,nested:af6a7c11f617b,m,code,1457
experiments/code_repository_20260625/nested_extracted/af6a7c11f617b/KANK/Коды/matlab/modules/dseries/src/@dseries/mean.m,nested:af6a7c11f617b,m,code,3005
experiments/code_repository_20260625/nested_extracted/af6a7c11f617b/KANK/Коды/matlab/modules/dseries/src/@dseries/merge.m,nested:af6a7c11f617b,m,code,3769
experiments/code_repository_20260625/nested_extracted/af6a7c11f617b/KANK/Коды/matlab/modules/dseries/src/@dseries/minus.m,nested:af6a7c11f617b,m,code,4717
experiments/code_repository_20260625/nested_extracted/af6a7c11f617b/KANK/Коды/matlab/modules/dseries/src/@dseries/mpower.m,nested:af6a7c11f617b,m,code,4418
experiments/code_repository_20260625/nested_extracted/af6a7c11f617b/KANK/Коды/matlab/modules/dseries/src/@dseries/mrdivide.m,nested:af6a7c11f617b,m,code,4356
experiments/code_repository_20260625/nested_extracted/af6a7c11f617b/KANK/Коды/matlab/modules/dseries/src/@dseries/mtimes.m,nested:af6a7c11f617b,m,code,4762
experiments/code_repository_20260625/nested_extracted/af6a7c11f617b/KANK/Коды/matlab/modules/dseries/src/@dseries/ne.m,nested:af6a7c11f617b,m,code,2697
experiments/code_repository_20260625/nested_extracted/af6a7c11f617b/KANK/Коды/matlab/modules/dseries/src/@dseries/nobs.m,nested:af6a7c11f617b,m,code,786
experiments/code_repository_20260625/nested_extracted/af6a7c11f617b/KANK/Коды/matlab/modules/dseries/src/@dseries/numel.m,nested:af6a7c11f617b,m,code,732
experiments/code_repository_20260625/nested_extracted/af6a7c11f617b/KANK/Коды/matlab/modules/dseries/src/@dseries/plot.m,nested:af6a7c11f617b,m,code,3270
experiments/code_repository_20260625/nested_extracted/af6a7c11f617b/KANK/Коды/matlab/modules/dseries/src/@dseries/plus.m,nested:af6a7c11f617b,m,code,7615
experiments/code_repository_20260625/nested_extracted/af6a7c11f617b/KANK/Коды/matlab/modules/dseries/src/@dseries/pop.m,nested:af6a7c11f617b,m,code,2496
experiments/code_repository_20260625/nested_extracted/af6a7c11f617b/KANK/Коды/matlab/modules/dseries/src/@dseries/private/default_name.m,nested:af6a7c11f617b,m,code,811
experiments/code_repository_20260625/nested_extracted/af6a7c11f617b/KANK/Коды/matlab/modules/dseries/src/@dseries/qdiff.m,nested:af6a7c11f617b,m,code,2650
experiments/code_repository_20260625/nested_extracted/af6a7c11f617b/KANK/Коды/matlab/modules/dseries/src/@dseries/qgrowth.m,nested:af6a7c11f617b,m,code,2714
experiments/code_repository_20260625/nested_extracted/af6a7c11f617b/KANK/Коды/matlab/modules/dseries/src/@dseries/remove.m,nested:af6a7c11f617b,m,code,2298
experiments/code_repository_20260625/nested_extracted/af6a7c11f617b/KANK/Коды/matlab/modules/dseries/src/@dseries/rename.m,nested:af6a7c11f617b,m,code,3432
experiments/code_repository_20260625/nested_extracted/af6a7c11f617b/KANK/Коды/matlab/modules/dseries/src/@dseries/save.m,nested:af6a7c11f617b,m,code,4300
experiments/code_repository_20260625/nested_extracted/af6a7c11f617b/KANK/Коды/matlab/modules/dseries/src/@dseries/set_names.m,nested:af6a7c11f617b,m,code,2616
experiments/code_repository_20260625/nested_extracted/af6a7c11f617b/KANK/Коды/matlab/modules/dseries/src/@dseries/size.m,nested:af6a7c11f617b,m,code,1133
experiments/code_repository_20260625/nested_extracted/af6a7c11f617b/KANK/Коды/matlab/modules/dseries/src/@dseries/std.m,nested:af6a7c11f617b,m,code,3021
experiments/code_repository_20260625/nested_extracted/af6a7c11f617b/KANK/Коды/matlab/modules/dseries/src/@dseries/subsasgn.m,nested:af6a7c11f617b,m,code,24311
experiments/code_repository_20260625/nested_extracted/af6a7c11f617b/KANK/Коды/matlab/modules/dseries/src/@dseries/subsref.m,nested:af6a7c11f617b,m,code,18161
experiments/code_repository_20260625/nested_extracted/af6a7c11f617b/KANK/Коды/matlab/modules/dseries/src/@dseries/tex_rename.m,nested:af6a7c11f617b,m,code,3285
experiments/code_repository_20260625/nested_extracted/af6a7c11f617b/KANK/Коды/matlab/modules/dseries/src/@dseries/uminus.m,nested:af6a7c11f617b,m,code,2014
experiments/code_repository_20260625/nested_extracted/af6a7c11f617b/KANK/Коды/matlab/modules/dseries/src/@dseries/vertcat.m,nested:af6a7c11f617b,m,code,4114
experiments/code_repository_20260625/nested_extracted/af6a7c11f617b/KANK/Коды/matlab/modules/dseries/src/@dseries/vobs.m,nested:af6a7c11f617b,m,code,786
experiments/code_repository_20260625/nested_extracted/af6a7c11f617b/KANK/Коды/matlab/modules/dseries/src/@dseries/ydiff.m,nested:af6a7c11f617b,m,code,4067
experiments/code_repository_20260625/nested_extracted/af6a7c11f617b/KANK/Коды/matlab/modules/dseries/src/@dseries/ygrowth.m,nested:af6a7c11f617b,m,code,3329
experiments/code_repository_20260625/nested_extracted/af6a7c11f617b/KANK/Коды/matlab/modules/dseries/src/initialize_dseries_toolbox.m,nested:af6a7c11f617b,m,code,2285
experiments/code_repository_20260625/nested_extracted/af6a7c11f617b/KANK/Коды/matlab/modules/dseries/src/read/load_csv_file_data.m,nested:af6a7c11f617b,m,code,6900
experiments/code_repository_20260625/nested_extracted/af6a7c11f617b/KANK/Коды/matlab/modules/dseries/src/read/load_m_file_data.m,nested:af6a7c11f617b,m,code,5164
experiments/code_repository_20260625/nested_extracted/af6a7c11f617b/KANK/Коды/matlab/modules/dseries/src/read/load_mat_file_data.m,nested:af6a7c11f617b,m,code,4486
experiments/code_repository_20260625/nested_extracted/af6a7c11f617b/KANK/Коды/matlab/modules/dseries/src/read/load_xls_file_data.m,nested:af6a7c11f617b,m,code,4552
experiments/code_repository_20260625/nested_extracted/af6a7c11f617b/KANK/Коды/matlab/modules/dseries/src/utilities/cumulate/cumprodnan.m,nested:af6a7c11f617b,m,code,809
experiments/code_repository_20260625/nested_extracted/af6a7c11f617b/KANK/Коды/matlab/modules/dseries/src/utilities/cumulate/cumsumnan.m,nested:af6a7c11f617b,m,code,807
experiments/code_repository_20260625/nested_extracted/af6a7c11f617b/KANK/Коды/matlab/modules/dseries/src/utilities/file/check_file_extension.m,nested:af6a7c11f617b,m,code,1132
experiments/code_repository_20260625/nested_extracted/af6a7c11f617b/KANK/Коды/matlab/modules/dseries/src/utilities/from/from.m,nested:af6a7c11f617b,m,code,18155
experiments/code_repository_20260625/nested_extracted/af6a7c11f617b/KANK/Коды/matlab/modules/dseries/src/utilities/insert/insert_column_vector_in_a_matrix.m,nested:af6a7c11f617b,m,code,2161
experiments/code_repository_20260625/nested_extracted/af6a7c11f617b/KANK/Коды/matlab/modules/dseries/src/utilities/insert/insert_object_in_a_one_dimensional_cell_array.m,nested:af6a7c11f617b,m,code,2676
experiments/code_repository_20260625/nested_extracted/af6a7c11f617b/KANK/Коды/matlab/modules/dseries/src/utilities/insert/replace_object_in_a_one_dimensional_cell_array.m,nested:af6a7c11f617b,m,code,3131
experiments/code_repository_20260625/nested_extracted/af6a7c11f617b/KANK/Коды/matlab/modules/dseries/src/utilities/is/iscellofchar.m,nested:af6a7c11f617b,m,code,1110
experiments/code_repository_20260625/nested_extracted/af6a7c11f617b/KANK/Коды/matlab/modules/dseries/src/utilities/is/isdseries.m,nested:af6a7c11f617b,m,code,775
experiments/code_repository_20260625/nested_extracted/af6a7c11f617b/KANK/Коды/matlab/modules/dseries/src/utilities/is/isglobalinbase.m,nested:af6a7c11f617b,m,code,927
experiments/code_repository_20260625/nested_extracted/af6a7c11f617b/KANK/Коды/matlab/modules/dseries/src/utilities/missing/demean/demean.m,nested:af6a7c11f617b,m,code,1066
experiments/code_repository_20260625/nested_extracted/af6a7c11f617b/KANK/Коды/matlab/modules/dseries/src/utilities/missing/get_cells_id/get_cells_id.m,nested:af6a7c11f617b,m,code,836
experiments/code_repository_20260625/nested_extracted/af6a7c11f617b/KANK/Коды/matlab/modules/dseries/src/utilities/missing/ndim/ndim.m,nested:af6a7c11f617b,m,code,879
experiments/code_repository_20260625/nested_extracted/af6a7c11f617b/KANK/Коды/matlab/modules/dseries/src/utilities/missing/sample_hp_filter/sample_hp_filter.m,nested:af6a7c11f617b,m,code,1462
experiments/code_repository_20260625/nested_extracted/af6a7c11f617b/KANK/Коды/matlab/modules/dseries/src/utilities/missing/user_has_octave_forge_package/user_has_octave_forge_package.m,nested:af6a7c11f617b,m,code,899
experiments/code_repository_20260625/nested_extracted/af6a7c11f617b/KANK/Коды/matlab/modules/dseries/src/utilities/str/common_strings_in_cell_arrays.m,nested:af6a7c11f617b,m,code,2806
experiments/code_repository_20260625/nested_extracted/af6a7c11f617b/KANK/Коды/matlab/modules/dseries/src/utilities/str/get_random_string.m,nested:af6a7c11f617b,m,code,1078
experiments/code_repository_20260625/nested_extracted/af6a7c11f617b/KANK/Коды/matlab/modules/dseries/src/utilities/str/name2tex.m,nested:af6a7c11f617b,m,code,6523
experiments/code_repository_20260625/nested_extracted/af6a7c11f617b/KANK/Коды/matlab/modules/dseries/src/utilities/variables/build_list_of_variables_with_loops.m,nested:af6a7c11f617b,m,code,3327
experiments/code_repository_20260625/nested_extracted/af6a7c11f617b/KANK/Коды/matlab/modules/dseries/src/utilities/variables/build_list_of_variables_with_regexp.m,nested:af6a7c11f617b,m,code,1986
experiments/code_repository_20260625/nested_extracted/af6a7c11f617b/KANK/Коды/matlab/modules/dseries/tests/runalldseriestests.m,nested:af6a7c11f617b,m,code,1795
experiments/code_repository_20260625/nested_extracted/af6a7c11f617b/KANK/Коды/matlab/modules/reporting/initialize_reporting_toolbox.m,nested:af6a7c11f617b,m,code,1372
experiments/code_repository_20260625/nested_extracted/af6a7c11f617b/KANK/Коды/matlab/modules/reporting/macros/make_report_irfs.m,nested:af6a7c11f617b,m,code,3415
experiments/code_repository_20260625/nested_extracted/af6a7c11f617b/KANK/Коды/matlab/modules/reporting/src/@graph/addSeries.m,nested:af6a7c11f617b,m,code,814
experiments/code_repository_20260625/nested_extracted/af6a7c11f617b/KANK/Коды/matlab/modules/reporting/src/@graph/display.m,nested:af6a7c11f617b,m,code,884
experiments/code_repository_20260625/nested_extracted/af6a7c11f617b/KANK/Коды/matlab/modules/reporting/src/@graph/end.m,nested:af6a7c11f617b,m,code,1119
experiments/code_repository_20260625/nested_extracted/af6a7c11f617b/KANK/Коды/matlab/modules/reporting/src/@graph/graph.m,nested:af6a7c11f617b,m,code,8825
experiments/code_repository_20260625/nested_extracted/af6a7c11f617b/KANK/Коды/matlab/modules/reporting/src/@graph/subsasgn.m,nested:af6a7c11f617b,m,code,1330
experiments/code_repository_20260625/nested_extracted/af6a7c11f617b/KANK/Коды/matlab/modules/reporting/src/@graph/subsref.m,nested:af6a7c11f617b,m,code,1488
experiments/code_repository_20260625/nested_extracted/af6a7c11f617b/KANK/Коды/matlab/modules/reporting/src/@graph/write.m,nested:af6a7c11f617b,m,code,1197
experiments/code_repository_20260625/nested_extracted/af6a7c11f617b/KANK/Коды/matlab/modules/reporting/src/@graph/writeGraphFile.m,nested:af6a7c11f617b,m,code,9984
experiments/code_repository_20260625/nested_extracted/af6a7c11f617b/KANK/Коды/matlab/modules/reporting/src/@page/addSection.m,nested:af6a7c11f617b,m,code,1052
experiments/code_repository_20260625/nested_extracted/af6a7c11f617b/KANK/Коды/matlab/modules/reporting/src/@page/display.m,nested:af6a7c11f617b,m,code,881
experiments/code_repository_20260625/nested_extracted/af6a7c11f617b/KANK/Коды/matlab/modules/reporting/src/@page/end.m,nested:af6a7c11f617b,m,code,1117
experiments/code_repository_20260625/nested_extracted/af6a7c11f617b/KANK/Коды/matlab/modules/reporting/src/@page/numSections.m,nested:af6a7c11f617b,m,code,907
experiments/code_repository_20260625/nested_extracted/af6a7c11f617b/KANK/Коды/matlab/modules/reporting/src/@page/page.m,nested:af6a7c11f617b,m,code,3216
experiments/code_repository_20260625/nested_extracted/af6a7c11f617b/KANK/Коды/matlab/modules/reporting/src/@page/subsasgn.m,nested:af6a7c11f617b,m,code,1257
experiments/code_repository_20260625/nested_extracted/af6a7c11f617b/KANK/Коды/matlab/modules/reporting/src/@page/subsref.m,nested:af6a7c11f617b,m,code,1416
experiments/code_repository_20260625/nested_extracted/af6a7c11f617b/KANK/Коды/matlab/modules/reporting/src/@page/write.m,nested:af6a7c11f617b,m,code,2330
experiments/code_repository_20260625/nested_extracted/af6a7c11f617b/KANK/Коды/matlab/modules/reporting/src/@paragraph/display.m,nested:af6a7c11f617b,m,code,896
experiments/code_repository_20260625/nested_extracted/af6a7c11f617b/KANK/Коды/matlab/modules/reporting/src/@paragraph/paragraph.m,nested:af6a7c11f617b,m,code,2116
experiments/code_repository_20260625/nested_extracted/af6a7c11f617b/KANK/Коды/matlab/modules/reporting/src/@paragraph/subsasgn.m,nested:af6a7c11f617b,m,code,1359
experiments/code_repository_20260625/nested_extracted/af6a7c11f617b/KANK/Коды/matlab/modules/reporting/src/@paragraph/subsref.m,nested:af6a7c11f617b,m,code,1427
experiments/code_repository_20260625/nested_extracted/af6a7c11f617b/KANK/Коды/matlab/modules/reporting/src/@paragraph/write.m,nested:af6a7c11f617b,m,code,1551
experiments/code_repository_20260625/nested_extracted/af6a7c11f617b/KANK/Коды/matlab/modules/reporting/src/@report/addGraph.m,nested:af6a7c11f617b,m,code,1366
experiments/code_repository_20260625/nested_extracted/af6a7c11f617b/KANK/Коды/matlab/modules/reporting/src/@report/addPage.m,nested:af6a7c11f617b,m,code,1160
experiments/code_repository_20260625/nested_extracted/af6a7c11f617b/KANK/Коды/matlab/modules/reporting/src/@report/addParagraph.m,nested:af6a7c11f617b,m,code,1398
experiments/code_repository_20260625/nested_extracted/af6a7c11f617b/KANK/Коды/matlab/modules/reporting/src/@report/addSection.m,nested:af6a7c11f617b,m,code,1183
experiments/code_repository_20260625/nested_extracted/af6a7c11f617b/KANK/Коды/matlab/modules/reporting/src/@report/addSeries.m,nested:af6a7c11f617b,m,code,1891
experiments/code_repository_20260625/nested_extracted/af6a7c11f617b/KANK/Коды/matlab/modules/reporting/src/@report/addTable.m,nested:af6a7c11f617b,m,code,1366
experiments/code_repository_20260625/nested_extracted/af6a7c11f617b/KANK/Коды/matlab/modules/reporting/src/@report/addVspace.m,nested:af6a7c11f617b,m,code,1375
experiments/code_repository_20260625/nested_extracted/af6a7c11f617b/KANK/Коды/matlab/modules/reporting/src/@report/compile.m,nested:af6a7c11f617b,m,code,3725
experiments/code_repository_20260625/nested_extracted/af6a7c11f617b/KANK/Коды/matlab/modules/reporting/src/@report/display.m,nested:af6a7c11f617b,m,code,890
experiments/code_repository_20260625/nested_extracted/af6a7c11f617b/KANK/Коды/matlab/modules/reporting/src/@report/numPages.m,nested:af6a7c11f617b,m,code,967
experiments/code_repository_20260625/nested_extracted/af6a7c11f617b/KANK/Коды/matlab/modules/reporting/src/@report/report.m,nested:af6a7c11f617b,m,code,3237
experiments/code_repository_20260625/nested_extracted/af6a7c11f617b/KANK/Коды/matlab/modules/reporting/src/@report/subsasgn.m,nested:af6a7c11f617b,m,code,1267
experiments/code_repository_20260625/nested_extracted/af6a7c11f617b/KANK/Коды/matlab/modules/reporting/src/@report/subsref.m,nested:af6a7c11f617b,m,code,1419
experiments/code_repository_20260625/nested_extracted/af6a7c11f617b/KANK/Коды/matlab/modules/reporting/src/@report/write.m,nested:af6a7c11f617b,m,code,3437
experiments/code_repository_20260625/nested_extracted/af6a7c11f617b/KANK/Коды/matlab/modules/reporting/src/@report_series/display.m,nested:af6a7c11f617b,m,code,908
experiments/code_repository_20260625/nested_extracted/af6a7c11f617b/KANK/Коды/matlab/modules/reporting/src/@report_series/getNameForLegend.m,nested:af6a7c11f617b,m,code,1044
experiments/code_repository_20260625/nested_extracted/af6a7c11f617b/KANK/Коды/matlab/modules/reporting/src/@report_series/getRange.m,nested:af6a7c11f617b,m,code,850
experiments/code_repository_20260625/nested_extracted/af6a7c11f617b/KANK/Коды/matlab/modules/reporting/src/@report_series/getTexName.m,nested:af6a7c11f617b,m,code,933
experiments/code_repository_20260625/nested_extracted/af6a7c11f617b/KANK/Коды/matlab/modules/reporting/src/@report_series/isZero.m,nested:af6a7c11f617b,m,code,959
experiments/code_repository_20260625/nested_extracted/af6a7c11f617b/KANK/Коды/matlab/modules/reporting/src/@report_series/printSeries.m,nested:af6a7c11f617b,m,code,1921
experiments/code_repository_20260625/nested_extracted/af6a7c11f617b/KANK/Коды/matlab/modules/reporting/src/@report_series/report_series.m,nested:af6a7c11f617b,m,code,2888
experiments/code_repository_20260625/nested_extracted/af6a7c11f617b/KANK/Коды/matlab/modules/reporting/src/@report_series/setDataToZeroFromZeroTol.m,nested:af6a7c11f617b,m,code,939
experiments/code_repository_20260625/nested_extracted/af6a7c11f617b/KANK/Коды/matlab/modules/reporting/src/@report_series/subsasgn.m,nested:af6a7c11f617b,m,code,1192
experiments/code_repository_20260625/nested_extracted/af6a7c11f617b/KANK/Коды/matlab/modules/reporting/src/@report_series/subsref.m,nested:af6a7c11f617b,m,code,1401
experiments/code_repository_20260625/nested_extracted/af6a7c11f617b/KANK/Коды/matlab/modules/reporting/src/@report_series/writeSeriesForGraph.m,nested:af6a7c11f617b,m,code,7383
experiments/code_repository_20260625/nested_extracted/af6a7c11f617b/KANK/Коды/matlab/modules/reporting/src/@report_series/writeSeriesForTable.m,nested:af6a7c11f617b,m,code,4298
experiments/code_repository_20260625/nested_extracted/af6a7c11f617b/KANK/Коды/matlab/modules/reporting/src/@report_series/ymax.m,nested:af6a7c11f617b,m,code,830
experiments/code_repository_20260625/nested_extracted/af6a7c11f617b/KANK/Коды/matlab/modules/reporting/src/@report_series/ymin.m,nested:af6a7c11f617b,m,code,830
experiments/code_repository_20260625/nested_extracted/af6a7c11f617b/KANK/Коды/matlab/modules/reporting/src/@report_table/addSeries.m,nested:af6a7c11f617b,m,code,814
experiments/code_repository_20260625/nested_extracted/af6a7c11f617b/KANK/Коды/matlab/modules/reporting/src/@report_table/display.m,nested:af6a7c11f617b,m,code,905
experiments/code_repository_20260625/nested_extracted/af6a7c11f617b/KANK/Коды/matlab/modules/reporting/src/@report_table/report_table.m,nested:af6a7c11f617b,m,code,4764
experiments/code_repository_20260625/nested_extracted/af6a7c11f617b/KANK/Коды/matlab/modules/reporting/src/@report_table/subsasgn.m,nested:af6a7c11f617b,m,code,1278
experiments/code_repository_20260625/nested_extracted/af6a7c11f617b/KANK/Коды/matlab/modules/reporting/src/@report_table/subsref.m,nested:af6a7c11f617b,m,code,1408
experiments/code_repository_20260625/nested_extracted/af6a7c11f617b/KANK/Коды/matlab/modules/reporting/src/@report_table/write.m,nested:af6a7c11f617b,m,code,1198
experiments/code_repository_20260625/nested_extracted/af6a7c11f617b/KANK/Коды/matlab/modules/reporting/src/@report_table/writeTableFile.m,nested:af6a7c11f617b,m,code,5773
experiments/code_repository_20260625/nested_extracted/af6a7c11f617b/KANK/Коды/matlab/modules/reporting/src/@section/addGraph.m,nested:af6a7c11f617b,m,code,1204
experiments/code_repository_20260625/nested_extracted/af6a7c11f617b/KANK/Коды/matlab/modules/reporting/src/@section/addParagraph.m,nested:af6a7c11f617b,m,code,1404
experiments/code_repository_20260625/nested_extracted/af6a7c11f617b/KANK/Коды/matlab/modules/reporting/src/@section/addTable.m,nested:af6a7c11f617b,m,code,1246
experiments/code_repository_20260625/nested_extracted/af6a7c11f617b/KANK/Коды/matlab/modules/reporting/src/@section/addVspace.m,nested:af6a7c11f617b,m,code,1180
experiments/code_repository_20260625/nested_extracted/af6a7c11f617b/KANK/Коды/matlab/modules/reporting/src/@section/display.m,nested:af6a7c11f617b,m,code,890
experiments/code_repository_20260625/nested_extracted/af6a7c11f617b/KANK/Коды/matlab/modules/reporting/src/@section/end.m,nested:af6a7c11f617b,m,code,1125
experiments/code_repository_20260625/nested_extracted/af6a7c11f617b/KANK/Коды/matlab/modules/reporting/src/@section/numElements.m,nested:af6a7c11f617b,m,code,776
experiments/code_repository_20260625/nested_extracted/af6a7c11f617b/KANK/Коды/matlab/modules/reporting/src/@section/section.m,nested:af6a7c11f617b,m,code,1848
experiments/code_repository_20260625/nested_extracted/af6a7c11f617b/KANK/Коды/matlab/modules/reporting/src/@section/subsasgn.m,nested:af6a7c11f617b,m,code,1355
experiments/code_repository_20260625/nested_extracted/af6a7c11f617b/KANK/Коды/matlab/modules/reporting/src/@section/subsref.m,nested:af6a7c11f617b,m,code,1421
experiments/code_repository_20260625/nested_extracted/af6a7c11f617b/KANK/Коды/matlab/modules/reporting/src/@section/write.m,nested:af6a7c11f617b,m,code,2610
experiments/code_repository_20260625/nested_extracted/af6a7c11f617b/KANK/Коды/matlab/modules/reporting/src/@vspace/display.m,nested:af6a7c11f617b,m,code,887
experiments/code_repository_20260625/nested_extracted/af6a7c11f617b/KANK/Коды/matlab/modules/reporting/src/@vspace/subsasgn.m,nested:af6a7c11f617b,m,code,1325
experiments/code_repository_20260625/nested_extracted/af6a7c11f617b/KANK/Коды/matlab/modules/reporting/src/@vspace/subsref.m,nested:af6a7c11f617b,m,code,1422
experiments/code_repository_20260625/nested_extracted/af6a7c11f617b/KANK/Коды/matlab/modules/reporting/src/@vspace/vspace.m,nested:af6a7c11f617b,m,code,1929
experiments/code_repository_20260625/nested_extracted/af6a7c11f617b/KANK/Коды/matlab/modules/reporting/src/@vspace/write.m,nested:af6a7c11f617b,m,code,1138
experiments/code_repository_20260625/nested_extracted/af6a7c11f617b/KANK/Коды/matlab/modules/reporting/src/addCommasToCellStr.m,nested:af6a7c11f617b,m,code,1239
experiments/code_repository_20260625/nested_extracted/af6a7c11f617b/KANK/Коды/matlab/modules/reporting/src/allCellsAreDates.m,nested:af6a7c11f617b,m,code,1115
experiments/code_repository_20260625/nested_extracted/af6a7c11f617b/KANK/Коды/matlab/modules/reporting/src/allCellsAreDatesRange.m,nested:af6a7c11f617b,m,code,1146
experiments/code_repository_20260625/nested_extracted/af6a7c11f617b/KANK/Коды/matlab/modules/reporting/src/areParensNext.m,nested:af6a7c11f617b,m,code,841
experiments/code_repository_20260625/nested_extracted/af6a7c11f617b/KANK/Коды/matlab/modules/reporting/src/display_reporting_object.m,nested:af6a7c11f617b,m,code,2687
experiments/code_repository_20260625/nested_extracted/af6a7c11f617b/KANK/Коды/matlab/modules/reporting/src/getMaxRange.m,nested:af6a7c11f617b,m,code,1104
experiments/code_repository_20260625/nested_extracted/af6a7c11f617b/KANK/Коды/matlab/modules/reporting/test/AnnualTable.m,nested:af6a7c11f617b,m,code,1492
experiments/code_repository_20260625/nested_extracted/af6a7c11f617b/KANK/Коды/matlab/modules/reporting/test/CommResidTablePage.m,nested:af6a7c11f617b,m,code,1510
experiments/code_repository_20260625/nested_extracted/af6a7c11f617b/KANK/Коды/matlab/modules/reporting/test/CountryGraphPage.m,nested:af6a7c11f617b,m,code,5634
experiments/code_repository_20260625/nested_extracted/af6a7c11f617b/KANK/Коды/matlab/modules/reporting/test/CountryTablePage.m,nested:af6a7c11f617b,m,code,3239
experiments/code_repository_20260625/nested_extracted/af6a7c11f617b/KANK/Коды/matlab/modules/reporting/test/ResidTablePage.m,nested:af6a7c11f617b,m,code,2582
experiments/code_repository_20260625/nested_extracted/af6a7c11f617b/KANK/Коды/matlab/modules/reporting/test/createReport.m,nested:af6a7c11f617b,m,code,13397
experiments/code_repository_20260625/nested_extracted/af6a7c11f617b/KANK/Коды/matlab/modules/reporting/test/runtest.m,nested:af6a7c11f617b,m,code,1067
experiments/code_repository_20260625/nested_extracted/af6a7c11f617b/KANK/Коды/matlab/moment_function.m,nested:af6a7c11f617b,m,code,5246
experiments/code_repository_20260625/nested_extracted/af6a7c11f617b/KANK/Коды/matlab/moments.m,nested:af6a7c11f617b,m,code,1485
experiments/code_repository_20260625/nested_extracted/af6a7c11f617b/KANK/Коды/matlab/ms-sbvar/check_datafile_years_assigned.m,nested:af6a7c11f617b,m,code,1504
experiments/code_repository_20260625/nested_extracted/af6a7c11f617b/KANK/Коды/matlab/ms-sbvar/clean_files_for_second_type_of_mex.m,nested:af6a7c11f617b,m,code,1519
experiments/code_repository_20260625/nested_extracted/af6a7c11f617b/KANK/Коды/matlab/ms-sbvar/clean_ms_estimation_files.m,nested:af6a7c11f617b,m,code,1360
experiments/code_repository_20260625/nested_extracted/af6a7c11f617b/KANK/Коды/matlab/ms-sbvar/clean_ms_forecast_files.m,nested:af6a7c11f617b,m,code,1061
experiments/code_repository_20260625/nested_extracted/af6a7c11f617b/KANK/Коды/matlab/ms-sbvar/clean_ms_init_files.m,nested:af6a7c11f617b,m,code,1132
experiments/code_repository_20260625/nested_extracted/af6a7c11f617b/KANK/Коды/matlab/ms-sbvar/clean_ms_irf_files.m,nested:af6a7c11f617b,m,code,1036
experiments/code_repository_20260625/nested_extracted/af6a7c11f617b/KANK/Коды/matlab/ms-sbvar/clean_ms_mdd_files.m,nested:af6a7c11f617b,m,code,1120
experiments/code_repository_20260625/nested_extracted/af6a7c11f617b/KANK/Коды/matlab/ms-sbvar/clean_ms_probabilities_files.m,nested:af6a7c11f617b,m,code,1185
experiments/code_repository_20260625/nested_extracted/af6a7c11f617b/KANK/Коды/matlab/ms-sbvar/clean_ms_simulation_files.m,nested:af6a7c11f617b,m,code,1160
experiments/code_repository_20260625/nested_extracted/af6a7c11f617b/KANK/Коды/matlab/ms-sbvar/clean_ms_variance_decomposition_files.m,nested:af6a7c11f617b,m,code,1131
experiments/code_repository_20260625/nested_extracted/af6a7c11f617b/KANK/Коды/matlab/ms-sbvar/clean_sbvar_files.m,nested:af6a7c11f617b,m,code,1064
experiments/code_repository_20260625/nested_extracted/af6a7c11f617b/KANK/Коды/matlab/ms-sbvar/create_dir.m,nested:af6a7c11f617b,m,code,958
experiments/code_repository_20260625/nested_extracted/af6a7c11f617b/KANK/Коды/matlab/ms-sbvar/delete_dir_if_exists.m,nested:af6a7c11f617b,m,code,1016
experiments/code_repository_20260625/nested_extracted/af6a7c11f617b/KANK/Коды/matlab/ms-sbvar/delete_if_exists.m,nested:af6a7c11f617b,m,code,956
experiments/code_repository_20260625/nested_extracted/af6a7c11f617b/KANK/Коды/matlab/ms-sbvar/dyn_save_graph.m,nested:af6a7c11f617b,m,code,2060
experiments/code_repository_20260625/nested_extracted/af6a7c11f617b/KANK/Коды/matlab/ms-sbvar/identification/exclusions.m,nested:af6a7c11f617b,m,code,1763
experiments/code_repository_20260625/nested_extracted/af6a7c11f617b/KANK/Коды/matlab/ms-sbvar/identification/lower_cholesky.m,nested:af6a7c11f617b,m,code,1756
experiments/code_repository_20260625/nested_extracted/af6a7c11f617b/KANK/Коды/matlab/ms-sbvar/identification/upper_cholesky.m,nested:af6a7c11f617b,m,code,1710
experiments/code_repository_20260625/nested_extracted/af6a7c11f617b/KANK/Коды/matlab/ms-sbvar/initialize_ms_sbvar_options.m,nested:af6a7c11f617b,m,code,3459
experiments/code_repository_20260625/nested_extracted/af6a7c11f617b/KANK/Коды/matlab/ms-sbvar/load_flat_file.m,nested:af6a7c11f617b,m,code,2036
experiments/code_repository_20260625/nested_extracted/af6a7c11f617b/KANK/Коды/matlab/ms-sbvar/ms_compute_mdd.m,nested:af6a7c11f617b,m,code,2895
experiments/code_repository_20260625/nested_extracted/af6a7c11f617b/KANK/Коды/matlab/ms-sbvar/ms_compute_probabilities.m,nested:af6a7c11f617b,m,code,2242
experiments/code_repository_20260625/nested_extracted/af6a7c11f617b/KANK/Коды/matlab/ms-sbvar/ms_estimation.m,nested:af6a7c11f617b,m,code,3478
experiments/code_repository_20260625/nested_extracted/af6a7c11f617b/KANK/Коды/matlab/ms-sbvar/ms_forecast.m,nested:af6a7c11f617b,m,code,4637
experiments/code_repository_20260625/nested_extracted/af6a7c11f617b/KANK/Коды/matlab/ms-sbvar/ms_irf.m,nested:af6a7c11f617b,m,code,4821
experiments/code_repository_20260625/nested_extracted/af6a7c11f617b/KANK/Коды/matlab/ms-sbvar/ms_mardd.m,nested:af6a7c11f617b,m,code,8418
experiments/code_repository_20260625/nested_extracted/af6a7c11f617b/KANK/Коды/matlab/ms-sbvar/ms_sbvar_setup.m,nested:af6a7c11f617b,m,code,16846
experiments/code_repository_20260625/nested_extracted/af6a7c11f617b/KANK/Коды/matlab/ms-sbvar/ms_simulation.m,nested:af6a7c11f617b,m,code,1868
experiments/code_repository_20260625/nested_extracted/af6a7c11f617b/KANK/Коды/matlab/ms-sbvar/ms_variance_decomposition.m,nested:af6a7c11f617b,m,code,4980
experiments/code_repository_20260625/nested_extracted/af6a7c11f617b/KANK/Коды/matlab/ms-sbvar/ms_write_markov_file.m,nested:af6a7c11f617b,m,code,5887
experiments/code_repository_20260625/nested_extracted/af6a7c11f617b/KANK/Коды/matlab/ms-sbvar/ms_write_mhm_input.m,nested:af6a7c11f617b,m,code,3509
experiments/code_repository_20260625/nested_extracted/af6a7c11f617b/KANK/Коды/matlab/ms-sbvar/msstart2.m,nested:af6a7c11f617b,m,code,37450
experiments/code_repository_20260625/nested_extracted/af6a7c11f617b/KANK/Коды/matlab/ms-sbvar/msstart_setup.m,nested:af6a7c11f617b,m,code,7777
experiments/code_repository_20260625/nested_extracted/af6a7c11f617b/KANK/Коды/matlab/ms-sbvar/plot_ms_forecast.m,nested:af6a7c11f617b,m,code,4716
experiments/code_repository_20260625/nested_extracted/af6a7c11f617b/KANK/Коды/matlab/ms-sbvar/plot_ms_irf.m,nested:af6a7c11f617b,m,code,4497
experiments/code_repository_20260625/nested_extracted/af6a7c11f617b/KANK/Коды/matlab/ms-sbvar/plot_ms_probabilities.m,nested:af6a7c11f617b,m,code,2303
experiments/code_repository_20260625/nested_extracted/af6a7c11f617b/KANK/Коды/matlab/ms-sbvar/plot_ms_variance_decomposition.m,nested:af6a7c11f617b,m,code,4832
experiments/code_repository_20260625/nested_extracted/af6a7c11f617b/KANK/Коды/matlab/ms-sbvar/plot_ms_variance_decomposition_error_bands.m,nested:af6a7c11f617b,m,code,3495
experiments/code_repository_20260625/nested_extracted/af6a7c11f617b/KANK/Коды/matlab/ms-sbvar/reshape_ascii_forecast_data.m,nested:af6a7c11f617b,m,code,1407
experiments/code_repository_20260625/nested_extracted/af6a7c11f617b/KANK/Коды/matlab/ms-sbvar/reshape_ascii_irf_data.m,nested:af6a7c11f617b,m,code,1385
experiments/code_repository_20260625/nested_extracted/af6a7c11f617b/KANK/Коды/matlab/ms-sbvar/reshape_ascii_variance_decomposition_data.m,nested:af6a7c11f617b,m,code,1397
experiments/code_repository_20260625/nested_extracted/af6a7c11f617b/KANK/Коды/matlab/ms-sbvar/sbvar.m,nested:af6a7c11f617b,m,code,1681
experiments/code_repository_20260625/nested_extracted/af6a7c11f617b/KANK/Коды/matlab/ms-sbvar/set_file_tags.m,nested:af6a7c11f617b,m,code,1083
experiments/code_repository_20260625/nested_extracted/af6a7c11f617b/KANK/Коды/matlab/ms-sbvar/set_ms_estimation_file.m,nested:af6a7c11f617b,m,code,1915
experiments/code_repository_20260625/nested_extracted/af6a7c11f617b/KANK/Коды/matlab/ms-sbvar/set_ms_simulation_file.m,nested:af6a7c11f617b,m,code,1293
experiments/code_repository_20260625/nested_extracted/af6a7c11f617b/KANK/Коды/matlab/ms-sbvar/svar_global_identification_check.m,nested:af6a7c11f617b,m,code,2552
experiments/code_repository_20260625/nested_extracted/af6a7c11f617b/KANK/Коды/matlab/mult_elimination.m,nested:af6a7c11f617b,m,code,3896
experiments/code_repository_20260625/nested_extracted/af6a7c11f617b/KANK/Коды/matlab/multivariate_sample_autocovariance.m,nested:af6a7c11f617b,m,code,1290
experiments/code_repository_20260625/nested_extracted/af6a7c11f617b/KANK/Коды/matlab/my_subplot.m,nested:af6a7c11f617b,m,code,1562
experiments/code_repository_20260625/nested_extracted/af6a7c11f617b/KANK/Коды/matlab/myboxplot.m,nested:af6a7c11f617b,m,code,5365
experiments/code_repository_20260625/nested_extracted/af6a7c11f617b/KANK/Коды/matlab/mydelete.m,nested:af6a7c11f617b,m,code,972
experiments/code_repository_20260625/nested_extracted/af6a7c11f617b/KANK/Коды/matlab/name2index.m,nested:af6a7c11f617b,m,code,4779
experiments/code_repository_20260625/nested_extracted/af6a7c11f617b/KANK/Коды/matlab/non_linear_dsge_likelihood.m,nested:af6a7c11f617b,m,code,14758
experiments/code_repository_20260625/nested_extracted/af6a7c11f617b/KANK/Коды/matlab/octave_ver_less_than.m,nested:af6a7c11f617b,m,code,1300
experiments/code_repository_20260625/nested_extracted/af6a7c11f617b/KANK/Коды/matlab/one_sided_hp_filter.m,nested:af6a7c11f617b,m,code,4276
experiments/code_repository_20260625/nested_extracted/af6a7c11f617b/KANK/Коды/matlab/optimization/apprgrdn.m,nested:af6a7c11f617b,m,code,2258
experiments/code_repository_20260625/nested_extracted/af6a7c11f617b/KANK/Коды/matlab/optimization/bfgsi1.m,nested:af6a7c11f617b,m,code,1797
experiments/code_repository_20260625/nested_extracted/af6a7c11f617b/KANK/Коды/matlab/optimization/cmaes.m,nested:af6a7c11f617b,m,code,134842
experiments/code_repository_20260625/nested_extracted/af6a7c11f617b/KANK/Коды/matlab/optimization/csminit1.m,nested:af6a7c11f617b,m,code,8188
experiments/code_repository_20260625/nested_extracted/af6a7c11f617b/KANK/Коды/matlab/optimization/csminwel1.m,nested:af6a7c11f617b,m,code,12693
experiments/code_repository_20260625/nested_extracted/af6a7c11f617b/KANK/Коды/matlab/optimization/dynare_minimize_objective.m,nested:af6a7c11f617b,m,code,24171
experiments/code_repository_20260625/nested_extracted/af6a7c11f617b/KANK/Коды/matlab/optimization/gmhmaxlik.m,nested:af6a7c11f617b,m,code,4354
experiments/code_repository_20260625/nested_extracted/af6a7c11f617b/KANK/Коды/matlab/optimization/gmhmaxlik_core.m,nested:af6a7c11f617b,m,code,10128
experiments/code_repository_20260625/nested_extracted/af6a7c11f617b/KANK/Коды/matlab/optimization/mr_gstep.m,nested:af6a7c11f617b,m,code,2702
experiments/code_repository_20260625/nested_extracted/af6a7c11f617b/KANK/Коды/matlab/optimization/mr_hessian.m,nested:af6a7c11f617b,m,code,10675
experiments/code_repository_20260625/nested_extracted/af6a7c11f617b/KANK/Коды/matlab/optimization/newrat.m,nested:af6a7c11f617b,m,code,11787
experiments/code_repository_20260625/nested_extracted/af6a7c11f617b/KANK/Коды/matlab/optimization/numgrad2.m,nested:af6a7c11f617b,m,code,1390
experiments/code_repository_20260625/nested_extracted/af6a7c11f617b/KANK/Коды/matlab/optimization/numgrad3.m,nested:af6a7c11f617b,m,code,1577
experiments/code_repository_20260625/nested_extracted/af6a7c11f617b/KANK/Коды/matlab/optimization/numgrad3_.m,nested:af6a7c11f617b,m,code,2573
experiments/code_repository_20260625/nested_extracted/af6a7c11f617b/KANK/Коды/matlab/optimization/numgrad5.m,nested:af6a7c11f617b,m,code,1839
experiments/code_repository_20260625/nested_extracted/af6a7c11f617b/KANK/Коды/matlab/optimization/numgrad5_.m,nested:af6a7c11f617b,m,code,2298
experiments/code_repository_20260625/nested_extracted/af6a7c11f617b/KANK/Коды/matlab/optimization/penalty_objective_function.m,nested:af6a7c11f617b,m,code,1550
experiments/code_repository_20260625/nested_extracted/af6a7c11f617b/KANK/Коды/matlab/optimization/simplex_optimization_routine.m,nested:af6a7c11f617b,m,code,20766
experiments/code_repository_20260625/nested_extracted/af6a7c11f617b/KANK/Коды/matlab/optimization/simpsa.m,nested:af6a7c11f617b,m,code,19803
experiments/code_repository_20260625/nested_extracted/af6a7c11f617b/KANK/Коды/matlab/optimization/simpsaget.m,nested:af6a7c11f617b,m,code,3930
experiments/code_repository_20260625/nested_extracted/af6a7c11f617b/KANK/Коды/matlab/optimization/simpsaset.m,nested:af6a7c11f617b,m,code,6674
experiments/code_repository_20260625/nested_extracted/af6a7c11f617b/KANK/Коды/matlab/optimization/simulated_annealing.m,nested:af6a7c11f617b,m,code,20144
experiments/code_repository_20260625/nested_extracted/af6a7c11f617b/KANK/Коды/matlab/optimization/solvopt.m,nested:af6a7c11f617b,m,code,38279
experiments/code_repository_20260625/nested_extracted/af6a7c11f617b/KANK/Коды/matlab/optimize_prior.m,nested:af6a7c11f617b,m,code,2545
experiments/code_repository_20260625/nested_extracted/af6a7c11f617b/KANK/Коды/matlab/options2cell.m,nested:af6a7c11f617b,m,code,1180
experiments/code_repository_20260625/nested_extracted/af6a7c11f617b/KANK/Коды/matlab/osr.m,nested:af6a7c11f617b,m,code,2278
experiments/code_repository_20260625/nested_extracted/af6a7c11f617b/KANK/Коды/matlab/osr1.m,nested:af6a7c11f617b,m,code,5478
experiments/code_repository_20260625/nested_extracted/af6a7c11f617b/KANK/Коды/matlab/osr_obj.m,nested:af6a7c11f617b,m,code,2543
experiments/code_repository_20260625/nested_extracted/af6a7c11f617b/KANK/Коды/matlab/parallel/AnalyseComputationalEnvironment.m,nested:af6a7c11f617b,m,code,23854
experiments/code_repository_20260625/nested_extracted/af6a7c11f617b/KANK/Коды/matlab/parallel/CreateTimeString.m,nested:af6a7c11f617b,m,code,1064
experiments/code_repository_20260625/nested_extracted/af6a7c11f617b/KANK/Коды/matlab/parallel/GiveCPUnumber.m,nested:af6a7c11f617b,m,code,2055
experiments/code_repository_20260625/nested_extracted/af6a7c11f617b/KANK/Коды/matlab/parallel/InitializeComputationalEnvironment.m,nested:af6a7c11f617b,m,code,3189
experiments/code_repository_20260625/nested_extracted/af6a7c11f617b/KANK/Коды/matlab/parallel/closeSlave.m,nested:af6a7c11f617b,m,code,2623
experiments/code_repository_20260625/nested_extracted/af6a7c11f617b/KANK/Коды/matlab/parallel/distributeJobs.m,nested:af6a7c11f617b,m,code,6076
experiments/code_repository_20260625/nested_extracted/af6a7c11f617b/KANK/Коды/matlab/parallel/dynareParallelDelete.m,nested:af6a7c11f617b,m,code,1747
experiments/code_repository_20260625/nested_extracted/af6a7c11f617b/KANK/Коды/matlab/parallel/dynareParallelDeleteNewFiles.m,nested:af6a7c11f617b,m,code,2439
experiments/code_repository_20260625/nested_extracted/af6a7c11f617b/KANK/Коды/matlab/parallel/dynareParallelDir.m,nested:af6a7c11f617b,m,code,4048
experiments/code_repository_20260625/nested_extracted/af6a7c11f617b/KANK/Коды/matlab/parallel/dynareParallelFindNewFiles.m,nested:af6a7c11f617b,m,code,2147
experiments/code_repository_20260625/nested_extracted/af6a7c11f617b/KANK/Коды/matlab/parallel/dynareParallelGetFiles.m,nested:af6a7c11f617b,m,code,4371
experiments/code_repository_20260625/nested_extracted/af6a7c11f617b/KANK/Коды/matlab/parallel/dynareParallelGetNewFiles.m,nested:af6a7c11f617b,m,code,2167
experiments/code_repository_20260625/nested_extracted/af6a7c11f617b/KANK/Коды/matlab/parallel/dynareParallelListAllFiles.m,nested:af6a7c11f617b,m,code,3348
experiments/code_repository_20260625/nested_extracted/af6a7c11f617b/KANK/Коды/matlab/parallel/dynareParallelMkDir.m,nested:af6a7c11f617b,m,code,1681
experiments/code_repository_20260625/nested_extracted/af6a7c11f617b/KANK/Коды/matlab/parallel/dynareParallelRmDir.m,nested:af6a7c11f617b,m,code,2554
experiments/code_repository_20260625/nested_extracted/af6a7c11f617b/KANK/Коды/matlab/parallel/dynareParallelSendFiles.m,nested:af6a7c11f617b,m,code,4948
experiments/code_repository_20260625/nested_extracted/af6a7c11f617b/KANK/Коды/matlab/parallel/dynareParallelSnapshot.m,nested:af6a7c11f617b,m,code,1192
experiments/code_repository_20260625/nested_extracted/af6a7c11f617b/KANK/Коды/matlab/parallel/fMessageStatus.m,nested:af6a7c11f617b,m,code,1840
experiments/code_repository_20260625/nested_extracted/af6a7c11f617b/KANK/Коды/matlab/parallel/fParallel.m,nested:af6a7c11f617b,m,code,3841
experiments/code_repository_20260625/nested_extracted/af6a7c11f617b/KANK/Коды/matlab/parallel/masterParallel.m,nested:af6a7c11f617b,m,code,39400
experiments/code_repository_20260625/nested_extracted/af6a7c11f617b/KANK/Коды/matlab/parallel/slaveParallel.m,nested:af6a7c11f617b,m,code,6697
experiments/code_repository_20260625/nested_extracted/af6a7c11f617b/KANK/Коды/matlab/parallel/storeGlobalVars.m,nested:af6a7c11f617b,m,code,1301
experiments/code_repository_20260625/nested_extracted/af6a7c11f617b/KANK/Коды/matlab/parallel/struct2local.m,nested:af6a7c11f617b,m,code,1134
experiments/code_repository_20260625/nested_extracted/af6a7c11f617b/KANK/Коды/matlab/partial_information/PCL_Part_info_irf.m,nested:af6a7c11f617b,m,code,4193
experiments/code_repository_20260625/nested_extracted/af6a7c11f617b/KANK/Коды/matlab/partial_information/PCL_Part_info_moments.m,nested:af6a7c11f617b,m,code,5540
experiments/code_repository_20260625/nested_extracted/af6a7c11f617b/KANK/Коды/matlab/partial_information/PCL_resol.m,nested:af6a7c11f617b,m,code,5251
experiments/code_repository_20260625/nested_extracted/af6a7c11f617b/KANK/Коды/matlab/partial_information/PI_gensys.m,nested:af6a7c11f617b,m,code,8425
experiments/code_repository_20260625/nested_extracted/af6a7c11f617b/KANK/Коды/matlab/partial_information/PI_gensys_singularC.m,nested:af6a7c11f617b,m,code,2923
experiments/code_repository_20260625/nested_extracted/af6a7c11f617b/KANK/Коды/matlab/partial_information/add_auxiliary_variables_to_steadystate.m,nested:af6a7c11f617b,m,code,1431
experiments/code_repository_20260625/nested_extracted/af6a7c11f617b/KANK/Коды/matlab/partial_information/disc_riccati_fast.m,nested:af6a7c11f617b,m,code,2190
experiments/code_repository_20260625/nested_extracted/af6a7c11f617b/KANK/Коды/matlab/partial_information/disclyap_fast.m,nested:af6a7c11f617b,m,code,1972
experiments/code_repository_20260625/nested_extracted/af6a7c11f617b/KANK/Коды/matlab/partial_information/dr1_PI.m,nested:af6a7c11f617b,m,code,19557
experiments/code_repository_20260625/nested_extracted/af6a7c11f617b/KANK/Коды/matlab/particles/src/auxiliary_initialization.m,nested:af6a7c11f617b,m,code,3937
experiments/code_repository_20260625/nested_extracted/af6a7c11f617b/KANK/Коды/matlab/particles/src/auxiliary_particle_filter.m,nested:af6a7c11f617b,m,code,6507
experiments/code_repository_20260625/nested_extracted/af6a7c11f617b/KANK/Коды/matlab/particles/src/conditional_filter_proposal.m,nested:af6a7c11f617b,m,code,7046
experiments/code_repository_20260625/nested_extracted/af6a7c11f617b/KANK/Коды/matlab/particles/src/conditional_particle_filter.m,nested:af6a7c11f617b,m,code,5051
experiments/code_repository_20260625/nested_extracted/af6a7c11f617b/KANK/Коды/matlab/particles/src/fit_gaussian_mixture.m,nested:af6a7c11f617b,m,code,1846
experiments/code_repository_20260625/nested_extracted/af6a7c11f617b/KANK/Коды/matlab/particles/src/gaussian_densities.m,nested:af6a7c11f617b,m,code,2447
experiments/code_repository_20260625/nested_extracted/af6a7c11f617b/KANK/Коды/matlab/particles/src/gaussian_filter.m,nested:af6a7c11f617b,m,code,6691
experiments/code_repository_20260625/nested_extracted/af6a7c11f617b/KANK/Коды/matlab/particles/src/gaussian_filter_bank.m,nested:af6a7c11f617b,m,code,6664
experiments/code_repository_20260625/nested_extracted/af6a7c11f617b/KANK/Коды/matlab/particles/src/gaussian_mixture_densities.m,nested:af6a7c11f617b,m,code,2909
experiments/code_repository_20260625/nested_extracted/af6a7c11f617b/KANK/Коды/matlab/particles/src/gaussian_mixture_filter.m,nested:af6a7c11f617b,m,code,16825
experiments/code_repository_20260625/nested_extracted/af6a7c11f617b/KANK/Коды/matlab/particles/src/gaussian_mixture_filter_bank.m,nested:af6a7c11f617b,m,code,7201
experiments/code_repository_20260625/nested_extracted/af6a7c11f617b/KANK/Коды/matlab/particles/src/importance_sampling.m,nested:af6a7c11f617b,m,code,1126
experiments/code_repository_20260625/nested_extracted/af6a7c11f617b/KANK/Коды/matlab/particles/src/measurement_equations.m,nested:af6a7c11f617b,m,code,1368
experiments/code_repository_20260625/nested_extracted/af6a7c11f617b/KANK/Коды/matlab/particles/src/multivariate_smooth_resampling.m,nested:af6a7c11f617b,m,code,2484
experiments/code_repository_20260625/nested_extracted/af6a7c11f617b/KANK/Коды/matlab/particles/src/mykmeans.m,nested:af6a7c11f617b,m,code,1600
experiments/code_repository_20260625/nested_extracted/af6a7c11f617b/KANK/Коды/matlab/particles/src/neff.m,nested:af6a7c11f617b,m,code,768
experiments/code_repository_20260625/nested_extracted/af6a7c11f617b/KANK/Коды/matlab/particles/src/nonlinear_kalman_filter.m,nested:af6a7c11f617b,m,code,8059
experiments/code_repository_20260625/nested_extracted/af6a7c11f617b/KANK/Коды/matlab/particles/src/online_auxiliary_filter.m,nested:af6a7c11f617b,m,code,16481
experiments/code_repository_20260625/nested_extracted/af6a7c11f617b/KANK/Коды/matlab/particles/src/probability.m,nested:af6a7c11f617b,m,code,1313
experiments/code_repository_20260625/nested_extracted/af6a7c11f617b/KANK/Коды/matlab/particles/src/probability2.m,nested:af6a7c11f617b,m,code,1156
experiments/code_repository_20260625/nested_extracted/af6a7c11f617b/KANK/Коды/matlab/particles/src/probability3.m,nested:af6a7c11f617b,m,code,1352
experiments/code_repository_20260625/nested_extracted/af6a7c11f617b/KANK/Коды/matlab/particles/src/resample.m,nested:af6a7c11f617b,m,code,2648
experiments/code_repository_20260625/nested_extracted/af6a7c11f617b/KANK/Коды/matlab/particles/src/residual_resampling.m,nested:af6a7c11f617b,m,code,3449
experiments/code_repository_20260625/nested_extracted/af6a7c11f617b/KANK/Коды/matlab/particles/src/sequential_importance_particle_filter.m,nested:af6a7c11f617b,m,code,5306
experiments/code_repository_20260625/nested_extracted/af6a7c11f617b/KANK/Коды/matlab/particles/src/solve_model_for_online_filter.m,nested:af6a7c11f617b,m,code,14345
experiments/code_repository_20260625/nested_extracted/af6a7c11f617b/KANK/Коды/matlab/particles/src/spherical_radial_sigma_points.m,nested:af6a7c11f617b,m,code,1151
experiments/code_repository_20260625/nested_extracted/af6a7c11f617b/KANK/Коды/matlab/particles/src/traditional_resampling.m,nested:af6a7c11f617b,m,code,5538
experiments/code_repository_20260625/nested_extracted/af6a7c11f617b/KANK/Коды/matlab/particles/src/univariate_smooth_resampling.m,nested:af6a7c11f617b,m,code,2507
experiments/code_repository_20260625/nested_extracted/af6a7c11f617b/KANK/Коды/matlab/particles/src/unscented_sigma_points.m,nested:af6a7c11f617b,m,code,1395
experiments/code_repository_20260625/nested_extracted/af6a7c11f617b/KANK/Коды/matlab/perfect-foresight-models/det_cond_forecast.m,nested:af6a7c11f617b,m,code,39790
experiments/code_repository_20260625/nested_extracted/af6a7c11f617b/KANK/Коды/matlab/perfect-foresight-models/linear_approximation_accuracy.m,nested:af6a7c11f617b,m,code,1777
experiments/code_repository_20260625/nested_extracted/af6a7c11f617b/KANK/Коды/matlab/perfect-foresight-models/linear_perfect_foresight_problem.m,nested:af6a7c11f617b,m,code,2262
experiments/code_repository_20260625/nested_extracted/af6a7c11f617b/KANK/Коды/matlab/perfect-foresight-models/make_ex_.m,nested:af6a7c11f617b,m,code,2804
experiments/code_repository_20260625/nested_extracted/af6a7c11f617b/KANK/Коды/matlab/perfect-foresight-models/make_y_.m,nested:af6a7c11f617b,m,code,2022
experiments/code_repository_20260625/nested_extracted/af6a7c11f617b/KANK/Коды/matlab/perfect-foresight-models/perfect_foresight_mcp_problem.m,nested:af6a7c11f617b,m,code,5147
experiments/code_repository_20260625/nested_extracted/af6a7c11f617b/KANK/Коды/matlab/perfect-foresight-models/perfect_foresight_problem.m,nested:af6a7c11f617b,m,code,4871
experiments/code_repository_20260625/nested_extracted/af6a7c11f617b/KANK/Коды/matlab/perfect-foresight-models/perfect_foresight_setup.m,nested:af6a7c11f617b,m,code,1811
experiments/code_repository_20260625/nested_extracted/af6a7c11f617b/KANK/Коды/matlab/perfect-foresight-models/perfect_foresight_simulation.m,nested:af6a7c11f617b,m,code,6804
experiments/code_repository_20260625/nested_extracted/af6a7c11f617b/KANK/Коды/matlab/perfect-foresight-models/perfect_foresight_solver.m,nested:af6a7c11f617b,m,code,8039
experiments/code_repository_20260625/nested_extracted/af6a7c11f617b/KANK/Коды/matlab/perfect-foresight-models/perfect_foresight_solver_core.m,nested:af6a7c11f617b,m,code,6158
experiments/code_repository_20260625/nested_extracted/af6a7c11f617b/KANK/Коды/matlab/perfect-foresight-models/private/check_input_arguments.m,nested:af6a7c11f617b,m,code,3628
experiments/code_repository_20260625/nested_extracted/af6a7c11f617b/KANK/Коды/matlab/perfect-foresight-models/private/initialize_stacked_problem.m,nested:af6a7c11f617b,m,code,3910
experiments/code_repository_20260625/nested_extracted/af6a7c11f617b/KANK/Коды/matlab/perfect-foresight-models/private/simulation_core.m,nested:af6a7c11f617b,m,code,5284
experiments/code_repository_20260625/nested_extracted/af6a7c11f617b/KANK/Коды/matlab/perfect-foresight-models/sim1.m,nested:af6a7c11f617b,m,code,10415
experiments/code_repository_20260625/nested_extracted/af6a7c11f617b/KANK/Коды/matlab/perfect-foresight-models/sim1_lbj.m,nested:af6a7c11f617b,m,code,4429
experiments/code_repository_20260625/nested_extracted/af6a7c11f617b/KANK/Коды/matlab/perfect-foresight-models/sim1_linear.m,nested:af6a7c11f617b,m,code,8117
experiments/code_repository_20260625/nested_extracted/af6a7c11f617b/KANK/Коды/matlab/perfect-foresight-models/sim1_purely_backward.m,nested:af6a7c11f617b,m,code,2072
experiments/code_repository_20260625/nested_extracted/af6a7c11f617b/KANK/Коды/matlab/perfect-foresight-models/sim1_purely_forward.m,nested:af6a7c11f617b,m,code,1816
experiments/code_repository_20260625/nested_extracted/af6a7c11f617b/KANK/Коды/matlab/perfect-foresight-models/solve_stacked_linear_problem.m,nested:af6a7c11f617b,m,code,2527
experiments/code_repository_20260625/nested_extracted/af6a7c11f617b/KANK/Коды/matlab/perfect-foresight-models/solve_stacked_problem.m,nested:af6a7c11f617b,m,code,3474
experiments/code_repository_20260625/nested_extracted/af6a7c11f617b/KANK/Коды/matlab/plot_icforecast.m,nested:af6a7c11f617b,m,code,2932
experiments/code_repository_20260625/nested_extracted/af6a7c11f617b/KANK/Коды/matlab/plot_identification.m,nested:af6a7c11f617b,m,code,23476
experiments/code_repository_20260625/nested_extracted/af6a7c11f617b/KANK/Коды/matlab/plot_priors.m,nested:af6a7c11f617b,m,code,3053
experiments/code_repository_20260625/nested_extracted/af6a7c11f617b/KANK/Коды/matlab/plot_shock_decomposition.m,nested:af6a7c11f617b,m,code,11376
experiments/code_repository_20260625/nested_extracted/af6a7c11f617b/KANK/Коды/matlab/pltorg.m,nested:af6a7c11f617b,m,code,2317
experiments/code_repository_20260625/nested_extracted/af6a7c11f617b/KANK/Коды/matlab/pm3.m,nested:af6a7c11f617b,m,code,17749
experiments/code_repository_20260625/nested_extracted/af6a7c11f617b/KANK/Коды/matlab/pm3_core.m,nested:af6a7c11f617b,m,code,3791
experiments/code_repository_20260625/nested_extracted/af6a7c11f617b/KANK/Коды/matlab/posterior_analysis.m,nested:af6a7c11f617b,m,code,3487
experiments/code_repository_20260625/nested_extracted/af6a7c11f617b/KANK/Коды/matlab/posterior_moments.m,nested:af6a7c11f617b,m,code,3764
experiments/code_repository_20260625/nested_extracted/af6a7c11f617b/KANK/Коды/matlab/posterior_sampler.m,nested:af6a7c11f617b,m,code,8813
experiments/code_repository_20260625/nested_extracted/af6a7c11f617b/KANK/Коды/matlab/posterior_sampler_core.m,nested:af6a7c11f617b,m,code,12140
experiments/code_repository_20260625/nested_extracted/af6a7c11f617b/KANK/Коды/matlab/posterior_sampler_initialization.m,nested:af6a7c11f617b,m,code,25154
experiments/code_repository_20260625/nested_extracted/af6a7c11f617b/KANK/Коды/matlab/posterior_sampler_iteration.m,nested:af6a7c11f617b,m,code,8597
experiments/code_repository_20260625/nested_extracted/af6a7c11f617b/KANK/Коды/matlab/print_bytecode_dynamic_model.m,nested:af6a7c11f617b,m,code,1108
experiments/code_repository_20260625/nested_extracted/af6a7c11f617b/KANK/Коды/matlab/print_bytecode_static_model.m,nested:af6a7c11f617b,m,code,1103
experiments/code_repository_20260625/nested_extracted/af6a7c11f617b/KANK/Коды/matlab/print_info.m,nested:af6a7c11f617b,m,code,9101
experiments/code_repository_20260625/nested_extracted/af6a7c11f617b/KANK/Коды/matlab/print_moments_implied_prior.m,nested:af6a7c11f617b,m,code,2283
experiments/code_repository_20260625/nested_extracted/af6a7c11f617b/KANK/Коды/matlab/print_table_prior.m,nested:af6a7c11f617b,m,code,4946
experiments/code_repository_20260625/nested_extracted/af6a7c11f617b/KANK/Коды/matlab/printline.m,nested:af6a7c11f617b,m,code,1292
experiments/code_repository_20260625/nested_extracted/af6a7c11f617b/KANK/Коды/matlab/prior_analysis.m,nested:af6a7c11f617b,m,code,3414
experiments/code_repository_20260625/nested_extracted/af6a7c11f617b/KANK/Коды/matlab/prior_bounds.m,nested:af6a7c11f617b,m,code,5599
experiments/code_repository_20260625/nested_extracted/af6a7c11f617b/KANK/Коды/matlab/prior_draw.m,nested:af6a7c11f617b,m,code,11153
experiments/code_repository_20260625/nested_extracted/af6a7c11f617b/KANK/Коды/matlab/prior_posterior_statistics.m,nested:af6a7c11f617b,m,code,14568
experiments/code_repository_20260625/nested_extracted/af6a7c11f617b/KANK/Коды/matlab/prior_posterior_statistics_core.m,nested:af6a7c11f617b,m,code,21843
experiments/code_repository_20260625/nested_extracted/af6a7c11f617b/KANK/Коды/matlab/prior_sampler.m,nested:af6a7c11f617b,m,code,7369
experiments/code_repository_20260625/nested_extracted/af6a7c11f617b/KANK/Коды/matlab/priordens.m,nested:af6a7c11f617b,m,code,8637
experiments/code_repository_20260625/nested_extracted/af6a7c11f617b/KANK/Коды/matlab/qr2.m,nested:af6a7c11f617b,m,code,1346
experiments/code_repository_20260625/nested_extracted/af6a7c11f617b/KANK/Коды/matlab/quadratic_matrix_equation_solver.m,nested:af6a7c11f617b,m,code,4342
experiments/code_repository_20260625/nested_extracted/af6a7c11f617b/KANK/Коды/matlab/qz/mjdgges.m,nested:af6a7c11f617b,m,code,2581
experiments/code_repository_20260625/nested_extracted/af6a7c11f617b/KANK/Коды/matlab/qzdiv.m,nested:af6a7c11f617b,m,code,1621
experiments/code_repository_20260625/nested_extracted/af6a7c11f617b/KANK/Коды/matlab/qzswitch.m,nested:af6a7c11f617b,m,code,2765
experiments/code_repository_20260625/nested_extracted/af6a7c11f617b/KANK/Коды/matlab/ramsey_policy.m,nested:af6a7c11f617b,m,code,1944
experiments/code_repository_20260625/nested_extracted/af6a7c11f617b/KANK/Коды/matlab/read_data_.m,nested:af6a7c11f617b,m,code,2453
experiments/code_repository_20260625/nested_extracted/af6a7c11f617b/KANK/Коды/matlab/read_key_value_string.m,nested:af6a7c11f617b,m,code,2700
experiments/code_repository_20260625/nested_extracted/af6a7c11f617b/KANK/Коды/matlab/read_variables.m,nested:af6a7c11f617b,m,code,4101
experiments/code_repository_20260625/nested_extracted/af6a7c11f617b/KANK/Коды/matlab/realtime_shock_decomposition.m,nested:af6a7c11f617b,m,code,9906
experiments/code_repository_20260625/nested_extracted/af6a7c11f617b/KANK/Коды/matlab/recursive_moments.m,nested:af6a7c11f617b,m,code,1670
experiments/code_repository_20260625/nested_extracted/af6a7c11f617b/KANK/Коды/matlab/reduced_form_models/local_state_space_iteration_2/local_state_space_iteration_2.m,nested:af6a7c11f617b,m,code,9583
experiments/code_repository_20260625/nested_extracted/af6a7c11f617b/KANK/Коды/matlab/reduced_rank_cholesky.m,nested:af6a7c11f617b,m,code,2613
experiments/code_repository_20260625/nested_extracted/af6a7c11f617b/KANK/Коды/matlab/resid.m,nested:af6a7c11f617b,m,code,3436
experiments/code_repository_20260625/nested_extracted/af6a7c11f617b/KANK/Коды/matlab/resol.m,nested:af6a7c11f617b,m,code,5360
experiments/code_repository_20260625/nested_extracted/af6a7c11f617b/KANK/Коды/matlab/restricted_steadystate.m,nested:af6a7c11f617b,m,code,942
experiments/code_repository_20260625/nested_extracted/af6a7c11f617b/KANK/Коды/matlab/reversed_extended_path.m,nested:af6a7c11f617b,m,code,3536
experiments/code_repository_20260625/nested_extracted/af6a7c11f617b/KANK/Коды/matlab/rotated_slice_sampler.m,nested:af6a7c11f617b,m,code,5569
experiments/code_repository_20260625/nested_extracted/af6a7c11f617b/KANK/Коды/matlab/row_header_width.m,nested:af6a7c11f617b,m,code,1944
experiments/code_repository_20260625/nested_extracted/af6a7c11f617b/KANK/Коды/matlab/rplot.m,nested:af6a7c11f617b,m,code,5934
experiments/code_repository_20260625/nested_extracted/af6a7c11f617b/KANK/Коды/matlab/sample_autocovariance.m,nested:af6a7c11f617b,m,code,1558
experiments/code_repository_20260625/nested_extracted/af6a7c11f617b/KANK/Коды/matlab/sample_hp_filter.m,nested:af6a7c11f617b,m,code,1500
experiments/code_repository_20260625/nested_extracted/af6a7c11f617b/KANK/Коды/matlab/save_params_and_steady_state.m,nested:af6a7c11f617b,m,code,2037
experiments/code_repository_20260625/nested_extracted/af6a7c11f617b/KANK/Коды/matlab/save_results.m,nested:af6a7c11f617b,m,code,1103
experiments/code_repository_20260625/nested_extracted/af6a7c11f617b/KANK/Коды/matlab/score.m,nested:af6a7c11f617b,m,code,4170
experiments/code_repository_20260625/nested_extracted/af6a7c11f617b/KANK/Коды/matlab/selec_posterior_draws.m,nested:af6a7c11f617b,m,code,6120
experiments/code_repository_20260625/nested_extracted/af6a7c11f617b/KANK/Коды/matlab/select_from_table.m,nested:af6a7c11f617b,m,code,970
experiments/code_repository_20260625/nested_extracted/af6a7c11f617b/KANK/Коды/matlab/select_qz_criterium_value.m,nested:af6a7c11f617b,m,code,2675
experiments/code_repository_20260625/nested_extracted/af6a7c11f617b/KANK/Коды/matlab/selif.m,nested:af6a7c11f617b,m,code,842
experiments/code_repository_20260625/nested_extracted/af6a7c11f617b/KANK/Коды/matlab/send_endogenous_variables_to_workspace.m,nested:af6a7c11f617b,m,code,909
experiments/code_repository_20260625/nested_extracted/af6a7c11f617b/KANK/Коды/matlab/set_all_parameters.m,nested:af6a7c11f617b,m,code,4348
experiments/code_repository_20260625/nested_extracted/af6a7c11f617b/KANK/Коды/matlab/set_default_initial_condition_decomposition_options.m,nested:af6a7c11f617b,m,code,1291
experiments/code_repository_20260625/nested_extracted/af6a7c11f617b/KANK/Коды/matlab/set_default_option.m,nested:af6a7c11f617b,m,code,1238
experiments/code_repository_20260625/nested_extracted/af6a7c11f617b/KANK/Коды/matlab/set_default_plot_shock_decomposition_options.m,nested:af6a7c11f617b,m,code,2017
experiments/code_repository_20260625/nested_extracted/af6a7c11f617b/KANK/Коды/matlab/set_dynare_random_generator_state.m,nested:af6a7c11f617b,m,code,2458
experiments/code_repository_20260625/nested_extracted/af6a7c11f617b/KANK/Коды/matlab/set_dynare_seed.m,nested:af6a7c11f617b,m,code,5230
experiments/code_repository_20260625/nested_extracted/af6a7c11f617b/KANK/Коды/matlab/set_dynare_threads.m,nested:af6a7c11f617b,m,code,1753
experiments/code_repository_20260625/nested_extracted/af6a7c11f617b/KANK/Коды/matlab/set_local_param_value.m,nested:af6a7c11f617b,m,code,876
experiments/code_repository_20260625/nested_extracted/af6a7c11f617b/KANK/Коды/matlab/set_param_value.m,nested:af6a7c11f617b,m,code,910
experiments/code_repository_20260625/nested_extracted/af6a7c11f617b/KANK/Коды/matlab/set_parameters.m,nested:af6a7c11f617b,m,code,2393
experiments/code_repository_20260625/nested_extracted/af6a7c11f617b/KANK/Коды/matlab/set_prior.m,nested:af6a7c11f617b,m,code,14739
experiments/code_repository_20260625/nested_extracted/af6a7c11f617b/KANK/Коды/matlab/set_state_space.m,nested:af6a7c11f617b,m,code,4113
experiments/code_repository_20260625/nested_extracted/af6a7c11f617b/KANK/Коды/matlab/shiftS.m,nested:af6a7c11f617b,m,code,872
experiments/code_repository_20260625/nested_extracted/af6a7c11f617b/KANK/Коды/matlab/shock_decomposition.m,nested:af6a7c11f617b,m,code,4241
experiments/code_repository_20260625/nested_extracted/af6a7c11f617b/KANK/Коды/matlab/simul_backward_linear_model.m,nested:af6a7c11f617b,m,code,3143
experiments/code_repository_20260625/nested_extracted/af6a7c11f617b/KANK/Коды/matlab/simul_backward_model.m,nested:af6a7c11f617b,m,code,3662
experiments/code_repository_20260625/nested_extracted/af6a7c11f617b/KANK/Коды/matlab/simul_backward_nonlinear_model.m,nested:af6a7c11f617b,m,code,5019
experiments/code_repository_20260625/nested_extracted/af6a7c11f617b/KANK/Коды/matlab/simulated_moment_uncertainty.m,nested:af6a7c11f617b,m,code,3836
experiments/code_repository_20260625/nested_extracted/af6a7c11f617b/KANK/Коды/matlab/simulated_moments_estimation.m,nested:af6a7c11f617b,m,code,14188
experiments/code_repository_20260625/nested_extracted/af6a7c11f617b/KANK/Коды/matlab/simult.m,nested:af6a7c11f617b,m,code,3126
experiments/code_repository_20260625/nested_extracted/af6a7c11f617b/KANK/Коды/matlab/simult_.m,nested:af6a7c11f617b,m,code,9314
experiments/code_repository_20260625/nested_extracted/af6a7c11f617b/KANK/Коды/matlab/simultxdet.m,nested:af6a7c11f617b,m,code,5500
experiments/code_repository_20260625/nested_extracted/af6a7c11f617b/KANK/Коды/matlab/size_of_the_reduced_form_model.m,nested:af6a7c11f617b,m,code,969
experiments/code_repository_20260625/nested_extracted/af6a7c11f617b/KANK/Коды/matlab/skipline.m,nested:af6a7c11f617b,m,code,1009
experiments/code_repository_20260625/nested_extracted/af6a7c11f617b/KANK/Коды/matlab/slice_sampler.m,nested:af6a7c11f617b,m,code,4189
experiments/code_repository_20260625/nested_extracted/af6a7c11f617b/KANK/Коды/matlab/smm_objective.m,nested:af6a7c11f617b,m,code,5983
experiments/code_repository_20260625/nested_extracted/af6a7c11f617b/KANK/Коды/matlab/smoother2histval.m,nested:af6a7c11f617b,m,code,8319
experiments/code_repository_20260625/nested_extracted/af6a7c11f617b/KANK/Коды/matlab/solve1.m,nested:af6a7c11f617b,m,code,4207
experiments/code_repository_20260625/nested_extracted/af6a7c11f617b/KANK/Коды/matlab/solve_one_boundary.m,nested:af6a7c11f617b,m,code,19266
experiments/code_repository_20260625/nested_extracted/af6a7c11f617b/KANK/Коды/matlab/solve_perfect_foresight_model.m,nested:af6a7c11f617b,m,code,3631
experiments/code_repository_20260625/nested_extracted/af6a7c11f617b/KANK/Коды/matlab/solve_two_boundaries.m,nested:af6a7c11f617b,m,code,16585
experiments/code_repository_20260625/nested_extracted/af6a7c11f617b/KANK/Коды/matlab/steady.m,nested:af6a7c11f617b,m,code,3200
experiments/code_repository_20260625/nested_extracted/af6a7c11f617b/KANK/Коды/matlab/steady_.m,nested:af6a7c11f617b,m,code,2201
experiments/code_repository_20260625/nested_extracted/af6a7c11f617b/KANK/Коды/matlab/step_length_correction.m,nested:af6a7c11f617b,m,code,816
experiments/code_repository_20260625/nested_extracted/af6a7c11f617b/KANK/Коды/matlab/stoch_simul.m,nested:af6a7c11f617b,m,code,16898
experiments/code_repository_20260625/nested_extracted/af6a7c11f617b/KANK/Коды/matlab/stochastic_solvers.m,nested:af6a7c11f617b,m,code,16013
experiments/code_repository_20260625/nested_extracted/af6a7c11f617b/KANK/Коды/matlab/store_smoother_results.m,nested:af6a7c11f617b,m,code,13631
experiments/code_repository_20260625/nested_extracted/af6a7c11f617b/KANK/Коды/matlab/subset.m,nested:af6a7c11f617b,m,code,3614
experiments/code_repository_20260625/nested_extracted/af6a7c11f617b/KANK/Коды/matlab/supported_octave_version.m,nested:af6a7c11f617b,m,code,738
experiments/code_repository_20260625/nested_extracted/af6a7c11f617b/KANK/Коды/matlab/symmetric_matrix_index.m,nested:af6a7c11f617b,m,code,1198
experiments/code_repository_20260625/nested_extracted/af6a7c11f617b/KANK/Коды/matlab/test_for_deep_parameters_calibration.m,nested:af6a7c11f617b,m,code,2035
experiments/code_repository_20260625/nested_extracted/af6a7c11f617b/KANK/Коды/matlab/th_autocovariances.m,nested:af6a7c11f617b,m,code,13716
experiments/code_repository_20260625/nested_extracted/af6a7c11f617b/KANK/Коды/matlab/thet2tau.m,nested:af6a7c11f617b,m,code,2367
experiments/code_repository_20260625/nested_extracted/af6a7c11f617b/KANK/Коды/matlab/trace_plot.m,nested:af6a7c11f617b,m,code,5473
experiments/code_repository_20260625/nested_extracted/af6a7c11f617b/KANK/Коды/matlab/trust_region.m,nested:af6a7c11f617b,m,code,6447
experiments/code_repository_20260625/nested_extracted/af6a7c11f617b/KANK/Коды/matlab/uniform_specification.m,nested:af6a7c11f617b,m,code,1219
experiments/code_repository_20260625/nested_extracted/af6a7c11f617b/KANK/Коды/matlab/update_last_mh_history_file.m,nested:af6a7c11f617b,m,code,1602
experiments/code_repository_20260625/nested_extracted/af6a7c11f617b/KANK/Коды/matlab/user_has_matlab_license.m,nested:af6a7c11f617b,m,code,1879
experiments/code_repository_20260625/nested_extracted/af6a7c11f617b/KANK/Коды/matlab/user_has_octave_forge_package.m,nested:af6a7c11f617b,m,code,895
experiments/code_repository_20260625/nested_extracted/af6a7c11f617b/KANK/Коды/matlab/utilities/dataset/describe_missing_data.m,nested:af6a7c11f617b,m,code,3577
experiments/code_repository_20260625/nested_extracted/af6a7c11f617b/KANK/Коды/matlab/utilities/dataset/descriptive_statistics.m,nested:af6a7c11f617b,m,code,2911
experiments/code_repository_20260625/nested_extracted/af6a7c11f617b/KANK/Коды/matlab/utilities/dataset/initialize_dataset.m,nested:af6a7c11f617b,m,code,3682
experiments/code_repository_20260625/nested_extracted/af6a7c11f617b/KANK/Коды/matlab/utilities/dataset/lagged.m,nested:af6a7c11f617b,m,code,970
experiments/code_repository_20260625/nested_extracted/af6a7c11f617b/KANK/Коды/matlab/utilities/dataset/makedataset.m,nested:af6a7c11f617b,m,code,11717
experiments/code_repository_20260625/nested_extracted/af6a7c11f617b/KANK/Коды/matlab/utilities/dataset/nanautocovariance.m,nested:af6a7c11f617b,m,code,2552
experiments/code_repository_20260625/nested_extracted/af6a7c11f617b/KANK/Коды/matlab/utilities/dataset/nancovariance.m,nested:af6a7c11f617b,m,code,2722
experiments/code_repository_20260625/nested_extracted/af6a7c11f617b/KANK/Коды/matlab/utilities/dataset/nanmoments.m,nested:af6a7c11f617b,m,code,948
experiments/code_repository_20260625/nested_extracted/af6a7c11f617b/KANK/Коды/matlab/utilities/dataset/nanvariance.m,nested:af6a7c11f617b,m,code,1820
experiments/code_repository_20260625/nested_extracted/af6a7c11f617b/KANK/Коды/matlab/utilities/dataset/quarterly2annual.m,nested:af6a7c11f617b,m,code,4141
experiments/code_repository_20260625/nested_extracted/af6a7c11f617b/KANK/Коды/matlab/utilities/doc/dynInfo.m,nested:af6a7c11f617b,m,code,2186
experiments/code_repository_20260625/nested_extracted/af6a7c11f617b/KANK/Коды/matlab/utilities/doc/get_internal_doc_block.m,nested:af6a7c11f617b,m,code,2108
experiments/code_repository_20260625/nested_extracted/af6a7c11f617b/KANK/Коды/matlab/utilities/general/clean_current_folder.m,nested:af6a7c11f617b,m,code,1343
experiments/code_repository_20260625/nested_extracted/af6a7c11f617b/KANK/Коды/matlab/utilities/general/compare_vectors.m,nested:af6a7c11f617b,m,code,3000
experiments/code_repository_20260625/nested_extracted/af6a7c11f617b/KANK/Коды/matlab/utilities/general/delete_stale_file.m,nested:af6a7c11f617b,m,code,892
experiments/code_repository_20260625/nested_extracted/af6a7c11f617b/KANK/Коды/matlab/utilities/general/demean.m,nested:af6a7c11f617b,m,code,1581
experiments/code_repository_20260625/nested_extracted/af6a7c11f617b/KANK/Коды/matlab/utilities/general/disp_verbose.m,nested:af6a7c11f617b,m,code,872
experiments/code_repository_20260625/nested_extracted/af6a7c11f617b/KANK/Коды/matlab/utilities/general/dyn_mex.m,nested:af6a7c11f617b,m,code,5840
experiments/code_repository_20260625/nested_extracted/af6a7c11f617b/KANK/Коды/matlab/utilities/general/get_all_variables_but_lagged_leaded_exogenous.m,nested:af6a7c11f617b,m,code,1109
experiments/code_repository_20260625/nested_extracted/af6a7c11f617b/KANK/Коды/matlab/utilities/general/indices_lagged_leaded_exogenous_variables.m,nested:af6a7c11f617b,m,code,1769
experiments/code_repository_20260625/nested_extracted/af6a7c11f617b/KANK/Коды/matlab/utilities/general/isaletter.m,nested:af6a7c11f617b,m,code,816
experiments/code_repository_20260625/nested_extracted/af6a7c11f617b/KANK/Коды/matlab/utilities/general/isanynan.m,nested:af6a7c11f617b,m,code,815
experiments/code_repository_20260625/nested_extracted/af6a7c11f617b/KANK/Коды/matlab/utilities/general/isconst.m,nested:af6a7c11f617b,m,code,972
experiments/code_repository_20260625/nested_extracted/af6a7c11f617b/KANK/Коды/matlab/utilities/general/isdiagonal.m,nested:af6a7c11f617b,m,code,1575
experiments/code_repository_20260625/nested_extracted/af6a7c11f617b/KANK/Коды/matlab/utilities/general/isestimation.m,nested:af6a7c11f617b,m,code,879
experiments/code_repository_20260625/nested_extracted/af6a7c11f617b/KANK/Коды/matlab/utilities/general/iseven.m,nested:af6a7c11f617b,m,code,722
experiments/code_repository_20260625/nested_extracted/af6a7c11f617b/KANK/Коды/matlab/utilities/general/isfile.m,nested:af6a7c11f617b,m,code,1502
experiments/code_repository_20260625/nested_extracted/af6a7c11f617b/KANK/Коды/matlab/utilities/general/isinestimationobjective.m,nested:af6a7c11f617b,m,code,1369
experiments/code_repository_20260625/nested_extracted/af6a7c11f617b/KANK/Коды/matlab/utilities/general/isint.m,nested:af6a7c11f617b,m,code,1374
experiments/code_repository_20260625/nested_extracted/af6a7c11f617b/KANK/Коды/matlab/utilities/general/isodd.m,nested:af6a7c11f617b,m,code,721
experiments/code_repository_20260625/nested_extracted/af6a7c11f617b/KANK/Коды/matlab/utilities/general/ispd.m,nested:af6a7c11f617b,m,code,1617
experiments/code_repository_20260625/nested_extracted/af6a7c11f617b/KANK/Коды/matlab/utilities/general/isquare.m,nested:af6a7c11f617b,m,code,1218
experiments/code_repository_20260625/nested_extracted/af6a7c11f617b/KANK/Коды/matlab/utilities/general/log_variable.m,nested:af6a7c11f617b,m,code,1712
experiments/code_repository_20260625/nested_extracted/af6a7c11f617b/KANK/Коды/matlab/utilities/general/nandemean.m,nested:af6a7c11f617b,m,code,1674
experiments/code_repository_20260625/nested_extracted/af6a7c11f617b/KANK/Коды/matlab/utilities/general/ndim.m,nested:af6a7c11f617b,m,code,1402
experiments/code_repository_20260625/nested_extracted/af6a7c11f617b/KANK/Коды/matlab/utilities/general/remove_fractional_xticks.m,nested:af6a7c11f617b,m,code,1081
experiments/code_repository_20260625/nested_extracted/af6a7c11f617b/KANK/Коды/matlab/utilities/graphics/colorspace.m,nested:af6a7c11f617b,m,code,17167
experiments/code_repository_20260625/nested_extracted/af6a7c11f617b/KANK/Коды/matlab/utilities/graphics/distinguishable_colors.m,nested:af6a7c11f617b,m,code,6390
experiments/code_repository_20260625/nested_extracted/af6a7c11f617b/KANK/Коды/matlab/utilities/tests/src/Contents.m,nested:af6a7c11f617b,m,code,1087
experiments/code_repository_20260625/nested_extracted/af6a7c11f617b/KANK/Коды/matlab/utilities/tests/src/build_report_summary.m,nested:af6a7c11f617b,m,code,3935
experiments/code_repository_20260625/nested_extracted/af6a7c11f617b/KANK/Коды/matlab/utilities/tests/src/dassert.m,nested:af6a7c11f617b,m,code,2311
experiments/code_repository_20260625/nested_extracted/af6a7c11f617b/KANK/Коды/matlab/utilities/tests/src/dtest.m,nested:af6a7c11f617b,m,code,2129
experiments/code_repository_20260625/nested_extracted/af6a7c11f617b/KANK/Коды/matlab/utilities/tests/src/get_directory_description.m,nested:af6a7c11f617b,m,code,1662
experiments/code_repository_20260625/nested_extracted/af6a7c11f617b/KANK/Коды/matlab/utilities/tests/src/initialize_unit_tests_toolbox.m,nested:af6a7c11f617b,m,code,1066
experiments/code_repository_20260625/nested_extracted/af6a7c11f617b/KANK/Коды/matlab/utilities/tests/src/is_unitary_test_available.m,nested:af6a7c11f617b,m,code,1218
experiments/code_repository_20260625/nested_extracted/af6a7c11f617b/KANK/Коды/matlab/utilities/tests/src/missing/isoctave/isoctave.m,nested:af6a7c11f617b,m,code,757
experiments/code_repository_20260625/nested_extracted/af6a7c11f617b/KANK/Коды/matlab/utilities/tests/src/missing/skipline/skipline.m,nested:af6a7c11f617b,m,code,1009
experiments/code_repository_20260625/nested_extracted/af6a7c11f617b/KANK/Коды/matlab/utilities/tests/src/mtest.m,nested:af6a7c11f617b,m,code,5346
experiments/code_repository_20260625/nested_extracted/af6a7c11f617b/KANK/Коды/matlab/utilities/tests/src/run_unitary_tests.m,nested:af6a7c11f617b,m,code,2300
experiments/code_repository_20260625/nested_extracted/af6a7c11f617b/KANK/Коды/matlab/utilities/tests/src/run_unitary_tests_in_directory.m,nested:af6a7c11f617b,m,code,2531
experiments/code_repository_20260625/nested_extracted/af6a7c11f617b/KANK/Коды/matlab/var_sample_moments.m,nested:af6a7c11f617b,m,code,4018
experiments/code_repository_20260625/nested_extracted/af6a7c11f617b/KANK/Коды/matlab/variance_decomposition_mc_analysis.m,nested:af6a7c11f617b,m,code,4755
experiments/code_repository_20260625/nested_extracted/af6a7c11f617b/KANK/Коды/matlab/varlist_indices.m,nested:af6a7c11f617b,m,code,2438
experiments/code_repository_20260625/nested_extracted/af6a7c11f617b/KANK/Коды/matlab/ver_greater_than.m,nested:af6a7c11f617b,m,code,1827
experiments/code_repository_20260625/nested_extracted/af6a7c11f617b/KANK/Коды/matlab/ver_greater_than_equal.m,nested:af6a7c11f617b,m,code,1070
experiments/code_repository_20260625/nested_extracted/af6a7c11f617b/KANK/Коды/matlab/ver_less_than.m,nested:af6a7c11f617b,m,code,1821
experiments/code_repository_20260625/nested_extracted/af6a7c11f617b/KANK/Коды/matlab/vnorm.m,nested:af6a7c11f617b,m,code,2750
experiments/code_repository_20260625/nested_extracted/af6a7c11f617b/KANK/Коды/matlab/warning_config.m,nested:af6a7c11f617b,m,code,1948
experiments/code_repository_20260625/nested_extracted/af6a7c11f617b/KANK/Коды/matlab/write_latex_definitions.m,nested:af6a7c11f617b,m,code,2681
experiments/code_repository_20260625/nested_extracted/af6a7c11f617b/KANK/Коды/matlab/write_latex_parameter_table.m,nested:af6a7c11f617b,m,code,2982
experiments/code_repository_20260625/nested_extracted/af6a7c11f617b/KANK/Коды/matlab/write_latex_prior_table.m,nested:af6a7c11f617b,m,code,7458
experiments/code_repository_20260625/nested_extracted/af6a7c11f617b/KANK/Коды/matlab/write_mh_history_file.m,nested:af6a7c11f617b,m,code,1550
experiments/code_repository_20260625/nested_extracted/af6a7c11f617b/KANK/Коды/matlab/writecellofchar.m,nested:af6a7c11f617b,m,code,1464
experiments/code_repository_20260625/nested_extracted/af6a7c11f617b/KANK/Коды/matlab/writedata.m,nested:af6a7c11f617b,m,code,1676
experiments/code_repository_20260625/nested_extracted/af6a7c11f617b/KANK/Коды/matlab/writedata_text.m,nested:af6a7c11f617b,m,code,1453
experiments/code_repository_20260625/nested_extracted/af6a7c11f617b/KANK/Коды/matlab/writematrixofchar.m,nested:af6a7c11f617b,m,code,1238
experiments/code_repository_20260625/nested_extracted/af6a7c11f617b/KANK/Коды/model_NWR1e_break22_L.mod,nested:af6a7c11f617b,mod,code,49007
experiments/code_repository_20260625/nested_extracted/af6a7c11f617b/KANK/Коды/model_NWR1e_break22_L_steadystate.m,nested:af6a7c11f617b,m,code,20266
experiments/code_repository_20260625/nested_extracted/af6a7c11f617b/KANK/Коды/var_unobserved_forecast2.m,nested:af6a7c11f617b,m,code,3972
experiments/code_repository_20260625/nested_extracted/af6a7c11f617b/KANK/Коды/var_unobserved_soother.m,nested:af6a7c11f617b,m,code,1313
"experiments/code_repository_20260625/nested_extracted/afa0cc7c1c88b/ARIMA-45 (Омск, СГУ)/Скрипт/arima_omsk.prg",nested:afa0cc7c1c88b,prg,code,29577
experiments/code_repository_20260625/nested_extracted/afb1f071e9cc6/VAR_прогноз_Баранаул/1. Отделение Барнаул. VAR по укрупненным. Исходные ряды.prg,nested:afb1f071e9cc6,prg,code,4606
experiments/code_repository_20260625/extracted/Репозиторий кодов/Модели для краткосрочного прогноза банковских ставок/rate_fcst.R,Модели для краткосрочного прогноза банковских ставок,r,code,5835
experiments/code_repository_20260625/extracted/Репозиторий кодов/Модели для краткосрочного прогноза инфляции (без дезагрегации)/cpi_fcst.R,Модели для краткосрочного прогноза инфляции (без дезагрегации),r,code,3929
