horizon,candidate,cutoff,target_date,actual_pp,candidate_pred_pp,benchmark_pred_pp,candidate_abs_error,benchmark_abs_error,candidate_y_lags,candidate_x_lags,benchmark_y_lags
1,Nonprod,2016-02-29,2016-03-29,0.25,0.743350426531097,0.7590023507639526,0.49335042653109695,0.5090023507639526,1,1,1
1,Nonprod,2016-03-31,2016-04-30,1.0900000000000034,0.6936267873345098,0.7125548458588296,0.39637321266549363,0.37744515414117386,1,1,1
1,Nonprod,2016-04-30,2016-05-30,0.20999999999999375,0.635367216695526,0.6324694524888218,0.42536721669553224,0.42246945248882806,1,1,1
1,Nonprod,2016-05-31,2016-06-30,0.23999999999999488,0.8284954580358372,0.8224179540730009,0.5884954580358424,0.582417954073006,1,1,1
1,Nonprod,2016-06-30,2016-07-30,0.6099999999999994,0.5962035591821135,0.6095554632993245,0.013796440817885891,0.00044453670067490236,1,1,1
1,Nonprod,2016-07-31,2016-08-31,0.09000000000000341,0.6101479600847688,0.616510167771033,0.5201479600847654,0.5265101677710295,1,1,1
1,Nonprod,2016-08-31,2016-09-30,-0.12999999999999545,0.6882378525839966,0.6944939737319613,0.8182378525839921,0.8244939737319568,1,1,1
1,Nonprod,2016-09-30,2016-10-30,0.5999999999999943,0.559595335036401,0.5584656346021161,0.040404664963593295,0.04153436539787825,1,1,1
1,Nonprod,2016-10-31,2016-11-30,0.29000000000000625,0.5288725029364494,0.5065772238998854,0.23887250293644313,0.2165772238998791,1,1,1
1,Nonprod,2016-11-30,2016-12-30,1.3299999999999983,0.6763187131640095,0.6786123323137393,0.6536812868359888,0.651387667686259,1,1,1
1,Nonprod,2016-12-31,2017-01-31,0.46999999999999886,0.6217700305918578,0.6116562449162964,0.1517700305918589,0.14165624491629758,1,1,1
1,Nonprod,2017-01-31,2017-02-28,0.3299999999999983,0.9153819218255916,0.8629624260594635,0.5853819218255933,0.5329624260594652,1,1,1
1,Nonprod,2017-02-28,2017-03-28,0.20000000000000284,0.6502792397149588,0.64879402569384,0.450279239714956,0.4487940256938372,1,1,1
1,Nonprod,2017-03-31,2017-04-30,0.769999999999996,0.6092497365585614,0.6093190168758387,0.16075026344143462,0.16068098312415735,1,1,1
1,Nonprod,2017-04-30,2017-05-30,0.45999999999999375,0.581921061055032,0.5808389186489991,0.1219210610550383,0.12083891864900531,1,1,1
1,Nonprod,2017-05-31,2017-06-30,0.5799999999999983,0.714948861853633,0.7150941934737118,0.13494886185363475,0.13509419347371354,1,1,1
1,Nonprod,2017-06-30,2017-07-30,-0.480000000000004,0.6388490980798366,0.639426245450748,1.1188490980798407,1.119426245450752,1,1,1
1,Nonprod,2017-07-31,2017-08-31,-0.5100000000000051,0.6405316189557617,0.6546491377554177,1.1505316189557668,1.164649137755423,1,1,1
1,Nonprod,2017-08-31,2017-09-30,-0.14000000000000057,0.3853576181400708,0.37710062545144574,0.5253576181400714,0.5171006254514463,1,1,1
1,Nonprod,2017-09-30,2017-10-30,0.1599999999999966,0.3673019273791774,0.3477572132512409,0.2073019273791808,0.18775721325124434,1,1,1
1,Nonprod,2017-10-31,2017-11-30,0.18000000000000682,0.4394911900099179,0.4388960198537129,0.25949119000991105,0.2588960198537061,1,1,1
1,Nonprod,2017-11-30,2017-12-30,0.4399999999999977,0.5056808181412646,0.5139897498824616,0.06568081814126692,0.07398974988246387,1,1,1
1,Nonprod,2017-12-31,2018-01-31,-0.030000000000001137,0.474327767151679,0.5182454926651985,0.5043277671516802,0.5482454926651996,1,1,1
1,Nonprod,2018-01-31,2018-02-28,0.3400000000000034,0.518462870758501,0.582050280113199,0.17846287075849754,0.24205028011319563,1,1,1
1,Nonprod,2018-02-28,2018-03-28,0.0799999999999983,0.4220641952149032,0.4480571795603897,0.3420641952149049,0.3680571795603914,1,1,1
1,Nonprod,2018-03-31,2018-04-30,0.5,0.5147540745539173,0.5458972623899677,0.014754074553917307,0.04589726238996772,1,1,1
1,Nonprod,2018-04-30,2018-05-30,0.09000000000000341,0.43833457243929425,0.4713238065321401,0.34833457243929083,0.3813238065321367,1,1,1
1,Nonprod,2018-05-31,2018-06-30,0.6400000000000006,0.56951916638887,0.5863618109862392,0.07048083361113056,0.053638189013761384,1,1,1
1,Nonprod,2018-06-30,2018-07-30,0.12000000000000455,0.5085120944508831,0.4684728249527239,0.38851209445087853,0.34847282495271936,1,1,1
1,Nonprod,2018-07-31,2018-08-31,-0.04999999999999716,0.576588103793397,0.6239020182727284,0.6265881037933941,0.6739020182727256,1,1,1
1,Nonprod,2018-08-31,2018-09-30,-0.29999999999999716,0.43810245026055705,0.46501870544211465,0.7381024502605542,0.7650187054421118,1,1,1
1,Nonprod,2018-09-30,2018-10-30,0.09000000000000341,0.3826894589473793,0.4023406876575512,0.2926894589473759,0.3123406876575478,1,1,1
1,Nonprod,2018-10-31,2018-11-30,0.8700000000000045,0.32919161200013725,0.32020935862428984,0.5408083879998673,0.5497906413757148,1,1,1
1,Nonprod,2018-11-30,2018-12-30,1.0799999999999983,0.42159274749652365,0.44966634950553674,0.6584072525034746,0.6303336504944616,1,1,1
1,Nonprod,2018-12-31,2019-01-31,1.1400000000000006,0.6403148013758908,0.6841775931012954,0.49968519862410976,0.4558224068987051,1,1,1
1,Nonprod,2019-01-31,2019-02-28,0.7099999999999937,0.6854607102781815,0.7500640456700117,0.024539289721812296,0.04006404567001798,1,1,1
1,Nonprod,2019-02-28,2019-03-28,0.5499999999999972,0.7127719527395593,0.7669638269171146,0.16277195273956213,0.21696382691711746,1,1,1
1,Nonprod,2019-03-31,2019-04-30,0.5900000000000034,0.6052012898931934,0.6398862538913717,0.015201289893190029,0.04988625389136825,1,1,1
1,Nonprod,2019-04-30,2019-05-30,0.5300000000000011,0.5522846426000008,0.5932972464194851,0.022284642599999627,0.06329724641948398,1,1,1
1,Nonprod,2019-05-31,2019-06-30,-0.4099999999999966,0.580712844407227,0.6042555039085644,0.9907128444072236,1.014255503908561,1,1,1
1,Nonprod,2019-06-30,2019-07-30,-0.0799999999999983,0.5491520673685811,0.5778187932667069,0.6291520673685794,0.6578187932667052,1,1,1
1,Nonprod,2019-07-31,2019-08-31,-0.1700000000000017,0.31105074900681046,0.2988824144424903,0.48105074900681216,0.468882414442492,1,1,1
1,Nonprod,2019-08-31,2019-09-30,-0.3199999999999932,0.36433742110968875,0.38427020727168076,0.684337421109682,0.704270207271674,1,1,1
1,Nonprod,2019-09-30,2019-10-30,0.29999999999999716,0.3529391841961517,0.34407786974245835,0.052939184196154565,0.044077869742461195,1,1,1
1,Nonprod,2019-10-31,2019-11-30,0.39000000000000057,0.31879182738637213,0.29683085783936086,0.07120817261362844,0.0931691421606397,1,1,1
1,Nonprod,2019-11-30,2019-12-30,0.4099999999999966,0.5086369496174789,0.48978629087075776,0.09863694961748226,0.07978629087076117,1,1,1
1,Nonprod,2019-12-31,2020-01-31,0.5,0.511825528786946,0.5167093720220681,0.011825528786945982,0.016709372022068125,1,1,1
1,Nonprod,2020-01-31,2020-02-29,0.4000000000000057,0.48247841505700245,0.5227188595896106,0.08247841505699677,0.12271885958960493,1,1,1
1,Nonprod,2020-02-29,2020-03-29,0.6700000000000017,0.5084917140396534,0.5493898799531858,0.16150828596034827,0.12061012004681593,1,1,1
1,Nonprod,2020-03-31,2020-04-30,1.2999999999999972,0.4753185688356818,0.5195720740513387,0.8246814311643154,0.7804279259486585,1,1,1
1,Nonprod,2020-04-30,2020-05-30,0.12000000000000455,0.555907585139637,0.6090054720155187,0.43590758513963246,0.48900547201551414,1,1,1
1,Nonprod,2020-05-31,2020-06-30,0.010000000000005116,0.7138317529153438,0.797095893928031,0.7038317529153387,0.7870958939280259,1,1,1
1,Nonprod,2020-06-30,2020-07-30,-0.15000000000000568,0.44203939051734037,0.43562055652824716,0.592039390517346,0.5856205565282528,1,1,1
1,Nonprod,2020-07-31,2020-08-31,0.10999999999999943,0.4279990940203421,0.3956016610321082,0.31799909402034265,0.28560166103210877,1,1,1
1,Nonprod,2020-08-31,2020-09-30,0.12999999999999545,0.35559262952261717,0.3431759528562957,0.2255926295226217,0.21317595285630025,1,1,1
1,Nonprod,2020-09-30,2020-10-30,0.5,0.4176783368571758,0.41896256601363785,0.08232166314282419,0.08103743398636215,1,1,1
1,Nonprod,2020-10-31,2020-11-30,0.7800000000000011,0.4606695995330295,0.4260068626438948,0.31933040046697164,0.3539931373561063,1,1,1
1,Nonprod,2020-11-30,2020-12-30,0.9000000000000057,0.5132285322398046,0.5418066174233351,0.3867714677602011,0.35819338257667055,1,1,1
1,Nonprod,2020-12-31,2021-01-31,0.5999999999999943,0.5942957872882202,0.6290963996535449,0.005704212711774126,0.029096399653550598,1,1,1
1,Nonprod,2021-01-31,2021-02-28,1.0300000000000011,0.6195549681471528,0.6650550363207812,0.4104450318528483,0.3649449636792199,1,1,1
1,Nonprod,2021-02-28,2021-03-28,1.3100000000000023,0.5397384291033273,0.5773582273501068,0.770261570896675,0.7326417726498955,1,1,1
1,Nonprod,2021-03-31,2021-04-30,0.8599999999999994,0.6888602518545701,0.7135829251582541,0.17113974814542932,0.14641707484174538,1,1,1
1,Nonprod,2021-04-30,2021-05-30,0.4099999999999966,0.7790419559207419,0.8006136043280879,0.3690419559207453,0.39061360432809134,1,1,1
1,Nonprod,2021-05-31,2021-06-30,0.5600000000000023,0.6338124583812561,0.6591051975341841,0.07381245838125383,0.09910519753418179,1,1,1
1,Nonprod,2021-06-30,2021-07-30,0.21999999999999886,0.5224056161632682,0.5233339178299361,0.30240561616326933,0.30333391782993724,1,1,1
1,Nonprod,2021-07-31,2021-08-31,0.1599999999999966,0.5481011552182037,0.5660662340380624,0.3881011552182071,0.40606623403806585,1,1,1
1,Nonprod,2021-08-31,2021-09-30,0.730000000000004,0.48983107215737753,0.4607972586882419,0.24016892784262645,0.2692027413117621,1,1,1
1,Nonprod,2021-09-30,2021-10-30,0.9200000000000017,0.5372655713189426,0.44539275151325153,0.3827344286810591,0.4746072484867502,1,1,1
1,Nonprod,2021-10-31,2021-11-30,0.8599999999999994,0.6191021985052546,0.6188602102393264,0.24089780149474482,0.24113978976067307,1,1,1
1,Nonprod,2021-11-30,2021-12-30,0.20999999999999375,0.6619937668097974,0.6769836040520857,0.45199376680980363,0.46698360405209194,1,1,1
1,Nonprod,2021-12-31,2022-01-31,1.2199999999999989,0.5898787482349735,0.6551831667399071,0.6301212517650253,0.5648168332600918,1,1,1
1,Nonprod,2022-01-31,2022-02-28,0.9399999999999977,0.4428203830028341,0.467176329310473,0.4971796169971636,0.47282367068952474,1,1,1
1,Nonprod,2022-02-28,2022-03-28,5.549999999999997,0.7309663560713163,0.7679262453545015,4.819033643928681,4.782073754645496,1,1,1
1,Nonprod,2022-03-31,2022-04-30,3.280000000000001,0.7255315259487526,0.7364824805497581,2.5544684740512484,2.5435175194502433,1,1,1
1,Nonprod,2022-04-30,2022-05-30,0.6800000000000068,2.572028335967833,2.4134217398737117,1.8920283359678263,1.7334217398737048,1,1,1
1,Nonprod,2022-05-31,2022-06-30,-0.6800000000000068,1.3592201249176306,1.3175191628998495,2.0392201249176374,1.9975191628998563,1,1,1
1,Nonprod,2022-06-30,2022-07-30,-0.769999999999996,0.608081327815843,0.6328872092753983,1.378081327815839,1.4028872092753943,1,1,1
1,Nonprod,2022-07-31,2022-08-31,-0.5699999999999932,0.3300466490893627,0.3528888988994352,0.9000466490893559,0.9228888988994284,1,1,1
1,Nonprod,2022-08-31,2022-09-30,0.3299999999999983,0.32732769190126637,0.31045045456204656,0.0026723080987319237,0.019549545437951732,1,1,1
1,Nonprod,2022-09-30,2022-10-30,0.6599999999999966,0.30135755447818063,0.3533290394114062,0.35864244552181596,0.3066709605885904,1,1,1
1,Nonprod,2022-10-31,2022-11-30,0.2600000000000051,0.5127382256913339,0.546999885546881,0.25273822569132876,0.28699988554687583,1,1,1
1,Nonprod,2022-11-30,2022-12-30,0.5699999999999932,0.6139995492066438,0.6137840827245774,0.04399954920665061,0.04378408272458423,1,1,1
1,Nonprod,2022-12-31,2023-01-31,1.1299999999999955,0.5346620764202143,0.5299865465291306,0.5953379235797811,0.6000134534708649,1,1,1
1,Nonprod,2023-01-31,2023-02-28,0.75,0.6452903812785437,0.5986771158783584,0.10470961872145634,0.15132288412164163,1,1,1
1,Nonprod,2023-02-28,2023-03-28,0.39000000000000057,0.7605258580247064,0.7152942378495789,0.37052585802470583,0.32529423784957834,1,1,1
1,Nonprod,2023-03-31,2023-04-30,0.7199999999999989,0.668859208706716,0.6345203514499975,0.05114079129328286,0.08547964855000134,1,1,1
1,Nonprod,2023-04-30,2023-05-30,-0.25,0.5812174961361033,0.5613133997763556,0.8312174961361033,0.8113133997763556,1,1,1
1,Nonprod,2023-05-31,2023-06-30,0.4300000000000068,0.641563513595235,0.6240237279686651,0.21156351359522818,0.1940237279686583,1,1,1
1,Nonprod,2023-06-30,2023-07-30,0.5,0.3764367471506725,0.42239493453085364,0.12356325284932751,0.07760506546914636,1,1,1
1,Nonprod,2023-07-31,2023-08-31,-0.06999999999999318,0.5686086109459887,0.5634847989304556,0.6386086109459819,0.6334847989304487,1,1,1
1,Nonprod,2023-08-31,2023-09-30,1.75,0.5639795792572624,0.5738578490131099,1.1860204207427376,1.1761421509868901,1,1,1
1,Nonprod,2023-09-30,2023-10-30,0.45999999999999375,0.43252318913832877,0.46394001044310185,0.02747681086166498,0.0039400104431080996,1,1,1
1,Nonprod,2023-10-31,2023-11-30,0.7399999999999949,0.8295684675575199,0.8384184945655774,0.08956846755752501,0.09841849456558249,1,1,1
1,Nonprod,2023-11-30,2023-12-30,0.29000000000000625,0.5885283898528997,0.5725371923666336,0.2985283898528934,0.28253719236662733,1,1,1
1,Nonprod,2023-12-31,2024-01-31,0.8700000000000045,0.6509460396688028,0.628193516348731,0.21905396033120172,0.24180648365127355,1,1,1
1,Nonprod,2024-01-31,2024-02-29,0.5300000000000011,0.5526651271348496,0.5372528554302838,0.022665127134848473,0.007252855430282645,1,1,1
1,Nonprod,2024-02-29,2024-03-29,0.5300000000000011,0.6847454007242022,0.6563452426108033,0.15474540072420107,0.12634524261080216,1,1,1
1,Nonprod,2024-03-31,2024-04-30,0.37999999999999545,0.6070834233663795,0.5857820832750568,0.2270834233663841,0.2057820832750613,1,1,1
1,Nonprod,2024-04-30,2024-05-30,0.9399999999999977,0.6190333707089848,0.5845577553977048,0.32096662929101294,0.3554422446022929,1,1,1
1,Nonprod,2024-05-31,2024-06-30,0.18000000000000682,0.5583087652760153,0.5559144176851901,0.37830876527600843,0.3759144176851833,1,1,1
1,Nonprod,2024-06-30,2024-07-30,1.0699999999999932,0.6897087845410944,0.6687989208218226,0.38029121545889877,0.4012010791781706,1,1,1
1,Nonprod,2024-07-31,2024-08-31,0.09000000000000341,0.5345002367937858,0.5141101033778741,0.44450023679378237,0.4241101033778707,1,1,1
1,Nonprod,2024-08-31,2024-09-30,0.6200000000000045,0.6929087503191712,0.6968845305294492,0.07290875031916666,0.07688453052944466,1,1,1
1,Nonprod,2024-09-30,2024-10-30,1.019999999999996,0.4803281345346327,0.4918253910211487,0.5396718654653634,0.5281746089788473,1,1,1
1,Nonprod,2024-10-31,2024-11-30,1.5,0.5927358643717129,0.6053711716195785,0.9072641356282871,0.8946288283804215,1,1,1
1,Nonprod,2024-11-30,2024-12-30,0.9099999999999966,0.7018800631815267,0.6928249306864104,0.20811993681846985,0.2171750693135862,1,1,1
1,Nonprod,2024-12-31,2025-01-31,0.8400000000000034,0.8283441308596435,0.7937073066166639,0.011655869140359876,0.04629269338333952,1,1,1
1,Nonprod,2025-01-31,2025-02-28,1.3400000000000034,0.6856925691771644,0.6720261623268013,0.654307430822839,0.6679738376732021,1,1,1
1,Nonprod,2025-02-28,2025-03-28,0.8100000000000023,0.6762896523152699,0.6616542734356966,0.13371034768473233,0.14834572656430567,1,1,1
1,Nonprod,2025-03-31,2025-04-30,0.5300000000000011,0.7936836963055178,0.7673093776803493,0.2636836963055167,0.2373093776803482,1,1,1
1,Nonprod,2025-04-30,2025-05-30,-0.06999999999999318,0.6729212101061551,0.6546437707872811,0.7429212101061483,0.7246437707872743,1,1,1
1,Nonprod,2025-05-31,2025-06-30,-0.04000000000000625,0.612660256262746,0.5926075299073235,0.6526602562627523,0.6326075299073297,1,1,1
1,Nonprod,2025-06-30,2025-07-30,0.35999999999999943,0.48048834398900664,0.46484180328887076,0.12048834398900721,0.10484180328887133,1,1,1
1,Nonprod,2025-07-31,2025-08-31,-0.5699999999999932,0.46038186394379876,0.47002281918661143,1.0303818639437918,1.0400228191866046,1,1,1
1,Nonprod,2025-08-31,2025-09-30,1.0,0.5510930022181636,0.5458610176810805,0.4489069977818364,0.45413898231891947,1,1,1
1,Nonprod,2025-09-30,2025-10-30,0.5300000000000011,0.3206608713406601,0.35017285213968513,0.209339128659341,0.179827147860316,1,1,1
1,Nonprod,2025-10-31,2025-11-30,0.15000000000000568,0.6798813127683476,0.6852743346125226,0.5298813127683419,0.5352743346125169,1,1,1
1,Nonprod,2025-11-30,2025-12-30,0.29000000000000625,0.585185182432629,0.5832893790537549,0.2951851824326227,0.29328937905374863,1,1,1
1,Nonprod,2025-12-31,2026-01-31,1.5699999999999932,0.5218025127741347,0.5021027990024022,1.0481974872258584,1.067897200997591,1,1,1
1,Nonprod,2026-01-31,2026-02-28,1.0999999999999943,0.5636974071632559,0.5385143907065009,0.5363025928367384,0.5614856092934934,1,1,1
1,Nonprod,2026-02-28,2026-03-28,0.5400000000000063,0.8401534925785737,0.8020385832586261,0.3001534925785675,0.26203858325861984,1,1,1
1,Nonprod,2026-03-31,2026-04-30,-0.28000000000000114,0.7427133602905347,0.7040280632231986,1.0227133602905358,0.9840280632231997,1,1,1
1,Nonprod,2026-04-30,2026-05-30,0.09000000000000341,0.6070824274409174,0.5868412936839087,0.517082427440914,0.4968412936839053,1,1,1
1,Prod,2016-02-29,2016-03-29,0.25,0.9032721964460133,0.7590023507639526,0.6532721964460133,0.5090023507639526,1,1,1
1,Prod,2016-03-31,2016-04-30,1.0900000000000034,0.7866679296174796,0.7125548458588296,0.30333207038252386,0.37744515414117386,1,1,1
1,Prod,2016-04-30,2016-05-30,0.20999999999999375,0.6568135416098837,0.6324694524888218,0.44681354160988995,0.42246945248882806,1,1,1
1,Prod,2016-05-31,2016-06-30,0.23999999999999488,0.8392880989380604,0.8224179540730009,0.5992880989380656,0.582417954073006,1,1,1
1,Prod,2016-06-30,2016-07-30,0.6099999999999994,0.6208001424926604,0.6095554632993245,0.010800142492660925,0.00044453670067490236,1,1,1
1,Prod,2016-07-31,2016-08-31,0.09000000000000341,0.5983577429483026,0.616510167771033,0.5083577429482992,0.5265101677710295,1,1,1
1,Prod,2016-08-31,2016-09-30,-0.12999999999999545,0.612823962502583,0.6944939737319613,0.7428239625025784,0.8244939737319568,1,1,1
1,Prod,2016-09-30,2016-10-30,0.5999999999999943,0.5424891856973527,0.5584656346021161,0.0575108143026416,0.04153436539787825,1,1,1
1,Prod,2016-10-31,2016-11-30,0.29000000000000625,0.5868571535281897,0.5065772238998854,0.2968571535281834,0.2165772238998791,1,1,1
1,Prod,2016-11-30,2016-12-30,1.3299999999999983,0.7700082017071808,0.6786123323137393,0.5599917982928175,0.651387667686259,1,1,1
1,Prod,2016-12-31,2017-01-31,0.46999999999999886,0.6643540681340468,0.6116562449162964,0.19435406813404799,0.14165624491629758,1,1,1
1,Prod,2017-01-31,2017-02-28,0.3299999999999983,0.6554997526484441,0.8629624260594635,0.3254997526484458,0.5329624260594652,1,1,1
1,Prod,2017-02-28,2017-03-28,0.20000000000000284,0.6842631090784974,0.64879402569384,0.48426310907849457,0.4487940256938372,1,1,1
1,Prod,2017-03-31,2017-04-30,0.769999999999996,0.5837728114386618,0.6093190168758387,0.18622718856133424,0.16068098312415735,1,1,1
1,Prod,2017-04-30,2017-05-30,0.45999999999999375,0.6088567177572872,0.5808389186489991,0.14885671775729348,0.12083891864900531,1,1,1
1,Prod,2017-05-31,2017-06-30,0.5799999999999983,0.7712451971420359,0.7150941934737118,0.19124519714203758,0.13509419347371354,1,1,1
1,Prod,2017-06-30,2017-07-30,-0.480000000000004,0.7266471404924613,0.639426245450748,1.2066471404924652,1.119426245450752,1,1,1
1,Prod,2017-07-31,2017-08-31,-0.5100000000000051,0.7072919586872433,0.6546491377554177,1.2172919586872484,1.164649137755423,1,1,1
1,Prod,2017-08-31,2017-09-30,-0.14000000000000057,0.2696003606058518,0.37710062545144574,0.40960036060585236,0.5171006254514463,1,1,1
1,Prod,2017-09-30,2017-10-30,0.1599999999999966,0.224492994198647,0.3477572132512409,0.0644929941986504,0.18775721325124434,1,1,1
1,Prod,2017-10-31,2017-11-30,0.18000000000000682,0.5360457926240433,0.4388960198537129,0.35604579262403646,0.2588960198537061,1,1,1
1,Prod,2017-11-30,2017-12-30,0.4399999999999977,0.6162222023607098,0.5139897498824616,0.17622220236071207,0.07398974988246387,1,1,1
1,Prod,2017-12-31,2018-01-31,-0.030000000000001137,0.6349357811399339,0.5182454926651985,0.664935781139935,0.5482454926651996,1,1,1
1,Prod,2018-01-31,2018-02-28,0.3400000000000034,0.7214464897565759,0.582050280113199,0.38144648975657247,0.24205028011319563,1,1,1
1,Prod,2018-02-28,2018-03-28,0.0799999999999983,0.4884468955575773,0.4480571795603897,0.408446895557579,0.3680571795603914,1,1,1
1,Prod,2018-03-31,2018-04-30,0.5,0.6000893687923311,0.5458972623899677,0.1000893687923311,0.04589726238996772,1,1,1
1,Prod,2018-04-30,2018-05-30,0.09000000000000341,0.5241722685998359,0.4713238065321401,0.4341722685998325,0.3813238065321367,1,1,1
1,Prod,2018-05-31,2018-06-30,0.6400000000000006,0.5926408044602439,0.5863618109862392,0.04735919553975665,0.053638189013761384,1,1,1
1,Prod,2018-06-30,2018-07-30,0.12000000000000455,0.4539367372388268,0.4684728249527239,0.3339367372388223,0.34847282495271936,1,1,1
1,Prod,2018-07-31,2018-08-31,-0.04999999999999716,0.6785948618430693,0.6239020182727284,0.7285948618430664,0.6739020182727256,1,1,1
1,Prod,2018-08-31,2018-09-30,-0.29999999999999716,0.42483930747484333,0.46501870544211465,0.7248393074748405,0.7650187054421118,1,1,1
1,Prod,2018-09-30,2018-10-30,0.09000000000000341,0.40720785482683225,0.4023406876575512,0.31720785482682884,0.3123406876575478,1,1,1
1,Prod,2018-10-31,2018-11-30,0.8700000000000045,0.37891860045342435,0.32020935862428984,0.4910813995465802,0.5497906413757148,1,1,1
1,Prod,2018-11-30,2018-12-30,1.0799999999999983,0.49122184579788447,0.44966634950553674,0.5887781542021138,0.6303336504944616,1,1,1
1,Prod,2018-12-31,2019-01-31,1.1400000000000006,0.7741159464570772,0.6841775931012954,0.3658840535429234,0.4558224068987051,1,1,1
1,Prod,2019-01-31,2019-02-28,0.7099999999999937,0.8543971249122064,0.7500640456700117,0.14439712491221268,0.04006404567001798,1,1,1
1,Prod,2019-02-28,2019-03-28,0.5499999999999972,0.8114402809075921,0.7669638269171146,0.26144028090759497,0.21696382691711746,1,1,1
1,Prod,2019-03-31,2019-04-30,0.5900000000000034,0.5945236888489535,0.6398862538913717,0.004523688848950047,0.04988625389136825,1,1,1
1,Prod,2019-04-30,2019-05-30,0.5300000000000011,0.6577529343126964,0.5932972464194851,0.1277529343126953,0.06329724641948398,1,1,1
1,Prod,2019-05-31,2019-06-30,-0.4099999999999966,0.6182705194476722,0.6042555039085644,1.028270519447669,1.014255503908561,1,1,1
1,Prod,2019-06-30,2019-07-30,-0.0799999999999983,0.6034641348796365,0.5778187932667069,0.6834641348796348,0.6578187932667052,1,1,1
1,Prod,2019-07-31,2019-08-31,-0.1700000000000017,0.2746809464988314,0.2988824144424903,0.4446809464988331,0.468882414442492,1,1,1
1,Prod,2019-08-31,2019-09-30,-0.3199999999999932,0.37867301994468633,0.38427020727168076,0.6986730199446796,0.704270207271674,1,1,1
1,Prod,2019-09-30,2019-10-30,0.29999999999999716,0.3388429343866644,0.34407786974245835,0.03884293438666725,0.044077869742461195,1,1,1
1,Prod,2019-10-31,2019-11-30,0.39000000000000057,0.35621701281970897,0.29683085783936086,0.0337829871802916,0.0931691421606397,1,1,1
1,Prod,2019-11-30,2019-12-30,0.4099999999999966,0.5174860050146897,0.48978629087075776,0.10748600501469308,0.07978629087076117,1,1,1
1,Prod,2019-12-31,2020-01-31,0.5,0.5325376503497665,0.5167093720220681,0.03253765034976652,0.016709372022068125,1,1,1
1,Prod,2020-01-31,2020-02-29,0.4000000000000057,0.5917252736314494,0.5227188595896106,0.19172527363144376,0.12271885958960493,1,1,1
1,Prod,2020-02-29,2020-03-29,0.6700000000000017,0.6364964597568875,0.5493898799531858,0.033503540243114194,0.12061012004681593,1,1,1
1,Prod,2020-03-31,2020-04-30,1.2999999999999972,0.5476888336230851,0.5195720740513387,0.7523111663769121,0.7804279259486585,1,1,1
1,Prod,2020-04-30,2020-05-30,0.12000000000000455,0.6969764099799027,0.6090054720155187,0.5769764099798982,0.48900547201551414,1,1,1
1,Prod,2020-05-31,2020-06-30,0.010000000000005116,0.8906226355926747,0.797095893928031,0.8806226355926696,0.7870958939280259,1,1,1
1,Prod,2020-06-30,2020-07-30,-0.15000000000000568,0.4382248744744508,0.43562055652824716,0.5882248744744565,0.5856205565282528,1,1,1
1,Prod,2020-07-31,2020-08-31,0.10999999999999943,0.39505895604545127,0.3956016610321082,0.28505895604545184,0.28560166103210877,1,1,1
1,Prod,2020-08-31,2020-09-30,0.12999999999999545,0.3282134781043271,0.3431759528562957,0.19821347810433165,0.21317595285630025,1,1,1
1,Prod,2020-09-30,2020-10-30,0.5,0.3956040061198513,0.41896256601363785,0.1043959938801487,0.08103743398636215,1,1,1
1,Prod,2020-10-31,2020-11-30,0.7800000000000011,0.44512888499366643,0.4260068626438948,0.3348711150063347,0.3539931373561063,1,1,1
1,Prod,2020-11-30,2020-12-30,0.9000000000000057,0.5851506092745156,0.5418066174233351,0.3148493907254901,0.35819338257667055,1,1,1
1,Prod,2020-12-31,2021-01-31,0.5999999999999943,0.6783616410364487,0.6290963996535449,0.07836164103645438,0.029096399653550598,1,1,1
1,Prod,2021-01-31,2021-02-28,1.0300000000000011,0.7119159269182567,0.6650550363207812,0.31808407308174447,0.3649449636792199,1,1,1
1,Prod,2021-02-28,2021-03-28,1.3100000000000023,0.6288769237790178,0.5773582273501068,0.6811230762209844,0.7326417726498955,1,1,1
1,Prod,2021-03-31,2021-04-30,0.8599999999999994,0.7198412473723999,0.7135829251582541,0.14015875262759958,0.14641707484174538,1,1,1
1,Prod,2021-04-30,2021-05-30,0.4099999999999966,0.8198476831274578,0.8006136043280879,0.4098476831274612,0.39061360432809134,1,1,1
1,Prod,2021-05-31,2021-06-30,0.5600000000000023,0.6748845908275464,0.6591051975341841,0.1148845908275441,0.09910519753418179,1,1,1
1,Prod,2021-06-30,2021-07-30,0.21999999999999886,0.5424812501700912,0.5233339178299361,0.3224812501700923,0.30333391782993724,1,1,1
1,Prod,2021-07-31,2021-08-31,0.1599999999999966,0.5649273075221926,0.5660662340380624,0.40492730752219597,0.40606623403806585,1,1,1
1,Prod,2021-08-31,2021-09-30,0.730000000000004,0.39810374478854466,0.4607972586882419,0.3318962552114593,0.2692027413117621,1,1,1
1,Prod,2021-09-30,2021-10-30,0.9200000000000017,0.3424928489577894,0.44539275151325153,0.5775071510422123,0.4746072484867502,1,1,1
1,Prod,2021-10-31,2021-11-30,0.8599999999999994,0.6778787295893194,0.6188602102393264,0.18212127041068005,0.24113978976067307,1,1,1
1,Prod,2021-11-30,2021-12-30,0.20999999999999375,0.7069210301636858,0.6769836040520857,0.49692103016369205,0.46698360405209194,1,1,1
1,Prod,2021-12-31,2022-01-31,1.2199999999999989,0.6798509127284473,0.6551831667399071,0.5401490872715515,0.5648168332600918,1,1,1
1,Prod,2022-01-31,2022-02-28,0.9399999999999977,0.4933051550345249,0.467176329310473,0.44669484496547285,0.47282367068952474,1,1,1
1,Prod,2022-02-28,2022-03-28,5.549999999999997,0.8043743811942267,0.7679262453545015,4.745625618805771,4.782073754645496,1,1,1
1,Prod,2022-03-31,2022-04-30,3.280000000000001,0.750045977290101,0.7364824805497581,2.5299540227099,2.5435175194502433,1,1,1
1,Prod,2022-04-30,2022-05-30,0.6800000000000068,2.0465979571778488,2.4134217398737117,1.366597957177842,1.7334217398737048,1,1,1
1,Prod,2022-05-31,2022-06-30,-0.6800000000000068,1.3813059768125886,1.3175191628998495,2.061305976812595,1.9975191628998563,1,1,1
1,Prod,2022-06-30,2022-07-30,-0.769999999999996,0.5608122340672396,0.6328872092753983,1.3308122340672357,1.4028872092753943,1,1,1
1,Prod,2022-07-31,2022-08-31,-0.5699999999999932,0.3320584997233233,0.3528888988994352,0.9020584997233165,0.9228888988994284,1,1,1
1,Prod,2022-08-31,2022-09-30,0.3299999999999983,0.13048695736289878,0.31045045456204656,0.1995130426370995,0.019549545437951732,1,1,1
1,Prod,2022-09-30,2022-10-30,0.6599999999999966,0.3383280741300407,0.3533290394114062,0.3216719258699559,0.3066709605885904,1,1,1
1,Prod,2022-10-31,2022-11-30,0.2600000000000051,0.4956607258487774,0.546999885546881,0.2356607258487723,0.28699988554687583,1,1,1
1,Prod,2022-11-30,2022-12-30,0.5699999999999932,0.6130598359797288,0.6137840827245774,0.04305983597973562,0.04378408272458423,1,1,1
1,Prod,2022-12-31,2023-01-31,1.1299999999999955,0.5309111560037058,0.5299865465291306,0.5990888439962897,0.6000134534708649,1,1,1
1,Prod,2023-01-31,2023-02-28,0.75,0.5240312157230387,0.5986771158783584,0.22596878427696132,0.15132288412164163,1,1,1
1,Prod,2023-02-28,2023-03-28,0.39000000000000057,0.7336817743891805,0.7152942378495789,0.3436817743891799,0.32529423784957834,1,1,1
1,Prod,2023-03-31,2023-04-30,0.7199999999999989,0.7354622189899059,0.6345203514499975,0.015462218989907073,0.08547964855000134,1,1,1
1,Prod,2023-04-30,2023-05-30,-0.25,0.5651797099029203,0.5613133997763556,0.8151797099029203,0.8113133997763556,1,1,1
1,Prod,2023-05-31,2023-06-30,0.4300000000000068,0.7025445465434597,0.6240237279686651,0.27254454654345284,0.1940237279686583,1,1,1
1,Prod,2023-06-30,2023-07-30,0.5,0.3104607807295727,0.42239493453085364,0.18953921927042727,0.07760506546914636,1,1,1
1,Prod,2023-07-31,2023-08-31,-0.06999999999999318,0.535475649738117,0.5634847989304556,0.6054756497381102,0.6334847989304487,1,1,1
1,Prod,2023-08-31,2023-09-30,1.75,0.5622216377732092,0.5738578490131099,1.1877783622267908,1.1761421509868901,1,1,1
1,Prod,2023-09-30,2023-10-30,0.45999999999999375,0.3912181364549063,0.46394001044310185,0.06878186354508747,0.0039400104431080996,1,1,1
1,Prod,2023-10-31,2023-11-30,0.7399999999999949,0.8293340504374216,0.8384184945655774,0.0893340504374267,0.09841849456558249,1,1,1
1,Prod,2023-11-30,2023-12-30,0.29000000000000625,0.6327683711344728,0.5725371923666336,0.34276837113446657,0.28253719236662733,1,1,1
1,Prod,2023-12-31,2024-01-31,0.8700000000000045,0.6586699191607467,0.628193516348731,0.21133008083925786,0.24180648365127355,1,1,1
1,Prod,2024-01-31,2024-02-29,0.5300000000000011,0.6528351270202162,0.5372528554302838,0.12283512702021504,0.007252855430282645,1,1,1
1,Prod,2024-02-29,2024-03-29,0.5300000000000011,0.6919213320042576,0.6563452426108033,0.1619213320042565,0.12634524261080216,1,1,1
1,Prod,2024-03-31,2024-04-30,0.37999999999999545,0.6354231184146525,0.5857820832750568,0.25542311841465704,0.2057820832750613,1,1,1
1,Prod,2024-04-30,2024-05-30,0.9399999999999977,0.6808148736595856,0.5845577553977048,0.25918512634041213,0.3554422446022929,1,1,1
1,Prod,2024-05-31,2024-06-30,0.18000000000000682,0.5612000539783799,0.5559144176851901,0.3812000539783731,0.3759144176851833,1,1,1
1,Prod,2024-06-30,2024-07-30,1.0699999999999932,0.7226506174846865,0.6687989208218226,0.34734938251530667,0.4012010791781706,1,1,1
1,Prod,2024-07-31,2024-08-31,0.09000000000000341,0.5679416844891477,0.5141101033778741,0.4779416844891443,0.4241101033778707,1,1,1
1,Prod,2024-08-31,2024-09-30,0.6200000000000045,0.46448839874104514,0.6968845305294492,0.1555116012589594,0.07688453052944466,1,1,1
1,Prod,2024-09-30,2024-10-30,1.019999999999996,0.44330627191167193,0.4918253910211487,0.5766937280883241,0.5281746089788473,1,1,1
1,Prod,2024-10-31,2024-11-30,1.5,0.5593107489106425,0.6053711716195785,0.9406892510893575,0.8946288283804215,1,1,1
1,Prod,2024-11-30,2024-12-30,0.9099999999999966,0.7479769956880844,0.6928249306864104,0.1620230043119122,0.2171750693135862,1,1,1
1,Prod,2024-12-31,2025-01-31,0.8400000000000034,0.8536381408875634,0.7937073066166639,0.01363814088755999,0.04629269338333952,1,1,1
1,Prod,2025-01-31,2025-02-28,1.3400000000000034,0.8160546046422147,0.6720261623268013,0.5239453953577887,0.6679738376732021,1,1,1
1,Prod,2025-02-28,2025-03-28,0.8100000000000023,0.6498997865563652,0.6616542734356966,0.16010021344363712,0.14834572656430567,1,1,1
1,Prod,2025-03-31,2025-04-30,0.5300000000000011,0.7454730207760586,0.7673093776803493,0.21547302077605746,0.2373093776803482,1,1,1
1,Prod,2025-04-30,2025-05-30,-0.06999999999999318,0.6495895691701146,0.6546437707872811,0.7195895691701077,0.7246437707872743,1,1,1
1,Prod,2025-05-31,2025-06-30,-0.04000000000000625,0.6078265701838845,0.5926075299073235,0.6478265701838908,0.6326075299073297,1,1,1
1,Prod,2025-06-30,2025-07-30,0.35999999999999943,0.5089120534766455,0.46484180328887076,0.14891205347664604,0.10484180328887133,1,1,1
1,Prod,2025-07-31,2025-08-31,-0.5699999999999932,0.3992272738763879,0.47002281918661143,0.9692272738763811,1.0400228191866046,1,1,1
1,Prod,2025-08-31,2025-09-30,1.0,0.23800995375004827,0.5458610176810805,0.7619900462499517,0.45413898231891947,1,1,1
1,Prod,2025-09-30,2025-10-30,0.5300000000000011,0.33347569778292646,0.35017285213968513,0.19652430221707468,0.179827147860316,1,1,1
1,Prod,2025-10-31,2025-11-30,0.15000000000000568,0.7125802934682532,0.6852743346125226,0.5625802934682476,0.5352743346125169,1,1,1
1,Prod,2025-11-30,2025-12-30,0.29000000000000625,0.6772074164887466,0.5832893790537549,0.38720741648874035,0.29328937905374863,1,1,1
1,Prod,2025-12-31,2026-01-31,1.5699999999999932,0.582435511951318,0.5021027990024022,0.9875644880486751,1.067897200997591,1,1,1
1,Prod,2026-01-31,2026-02-28,1.0999999999999943,0.5938866497134578,0.5385143907065009,0.5061133502865365,0.5614856092934934,1,1,1
1,Prod,2026-02-28,2026-03-28,0.5400000000000063,0.8106065316631694,0.8020385832586261,0.2706065316631632,0.26203858325861984,1,1,1
1,Prod,2026-03-31,2026-04-30,-0.28000000000000114,0.7633534262645125,0.7040280632231986,1.0433534262645137,0.9840280632231997,1,1,1
1,Prod,2026-04-30,2026-05-30,0.09000000000000341,0.6193209758304645,0.5868412936839087,0.5293209758304611,0.4968412936839053,1,1,1
1,Serv,2016-02-29,2016-03-29,0.25,0.8742585938773727,0.7590023507639526,0.6242585938773727,0.5090023507639526,1,1,1
1,Serv,2016-03-31,2016-04-30,1.0900000000000034,0.7528603743182636,0.7125548458588296,0.33713962568173983,0.37744515414117386,1,1,1
1,Serv,2016-04-30,2016-05-30,0.20999999999999375,0.6853002763665544,0.6324694524888218,0.4753002763665607,0.42246945248882806,1,1,1
1,Serv,2016-05-31,2016-06-30,0.23999999999999488,0.867135987683108,0.8224179540730009,0.6271359876831131,0.582417954073006,1,1,1
1,Serv,2016-06-30,2016-07-30,0.6099999999999994,0.5740952092516791,0.6095554632993245,0.035904790748320314,0.00044453670067490236,1,1,1
1,Serv,2016-07-31,2016-08-31,0.09000000000000341,0.5695675257414323,0.616510167771033,0.4795675257414289,0.5265101677710295,1,1,1
1,Serv,2016-08-31,2016-09-30,-0.12999999999999545,0.557553251151907,0.6944939737319613,0.6875532511519025,0.8244939737319568,1,1,1
1,Serv,2016-09-30,2016-10-30,0.5999999999999943,0.5583432477283161,0.5584656346021161,0.0416567522716782,0.04153436539787825,1,1,1
1,Serv,2016-10-31,2016-11-30,0.29000000000000625,0.7197219348995121,0.5065772238998854,0.42972193489950583,0.2165772238998791,1,1,1
1,Serv,2016-11-30,2016-12-30,1.3299999999999983,0.7879469532624717,0.6786123323137393,0.5420530467375266,0.651387667686259,1,1,1
1,Serv,2016-12-31,2017-01-31,0.46999999999999886,0.7347979469445017,0.6116562449162964,0.26479794694450287,0.14165624491629758,1,1,1
1,Serv,2017-01-31,2017-02-28,0.3299999999999983,0.8349077001713104,0.8629624260594635,0.5049077001713121,0.5329624260594652,1,1,1
1,Serv,2017-02-28,2017-03-28,0.20000000000000284,0.7293556666043489,0.64879402569384,0.5293556666043461,0.4487940256938372,1,1,1
1,Serv,2017-03-31,2017-04-30,0.769999999999996,0.5868193856995721,0.6093190168758387,0.18318061430042387,0.16068098312415735,1,1,1
1,Serv,2017-04-30,2017-05-30,0.45999999999999375,0.6840250874141128,0.5808389186489991,0.22402508741411908,0.12083891864900531,1,1,1
1,Serv,2017-05-31,2017-06-30,0.5799999999999983,0.7541398857743862,0.7150941934737118,0.17413988577438788,0.13509419347371354,1,1,1
1,Serv,2017-06-30,2017-07-30,-0.480000000000004,0.6875263792761049,0.639426245450748,1.1675263792761088,1.119426245450752,1,1,1
1,Serv,2017-07-31,2017-08-31,-0.5100000000000051,0.5850129789733478,0.6546491377554177,1.095012978973353,1.164649137755423,1,1,1
1,Serv,2017-08-31,2017-09-30,-0.14000000000000057,0.27357015687371117,0.37710062545144574,0.41357015687371174,0.5171006254514463,1,1,1
1,Serv,2017-09-30,2017-10-30,0.1599999999999966,0.27653902696731647,0.3477572132512409,0.11653902696731988,0.18775721325124434,1,1,1
1,Serv,2017-10-31,2017-11-30,0.18000000000000682,0.5860490950000522,0.4388960198537129,0.4060490950000454,0.2588960198537061,1,1,1
1,Serv,2017-11-30,2017-12-30,0.4399999999999977,0.6298549209884342,0.5139897498824616,0.18985492098843648,0.07398974988246387,1,1,1
1,Serv,2017-12-31,2018-01-31,-0.030000000000001137,0.5375489689260212,0.5182454926651985,0.5675489689260224,0.5482454926651996,1,1,1
1,Serv,2018-01-31,2018-02-28,0.3400000000000034,0.6359290724162273,0.582050280113199,0.2959290724162239,0.24205028011319563,1,1,1
1,Serv,2018-02-28,2018-03-28,0.0799999999999983,0.4679979145492759,0.4480571795603897,0.3879979145492776,0.3680571795603914,1,1,1
1,Serv,2018-03-31,2018-04-30,0.5,0.5831641349534284,0.5458972623899677,0.08316413495342845,0.04589726238996772,1,1,1
1,Serv,2018-04-30,2018-05-30,0.09000000000000341,0.5051943068581335,0.4713238065321401,0.4151943068581301,0.3813238065321367,1,1,1
1,Serv,2018-05-31,2018-06-30,0.6400000000000006,0.5687969383192875,0.5863618109862392,0.07120306168071311,0.053638189013761384,1,1,1
1,Serv,2018-06-30,2018-07-30,0.12000000000000455,0.5248061966097419,0.4684728249527239,0.4048061966097374,0.34847282495271936,1,1,1
1,Serv,2018-07-31,2018-08-31,-0.04999999999999716,0.6249129300286742,0.6239020182727284,0.6749129300286714,0.6739020182727256,1,1,1
1,Serv,2018-08-31,2018-09-30,-0.29999999999999716,0.3455785647149033,0.46501870544211465,0.6455785647149004,0.7650187054421118,1,1,1
1,Serv,2018-09-30,2018-10-30,0.09000000000000341,0.3891474101284438,0.4023406876575512,0.29914741012844037,0.3123406876575478,1,1,1
1,Serv,2018-10-31,2018-11-30,0.8700000000000045,0.46304794297216245,0.32020935862428984,0.4069520570278421,0.5497906413757148,1,1,1
1,Serv,2018-11-30,2018-12-30,1.0799999999999983,0.489139588679204,0.44966634950553674,0.5908604113207943,0.6303336504944616,1,1,1
1,Serv,2018-12-31,2019-01-31,1.1400000000000006,0.7558686932308959,0.6841775931012954,0.3841313067691047,0.4558224068987051,1,1,1
1,Serv,2019-01-31,2019-02-28,0.7099999999999937,0.7853665383196211,0.7500640456700117,0.07536653831962736,0.04006404567001798,1,1,1
1,Serv,2019-02-28,2019-03-28,0.5499999999999972,0.7334706476204935,0.7669638269171146,0.18347064762049636,0.21696382691711746,1,1,1
1,Serv,2019-03-31,2019-04-30,0.5900000000000034,0.49049915725190907,0.6398862538913717,0.09950084274809434,0.04988625389136825,1,1,1
1,Serv,2019-04-30,2019-05-30,0.5300000000000011,0.6323091604371639,0.5932972464194851,0.10230916043716276,0.06329724641948398,1,1,1
1,Serv,2019-05-31,2019-06-30,-0.4099999999999966,0.584864724227209,0.6042555039085644,0.9948647242272056,1.014255503908561,1,1,1
1,Serv,2019-06-30,2019-07-30,-0.0799999999999983,0.578527513062145,0.5778187932667069,0.6585275130621433,0.6578187932667052,1,1,1
1,Serv,2019-07-31,2019-08-31,-0.1700000000000017,0.27847027723680035,0.2988824144424903,0.44847027723680205,0.468882414442492,1,1,1
1,Serv,2019-08-31,2019-09-30,-0.3199999999999932,0.34582046375969744,0.38427020727168076,0.6658204637596906,0.704270207271674,1,1,1
1,Serv,2019-09-30,2019-10-30,0.29999999999999716,0.35895132923042905,0.34407786974245835,0.05895132923043189,0.044077869742461195,1,1,1
1,Serv,2019-10-31,2019-11-30,0.39000000000000057,0.4526009753120438,0.29683085783936086,0.06260097531204323,0.0931691421606397,1,1,1
1,Serv,2019-11-30,2019-12-30,0.4099999999999966,0.5748081345379598,0.48978629087075776,0.16480813453796317,0.07978629087076117,1,1,1
1,Serv,2019-12-31,2020-01-31,0.5,0.5385071642959445,0.5167093720220681,0.038507164295944474,0.016709372022068125,1,1,1
1,Serv,2020-01-31,2020-02-29,0.4000000000000057,0.5925630174943698,0.5227188595896106,0.1925630174943641,0.12271885958960493,1,1,1
1,Serv,2020-02-29,2020-03-29,0.6700000000000017,0.6628462129083986,0.5493898799531858,0.007153787091603081,0.12061012004681593,1,1,1
1,Serv,2020-03-31,2020-04-30,1.2999999999999972,0.5056541970680448,0.5195720740513387,0.7943458029319523,0.7804279259486585,1,1,1
1,Serv,2020-04-30,2020-05-30,0.12000000000000455,0.6856166868641868,0.6090054720155187,0.5656166868641822,0.48900547201551414,1,1,1
1,Serv,2020-05-31,2020-06-30,0.010000000000005116,0.8590676804584733,0.797095893928031,0.8490676804584681,0.7870958939280259,1,1,1
1,Serv,2020-06-30,2020-07-30,-0.15000000000000568,0.4500608593261115,0.43562055652824716,0.6000608593261172,0.5856205565282528,1,1,1
1,Serv,2020-07-31,2020-08-31,0.10999999999999943,0.4385792120983447,0.3956016610321082,0.3285792120983453,0.28560166103210877,1,1,1
1,Serv,2020-08-31,2020-09-30,0.12999999999999545,0.3207599576204733,0.3431759528562957,0.19075995762047787,0.21317595285630025,1,1,1
1,Serv,2020-09-30,2020-10-30,0.5,0.35963747130173096,0.41896256601363785,0.14036252869826904,0.08103743398636215,1,1,1
1,Serv,2020-10-31,2020-11-30,0.7800000000000011,0.5250971548341314,0.4260068626438948,0.2549028451658697,0.3539931373561063,1,1,1
1,Serv,2020-11-30,2020-12-30,0.9000000000000057,0.6091257883865758,0.5418066174233351,0.29087421161342986,0.35819338257667055,1,1,1
1,Serv,2020-12-31,2021-01-31,0.5999999999999943,0.7006885487540992,0.6290963996535449,0.10068854875410493,0.029096399653550598,1,1,1
1,Serv,2021-01-31,2021-02-28,1.0300000000000011,0.7180245208949263,0.6650550363207812,0.31197547910507484,0.3649449636792199,1,1,1
1,Serv,2021-02-28,2021-03-28,1.3100000000000023,0.6482945340985605,0.5773582273501068,0.6617054659014417,0.7326417726498955,1,1,1
1,Serv,2021-03-31,2021-04-30,0.8599999999999994,0.6918518058679705,0.7135829251582541,0.16814819413202897,0.14641707484174538,1,1,1
1,Serv,2021-04-30,2021-05-30,0.4099999999999966,0.8153631382205175,0.8006136043280879,0.40536313822052095,0.39061360432809134,1,1,1
1,Serv,2021-05-31,2021-06-30,0.5600000000000023,0.6574309878710815,0.6591051975341841,0.09743098787107918,0.09910519753418179,1,1,1
1,Serv,2021-06-30,2021-07-30,0.21999999999999886,0.5698497939524808,0.5233339178299361,0.34984979395248195,0.30333391782993724,1,1,1
1,Serv,2021-07-31,2021-08-31,0.1599999999999966,0.5333477394409933,0.5660662340380624,0.37334773944099675,0.40606623403806585,1,1,1
1,Serv,2021-08-31,2021-09-30,0.730000000000004,0.34511387181928777,0.4607972586882419,0.3848861281807162,0.2692027413117621,1,1,1
1,Serv,2021-09-30,2021-10-30,0.9200000000000017,0.32614965421737097,0.44539275151325153,0.5938503457826307,0.4746072484867502,1,1,1
1,Serv,2021-10-31,2021-11-30,0.8599999999999994,0.7863568693278176,0.6188602102393264,0.07364313067218187,0.24113978976067307,1,1,1
1,Serv,2021-11-30,2021-12-30,0.20999999999999375,0.7459626024852519,0.6769836040520857,0.5359626024852582,0.46698360405209194,1,1,1
1,Serv,2021-12-31,2022-01-31,1.2199999999999989,0.6424443821711828,0.6551831667399071,0.577555617828816,0.5648168332600918,1,1,1
1,Serv,2022-01-31,2022-02-28,0.9399999999999977,0.5009810184400346,0.467176329310473,0.4390189815599631,0.47282367068952474,1,1,1
1,Serv,2022-02-28,2022-03-28,5.549999999999997,0.8175263619912924,0.7679262453545015,4.732473638008705,4.782073754645496,1,1,1
1,Serv,2022-03-31,2022-04-30,3.280000000000001,0.735000082307207,0.7364824805497581,2.544999917692794,2.5435175194502433,1,1,1
1,Serv,2022-04-30,2022-05-30,0.6800000000000068,2.450668568515565,2.4134217398737117,1.7706685685155583,1.7334217398737048,1,1,1
1,Serv,2022-05-31,2022-06-30,-0.6800000000000068,1.347064191124935,1.3175191628998495,2.027064191124942,1.9975191628998563,1,1,1
1,Serv,2022-06-30,2022-07-30,-0.769999999999996,0.6250250491231483,0.6328872092753983,1.3950250491231442,1.4028872092753943,1,1,1
1,Serv,2022-07-31,2022-08-31,-0.5699999999999932,0.36132919416249587,0.3528888988994352,0.931329194162489,0.9228888988994284,1,1,1
1,Serv,2022-08-31,2022-09-30,0.3299999999999983,-0.01327057228208355,0.31045045456204656,0.34327057228208185,0.019549545437951732,1,1,1
1,Serv,2022-09-30,2022-10-30,0.6599999999999966,0.45028944188873166,0.3533290394114062,0.20971055811126493,0.3066709605885904,1,1,1
1,Serv,2022-10-31,2022-11-30,0.2600000000000051,0.5715876198563321,0.546999885546881,0.311587619856327,0.28699988554687583,1,1,1
1,Serv,2022-11-30,2022-12-30,0.5699999999999932,0.6134037704103333,0.6137840827245774,0.04340377041034016,0.04378408272458423,1,1,1
1,Serv,2022-12-31,2023-01-31,1.1299999999999955,0.5193701800344086,0.5299865465291306,0.6106298199655869,0.6000134534708649,1,1,1
1,Serv,2023-01-31,2023-02-28,0.75,0.38918680623398627,0.5986771158783584,0.36081319376601373,0.15132288412164163,1,1,1
1,Serv,2023-02-28,2023-03-28,0.39000000000000057,0.6296800462966616,0.7152942378495789,0.23968004629666106,0.32529423784957834,1,1,1
1,Serv,2023-03-31,2023-04-30,0.7199999999999989,0.6565650261444675,0.6345203514499975,0.06343497385553132,0.08547964855000134,1,1,1
1,Serv,2023-04-30,2023-05-30,-0.25,0.5213870079639884,0.5613133997763556,0.7713870079639884,0.8113133997763556,1,1,1
1,Serv,2023-05-31,2023-06-30,0.4300000000000068,0.6619627843233529,0.6240237279686651,0.23196278432334605,0.1940237279686583,1,1,1
1,Serv,2023-06-30,2023-07-30,0.5,0.4263908521607095,0.42239493453085364,0.07360914783929051,0.07760506546914636,1,1,1
1,Serv,2023-07-31,2023-08-31,-0.06999999999999318,0.5219810282102165,0.5634847989304556,0.5919810282102097,0.6334847989304487,1,1,1
1,Serv,2023-08-31,2023-09-30,1.75,0.5874013195713762,0.5738578490131099,1.1625986804286237,1.1761421509868901,1,1,1
1,Serv,2023-09-30,2023-10-30,0.45999999999999375,0.4887548551695576,0.46394001044310185,0.02875485516956383,0.0039400104431080996,1,1,1
1,Serv,2023-10-31,2023-11-30,0.7399999999999949,0.8360288726952316,0.8384184945655774,0.09602887269523674,0.09841849456558249,1,1,1
1,Serv,2023-11-30,2023-12-30,0.29000000000000625,0.5925095933919148,0.5725371923666336,0.3025095933919085,0.28253719236662733,1,1,1
1,Serv,2023-12-31,2024-01-31,0.8700000000000045,0.5891374292825373,0.628193516348731,0.28086257071746723,0.24180648365127355,1,1,1
1,Serv,2024-01-31,2024-02-29,0.5300000000000011,0.6230666110569428,0.5372528554302838,0.0930666110569417,0.007252855430282645,1,1,1
1,Serv,2024-02-29,2024-03-29,0.5300000000000011,0.6017048163124656,0.6563452426108033,0.0717048163124645,0.12634524261080216,1,1,1
1,Serv,2024-03-31,2024-04-30,0.37999999999999545,0.5758759760144262,0.5857820832750568,0.19587597601443074,0.2057820832750613,1,1,1
1,Serv,2024-04-30,2024-05-30,0.9399999999999977,0.5790501689044981,0.5845577553977048,0.3609498310954996,0.3554422446022929,1,1,1
1,Serv,2024-05-31,2024-06-30,0.18000000000000682,0.5580651478306381,0.5559144176851901,0.3780651478306313,0.3759144176851833,1,1,1
1,Serv,2024-06-30,2024-07-30,1.0699999999999932,0.6599531685130695,0.6687989208218226,0.41004683148692367,0.4012010791781706,1,1,1
1,Serv,2024-07-31,2024-08-31,0.09000000000000341,0.5202710992657926,0.5141101033778741,0.4302710992657892,0.4241101033778707,1,1,1
1,Serv,2024-08-31,2024-09-30,0.6200000000000045,0.44085415088403224,0.6968845305294492,0.1791458491159723,0.07688453052944466,1,1,1
1,Serv,2024-09-30,2024-10-30,1.019999999999996,0.4802716390009053,0.4918253910211487,0.5397283609990907,0.5281746089788473,1,1,1
1,Serv,2024-10-31,2024-11-30,1.5,0.5925516615363892,0.6053711716195785,0.9074483384636108,0.8946288283804215,1,1,1
1,Serv,2024-11-30,2024-12-30,0.9099999999999966,0.7146226693377459,0.6928249306864104,0.19537733066225071,0.2171750693135862,1,1,1
1,Serv,2024-12-31,2025-01-31,0.8400000000000034,0.7341605389927122,0.7937073066166639,0.10583946100729125,0.04629269338333952,1,1,1
1,Serv,2025-01-31,2025-02-28,1.3400000000000034,0.7877536660199257,0.6720261623268013,0.5522463339800777,0.6679738376732021,1,1,1
1,Serv,2025-02-28,2025-03-28,0.8100000000000023,0.5973483000780467,0.6616542734356966,0.21265169992195554,0.14834572656430567,1,1,1
1,Serv,2025-03-31,2025-04-30,0.5300000000000011,0.6512377537851743,0.7673093776803493,0.12123775378517321,0.2373093776803482,1,1,1
1,Serv,2025-04-30,2025-05-30,-0.06999999999999318,0.5862763263871897,0.6546437707872811,0.6562763263871829,0.7246437707872743,1,1,1
1,Serv,2025-05-31,2025-06-30,-0.04000000000000625,0.5372837880417054,0.5926075299073235,0.5772837880417117,0.6326075299073297,1,1,1
1,Serv,2025-06-30,2025-07-30,0.35999999999999943,0.45374475744775933,0.46484180328887076,0.0937447574477599,0.10484180328887133,1,1,1
1,Serv,2025-07-31,2025-08-31,-0.5699999999999932,0.4419453407014746,0.47002281918661143,1.0119453407014678,1.0400228191866046,1,1,1
1,Serv,2025-08-31,2025-09-30,1.0,0.18034330692543196,0.5458610176810805,0.819656693074568,0.45413898231891947,1,1,1
1,Serv,2025-09-30,2025-10-30,0.5300000000000011,0.45046572502924187,0.35017285213968513,0.07953427497075927,0.179827147860316,1,1,1
1,Serv,2025-10-31,2025-11-30,0.15000000000000568,0.726120616513283,0.6852743346125226,0.5761206165132773,0.5352743346125169,1,1,1
1,Serv,2025-11-30,2025-12-30,0.29000000000000625,0.6744444965209299,0.5832893790537549,0.3844444965209236,0.29328937905374863,1,1,1
1,Serv,2025-12-31,2026-01-31,1.5699999999999932,0.5288776943635028,0.5021027990024022,1.0411223056364904,1.067897200997591,1,1,1
1,Serv,2026-01-31,2026-02-28,1.0999999999999943,0.5345776856782832,0.5385143907065009,0.5654223143217111,0.5614856092934934,1,1,1
1,Serv,2026-02-28,2026-03-28,0.5400000000000063,0.7031257980456574,0.8020385832586261,0.1631257980456512,0.26203858325861984,1,1,1
1,Serv,2026-03-31,2026-04-30,-0.28000000000000114,0.6593255929517798,0.7040280632231986,0.939325592951781,0.9840280632231997,1,1,1
1,Serv,2026-04-30,2026-05-30,0.09000000000000341,0.5465189554727832,0.5868412936839087,0.45651895547277976,0.4968412936839053,1,1,1
1,usd_nom_i,2016-02-29,2016-03-29,0.25,1.3409029646528587,0.7590023507639526,1.0909029646528587,0.5090023507639526,1,1,1
1,usd_nom_i,2016-03-31,2016-04-30,1.0900000000000034,0.7291908236879793,0.7125548458588296,0.36080917631202414,0.37744515414117386,1,1,1
1,usd_nom_i,2016-04-30,2016-05-30,0.20999999999999375,-0.11820572327406326,0.6324694524888218,0.328205723274057,0.42246945248882806,1,1,1
1,usd_nom_i,2016-05-31,2016-06-30,0.23999999999999488,0.33645860974737024,0.8224179540730009,0.09645860974737536,0.582417954073006,1,1,1
1,usd_nom_i,2016-06-30,2016-07-30,0.6099999999999994,0.4589708781025422,0.6095554632993245,0.1510291218974572,0.00044453670067490236,1,1,1
1,usd_nom_i,2016-07-31,2016-08-31,0.09000000000000341,0.5448469047715517,0.616510167771033,0.4548469047715483,0.5265101677710295,1,1,1
1,usd_nom_i,2016-08-31,2016-09-30,-0.12999999999999545,0.5345774074506124,0.6944939737319613,0.6645774074506079,0.8244939737319568,1,1,1
1,usd_nom_i,2016-09-30,2016-10-30,0.5999999999999943,0.5968648948609018,0.5584656346021161,0.003135105139092542,0.04153436539787825,1,1,1
1,usd_nom_i,2016-10-31,2016-11-30,0.29000000000000625,0.4559634689943287,0.5065772238998854,0.16596346899432246,0.2165772238998791,1,1,1
1,usd_nom_i,2016-11-30,2016-12-30,1.3299999999999983,0.4053559070223812,0.6786123323137393,0.9246440929776171,0.651387667686259,1,1,1
1,usd_nom_i,2016-12-31,2017-01-31,0.46999999999999886,0.7601332793829315,0.6116562449162964,0.29013327938293265,0.14165624491629758,1,1,1
1,usd_nom_i,2017-01-31,2017-02-28,0.3299999999999983,0.5359882859607498,0.8629624260594635,0.20598828596075147,0.5329624260594652,1,1,1
1,usd_nom_i,2017-02-28,2017-03-28,0.20000000000000284,0.35199343540318784,0.64879402569384,0.151993435403185,0.4487940256938372,1,1,1
1,usd_nom_i,2017-03-31,2017-04-30,0.769999999999996,0.39140931680990937,0.6093190168758387,0.37859068319008665,0.16068098312415735,1,1,1
1,usd_nom_i,2017-04-30,2017-05-30,0.45999999999999375,0.5267115600286959,0.5808389186489991,0.06671156002870215,0.12083891864900531,1,1,1
1,usd_nom_i,2017-05-31,2017-06-30,0.5799999999999983,0.4602795102599553,0.7150941934737118,0.11972048974004301,0.13509419347371354,1,1,1
1,usd_nom_i,2017-06-30,2017-07-30,-0.480000000000004,0.6999237613227082,0.639426245450748,1.179923761322712,1.119426245450752,1,1,1
1,usd_nom_i,2017-07-31,2017-08-31,-0.5100000000000051,0.6942722947009001,0.6546491377554177,1.2042722947009052,1.164649137755423,1,1,1
1,usd_nom_i,2017-08-31,2017-09-30,-0.14000000000000057,0.6037863038940601,0.37710062545144574,0.7437863038940606,0.5171006254514463,1,1,1
1,usd_nom_i,2017-09-30,2017-10-30,0.1599999999999966,0.3559221937104981,0.3477572132512409,0.1959221937105015,0.18775721325124434,1,1,1
1,usd_nom_i,2017-10-31,2017-11-30,0.18000000000000682,0.20519727673561464,0.4388960198537129,0.025197276735607815,0.2588960198537061,1,1,1
1,usd_nom_i,2017-11-30,2017-12-30,0.4399999999999977,0.5047598519406955,0.5139897498824616,0.06475985194069778,0.07398974988246387,1,1,1
1,usd_nom_i,2017-12-31,2018-01-31,-0.030000000000001137,0.6345795332351389,0.5182454926651985,0.6645795332351401,0.5482454926651996,1,1,1
1,usd_nom_i,2018-01-31,2018-02-28,0.3400000000000034,0.5126315932224116,0.582050280113199,0.17263159322240818,0.24205028011319563,1,1,1
1,usd_nom_i,2018-02-28,2018-03-28,0.0799999999999983,0.2290767648626806,0.4480571795603897,0.14907676486268231,0.3680571795603914,1,1,1
1,usd_nom_i,2018-03-31,2018-04-30,0.5,0.5244090136319485,0.5458972623899677,0.024409013631948473,0.04589726238996772,1,1,1
1,usd_nom_i,2018-04-30,2018-05-30,0.09000000000000341,0.48921388327765275,0.4713238065321401,0.39921388327764934,0.3813238065321367,1,1,1
1,usd_nom_i,2018-05-31,2018-06-30,0.6400000000000006,0.9277128523539504,0.5863618109862392,0.28771285235394983,0.053638189013761384,1,1,1
1,usd_nom_i,2018-06-30,2018-07-30,0.12000000000000455,0.644787644481771,0.4684728249527239,0.5247876444817664,0.34847282495271936,1,1,1
1,usd_nom_i,2018-07-31,2018-08-31,-0.04999999999999716,0.6354076162469178,0.6239020182727284,0.6854076162469149,0.6739020182727256,1,1,1
1,usd_nom_i,2018-08-31,2018-09-30,-0.29999999999999716,0.46710472828417465,0.46501870544211465,0.7671047282841719,0.7650187054421118,1,1,1
1,usd_nom_i,2018-09-30,2018-10-30,0.09000000000000341,0.7085920665917514,0.4023406876575512,0.618592066591748,0.3123406876575478,1,1,1
1,usd_nom_i,2018-10-31,2018-11-30,0.8700000000000045,0.45950401250211287,0.32020935862428984,0.4104959874978917,0.5497906413757148,1,1,1
1,usd_nom_i,2018-11-30,2018-12-30,1.0799999999999983,0.25498412987805286,0.44966634950553674,0.8250158701219454,0.6303336504944616,1,1,1
1,usd_nom_i,2018-12-31,2019-01-31,1.1400000000000006,0.6654452780782865,0.6841775931012954,0.4745547219217141,0.4558224068987051,1,1,1
1,usd_nom_i,2019-01-31,2019-02-28,0.7099999999999937,0.7917841109627907,0.7500640456700117,0.08178411096279692,0.04006404567001798,1,1,1
1,usd_nom_i,2019-02-28,2019-03-28,0.5499999999999972,0.7067087567329191,0.7669638269171146,0.15670875673292195,0.21696382691711746,1,1,1
1,usd_nom_i,2019-03-31,2019-04-30,0.5900000000000034,0.4601235582366851,0.6398862538913717,0.1298764417633183,0.04988625389136825,1,1,1
1,usd_nom_i,2019-04-30,2019-05-30,0.5300000000000011,0.4897334574793179,0.5932972464194851,0.040266542520683235,0.06329724641948398,1,1,1
1,usd_nom_i,2019-05-31,2019-06-30,-0.4099999999999966,0.5187396113624314,0.6042555039085644,0.928739611362428,1.014255503908561,1,1,1
1,usd_nom_i,2019-06-30,2019-07-30,-0.0799999999999983,0.5631225215447967,0.5778187932667069,0.643122521544795,0.6578187932667052,1,1,1
1,usd_nom_i,2019-07-31,2019-08-31,-0.1700000000000017,0.24487825826441373,0.2988824144424903,0.41487825826441543,0.468882414442492,1,1,1
1,usd_nom_i,2019-08-31,2019-09-30,-0.3199999999999932,0.27483961782747873,0.38427020727168076,0.594839617827472,0.704270207271674,1,1,1
1,usd_nom_i,2019-09-30,2019-10-30,0.29999999999999716,0.5684296968369772,0.34407786974245835,0.26842969683698004,0.044077869742461195,1,1,1
1,usd_nom_i,2019-10-31,2019-11-30,0.39000000000000057,0.24434097591395487,0.29683085783936086,0.1456590240860457,0.0931691421606397,1,1,1
1,usd_nom_i,2019-11-30,2019-12-30,0.4099999999999966,0.402381454410832,0.48978629087075776,0.007618545589164583,0.07978629087076117,1,1,1
1,usd_nom_i,2019-12-31,2020-01-31,0.5,0.4392585206893676,0.5167093720220681,0.060741479310632396,0.016709372022068125,1,1,1
1,usd_nom_i,2020-01-31,2020-02-29,0.4000000000000057,0.4013683098067481,0.5227188595896106,0.001368309806742407,0.12271885958960493,1,1,1
1,usd_nom_i,2020-02-29,2020-03-29,0.6700000000000017,0.4005090807201128,0.5493898799531858,0.2694909192798889,0.12061012004681593,1,1,1
1,usd_nom_i,2020-03-31,2020-04-30,1.2999999999999972,0.7008903695933144,0.5195720740513387,0.5991096304066827,0.7804279259486585,1,1,1
1,usd_nom_i,2020-04-30,2020-05-30,0.12000000000000455,1.375389706367509,0.6090054720155187,1.2553897063675044,0.48900547201551414,1,1,1
1,usd_nom_i,2020-05-31,2020-06-30,0.010000000000005116,0.8927890327816823,0.797095893928031,0.8827890327816772,0.7870958939280259,1,1,1
1,usd_nom_i,2020-06-30,2020-07-30,-0.15000000000000568,0.21847911382993568,0.43562055652824716,0.36847911382994136,0.5856205565282528,1,1,1
1,usd_nom_i,2020-07-31,2020-08-31,0.10999999999999943,0.11001842425841821,0.3956016610321082,1.8424258418775485e-05,0.28560166103210877,1,1,1
1,usd_nom_i,2020-08-31,2020-09-30,0.12999999999999545,0.5037619136876792,0.3431759528562957,0.37376191368768374,0.21317595285630025,1,1,1
1,usd_nom_i,2020-09-30,2020-10-30,0.5,0.5928237869986155,0.41896256601363785,0.09282378699861549,0.08103743398636215,1,1,1
1,usd_nom_i,2020-10-31,2020-11-30,0.7800000000000011,0.5469841603796991,0.4260068626438948,0.23301583962030203,0.3539931373561063,1,1,1
1,usd_nom_i,2020-11-30,2020-12-30,0.9000000000000057,0.6482946886390232,0.5418066174233351,0.2517053113609825,0.35819338257667055,1,1,1
1,usd_nom_i,2020-12-31,2021-01-31,0.5999999999999943,0.5467241542984403,0.6290963996535449,0.05327584570155397,0.029096399653550598,1,1,1
1,usd_nom_i,2021-01-31,2021-02-28,1.0300000000000011,0.3954605170026381,0.6650550363207812,0.634539482997363,0.3649449636792199,1,1,1
1,usd_nom_i,2021-02-28,2021-03-28,1.3100000000000023,0.555041760129051,0.5773582273501068,0.7549582398709512,0.7326417726498955,1,1,1
1,usd_nom_i,2021-03-31,2021-04-30,0.8599999999999994,0.6768324578595896,0.7135829251582541,0.18316754214040987,0.14641707484174538,1,1,1
1,usd_nom_i,2021-04-30,2021-05-30,0.4099999999999966,0.7440463031392394,0.8006136043280879,0.3340463031392428,0.39061360432809134,1,1,1
1,usd_nom_i,2021-05-31,2021-06-30,0.5600000000000023,0.7373799435167115,0.6591051975341841,0.17737994351670927,0.09910519753418179,1,1,1
1,usd_nom_i,2021-06-30,2021-07-30,0.21999999999999886,0.34560898244279237,0.5233339178299361,0.1256089824427935,0.30333391782993724,1,1,1
1,usd_nom_i,2021-07-31,2021-08-31,0.1599999999999966,0.4219586091834274,0.5660662340380624,0.26195860918343084,0.40606623403806585,1,1,1
1,usd_nom_i,2021-08-31,2021-09-30,0.730000000000004,0.5468000803599834,0.4607972586882419,0.18319991964002058,0.2692027413117621,1,1,1
1,usd_nom_i,2021-09-30,2021-10-30,0.9200000000000017,0.4070462418008539,0.44539275151325153,0.5129537581991478,0.4746072484867502,1,1,1
1,usd_nom_i,2021-10-31,2021-11-30,0.8599999999999994,0.5288605206096687,0.6188602102393264,0.3311394793903307,0.24113978976067307,1,1,1
1,usd_nom_i,2021-11-30,2021-12-30,0.20999999999999375,0.5273856580496862,0.6769836040520857,0.31738565804969243,0.46698360405209194,1,1,1
1,usd_nom_i,2021-12-31,2022-01-31,1.2199999999999989,0.6991627435731822,0.6551831667399071,0.5208372564268167,0.5648168332600918,1,1,1
1,usd_nom_i,2022-01-31,2022-02-28,0.9399999999999977,0.5326873066505289,0.467176329310473,0.40731269334946885,0.47282367068952474,1,1,1
1,usd_nom_i,2022-02-28,2022-03-28,5.549999999999997,0.8711982788050266,0.7679262453545015,4.67880172119497,4.782073754645496,1,1,1
1,usd_nom_i,2022-03-31,2022-04-30,3.280000000000001,0.8028372048711282,0.7364824805497581,2.477162795128873,2.5435175194502433,1,1,1
1,usd_nom_i,2022-04-30,2022-05-30,0.6800000000000068,3.723420351444956,2.4134217398737117,3.0434203514449494,1.7334217398737048,1,1,1
1,usd_nom_i,2022-05-31,2022-06-30,-0.6800000000000068,-0.31495307141214973,1.3175191628998495,0.3650469285878571,1.9975191628998563,1,1,1
1,usd_nom_i,2022-06-30,2022-07-30,-0.769999999999996,-0.3115989472281645,0.6328872092753983,0.4584010527718315,1.4028872092753943,1,1,1
1,usd_nom_i,2022-07-31,2022-08-31,-0.5699999999999932,-0.23653161898459213,0.3528888988994352,0.33346838101540105,0.9228888988994284,1,1,1
1,usd_nom_i,2022-08-31,2022-09-30,0.3299999999999983,0.43776083257782555,0.31045045456204656,0.10776083257782726,0.019549545437951732,1,1,1
1,usd_nom_i,2022-09-30,2022-10-30,0.6599999999999966,0.574292939275934,0.3533290394114062,0.08570706072406264,0.3066709605885904,1,1,1
1,usd_nom_i,2022-10-31,2022-11-30,0.2600000000000051,0.5004064872253116,0.546999885546881,0.24040648722530644,0.28699988554687583,1,1,1
1,usd_nom_i,2022-11-30,2022-12-30,0.5699999999999932,0.684392388615944,0.6137840827245774,0.1143923886159508,0.04378408272458423,1,1,1
1,usd_nom_i,2022-12-31,2023-01-31,1.1299999999999955,0.5295526211995744,0.5299865465291306,0.6004473788004211,0.6000134534708649,1,1,1
1,usd_nom_i,2023-01-31,2023-02-28,0.75,0.9136752513731371,0.5986771158783584,0.1636752513731371,0.15132288412164163,1,1,1
1,usd_nom_i,2023-02-28,2023-03-28,0.39000000000000057,0.9464901940462833,0.7152942378495789,0.5564901940462827,0.32529423784957834,1,1,1
1,usd_nom_i,2023-03-31,2023-04-30,0.7199999999999989,0.8575294602967646,0.6345203514499975,0.13752946029676572,0.08547964855000134,1,1,1
1,usd_nom_i,2023-04-30,2023-05-30,-0.25,0.740354245064568,0.5613133997763556,0.990354245064568,0.8113133997763556,1,1,1
1,usd_nom_i,2023-05-31,2023-06-30,0.4300000000000068,0.8738749004986871,0.6240237279686651,0.4438749004986803,0.1940237279686583,1,1,1
1,usd_nom_i,2023-06-30,2023-07-30,0.5,0.3205420124170555,0.42239493453085364,0.1794579875829445,0.07760506546914636,1,1,1
1,usd_nom_i,2023-07-31,2023-08-31,-0.06999999999999318,0.7842544540408509,0.5634847989304556,0.8542544540408441,0.6334847989304487,1,1,1
1,usd_nom_i,2023-08-31,2023-09-30,1.75,0.9168307532061845,0.5738578490131099,0.8331692467938155,1.1761421509868901,1,1,1
1,usd_nom_i,2023-09-30,2023-10-30,0.45999999999999375,0.7034688664745891,0.46394001044310185,0.2434688664745953,0.0039400104431080996,1,1,1
1,usd_nom_i,2023-10-31,2023-11-30,0.7399999999999949,0.83319461258806,0.8384184945655774,0.09319461258806516,0.09841849456558249,1,1,1
1,usd_nom_i,2023-11-30,2023-12-30,0.29000000000000625,0.5710550545123203,0.5725371923666336,0.28105505451231405,0.28253719236662733,1,1,1
1,usd_nom_i,2023-12-31,2024-01-31,0.8700000000000045,0.2701655065421479,0.628193516348731,0.5998344934578567,0.24180648365127355,1,1,1
1,usd_nom_i,2024-01-31,2024-02-29,0.5300000000000011,0.5351557934225672,0.5372528554302838,0.005155793422566113,0.007252855430282645,1,1,1
1,usd_nom_i,2024-02-29,2024-03-29,0.5300000000000011,0.5333043372892323,0.6563452426108033,0.003304337289231185,0.12634524261080216,1,1,1
1,usd_nom_i,2024-03-31,2024-04-30,0.37999999999999545,0.6973344210875957,0.5857820832750568,0.31733442108760024,0.2057820832750613,1,1,1
1,usd_nom_i,2024-04-30,2024-05-30,0.9399999999999977,0.5690974089599915,0.5845577553977048,0.3709025910400062,0.3554422446022929,1,1,1
1,usd_nom_i,2024-05-31,2024-06-30,0.18000000000000682,0.600018655402549,0.5559144176851901,0.42001865540254213,0.3759144176851833,1,1,1
1,usd_nom_i,2024-06-30,2024-07-30,1.0699999999999932,0.534990818804593,0.6687989208218226,0.5350091811954002,0.4012010791781706,1,1,1
1,usd_nom_i,2024-07-31,2024-08-31,0.09000000000000341,0.3649208138461753,0.5141101033778741,0.2749208138461719,0.4241101033778707,1,1,1
1,usd_nom_i,2024-08-31,2024-09-30,0.6200000000000045,0.6273843998854537,0.6968845305294492,0.007384399885449144,0.07688453052944466,1,1,1
1,usd_nom_i,2024-09-30,2024-10-30,1.019999999999996,0.5703530201627778,0.4918253910211487,0.44964697983721824,0.5281746089788473,1,1,1
1,usd_nom_i,2024-10-31,2024-11-30,1.5,0.695817734564111,0.6053711716195785,0.804182265435889,0.8946288283804215,1,1,1
1,usd_nom_i,2024-11-30,2024-12-30,0.9099999999999966,0.881942381845522,0.6928249306864104,0.028057618154474606,0.2171750693135862,1,1,1
1,usd_nom_i,2024-12-31,2025-01-31,0.8400000000000034,0.9275083340747905,0.7937073066166639,0.08750833407478709,0.04629269338333952,1,1,1
1,usd_nom_i,2025-01-31,2025-02-28,1.3400000000000034,0.7315655469259602,0.6720261623268013,0.6084344530740432,0.6679738376732021,1,1,1
1,usd_nom_i,2025-02-28,2025-03-28,0.8100000000000023,0.5558880773092336,0.6616542734356966,0.25411192269076865,0.14834572656430567,1,1,1
1,usd_nom_i,2025-03-31,2025-04-30,0.5300000000000011,0.3266320914299503,0.7673093776803493,0.20336790857005083,0.2373093776803482,1,1,1
1,usd_nom_i,2025-04-30,2025-05-30,-0.06999999999999318,0.27225626406808334,0.6546437707872811,0.3422562640680765,0.7246437707872743,1,1,1
1,usd_nom_i,2025-05-31,2025-06-30,-0.04000000000000625,0.42621978630346585,0.5926075299073235,0.4662197863034721,0.6326075299073297,1,1,1
1,usd_nom_i,2025-06-30,2025-07-30,0.35999999999999943,0.31000959243308057,0.46484180328887076,0.04999040756691886,0.10484180328887133,1,1,1
1,usd_nom_i,2025-07-31,2025-08-31,-0.5699999999999932,0.3752158898793992,0.47002281918661143,0.9452158898793923,1.0400228191866046,1,1,1
1,usd_nom_i,2025-08-31,2025-09-30,1.0,0.5378332717847709,0.5458610176810805,0.4621667282152291,0.45413898231891947,1,1,1
1,usd_nom_i,2025-09-30,2025-10-30,0.5300000000000011,0.45950847387074917,0.35017285213968513,0.07049152612925197,0.179827147860316,1,1,1
1,usd_nom_i,2025-10-31,2025-11-30,0.15000000000000568,0.8103416178406794,0.6852743346125226,0.6603416178406737,0.5352743346125169,1,1,1
1,usd_nom_i,2025-11-30,2025-12-30,0.29000000000000625,0.45798363806547965,0.5832893790537549,0.1679836380654734,0.29328937905374863,1,1,1
1,usd_nom_i,2025-12-31,2026-01-31,1.5699999999999932,0.46431355437911465,0.5021027990024022,1.1056864456208786,1.067897200997591,1,1,1
1,usd_nom_i,2026-01-31,2026-02-28,1.0999999999999943,0.42299124676088234,0.5385143907065009,0.677008753239112,0.5614856092934934,1,1,1
1,usd_nom_i,2026-02-28,2026-03-28,0.5400000000000063,0.7006841400008738,0.8020385832586261,0.1606841400008675,0.26203858325861984,1,1,1
1,usd_nom_i,2026-03-31,2026-04-30,-0.28000000000000114,0.65550983209331,0.7040280632231986,0.9355098320933112,0.9840280632231997,1,1,1
1,usd_nom_i,2026-04-30,2026-05-30,0.09000000000000341,0.8045450206002319,0.5868412936839087,0.7145450206002285,0.4968412936839053,1,1,1
1,Ki_i,2016-02-29,2016-03-29,0.25,0.7368501164093925,0.7590023507639526,0.48685011640939246,0.5090023507639526,1,1,1
1,Ki_i,2016-03-31,2016-04-30,1.0900000000000034,0.7008287287319181,0.7125548458588296,0.38917127126808526,0.37744515414117386,1,1,1
1,Ki_i,2016-04-30,2016-05-30,0.20999999999999375,0.643041589246556,0.6324694524888218,0.4330415892465622,0.42246945248882806,1,1,1
1,Ki_i,2016-05-31,2016-06-30,0.23999999999999488,0.7826988656886,0.8224179540730009,0.5426988656886051,0.582417954073006,1,1,1
1,Ki_i,2016-06-30,2016-07-30,0.6099999999999994,0.6226975789779382,0.6095554632993245,0.012697578977938773,0.00044453670067490236,1,1,1
1,Ki_i,2016-07-31,2016-08-31,0.09000000000000341,0.515659946595129,0.616510167771033,0.4256599465951256,0.5265101677710295,1,1,1
1,Ki_i,2016-08-31,2016-09-30,-0.12999999999999545,0.6850212137345699,0.6944939737319613,0.8150212137345654,0.8244939737319568,1,1,1
1,Ki_i,2016-09-30,2016-10-30,0.5999999999999943,0.5809226883248667,0.5584656346021161,0.019077311675127606,0.04153436539787825,1,1,1
1,Ki_i,2016-10-31,2016-11-30,0.29000000000000625,0.5419156692234648,0.5065772238998854,0.25191566922345854,0.2165772238998791,1,1,1
1,Ki_i,2016-11-30,2016-12-30,1.3299999999999983,0.5486880095554185,0.6786123323137393,0.7813119904445798,0.651387667686259,1,1,1
1,Ki_i,2016-12-31,2017-01-31,0.46999999999999886,0.6222376570782965,0.6116562449162964,0.15223765707829762,0.14165624491629758,1,1,1
1,Ki_i,2017-01-31,2017-02-28,0.3299999999999983,0.8117822440364781,0.8629624260594635,0.48178224403647985,0.5329624260594652,1,1,1
1,Ki_i,2017-02-28,2017-03-28,0.20000000000000284,0.6489660374330931,0.64879402569384,0.44896603743309027,0.4487940256938372,1,1,1
1,Ki_i,2017-03-31,2017-04-30,0.769999999999996,0.6177186579419249,0.6093190168758387,0.1522813420580711,0.16068098312415735,1,1,1
1,Ki_i,2017-04-30,2017-05-30,0.45999999999999375,0.5967470128649602,0.5808389186489991,0.1367470128649665,0.12083891864900531,1,1,1
1,Ki_i,2017-05-31,2017-06-30,0.5799999999999983,0.6355854786187057,0.7150941934737118,0.05558547861870744,0.13509419347371354,1,1,1
1,Ki_i,2017-06-30,2017-07-30,-0.480000000000004,0.5145859592163057,0.639426245450748,0.9945859592163097,1.119426245450752,1,1,1
1,Ki_i,2017-07-31,2017-08-31,-0.5100000000000051,0.5820279735539636,0.6546491377554177,1.0920279735539689,1.164649137755423,1,1,1
1,Ki_i,2017-08-31,2017-09-30,-0.14000000000000057,0.4388841598713135,0.37710062545144574,0.5788841598713141,0.5171006254514463,1,1,1
1,Ki_i,2017-09-30,2017-10-30,0.1599999999999966,0.40841464818742845,0.3477572132512409,0.24841464818743186,0.18775721325124434,1,1,1
1,Ki_i,2017-10-31,2017-11-30,0.18000000000000682,0.3330243820150199,0.4388960198537129,0.15302438201501306,0.2588960198537061,1,1,1
1,Ki_i,2017-11-30,2017-12-30,0.4399999999999977,0.4613276903714442,0.5139897498824616,0.021327690371446495,0.07398974988246387,1,1,1
1,Ki_i,2017-12-31,2018-01-31,-0.030000000000001137,0.5391863551256961,0.5182454926651985,0.5691863551256973,0.5482454926651996,1,1,1
1,Ki_i,2018-01-31,2018-02-28,0.3400000000000034,0.4316918730138626,0.582050280113199,0.09169187301385917,0.24205028011319563,1,1,1
1,Ki_i,2018-02-28,2018-03-28,0.0799999999999983,0.48341548602971934,0.4480571795603897,0.40341548602972105,0.3680571795603914,1,1,1
1,Ki_i,2018-03-31,2018-04-30,0.5,0.47665913863537174,0.5458972623899677,0.023340861364628263,0.04589726238996772,1,1,1
1,Ki_i,2018-04-30,2018-05-30,0.09000000000000341,0.5002017490408112,0.4713238065321401,0.41020174904080775,0.3813238065321367,1,1,1
1,Ki_i,2018-05-31,2018-06-30,0.6400000000000006,0.5055350493096447,0.5863618109862392,0.1344649506903559,0.053638189013761384,1,1,1
1,Ki_i,2018-06-30,2018-07-30,0.12000000000000455,0.4970983807733142,0.4684728249527239,0.37709838077330965,0.34847282495271936,1,1,1
1,Ki_i,2018-07-31,2018-08-31,-0.04999999999999716,0.618972379104079,0.6239020182727284,0.6689723791040761,0.6739020182727256,1,1,1
1,Ki_i,2018-08-31,2018-09-30,-0.29999999999999716,0.491393077787768,0.46501870544211465,0.7913930777877651,0.7650187054421118,1,1,1
1,Ki_i,2018-09-30,2018-10-30,0.09000000000000341,0.43835890347725254,0.4023406876575512,0.3483589034772491,0.3123406876575478,1,1,1
1,Ki_i,2018-10-31,2018-11-30,0.8700000000000045,0.4557978910002045,0.32020935862428984,0.41420210899980003,0.5497906413757148,1,1,1
1,Ki_i,2018-11-30,2018-12-30,1.0799999999999983,0.4743129639015966,0.44966634950553674,0.6056870360984017,0.6303336504944616,1,1,1
1,Ki_i,2018-12-31,2019-01-31,1.1400000000000006,0.6640513567530933,0.6841775931012954,0.4759486432469072,0.4558224068987051,1,1,1
1,Ki_i,2019-01-31,2019-02-28,0.7099999999999937,0.8021895124816287,0.7500640456700117,0.09218951248163498,0.04006404567001798,1,1,1
1,Ki_i,2019-02-28,2019-03-28,0.5499999999999972,0.7310526046732492,0.7669638269171146,0.18105260467325202,0.21696382691711746,1,1,1
1,Ki_i,2019-03-31,2019-04-30,0.5900000000000034,0.6289296704545085,0.6398862538913717,0.03892967045450513,0.04988625389136825,1,1,1
1,Ki_i,2019-04-30,2019-05-30,0.5300000000000011,0.5915497185423723,0.5932972464194851,0.061549718542371123,0.06329724641948398,1,1,1
1,Ki_i,2019-05-31,2019-06-30,-0.4099999999999966,0.6002465212854972,0.6042555039085644,1.0102465212854939,1.014255503908561,1,1,1
1,Ki_i,2019-06-30,2019-07-30,-0.0799999999999983,0.5772615900473269,0.5778187932667069,0.6572615900473252,0.6578187932667052,1,1,1
1,Ki_i,2019-07-31,2019-08-31,-0.1700000000000017,0.27040452475674026,0.2988824144424903,0.44040452475674197,0.468882414442492,1,1,1
1,Ki_i,2019-08-31,2019-09-30,-0.3199999999999932,0.41918502585614187,0.38427020727168076,0.739185025856135,0.704270207271674,1,1,1
1,Ki_i,2019-09-30,2019-10-30,0.29999999999999716,0.2995084169460596,0.34407786974245835,0.0004915830539375388,0.044077869742461195,1,1,1
1,Ki_i,2019-10-31,2019-11-30,0.39000000000000057,0.2592378832780708,0.29683085783936086,0.13076211672192978,0.0931691421606397,1,1,1
1,Ki_i,2019-11-30,2019-12-30,0.4099999999999966,0.5033694923273606,0.48978629087075776,0.09336949232736402,0.07978629087076117,1,1,1
1,Ki_i,2019-12-31,2020-01-31,0.5,0.34472362049820476,0.5167093720220681,0.15527637950179524,0.016709372022068125,1,1,1
1,Ki_i,2020-01-31,2020-02-29,0.4000000000000057,0.43529236356243156,0.5227188595896106,0.03529236356242588,0.12271885958960493,1,1,1
1,Ki_i,2020-02-29,2020-03-29,0.6700000000000017,0.5534649549480722,0.5493898799531858,0.11653504505192946,0.12061012004681593,1,1,1
1,Ki_i,2020-03-31,2020-04-30,1.2999999999999972,0.4283703844770522,0.5195720740513387,0.8716296155229449,0.7804279259486585,1,1,1
1,Ki_i,2020-04-30,2020-05-30,0.12000000000000455,0.6038508365725633,0.6090054720155187,0.4838508365725588,0.48900547201551414,1,1,1
1,Ki_i,2020-05-31,2020-06-30,0.010000000000005116,0.7552606593882895,0.797095893928031,0.7452606593882843,0.7870958939280259,1,1,1
1,Ki_i,2020-06-30,2020-07-30,-0.15000000000000568,0.25462816678489764,0.43562055652824716,0.4046281667849033,0.5856205565282528,1,1,1
1,Ki_i,2020-07-31,2020-08-31,0.10999999999999943,-0.030314492211493144,0.3956016610321082,0.1403144922114926,0.28560166103210877,1,1,1
1,Ki_i,2020-08-31,2020-09-30,0.12999999999999545,0.2544342560594561,0.3431759528562957,0.12443425605946062,0.21317595285630025,1,1,1
1,Ki_i,2020-09-30,2020-10-30,0.5,0.4557082130531095,0.41896256601363785,0.04429178694689051,0.08103743398636215,1,1,1
1,Ki_i,2020-10-31,2020-11-30,0.7800000000000011,0.4610328831092866,0.4260068626438948,0.31896711689071455,0.3539931373561063,1,1,1
1,Ki_i,2020-11-30,2020-12-30,0.9000000000000057,0.5524871866752493,0.5418066174233351,0.34751281332475636,0.35819338257667055,1,1,1
1,Ki_i,2020-12-31,2021-01-31,0.5999999999999943,0.6215176138563483,0.6290963996535449,0.02151761385635398,0.029096399653550598,1,1,1
1,Ki_i,2021-01-31,2021-02-28,1.0300000000000011,0.6497497684983132,0.6650550363207812,0.3802502315016879,0.3649449636792199,1,1,1
1,Ki_i,2021-02-28,2021-03-28,1.3100000000000023,0.5816405116913147,0.5773582273501068,0.7283594883086876,0.7326417726498955,1,1,1
1,Ki_i,2021-03-31,2021-04-30,0.8599999999999994,0.6899709767069727,0.7135829251582541,0.17002902329302672,0.14641707484174538,1,1,1
1,Ki_i,2021-04-30,2021-05-30,0.4099999999999966,0.7591942600999237,0.8006136043280879,0.34919426009992716,0.39061360432809134,1,1,1
1,Ki_i,2021-05-31,2021-06-30,0.5600000000000023,0.7964286987355074,0.6591051975341841,0.2364286987355051,0.09910519753418179,1,1,1
1,Ki_i,2021-06-30,2021-07-30,0.21999999999999886,0.5393061765721829,0.5233339178299361,0.3193061765721841,0.30333391782993724,1,1,1
1,Ki_i,2021-07-31,2021-08-31,0.1599999999999966,1.1303958100426603,0.5660662340380624,0.9703958100426637,0.40606623403806585,1,1,1
1,Ki_i,2021-08-31,2021-09-30,0.730000000000004,0.482595437611546,0.4607972586882419,0.24740456238845798,0.2692027413117621,1,1,1
1,Ki_i,2021-09-30,2021-10-30,0.9200000000000017,0.8886604647825934,0.44539275151325153,0.03133953521740829,0.4746072484867502,1,1,1
1,Ki_i,2021-10-31,2021-11-30,0.8599999999999994,0.6954619294086248,0.6188602102393264,0.1645380705913746,0.24113978976067307,1,1,1
1,Ki_i,2021-11-30,2021-12-30,0.20999999999999375,0.6548712940984863,0.6769836040520857,0.4448712940984926,0.46698360405209194,1,1,1
1,Ki_i,2021-12-31,2022-01-31,1.2199999999999989,0.8932890655549572,0.6551831667399071,0.3267109344450416,0.5648168332600918,1,1,1
1,Ki_i,2022-01-31,2022-02-28,0.9399999999999977,0.7956333877883772,0.467176329310473,0.1443666122116205,0.47282367068952474,1,1,1
1,Ki_i,2022-02-28,2022-03-28,5.549999999999997,0.725028367671513,0.7679262453545015,4.824971632328484,4.782073754645496,1,1,1
1,Ki_i,2022-03-31,2022-04-30,3.280000000000001,0.9799264538289449,0.7364824805497581,2.300073546171056,2.5435175194502433,1,1,1
1,Ki_i,2022-04-30,2022-05-30,0.6800000000000068,4.877385693587784,2.4134217398737117,4.197385693587777,1.7334217398737048,1,1,1
1,Ki_i,2022-05-31,2022-06-30,-0.6800000000000068,0.9974561407485141,1.3175191628998495,1.677456140748521,1.9975191628998563,1,1,1
1,Ki_i,2022-06-30,2022-07-30,-0.769999999999996,0.4144746915968522,0.6328872092753983,1.1844746915968483,1.4028872092753943,1,1,1
1,Ki_i,2022-07-31,2022-08-31,-0.5699999999999932,0.18796619692759226,0.3528888988994352,0.7579661969275855,0.9228888988994284,1,1,1
1,Ki_i,2022-08-31,2022-09-30,0.3299999999999983,0.2551987025536224,0.31045045456204656,0.07480129744637587,0.019549545437951732,1,1,1
1,Ki_i,2022-09-30,2022-10-30,0.6599999999999966,0.2512914785892457,0.3533290394114062,0.40870852141075087,0.3066709605885904,1,1,1
1,Ki_i,2022-10-31,2022-11-30,0.2600000000000051,0.4867108844949588,0.546999885546881,0.2267108844949537,0.28699988554687583,1,1,1
1,Ki_i,2022-11-30,2022-12-30,0.5699999999999932,0.6028769843647221,0.6137840827245774,0.03287698436472897,0.04378408272458423,1,1,1
1,Ki_i,2022-12-31,2023-01-31,1.1299999999999955,0.5580017102737392,0.5299865465291306,0.5719982897262562,0.6000134534708649,1,1,1
1,Ki_i,2023-01-31,2023-02-28,0.75,0.5963854973860427,0.5986771158783584,0.15361450261395726,0.15132288412164163,1,1,1
1,Ki_i,2023-02-28,2023-03-28,0.39000000000000057,0.6584274730562194,0.7152942378495789,0.26842747305621883,0.32529423784957834,1,1,1
1,Ki_i,2023-03-31,2023-04-30,0.7199999999999989,0.6150118134394418,0.6345203514499975,0.10498818656055708,0.08547964855000134,1,1,1
1,Ki_i,2023-04-30,2023-05-30,-0.25,0.5770551945483237,0.5613133997763556,0.8270551945483237,0.8113133997763556,1,1,1
1,Ki_i,2023-05-31,2023-06-30,0.4300000000000068,0.6075476617652439,0.6240237279686651,0.17754766176523706,0.1940237279686583,1,1,1
1,Ki_i,2023-06-30,2023-07-30,0.5,0.5002840258367045,0.42239493453085364,0.00028402583670450454,0.07760506546914636,1,1,1
1,Ki_i,2023-07-31,2023-08-31,-0.06999999999999318,0.5746754461186456,0.5634847989304556,0.6446754461186388,0.6334847989304487,1,1,1
1,Ki_i,2023-08-31,2023-09-30,1.75,0.75309534298805,0.5738578490131099,0.99690465701195,1.1761421509868901,1,1,1
1,Ki_i,2023-09-30,2023-10-30,0.45999999999999375,1.095051038869311,0.46394001044310185,0.6350510388693174,0.0039400104431080996,1,1,1
1,Ki_i,2023-10-31,2023-11-30,0.7399999999999949,0.8320931160529221,0.8384184945655774,0.09209311605292725,0.09841849456558249,1,1,1
1,Ki_i,2023-11-30,2023-12-30,0.29000000000000625,0.7680213083739877,0.5725371923666336,0.4780213083739815,0.28253719236662733,1,1,1
1,Ki_i,2023-12-31,2024-01-31,0.8700000000000045,0.6058946495422696,0.628193516348731,0.264105350457735,0.24180648365127355,1,1,1
1,Ki_i,2024-01-31,2024-02-29,0.5300000000000011,0.6346657080669349,0.5372528554302838,0.10466570806693376,0.007252855430282645,1,1,1
1,Ki_i,2024-02-29,2024-03-29,0.5300000000000011,0.6228295709169626,0.6563452426108033,0.09282957091696142,0.12634524261080216,1,1,1
1,Ki_i,2024-03-31,2024-04-30,0.37999999999999545,0.5810265393892535,0.5857820832750568,0.20102653938925807,0.2057820832750613,1,1,1
1,Ki_i,2024-04-30,2024-05-30,0.9399999999999977,0.5798291182170271,0.5845577553977048,0.36017088178297063,0.3554422446022929,1,1,1
1,Ki_i,2024-05-31,2024-06-30,0.18000000000000682,0.5638194560187598,0.5559144176851901,0.383819456018753,0.3759144176851833,1,1,1
1,Ki_i,2024-06-30,2024-07-30,1.0699999999999932,0.6296483761747413,0.6687989208218226,0.44035162382525184,0.4012010791781706,1,1,1
1,Ki_i,2024-07-31,2024-08-31,0.09000000000000341,0.538781991900655,0.5141101033778741,0.4487819919006516,0.4241101033778707,1,1,1
1,Ki_i,2024-08-31,2024-09-30,0.6200000000000045,0.6474501022190638,0.6968845305294492,0.027450102219059302,0.07688453052944466,1,1,1
1,Ki_i,2024-09-30,2024-10-30,1.019999999999996,0.67408244901212,0.4918253910211487,0.345917550987876,0.5281746089788473,1,1,1
1,Ki_i,2024-10-31,2024-11-30,1.5,0.592273183409911,0.6053711716195785,0.907726816590089,0.8946288283804215,1,1,1
1,Ki_i,2024-11-30,2024-12-30,0.9099999999999966,0.7149594411410976,0.6928249306864104,0.19504055885889904,0.2171750693135862,1,1,1
1,Ki_i,2024-12-31,2025-01-31,0.8400000000000034,0.835609198522459,0.7937073066166639,0.004390801477544448,0.04629269338333952,1,1,1
1,Ki_i,2025-01-31,2025-02-28,1.3400000000000034,0.6344004460118984,0.6720261623268013,0.705599553988105,0.6679738376732021,1,1,1
1,Ki_i,2025-02-28,2025-03-28,0.8100000000000023,0.6303695672997819,0.6616542734356966,0.1796304327002204,0.14834572656430567,1,1,1
1,Ki_i,2025-03-31,2025-04-30,0.5300000000000011,0.6949110158592442,0.7673093776803493,0.16491101585924306,0.2373093776803482,1,1,1
1,Ki_i,2025-04-30,2025-05-30,-0.06999999999999318,0.6264727203377561,0.6546437707872811,0.6964727203377493,0.7246437707872743,1,1,1
1,Ki_i,2025-05-31,2025-06-30,-0.04000000000000625,0.587655529809253,0.5926075299073235,0.6276555298092592,0.6326075299073297,1,1,1
1,Ki_i,2025-06-30,2025-07-30,0.35999999999999943,0.5097212256603887,0.46484180328887076,0.14972122566038926,0.10484180328887133,1,1,1
1,Ki_i,2025-07-31,2025-08-31,-0.5699999999999932,0.45328407370727597,0.47002281918661143,1.023284073707269,1.0400228191866046,1,1,1
1,Ki_i,2025-08-31,2025-09-30,1.0,0.4321587862318497,0.5458610176810805,0.5678412137681503,0.45413898231891947,1,1,1
1,Ki_i,2025-09-30,2025-10-30,0.5300000000000011,0.4357257511110745,0.35017285213968513,0.09427424888892666,0.179827147860316,1,1,1
1,Ki_i,2025-10-31,2025-11-30,0.15000000000000568,0.5751679609274649,0.6852743346125226,0.42516796092745923,0.5352743346125169,1,1,1
1,Ki_i,2025-11-30,2025-12-30,0.29000000000000625,0.5428560562170887,0.5832893790537549,0.2528560562170824,0.29328937905374863,1,1,1
1,Ki_i,2025-12-31,2026-01-31,1.5699999999999932,0.5290154231232,0.5021027990024022,1.0409845768767931,1.067897200997591,1,1,1
1,Ki_i,2026-01-31,2026-02-28,1.0999999999999943,0.5163957117620436,0.5385143907065009,0.5836042882379507,0.5614856092934934,1,1,1
1,Ki_i,2026-02-28,2026-03-28,0.5400000000000063,0.7121216391662705,0.8020385832586261,0.17212163916626422,0.26203858325861984,1,1,1
1,Ki_i,2026-03-31,2026-04-30,-0.28000000000000114,0.6148064321530989,0.7040280632231986,0.8948064321531001,0.9840280632231997,1,1,1
1,Ki_i,2026-04-30,2026-05-30,0.09000000000000341,0.5415250240060778,0.5868412936839087,0.4515250240060744,0.4968412936839053,1,1,1
1,Ruonia_i,2016-02-29,2016-03-29,0.25,0.659863735334374,0.7590023507639526,0.40986373533437404,0.5090023507639526,1,1,1
1,Ruonia_i,2016-03-31,2016-04-30,1.0900000000000034,0.589468123278297,0.7125548458588296,0.5005318767217064,0.37744515414117386,1,1,1
1,Ruonia_i,2016-04-30,2016-05-30,0.20999999999999375,0.5921415596031991,0.6324694524888218,0.3821415596032054,0.42246945248882806,1,1,1
1,Ruonia_i,2016-05-31,2016-06-30,0.23999999999999488,0.6799873103966348,0.8224179540730009,0.43998731039663996,0.582417954073006,1,1,1
1,Ruonia_i,2016-06-30,2016-07-30,0.6099999999999994,0.7062715949563704,0.6095554632993245,0.09627159495637094,0.00044453670067490236,1,1,1
1,Ruonia_i,2016-07-31,2016-08-31,0.09000000000000341,0.4160397559879119,0.616510167771033,0.32603975598790846,0.5265101677710295,1,1,1
1,Ruonia_i,2016-08-31,2016-09-30,-0.12999999999999545,0.5394804254458268,0.6944939737319613,0.6694804254458222,0.8244939737319568,1,1,1
1,Ruonia_i,2016-09-30,2016-10-30,0.5999999999999943,0.5309265511937027,0.5584656346021161,0.06907344880629163,0.04153436539787825,1,1,1
1,Ruonia_i,2016-10-31,2016-11-30,0.29000000000000625,0.4548556124237663,0.5065772238998854,0.16485561242376007,0.2165772238998791,1,1,1
1,Ruonia_i,2016-11-30,2016-12-30,1.3299999999999983,0.6639214033250926,0.6786123323137393,0.6660785966749057,0.651387667686259,1,1,1
1,Ruonia_i,2016-12-31,2017-01-31,0.46999999999999886,0.4709606153423057,0.6116562449162964,0.0009606153423068475,0.14165624491629758,1,1,1
1,Ruonia_i,2017-01-31,2017-02-28,0.3299999999999983,0.8510329501075642,0.8629624260594635,0.5210329501075659,0.5329624260594652,1,1,1
1,Ruonia_i,2017-02-28,2017-03-28,0.20000000000000284,0.5715531493885866,0.64879402569384,0.37155314938858375,0.4487940256938372,1,1,1
1,Ruonia_i,2017-03-31,2017-04-30,0.769999999999996,0.6116806573121734,0.6093190168758387,0.15831934268782266,0.16068098312415735,1,1,1
1,Ruonia_i,2017-04-30,2017-05-30,0.45999999999999375,0.44652093201708426,0.5808389186489991,0.013479067982909487,0.12083891864900531,1,1,1
1,Ruonia_i,2017-05-31,2017-06-30,0.5799999999999983,0.5135712301215617,0.7150941934737118,0.0664287698784366,0.13509419347371354,1,1,1
1,Ruonia_i,2017-06-30,2017-07-30,-0.480000000000004,0.45026160770866713,0.639426245450748,0.9302616077086712,1.119426245450752,1,1,1
1,Ruonia_i,2017-07-31,2017-08-31,-0.5100000000000051,0.6139928515684163,0.6546491377554177,1.1239928515684214,1.164649137755423,1,1,1
1,Ruonia_i,2017-08-31,2017-09-30,-0.14000000000000057,0.3120451930433796,0.37710062545144574,0.45204519304338014,0.5171006254514463,1,1,1
1,Ruonia_i,2017-09-30,2017-10-30,0.1599999999999966,0.2014729286520345,0.3477572132512409,0.041472928652037916,0.18775721325124434,1,1,1
1,Ruonia_i,2017-10-31,2017-11-30,0.18000000000000682,0.356435974934331,0.4388960198537129,0.17643597493432417,0.2588960198537061,1,1,1
1,Ruonia_i,2017-11-30,2017-12-30,0.4399999999999977,0.3680665608495461,0.5139897498824616,0.07193343915045164,0.07398974988246387,1,1,1
1,Ruonia_i,2017-12-31,2018-01-31,-0.030000000000001137,0.5083718361985273,0.5182454926651985,0.5383718361985285,0.5482454926651996,1,1,1
1,Ruonia_i,2018-01-31,2018-02-28,0.3400000000000034,0.46264359963063484,0.582050280113199,0.12264359963063143,0.24205028011319563,1,1,1
1,Ruonia_i,2018-02-28,2018-03-28,0.0799999999999983,0.11753322626227966,0.4480571795603897,0.037533226262281366,0.3680571795603914,1,1,1
1,Ruonia_i,2018-03-31,2018-04-30,0.5,0.5852501561628096,0.5458972623899677,0.08525015616280962,0.04589726238996772,1,1,1
1,Ruonia_i,2018-04-30,2018-05-30,0.09000000000000341,0.47499576868647986,0.4713238065321401,0.38499576868647645,0.3813238065321367,1,1,1
1,Ruonia_i,2018-05-31,2018-06-30,0.6400000000000006,0.5615458287264737,0.5863618109862392,0.07845417127352683,0.053638189013761384,1,1,1
1,Ruonia_i,2018-06-30,2018-07-30,0.12000000000000455,0.4716957875064821,0.4684728249527239,0.35169578750647756,0.34847282495271936,1,1,1
1,Ruonia_i,2018-07-31,2018-08-31,-0.04999999999999716,0.5898375005177231,0.6239020182727284,0.6398375005177203,0.6739020182727256,1,1,1
1,Ruonia_i,2018-08-31,2018-09-30,-0.29999999999999716,0.4664970628295408,0.46501870544211465,0.766497062829538,0.7650187054421118,1,1,1
1,Ruonia_i,2018-09-30,2018-10-30,0.09000000000000341,0.41532633426822574,0.4023406876575512,0.32532633426822233,0.3123406876575478,1,1,1
1,Ruonia_i,2018-10-31,2018-11-30,0.8700000000000045,0.34985025342858156,0.32020935862428984,0.520149746571423,0.5497906413757148,1,1,1
1,Ruonia_i,2018-11-30,2018-12-30,1.0799999999999983,0.4523728647544573,0.44966634950553674,0.6276271352455409,0.6303336504944616,1,1,1
1,Ruonia_i,2018-12-31,2019-01-31,1.1400000000000006,0.6344540812829079,0.6841775931012954,0.5055459187170926,0.4558224068987051,1,1,1
1,Ruonia_i,2019-01-31,2019-02-28,0.7099999999999937,0.6869611208293954,0.7500640456700117,0.023038879170598325,0.04006404567001798,1,1,1
1,Ruonia_i,2019-02-28,2019-03-28,0.5499999999999972,0.7007327748340728,0.7669638269171146,0.15073277483407566,0.21696382691711746,1,1,1
1,Ruonia_i,2019-03-31,2019-04-30,0.5900000000000034,0.7590755089121795,0.6398862538913717,0.16907550891217604,0.04988625389136825,1,1,1
1,Ruonia_i,2019-04-30,2019-05-30,0.5300000000000011,0.6154068038443753,0.5932972464194851,0.08540680384437416,0.06329724641948398,1,1,1
1,Ruonia_i,2019-05-31,2019-06-30,-0.4099999999999966,0.6231599082309804,0.6042555039085644,1.033159908230977,1.014255503908561,1,1,1
1,Ruonia_i,2019-06-30,2019-07-30,-0.0799999999999983,0.5026175693826573,0.5778187932667069,0.5826175693826556,0.6578187932667052,1,1,1
1,Ruonia_i,2019-07-31,2019-08-31,-0.1700000000000017,0.28525419441863065,0.2988824144424903,0.45525419441863235,0.468882414442492,1,1,1
1,Ruonia_i,2019-08-31,2019-09-30,-0.3199999999999932,0.24862462364433316,0.38427020727168076,0.5686246236443263,0.704270207271674,1,1,1
1,Ruonia_i,2019-09-30,2019-10-30,0.29999999999999716,0.3146533027701333,0.34407786974245835,0.014653302770136156,0.044077869742461195,1,1,1
1,Ruonia_i,2019-10-31,2019-11-30,0.39000000000000057,0.17098674094316965,0.29683085783936086,0.21901325905683092,0.0931691421606397,1,1,1
1,Ruonia_i,2019-11-30,2019-12-30,0.4099999999999966,0.4828180451074127,0.48978629087075776,0.07281804510741613,0.07978629087076117,1,1,1
1,Ruonia_i,2019-12-31,2020-01-31,0.5,0.28176985597821275,0.5167093720220681,0.21823014402178725,0.016709372022068125,1,1,1
1,Ruonia_i,2020-01-31,2020-02-29,0.4000000000000057,0.3931673471818572,0.5227188595896106,0.006832652818148488,0.12271885958960493,1,1,1
1,Ruonia_i,2020-02-29,2020-03-29,0.6700000000000017,0.41042023293904667,0.5493898799531858,0.25957976706095504,0.12061012004681593,1,1,1
1,Ruonia_i,2020-03-31,2020-04-30,1.2999999999999972,0.4477407976148069,0.5195720740513387,0.8522592023851903,0.7804279259486585,1,1,1
1,Ruonia_i,2020-04-30,2020-05-30,0.12000000000000455,0.5181476764022224,0.6090054720155187,0.3981476764022178,0.48900547201551414,1,1,1
1,Ruonia_i,2020-05-31,2020-06-30,0.010000000000005116,0.7886875066497666,0.797095893928031,0.7786875066497615,0.7870958939280259,1,1,1
1,Ruonia_i,2020-06-30,2020-07-30,-0.15000000000000568,0.13158008021121692,0.43562055652824716,0.2815800802112226,0.5856205565282528,1,1,1
1,Ruonia_i,2020-07-31,2020-08-31,0.10999999999999943,0.07130390239718767,0.3956016610321082,0.03869609760281176,0.28560166103210877,1,1,1
1,Ruonia_i,2020-08-31,2020-09-30,0.12999999999999545,-0.15279800259328524,0.3431759528562957,0.2827980025932807,0.21317595285630025,1,1,1
1,Ruonia_i,2020-09-30,2020-10-30,0.5,0.3579536478312355,0.41896256601363785,0.1420463521687645,0.08103743398636215,1,1,1
1,Ruonia_i,2020-10-31,2020-11-30,0.7800000000000011,0.5428083671678366,0.4260068626438948,0.2371916328321645,0.3539931373561063,1,1,1
1,Ruonia_i,2020-11-30,2020-12-30,0.9000000000000057,0.5361420801334773,0.5418066174233351,0.3638579198665284,0.35819338257667055,1,1,1
1,Ruonia_i,2020-12-31,2021-01-31,0.5999999999999943,0.511753987199484,0.6290963996535449,0.08824601280051037,0.029096399653550598,1,1,1
1,Ruonia_i,2021-01-31,2021-02-28,1.0300000000000011,0.627267252924915,0.6650550363207812,0.4027327470750861,0.3649449636792199,1,1,1
1,Ruonia_i,2021-02-28,2021-03-28,1.3100000000000023,0.7456101182031818,0.5773582273501068,0.5643898817968205,0.7326417726498955,1,1,1
1,Ruonia_i,2021-03-31,2021-04-30,0.8599999999999994,0.402703562420445,0.7135829251582541,0.4572964375795544,0.14641707484174538,1,1,1
1,Ruonia_i,2021-04-30,2021-05-30,0.4099999999999966,0.9171549687250973,0.8006136043280879,0.5071549687251007,0.39061360432809134,1,1,1
1,Ruonia_i,2021-05-31,2021-06-30,0.5600000000000023,0.8880130601002367,0.6591051975341841,0.32801306010023445,0.09910519753418179,1,1,1
1,Ruonia_i,2021-06-30,2021-07-30,0.21999999999999886,0.7680618391989059,0.5233339178299361,0.548061839198907,0.30333391782993724,1,1,1
1,Ruonia_i,2021-07-31,2021-08-31,0.1599999999999966,0.7788122369671016,0.5660662340380624,0.618812236967105,0.40606623403806585,1,1,1
1,Ruonia_i,2021-08-31,2021-09-30,0.730000000000004,0.9620523352174819,0.4607972586882419,0.23205233521747792,0.2692027413117621,1,1,1
1,Ruonia_i,2021-09-30,2021-10-30,0.9200000000000017,0.7611093149546402,0.44539275151325153,0.15889068504536152,0.4746072484867502,1,1,1
1,Ruonia_i,2021-10-31,2021-11-30,0.8599999999999994,0.7551548100282126,0.6188602102393264,0.10484518997178682,0.24113978976067307,1,1,1
1,Ruonia_i,2021-11-30,2021-12-30,0.20999999999999375,0.7373708569177994,0.6769836040520857,0.5273708569178056,0.46698360405209194,1,1,1
1,Ruonia_i,2021-12-31,2022-01-31,1.2199999999999989,0.8716825772875223,0.6551831667399071,0.34831742271247657,0.5648168332600918,1,1,1
1,Ruonia_i,2022-01-31,2022-02-28,0.9399999999999977,0.6166791234595523,0.467176329310473,0.3233208765404454,0.47282367068952474,1,1,1
1,Ruonia_i,2022-02-28,2022-03-28,5.549999999999997,1.0241899796192424,0.7679262453545015,4.525810020380755,4.782073754645496,1,1,1
1,Ruonia_i,2022-03-31,2022-04-30,3.280000000000001,1.2471548183668815,0.7364824805497581,2.0328451816331197,2.5435175194502433,1,1,1
1,Ruonia_i,2022-04-30,2022-05-30,0.6800000000000068,6.607560640466158,2.4134217398737117,5.927560640466151,1.7334217398737048,1,1,1
1,Ruonia_i,2022-05-31,2022-06-30,-0.6800000000000068,0.7239642109641747,1.3175191628998495,1.4039642109641814,1.9975191628998563,1,1,1
1,Ruonia_i,2022-06-30,2022-07-30,-0.769999999999996,0.18300183452939653,0.6328872092753983,0.9530018345293926,1.4028872092753943,1,1,1
1,Ruonia_i,2022-07-31,2022-08-31,-0.5699999999999932,-0.04899391447868139,0.3528888988994352,0.5210060855213118,0.9228888988994284,1,1,1
1,Ruonia_i,2022-08-31,2022-09-30,0.3299999999999983,0.3447481620314504,0.31045045456204656,0.014748162031452128,0.019549545437951732,1,1,1
1,Ruonia_i,2022-09-30,2022-10-30,0.6599999999999966,0.27555654266182894,0.3533290394114062,0.38444345733816765,0.3066709605885904,1,1,1
1,Ruonia_i,2022-10-31,2022-11-30,0.2600000000000051,0.5167737433390978,0.546999885546881,0.25677374333909264,0.28699988554687583,1,1,1
1,Ruonia_i,2022-11-30,2022-12-30,0.5699999999999932,0.586795826473115,0.6137840827245774,0.016795826473121833,0.04378408272458423,1,1,1
1,Ruonia_i,2022-12-31,2023-01-31,1.1299999999999955,0.4557645388612243,0.5299865465291306,0.6742354611387711,0.6000134534708649,1,1,1
1,Ruonia_i,2023-01-31,2023-02-28,0.75,0.5858121758420004,0.5986771158783584,0.1641878241579996,0.15132288412164163,1,1,1
1,Ruonia_i,2023-02-28,2023-03-28,0.39000000000000057,0.5356975651279338,0.7152942378495789,0.1456975651279332,0.32529423784957834,1,1,1
1,Ruonia_i,2023-03-31,2023-04-30,0.7199999999999989,0.6256057150829067,0.6345203514499975,0.09439428491709212,0.08547964855000134,1,1,1
1,Ruonia_i,2023-04-30,2023-05-30,-0.25,0.6340247861416625,0.5613133997763556,0.8840247861416625,0.8113133997763556,1,1,1
1,Ruonia_i,2023-05-31,2023-06-30,0.4300000000000068,0.5343772781071371,0.6240237279686651,0.10437727810713027,0.1940237279686583,1,1,1
1,Ruonia_i,2023-06-30,2023-07-30,0.5,0.559375354368482,0.42239493453085364,0.05937535436848196,0.07760506546914636,1,1,1
1,Ruonia_i,2023-07-31,2023-08-31,-0.06999999999999318,0.599642717256187,0.5634847989304556,0.6696427172561802,0.6334847989304487,1,1,1
1,Ruonia_i,2023-08-31,2023-09-30,1.75,0.710284731907115,0.5738578490131099,1.039715268092885,1.1761421509868901,1,1,1
1,Ruonia_i,2023-09-30,2023-10-30,0.45999999999999375,1.2064630102862892,0.46394001044310185,0.7464630102862955,0.0039400104431080996,1,1,1
1,Ruonia_i,2023-10-31,2023-11-30,0.7399999999999949,1.02112968967059,0.8384184945655774,0.28112968967059504,0.09841849456558249,1,1,1
1,Ruonia_i,2023-11-30,2023-12-30,0.29000000000000625,0.6947857451785899,0.5725371923666336,0.4047857451785837,0.28253719236662733,1,1,1
1,Ruonia_i,2023-12-31,2024-01-31,0.8700000000000045,0.8504499552398804,0.628193516348731,0.01955004476012412,0.24180648365127355,1,1,1
1,Ruonia_i,2024-01-31,2024-02-29,0.5300000000000011,0.5930196313028213,0.5372528554302838,0.06301963130282018,0.007252855430282645,1,1,1
1,Ruonia_i,2024-02-29,2024-03-29,0.5300000000000011,0.6718481842600974,0.6563452426108033,0.14184818426009627,0.12634524261080216,1,1,1
1,Ruonia_i,2024-03-31,2024-04-30,0.37999999999999545,0.5828529706503336,0.5857820832750568,0.20285297065033814,0.2057820832750613,1,1,1
1,Ruonia_i,2024-04-30,2024-05-30,0.9399999999999977,0.5453286678677544,0.5845577553977048,0.39467133213224337,0.3554422446022929,1,1,1
1,Ruonia_i,2024-05-31,2024-06-30,0.18000000000000682,0.5730510036117445,0.5559144176851901,0.3930510036117377,0.3759144176851833,1,1,1
1,Ruonia_i,2024-06-30,2024-07-30,1.0699999999999932,0.6238848399135957,0.6687989208218226,0.4461151600863975,0.4012010791781706,1,1,1
1,Ruonia_i,2024-07-31,2024-08-31,0.09000000000000341,0.5216632796556493,0.5141101033778741,0.4316632796556459,0.4241101033778707,1,1,1
1,Ruonia_i,2024-08-31,2024-09-30,0.6200000000000045,0.6595072619509285,0.6968845305294492,0.03950726195092391,0.07688453052944466,1,1,1
1,Ruonia_i,2024-09-30,2024-10-30,1.019999999999996,0.7228981755013159,0.4918253910211487,0.29710182449868017,0.5281746089788473,1,1,1
1,Ruonia_i,2024-10-31,2024-11-30,1.5,0.6529050924186937,0.6053711716195785,0.8470949075813063,0.8946288283804215,1,1,1
1,Ruonia_i,2024-11-30,2024-12-30,0.9099999999999966,0.6639758643385827,0.6928249306864104,0.2460241356614139,0.2171750693135862,1,1,1
1,Ruonia_i,2024-12-31,2025-01-31,0.8400000000000034,0.8322150397222007,0.7937073066166639,0.007784960277802733,0.04629269338333952,1,1,1
1,Ruonia_i,2025-01-31,2025-02-28,1.3400000000000034,0.641486970886308,0.6720261623268013,0.6985130291136954,0.6679738376732021,1,1,1
1,Ruonia_i,2025-02-28,2025-03-28,0.8100000000000023,0.5802159421975381,0.6616542734356966,0.22978405780246414,0.14834572656430567,1,1,1
1,Ruonia_i,2025-03-31,2025-04-30,0.5300000000000011,0.6463952433956764,0.7673093776803493,0.11639524339567531,0.2373093776803482,1,1,1
1,Ruonia_i,2025-04-30,2025-05-30,-0.06999999999999318,0.6514707986843145,0.6546437707872811,0.7214707986843076,0.7246437707872743,1,1,1
1,Ruonia_i,2025-05-31,2025-06-30,-0.04000000000000625,0.5547264271596528,0.5926075299073235,0.5947264271596591,0.6326075299073297,1,1,1
1,Ruonia_i,2025-06-30,2025-07-30,0.35999999999999943,0.5182612685921982,0.46484180328887076,0.1582612685921988,0.10484180328887133,1,1,1
1,Ruonia_i,2025-07-31,2025-08-31,-0.5699999999999932,0.44561493562437343,0.47002281918661143,1.0156149356243667,1.0400228191866046,1,1,1
1,Ruonia_i,2025-08-31,2025-09-30,1.0,0.4764950575039589,0.5458610176810805,0.5235049424960412,0.45413898231891947,1,1,1
1,Ruonia_i,2025-09-30,2025-10-30,0.5300000000000011,0.32537131302657835,0.35017285213968513,0.2046286869734228,0.179827147860316,1,1,1
1,Ruonia_i,2025-10-31,2025-11-30,0.15000000000000568,0.5521521560308864,0.6852743346125226,0.4021521560308807,0.5352743346125169,1,1,1
1,Ruonia_i,2025-11-30,2025-12-30,0.29000000000000625,0.48982044056856444,0.5832893790537549,0.1998204405685582,0.29328937905374863,1,1,1
1,Ruonia_i,2025-12-31,2026-01-31,1.5699999999999932,0.5104048079449738,0.5021027990024022,1.0595951920550193,1.067897200997591,1,1,1
1,Ruonia_i,2026-01-31,2026-02-28,1.0999999999999943,0.5090140025692196,0.5385143907065009,0.5909859974307747,0.5614856092934934,1,1,1
1,Ruonia_i,2026-02-28,2026-03-28,0.5400000000000063,0.6580292709967918,0.8020385832586261,0.1180292709967855,0.26203858325861984,1,1,1
1,Ruonia_i,2026-03-31,2026-04-30,-0.28000000000000114,0.5471362502190097,0.7040280632231986,0.8271362502190108,0.9840280632231997,1,1,1
1,Ruonia_i,2026-04-30,2026-05-30,0.09000000000000341,0.5149141595309834,0.5868412936839087,0.42491415953098,0.4968412936839053,1,1,1
1,fl_potrb_zad,2016-02-29,2016-03-29,0.25,0.7350849001404173,0.7590023507639526,0.4850849001404173,0.5090023507639526,1,1,1
1,fl_potrb_zad,2016-03-31,2016-04-30,1.0900000000000034,0.6791106592789182,0.7125548458588296,0.4108893407210852,0.37744515414117386,1,1,1
1,fl_potrb_zad,2016-04-30,2016-05-30,0.20999999999999375,0.5998297268183551,0.6324694524888218,0.38982972681836137,0.42246945248882806,1,1,1
1,fl_potrb_zad,2016-05-31,2016-06-30,0.23999999999999488,0.796619971450197,0.8224179540730009,0.5566199714502021,0.582417954073006,1,1,1
1,fl_potrb_zad,2016-06-30,2016-07-30,0.6099999999999994,0.5764408152399144,0.6095554632993245,0.033559184760085015,0.00044453670067490236,1,1,1
1,fl_potrb_zad,2016-07-31,2016-08-31,0.09000000000000341,0.5790574001665352,0.616510167771033,0.48905740016653176,0.5265101677710295,1,1,1
1,fl_potrb_zad,2016-08-31,2016-09-30,-0.12999999999999545,0.6671214217615451,0.6944939737319613,0.7971214217615405,0.8244939737319568,1,1,1
1,fl_potrb_zad,2016-09-30,2016-10-30,0.5999999999999943,0.514716144666046,0.5584656346021161,0.08528385533394833,0.04153436539787825,1,1,1
1,fl_potrb_zad,2016-10-31,2016-11-30,0.29000000000000625,0.4580900738999131,0.5065772238998854,0.16809007389990682,0.2165772238998791,1,1,1
1,fl_potrb_zad,2016-11-30,2016-12-30,1.3299999999999983,0.6425336035260553,0.6786123323137393,0.687466396473943,0.651387667686259,1,1,1
1,fl_potrb_zad,2016-12-31,2017-01-31,0.46999999999999886,0.5824613355942507,0.6116562449162964,0.11246133559425187,0.14165624491629758,1,1,1
1,fl_potrb_zad,2017-01-31,2017-02-28,0.3299999999999983,0.8536139916356535,0.8629624260594635,0.5236139916356553,0.5329624260594652,1,1,1
1,fl_potrb_zad,2017-02-28,2017-03-28,0.20000000000000284,0.6218881842530202,0.64879402569384,0.42188818425301733,0.4487940256938372,1,1,1
1,fl_potrb_zad,2017-03-31,2017-04-30,0.769999999999996,0.5596238262383003,0.6093190168758387,0.2103761737616957,0.16068098312415735,1,1,1
1,fl_potrb_zad,2017-04-30,2017-05-30,0.45999999999999375,0.5438247899721176,0.5808389186489991,0.08382478997212384,0.12083891864900531,1,1,1
1,fl_potrb_zad,2017-05-31,2017-06-30,0.5799999999999983,0.7057285761852363,0.7150941934737118,0.12572857618523803,0.13509419347371354,1,1,1
1,fl_potrb_zad,2017-06-30,2017-07-30,-0.480000000000004,0.6232403962405444,0.639426245450748,1.1032403962405484,1.119426245450752,1,1,1
1,fl_potrb_zad,2017-07-31,2017-08-31,-0.5100000000000051,0.6372781710443054,0.6546491377554177,1.1472781710443105,1.164649137755423,1,1,1
1,fl_potrb_zad,2017-08-31,2017-09-30,-0.14000000000000057,0.3549542030843471,0.37710062545144574,0.4949542030843477,0.5171006254514463,1,1,1
1,fl_potrb_zad,2017-09-30,2017-10-30,0.1599999999999966,0.3206008381098595,0.3477572132512409,0.16060083810986292,0.18775721325124434,1,1,1
1,fl_potrb_zad,2017-10-31,2017-11-30,0.18000000000000682,0.41735668558539174,0.4388960198537129,0.23735668558538492,0.2588960198537061,1,1,1
1,fl_potrb_zad,2017-11-30,2017-12-30,0.4399999999999977,0.5067753093136032,0.5139897498824616,0.06677530931360542,0.07398974988246387,1,1,1
1,fl_potrb_zad,2017-12-31,2018-01-31,-0.030000000000001137,0.5011892575138795,0.5182454926651985,0.5311892575138807,0.5482454926651996,1,1,1
1,fl_potrb_zad,2018-01-31,2018-02-28,0.3400000000000034,0.572600784532313,0.582050280113199,0.2326007845323096,0.24205028011319563,1,1,1
1,fl_potrb_zad,2018-02-28,2018-03-28,0.0799999999999983,0.46155120420475,0.4480571795603897,0.3815512042047517,0.3680571795603914,1,1,1
1,fl_potrb_zad,2018-03-31,2018-04-30,0.5,0.5191192631579578,0.5458972623899677,0.019119263157957755,0.04589726238996772,1,1,1
1,fl_potrb_zad,2018-04-30,2018-05-30,0.09000000000000341,0.4486870032483298,0.4713238065321401,0.35868700324832636,0.3813238065321367,1,1,1
1,fl_potrb_zad,2018-05-31,2018-06-30,0.6400000000000006,0.5861474804704115,0.5863618109862392,0.05385251952958903,0.053638189013761384,1,1,1
1,fl_potrb_zad,2018-06-30,2018-07-30,0.12000000000000455,0.3706720140891578,0.4684728249527239,0.25067201408915324,0.34847282495271936,1,1,1
1,fl_potrb_zad,2018-07-31,2018-08-31,-0.04999999999999716,0.6374745490006587,0.6239020182727284,0.6874745490006559,0.6739020182727256,1,1,1
1,fl_potrb_zad,2018-08-31,2018-09-30,-0.29999999999999716,0.48092941650177884,0.46501870544211465,0.7809294165017759,0.7650187054421118,1,1,1
1,fl_potrb_zad,2018-09-30,2018-10-30,0.09000000000000341,0.42017451622678104,0.4023406876575512,0.3301745162267776,0.3123406876575478,1,1,1
1,fl_potrb_zad,2018-10-31,2018-11-30,0.8700000000000045,0.3129286104309268,0.32020935862428984,0.5570713895690778,0.5497906413757148,1,1,1
1,fl_potrb_zad,2018-11-30,2018-12-30,1.0799999999999983,0.4412109590648665,0.44966634950553674,0.6387890409351318,0.6303336504944616,1,1,1
1,fl_potrb_zad,2018-12-31,2019-01-31,1.1400000000000006,0.6938044208475799,0.6841775931012954,0.4461955791524207,0.4558224068987051,1,1,1
1,fl_potrb_zad,2019-01-31,2019-02-28,0.7099999999999937,0.7437618764238995,0.7500640456700117,0.03376187642390571,0.04006404567001798,1,1,1
1,fl_potrb_zad,2019-02-28,2019-03-28,0.5499999999999972,0.7523234817184388,0.7669638269171146,0.2023234817184416,0.21696382691711746,1,1,1
1,fl_potrb_zad,2019-03-31,2019-04-30,0.5900000000000034,0.6184307049662334,0.6398862538913717,0.028430704966230014,0.04988625389136825,1,1,1
1,fl_potrb_zad,2019-04-30,2019-05-30,0.5300000000000011,0.6010185687960985,0.5932972464194851,0.07101856879609736,0.06329724641948398,1,1,1
1,fl_potrb_zad,2019-05-31,2019-06-30,-0.4099999999999966,0.6151924592305579,0.6042555039085644,1.0251924592305546,1.014255503908561,1,1,1
1,fl_potrb_zad,2019-06-30,2019-07-30,-0.0799999999999983,0.581902773725543,0.5778187932667069,0.6619027737255413,0.6578187932667052,1,1,1
1,fl_potrb_zad,2019-07-31,2019-08-31,-0.1700000000000017,0.28605127929718227,0.2988824144424903,0.456051279297184,0.468882414442492,1,1,1
1,fl_potrb_zad,2019-08-31,2019-09-30,-0.3199999999999932,0.3968893393930697,0.38427020727168076,0.7168893393930629,0.704270207271674,1,1,1
1,fl_potrb_zad,2019-09-30,2019-10-30,0.29999999999999716,0.34849329184855027,0.34407786974245835,0.04849329184855311,0.044077869742461195,1,1,1
1,fl_potrb_zad,2019-10-31,2019-11-30,0.39000000000000057,0.2857898821578193,0.29683085783936086,0.10421011784218126,0.0931691421606397,1,1,1
1,fl_potrb_zad,2019-11-30,2019-12-30,0.4099999999999966,0.48284453889636936,0.48978629087075776,0.07284453889637277,0.07978629087076117,1,1,1
1,fl_potrb_zad,2019-12-31,2020-01-31,0.5,0.5031040212689845,0.5167093720220681,0.003104021268984458,0.016709372022068125,1,1,1
1,fl_potrb_zad,2020-01-31,2020-02-29,0.4000000000000057,0.5185721298868814,0.5227188595896106,0.11857212988687571,0.12271885958960493,1,1,1
1,fl_potrb_zad,2020-02-29,2020-03-29,0.6700000000000017,0.5353403082942538,0.5493898799531858,0.13465969170574787,0.12061012004681593,1,1,1
1,fl_potrb_zad,2020-03-31,2020-04-30,1.2999999999999972,0.5050962689627463,0.5195720740513387,0.7949037310372509,0.7804279259486585,1,1,1
1,fl_potrb_zad,2020-04-30,2020-05-30,0.12000000000000455,0.6106031880003879,0.6090054720155187,0.4906031880003834,0.48900547201551414,1,1,1
1,fl_potrb_zad,2020-05-31,2020-06-30,0.010000000000005116,0.7523481674125224,0.797095893928031,0.7423481674125173,0.7870958939280259,1,1,1
1,fl_potrb_zad,2020-06-30,2020-07-30,-0.15000000000000568,0.3669508692023692,0.43562055652824716,0.5169508692023749,0.5856205565282528,1,1,1
1,fl_potrb_zad,2020-07-31,2020-08-31,0.10999999999999943,0.3637593788723725,0.3956016610321082,0.25375937887237304,0.28560166103210877,1,1,1
1,fl_potrb_zad,2020-08-31,2020-09-30,0.12999999999999545,0.315364768779016,0.3431759528562957,0.18536476877902053,0.21317595285630025,1,1,1
1,fl_potrb_zad,2020-09-30,2020-10-30,0.5,0.41776941260683464,0.41896256601363785,0.08223058739316536,0.08103743398636215,1,1,1
1,fl_potrb_zad,2020-10-31,2020-11-30,0.7800000000000011,0.39239294991290735,0.4260068626438948,0.3876070500870938,0.3539931373561063,1,1,1
1,fl_potrb_zad,2020-11-30,2020-12-30,0.9000000000000057,0.5378025904749999,0.5418066174233351,0.3621974095250058,0.35819338257667055,1,1,1
1,fl_potrb_zad,2020-12-31,2021-01-31,0.5999999999999943,0.6263947712268676,0.6290963996535449,0.02639477122687328,0.029096399653550598,1,1,1
1,fl_potrb_zad,2021-01-31,2021-02-28,1.0300000000000011,0.6599466427729583,0.6650550363207812,0.3700533572270428,0.3649449636792199,1,1,1
1,fl_potrb_zad,2021-02-28,2021-03-28,1.3100000000000023,0.5628321749434684,0.5773582273501068,0.7471678250565339,0.7326417726498955,1,1,1
1,fl_potrb_zad,2021-03-31,2021-04-30,0.8599999999999994,0.7108778430671505,0.7135829251582541,0.14912215693284891,0.14641707484174538,1,1,1
1,fl_potrb_zad,2021-04-30,2021-05-30,0.4099999999999966,0.8142039602782335,0.8006136043280879,0.4042039602782369,0.39061360432809134,1,1,1
1,fl_potrb_zad,2021-05-31,2021-06-30,0.5600000000000023,0.6718418525650125,0.6591051975341841,0.11184185256501022,0.09910519753418179,1,1,1
1,fl_potrb_zad,2021-06-30,2021-07-30,0.21999999999999886,0.5284247767161351,0.5233339178299361,0.3084247767161362,0.30333391782993724,1,1,1
1,fl_potrb_zad,2021-07-31,2021-08-31,0.1599999999999966,0.5816472622541254,0.5660662340380624,0.42164726225412885,0.40606623403806585,1,1,1
1,fl_potrb_zad,2021-08-31,2021-09-30,0.730000000000004,0.4614250824099081,0.4607972586882419,0.2685749175900959,0.2692027413117621,1,1,1
1,fl_potrb_zad,2021-09-30,2021-10-30,0.9200000000000017,0.45484179652649315,0.44539275151325153,0.46515820347350856,0.4746072484867502,1,1,1
1,fl_potrb_zad,2021-10-31,2021-11-30,0.8599999999999994,0.6336977523698314,0.6188602102393264,0.22630224763016804,0.24113978976067307,1,1,1
1,fl_potrb_zad,2021-11-30,2021-12-30,0.20999999999999375,0.687311313123736,0.6769836040520857,0.4773113131237422,0.46698360405209194,1,1,1
1,fl_potrb_zad,2021-12-31,2022-01-31,1.2199999999999989,0.6687411355318064,0.6551831667399071,0.5512588644681925,0.5648168332600918,1,1,1
1,fl_potrb_zad,2022-01-31,2022-02-28,0.9399999999999977,0.47419088452110875,0.467176329310473,0.465809115478889,0.47282367068952474,1,1,1
1,fl_potrb_zad,2022-02-28,2022-03-28,5.549999999999997,0.769196304886693,0.7679262453545015,4.780803695113304,4.782073754645496,1,1,1
1,fl_potrb_zad,2022-03-31,2022-04-30,3.280000000000001,0.7365725631909281,0.7364824805497581,2.543427436809073,2.5435175194502433,1,1,1
1,fl_potrb_zad,2022-04-30,2022-05-30,0.6800000000000068,2.4345027747423162,2.4134217398737117,1.7545027747423094,1.7334217398737048,1,1,1
1,fl_potrb_zad,2022-05-31,2022-06-30,-0.6800000000000068,1.298441166758347,1.3175191628998495,1.978441166758354,1.9975191628998563,1,1,1
1,fl_potrb_zad,2022-06-30,2022-07-30,-0.769999999999996,0.5830528413276526,0.6328872092753983,1.3530528413276486,1.4028872092753943,1,1,1
1,fl_potrb_zad,2022-07-31,2022-08-31,-0.5699999999999932,0.28452347725735694,0.3528888988994352,0.8545234772573501,0.9228888988994284,1,1,1
1,fl_potrb_zad,2022-08-31,2022-09-30,0.3299999999999983,0.2631547836614308,0.31045045456204656,0.06684521633856749,0.019549545437951732,1,1,1
1,fl_potrb_zad,2022-09-30,2022-10-30,0.6599999999999966,0.3430530601149049,0.3533290394114062,0.3169469398850917,0.3066709605885904,1,1,1
1,fl_potrb_zad,2022-10-31,2022-11-30,0.2600000000000051,0.5371266594221271,0.546999885546881,0.277126659422122,0.28699988554687583,1,1,1
1,fl_potrb_zad,2022-11-30,2022-12-30,0.5699999999999932,0.6133513534623916,0.6137840827245774,0.04335135346239838,0.04378408272458423,1,1,1
1,fl_potrb_zad,2022-12-31,2023-01-31,1.1299999999999955,0.524964422660256,0.5299865465291306,0.6050355773397394,0.6000134534708649,1,1,1
1,fl_potrb_zad,2023-01-31,2023-02-28,0.75,0.587041433940582,0.5986771158783584,0.16295856605941805,0.15132288412164163,1,1,1
1,fl_potrb_zad,2023-02-28,2023-03-28,0.39000000000000057,0.7130150973276695,0.7152942378495789,0.323015097327669,0.32529423784957834,1,1,1
1,fl_potrb_zad,2023-03-31,2023-04-30,0.7199999999999989,0.6120031987380806,0.6345203514499975,0.10799680126191824,0.08547964855000134,1,1,1
1,fl_potrb_zad,2023-04-30,2023-05-30,-0.25,0.5591873704477281,0.5613133997763556,0.8091873704477281,0.8113133997763556,1,1,1
1,fl_potrb_zad,2023-05-31,2023-06-30,0.4300000000000068,0.634996342374343,0.6240237279686651,0.20499634237433617,0.1940237279686583,1,1,1
1,fl_potrb_zad,2023-06-30,2023-07-30,0.5,0.429015728934818,0.42239493453085364,0.07098427106518201,0.07760506546914636,1,1,1
1,fl_potrb_zad,2023-07-31,2023-08-31,-0.06999999999999318,0.5828208875185974,0.5634847989304556,0.6528208875185906,0.6334847989304487,1,1,1
1,fl_potrb_zad,2023-08-31,2023-09-30,1.75,0.6182411574600764,0.5738578490131099,1.1317588425399236,1.1761421509868901,1,1,1
1,fl_potrb_zad,2023-09-30,2023-10-30,0.45999999999999375,0.5114733879903327,0.46394001044310185,0.05147338799033896,0.0039400104431080996,1,1,1
1,fl_potrb_zad,2023-10-31,2023-11-30,0.7399999999999949,0.900151951955874,0.8384184945655774,0.16015195195587917,0.09841849456558249,1,1,1
1,fl_potrb_zad,2023-11-30,2023-12-30,0.29000000000000625,0.5919722966286775,0.5725371923666336,0.3019722966286712,0.28253719236662733,1,1,1
1,fl_potrb_zad,2023-12-31,2024-01-31,0.8700000000000045,0.6205690948658502,0.628193516348731,0.24943090513415433,0.24180648365127355,1,1,1
1,fl_potrb_zad,2024-01-31,2024-02-29,0.5300000000000011,0.47676176296282574,0.5372528554302838,0.053238237037175395,0.007252855430282645,1,1,1
1,fl_potrb_zad,2024-02-29,2024-03-29,0.5300000000000011,0.6702620366103729,0.6563452426108033,0.14026203661037173,0.12634524261080216,1,1,1
1,fl_potrb_zad,2024-03-31,2024-04-30,0.37999999999999545,0.6046291638727862,0.5857820832750568,0.22462916387279075,0.2057820832750613,1,1,1
1,fl_potrb_zad,2024-04-30,2024-05-30,0.9399999999999977,0.6136778519485435,0.5845577553977048,0.3263221480514542,0.3554422446022929,1,1,1
1,fl_potrb_zad,2024-05-31,2024-06-30,0.18000000000000682,0.5786264754247942,0.5559144176851901,0.39862647542478735,0.3759144176851833,1,1,1
1,fl_potrb_zad,2024-06-30,2024-07-30,1.0699999999999932,0.7198456700913966,0.6687989208218226,0.35015432990859663,0.4012010791781706,1,1,1
1,fl_potrb_zad,2024-07-31,2024-08-31,0.09000000000000341,0.5324729487406835,0.5141101033778741,0.4424729487406801,0.4241101033778707,1,1,1
1,fl_potrb_zad,2024-08-31,2024-09-30,0.6200000000000045,0.6636244120432928,0.6968845305294492,0.04362441204328826,0.07688453052944466,1,1,1
1,fl_potrb_zad,2024-09-30,2024-10-30,1.019999999999996,0.5145014302329906,0.4918253910211487,0.5054985697670055,0.5281746089788473,1,1,1
1,fl_potrb_zad,2024-10-31,2024-11-30,1.5,0.5989359422204504,0.6053711716195785,0.9010640577795496,0.8946288283804215,1,1,1
1,fl_potrb_zad,2024-11-30,2024-12-30,0.9099999999999966,0.6726514300687955,0.6928249306864104,0.23734856993120113,0.2171750693135862,1,1,1
1,fl_potrb_zad,2024-12-31,2025-01-31,0.8400000000000034,0.6335892303682813,0.7937073066166639,0.2064107696317221,0.04629269338333952,1,1,1
1,fl_potrb_zad,2025-01-31,2025-02-28,1.3400000000000034,0.5804128275391338,0.6720261623268013,0.7595871724608696,0.6679738376732021,1,1,1
1,fl_potrb_zad,2025-02-28,2025-03-28,0.8100000000000023,0.5835063336864859,0.6616542734356966,0.22649366631351642,0.14834572656430567,1,1,1
1,fl_potrb_zad,2025-03-31,2025-04-30,0.5300000000000011,0.7260726645188889,0.7673093776803493,0.19607266451888772,0.2373093776803482,1,1,1
1,fl_potrb_zad,2025-04-30,2025-05-30,-0.06999999999999318,0.6113273449187221,0.6546437707872811,0.6813273449187153,0.7246437707872743,1,1,1
1,fl_potrb_zad,2025-05-31,2025-06-30,-0.04000000000000625,0.5440698743951862,0.5926075299073235,0.5840698743951924,0.6326075299073297,1,1,1
1,fl_potrb_zad,2025-06-30,2025-07-30,0.35999999999999943,0.4140623707592554,0.46484180328887076,0.05406237075925596,0.10484180328887133,1,1,1
1,fl_potrb_zad,2025-07-31,2025-08-31,-0.5699999999999932,0.4071647661786777,0.47002281918661143,0.9771647661786709,1.0400228191866046,1,1,1
1,fl_potrb_zad,2025-08-31,2025-09-30,1.0,0.5010097608111337,0.5458610176810805,0.4989902391888663,0.45413898231891947,1,1,1
1,fl_potrb_zad,2025-09-30,2025-10-30,0.5300000000000011,0.30974623381450694,0.35017285213968513,0.2202537661854942,0.179827147860316,1,1,1
1,fl_potrb_zad,2025-10-31,2025-11-30,0.15000000000000568,0.6621466344125879,0.6852743346125226,0.5121466344125822,0.5352743346125169,1,1,1
1,fl_potrb_zad,2025-11-30,2025-12-30,0.29000000000000625,0.537944837758574,0.5832893790537549,0.2479448377585678,0.29328937905374863,1,1,1
1,fl_potrb_zad,2025-12-31,2026-01-31,1.5699999999999932,0.4395206881767702,0.5021027990024022,1.130479311823223,1.067897200997591,1,1,1
1,fl_potrb_zad,2026-01-31,2026-02-28,1.0999999999999943,0.4781947502044002,0.5385143907065009,0.6218052497955942,0.5614856092934934,1,1,1
1,fl_potrb_zad,2026-02-28,2026-03-28,0.5400000000000063,0.796082463392117,0.8020385832586261,0.2560824633921107,0.26203858325861984,1,1,1
1,fl_potrb_zad,2026-03-31,2026-04-30,-0.28000000000000114,0.6712510202251539,0.7040280632231986,0.9512510202251551,0.9840280632231997,1,1,1
1,fl_potrb_zad,2026-04-30,2026-05-30,0.09000000000000341,0.5597760118355498,0.5868412936839087,0.4697760118355464,0.4968412936839053,1,1,1
1,fl_dep,2016-02-29,2016-03-29,0.25,0.7937669286433559,0.7590023507639526,0.5437669286433559,0.5090023507639526,1,1,1
1,fl_dep,2016-03-31,2016-04-30,1.0900000000000034,0.6949107580977373,0.7125548458588296,0.39508924190226613,0.37744515414117386,1,1,1
1,fl_dep,2016-04-30,2016-05-30,0.20999999999999375,0.6424851087062028,0.6324694524888218,0.43248510870620904,0.42246945248882806,1,1,1
1,fl_dep,2016-05-31,2016-06-30,0.23999999999999488,0.8119363572206857,0.8224179540730009,0.5719363572206908,0.582417954073006,1,1,1
1,fl_dep,2016-06-30,2016-07-30,0.6099999999999994,0.6261264757715008,0.6095554632993245,0.016126475771501392,0.00044453670067490236,1,1,1
1,fl_dep,2016-07-31,2016-08-31,0.09000000000000341,0.6109574829452274,0.616510167771033,0.520957482945224,0.5265101677710295,1,1,1
1,fl_dep,2016-08-31,2016-09-30,-0.12999999999999545,0.7117570157330122,0.6944939737319613,0.8417570157330077,0.8244939737319568,1,1,1
1,fl_dep,2016-09-30,2016-10-30,0.5999999999999943,0.571407667462828,0.5584656346021161,0.02859233253716631,0.04153436539787825,1,1,1
1,fl_dep,2016-10-31,2016-11-30,0.29000000000000625,0.5178848420528539,0.5065772238998854,0.22788484205284765,0.2165772238998791,1,1,1
1,fl_dep,2016-11-30,2016-12-30,1.3299999999999983,0.69336905083744,0.6786123323137393,0.6366309491625582,0.651387667686259,1,1,1
1,fl_dep,2016-12-31,2017-01-31,0.46999999999999886,0.6180556380178043,0.6116562449162964,0.1480556380178054,0.14165624491629758,1,1,1
1,fl_dep,2017-01-31,2017-02-28,0.3299999999999983,0.8476588175487448,0.8629624260594635,0.5176588175487465,0.5329624260594652,1,1,1
1,fl_dep,2017-02-28,2017-03-28,0.20000000000000284,0.6517800778734698,0.64879402569384,0.45178007787346697,0.4487940256938372,1,1,1
1,fl_dep,2017-03-31,2017-04-30,0.769999999999996,0.6090927131110723,0.6093190168758387,0.16090728688892375,0.16068098312415735,1,1,1
1,fl_dep,2017-04-30,2017-05-30,0.45999999999999375,0.5811147440718959,0.5808389186489991,0.12111474407190215,0.12083891864900531,1,1,1
1,fl_dep,2017-05-31,2017-06-30,0.5799999999999983,0.7368331033581879,0.7150941934737118,0.15683310335818956,0.13509419347371354,1,1,1
1,fl_dep,2017-06-30,2017-07-30,-0.480000000000004,0.6521481038946692,0.639426245450748,1.1321481038946732,1.119426245450752,1,1,1
1,fl_dep,2017-07-31,2017-08-31,-0.5100000000000051,0.647158618170301,0.6546491377554177,1.157158618170306,1.164649137755423,1,1,1
1,fl_dep,2017-08-31,2017-09-30,-0.14000000000000057,0.4090759507673302,0.37710062545144574,0.5490759507673308,0.5171006254514463,1,1,1
1,fl_dep,2017-09-30,2017-10-30,0.1599999999999966,0.36528976730183316,0.3477572132512409,0.20528976730183657,0.18775721325124434,1,1,1
1,fl_dep,2017-10-31,2017-11-30,0.18000000000000682,0.45698881791824336,0.4388960198537129,0.27698881791823654,0.2588960198537061,1,1,1
1,fl_dep,2017-11-30,2017-12-30,0.4399999999999977,0.5154556496845215,0.5139897498824616,0.07545564968452378,0.07398974988246387,1,1,1
1,fl_dep,2017-12-31,2018-01-31,-0.030000000000001137,0.5188647674093084,0.5182454926651985,0.5488647674093096,0.5482454926651996,1,1,1
1,fl_dep,2018-01-31,2018-02-28,0.3400000000000034,0.573199587502167,0.582050280113199,0.23319958750216363,0.24205028011319563,1,1,1
1,fl_dep,2018-02-28,2018-03-28,0.0799999999999983,0.45865212035206443,0.4480571795603897,0.37865212035206613,0.3680571795603914,1,1,1
1,fl_dep,2018-03-31,2018-04-30,0.5,0.5431821829807975,0.5458972623899677,0.04318218298079746,0.04589726238996772,1,1,1
1,fl_dep,2018-04-30,2018-05-30,0.09000000000000341,0.47906605721465056,0.4713238065321401,0.38906605721464715,0.3813238065321367,1,1,1
1,fl_dep,2018-05-31,2018-06-30,0.6400000000000006,0.5881616337102571,0.5863618109862392,0.051838366289743476,0.053638189013761384,1,1,1
1,fl_dep,2018-06-30,2018-07-30,0.12000000000000455,0.49532843292831075,0.4684728249527239,0.3753284329283062,0.34847282495271936,1,1,1
1,fl_dep,2018-07-31,2018-08-31,-0.04999999999999716,0.6236631201641242,0.6239020182727284,0.6736631201641213,0.6739020182727256,1,1,1
1,fl_dep,2018-08-31,2018-09-30,-0.29999999999999716,0.4646688156323829,0.46501870544211465,0.76466881563238,0.7650187054421118,1,1,1
1,fl_dep,2018-09-30,2018-10-30,0.09000000000000341,0.40653852505120863,0.4023406876575512,0.3165385250512052,0.3123406876575478,1,1,1
1,fl_dep,2018-10-31,2018-11-30,0.8700000000000045,0.32074416527604954,0.32020935862428984,0.549255834723955,0.5497906413757148,1,1,1
1,fl_dep,2018-11-30,2018-12-30,1.0799999999999983,0.44951211234522703,0.44966634950553674,0.6304878876547713,0.6303336504944616,1,1,1
1,fl_dep,2018-12-31,2019-01-31,1.1400000000000006,0.6871934732964585,0.6841775931012954,0.45280652670354204,0.4558224068987051,1,1,1
1,fl_dep,2019-01-31,2019-02-28,0.7099999999999937,0.7448960660030394,0.7500640456700117,0.03489606600304562,0.04006404567001798,1,1,1
1,fl_dep,2019-02-28,2019-03-28,0.5499999999999972,0.7739795287465473,0.7669638269171146,0.22397952874655014,0.21696382691711746,1,1,1
1,fl_dep,2019-03-31,2019-04-30,0.5900000000000034,0.6377118142821877,0.6398862538913717,0.047711814282184295,0.04988625389136825,1,1,1
1,fl_dep,2019-04-30,2019-05-30,0.5300000000000011,0.5948497002943609,0.5932972464194851,0.06484970029435977,0.06329724641948398,1,1,1
1,fl_dep,2019-05-31,2019-06-30,-0.4099999999999966,0.6024335971577086,0.6042555039085644,1.0124335971577052,1.014255503908561,1,1,1
1,fl_dep,2019-06-30,2019-07-30,-0.0799999999999983,0.5786112284026211,0.5778187932667069,0.6586112284026194,0.6578187932667052,1,1,1
1,fl_dep,2019-07-31,2019-08-31,-0.1700000000000017,0.29875934601298637,0.2988824144424903,0.4687593460129881,0.468882414442492,1,1,1
1,fl_dep,2019-08-31,2019-09-30,-0.3199999999999932,0.39346474667256753,0.38427020727168076,0.7134647466725608,0.704270207271674,1,1,1
1,fl_dep,2019-09-30,2019-10-30,0.29999999999999716,0.34519464346331064,0.34407786974245835,0.04519464346331348,0.044077869742461195,1,1,1
1,fl_dep,2019-10-31,2019-11-30,0.39000000000000057,0.2971252120923002,0.29683085783936086,0.09287478790770037,0.0931691421606397,1,1,1
1,fl_dep,2019-11-30,2019-12-30,0.4099999999999966,0.4904727167857916,0.48978629087075776,0.08047271678579498,0.07978629087076117,1,1,1
1,fl_dep,2019-12-31,2020-01-31,0.5,0.5179881852970962,0.5167093720220681,0.017988185297096226,0.016709372022068125,1,1,1
1,fl_dep,2020-01-31,2020-02-29,0.4000000000000057,0.5213094657301406,0.5227188595896106,0.1213094657301349,0.12271885958960493,1,1,1
1,fl_dep,2020-02-29,2020-03-29,0.6700000000000017,0.5507861617186517,0.5493898799531858,0.11921383828135002,0.12061012004681593,1,1,1
1,fl_dep,2020-03-31,2020-04-30,1.2999999999999972,0.5206015922109288,0.5195720740513387,0.7793984077890683,0.7804279259486585,1,1,1
1,fl_dep,2020-04-30,2020-05-30,0.12000000000000455,0.6079967280503453,0.6090054720155187,0.4879967280503408,0.48900547201551414,1,1,1
1,fl_dep,2020-05-31,2020-06-30,0.010000000000005116,0.8061202378250979,0.797095893928031,0.7961202378250928,0.7870958939280259,1,1,1
1,fl_dep,2020-06-30,2020-07-30,-0.15000000000000568,0.43412509630000007,0.43562055652824716,0.5841250963000058,0.5856205565282528,1,1,1
1,fl_dep,2020-07-31,2020-08-31,0.10999999999999943,0.4032355661631361,0.3956016610321082,0.2932355661631367,0.28560166103210877,1,1,1
1,fl_dep,2020-08-31,2020-09-30,0.12999999999999545,0.3407068871801116,0.3431759528562957,0.21070688718011615,0.21317595285630025,1,1,1
1,fl_dep,2020-09-30,2020-10-30,0.5,0.4172973031977674,0.41896256601363785,0.08270269680223258,0.08103743398636215,1,1,1
1,fl_dep,2020-10-31,2020-11-30,0.7800000000000011,0.421234928901889,0.4260068626438948,0.3587650710981121,0.3539931373561063,1,1,1
1,fl_dep,2020-11-30,2020-12-30,0.9000000000000057,0.5412585583692772,0.5418066174233351,0.3587414416307285,0.35819338257667055,1,1,1
1,fl_dep,2020-12-31,2021-01-31,0.5999999999999943,0.6294601044852,0.6290963996535449,0.02946010448520564,0.029096399653550598,1,1,1
1,fl_dep,2021-01-31,2021-02-28,1.0300000000000011,0.6625982416460486,0.6650550363207812,0.3674017583539525,0.3649449636792199,1,1,1
1,fl_dep,2021-02-28,2021-03-28,1.3100000000000023,0.5804596177944332,0.5773582273501068,0.729540382205569,0.7326417726498955,1,1,1
1,fl_dep,2021-03-31,2021-04-30,0.8599999999999994,0.7155899473570713,0.7135829251582541,0.14441005264292817,0.14641707484174538,1,1,1
1,fl_dep,2021-04-30,2021-05-30,0.4099999999999966,0.8056863890687532,0.8006136043280879,0.39568638906875664,0.39061360432809134,1,1,1
1,fl_dep,2021-05-31,2021-06-30,0.5600000000000023,0.6565034910297658,0.6591051975341841,0.09650349102976352,0.09910519753418179,1,1,1
1,fl_dep,2021-06-30,2021-07-30,0.21999999999999886,0.5276087384106741,0.5233339178299361,0.30760873841067526,0.30333391782993724,1,1,1
1,fl_dep,2021-07-31,2021-08-31,0.1599999999999966,0.5664352466711894,0.5660662340380624,0.4064352466711928,0.40606623403806585,1,1,1
1,fl_dep,2021-08-31,2021-09-30,0.730000000000004,0.46907015812297903,0.4607972586882419,0.26092984187702495,0.2692027413117621,1,1,1
1,fl_dep,2021-09-30,2021-10-30,0.9200000000000017,0.44587393313182605,0.44539275151325153,0.47412606686817566,0.4746072484867502,1,1,1
1,fl_dep,2021-10-31,2021-11-30,0.8599999999999994,0.6167968077431574,0.6188602102393264,0.24320319225684206,0.24113978976067307,1,1,1
1,fl_dep,2021-11-30,2021-12-30,0.20999999999999375,0.6841157020760041,0.6769836040520857,0.4741157020760104,0.46698360405209194,1,1,1
1,fl_dep,2021-12-31,2022-01-31,1.2199999999999989,0.6561832870434678,0.6551831667399071,0.563816712956531,0.5648168332600918,1,1,1
1,fl_dep,2022-01-31,2022-02-28,0.9399999999999977,0.4583175492427147,0.467176329310473,0.48168245075728305,0.47282367068952474,1,1,1
1,fl_dep,2022-02-28,2022-03-28,5.549999999999997,0.7762174206118224,0.7679262453545015,4.7737825793881745,4.782073754645496,1,1,1
1,fl_dep,2022-03-31,2022-04-30,3.280000000000001,0.9592856572472162,0.7364824805497581,2.320714342752785,2.5435175194502433,1,1,1
1,fl_dep,2022-04-30,2022-05-30,0.6800000000000068,2.329565445967873,2.4134217398737117,1.6495654459678661,1.7334217398737048,1,1,1
1,fl_dep,2022-05-31,2022-06-30,-0.6800000000000068,1.0975472200576613,1.3175191628998495,1.777547220057668,1.9975191628998563,1,1,1
1,fl_dep,2022-06-30,2022-07-30,-0.769999999999996,0.5953128140833823,0.6328872092753983,1.3653128140833783,1.4028872092753943,1,1,1
1,fl_dep,2022-07-31,2022-08-31,-0.5699999999999932,0.21658831884603671,0.3528888988994352,0.7865883188460299,0.9228888988994284,1,1,1
1,fl_dep,2022-08-31,2022-09-30,0.3299999999999983,0.30761942845189816,0.31045045456204656,0.022380571548100137,0.019549545437951732,1,1,1
1,fl_dep,2022-09-30,2022-10-30,0.6599999999999966,0.31609836219747417,0.3533290394114062,0.3439016378025224,0.3066709605885904,1,1,1
1,fl_dep,2022-10-31,2022-11-30,0.2600000000000051,0.6443464658099434,0.546999885546881,0.38434646580993825,0.28699988554687583,1,1,1
1,fl_dep,2022-11-30,2022-12-30,0.5699999999999932,0.6829606740508432,0.6137840827245774,0.11296067405084997,0.04378408272458423,1,1,1
1,fl_dep,2022-12-31,2023-01-31,1.1299999999999955,0.5372410101411043,0.5299865465291306,0.5927589898588912,0.6000134534708649,1,1,1
1,fl_dep,2023-01-31,2023-02-28,0.75,-0.02329108125066852,0.5986771158783584,0.7732910812506685,0.15132288412164163,1,1,1
1,fl_dep,2023-02-28,2023-03-28,0.39000000000000057,1.0910512488755968,0.7152942378495789,0.7010512488755962,0.32529423784957834,1,1,1
1,fl_dep,2023-03-31,2023-04-30,0.7199999999999989,0.4760114023704099,0.6345203514499975,0.24398859762958897,0.08547964855000134,1,1,1
1,fl_dep,2023-04-30,2023-05-30,-0.25,0.5435314681389101,0.5613133997763556,0.7935314681389101,0.8113133997763556,1,1,1
1,fl_dep,2023-05-31,2023-06-30,0.4300000000000068,0.6033113626004468,0.6240237279686651,0.17331136260044,0.1940237279686583,1,1,1
1,fl_dep,2023-06-30,2023-07-30,0.5,0.35651481372155186,0.42239493453085364,0.14348518627844814,0.07760506546914636,1,1,1
1,fl_dep,2023-07-31,2023-08-31,-0.06999999999999318,0.44237888535013475,0.5634847989304556,0.5123788853501279,0.6334847989304487,1,1,1
1,fl_dep,2023-08-31,2023-09-30,1.75,0.5811647454192971,0.5738578490131099,1.1688352545807028,1.1761421509868901,1,1,1
1,fl_dep,2023-09-30,2023-10-30,0.45999999999999375,0.1760442846565072,0.46394001044310185,0.2839557153434865,0.0039400104431080996,1,1,1
1,fl_dep,2023-10-31,2023-11-30,0.7399999999999949,1.0877060219677008,0.8384184945655774,0.34770602196770595,0.09841849456558249,1,1,1
1,fl_dep,2023-11-30,2023-12-30,0.29000000000000625,0.5671708357197733,0.5725371923666336,0.2771708357197671,0.28253719236662733,1,1,1
1,fl_dep,2023-12-31,2024-01-31,0.8700000000000045,0.577267089784908,0.628193516348731,0.2927329102150965,0.24180648365127355,1,1,1
1,fl_dep,2024-01-31,2024-02-29,0.5300000000000011,0.2016335982010481,0.5372528554302838,0.32836640179895304,0.007252855430282645,1,1,1
1,fl_dep,2024-02-29,2024-03-29,0.5300000000000011,0.8345499626863145,0.6563452426108033,0.3045499626863134,0.12634524261080216,1,1,1
1,fl_dep,2024-03-31,2024-04-30,0.37999999999999545,0.5046095649947164,0.5857820832750568,0.12460956499472098,0.2057820832750613,1,1,1
1,fl_dep,2024-04-30,2024-05-30,0.9399999999999977,0.5078648514730311,0.5845577553977048,0.43213514852696666,0.3554422446022929,1,1,1
1,fl_dep,2024-05-31,2024-06-30,0.18000000000000682,0.5851445723162798,0.5559144176851901,0.405144572316273,0.3759144176851833,1,1,1
1,fl_dep,2024-06-30,2024-07-30,1.0699999999999932,0.4296784416225788,0.6687989208218226,0.6403215583774144,0.4012010791781706,1,1,1
1,fl_dep,2024-07-31,2024-08-31,0.09000000000000341,0.48832240978384234,0.5141101033778741,0.3983224097838389,0.4241101033778707,1,1,1
1,fl_dep,2024-08-31,2024-09-30,0.6200000000000045,0.8323765068608414,0.6968845305294492,0.21237650686083687,0.07688453052944466,1,1,1
1,fl_dep,2024-09-30,2024-10-30,1.019999999999996,0.47990071799066675,0.4918253910211487,0.5400992820093293,0.5281746089788473,1,1,1
1,fl_dep,2024-10-31,2024-11-30,1.5,0.6509361746759941,0.6053711716195785,0.8490638253240059,0.8946288283804215,1,1,1
1,fl_dep,2024-11-30,2024-12-30,0.9099999999999966,0.7152109123132341,0.6928249306864104,0.1947890876867625,0.2171750693135862,1,1,1
1,fl_dep,2024-12-31,2025-01-31,0.8400000000000034,0.8095801716081964,0.7937073066166639,0.030419828391807013,0.04629269338333952,1,1,1
1,fl_dep,2025-01-31,2025-02-28,1.3400000000000034,0.45337394894728966,0.6720261623268013,0.8866260510527137,0.6679738376732021,1,1,1
1,fl_dep,2025-02-28,2025-03-28,0.8100000000000023,0.8006800811994244,0.6616542734356966,0.00931991880057792,0.14834572656430567,1,1,1
1,fl_dep,2025-03-31,2025-04-30,0.5300000000000011,0.9281058627499696,0.7673093776803493,0.3981058627499685,0.2373093776803482,1,1,1
1,fl_dep,2025-04-30,2025-05-30,-0.06999999999999318,0.6662113503408853,0.6546437707872811,0.7362113503408785,0.7246437707872743,1,1,1
1,fl_dep,2025-05-31,2025-06-30,-0.04000000000000625,0.4234628643145402,0.5926075299073235,0.4634628643145465,0.6326075299073297,1,1,1
1,fl_dep,2025-06-30,2025-07-30,0.35999999999999943,0.5973543957632129,0.46484180328887076,0.2373543957632135,0.10484180328887133,1,1,1
1,fl_dep,2025-07-31,2025-08-31,-0.5699999999999932,0.42766229258620364,0.47002281918661143,0.9976622925861969,1.0400228191866046,1,1,1
1,fl_dep,2025-08-31,2025-09-30,1.0,0.5583833014562917,0.5458610176810805,0.44161669854370833,0.45413898231891947,1,1,1
1,fl_dep,2025-09-30,2025-10-30,0.5300000000000011,0.41742905327376645,0.35017285213968513,0.11257094672623469,0.179827147860316,1,1,1
1,fl_dep,2025-10-31,2025-11-30,0.15000000000000568,0.7044992752415556,0.6852743346125226,0.55449927524155,0.5352743346125169,1,1,1
1,fl_dep,2025-11-30,2025-12-30,0.29000000000000625,0.5630116194041374,0.5832893790537549,0.2730116194041311,0.29328937905374863,1,1,1
1,fl_dep,2025-12-31,2026-01-31,1.5699999999999932,0.5661467658150653,0.5021027990024022,1.0038532341849278,1.067897200997591,1,1,1
1,fl_dep,2026-01-31,2026-02-28,1.0999999999999943,0.1618209054624059,0.5385143907065009,0.9381790945375884,0.5614856092934934,1,1,1
1,fl_dep,2026-02-28,2026-03-28,0.5400000000000063,1.0158020597571982,0.8020385832586261,0.4758020597571919,0.26203858325861984,1,1,1
1,fl_dep,2026-03-31,2026-04-30,-0.28000000000000114,0.6595361113622116,0.7040280632231986,0.9395361113622127,0.9840280632231997,1,1,1
1,fl_dep,2026-04-30,2026-05-30,0.09000000000000341,0.60533832949984,0.5868412936839087,0.5153383294998366,0.4968412936839053,1,1,1
1,all_real,2016-02-29,2016-03-29,0.25,1.4114300617321176,0.7590023507639526,1.1614300617321176,0.5090023507639526,1,1,1
1,all_real,2016-03-31,2016-04-30,1.0900000000000034,0.8073705273796653,0.7125548458588296,0.2826294726203381,0.37744515414117386,1,1,1
1,all_real,2016-04-30,2016-05-30,0.20999999999999375,-0.2062576913305336,0.6324694524888218,0.41625769133052737,0.42246945248882806,1,1,1
1,all_real,2016-05-31,2016-06-30,0.23999999999999488,0.4655415556115602,0.8224179540730009,0.2255415556115653,0.582417954073006,1,1,1
1,all_real,2016-06-30,2016-07-30,0.6099999999999994,0.4177279557891204,0.6095554632993245,0.192272044210879,0.00044453670067490236,1,1,1
1,all_real,2016-07-31,2016-08-31,0.09000000000000341,0.49793997706531273,0.616510167771033,0.4079399770653093,0.5265101677710295,1,1,1
1,all_real,2016-08-31,2016-09-30,-0.12999999999999545,0.44342839277580715,0.6944939737319613,0.5734283927758026,0.8244939737319568,1,1,1
1,all_real,2016-09-30,2016-10-30,0.5999999999999943,0.7003180784829246,0.5584656346021161,0.10031807848293028,0.04153436539787825,1,1,1
1,all_real,2016-10-31,2016-11-30,0.29000000000000625,0.41912845983284075,0.5065772238998854,0.1291284598328345,0.2165772238998791,1,1,1
1,all_real,2016-11-30,2016-12-30,1.3299999999999983,0.2774013632826976,0.6786123323137393,1.0525986367173008,0.651387667686259,1,1,1
1,all_real,2016-12-31,2017-01-31,0.46999999999999886,0.6316774603870713,0.6116562449162964,0.16167746038707242,0.14165624491629758,1,1,1
1,all_real,2017-01-31,2017-02-28,0.3299999999999983,0.3299603176769823,0.8629624260594635,3.9682323015988175e-05,0.5329624260594652,1,1,1
1,all_real,2017-02-28,2017-03-28,0.20000000000000284,0.31650042620130053,0.64879402569384,0.11650042620129769,0.4487940256938372,1,1,1
1,all_real,2017-03-31,2017-04-30,0.769999999999996,0.45050680204934423,0.6093190168758387,0.3194931979506518,0.16068098312415735,1,1,1
1,all_real,2017-04-30,2017-05-30,0.45999999999999375,0.5442522243824804,0.5808389186489991,0.0842522243824867,0.12083891864900531,1,1,1
1,all_real,2017-05-31,2017-06-30,0.5799999999999983,0.4970344075509962,0.7150941934737118,0.08296559244900209,0.13509419347371354,1,1,1
1,all_real,2017-06-30,2017-07-30,-0.480000000000004,0.8727211350651357,0.639426245450748,1.3527211350651398,1.119426245450752,1,1,1
1,all_real,2017-07-31,2017-08-31,-0.5100000000000051,0.803645257677974,0.6546491377554177,1.3136452576779791,1.164649137755423,1,1,1
1,all_real,2017-08-31,2017-09-30,-0.14000000000000057,0.6961155357250424,0.37710062545144574,0.8361155357250429,0.5171006254514463,1,1,1
1,all_real,2017-09-30,2017-10-30,0.1599999999999966,0.450908971931349,0.3477572132512409,0.2909089719313524,0.18775721325124434,1,1,1
1,all_real,2017-10-31,2017-11-30,0.18000000000000682,0.21398043890584237,0.4388960198537129,0.03398043890583555,0.2588960198537061,1,1,1
1,all_real,2017-11-30,2017-12-30,0.4399999999999977,0.38749562964037876,0.5139897498824616,0.05250437035961897,0.07398974988246387,1,1,1
1,all_real,2017-12-31,2018-01-31,-0.030000000000001137,0.6337839716384714,0.5182454926651985,0.6637839716384726,0.5482454926651996,1,1,1
1,all_real,2018-01-31,2018-02-28,0.3400000000000034,0.5567438172566296,0.582050280113199,0.21674381725662617,0.24205028011319563,1,1,1
1,all_real,2018-02-28,2018-03-28,0.0799999999999983,0.3462513455086915,0.4480571795603897,0.2662513455086932,0.3680571795603914,1,1,1
1,all_real,2018-03-31,2018-04-30,0.5,0.6455192025759203,0.5458972623899677,0.14551920257592033,0.04589726238996772,1,1,1
1,all_real,2018-04-30,2018-05-30,0.09000000000000341,0.47750902618385194,0.4713238065321401,0.3875090261838485,0.3813238065321367,1,1,1
1,all_real,2018-05-31,2018-06-30,0.6400000000000006,0.9610801261972848,0.5863618109862392,0.3210801261972842,0.053638189013761384,1,1,1
1,all_real,2018-06-30,2018-07-30,0.12000000000000455,0.4625583280144458,0.4684728249527239,0.34255832801444125,0.34847282495271936,1,1,1
1,all_real,2018-07-31,2018-08-31,-0.04999999999999716,0.5575967216193974,0.6239020182727284,0.6075967216193946,0.6739020182727256,1,1,1
1,all_real,2018-08-31,2018-09-30,-0.29999999999999716,0.38364387396957256,0.46501870544211465,0.6836438739695697,0.7650187054421118,1,1,1
1,all_real,2018-09-30,2018-10-30,0.09000000000000341,0.6054731196815951,0.4023406876575512,0.5154731196815917,0.3123406876575478,1,1,1
1,all_real,2018-10-31,2018-11-30,0.8700000000000045,0.44843546409847423,0.32020935862428984,0.4215645359015303,0.5497906413757148,1,1,1
1,all_real,2018-11-30,2018-12-30,1.0799999999999983,0.16535868222505462,0.44966634950553674,0.9146413177749437,0.6303336504944616,1,1,1
1,all_real,2018-12-31,2019-01-31,1.1400000000000006,0.6947717869341102,0.6841775931012954,0.44522821306589033,0.4558224068987051,1,1,1
1,all_real,2019-01-31,2019-02-28,0.7099999999999937,0.8645679324343917,0.7500640456700117,0.15456793243439793,0.04006404567001798,1,1,1
1,all_real,2019-02-28,2019-03-28,0.5499999999999972,0.7762703714894719,0.7669638269171146,0.2262703714894747,0.21696382691711746,1,1,1
1,all_real,2019-03-31,2019-04-30,0.5900000000000034,0.4493596084810684,0.6398862538913717,0.14064039151893504,0.04988625389136825,1,1,1
1,all_real,2019-04-30,2019-05-30,0.5300000000000011,0.4860345010776726,0.5932972464194851,0.04396549892232854,0.06329724641948398,1,1,1
1,all_real,2019-05-31,2019-06-30,-0.4099999999999966,0.47597012877500267,0.6042555039085644,0.8859701287749993,1.014255503908561,1,1,1
1,all_real,2019-06-30,2019-07-30,-0.0799999999999983,0.5235417736579382,0.5778187932667069,0.6035417736579365,0.6578187932667052,1,1,1
1,all_real,2019-07-31,2019-08-31,-0.1700000000000017,0.259523142100954,0.2988824144424903,0.4295231421009557,0.468882414442492,1,1,1
1,all_real,2019-08-31,2019-09-30,-0.3199999999999932,0.255783617751551,0.38427020727168076,0.5757836177515442,0.704270207271674,1,1,1
1,all_real,2019-09-30,2019-10-30,0.29999999999999716,0.5121183536217375,0.34407786974245835,0.21211835362174036,0.044077869742461195,1,1,1
1,all_real,2019-10-31,2019-11-30,0.39000000000000057,0.1668882749942796,0.29683085783936086,0.22311172500572096,0.0931691421606397,1,1,1
1,all_real,2019-11-30,2019-12-30,0.4099999999999966,0.4223265477871177,0.48978629087075776,0.012326547787121112,0.07978629087076117,1,1,1
1,all_real,2019-12-31,2020-01-31,0.5,0.4797812032867592,0.5167093720220681,0.020218796713240783,0.016709372022068125,1,1,1
1,all_real,2020-01-31,2020-02-29,0.4000000000000057,0.41095274593917386,0.5227188595896106,0.010952745939168174,0.12271885958960493,1,1,1
1,all_real,2020-02-29,2020-03-29,0.6700000000000017,0.41582222505001126,0.5493898799531858,0.25417777494999044,0.12061012004681593,1,1,1
1,all_real,2020-03-31,2020-04-30,1.2999999999999972,0.634946404036754,0.5195720740513387,0.6650535959632432,0.7804279259486585,1,1,1
1,all_real,2020-04-30,2020-05-30,0.12000000000000455,1.4787760002961654,0.6090054720155187,1.3587760002961609,0.48900547201551414,1,1,1
1,all_real,2020-05-31,2020-06-30,0.010000000000005116,0.8297243038346133,0.797095893928031,0.8197243038346081,0.7870958939280259,1,1,1
1,all_real,2020-06-30,2020-07-30,-0.15000000000000568,0.18799723464140133,0.43562055652824716,0.337997234641407,0.5856205565282528,1,1,1
1,all_real,2020-07-31,2020-08-31,0.10999999999999943,0.20226995256439642,0.3956016610321082,0.09226995256439699,0.28560166103210877,1,1,1
1,all_real,2020-08-31,2020-09-30,0.12999999999999545,0.5682931824600851,0.3431759528562957,0.43829318246008964,0.21317595285630025,1,1,1
1,all_real,2020-09-30,2020-10-30,0.5,0.7352469378123946,0.41896256601363785,0.23524693781239459,0.08103743398636215,1,1,1
1,all_real,2020-10-31,2020-11-30,0.7800000000000011,0.5457460064948337,0.4260068626438948,0.2342539935051674,0.3539931373561063,1,1,1
1,all_real,2020-11-30,2020-12-30,0.9000000000000057,0.6798489332628728,0.5418066174233351,0.22015106673713292,0.35819338257667055,1,1,1
1,all_real,2020-12-31,2021-01-31,0.5999999999999943,0.6145994003492031,0.6290963996535449,0.014599400349208813,0.029096399653550598,1,1,1
1,all_real,2021-01-31,2021-02-28,1.0300000000000011,0.512046788838048,0.6650550363207812,0.5179532111619531,0.3649449636792199,1,1,1
1,all_real,2021-02-28,2021-03-28,1.3100000000000023,0.5971313333726878,0.5773582273501068,0.7128686666273145,0.7326417726498955,1,1,1
1,all_real,2021-03-31,2021-04-30,0.8599999999999994,0.7004267243576947,0.7135829251582541,0.15957327564230472,0.14641707484174538,1,1,1
1,all_real,2021-04-30,2021-05-30,0.4099999999999966,0.6894926424902683,0.8006136043280879,0.2794926424902717,0.39061360432809134,1,1,1
1,all_real,2021-05-31,2021-06-30,0.5600000000000023,0.7588661300206452,0.6591051975341841,0.1988661300206429,0.09910519753418179,1,1,1
1,all_real,2021-06-30,2021-07-30,0.21999999999999886,0.4121421393063709,0.5233339178299361,0.19214213930637203,0.30333391782993724,1,1,1
1,all_real,2021-07-31,2021-08-31,0.1599999999999966,0.3898414292112218,0.5660662340380624,0.2298414292112252,0.40606623403806585,1,1,1
1,all_real,2021-08-31,2021-09-30,0.730000000000004,0.4828253730776144,0.4607972586882419,0.24717462692238956,0.2692027413117621,1,1,1
1,all_real,2021-09-30,2021-10-30,0.9200000000000017,0.39454735844656735,0.44539275151325153,0.5254526415534344,0.4746072484867502,1,1,1
1,all_real,2021-10-31,2021-11-30,0.8599999999999994,0.5424262598132636,0.6188602102393264,0.3175737401867358,0.24113978976067307,1,1,1
1,all_real,2021-11-30,2021-12-30,0.20999999999999375,0.4570597768241825,0.6769836040520857,0.24705977682418873,0.46698360405209194,1,1,1
1,all_real,2021-12-31,2022-01-31,1.2199999999999989,0.6536486480173772,0.6551831667399071,0.5663513519826217,0.5648168332600918,1,1,1
1,all_real,2022-01-31,2022-02-28,0.9399999999999977,0.4316195346520891,0.467176329310473,0.5083804653479087,0.47282367068952474,1,1,1
1,all_real,2022-02-28,2022-03-28,5.549999999999997,0.951629202147064,0.7679262453545015,4.598370797852933,4.782073754645496,1,1,1
1,all_real,2022-03-31,2022-04-30,3.280000000000001,0.8497568744293842,0.7364824805497581,2.430243125570617,2.5435175194502433,1,1,1
1,all_real,2022-04-30,2022-05-30,0.6800000000000068,4.084226555542602,2.4134217398737117,3.4042265555425955,1.7334217398737048,1,1,1
1,all_real,2022-05-31,2022-06-30,-0.6800000000000068,-0.5471865760391882,1.3175191628998495,0.13281342396081863,1.9975191628998563,1,1,1
1,all_real,2022-06-30,2022-07-30,-0.769999999999996,-0.5649501892259486,0.6328872092753983,0.20504981077404738,1.4028872092753943,1,1,1
1,all_real,2022-07-31,2022-08-31,-0.5699999999999932,-0.33200079892041257,0.3528888988994352,0.2379992010795806,0.9228888988994284,1,1,1
1,all_real,2022-08-31,2022-09-30,0.3299999999999983,0.2973980690406487,0.31045045456204656,0.0326019309593496,0.019549545437951732,1,1,1
1,all_real,2022-09-30,2022-10-30,0.6599999999999966,0.5282398011762715,0.3533290394114062,0.13176019882372514,0.3066709605885904,1,1,1
1,all_real,2022-10-31,2022-11-30,0.2600000000000051,0.38460582492648177,0.546999885546881,0.12460582492647665,0.28699988554687583,1,1,1
1,all_real,2022-11-30,2022-12-30,0.5699999999999932,0.6328541275717892,0.6137840827245774,0.06285412757179598,0.04378408272458423,1,1,1
1,all_real,2022-12-31,2023-01-31,1.1299999999999955,0.6483804073392746,0.5299865465291306,0.48161959266072085,0.6000134534708649,1,1,1
1,all_real,2023-01-31,2023-02-28,0.75,1.0923750691630558,0.5986771158783584,0.3423750691630558,0.15132288412164163,1,1,1
1,all_real,2023-02-28,2023-03-28,0.39000000000000057,1.0657153302532916,0.7152942378495789,0.675715330253291,0.32529423784957834,1,1,1
1,all_real,2023-03-31,2023-04-30,0.7199999999999989,0.8791039198619147,0.6345203514499975,0.15910391986191585,0.08547964855000134,1,1,1
1,all_real,2023-04-30,2023-05-30,-0.25,0.7335690036985765,0.5613133997763556,0.9835690036985765,0.8113133997763556,1,1,1
1,all_real,2023-05-31,2023-06-30,0.4300000000000068,0.9594006022965245,0.6240237279686651,0.5294006022965176,0.1940237279686583,1,1,1
1,all_real,2023-06-30,2023-07-30,0.5,0.2779258688456499,0.42239493453085364,0.2220741311543501,0.07760506546914636,1,1,1
1,all_real,2023-07-31,2023-08-31,-0.06999999999999318,0.7122258617329023,0.5634847989304556,0.7822258617328954,0.6334847989304487,1,1,1
1,all_real,2023-08-31,2023-09-30,1.75,0.9419098488414047,0.5738578490131099,0.8080901511585953,1.1761421509868901,1,1,1
1,all_real,2023-09-30,2023-10-30,0.45999999999999375,0.6584429325213104,0.46394001044310185,0.19844293252131662,0.0039400104431080996,1,1,1
1,all_real,2023-10-31,2023-11-30,0.7399999999999949,0.8046317074080831,0.8384184945655774,0.06463170740808821,0.09841849456558249,1,1,1
1,all_real,2023-11-30,2023-12-30,0.29000000000000625,0.5248334100395979,0.5725371923666336,0.23483341003959168,0.28253719236662733,1,1,1
1,all_real,2023-12-31,2024-01-31,0.8700000000000045,0.3308379635304326,0.628193516348731,0.539162036469572,0.24180648365127355,1,1,1
1,all_real,2024-01-31,2024-02-29,0.5300000000000011,0.5908322417205509,0.5372528554302838,0.060832241720549796,0.007252855430282645,1,1,1
1,all_real,2024-02-29,2024-03-29,0.5300000000000011,0.5276813920806713,0.6563452426108033,0.002318607919329807,0.12634524261080216,1,1,1
1,all_real,2024-03-31,2024-04-30,0.37999999999999545,0.6751528492207224,0.5857820832750568,0.29515284922072693,0.2057820832750613,1,1,1
1,all_real,2024-04-30,2024-05-30,0.9399999999999977,0.5480838170870872,0.5845577553977048,0.3919161829129105,0.3554422446022929,1,1,1
1,all_real,2024-05-31,2024-06-30,0.18000000000000682,0.5725384726259383,0.5559144176851901,0.39253847262593144,0.3759144176851833,1,1,1
1,all_real,2024-06-30,2024-07-30,1.0699999999999932,0.52481845930553,0.6687989208218226,0.5451815406944632,0.4012010791781706,1,1,1
1,all_real,2024-07-31,2024-08-31,0.09000000000000341,0.2868939116600371,0.5141101033778741,0.19689391166003367,0.4241101033778707,1,1,1
1,all_real,2024-08-31,2024-09-30,0.6200000000000045,0.6274783688724923,0.6968845305294492,0.007478368872487762,0.07688453052944466,1,1,1
1,all_real,2024-09-30,2024-10-30,1.019999999999996,0.5562562402573481,0.4918253910211487,0.4637437597426479,0.5281746089788473,1,1,1
1,all_real,2024-10-31,2024-11-30,1.5,0.8092451191567788,0.6053711716195785,0.6907548808432212,0.8946288283804215,1,1,1
1,all_real,2024-11-30,2024-12-30,0.9099999999999966,0.9005334207487014,0.6928249306864104,0.009466579251295237,0.2171750693135862,1,1,1
1,all_real,2024-12-31,2025-01-31,0.8400000000000034,0.8942891140841971,0.7937073066166639,0.05428911408419368,0.04629269338333952,1,1,1
1,all_real,2025-01-31,2025-02-28,1.3400000000000034,0.6723222346378585,0.6720261623268013,0.667677765362145,0.6679738376732021,1,1,1
1,all_real,2025-02-28,2025-03-28,0.8100000000000023,0.5218913486868954,0.6616542734356966,0.2881086513131069,0.14834572656430567,1,1,1
1,all_real,2025-03-31,2025-04-30,0.5300000000000011,0.351695030863832,0.7673093776803493,0.1783049691361691,0.2373093776803482,1,1,1
1,all_real,2025-04-30,2025-05-30,-0.06999999999999318,0.3052657039208631,0.6546437707872811,0.3752657039208563,0.7246437707872743,1,1,1
1,all_real,2025-05-31,2025-06-30,-0.04000000000000625,0.43845039283834336,0.5926075299073235,0.4784503928383496,0.6326075299073297,1,1,1
1,all_real,2025-06-30,2025-07-30,0.35999999999999943,0.3362015717339769,0.46484180328887076,0.02379842826602252,0.10484180328887133,1,1,1
1,all_real,2025-07-31,2025-08-31,-0.5699999999999932,0.38289092794533597,0.47002281918661143,0.9528909279453291,1.0400228191866046,1,1,1
1,all_real,2025-08-31,2025-09-30,1.0,0.5591036730986941,0.5458610176810805,0.44089632690130587,0.45413898231891947,1,1,1
1,all_real,2025-09-30,2025-10-30,0.5300000000000011,0.42691511532483106,0.35017285213968513,0.10308488467517007,0.179827147860316,1,1,1
1,all_real,2025-10-31,2025-11-30,0.15000000000000568,0.8557039463971623,0.6852743346125226,0.7057039463971566,0.5352743346125169,1,1,1
1,all_real,2025-11-30,2025-12-30,0.29000000000000625,0.4546745494069423,0.5832893790537549,0.16467454940693604,0.29328937905374863,1,1,1
1,all_real,2025-12-31,2026-01-31,1.5699999999999932,0.46749990272752984,0.5021027990024022,1.1025000972724635,1.067897200997591,1,1,1
1,all_real,2026-01-31,2026-02-28,1.0999999999999943,0.43570467103814176,0.5385143907065009,0.6642953289618525,0.5614856092934934,1,1,1
1,all_real,2026-02-28,2026-03-28,0.5400000000000063,0.7369668165743029,0.8020385832586261,0.1969668165742966,0.26203858325861984,1,1,1
1,all_real,2026-03-31,2026-04-30,-0.28000000000000114,0.6634958045229055,0.7040280632231986,0.9434958045229066,0.9840280632231997,1,1,1
1,all_real,2026-04-30,2026-05-30,0.09000000000000341,0.7643503497698636,0.5868412936839087,0.6743503497698602,0.4968412936839053,1,1,1
1,Ruonia,2016-02-29,2016-03-29,0.25,0.8886322198150294,0.7590023507639526,0.6386322198150294,0.5090023507639526,1,1,1
1,Ruonia,2016-03-31,2016-04-30,1.0900000000000034,0.6742942304593209,0.7125548458588296,0.4157057695406825,0.37744515414117386,1,2,1
1,Ruonia,2016-04-30,2016-05-30,0.20999999999999375,0.7303067240275003,0.6324694524888218,0.5203067240275066,0.42246945248882806,1,2,1
1,Ruonia,2016-05-31,2016-06-30,0.23999999999999488,0.7269397135487943,0.8224179540730009,0.4869397135487994,0.582417954073006,1,2,1
1,Ruonia,2016-06-30,2016-07-30,0.6099999999999994,0.8565778675010705,0.6095554632993245,0.24657786750107102,0.00044453670067490236,1,2,1
1,Ruonia,2016-07-31,2016-08-31,0.09000000000000341,0.46620460932768226,0.616510167771033,0.37620460932767885,0.5265101677710295,1,2,1
1,Ruonia,2016-08-31,2016-09-30,-0.12999999999999545,0.5810117482888069,0.6944939737319613,0.7110117482888023,0.8244939737319568,1,2,1
1,Ruonia,2016-09-30,2016-10-30,0.5999999999999943,0.612992462350737,0.5584656346021161,0.012992462350742695,0.04153436539787825,1,2,1
1,Ruonia,2016-10-31,2016-11-30,0.29000000000000625,0.5371299872576409,0.5065772238998854,0.2471299872576347,0.2165772238998791,1,2,1
1,Ruonia,2016-11-30,2016-12-30,1.3299999999999983,0.7214558721496515,0.6786123323137393,0.6085441278503468,0.651387667686259,1,2,1
1,Ruonia,2016-12-31,2017-01-31,0.46999999999999886,0.5170204228775485,0.6116562449162964,0.047020422877549595,0.14165624491629758,1,2,1
1,Ruonia,2017-01-31,2017-02-28,0.3299999999999983,0.8842226682323141,0.8629624260594635,0.5542226682323158,0.5329624260594652,1,2,1
1,Ruonia,2017-02-28,2017-03-28,0.20000000000000284,0.6197571623489884,0.64879402569384,0.4197571623489855,0.4487940256938372,1,2,1
1,Ruonia,2017-03-31,2017-04-30,0.769999999999996,0.6759467439837391,0.6093190168758387,0.09405325601625691,0.16068098312415735,1,2,1
1,Ruonia,2017-04-30,2017-05-30,0.45999999999999375,0.4858778632984267,0.5808389186489991,0.025877863298432946,0.12083891864900531,1,2,1
1,Ruonia,2017-05-31,2017-06-30,0.5799999999999983,0.5214783933612495,0.7150941934737118,0.058521606638748835,0.13509419347371354,1,2,1
1,Ruonia,2017-06-30,2017-07-30,-0.480000000000004,0.4755375663706508,0.639426245450748,0.9555375663706548,1.119426245450752,1,2,1
1,Ruonia,2017-07-31,2017-08-31,-0.5100000000000051,0.6489739624337445,0.6546491377554177,1.1589739624337496,1.164649137755423,1,2,1
1,Ruonia,2017-08-31,2017-09-30,-0.14000000000000057,0.37807866829013065,0.37710062545144574,0.5180786682901313,0.5171006254514463,1,2,1
1,Ruonia,2017-09-30,2017-10-30,0.1599999999999966,0.2590211529562566,0.3477572132512409,0.09902115295626002,0.18775721325124434,1,2,1
1,Ruonia,2017-10-31,2017-11-30,0.18000000000000682,0.4063132196644284,0.4388960198537129,0.22631321966442158,0.2588960198537061,1,2,1
1,Ruonia,2017-11-30,2017-12-30,0.4399999999999977,0.40912944165450366,0.5139897498824616,0.03087055834549407,0.07398974988246387,1,2,1
1,Ruonia,2017-12-31,2018-01-31,-0.030000000000001137,0.5453596139698678,0.5182454926651985,0.5753596139698689,0.5482454926651996,1,2,1
1,Ruonia,2018-01-31,2018-02-28,0.3400000000000034,0.49565114540512933,0.582050280113199,0.15565114540512592,0.24205028011319563,1,2,1
1,Ruonia,2018-02-28,2018-03-28,0.0799999999999983,0.18705358496651814,0.4480571795603897,0.10705358496651984,0.3680571795603914,1,2,1
1,Ruonia,2018-03-31,2018-04-30,0.5,0.6061653513754993,0.5458972623899677,0.10616535137549932,0.04589726238996772,1,2,1
1,Ruonia,2018-04-30,2018-05-30,0.09000000000000341,0.5122099292986854,0.4713238065321401,0.42220992929868195,0.3813238065321367,1,2,1
1,Ruonia,2018-05-31,2018-06-30,0.6400000000000006,0.5855182515058636,0.5863618109862392,0.054481748494137006,0.053638189013761384,1,2,1
1,Ruonia,2018-06-30,2018-07-30,0.12000000000000455,0.5075930645564459,0.4684728249527239,0.3875930645564414,0.34847282495271936,1,2,1
1,Ruonia,2018-07-31,2018-08-31,-0.04999999999999716,0.6090844107804858,0.6239020182727284,0.659084410780483,0.6739020182727256,1,2,1
1,Ruonia,2018-08-31,2018-09-30,-0.29999999999999716,0.5007215819477647,0.46501870544211465,0.8007215819477619,0.7650187054421118,1,2,1
1,Ruonia,2018-09-30,2018-10-30,0.09000000000000341,0.4536917826228109,0.4023406876575512,0.3636917826228075,0.3123406876575478,1,2,1
1,Ruonia,2018-10-31,2018-11-30,0.8700000000000045,0.3942210261537617,0.32020935862428984,0.47577897384624285,0.5497906413757148,1,2,1
1,Ruonia,2018-11-30,2018-12-30,1.0799999999999983,0.48536010774958704,0.44966634950553674,0.5946398922504113,0.6303336504944616,1,2,1
1,Ruonia,2018-12-31,2019-01-31,1.1400000000000006,0.64574754017179,0.6841775931012954,0.49425245982821053,0.4558224068987051,1,2,1
1,Ruonia,2019-01-31,2019-02-28,0.7099999999999937,0.6925815653417178,0.7500640456700117,0.017418434658275972,0.04006404567001798,1,2,1
1,Ruonia,2019-02-28,2019-03-28,0.5499999999999972,0.7046603598399155,0.7669638269171146,0.15466035983991833,0.21696382691711746,1,2,1
1,Ruonia,2019-03-31,2019-04-30,0.5900000000000034,0.7501814887078011,0.6398862538913717,0.1601814887077977,0.04988625389136825,1,2,1
1,Ruonia,2019-04-30,2019-05-30,0.5300000000000011,0.629268915117691,0.5932972464194851,0.09926891511768987,0.06329724641948398,1,2,1
1,Ruonia,2019-05-31,2019-06-30,-0.4099999999999966,0.6360978077497669,0.6042555039085644,1.0460978077497636,1.014255503908561,1,2,1
1,Ruonia,2019-06-30,2019-07-30,-0.0799999999999983,0.5271418917091529,0.5778187932667069,0.6071418917091512,0.6578187932667052,1,2,1
1,Ruonia,2019-07-31,2019-08-31,-0.1700000000000017,0.33563625116134593,0.2988824144424903,0.5056362511613477,0.468882414442492,1,2,1
1,Ruonia,2019-08-31,2019-09-30,-0.3199999999999932,0.3019936972046321,0.38427020727168076,0.6219936972046253,0.704270207271674,1,2,1
1,Ruonia,2019-09-30,2019-10-30,0.29999999999999716,0.35939403467984804,0.34407786974245835,0.05939403467985088,0.044077869742461195,1,2,1
1,Ruonia,2019-10-31,2019-11-30,0.39000000000000057,0.2380730872608643,0.29683085783936086,0.15192691273913628,0.0931691421606397,1,2,1
1,Ruonia,2019-11-30,2019-12-30,0.4099999999999966,0.5068421816255748,0.48978629087075776,0.09684218162557823,0.07978629087076117,1,2,1
1,Ruonia,2019-12-31,2020-01-31,0.5,0.3497760223224321,0.5167093720220681,0.1502239776775679,0.016709372022068125,1,2,1
1,Ruonia,2020-01-31,2020-02-29,0.4000000000000057,0.4441972342154705,0.5227188595896106,0.04419723421546484,0.12271885958960493,1,2,1
1,Ruonia,2020-02-29,2020-03-29,0.6700000000000017,0.4634440646108637,0.5493898799531858,0.20655593538913802,0.12061012004681593,1,2,1
1,Ruonia,2020-03-31,2020-04-30,1.2999999999999972,0.4882490441878069,0.5195720740513387,0.8117509558121903,0.7804279259486585,1,2,1
1,Ruonia,2020-04-30,2020-05-30,0.12000000000000455,0.5546511482934254,0.6090054720155187,0.4346511482934209,0.48900547201551414,1,2,1
1,Ruonia,2020-05-31,2020-06-30,0.010000000000005116,0.7707312474619641,0.797095893928031,0.760731247461959,0.7870958939280259,1,2,1
1,Ruonia,2020-06-30,2020-07-30,-0.15000000000000568,0.25485170570418564,0.43562055652824716,0.4048517057041913,0.5856205565282528,1,2,1
1,Ruonia,2020-07-31,2020-08-31,0.10999999999999943,0.22586278536496135,0.3956016610321082,0.11586278536496192,0.28560166103210877,1,2,1
1,Ruonia,2020-08-31,2020-09-30,0.12999999999999545,0.10255147847391406,0.3431759528562957,0.02744852152608139,0.21317595285630025,1,2,1
1,Ruonia,2020-09-30,2020-10-30,0.5,0.4220418433666798,0.41896256601363785,0.07795815663332017,0.08103743398636215,1,2,1
1,Ruonia,2020-10-31,2020-11-30,0.7800000000000011,0.5160995439306201,0.4260068626438948,0.26390045606938106,0.3539931373561063,1,2,1
1,Ruonia,2020-11-30,2020-12-30,0.9000000000000057,0.5509252524081906,0.5418066174233351,0.3490747475918151,0.35819338257667055,1,2,1
1,Ruonia,2020-12-31,2021-01-31,0.5999999999999943,0.5685787888012869,0.6290963996535449,0.031421211198707444,0.029096399653550598,1,2,1
1,Ruonia,2021-01-31,2021-02-28,1.0300000000000011,0.6378364649665025,0.6650550363207812,0.39216353503349866,0.3649449636792199,1,2,1
1,Ruonia,2021-02-28,2021-03-28,1.3100000000000023,0.6721417258290621,0.5773582273501068,0.6378582741709402,0.7326417726498955,1,2,1
1,Ruonia,2021-03-31,2021-04-30,0.8599999999999994,0.5489473344251489,0.7135829251582541,0.31105266557485056,0.14641707484174538,1,2,1
1,Ruonia,2021-04-30,2021-05-30,0.4099999999999966,0.8368157950840873,0.8006136043280879,0.42681579508409073,0.39061360432809134,1,2,1
1,Ruonia,2021-05-31,2021-06-30,0.5600000000000023,0.7762612184174824,0.6591051975341841,0.21626121841748014,0.09910519753418179,1,2,1
1,Ruonia,2021-06-30,2021-07-30,0.21999999999999886,0.6801480933210718,0.5233339178299361,0.460148093321073,0.30333391782993724,1,2,1
1,Ruonia,2021-07-31,2021-08-31,0.1599999999999966,0.7033099118048942,0.5660662340380624,0.5433099118048976,0.40606623403806585,1,2,1
1,Ruonia,2021-08-31,2021-09-30,0.730000000000004,0.8001877818616759,0.4607972586882419,0.07018778186167196,0.2692027413117621,1,2,1
1,Ruonia,2021-09-30,2021-10-30,0.9200000000000017,0.6981406435291367,0.44539275151325153,0.22185935647086497,0.4746072484867502,1,2,1
1,Ruonia,2021-10-31,2021-11-30,0.8599999999999994,0.7291011072479837,0.6188602102393264,0.13089889275201572,0.24113978976067307,1,2,1
1,Ruonia,2021-11-30,2021-12-30,0.20999999999999375,0.7245133144010878,0.6769836040520857,0.514513314401094,0.46698360405209194,1,2,1
1,Ruonia,2021-12-31,2022-01-31,1.2199999999999989,0.8377795219835655,0.6551831667399071,0.38222047801643333,0.5648168332600918,1,2,1
1,Ruonia,2022-01-31,2022-02-28,0.9399999999999977,0.6226832683394123,0.467176329310473,0.3173167316605854,0.47282367068952474,1,2,1
1,Ruonia,2022-02-28,2022-03-28,5.549999999999997,1.002827089326588,0.7679262453545015,4.547172910673409,4.782073754645496,1,2,1
1,Ruonia,2022-03-31,2022-04-30,3.280000000000001,1.2692843963260751,0.7364824805497581,2.010715603673926,2.5435175194502433,1,2,1
1,Ruonia,2022-04-30,2022-05-30,0.6800000000000068,7.362061097579456,2.4134217398737117,6.682061097579449,1.7334217398737048,1,2,1
1,Ruonia,2022-05-31,2022-06-30,-0.6800000000000068,1.3243851872581456,1.3175191628998495,2.004385187258152,1.9975191628998563,1,1,1
1,Ruonia,2022-06-30,2022-07-30,-0.769999999999996,-0.2157349554163964,0.6328872092753983,0.5542650445835996,1.4028872092753943,1,2,1
1,Ruonia,2022-07-31,2022-08-31,-0.5699999999999932,-0.33485181486126775,0.3528888988994352,0.23514818513872543,0.9228888988994284,1,2,1
1,Ruonia,2022-08-31,2022-09-30,0.3299999999999983,0.2876294142095042,0.31045045456204656,0.042370585790494075,0.019549545437951732,1,2,1
1,Ruonia,2022-09-30,2022-10-30,0.6599999999999966,0.26141187050161435,0.3533290394114062,0.39858812949838224,0.3066709605885904,1,2,1
1,Ruonia,2022-10-31,2022-11-30,0.2600000000000051,0.5246204156127439,0.546999885546881,0.26462041561273875,0.28699988554687583,1,2,1
1,Ruonia,2022-11-30,2022-12-30,0.5699999999999932,0.594511674296598,0.6137840827245774,0.024511674296604835,0.04378408272458423,1,2,1
1,Ruonia,2022-12-31,2023-01-31,1.1299999999999955,0.48031407299989876,0.5299865465291306,0.6496859270000968,0.6000134534708649,1,2,1
1,Ruonia,2023-01-31,2023-02-28,0.75,0.5974223877075548,0.5986771158783584,0.15257761229244515,0.15132288412164163,1,2,1
1,Ruonia,2023-02-28,2023-03-28,0.39000000000000057,0.588395633054994,0.7152942378495789,0.19839563305499341,0.32529423784957834,1,2,1
1,Ruonia,2023-03-31,2023-04-30,0.7199999999999989,0.6370963748358085,0.6345203514499975,0.08290362516419036,0.08547964855000134,1,2,1
1,Ruonia,2023-04-30,2023-05-30,-0.25,0.624977453468012,0.5613133997763556,0.874977453468012,0.8113133997763556,1,2,1
1,Ruonia,2023-05-31,2023-06-30,0.4300000000000068,0.5664867688790883,0.6240237279686651,0.1364867688790815,0.1940237279686583,1,2,1
1,Ruonia,2023-06-30,2023-07-30,0.5,0.5416344853742198,0.42239493453085364,0.041634485374219765,0.07760506546914636,1,2,1
1,Ruonia,2023-07-31,2023-08-31,-0.06999999999999318,0.5996371585005694,0.5634847989304556,0.6696371585005626,0.6334847989304487,1,2,1
1,Ruonia,2023-08-31,2023-09-30,1.75,0.6771617046593207,0.5738578490131099,1.0728382953406794,1.1761421509868901,1,2,1
1,Ruonia,2023-09-30,2023-10-30,0.45999999999999375,1.0239847169992449,0.46394001044310185,0.5639847169992511,0.0039400104431080996,1,2,1
1,Ruonia,2023-10-31,2023-11-30,0.7399999999999949,1.0074796166271107,0.8384184945655774,0.26747961662711583,0.09841849456558249,1,2,1
1,Ruonia,2023-11-30,2023-12-30,0.29000000000000625,0.6348491434897695,0.5725371923666336,0.34484914348976325,0.28253719236662733,1,2,1
1,Ruonia,2023-12-31,2024-01-31,0.8700000000000045,0.8172354683233884,0.628193516348731,0.0527645316766161,0.24180648365127355,1,2,1
1,Ruonia,2024-01-31,2024-02-29,0.5300000000000011,0.4659877369307371,0.5372528554302838,0.06401226306926405,0.007252855430282645,1,2,1
1,Ruonia,2024-02-29,2024-03-29,0.5300000000000011,0.5759650387632687,0.6563452426108033,0.04596503876326752,0.12634524261080216,1,2,1
1,Ruonia,2024-03-31,2024-04-30,0.37999999999999545,0.4369669162434842,0.5857820832750568,0.05696691624348876,0.2057820832750613,1,2,1
1,Ruonia,2024-04-30,2024-05-30,0.9399999999999977,0.37752236407546685,0.5845577553977048,0.5624776359245309,0.3554422446022929,1,2,1
1,Ruonia,2024-05-31,2024-06-30,0.18000000000000682,0.44701952393758376,0.5559144176851901,0.26701952393757694,0.3759144176851833,1,2,1
1,Ruonia,2024-06-30,2024-07-30,1.0699999999999932,0.506741900129071,0.6687989208218226,0.5632580998709221,0.4012010791781706,1,2,1
1,Ruonia,2024-07-31,2024-08-31,0.09000000000000341,0.37773255865964694,0.5141101033778741,0.28773255865964353,0.4241101033778707,1,2,1
1,Ruonia,2024-08-31,2024-09-30,0.6200000000000045,0.567656304138781,0.6968845305294492,0.05234369586122356,0.07688453052944466,1,2,1
1,Ruonia,2024-09-30,2024-10-30,1.019999999999996,0.6836350477970289,0.4918253910211487,0.33636495220296714,0.5281746089788473,1,2,1
1,Ruonia,2024-10-31,2024-11-30,1.5,0.565545034715621,0.6053711716195785,0.934454965284379,0.8946288283804215,1,2,1
1,Ruonia,2024-11-30,2024-12-30,0.9099999999999966,0.6066669614781396,0.6928249306864104,0.303333038521857,0.2171750693135862,1,2,1
1,Ruonia,2024-12-31,2025-01-31,0.8400000000000034,0.9131729560384678,0.7937073066166639,0.07317295603846441,0.04629269338333952,1,2,1
1,Ruonia,2025-01-31,2025-02-28,1.3400000000000034,0.5648045171725145,0.6720261623268013,0.775195482827489,0.6679738376732021,1,2,1
1,Ruonia,2025-02-28,2025-03-28,0.8100000000000023,0.4790365353417898,0.6616542734356966,0.33096346465821247,0.14834572656430567,1,2,1
1,Ruonia,2025-03-31,2025-04-30,0.5300000000000011,0.5991106510858369,0.7673093776803493,0.0691106510858358,0.2373093776803482,1,2,1
1,Ruonia,2025-04-30,2025-05-30,-0.06999999999999318,0.6522641501689772,0.6546437707872811,0.7222641501689704,0.7246437707872743,1,2,1
1,Ruonia,2025-05-31,2025-06-30,-0.04000000000000625,0.4299874344174046,0.5926075299073235,0.46998743441741087,0.6326075299073297,1,2,1
1,Ruonia,2025-06-30,2025-07-30,0.35999999999999943,0.3773246776131276,0.46484180328887076,0.01732467761312817,0.10484180328887133,1,2,1
1,Ruonia,2025-07-31,2025-08-31,-0.5699999999999932,0.2238534207138347,0.47002281918661143,0.7938534207138279,1.0400228191866046,1,2,1
1,Ruonia,2025-08-31,2025-09-30,1.0,0.2524738653613587,0.5458610176810805,0.7475261346386413,0.45413898231891947,1,2,1
1,Ruonia,2025-09-30,2025-10-30,0.5300000000000011,0.061043643678088,0.35017285213968513,0.4689563563219131,0.179827147860316,1,2,1
1,Ruonia,2025-10-31,2025-11-30,0.15000000000000568,0.436358674444417,0.6852743346125226,0.2863586744444113,0.5352743346125169,1,2,1
1,Ruonia,2025-11-30,2025-12-30,0.29000000000000625,0.3573765022793973,0.5832893790537549,0.06737650227939107,0.29328937905374863,1,2,1
1,Ruonia,2025-12-31,2026-01-31,1.5699999999999932,0.4194252728251969,0.5021027990024022,1.1505747271747961,1.067897200997591,1,2,1
1,Ruonia,2026-01-31,2026-02-28,1.0999999999999943,0.4288611912135282,0.5385143907065009,0.671138808786466,0.5614856092934934,1,2,1
1,Ruonia,2026-02-28,2026-03-28,0.5400000000000063,0.6320657856450898,0.8020385832586261,0.0920657856450835,0.26203858325861984,1,2,1
1,Ruonia,2026-03-31,2026-04-30,-0.28000000000000114,0.4729585484057936,0.7040280632231986,0.7529585484057948,0.9840280632231997,1,2,1
1,Ruonia,2026-04-30,2026-05-30,0.09000000000000341,0.44277350685667766,0.5868412936839087,0.35277350685667425,0.4968412936839053,1,2,1
1,Ki,2016-02-29,2016-03-29,0.25,0.7600934237295002,0.7590023507639526,0.5100934237295002,0.5090023507639526,1,1,1
1,Ki,2016-03-31,2016-04-30,1.0900000000000034,0.7135118968727738,0.7125548458588296,0.3764881031272296,0.37744515414117386,1,1,1
1,Ki,2016-04-30,2016-05-30,0.20999999999999375,0.6336856310122484,0.6324694524888218,0.42368563101225465,0.42246945248882806,1,1,1
1,Ki,2016-05-31,2016-06-30,0.23999999999999488,0.8231765502613028,0.8224179540730009,0.5831765502613079,0.582417954073006,1,1,1
1,Ki,2016-06-30,2016-07-30,0.6099999999999994,0.6103668773747795,0.6095554632993245,0.000366877374780028,0.00044453670067490236,1,1,1
1,Ki,2016-07-31,2016-08-31,0.09000000000000341,0.6172981578486094,0.616510167771033,0.527298157848606,0.5265101677710295,1,1,1
1,Ki,2016-08-31,2016-09-30,-0.12999999999999545,0.6946389596194588,0.6944939737319613,0.8246389596194542,0.8244939737319568,1,1,1
1,Ki,2016-09-30,2016-10-30,0.5999999999999943,0.5586549699296591,0.5584656346021161,0.04134503007033519,0.04153436539787825,1,1,1
1,Ki,2016-10-31,2016-11-30,0.29000000000000625,0.506189017657234,0.5065772238998854,0.21618901765722776,0.2165772238998791,1,1,1
1,Ki,2016-11-30,2016-12-30,1.3299999999999983,0.6780639009184904,0.6786123323137393,0.6519360990815078,0.651387667686259,1,1,1
1,Ki,2016-12-31,2017-01-31,0.46999999999999886,0.6112245889570321,0.6116562449162964,0.14122458895703327,0.14165624491629758,1,1,1
1,Ki,2017-01-31,2017-02-28,0.3299999999999983,0.8622871834011986,0.8629624260594635,0.5322871834012003,0.5329624260594652,1,1,1
1,Ki,2017-02-28,2017-03-28,0.20000000000000284,0.6476161816898259,0.64879402569384,0.4476161816898231,0.4487940256938372,1,1,1
1,Ki,2017-03-31,2017-04-30,0.769999999999996,0.607771343280797,0.6093190168758387,0.16222865671919906,0.16068098312415735,1,1,1
1,Ki,2017-04-30,2017-05-30,0.45999999999999375,0.5782976812160252,0.5808389186489991,0.11829768121603146,0.12083891864900531,1,1,1
1,Ki,2017-05-31,2017-06-30,0.5799999999999983,0.7120527883797375,0.7150941934737118,0.13205278837973922,0.13509419347371354,1,1,1
1,Ki,2017-06-30,2017-07-30,-0.480000000000004,0.6353481524951266,0.639426245450748,1.1153481524951305,1.119426245450752,1,1,1
1,Ki,2017-07-31,2017-08-31,-0.5100000000000051,0.6456040038418321,0.6546491377554177,1.1556040038418374,1.164649137755423,1,1,1
1,Ki,2017-08-31,2017-09-30,-0.14000000000000057,0.35934332378241124,0.37710062545144574,0.4993433237824118,0.5171006254514463,1,1,1
1,Ki,2017-09-30,2017-10-30,0.1599999999999966,0.3275974481489706,0.3477572132512409,0.16759744814897404,0.18775721325124434,1,1,1
1,Ki,2017-10-31,2017-11-30,0.18000000000000682,0.41409901606415755,0.4388960198537129,0.23409901606415073,0.2588960198537061,1,1,1
1,Ki,2017-11-30,2017-12-30,0.4399999999999977,0.48313069256936114,0.5139897498824616,0.043130692569363416,0.07398974988246387,1,1,1
1,Ki,2017-12-31,2018-01-31,-0.030000000000001137,0.4873283707175261,0.5182454926651985,0.5173283707175272,0.5482454926651996,1,1,1
1,Ki,2018-01-31,2018-02-28,0.3400000000000034,0.5447725035244105,0.582050280113199,0.20477250352440712,0.24205028011319563,1,1,1
1,Ki,2018-02-28,2018-03-28,0.0799999999999983,0.4116585106595594,0.4480571795603897,0.3316585106595611,0.3680571795603914,1,1,1
1,Ki,2018-03-31,2018-04-30,0.5,0.5046997279520363,0.5458972623899677,0.0046997279520363255,0.04589726238996772,1,1,1
1,Ki,2018-04-30,2018-05-30,0.09000000000000341,0.43242390218745597,0.4713238065321401,0.34242390218745256,0.3813238065321367,1,1,1
1,Ki,2018-05-31,2018-06-30,0.6400000000000006,0.5471337708155268,0.5863618109862392,0.09286622918447374,0.053638189013761384,1,1,1
1,Ki,2018-06-30,2018-07-30,0.12000000000000455,0.43367726866728856,0.4684728249527239,0.313677268667284,0.34847282495271936,1,1,1
1,Ki,2018-07-31,2018-08-31,-0.04999999999999716,0.5828237449079101,0.6239020182727284,0.6328237449079073,0.6739020182727256,1,1,1
1,Ki,2018-08-31,2018-09-30,-0.29999999999999716,0.43095476131821936,0.46501870544211465,0.7309547613182166,0.7650187054421118,1,1,1
1,Ki,2018-09-30,2018-10-30,0.09000000000000341,0.3676727905608022,0.4023406876575512,0.2776727905607988,0.3123406876575478,1,1,1
1,Ki,2018-10-31,2018-11-30,0.8700000000000045,0.2882306263408829,0.32020935862428984,0.5817693736591216,0.5497906413757148,1,1,1
1,Ki,2018-11-30,2018-12-30,1.0799999999999983,0.41547656943092803,0.44966634950553674,0.6645234305690703,0.6303336504944616,1,1,1
1,Ki,2018-12-31,2019-01-31,1.1400000000000006,0.6439795419226436,0.6841775931012954,0.49602045807735695,0.4558224068987051,1,1,1
1,Ki,2019-01-31,2019-02-28,0.7099999999999937,0.7110277401147768,0.7500640456700117,0.0010277401147830156,0.04006404567001798,1,1,1
1,Ki,2019-02-28,2019-03-28,0.5499999999999972,0.7220970504548321,0.7669638269171146,0.17209705045483492,0.21696382691711746,1,1,1
1,Ki,2019-03-31,2019-04-30,0.5900000000000034,0.5925856863210776,0.6398862538913717,0.002585686321074143,0.04988625389136825,1,1,1
1,Ki,2019-04-30,2019-05-30,0.5300000000000011,0.5479977882576306,0.5932972464194851,0.017997788257629432,0.06329724641948398,1,1,1
1,Ki,2019-05-31,2019-06-30,-0.4099999999999966,0.5528823725825684,0.6042555039085644,0.962882372582565,1.014255503908561,1,1,1
1,Ki,2019-06-30,2019-07-30,-0.0799999999999983,0.5037725456290228,0.5778187932667069,0.5837725456290211,0.6578187932667052,1,1,1
1,Ki,2019-07-31,2019-08-31,-0.1700000000000017,0.2297272455605518,0.2988824144424903,0.3997272455605535,0.468882414442492,1,1,1
1,Ki,2019-08-31,2019-09-30,-0.3199999999999932,0.2996839368272231,0.38427020727168076,0.6196839368272162,0.704270207271674,1,1,1
1,Ki,2019-09-30,2019-10-30,0.29999999999999716,0.25453510620970526,0.34407786974245835,0.045464893790291894,0.044077869742461195,1,1,1
1,Ki,2019-10-31,2019-11-30,0.39000000000000057,0.20343102290560258,0.29683085783936086,0.186568977094398,0.0931691421606397,1,1,1
1,Ki,2019-11-30,2019-12-30,0.4099999999999966,0.3882465246245222,0.48978629087075776,0.021753475375474396,0.07978629087076117,1,1,1
1,Ki,2019-12-31,2020-01-31,0.5,0.39697673953286683,0.5167093720220681,0.10302326046713317,0.016709372022068125,1,1,1
1,Ki,2020-01-31,2020-02-29,0.4000000000000057,0.4059605036902896,0.5227188595896106,0.0059605036902838915,0.12271885958960493,1,1,1
1,Ki,2020-02-29,2020-03-29,0.6700000000000017,0.39691304507577646,0.5493898799531858,0.27308695492422524,0.12061012004681593,1,1,1
1,Ki,2020-03-31,2020-04-30,1.2999999999999972,0.3719860929804319,0.5195720740513387,0.9280139070195652,0.7804279259486585,1,1,1
1,Ki,2020-04-30,2020-05-30,0.12000000000000455,0.4922855517072129,0.6090054720155187,0.37228555170720834,0.48900547201551414,1,1,1
1,Ki,2020-05-31,2020-06-30,0.010000000000005116,0.6562594463901478,0.797095893928031,0.6462594463901427,0.7870958939280259,1,1,1
1,Ki,2020-06-30,2020-07-30,-0.15000000000000568,0.2932991094521347,0.43562055652824716,0.4432991094521404,0.5856205565282528,1,1,1
1,Ki,2020-07-31,2020-08-31,0.10999999999999943,0.24464333751042633,0.3956016610321082,0.1346433375104269,0.28560166103210877,1,1,1
1,Ki,2020-08-31,2020-09-30,0.12999999999999545,0.19462556827203267,0.3431759528562957,0.06462556827203722,0.21317595285630025,1,1,1
1,Ki,2020-09-30,2020-10-30,0.5,0.26459290801475926,0.41896256601363785,0.23540709198524074,0.08103743398636215,1,1,1
1,Ki,2020-10-31,2020-11-30,0.7800000000000011,0.27871020969319743,0.4260068626438948,0.5012897903068037,0.3539931373561063,1,1,1
1,Ki,2020-11-30,2020-12-30,0.9000000000000057,0.40691009478003765,0.5418066174233351,0.49308990521996804,0.35819338257667055,1,1,1
1,Ki,2020-12-31,2021-01-31,0.5999999999999943,0.5152777090522398,0.6290963996535449,0.08472229094775452,0.029096399653550598,1,1,1
1,Ki,2021-01-31,2021-02-28,1.0300000000000011,0.5510976749402552,0.6650550363207812,0.47890232505974595,0.3649449636792199,1,1,1
1,Ki,2021-02-28,2021-03-28,1.3100000000000023,0.4935967848883837,0.5773582273501068,0.8164032151116185,0.7326417726498955,1,1,1
1,Ki,2021-03-31,2021-04-30,0.8599999999999994,0.657025270659082,0.7135829251582541,0.20297472934091743,0.14641707484174538,1,1,1
1,Ki,2021-04-30,2021-05-30,0.4099999999999966,0.7414205160898568,0.8006136043280879,0.33142051608986023,0.39061360432809134,1,1,1
1,Ki,2021-05-31,2021-06-30,0.5600000000000023,0.6118937979714262,0.6591051975341841,0.051893797971423905,0.09910519753418179,1,1,1
1,Ki,2021-06-30,2021-07-30,0.21999999999999886,0.5023192042170492,0.5233339178299361,0.28231920421705037,0.30333391782993724,1,1,1
1,Ki,2021-07-31,2021-08-31,0.1599999999999966,0.5423938835315664,0.5660662340380624,0.3823938835315698,0.40606623403806585,1,1,1
1,Ki,2021-08-31,2021-09-30,0.730000000000004,0.46821268077995387,0.4607972586882419,0.2617873192200501,0.2692027413117621,1,1,1
1,Ki,2021-09-30,2021-10-30,0.9200000000000017,0.4538104410613508,0.44539275151325153,0.4661895589386509,0.4746072484867502,1,1,1
1,Ki,2021-10-31,2021-11-30,0.8599999999999994,0.6172987043654775,0.6188602102393264,0.24270129563452192,0.24113978976067307,1,1,1
1,Ki,2021-11-30,2021-12-30,0.20999999999999375,0.9680874923788744,0.6769836040520857,0.7580874923788806,0.46698360405209194,1,1,1
1,Ki,2021-12-31,2022-01-31,1.2199999999999989,0.8366910529377803,0.6551831667399071,0.3833089470622185,0.5648168332600918,1,1,1
1,Ki,2022-01-31,2022-02-28,0.9399999999999977,0.6438883871049722,0.467176329310473,0.2961116128950255,0.47282367068952474,1,1,1
1,Ki,2022-02-28,2022-03-28,5.549999999999997,0.8780819612271873,0.7679262453545015,4.67191803877281,4.782073754645496,1,1,1
1,Ki,2022-03-31,2022-04-30,3.280000000000001,0.8225129263329258,0.7364824805497581,2.4574870736670755,2.5435175194502433,1,1,1
1,Ki,2022-04-30,2022-05-30,0.6800000000000068,2.918574145788723,2.4134217398737117,2.238574145788716,1.7334217398737048,1,3,1
1,Ki,2022-05-31,2022-06-30,-0.6800000000000068,1.372598272365037,1.3175191628998495,2.052598272365044,1.9975191628998563,1,2,1
1,Ki,2022-06-30,2022-07-30,-0.769999999999996,0.579189073469088,0.6328872092753983,1.3491890734690841,1.4028872092753943,1,2,1
1,Ki,2022-07-31,2022-08-31,-0.5699999999999932,0.20469748810822386,0.3528888988994352,0.774697488108217,0.9228888988994284,2,2,1
1,Ki,2022-08-31,2022-09-30,0.3299999999999983,0.506137630866193,0.31045045456204656,0.17613763086619472,0.019549545437951732,2,2,1
1,Ki,2022-09-30,2022-10-30,0.6599999999999966,0.5038846212586174,0.3533290394114062,0.15611537874137915,0.3066709605885904,2,2,1
1,Ki,2022-10-31,2022-11-30,0.2600000000000051,0.7137357465144295,0.546999885546881,0.4537357465144244,0.28699988554687583,2,2,1
1,Ki,2022-11-30,2022-12-30,0.5699999999999932,0.5918630753033035,0.6137840827245774,0.02186307530331033,0.04378408272458423,2,2,1
1,Ki,2022-12-31,2023-01-31,1.1299999999999955,0.40660377427127575,0.5299865465291306,0.7233962257287196,0.6000134534708649,2,2,1
1,Ki,2023-01-31,2023-02-28,0.75,0.5872524502663103,0.5986771158783584,0.16274754973368966,0.15132288412164163,2,2,1
1,Ki,2023-02-28,2023-03-28,0.39000000000000057,0.672890847877698,0.7152942378495789,0.28289084787769747,0.32529423784957834,2,2,1
1,Ki,2023-03-31,2023-04-30,0.7199999999999989,0.44186116561295724,0.6345203514499975,0.2781388343870416,0.08547964855000134,2,2,1
1,Ki,2023-04-30,2023-05-30,-0.25,0.43102237557445056,0.5613133997763556,0.6810223755744506,0.8113133997763556,2,2,1
1,Ki,2023-05-31,2023-06-30,0.4300000000000068,0.5955102414673539,0.6240237279686651,0.16551024146734705,0.1940237279686583,2,2,1
1,Ki,2023-06-30,2023-07-30,0.5,0.1833712532482354,0.42239493453085364,0.3166287467517646,0.07760506546914636,2,2,1
1,Ki,2023-07-31,2023-08-31,-0.06999999999999318,0.4818550386634454,0.5634847989304556,0.5518550386634387,0.6334847989304487,2,2,1
1,Ki,2023-08-31,2023-09-30,1.75,0.7710720346614032,0.5738578490131099,0.9789279653385968,1.1761421509868901,2,2,1
1,Ki,2023-09-30,2023-10-30,0.45999999999999375,0.6299398368398553,0.46394001044310185,0.16993983683986158,0.0039400104431080996,2,2,1
1,Ki,2023-10-31,2023-11-30,0.7399999999999949,1.5328538910989213,0.8384184945655774,0.7928538910989265,0.09841849456558249,2,2,1
1,Ki,2023-11-30,2023-12-30,0.29000000000000625,0.705027665984001,0.5725371923666336,0.41502766598399476,0.28253719236662733,2,2,1
1,Ki,2023-12-31,2024-01-31,0.8700000000000045,1.168768042035787,0.628193516348731,0.29876804203578256,0.24180648365127355,2,2,1
1,Ki,2024-01-31,2024-02-29,0.5300000000000011,0.9801124940496881,0.5372528554302838,0.450112494049687,0.007252855430282645,2,2,1
1,Ki,2024-02-29,2024-03-29,0.5300000000000011,1.2039881523242628,0.6563452426108033,0.6739881523242617,0.12634524261080216,2,2,1
1,Ki,2024-03-31,2024-04-30,0.37999999999999545,0.9665551947920585,0.5857820832750568,0.5865551947920631,0.2057820832750613,2,2,1
1,Ki,2024-04-30,2024-05-30,0.9399999999999977,1.0114726901731794,0.5845577553977048,0.0714726901731817,0.3554422446022929,2,2,1
1,Ki,2024-05-31,2024-06-30,0.18000000000000682,0.9691639572459376,0.5559144176851901,0.7891639572459308,0.3759144176851833,2,2,1
1,Ki,2024-06-30,2024-07-30,1.0699999999999932,0.9486653118970116,0.6687989208218226,0.12133468810298154,0.4012010791781706,2,2,1
1,Ki,2024-07-31,2024-08-31,0.09000000000000341,0.9145805005670038,0.5141101033778741,0.8245805005670004,0.4241101033778707,2,2,1
1,Ki,2024-08-31,2024-09-30,0.6200000000000045,1.1842803553082217,0.6968845305294492,0.5642803553082172,0.07688453052944466,2,2,1
1,Ki,2024-09-30,2024-10-30,1.019999999999996,0.8354026224006669,0.4918253910211487,0.18459737759932915,0.5281746089788473,2,2,1
1,Ki,2024-10-31,2024-11-30,1.5,1.014909337959383,0.6053711716195785,0.485090662040617,0.8946288283804215,2,2,1
1,Ki,2024-11-30,2024-12-30,0.9099999999999966,1.31948260819863,0.6928249306864104,0.40948260819863336,0.2171750693135862,2,2,1
1,Ki,2024-12-31,2025-01-31,0.8400000000000034,1.3375236291273052,0.7937073066166639,0.49752362912730175,0.04629269338333952,2,2,1
1,Ki,2025-01-31,2025-02-28,1.3400000000000034,1.048615749078756,0.6720261623268013,0.2913842509212474,0.6679738376732021,2,2,1
1,Ki,2025-02-28,2025-03-28,0.8100000000000023,1.1683720327641678,0.6616542734356966,0.3583720327641655,0.14834572656430567,2,2,1
1,Ki,2025-03-31,2025-04-30,0.5300000000000011,1.294290065315303,0.7673093776803493,0.764290065315302,0.2373093776803482,2,2,1
1,Ki,2025-04-30,2025-05-30,-0.06999999999999318,1.0126106182351196,0.6546437707872811,1.0826106182351127,0.7246437707872743,2,2,1
1,Ki,2025-05-31,2025-06-30,-0.04000000000000625,0.9872875366322766,0.5926075299073235,1.027287536632283,0.6326075299073297,2,2,1
1,Ki,2025-06-30,2025-07-30,0.35999999999999943,0.8294819221635645,0.46484180328887076,0.4694819221635651,0.10484180328887133,2,2,1
1,Ki,2025-07-31,2025-08-31,-0.5699999999999932,1.022203088978558,0.47002281918661143,1.5922030889785512,1.0400228191866046,2,2,1
1,Ki,2025-08-31,2025-09-30,1.0,0.698016621101738,0.5458610176810805,0.301983378898262,0.45413898231891947,1,1,1
1,Ki,2025-09-30,2025-10-30,0.5300000000000011,0.5188436643018992,0.35017285213968513,0.011156335698101927,0.179827147860316,1,1,1
1,Ki,2025-10-31,2025-11-30,0.15000000000000568,0.8158936121294148,0.6852743346125226,0.6658936121294091,0.5352743346125169,1,1,1
1,Ki,2025-11-30,2025-12-30,0.29000000000000625,0.6998084493909191,0.5832893790537549,0.4098084493909129,0.29328937905374863,1,1,1
1,Ki,2025-12-31,2026-01-31,1.5699999999999932,0.6165701031768146,0.5021027990024022,0.9534298968231786,1.067897200997591,1,1,1
1,Ki,2026-01-31,2026-02-28,1.0999999999999943,0.6533843716213703,0.5385143907065009,0.446615628378624,0.5614856092934934,1,1,1
1,Ki,2026-02-28,2026-03-28,0.5400000000000063,0.9081625008563057,0.8020385832586261,0.3681625008562994,0.26203858325861984,1,1,1
1,Ki,2026-03-31,2026-04-30,-0.28000000000000114,0.801139067860005,0.7040280632231986,1.0811390678600061,0.9840280632231997,1,1,1
1,Ki,2026-04-30,2026-05-30,0.09000000000000341,0.672424394292452,0.5868412936839087,0.5824243942924486,0.4968412936839053,1,1,1
1,d_Ruonia,2016-03-31,2016-04-30,1.0900000000000034,0.5981552888315245,0.7125548458588296,0.49184471116847894,0.37744515414117386,1,1,1
1,d_Ruonia,2016-04-30,2016-05-30,0.20999999999999375,0.6353957892197115,0.6324694524888218,0.42539578921971777,0.42246945248882806,1,1,1
1,d_Ruonia,2016-05-31,2016-06-30,0.23999999999999488,0.6711423484617757,0.8224179540730009,0.4311423484617808,0.582417954073006,1,1,1
1,d_Ruonia,2016-06-30,2016-07-30,0.6099999999999994,0.7864494399063974,0.6095554632993245,0.17644943990639794,0.00044453670067490236,1,1,1
1,d_Ruonia,2016-07-31,2016-08-31,0.09000000000000341,0.4071448663976981,0.616510167771033,0.3171448663976947,0.5265101677710295,1,1,1
1,d_Ruonia,2016-08-31,2016-09-30,-0.12999999999999545,0.5416269759052309,0.6944939737319613,0.6716269759052264,0.8244939737319568,1,1,1
1,d_Ruonia,2016-09-30,2016-10-30,0.5999999999999943,0.5791087551077029,0.5584656346021161,0.02089124489229144,0.04153436539787825,1,1,1
1,d_Ruonia,2016-10-31,2016-11-30,0.29000000000000625,0.5024496694714464,0.5065772238998854,0.21244966947144017,0.2165772238998791,1,1,1
1,d_Ruonia,2016-11-30,2016-12-30,1.3299999999999983,0.698532021675246,0.6786123323137393,0.6314679783247523,0.651387667686259,1,1,1
1,d_Ruonia,2016-12-31,2017-01-31,0.46999999999999886,0.4855251714268607,0.6116562449162964,0.015525171426861828,0.14165624491629758,1,1,1
1,d_Ruonia,2017-01-31,2017-02-28,0.3299999999999983,0.8645059225350572,0.8629624260594635,0.5345059225350589,0.5329624260594652,1,1,1
1,d_Ruonia,2017-02-28,2017-03-28,0.20000000000000284,0.5952205805922031,0.64879402569384,0.3952205805922002,0.4487940256938372,1,1,1
1,d_Ruonia,2017-03-31,2017-04-30,0.769999999999996,0.6548254434045016,0.6093190168758387,0.11517455659549447,0.16068098312415735,1,1,1
1,d_Ruonia,2017-04-30,2017-05-30,0.45999999999999375,0.4642060143281018,0.5808389186489991,0.004206014328108076,0.12083891864900531,1,1,1
1,d_Ruonia,2017-05-31,2017-06-30,0.5799999999999983,0.5071307957096566,0.7150941934737118,0.07286920429034172,0.13509419347371354,1,1,1
1,d_Ruonia,2017-06-30,2017-07-30,-0.480000000000004,0.46135818586894295,0.639426245450748,0.9413581858689469,1.119426245450752,1,1,1
1,d_Ruonia,2017-07-31,2017-08-31,-0.5100000000000051,0.640371585979841,0.6546491377554177,1.1503715859798462,1.164649137755423,1,1,1
1,d_Ruonia,2017-08-31,2017-09-30,-0.14000000000000057,0.37114866855641665,0.37710062545144574,0.5111486685564173,0.5171006254514463,1,1,1
1,d_Ruonia,2017-09-30,2017-10-30,0.1599999999999966,0.25676042240868685,0.3477572132512409,0.09676042240869026,0.18775721325124434,1,1,1
1,d_Ruonia,2017-10-31,2017-11-30,0.18000000000000682,0.40511943329153816,0.4388960198537129,0.22511943329153133,0.2588960198537061,1,1,1
1,d_Ruonia,2017-11-30,2017-12-30,0.4399999999999977,0.4087992423244645,0.5139897498824616,0.03120075767553321,0.07398974988246387,1,1,1
1,d_Ruonia,2017-12-31,2018-01-31,-0.030000000000001137,0.5450200868701057,0.5182454926651985,0.5750200868701069,0.5482454926651996,1,1,1
1,d_Ruonia,2018-01-31,2018-02-28,0.3400000000000034,0.4958283019992742,0.582050280113199,0.15582830199927078,0.24205028011319563,1,1,1
1,d_Ruonia,2018-02-28,2018-03-28,0.0799999999999983,0.18723674216037506,0.4480571795603897,0.10723674216037676,0.3680571795603914,1,1,1
1,d_Ruonia,2018-03-31,2018-04-30,0.5,0.6061965645554993,0.5458972623899677,0.1061965645554993,0.04589726238996772,1,1,1
1,d_Ruonia,2018-04-30,2018-05-30,0.09000000000000341,0.5123560849327676,0.4713238065321401,0.4223560849327642,0.3813238065321367,1,1,1
1,d_Ruonia,2018-05-31,2018-06-30,0.6400000000000006,0.5854813740573284,0.5863618109862392,0.054518625942672205,0.053638189013761384,1,1,1
1,d_Ruonia,2018-06-30,2018-07-30,0.12000000000000455,0.5077790584739512,0.4684728249527239,0.38777905847394667,0.34847282495271936,1,1,1
1,d_Ruonia,2018-07-31,2018-08-31,-0.04999999999999716,0.6089454614985685,0.6239020182727284,0.6589454614985657,0.6739020182727256,1,1,1
1,d_Ruonia,2018-08-31,2018-09-30,-0.29999999999999716,0.5008875103657967,0.46501870544211465,0.8008875103657939,0.7650187054421118,1,1,1
1,d_Ruonia,2018-09-30,2018-10-30,0.09000000000000341,0.4540477126070291,0.4023406876575512,0.3640477126070257,0.3123406876575478,1,1,1
1,d_Ruonia,2018-10-31,2018-11-30,0.8700000000000045,0.39486161407524695,0.32020935862428984,0.4751383859247576,0.5497906413757148,1,1,1
1,d_Ruonia,2018-11-30,2018-12-30,1.0799999999999983,0.4855508256844174,0.44966634950553674,0.5944491743155809,0.6303336504944616,1,1,1
1,d_Ruonia,2018-12-31,2019-01-31,1.1400000000000006,0.6455460248166502,0.6841775931012954,0.4944539751833503,0.4558224068987051,1,1,1
1,d_Ruonia,2019-01-31,2019-02-28,0.7099999999999937,0.6921657477718653,0.7500640456700117,0.0178342522281284,0.04006404567001798,1,1,1
1,d_Ruonia,2019-02-28,2019-03-28,0.5499999999999972,0.704206422010077,0.7669638269171146,0.15420642201007984,0.21696382691711746,1,1,1
1,d_Ruonia,2019-03-31,2019-04-30,0.5900000000000034,0.7501671010007804,0.6398862538913717,0.16016710100077702,0.04988625389136825,1,1,1
1,d_Ruonia,2019-04-30,2019-05-30,0.5300000000000011,0.629420450381181,0.5932972464194851,0.09942045038117986,0.06329724641948398,1,1,1
1,d_Ruonia,2019-05-31,2019-06-30,-0.4099999999999966,0.6362924834319397,0.6042555039085644,1.0462924834319363,1.014255503908561,1,1,1
1,d_Ruonia,2019-06-30,2019-07-30,-0.0799999999999983,0.5274327218988326,0.5778187932667069,0.6074327218988309,0.6578187932667052,1,1,1
1,d_Ruonia,2019-07-31,2019-08-31,-0.1700000000000017,0.33681998862137047,0.2988824144424903,0.5068199886213722,0.468882414442492,1,1,1
1,d_Ruonia,2019-08-31,2019-09-30,-0.3199999999999932,0.30277628080778113,0.38427020727168076,0.6227762808077744,0.704270207271674,1,1,1
1,d_Ruonia,2019-09-30,2019-10-30,0.29999999999999716,0.3601844297250189,0.34407786974245835,0.06018442972502175,0.044077869742461195,1,1,1
1,d_Ruonia,2019-10-31,2019-11-30,0.39000000000000057,0.23861363504476313,0.29683085783936086,0.15138636495523744,0.0931691421606397,1,1,1
1,d_Ruonia,2019-11-30,2019-12-30,0.4099999999999966,0.50622733790486,0.48978629087075776,0.09622733790486337,0.07978629087076117,1,1,1
1,d_Ruonia,2019-12-31,2020-01-31,0.5,0.3484416755804817,0.5167093720220681,0.15155832441951828,0.016709372022068125,1,1,1
1,d_Ruonia,2020-01-31,2020-02-29,0.4000000000000057,0.4423027051908944,0.5227188595896106,0.04230270519088869,0.12271885958960493,1,1,1
1,d_Ruonia,2020-02-29,2020-03-29,0.6700000000000017,0.4610747280297809,0.5493898799531858,0.20892527197022082,0.12061012004681593,1,1,1
1,d_Ruonia,2020-03-31,2020-04-30,1.2999999999999972,0.48553271481602833,0.5195720740513387,0.8144672851839688,0.7804279259486585,1,1,1
1,d_Ruonia,2020-04-30,2020-05-30,0.12000000000000455,0.5496904564747541,0.6090054720155187,0.42969045647474957,0.48900547201551414,1,1,1
1,d_Ruonia,2020-05-31,2020-06-30,0.010000000000005116,0.7656066304140007,0.797095893928031,0.7556066304139956,0.7870958939280259,1,1,1
1,d_Ruonia,2020-06-30,2020-07-30,-0.15000000000000568,0.25345792327921535,0.43562055652824716,0.40345792327922103,0.5856205565282528,1,1,1
1,d_Ruonia,2020-07-31,2020-08-31,0.10999999999999943,0.22502415315322277,0.3956016610321082,0.11502415315322334,0.28560166103210877,1,1,1
1,d_Ruonia,2020-08-31,2020-09-30,0.12999999999999545,0.10191864237201355,0.3431759528562957,0.028081357627981904,0.21317595285630025,1,1,1
1,d_Ruonia,2020-09-30,2020-10-30,0.5,0.42113067793354964,0.41896256601363785,0.07886932206645036,0.08103743398636215,1,1,1
1,d_Ruonia,2020-10-31,2020-11-30,0.7800000000000011,0.5146950606427719,0.4260068626438948,0.2653049393572292,0.3539931373561063,1,1,1
1,d_Ruonia,2020-11-30,2020-12-30,0.9000000000000057,0.5474900790197962,0.5418066174233351,0.3525099209802095,0.35819338257667055,1,1,1
1,d_Ruonia,2020-12-31,2021-01-31,0.5999999999999943,0.5617309523563039,0.6290963996535449,0.038269047643690435,0.029096399653550598,1,1,1
1,d_Ruonia,2021-01-31,2021-02-28,1.0300000000000011,0.6304459556766635,0.6650550363207812,0.39955404432333763,0.3649449636792199,1,1,1
1,d_Ruonia,2021-02-28,2021-03-28,1.3100000000000023,0.6623160900137399,0.5773582273501068,0.6476839099862624,0.7326417726498955,1,1,1
1,d_Ruonia,2021-03-31,2021-04-30,0.8599999999999994,0.5316211116994013,0.7135829251582541,0.32837888830059814,0.14641707484174538,1,1,1
1,d_Ruonia,2021-04-30,2021-05-30,0.4099999999999966,0.815401921476372,0.8006136043280879,0.40540192147637544,0.39061360432809134,1,1,1
1,d_Ruonia,2021-05-31,2021-06-30,0.5600000000000023,0.7628774164187071,0.6591051975341841,0.20287741641870483,0.09910519753418179,1,1,1
1,d_Ruonia,2021-06-30,2021-07-30,0.21999999999999886,0.6711860608135344,0.5233339178299361,0.4511860608135355,0.30333391782993724,1,1,1
1,d_Ruonia,2021-07-31,2021-08-31,0.1599999999999966,0.6968634560362674,0.5660662340380624,0.5368634560362708,0.40606623403806585,1,1,1
1,d_Ruonia,2021-08-31,2021-09-30,0.730000000000004,0.7976705414958528,0.4607972586882419,0.06767054149584883,0.2692027413117621,1,1,1
1,d_Ruonia,2021-09-30,2021-10-30,0.9200000000000017,0.697086118366413,0.44539275151325153,0.22291388163358872,0.4746072484867502,1,1,1
1,d_Ruonia,2021-10-31,2021-11-30,0.8599999999999994,0.7276876390612648,0.6188602102393264,0.13231236093873466,0.24113978976067307,1,1,1
1,d_Ruonia,2021-11-30,2021-12-30,0.20999999999999375,0.7232145249815765,0.6769836040520857,0.5132145249815827,0.46698360405209194,1,1,1
1,d_Ruonia,2021-12-31,2022-01-31,1.2199999999999989,0.8376667773888017,0.6551831667399071,0.3823332226111972,0.5648168332600918,1,1,1
1,d_Ruonia,2022-01-31,2022-02-28,0.9399999999999977,0.6245338205581302,0.467176329310473,0.3154661794418675,0.47282367068952474,1,1,1
1,d_Ruonia,2022-02-28,2022-03-28,5.549999999999997,1.0039800229449507,0.7679262453545015,4.546019977055046,4.782073754645496,1,1,1
1,d_Ruonia,2022-03-31,2022-04-30,3.280000000000001,1.2687132545629574,0.7364824805497581,2.0112867454370438,2.5435175194502433,1,1,1
1,d_Ruonia,2022-04-30,2022-05-30,0.6800000000000068,7.341802026158007,2.4134217398737117,6.661802026158,1.7334217398737048,1,1,1
1,d_Ruonia,2022-05-31,2022-06-30,-0.6800000000000068,0.5563503356757297,1.3175191628998495,1.2363503356757364,1.9975191628998563,1,1,1
1,d_Ruonia,2022-06-30,2022-07-30,-0.769999999999996,-0.11488615373835279,0.6328872092753983,0.6551138462616433,1.4028872092753943,1,1,1
1,d_Ruonia,2022-07-31,2022-08-31,-0.5699999999999932,-0.2542406966700677,0.3528888988994352,0.31575930332992547,0.9228888988994284,1,1,1
1,d_Ruonia,2022-08-31,2022-09-30,0.3299999999999983,0.354279380753303,0.31045045456204656,0.024279380753304713,0.019549545437951732,1,1,1
1,d_Ruonia,2022-09-30,2022-10-30,0.6599999999999966,0.3034277272001019,0.3533290394114062,0.3565722727998947,0.3066709605885904,1,1,1
1,d_Ruonia,2022-10-31,2022-11-30,0.2600000000000051,0.5387627297940228,0.546999885546881,0.2787627297940177,0.28699988554687583,1,1,1
1,d_Ruonia,2022-11-30,2022-12-30,0.5699999999999932,0.6006160347255745,0.6137840827245774,0.030616034725581276,0.04378408272458423,1,1,1
1,d_Ruonia,2022-12-31,2023-01-31,1.1299999999999955,0.48947866229591197,0.5299865465291306,0.6405213377040835,0.6000134534708649,1,1,1
1,d_Ruonia,2023-01-31,2023-02-28,0.75,0.5988133320760406,0.5986771158783584,0.1511866679239594,0.15132288412164163,1,1,1
1,d_Ruonia,2023-02-28,2023-03-28,0.39000000000000057,0.5716158266799161,0.7152942378495789,0.1816158266799155,0.32529423784957834,1,1,1
1,d_Ruonia,2023-03-31,2023-04-30,0.7199999999999989,0.6309979057044119,0.6345203514499975,0.08900209429558692,0.08547964855000134,1,1,1
1,d_Ruonia,2023-04-30,2023-05-30,-0.25,0.630600876795882,0.5613133997763556,0.880600876795882,0.8113133997763556,1,1,1
1,d_Ruonia,2023-05-31,2023-06-30,0.4300000000000068,0.5611839287333991,0.6240237279686651,0.13118392873339224,0.1940237279686583,1,1,1
1,d_Ruonia,2023-06-30,2023-07-30,0.5,0.5608453061310401,0.42239493453085364,0.06084530613104011,0.07760506546914636,1,1,1
1,d_Ruonia,2023-07-31,2023-08-31,-0.06999999999999318,0.6042652142859305,0.5634847989304556,0.6742652142859237,0.6334847989304487,1,1,1
1,d_Ruonia,2023-08-31,2023-09-30,1.75,0.6883208311236872,0.5738578490131099,1.0616791688763128,1.1761421509868901,1,1,1
1,d_Ruonia,2023-09-30,2023-10-30,0.45999999999999375,1.0873412490288932,0.46394001044310185,0.6273412490288994,0.0039400104431080996,1,1,1
1,d_Ruonia,2023-10-31,2023-11-30,0.7399999999999949,1.064367916869203,0.8384184945655774,0.3243679168692082,0.09841849456558249,1,1,1
1,d_Ruonia,2023-11-30,2023-12-30,0.29000000000000625,0.7418002297234509,0.5725371923666336,0.4518002297234447,0.28253719236662733,1,1,1
1,d_Ruonia,2023-12-31,2024-01-31,0.8700000000000045,0.9565183363165096,0.628193516348731,0.08651833631650507,0.24180648365127355,1,1,1
1,d_Ruonia,2024-01-31,2024-02-29,0.5300000000000011,0.6243660274852448,0.5372528554302838,0.0943660274852437,0.007252855430282645,1,1,1
1,d_Ruonia,2024-02-29,2024-03-29,0.5300000000000011,0.726478484347629,0.6563452426108033,0.19647848434762782,0.12634524261080216,1,1,1
1,d_Ruonia,2024-03-31,2024-04-30,0.37999999999999545,0.6009821640288948,0.5857820832750568,0.22098216402889936,0.2057820832750613,1,1,1
1,d_Ruonia,2024-04-30,2024-05-30,0.9399999999999977,0.5405418627638084,0.5845577553977048,0.3994581372361893,0.3554422446022929,1,1,1
1,d_Ruonia,2024-05-31,2024-06-30,0.18000000000000682,0.5907088040127515,0.5559144176851901,0.4107088040127447,0.3759144176851833,1,1,1
1,d_Ruonia,2024-06-30,2024-07-30,1.0699999999999932,0.6504146369542528,0.6687989208218226,0.41958536304574034,0.4012010791781706,1,1,1
1,d_Ruonia,2024-07-31,2024-08-31,0.09000000000000341,0.5157391184804745,0.5141101033778741,0.4257391184804711,0.4241101033778707,1,1,1
1,d_Ruonia,2024-08-31,2024-09-30,0.6200000000000045,0.7010479265522808,0.6968845305294492,0.08104792655227622,0.07688453052944466,1,1,1
1,d_Ruonia,2024-09-30,2024-10-30,1.019999999999996,0.8576598304469203,0.4918253910211487,0.16234016955307573,0.5281746089788473,1,1,1
1,d_Ruonia,2024-10-31,2024-11-30,1.5,0.7253722307882324,0.6053711716195785,0.7746277692117676,0.8946288283804215,1,1,1
1,d_Ruonia,2024-11-30,2024-12-30,0.9099999999999966,0.721703709688,0.6928249306864104,0.18829629031199657,0.2171750693135862,1,1,1
1,d_Ruonia,2024-12-31,2025-01-31,0.8400000000000034,1.0202939690940038,0.7937073066166639,0.18029396909400042,0.04629269338333952,1,1,1
1,d_Ruonia,2025-01-31,2025-02-28,1.3400000000000034,0.6910501361401827,0.6720261623268013,0.6489498638598207,0.6679738376732021,1,1,1
1,d_Ruonia,2025-02-28,2025-03-28,0.8100000000000023,0.5581539349558186,0.6616542734356966,0.2518460650441837,0.14834572656430567,1,1,1
1,d_Ruonia,2025-03-31,2025-04-30,0.5300000000000011,0.6549516351235306,0.7673093776803493,0.12495163512352947,0.2373093776803482,1,1,1
1,d_Ruonia,2025-04-30,2025-05-30,-0.06999999999999318,0.7160211705276924,0.6546437707872811,0.7860211705276856,0.7246437707872743,1,1,1
1,d_Ruonia,2025-05-31,2025-06-30,-0.04000000000000625,0.5351685884706805,0.5926075299073235,0.5751685884706867,0.6326075299073297,1,1,1
1,d_Ruonia,2025-06-30,2025-07-30,0.35999999999999943,0.5135690888426828,0.46484180328887076,0.1535690888426834,0.10484180328887133,1,1,1
1,d_Ruonia,2025-07-31,2025-08-31,-0.5699999999999932,0.3534563634372738,0.47002281918661143,0.923456363437267,1.0400228191866046,1,1,1
1,d_Ruonia,2025-08-31,2025-09-30,1.0,0.3998246581481212,0.5458610176810805,0.6001753418518788,0.45413898231891947,1,1,1
1,d_Ruonia,2025-09-30,2025-10-30,0.5300000000000011,0.179597371498341,0.35017285213968513,0.35040262850166015,0.179827147860316,1,1,1
1,d_Ruonia,2025-10-31,2025-11-30,0.15000000000000568,0.5129475089373776,0.6852743346125226,0.36294750893737193,0.5352743346125169,1,1,1
1,d_Ruonia,2025-11-30,2025-12-30,0.29000000000000625,0.43722806229810574,0.5832893790537549,0.14722806229809948,0.29328937905374863,1,1,1
1,d_Ruonia,2025-12-31,2026-01-31,1.5699999999999932,0.5009924442614756,0.5021027990024022,1.0690075557385175,1.067897200997591,1,1,1
1,d_Ruonia,2026-01-31,2026-02-28,1.0999999999999943,0.4867802161169795,0.5385143907065009,0.6132197838830148,0.5614856092934934,1,1,1
1,d_Ruonia,2026-02-28,2026-03-28,0.5400000000000063,0.6702416566894634,0.8020385832586261,0.1302416566894572,0.26203858325861984,1,1,1
1,d_Ruonia,2026-03-31,2026-04-30,-0.28000000000000114,0.5121685936198986,0.7040280632231986,0.7921685936198998,0.9840280632231997,1,1,1
1,d_Ruonia,2026-04-30,2026-05-30,0.09000000000000341,0.48984871968324706,0.5868412936839087,0.39984871968324365,0.4968412936839053,1,1,1
1,d_Ki,2016-03-31,2016-04-30,1.0900000000000034,0.7125739642017772,0.7125548458588296,0.3774260357982262,0.37744515414117386,1,1,1
1,d_Ki,2016-04-30,2016-05-30,0.20999999999999375,0.6324497572833682,0.6324694524888218,0.4224497572833744,0.42246945248882806,1,1,1
1,d_Ki,2016-05-31,2016-06-30,0.23999999999999488,0.8225568594858909,0.8224179540730009,0.582556859485896,0.582417954073006,1,1,1
1,d_Ki,2016-06-30,2016-07-30,0.6099999999999994,0.6094814073958738,0.6095554632993245,0.0005185926041256783,0.00044453670067490236,1,1,1
1,d_Ki,2016-07-31,2016-08-31,0.09000000000000341,0.6164373106478582,0.616510167771033,0.5264373106478548,0.5265101677710295,1,1,1
1,d_Ki,2016-08-31,2016-09-30,-0.12999999999999545,0.6960332074016384,0.6944939737319613,0.8260332074016339,0.8244939737319568,1,1,1
1,d_Ki,2016-09-30,2016-10-30,0.5999999999999943,0.5584060168780849,0.5584656346021161,0.04159398312190943,0.04153436539787825,1,1,1
1,d_Ki,2016-10-31,2016-11-30,0.29000000000000625,0.5079858139057941,0.5065772238998854,0.21798581390578786,0.2165772238998791,1,1,1
1,d_Ki,2016-11-30,2016-12-30,1.3299999999999983,0.678367814341982,0.6786123323137393,0.6516321856580163,0.651387667686259,1,1,1
1,d_Ki,2016-12-31,2017-01-31,0.46999999999999886,0.6118147291361458,0.6116562449162964,0.1418147291361469,0.14165624491629758,1,1,1
1,d_Ki,2017-01-31,2017-02-28,0.3299999999999983,0.8625582545147428,0.8629624260594635,0.5325582545147445,0.5329624260594652,1,1,1
1,d_Ki,2017-02-28,2017-03-28,0.20000000000000284,0.6485676875098886,0.64879402569384,0.44856768750988574,0.4487940256938372,1,1,1
1,d_Ki,2017-03-31,2017-04-30,0.769999999999996,0.6091516051331127,0.6093190168758387,0.1608483948668833,0.16068098312415735,1,1,1
1,d_Ki,2017-04-30,2017-05-30,0.45999999999999375,0.5808304598994305,0.5808389186489991,0.12083045989943675,0.12083891864900531,1,1,1
1,d_Ki,2017-05-31,2017-06-30,0.5799999999999983,0.7146801071540245,0.7150941934737118,0.13468010715402623,0.13509419347371354,1,1,1
1,d_Ki,2017-06-30,2017-07-30,-0.480000000000004,0.6389911183503251,0.639426245450748,1.118991118350329,1.119426245450752,1,1,1
1,d_Ki,2017-07-31,2017-08-31,-0.5100000000000051,0.6543383398959486,0.6546491377554177,1.1643383398959537,1.164649137755423,1,1,1
1,d_Ki,2017-08-31,2017-09-30,-0.14000000000000057,0.3754494973239532,0.37710062545144574,0.5154494973239538,0.5171006254514463,1,1,1
1,d_Ki,2017-09-30,2017-10-30,0.1599999999999966,0.34903616483755057,0.3477572132512409,0.18903616483755398,0.18775721325124434,1,1,1
1,d_Ki,2017-10-31,2017-11-30,0.18000000000000682,0.4374715171071538,0.4388960198537129,0.257471517107147,0.2588960198537061,1,1,1
1,d_Ki,2017-11-30,2017-12-30,0.4399999999999977,0.5120308447446562,0.5139897498824616,0.07203084474465848,0.07398974988246387,1,1,1
1,d_Ki,2017-12-31,2018-01-31,-0.030000000000001137,0.5186186001755897,0.5182454926651985,0.5486186001755908,0.5482454926651996,1,1,1
1,d_Ki,2018-01-31,2018-02-28,0.3400000000000034,0.5820207595635789,0.582050280113199,0.2420207595635755,0.24205028011319563,1,1,1
1,d_Ki,2018-02-28,2018-03-28,0.0799999999999983,0.4486923638548293,0.4480571795603897,0.368692363854831,0.3680571795603914,1,1,1
1,d_Ki,2018-03-31,2018-04-30,0.5,0.5459762516442728,0.5458972623899677,0.04597625164427277,0.04589726238996772,1,1,1
1,d_Ki,2018-04-30,2018-05-30,0.09000000000000341,0.4717639670655667,0.4713238065321401,0.3817639670655633,0.3813238065321367,1,1,1
1,d_Ki,2018-05-31,2018-06-30,0.6400000000000006,0.5882315659772834,0.5863618109862392,0.051768434022717136,0.053638189013761384,1,1,1
1,d_Ki,2018-06-30,2018-07-30,0.12000000000000455,0.46886336584445804,0.4684728249527239,0.3488633658444535,0.34847282495271936,1,1,1
1,d_Ki,2018-07-31,2018-08-31,-0.04999999999999716,0.6235250203230542,0.6239020182727284,0.6735250203230514,0.6739020182727256,1,1,1
1,d_Ki,2018-08-31,2018-09-30,-0.29999999999999716,0.4673244451396836,0.46501870544211465,0.7673244451396808,0.7650187054421118,1,1,1
1,d_Ki,2018-09-30,2018-10-30,0.09000000000000341,0.40266732466752636,0.4023406876575512,0.31266732466752295,0.3123406876575478,1,1,1
1,d_Ki,2018-10-31,2018-11-30,0.8700000000000045,0.32080733278812795,0.32020935862428984,0.5491926672118765,0.5497906413757148,1,1,1
1,d_Ki,2018-11-30,2018-12-30,1.0799999999999983,0.4498196914415068,0.44966634950553674,0.6301803085584915,0.6303336504944616,1,1,1
1,d_Ki,2018-12-31,2019-01-31,1.1400000000000006,0.6833504863872257,0.6841775931012954,0.45664951361277484,0.4558224068987051,1,1,1
1,d_Ki,2019-01-31,2019-02-28,0.7099999999999937,0.749087036076515,0.7500640456700117,0.0390870360765212,0.04006404567001798,1,1,1
1,d_Ki,2019-02-28,2019-03-28,0.5499999999999972,0.764713043024924,0.7669638269171146,0.2147130430249269,0.21696382691711746,1,1,1
1,d_Ki,2019-03-31,2019-04-30,0.5900000000000034,0.6378771164684033,0.6398862538913717,0.04787711646839987,0.04988625389136825,1,1,1
1,d_Ki,2019-04-30,2019-05-30,0.5300000000000011,0.5929625172245746,0.5932972464194851,0.06296251722457347,0.06329724641948398,1,1,1
1,d_Ki,2019-05-31,2019-06-30,-0.4099999999999966,0.6023690050560239,0.6042555039085644,1.0123690050560206,1.014255503908561,1,1,1
1,d_Ki,2019-06-30,2019-07-30,-0.0799999999999983,0.5725220560189632,0.5778187932667069,0.6525220560189615,0.6578187932667052,1,1,1
1,d_Ki,2019-07-31,2019-08-31,-0.1700000000000017,0.30070484067797326,0.2988824144424903,0.47070484067797497,0.468882414442492,1,1,1
1,d_Ki,2019-08-31,2019-09-30,-0.3199999999999932,0.3816362465323475,0.38427020727168076,0.7016362465323407,0.704270207271674,1,1,1
1,d_Ki,2019-09-30,2019-10-30,0.29999999999999716,0.34549873972960027,0.34407786974245835,0.04549873972960311,0.044077869742461195,1,1,1
1,d_Ki,2019-10-31,2019-11-30,0.39000000000000057,0.29428957356958546,0.29683085783936086,0.09571042643041511,0.0931691421606397,1,1,1
1,d_Ki,2019-11-30,2019-12-30,0.4099999999999966,0.4902341793712169,0.48978629087075776,0.0802341793712203,0.07978629087076117,1,1,1
1,d_Ki,2019-12-31,2020-01-31,0.5,0.5086570275020953,0.5167093720220681,0.008657027502095294,0.016709372022068125,1,1,1
1,d_Ki,2020-01-31,2020-02-29,0.4000000000000057,0.5230056294798395,0.5227188595896106,0.12300562947983384,0.12271885958960493,1,1,1
1,d_Ki,2020-02-29,2020-03-29,0.6700000000000017,0.5328787946013128,0.5493898799531858,0.13712120539868888,0.12061012004681593,1,1,1
1,d_Ki,2020-03-31,2020-04-30,1.2999999999999972,0.5163165256020225,0.5195720740513387,0.7836834743979747,0.7804279259486585,1,1,1
1,d_Ki,2020-04-30,2020-05-30,0.12000000000000455,0.6087901867326289,0.6090054720155187,0.4887901867326243,0.48900547201551414,1,1,1
1,d_Ki,2020-05-31,2020-06-30,0.010000000000005116,0.7956824561429927,0.797095893928031,0.7856824561429876,0.7870958939280259,1,1,1
1,d_Ki,2020-06-30,2020-07-30,-0.15000000000000568,0.43636087772940674,0.43562055652824716,0.5863608777294125,0.5856205565282528,1,1,1
1,d_Ki,2020-07-31,2020-08-31,0.10999999999999943,0.39651150650218187,0.3956016610321082,0.28651150650218243,0.28560166103210877,1,1,1
1,d_Ki,2020-08-31,2020-09-30,0.12999999999999545,0.34436405568204537,0.3431759528562957,0.21436405568204991,0.21317595285630025,1,1,1
1,d_Ki,2020-09-30,2020-10-30,0.5,0.41960123630846935,0.41896256601363785,0.08039876369153065,0.08103743398636215,1,1,1
1,d_Ki,2020-10-31,2020-11-30,0.7800000000000011,0.4266050108658554,0.4260068626438948,0.35339498913414574,0.3539931373561063,1,1,1
1,d_Ki,2020-11-30,2020-12-30,0.9000000000000057,0.5443931731724762,0.5418066174233351,0.35560682682752953,0.35819338257667055,1,1,1
1,d_Ki,2020-12-31,2021-01-31,0.5999999999999943,0.6347277373709446,0.6290963996535449,0.03472773737095025,0.029096399653550598,1,1,1
1,d_Ki,2021-01-31,2021-02-28,1.0300000000000011,0.6641483017730571,0.6650550363207812,0.3658516982269441,0.3649449636792199,1,1,1
1,d_Ki,2021-02-28,2021-03-28,1.3100000000000023,0.5832170438373729,0.5773582273501068,0.7267829561626293,0.7326417726498955,1,1,1
1,d_Ki,2021-03-31,2021-04-30,0.8599999999999994,0.7310559353080294,0.7135829251582541,0.12894406469197006,0.14641707484174538,1,1,1
1,d_Ki,2021-04-30,2021-05-30,0.4099999999999966,0.7986409912031563,0.8006136043280879,0.38864099120315976,0.39061360432809134,1,1,1
1,d_Ki,2021-05-31,2021-06-30,0.5600000000000023,0.663405342379583,0.6591051975341841,0.10340534237958077,0.09910519753418179,1,1,1
1,d_Ki,2021-06-30,2021-07-30,0.21999999999999886,0.5388758608799997,0.5233339178299361,0.31887586088000086,0.30333391782993724,1,1,1
1,d_Ki,2021-07-31,2021-08-31,0.1599999999999966,0.5657224565546742,0.5660662340380624,0.40572245655467765,0.40606623403806585,1,1,1
1,d_Ki,2021-08-31,2021-09-30,0.730000000000004,0.4776196076047827,0.4607972586882419,0.25238039239522125,0.2692027413117621,1,1,1
1,d_Ki,2021-09-30,2021-10-30,0.9200000000000017,0.4459235381920087,0.44539275151325153,0.474076461807993,0.4746072484867502,1,1,1
1,d_Ki,2021-10-31,2021-11-30,0.8599999999999994,0.6179630758612794,0.6188602102393264,0.24203692413872002,0.24113978976067307,1,1,1
1,d_Ki,2021-11-30,2021-12-30,0.20999999999999375,0.9134638801504039,0.6769836040520857,0.7034638801504102,0.46698360405209194,1,1,1
1,d_Ki,2021-12-31,2022-01-31,1.2199999999999989,0.6566734304796374,0.6551831667399071,0.5633265695203614,0.5648168332600918,1,1,1
1,d_Ki,2022-01-31,2022-02-28,0.9399999999999977,0.5308212270462688,0.467176329310473,0.40917877295372895,0.47282367068952474,1,1,1
1,d_Ki,2022-02-28,2022-03-28,5.549999999999997,0.8521152994973393,0.7679262453545015,4.697884700502658,4.782073754645496,1,1,1
1,d_Ki,2022-03-31,2022-04-30,3.280000000000001,0.9501275940553824,0.7364824805497581,2.3298724059446188,2.5435175194502433,1,4,1
1,d_Ki,2022-04-30,2022-05-30,0.6800000000000068,1.9090619490946505,2.4134217398737117,1.2290619490946437,1.7334217398737048,1,4,1
1,d_Ki,2022-05-31,2022-06-30,-0.6800000000000068,0.7737487519601645,1.3175191628998495,1.4537487519601713,1.9975191628998563,1,4,1
1,d_Ki,2022-06-30,2022-07-30,-0.769999999999996,-0.26453859164106985,0.6328872092753983,0.5054614083589262,1.4028872092753943,1,4,1
1,d_Ki,2022-07-31,2022-08-31,-0.5699999999999932,-0.16609412923109956,0.3528888988994352,0.4039058707688936,0.9228888988994284,1,4,1
1,d_Ki,2022-08-31,2022-09-30,0.3299999999999983,-0.205221458026898,0.31045045456204656,0.5352214580268964,0.019549545437951732,1,4,1
1,d_Ki,2022-09-30,2022-10-30,0.6599999999999966,0.30508807585988756,0.3533290394114062,0.354911924140109,0.3066709605885904,1,4,1
1,d_Ki,2022-10-31,2022-11-30,0.2600000000000051,0.5484342957638794,0.546999885546881,0.28843429576387425,0.28699988554687583,1,4,1
1,d_Ki,2022-11-30,2022-12-30,0.5699999999999932,0.45756073064422104,0.6137840827245774,0.11243926935577214,0.04378408272458423,1,4,1
1,d_Ki,2022-12-31,2023-01-31,1.1299999999999955,0.5173522955555261,0.5299865465291306,0.6126477044444694,0.6000134534708649,1,4,1
1,d_Ki,2023-01-31,2023-02-28,0.75,0.5989368024844994,0.5986771158783584,0.15106319751550057,0.15132288412164163,1,4,1
1,d_Ki,2023-02-28,2023-03-28,0.39000000000000057,0.7385411552027812,0.7152942378495789,0.3485411552027806,0.32529423784957834,1,4,1
1,d_Ki,2023-03-31,2023-04-30,0.7199999999999989,0.6419160834011344,0.6345203514499975,0.07808391659886449,0.08547964855000134,1,4,1
1,d_Ki,2023-04-30,2023-05-30,-0.25,0.554010586777386,0.5613133997763556,0.804010586777386,0.8113133997763556,1,4,1
1,d_Ki,2023-05-31,2023-06-30,0.4300000000000068,0.6301017815042718,0.6240237279686651,0.20010178150426494,0.1940237279686583,1,4,1
1,d_Ki,2023-06-30,2023-07-30,0.5,0.30575958436675243,0.42239493453085364,0.19424041563324757,0.07760506546914636,1,4,1
1,d_Ki,2023-07-31,2023-08-31,-0.06999999999999318,0.2676545485317905,0.5634847989304556,0.33765454853178367,0.6334847989304487,1,4,1
1,d_Ki,2023-08-31,2023-09-30,1.75,0.45111693881147713,0.5738578490131099,1.298883061188523,1.1761421509868901,1,4,1
1,d_Ki,2023-09-30,2023-10-30,0.45999999999999375,0.5272725552400793,0.46394001044310185,0.06727255524008557,0.0039400104431080996,1,4,1
1,d_Ki,2023-10-31,2023-11-30,0.7399999999999949,2.0141514823052082,0.8384184945655774,1.2741514823052134,0.09841849456558249,1,4,1
1,d_Ki,2023-11-30,2023-12-30,0.29000000000000625,0.7341214764913198,0.5725371923666336,0.4441214764913135,0.28253719236662733,1,4,1
1,d_Ki,2023-12-31,2024-01-31,0.8700000000000045,1.2273133829300202,0.628193516348731,0.3573133829300157,0.24180648365127355,1,4,1
1,d_Ki,2024-01-31,2024-02-29,0.5300000000000011,0.4975293277935918,0.5372528554302838,0.03247067220640931,0.007252855430282645,1,4,1
1,d_Ki,2024-02-29,2024-03-29,0.5300000000000011,0.9502465613198434,0.6563452426108033,0.4202465613198423,0.12634524261080216,1,4,1
1,d_Ki,2024-03-31,2024-04-30,0.37999999999999545,0.5760089430252285,0.5857820832750568,0.19600894302523308,0.2057820832750613,1,4,1
1,d_Ki,2024-04-30,2024-05-30,0.9399999999999977,0.5748094252375384,0.5845577553977048,0.3651905747624593,0.3554422446022929,1,4,1
1,d_Ki,2024-05-31,2024-06-30,0.18000000000000682,0.5431036807116743,0.5559144176851901,0.36310368071166743,0.3759144176851833,1,4,1
1,d_Ki,2024-06-30,2024-07-30,1.0699999999999932,0.4948671447708797,0.6687989208218226,0.5751328552291135,0.4012010791781706,1,4,1
1,d_Ki,2024-07-31,2024-08-31,0.09000000000000341,0.4988692934474988,0.5141101033778741,0.4088692934474954,0.4241101033778707,1,4,1
1,d_Ki,2024-08-31,2024-09-30,0.6200000000000045,0.5715807026804259,0.6968845305294492,0.048419297319578614,0.07688453052944466,1,4,1
1,d_Ki,2024-09-30,2024-10-30,1.019999999999996,1.0559258736548969,0.4918253910211487,0.03592587365490085,0.5281746089788473,1,4,1
1,d_Ki,2024-10-31,2024-11-30,1.5,0.41181593553313933,0.6053711716195785,1.0881840644668608,0.8946288283804215,1,4,1
1,d_Ki,2024-11-30,2024-12-30,0.9099999999999966,0.9740889444867206,0.6928249306864104,0.06408894448672398,0.2171750693135862,1,4,1
1,d_Ki,2024-12-31,2025-01-31,0.8400000000000034,0.7708433634828338,0.7937073066166639,0.06915663651716963,0.04629269338333952,1,4,1
1,d_Ki,2025-01-31,2025-02-28,1.3400000000000034,1.2513084100252532,0.6720261623268013,0.08869158997475024,0.6679738376732021,1,4,1
1,d_Ki,2025-02-28,2025-03-28,0.8100000000000023,0.6537331395746524,0.6616542734356966,0.15626686042534987,0.14834572656430567,1,4,1
1,d_Ki,2025-03-31,2025-04-30,0.5300000000000011,0.7718103750392385,0.7673093776803493,0.2418103750392374,0.2373093776803482,1,4,1
1,d_Ki,2025-04-30,2025-05-30,-0.06999999999999318,0.6459770722361946,0.6546437707872811,0.7159770722361878,0.7246437707872743,1,4,1
1,d_Ki,2025-05-31,2025-06-30,-0.04000000000000625,0.5769744566638979,0.5926075299073235,0.6169744566639042,0.6326075299073297,1,4,1
1,d_Ki,2025-06-30,2025-07-30,0.35999999999999943,0.43441798247272184,0.46484180328887076,0.07441798247272241,0.10484180328887133,1,4,1
1,d_Ki,2025-07-31,2025-08-31,-0.5699999999999932,0.5116492879154217,0.47002281918661143,1.081649287915415,1.0400228191866046,1,4,1
1,d_Ki,2025-08-31,2025-09-30,1.0,0.664649760344066,0.5458610176810805,0.335350239655934,0.45413898231891947,1,4,1
1,d_Ki,2025-09-30,2025-10-30,0.5300000000000011,0.33757552087854836,0.35017285213968513,0.19242447912145277,0.179827147860316,1,4,1
1,d_Ki,2025-10-31,2025-11-30,0.15000000000000568,0.4902150367976615,0.6852743346125226,0.3402150367976558,0.5352743346125169,1,4,1
1,d_Ki,2025-11-30,2025-12-30,0.29000000000000625,0.025021334342161028,0.5832893790537549,0.2649786656578452,0.29328937905374863,1,4,1
1,d_Ki,2025-12-31,2026-01-31,1.5699999999999932,0.49895455990735804,0.5021027990024022,1.071045440092635,1.067897200997591,1,4,1
1,d_Ki,2026-01-31,2026-02-28,1.0999999999999943,0.27201464117572016,0.5385143907065009,0.8279853588242742,0.5614856092934934,1,4,1
1,d_Ki,2026-02-28,2026-03-28,0.5400000000000063,0.6778159607457055,0.8020385832586261,0.13781596074569924,0.26203858325861984,1,4,1
1,d_Ki,2026-03-31,2026-04-30,-0.28000000000000114,0.7524894596547682,0.7040280632231986,1.0324894596547693,0.9840280632231997,1,4,1
1,d_Ki,2026-04-30,2026-05-30,0.09000000000000341,0.47301242630595497,0.5868412936839087,0.38301242630595156,0.4968412936839053,1,4,1
1,spread_Ruonia_Ki,2016-02-29,2016-03-29,0.25,0.8991644443147696,0.7590023507639526,0.6491644443147696,0.5090023507639526,1,1,1
1,spread_Ruonia_Ki,2016-03-31,2016-04-30,1.0900000000000034,0.7303974916879337,0.7125548458588296,0.35960250831206975,0.37744515414117386,1,2,1
1,spread_Ruonia_Ki,2016-04-30,2016-05-30,0.20999999999999375,0.7173109792598552,0.6324694524888218,0.5073109792598615,0.42246945248882806,1,2,1
1,spread_Ruonia_Ki,2016-05-31,2016-06-30,0.23999999999999488,0.8075459231271229,0.8224179540730009,0.567545923127128,0.582417954073006,1,2,1
1,spread_Ruonia_Ki,2016-06-30,2016-07-30,0.6099999999999994,0.7446865269982037,0.6095554632993245,0.13468652699820427,0.00044453670067490236,1,2,1
1,spread_Ruonia_Ki,2016-07-31,2016-08-31,0.09000000000000341,0.5701064471462658,0.616510167771033,0.4801064471462624,0.5265101677710295,1,2,1
1,spread_Ruonia_Ki,2016-08-31,2016-09-30,-0.12999999999999545,0.7053412346608273,0.6944939737319613,0.8353412346608228,0.8244939737319568,1,2,1
1,spread_Ruonia_Ki,2016-09-30,2016-10-30,0.5999999999999943,0.5844424687995754,0.5584656346021161,0.015557531200418917,0.04153436539787825,1,2,1
1,spread_Ruonia_Ki,2016-10-31,2016-11-30,0.29000000000000625,0.6192848048999415,0.5065772238998854,0.3292848048999353,0.2165772238998791,1,2,1
1,spread_Ruonia_Ki,2016-11-30,2016-12-30,1.3299999999999983,0.6982416662343833,0.6786123323137393,0.631758333765615,0.651387667686259,1,2,1
1,spread_Ruonia_Ki,2016-12-31,2017-01-31,0.46999999999999886,0.6244931569480386,0.6116562449162964,0.15449315694803978,0.14165624491629758,1,2,1
1,spread_Ruonia_Ki,2017-01-31,2017-02-28,0.3299999999999983,0.8850808270731509,0.8629624260594635,0.5550808270731526,0.5329624260594652,1,2,1
1,spread_Ruonia_Ki,2017-02-28,2017-03-28,0.20000000000000284,0.6348156700181188,0.64879402569384,0.43481567001811594,0.4487940256938372,1,2,1
1,spread_Ruonia_Ki,2017-03-31,2017-04-30,0.769999999999996,0.6306135793438593,0.6093190168758387,0.1393864206561367,0.16068098312415735,1,2,1
1,spread_Ruonia_Ki,2017-04-30,2017-05-30,0.45999999999999375,0.6281988953028723,0.5808389186489991,0.16819889530287857,0.12083891864900531,1,2,1
1,spread_Ruonia_Ki,2017-05-31,2017-06-30,0.5799999999999983,0.6246585287196685,0.7150941934737118,0.04465852871967024,0.13509419347371354,1,2,1
1,spread_Ruonia_Ki,2017-06-30,2017-07-30,-0.480000000000004,0.6068476442086411,0.639426245450748,1.0868476442086452,1.119426245450752,1,2,1
1,spread_Ruonia_Ki,2017-07-31,2017-08-31,-0.5100000000000051,0.6338369590858528,0.6546491377554177,1.143836959085858,1.164649137755423,1,2,1
1,spread_Ruonia_Ki,2017-08-31,2017-09-30,-0.14000000000000057,0.424364728288537,0.37710062545144574,0.5643647282885376,0.5171006254514463,1,2,1
1,spread_Ruonia_Ki,2017-09-30,2017-10-30,0.1599999999999966,0.24655198001579431,0.3477572132512409,0.08655198001579772,0.18775721325124434,1,2,1
1,spread_Ruonia_Ki,2017-10-31,2017-11-30,0.18000000000000682,0.42168836677627247,0.4388960198537129,0.24168836677626565,0.2588960198537061,1,2,1
1,spread_Ruonia_Ki,2017-11-30,2017-12-30,0.4399999999999977,0.4685424953574054,0.5139897498824616,0.02854249535740766,0.07398974988246387,1,2,1
1,spread_Ruonia_Ki,2017-12-31,2018-01-31,-0.030000000000001137,0.48277376483540463,0.5182454926651985,0.5127737648354058,0.5482454926651996,1,2,1
1,spread_Ruonia_Ki,2018-01-31,2018-02-28,0.3400000000000034,0.49924771669883145,0.582050280113199,0.15924771669882803,0.24205028011319563,1,2,1
1,spread_Ruonia_Ki,2018-02-28,2018-03-28,0.0799999999999983,0.2837361016092366,0.4480571795603897,0.20373610160923833,0.3680571795603914,1,2,1
1,spread_Ruonia_Ki,2018-03-31,2018-04-30,0.5,0.5346528546481112,0.5458972623899677,0.03465285464811119,0.04589726238996772,1,2,1
1,spread_Ruonia_Ki,2018-04-30,2018-05-30,0.09000000000000341,0.4457051922292338,0.4713238065321401,0.3557051922292304,0.3813238065321367,1,2,1
1,spread_Ruonia_Ki,2018-05-31,2018-06-30,0.6400000000000006,0.5031621857414296,0.5863618109862392,0.136837814258571,0.053638189013761384,1,2,1
1,spread_Ruonia_Ki,2018-06-30,2018-07-30,0.12000000000000455,0.44652812683519066,0.4684728249527239,0.3265281268351861,0.34847282495271936,1,2,1
1,spread_Ruonia_Ki,2018-07-31,2018-08-31,-0.04999999999999716,0.5886275493245668,0.6239020182727284,0.638627549324564,0.6739020182727256,1,2,1
1,spread_Ruonia_Ki,2018-08-31,2018-09-30,-0.29999999999999716,0.3933258514534549,0.46501870544211465,0.693325851453452,0.7650187054421118,1,2,1
1,spread_Ruonia_Ki,2018-09-30,2018-10-30,0.09000000000000341,0.38435664951988974,0.4023406876575512,0.2943566495198863,0.3123406876575478,1,2,1
1,spread_Ruonia_Ki,2018-10-31,2018-11-30,0.8700000000000045,0.3073532800791245,0.32020935862428984,0.56264671992088,0.5497906413757148,1,2,1
1,spread_Ruonia_Ki,2018-11-30,2018-12-30,1.0799999999999983,0.42984124083142966,0.44966634950553674,0.6501587591685687,0.6303336504944616,1,2,1
1,spread_Ruonia_Ki,2018-12-31,2019-01-31,1.1400000000000006,0.6474966264088671,0.6841775931012954,0.4925033735911335,0.4558224068987051,1,2,1
1,spread_Ruonia_Ki,2019-01-31,2019-02-28,0.7099999999999937,0.7095840068077672,0.7500640456700117,0.0004159931922265159,0.04006404567001798,1,2,1
1,spread_Ruonia_Ki,2019-02-28,2019-03-28,0.5499999999999972,0.7726362903401787,0.7669638269171146,0.2226362903401815,0.21696382691711746,1,2,1
1,spread_Ruonia_Ki,2019-03-31,2019-04-30,0.5900000000000034,0.7074459823077023,0.6398862538913717,0.11744598230769887,0.04988625389136825,1,2,1
1,spread_Ruonia_Ki,2019-04-30,2019-05-30,0.5300000000000011,0.5701607501657748,0.5932972464194851,0.040160750165773695,0.06329724641948398,1,2,1
1,spread_Ruonia_Ki,2019-05-31,2019-06-30,-0.4099999999999966,0.6253083572030098,0.6042555039085644,1.0353083572030064,1.014255503908561,1,2,1
1,spread_Ruonia_Ki,2019-06-30,2019-07-30,-0.0799999999999983,0.5960274666470652,0.5778187932667069,0.6760274666470635,0.6578187932667052,1,2,1
1,spread_Ruonia_Ki,2019-07-31,2019-08-31,-0.1700000000000017,0.23288546446954156,0.2988824144424903,0.40288546446954326,0.468882414442492,1,2,1
1,spread_Ruonia_Ki,2019-08-31,2019-09-30,-0.3199999999999932,0.32017456374209274,0.38427020727168076,0.6401745637420859,0.704270207271674,1,2,1
1,spread_Ruonia_Ki,2019-09-30,2019-10-30,0.29999999999999716,0.2701273376701208,0.34407786974245835,0.029872662329876343,0.044077869742461195,1,2,1
1,spread_Ruonia_Ki,2019-10-31,2019-11-30,0.39000000000000057,0.2392751306354743,0.29683085783936086,0.15072486936452628,0.0931691421606397,1,2,1
1,spread_Ruonia_Ki,2019-11-30,2019-12-30,0.4099999999999966,0.429804069505398,0.48978629087075776,0.019804069505401423,0.07978629087076117,1,2,1
1,spread_Ruonia_Ki,2019-12-31,2020-01-31,0.5,0.4728431203363567,0.5167093720220681,0.027156879663643274,0.016709372022068125,1,2,1
1,spread_Ruonia_Ki,2020-01-31,2020-02-29,0.4000000000000057,0.4231132518696468,0.5227188595896106,0.023113251869641138,0.12271885958960493,1,2,1
1,spread_Ruonia_Ki,2020-02-29,2020-03-29,0.6700000000000017,0.6312789573482863,0.5493898799531858,0.03872104265171539,0.12061012004681593,1,2,1
1,spread_Ruonia_Ki,2020-03-31,2020-04-30,1.2999999999999972,0.4690967348029972,0.5195720740513387,0.830903265197,0.7804279259486585,1,2,1
1,spread_Ruonia_Ki,2020-04-30,2020-05-30,0.12000000000000455,0.5115297380589202,0.6090054720155187,0.39152973805891567,0.48900547201551414,1,2,1
1,spread_Ruonia_Ki,2020-05-31,2020-06-30,0.010000000000005116,0.7192465381176272,0.797095893928031,0.7092465381176221,0.7870958939280259,1,2,1
1,spread_Ruonia_Ki,2020-06-30,2020-07-30,-0.15000000000000568,0.271348913751686,0.43562055652824716,0.4213489137516917,0.5856205565282528,1,2,1
1,spread_Ruonia_Ki,2020-07-31,2020-08-31,0.10999999999999943,0.24434063962978125,0.3956016610321082,0.13434063962978182,0.28560166103210877,1,2,1
1,spread_Ruonia_Ki,2020-08-31,2020-09-30,0.12999999999999545,0.17356737669891364,0.3431759528562957,0.04356737669891819,0.21317595285630025,1,2,1
1,spread_Ruonia_Ki,2020-09-30,2020-10-30,0.5,0.3712075293207249,0.41896256601363785,0.12879247067927507,0.08103743398636215,1,2,1
1,spread_Ruonia_Ki,2020-10-31,2020-11-30,0.7800000000000011,0.41735575938505654,0.4260068626438948,0.3626442406149446,0.3539931373561063,1,2,1
1,spread_Ruonia_Ki,2020-11-30,2020-12-30,0.9000000000000057,0.45643203353682643,0.5418066174233351,0.44356796646317925,0.35819338257667055,1,2,1
1,spread_Ruonia_Ki,2020-12-31,2021-01-31,0.5999999999999943,0.4792600985040305,0.6290963996535449,0.12073990149596381,0.029096399653550598,1,2,1
1,spread_Ruonia_Ki,2021-01-31,2021-02-28,1.0300000000000011,0.6366573155574532,0.6650550363207812,0.39334268444254794,0.3649449636792199,1,2,1
1,spread_Ruonia_Ki,2021-02-28,2021-03-28,1.3100000000000023,0.5037747558674205,0.5773582273501068,0.8062252441325818,0.7326417726498955,1,2,1
1,spread_Ruonia_Ki,2021-03-31,2021-04-30,0.8599999999999994,0.45745909254385275,0.7135829251582541,0.4025409074561467,0.14641707484174538,1,2,1
1,spread_Ruonia_Ki,2021-04-30,2021-05-30,0.4099999999999966,0.838737947508422,0.8006136043280879,0.4287379475084254,0.39061360432809134,1,2,1
1,spread_Ruonia_Ki,2021-05-31,2021-06-30,0.5600000000000023,0.6770970212568537,0.6591051975341841,0.1170970212568514,0.09910519753418179,1,2,1
1,spread_Ruonia_Ki,2021-06-30,2021-07-30,0.21999999999999886,0.4648806115450602,0.5233339178299361,0.24488061154506136,0.30333391782993724,1,2,1
1,spread_Ruonia_Ki,2021-07-31,2021-08-31,0.1599999999999966,0.6449702204760133,0.5660662340380624,0.4849702204760167,0.40606623403806585,1,2,1
1,spread_Ruonia_Ki,2021-08-31,2021-09-30,0.730000000000004,0.43617774702751766,0.4607972586882419,0.2938222529724863,0.2692027413117621,1,2,1
1,spread_Ruonia_Ki,2021-09-30,2021-10-30,0.9200000000000017,0.5684453417861379,0.44539275151325153,0.3515546582138638,0.4746072484867502,1,2,1
1,spread_Ruonia_Ki,2021-10-31,2021-11-30,0.8599999999999994,0.6804699294684857,0.6188602102393264,0.1795300705315137,0.24113978976067307,1,2,1
1,spread_Ruonia_Ki,2021-11-30,2021-12-30,0.20999999999999375,-1.3035999227051673,0.6769836040520857,1.513599922705161,0.46698360405209194,1,2,1
1,spread_Ruonia_Ki,2021-12-31,2022-01-31,1.2199999999999989,1.0314323733831012,0.6551831667399071,0.18856762661689763,0.5648168332600918,1,2,1
1,spread_Ruonia_Ki,2022-01-31,2022-02-28,0.9399999999999977,1.1423377788830846,0.467176329310473,0.2023377788830869,0.47282367068952474,1,2,1
1,spread_Ruonia_Ki,2022-02-28,2022-03-28,5.549999999999997,1.3580572625018785,0.7679262453545015,4.191942737498119,4.782073754645496,1,2,1
1,spread_Ruonia_Ki,2022-03-31,2022-04-30,3.280000000000001,1.5424072292856643,0.7364824805497581,1.7375927707143368,2.5435175194502433,1,2,1
1,spread_Ruonia_Ki,2022-04-30,2022-05-30,0.6800000000000068,4.357187288608583,2.4134217398737117,3.677187288608576,1.7334217398737048,1,3,1
1,spread_Ruonia_Ki,2022-05-31,2022-06-30,-0.6800000000000068,0.2994286392847356,1.3175191628998495,0.9794286392847424,1.9975191628998563,1,2,1
1,spread_Ruonia_Ki,2022-06-30,2022-07-30,-0.769999999999996,-0.4125647138208992,0.6328872092753983,0.3574352861790968,1.4028872092753943,1,2,1
1,spread_Ruonia_Ki,2022-07-31,2022-08-31,-0.5699999999999932,-0.3978536555232822,0.3528888988994352,0.17214634447671096,0.9228888988994284,1,2,1
1,spread_Ruonia_Ki,2022-08-31,2022-09-30,0.3299999999999983,0.1696479553887955,0.31045045456204656,0.16035204461120278,0.019549545437951732,1,2,1
1,spread_Ruonia_Ki,2022-09-30,2022-10-30,0.6599999999999966,0.1365190268894804,0.3533290394114062,0.5234809731105162,0.3066709605885904,1,2,1
1,spread_Ruonia_Ki,2022-10-31,2022-11-30,0.2600000000000051,0.42328139818501,0.546999885546881,0.16328139818500487,0.28699988554687583,1,2,1
1,spread_Ruonia_Ki,2022-11-30,2022-12-30,0.5699999999999932,0.5020055328243475,0.6137840827245774,0.06799446717564572,0.04378408272458423,1,2,1
1,spread_Ruonia_Ki,2022-12-31,2023-01-31,1.1299999999999955,0.40432175286939404,0.5299865465291306,0.7256782471306014,0.6000134534708649,1,2,1
1,spread_Ruonia_Ki,2023-01-31,2023-02-28,0.75,0.5203961612066407,0.5986771158783584,0.22960383879335933,0.15132288412164163,1,2,1
1,spread_Ruonia_Ki,2023-02-28,2023-03-28,0.39000000000000057,0.569826055831906,0.7152942378495789,0.17982605583190547,0.32529423784957834,1,2,1
1,spread_Ruonia_Ki,2023-03-31,2023-04-30,0.7199999999999989,0.5747700795933014,0.6345203514499975,0.14522992040669747,0.08547964855000134,1,2,1
1,spread_Ruonia_Ki,2023-04-30,2023-05-30,-0.25,0.5297726848628699,0.5613133997763556,0.7797726848628699,0.8113133997763556,1,2,1
1,spread_Ruonia_Ki,2023-05-31,2023-06-30,0.4300000000000068,0.5170780034937158,0.6240237279686651,0.08707800349370898,0.1940237279686583,1,2,1
1,spread_Ruonia_Ki,2023-06-30,2023-07-30,0.5,0.3201485149860341,0.42239493453085364,0.17985148501396592,0.07760506546914636,1,2,1
1,spread_Ruonia_Ki,2023-07-31,2023-08-31,-0.06999999999999318,0.21952486599946075,0.5634847989304556,0.28952486599945393,0.6334847989304487,1,2,1
1,spread_Ruonia_Ki,2023-08-31,2023-09-30,1.75,0.7329128963654511,0.5738578490131099,1.017087103634549,1.1761421509868901,1,2,1
1,spread_Ruonia_Ki,2023-09-30,2023-10-30,0.45999999999999375,0.8014957867062816,0.46394001044310185,0.3414957867062879,0.0039400104431080996,1,2,1
1,spread_Ruonia_Ki,2023-10-31,2023-11-30,0.7399999999999949,1.164604019334918,0.8384184945655774,0.4246040193349232,0.09841849456558249,1,2,1
1,spread_Ruonia_Ki,2023-11-30,2023-12-30,0.29000000000000625,0.6443048746395578,0.5725371923666336,0.3543048746395515,0.28253719236662733,1,2,1
1,spread_Ruonia_Ki,2023-12-31,2024-01-31,0.8700000000000045,0.8953202125753372,0.628193516348731,0.02532021257533268,0.24180648365127355,1,2,1
1,spread_Ruonia_Ki,2024-01-31,2024-02-29,0.5300000000000011,0.568539528011558,0.5372528554302838,0.03853952801155691,0.007252855430282645,1,2,1
1,spread_Ruonia_Ki,2024-02-29,2024-03-29,0.5300000000000011,0.6599491166500383,0.6563452426108033,0.12994911665003717,0.12634524261080216,1,2,1
1,spread_Ruonia_Ki,2024-03-31,2024-04-30,0.37999999999999545,0.5240331332088135,0.5857820832750568,0.14403313320881805,0.2057820832750613,1,2,1
1,spread_Ruonia_Ki,2024-04-30,2024-05-30,0.9399999999999977,0.486513078510471,0.5845577553977048,0.45348692148952674,0.3554422446022929,1,2,1
1,spread_Ruonia_Ki,2024-05-31,2024-06-30,0.18000000000000682,0.511660678546145,0.5559144176851901,0.33166067854613823,0.3759144176851833,1,2,1
1,spread_Ruonia_Ki,2024-06-30,2024-07-30,1.0699999999999932,0.3897198970280648,0.6687989208218226,0.6802801029719283,0.4012010791781706,1,2,1
1,spread_Ruonia_Ki,2024-07-31,2024-08-31,0.09000000000000341,0.5605394860096933,0.5141101033778741,0.47053948600968987,0.4241101033778707,1,2,1
1,spread_Ruonia_Ki,2024-08-31,2024-09-30,0.6200000000000045,0.6599977909140528,0.6968845305294492,0.039997790914048204,0.07688453052944466,1,2,1
1,spread_Ruonia_Ki,2024-09-30,2024-10-30,1.019999999999996,0.7688867163825753,0.4918253910211487,0.2511132836174207,0.5281746089788473,1,2,1
1,spread_Ruonia_Ki,2024-10-31,2024-11-30,1.5,0.4634630023377472,0.6053711716195785,1.0365369976622527,0.8946288283804215,1,2,1
1,spread_Ruonia_Ki,2024-11-30,2024-12-30,0.9099999999999966,0.7850138351057698,0.6928249306864104,0.12498616489422676,0.2171750693135862,1,2,1
1,spread_Ruonia_Ki,2024-12-31,2025-01-31,0.8400000000000034,0.9483696979569657,0.7937073066166639,0.10836969795696227,0.04629269338333952,1,2,1
1,spread_Ruonia_Ki,2025-01-31,2025-02-28,1.3400000000000034,0.6136079067934522,0.6720261623268013,0.7263920932065512,0.6679738376732021,1,2,1
1,spread_Ruonia_Ki,2025-02-28,2025-03-28,0.8100000000000023,0.5213186581851171,0.6616542734356966,0.28868134181488514,0.14834572656430567,1,2,1
1,spread_Ruonia_Ki,2025-03-31,2025-04-30,0.5300000000000011,0.6409132339567178,0.7673093776803493,0.1109132339567167,0.2373093776803482,1,2,1
1,spread_Ruonia_Ki,2025-04-30,2025-05-30,-0.06999999999999318,0.6105794539774346,0.6546437707872811,0.6805794539774278,0.7246437707872743,1,2,1
1,spread_Ruonia_Ki,2025-05-31,2025-06-30,-0.04000000000000625,0.45755607097562895,0.5926075299073235,0.4975560709756352,0.6326075299073297,1,2,1
1,spread_Ruonia_Ki,2025-06-30,2025-07-30,0.35999999999999943,0.39476217077575776,0.46484180328887076,0.03476217077575833,0.10484180328887133,1,2,1
1,spread_Ruonia_Ki,2025-07-31,2025-08-31,-0.5699999999999932,0.4236527162267723,0.47002281918661143,0.9936527162267654,1.0400228191866046,1,2,1
1,spread_Ruonia_Ki,2025-08-31,2025-09-30,1.0,0.5722374319340038,0.5458610176810805,0.4277625680659962,0.45413898231891947,1,2,1
1,spread_Ruonia_Ki,2025-09-30,2025-10-30,0.5300000000000011,0.10009625049103497,0.35017285213968513,0.42990374950896615,0.179827147860316,1,2,1
1,spread_Ruonia_Ki,2025-10-31,2025-11-30,0.15000000000000568,0.6301790131813008,0.6852743346125226,0.4801790131812951,0.5352743346125169,1,2,1
1,spread_Ruonia_Ki,2025-11-30,2025-12-30,0.29000000000000625,0.4641498294297022,0.5832893790537549,0.17414982942969592,0.29328937905374863,1,2,1
1,spread_Ruonia_Ki,2025-12-31,2026-01-31,1.5699999999999932,0.4178083898589758,0.5021027990024022,1.1521916101410175,1.067897200997591,1,2,1
1,spread_Ruonia_Ki,2026-01-31,2026-02-28,1.0999999999999943,0.494344489130101,0.5385143907065009,0.6056555108698933,0.5614856092934934,1,2,1
1,spread_Ruonia_Ki,2026-02-28,2026-03-28,0.5400000000000063,0.6655130575631194,0.8020385832586261,0.12551305756311315,0.26203858325861984,1,2,1
1,spread_Ruonia_Ki,2026-03-31,2026-04-30,-0.28000000000000114,0.5844130425888163,0.7040280632231986,0.8644130425888175,0.9840280632231997,1,2,1
1,spread_Ruonia_Ki,2026-04-30,2026-05-30,0.09000000000000341,0.5174873274230382,0.5868412936839087,0.42748732742303475,0.4968412936839053,1,2,1
1,d_spread_Ruonia_Ki,2016-03-31,2016-04-30,1.0900000000000034,0.6630067765407455,0.7125548458588296,0.42699322345925794,0.37744515414117386,1,1,1
1,d_spread_Ruonia_Ki,2016-04-30,2016-05-30,0.20999999999999375,0.6334112255499219,0.6324694524888218,0.42341122554992816,0.42246945248882806,1,1,1
1,d_spread_Ruonia_Ki,2016-05-31,2016-06-30,0.23999999999999488,0.7593920110190119,0.8224179540730009,0.519392011019017,0.582417954073006,1,1,1
1,d_spread_Ruonia_Ki,2016-06-30,2016-07-30,0.6099999999999994,0.6890872479506255,0.6095554632993245,0.07908724795062605,0.00044453670067490236,1,1,1
1,d_spread_Ruonia_Ki,2016-07-31,2016-08-31,0.09000000000000341,0.5207938703538777,0.616510167771033,0.4307938703538743,0.5265101677710295,1,1,1
1,d_spread_Ruonia_Ki,2016-08-31,2016-09-30,-0.12999999999999545,0.6753282963661527,0.6944939737319613,0.8053282963661481,0.8244939737319568,1,1,1
1,d_spread_Ruonia_Ki,2016-09-30,2016-10-30,0.5999999999999943,0.565466561396895,0.5584656346021161,0.03453343860309932,0.04153436539787825,1,1,1
1,d_spread_Ruonia_Ki,2016-10-31,2016-11-30,0.29000000000000625,0.5981075794494355,0.5065772238998854,0.30810757944942924,0.2165772238998791,1,1,1
1,d_spread_Ruonia_Ki,2016-11-30,2016-12-30,1.3299999999999983,0.6875008125552303,0.6786123323137393,0.642499187444768,0.651387667686259,1,1,1
1,d_spread_Ruonia_Ki,2016-12-31,2017-01-31,0.46999999999999886,0.6005395287529469,0.6116562449162964,0.13053952875294805,0.14165624491629758,1,1,1
1,d_spread_Ruonia_Ki,2017-01-31,2017-02-28,0.3299999999999983,0.8699087251126769,0.8629624260594635,0.5399087251126786,0.5329624260594652,1,1,1
1,d_spread_Ruonia_Ki,2017-02-28,2017-03-28,0.20000000000000284,0.6227751551454197,0.64879402569384,0.42277515514541686,0.4487940256938372,1,1,1
1,d_spread_Ruonia_Ki,2017-03-31,2017-04-30,0.769999999999996,0.626513042075496,0.6093190168758387,0.14348695792450006,0.16068098312415735,1,1,1
1,d_spread_Ruonia_Ki,2017-04-30,2017-05-30,0.45999999999999375,0.6210495310683086,0.5808389186489991,0.16104953106831488,0.12083891864900531,1,1,1
1,d_spread_Ruonia_Ki,2017-05-31,2017-06-30,0.5799999999999983,0.621667613777128,0.7150941934737118,0.041667613777129686,0.13509419347371354,1,1,1
1,d_spread_Ruonia_Ki,2017-06-30,2017-07-30,-0.480000000000004,0.6044784832120854,0.639426245450748,1.0844784832120893,1.119426245450752,1,1,1
1,d_spread_Ruonia_Ki,2017-07-31,2017-08-31,-0.5100000000000051,0.6455562261870698,0.6546491377554177,1.1555562261870749,1.164649137755423,1,1,1
1,d_spread_Ruonia_Ki,2017-08-31,2017-09-30,-0.14000000000000057,0.45866435748965545,0.37710062545144574,0.598664357489656,0.5171006254514463,1,1,1
1,d_spread_Ruonia_Ki,2017-09-30,2017-10-30,0.1599999999999966,0.29010741429348263,0.3477572132512409,0.13010741429348605,0.18775721325124434,1,1,1
1,d_spread_Ruonia_Ki,2017-10-31,2017-11-30,0.18000000000000682,0.4601928603379288,0.4388960198537129,0.28019286033792196,0.2588960198537061,1,1,1
1,d_spread_Ruonia_Ki,2017-11-30,2017-12-30,0.4399999999999977,0.5067474766173596,0.5139897498824616,0.06674747661736191,0.07398974988246387,1,1,1
1,d_spread_Ruonia_Ki,2017-12-31,2018-01-31,-0.030000000000001137,0.5202454782276442,0.5182454926651985,0.5502454782276454,0.5482454926651996,1,1,1
1,d_spread_Ruonia_Ki,2018-01-31,2018-02-28,0.3400000000000034,0.5377691752567436,0.582050280113199,0.1977691752567402,0.24205028011319563,1,1,1
1,d_spread_Ruonia_Ki,2018-02-28,2018-03-28,0.0799999999999983,0.32062262727982876,0.4480571795603897,0.24062262727983047,0.3680571795603914,1,1,1
1,d_spread_Ruonia_Ki,2018-03-31,2018-04-30,0.5,0.5652605133859117,0.5458972623899677,0.06526051338591166,0.04589726238996772,1,1,1
1,d_spread_Ruonia_Ki,2018-04-30,2018-05-30,0.09000000000000341,0.478891889152631,0.4713238065321401,0.38889188915262757,0.3813238065321367,1,1,1
1,d_spread_Ruonia_Ki,2018-05-31,2018-06-30,0.6400000000000006,0.5319930544637983,0.5863618109862392,0.10800694553620227,0.053638189013761384,1,1,1
1,d_spread_Ruonia_Ki,2018-06-30,2018-07-30,0.12000000000000455,0.47622738817507615,0.4684728249527239,0.3562273881750716,0.34847282495271936,1,1,1
1,d_spread_Ruonia_Ki,2018-07-31,2018-08-31,-0.04999999999999716,0.6146151518196812,0.6239020182727284,0.6646151518196783,0.6739020182727256,1,1,1
1,d_spread_Ruonia_Ki,2018-08-31,2018-09-30,-0.29999999999999716,0.42295403617502386,0.46501870544211465,0.7229540361750211,0.7650187054421118,1,1,1
1,d_spread_Ruonia_Ki,2018-09-30,2018-10-30,0.09000000000000341,0.415192416297231,0.4023406876575512,0.3251924162972276,0.3123406876575478,1,1,1
1,d_spread_Ruonia_Ki,2018-10-31,2018-11-30,0.8700000000000045,0.3406443294641012,0.32020935862428984,0.5293556705359033,0.5497906413757148,1,1,1
1,d_spread_Ruonia_Ki,2018-11-30,2018-12-30,1.0799999999999983,0.4574999687842856,0.44966634950553674,0.6225000312157127,0.6303336504944616,1,1,1
1,d_spread_Ruonia_Ki,2018-12-31,2019-01-31,1.1400000000000006,0.6676740191153666,0.6841775931012954,0.47232598088463396,0.4558224068987051,1,1,1
1,d_spread_Ruonia_Ki,2019-01-31,2019-02-28,0.7099999999999937,0.7273769777947143,0.7500640456700117,0.017376977794720583,0.04006404567001798,1,1,1
1,d_spread_Ruonia_Ki,2019-02-28,2019-03-28,0.5499999999999972,0.7919917452586237,0.7669638269171146,0.24199174525862654,0.21696382691711746,1,1,1
1,d_spread_Ruonia_Ki,2019-03-31,2019-04-30,0.5900000000000034,0.7367603020819121,0.6398862538913717,0.1467603020819087,0.04988625389136825,1,1,1
1,d_spread_Ruonia_Ki,2019-04-30,2019-05-30,0.5300000000000011,0.6056543385628013,0.5932972464194851,0.07565433856280013,0.06329724641948398,1,1,1
1,d_spread_Ruonia_Ki,2019-05-31,2019-06-30,-0.4099999999999966,0.6642667118379242,0.6042555039085644,1.0742667118379208,1.014255503908561,1,1,1
1,d_spread_Ruonia_Ki,2019-06-30,2019-07-30,-0.0799999999999983,0.6477941980982176,0.5778187932667069,0.7277941980982159,0.6578187932667052,1,1,1
1,d_spread_Ruonia_Ki,2019-07-31,2019-08-31,-0.1700000000000017,0.30037409987053826,0.2988824144424903,0.47037409987053996,0.468882414442492,1,1,1
1,d_spread_Ruonia_Ki,2019-08-31,2019-09-30,-0.3199999999999932,0.38528544015077554,0.38427020727168076,0.7052854401507687,0.704270207271674,1,1,1
1,d_spread_Ruonia_Ki,2019-09-30,2019-10-30,0.29999999999999716,0.3382439824403927,0.34407786974245835,0.03824398244039556,0.044077869742461195,1,1,1
1,d_spread_Ruonia_Ki,2019-10-31,2019-11-30,0.39000000000000057,0.30516429780280085,0.29683085783936086,0.08483570219719971,0.0931691421606397,1,1,1
1,d_spread_Ruonia_Ki,2019-11-30,2019-12-30,0.4099999999999966,0.48884922488919175,0.48978629087075776,0.07884922488919516,0.07978629087076117,1,1,1
1,d_spread_Ruonia_Ki,2019-12-31,2020-01-31,0.5,0.5321457054219901,0.5167093720220681,0.032145705421990134,0.016709372022068125,1,1,1
1,d_spread_Ruonia_Ki,2020-01-31,2020-02-29,0.4000000000000057,0.48021635374155414,0.5227188595896106,0.08021635374154845,0.12271885958960493,1,1,1
1,d_spread_Ruonia_Ki,2020-02-29,2020-03-29,0.6700000000000017,0.6953276328959329,0.5493898799531858,0.025327632895931207,0.12061012004681593,1,1,1
1,d_spread_Ruonia_Ki,2020-03-31,2020-04-30,1.2999999999999972,0.5432215957627344,0.5195720740513387,0.7567784042372627,0.7804279259486585,1,1,1
1,d_spread_Ruonia_Ki,2020-04-30,2020-05-30,0.12000000000000455,0.5766385886675846,0.6090054720155187,0.45663858866758,0.48900547201551414,1,1,1
1,d_spread_Ruonia_Ki,2020-05-31,2020-06-30,0.010000000000005116,0.7843858970274432,0.797095893928031,0.7743858970274381,0.7870958939280259,1,1,1
1,d_spread_Ruonia_Ki,2020-06-30,2020-07-30,-0.15000000000000568,0.34281564861266023,0.43562055652824716,0.4928156486126659,0.5856205565282528,1,1,1
1,d_spread_Ruonia_Ki,2020-07-31,2020-08-31,0.10999999999999943,0.30634036376220675,0.3956016610321082,0.19634036376220732,0.28560166103210877,1,1,1
1,d_spread_Ruonia_Ki,2020-08-31,2020-09-30,0.12999999999999545,0.22085730388029912,0.3431759528562957,0.09085730388030366,0.21317595285630025,1,1,1
1,d_spread_Ruonia_Ki,2020-09-30,2020-10-30,0.5,0.40721839011301336,0.41896256601363785,0.09278160988698664,0.08103743398636215,1,1,1
1,d_spread_Ruonia_Ki,2020-10-31,2020-11-30,0.7800000000000011,0.4529094406684246,0.4260068626438948,0.32709055933157655,0.3539931373561063,1,1,1
1,d_spread_Ruonia_Ki,2020-11-30,2020-12-30,0.9000000000000057,0.48721463747385324,0.5418066174233351,0.41278536252615244,0.35819338257667055,1,1,1
1,d_spread_Ruonia_Ki,2020-12-31,2021-01-31,0.5999999999999943,0.4974160564190482,0.6290963996535449,0.10258394358094614,0.029096399653550598,1,1,1
1,d_spread_Ruonia_Ki,2021-01-31,2021-02-28,1.0300000000000011,0.6477441180375589,0.6650550363207812,0.3822558819624422,0.3649449636792199,1,1,1
1,d_spread_Ruonia_Ki,2021-02-28,2021-03-28,1.3100000000000023,0.5118411142362299,0.5773582273501068,0.7981588857637724,0.7326417726498955,1,1,1
1,d_spread_Ruonia_Ki,2021-03-31,2021-04-30,0.8599999999999994,0.44337079948668784,0.7135829251582541,0.4166292005133116,0.14641707484174538,1,1,1
1,d_spread_Ruonia_Ki,2021-04-30,2021-05-30,0.4099999999999966,0.8127405320278707,0.8006136043280879,0.4027405320278741,0.39061360432809134,1,1,1
1,d_spread_Ruonia_Ki,2021-05-31,2021-06-30,0.5600000000000023,0.6562169144067772,0.6591051975341841,0.09621691440677493,0.09910519753418179,1,1,1
1,d_spread_Ruonia_Ki,2021-06-30,2021-07-30,0.21999999999999886,0.44042421893706807,0.5233339178299361,0.2204242189370692,0.30333391782993724,1,1,1
1,d_spread_Ruonia_Ki,2021-07-31,2021-08-31,0.1599999999999966,0.6196439642299743,0.5660662340380624,0.45964396422997766,0.40606623403806585,1,1,1
1,d_spread_Ruonia_Ki,2021-08-31,2021-09-30,0.730000000000004,0.41192306352666036,0.4607972586882419,0.3180769364733436,0.2692027413117621,1,1,1
1,d_spread_Ruonia_Ki,2021-09-30,2021-10-30,0.9200000000000017,0.547590149257057,0.44539275151325153,0.37240985074294475,0.4746072484867502,1,1,1
1,d_spread_Ruonia_Ki,2021-10-31,2021-11-30,0.8599999999999994,0.6665697870460293,0.6188602102393264,0.19343021295397012,0.24113978976067307,1,1,1
1,d_spread_Ruonia_Ki,2021-11-30,2021-12-30,0.20999999999999375,-1.4615825987451587,0.6769836040520857,1.6715825987451525,0.46698360405209194,1,1,1
1,d_spread_Ruonia_Ki,2021-12-31,2022-01-31,1.2199999999999989,0.7134803496999365,0.6551831667399071,0.5065196503000624,0.5648168332600918,1,1,1
1,d_spread_Ruonia_Ki,2022-01-31,2022-02-28,0.9399999999999977,0.8452771261178503,0.467176329310473,0.0947228738821474,0.47282367068952474,1,1,1
1,d_spread_Ruonia_Ki,2022-02-28,2022-03-28,5.549999999999997,1.1830567723838334,0.7679262453545015,4.366943227616163,4.782073754645496,1,1,1
1,d_spread_Ruonia_Ki,2022-03-31,2022-04-30,3.280000000000001,1.3565078734854126,0.7364824805497581,1.9234921265145886,2.5435175194502433,1,4,1
1,d_spread_Ruonia_Ki,2022-04-30,2022-05-30,0.6800000000000068,4.009753124636809,2.4134217398737117,3.3297531246368024,1.7334217398737048,1,4,1
1,d_spread_Ruonia_Ki,2022-05-31,2022-06-30,-0.6800000000000068,0.46662495969710305,1.3175191628998495,1.1466249596971099,1.9975191628998563,1,4,1
1,d_spread_Ruonia_Ki,2022-06-30,2022-07-30,-0.769999999999996,-0.4517523829074137,0.6328872092753983,0.3182476170925823,1.4028872092753943,1,4,1
1,d_spread_Ruonia_Ki,2022-07-31,2022-08-31,-0.5699999999999932,-3.405436274005999,0.3528888988994352,2.835436274006006,0.9228888988994284,1,4,1
1,d_spread_Ruonia_Ki,2022-08-31,2022-09-30,0.3299999999999983,0.6349949211763173,0.31045045456204656,0.304994921176319,0.019549545437951732,1,4,1
1,d_spread_Ruonia_Ki,2022-09-30,2022-10-30,0.6599999999999966,0.9668852032706723,0.3533290394114062,0.3068852032706757,0.3066709605885904,1,4,1
1,d_spread_Ruonia_Ki,2022-10-31,2022-11-30,0.2600000000000051,1.248904530591667,0.546999885546881,0.988904530591662,0.28699988554687583,1,4,1
1,d_spread_Ruonia_Ki,2022-11-30,2022-12-30,0.5699999999999932,0.6405075889173111,0.6137840827245774,0.0705075889173179,0.04378408272458423,1,4,1
1,d_spread_Ruonia_Ki,2022-12-31,2023-01-31,1.1299999999999955,0.6735069225645515,0.5299865465291306,0.456493077435444,0.6000134534708649,1,4,1
1,d_spread_Ruonia_Ki,2023-01-31,2023-02-28,0.75,0.6425909011088998,0.5986771158783584,0.10740909889110017,0.15132288412164163,1,4,1
1,d_spread_Ruonia_Ki,2023-02-28,2023-03-28,0.39000000000000057,0.6638373330651172,0.7152942378495789,0.2738373330651166,0.32529423784957834,1,4,1
1,d_spread_Ruonia_Ki,2023-03-31,2023-04-30,0.7199999999999989,0.7196078368656301,0.6345203514499975,0.0003921631343687393,0.08547964855000134,1,4,1
1,d_spread_Ruonia_Ki,2023-04-30,2023-05-30,-0.25,0.5858919097314125,0.5613133997763556,0.8358919097314125,0.8113133997763556,1,4,1
1,d_spread_Ruonia_Ki,2023-05-31,2023-06-30,0.4300000000000068,0.6525546795526698,0.6240237279686651,0.22255467955266295,0.1940237279686583,1,4,1
1,d_spread_Ruonia_Ki,2023-06-30,2023-07-30,0.5,0.3320138096593949,0.42239493453085364,0.16798619034060508,0.07760506546914636,1,4,1
1,d_spread_Ruonia_Ki,2023-07-31,2023-08-31,-0.06999999999999318,0.15767362409007407,0.5634847989304556,0.22767362409006725,0.6334847989304487,1,4,1
1,d_spread_Ruonia_Ki,2023-08-31,2023-09-30,1.75,0.5882795424095635,0.5738578490131099,1.1617204575904365,1.1761421509868901,1,4,1
1,d_spread_Ruonia_Ki,2023-09-30,2023-10-30,0.45999999999999375,0.6656761037380035,0.46394001044310185,0.2056761037380097,0.0039400104431080996,1,4,1
1,d_spread_Ruonia_Ki,2023-10-31,2023-11-30,0.7399999999999949,1.6345153103577155,0.8384184945655774,0.8945153103577206,0.09841849456558249,1,4,1
1,d_spread_Ruonia_Ki,2023-11-30,2023-12-30,0.29000000000000625,0.6097846651268332,0.5725371923666336,0.3197846651268269,0.28253719236662733,1,4,1
1,d_spread_Ruonia_Ki,2023-12-31,2024-01-31,0.8700000000000045,0.7738585661676306,0.628193516348731,0.09614143383237395,0.24180648365127355,1,4,1
1,d_spread_Ruonia_Ki,2024-01-31,2024-02-29,0.5300000000000011,0.20423586548579228,0.5372528554302838,0.3257641345142088,0.007252855430282645,1,4,1
1,d_spread_Ruonia_Ki,2024-02-29,2024-03-29,0.5300000000000011,0.7720430407619624,0.6563452426108033,0.24204304076196126,0.12634524261080216,1,4,1
1,d_spread_Ruonia_Ki,2024-03-31,2024-04-30,0.37999999999999545,0.2801913491981361,0.5857820832750568,0.09980865080185936,0.2057820832750613,1,4,1
1,d_spread_Ruonia_Ki,2024-04-30,2024-05-30,0.9399999999999977,0.5197486242810189,0.5845577553977048,0.42025137571897886,0.3554422446022929,1,4,1
1,d_spread_Ruonia_Ki,2024-05-31,2024-06-30,0.18000000000000682,0.4780669177157896,0.5559144176851901,0.29806691771578275,0.3759144176851833,1,4,1
1,d_spread_Ruonia_Ki,2024-06-30,2024-07-30,1.0699999999999932,0.43040199428852804,0.6687989208218226,0.6395980057114652,0.4012010791781706,1,4,1
1,d_spread_Ruonia_Ki,2024-07-31,2024-08-31,0.09000000000000341,0.5783998574579177,0.5141101033778741,0.48839985745791425,0.4241101033778707,1,4,1
1,d_spread_Ruonia_Ki,2024-08-31,2024-09-30,0.6200000000000045,0.5801811540770185,0.6968845305294492,0.03981884592298601,0.07688453052944466,1,4,1
1,d_spread_Ruonia_Ki,2024-09-30,2024-10-30,1.019999999999996,1.0036576072186556,0.4918253910211487,0.01634239278134042,0.5281746089788473,1,4,1
1,d_spread_Ruonia_Ki,2024-10-31,2024-11-30,1.5,0.46030225395729435,0.6053711716195785,1.0396977460427057,0.8946288283804215,1,4,1
1,d_spread_Ruonia_Ki,2024-11-30,2024-12-30,0.9099999999999966,0.8710270927653591,0.6928249306864104,0.03897290723463753,0.2171750693135862,1,4,1
1,d_spread_Ruonia_Ki,2024-12-31,2025-01-31,0.8400000000000034,0.6629144992486902,0.7937073066166639,0.17708550075131324,0.04629269338333952,1,4,1
1,d_spread_Ruonia_Ki,2025-01-31,2025-02-28,1.3400000000000034,0.9101482745984176,0.6720261623268013,0.4298517254015858,0.6679738376732021,1,4,1
1,d_spread_Ruonia_Ki,2025-02-28,2025-03-28,0.8100000000000023,0.5523747363803806,0.6616542734356966,0.2576252636196217,0.14834572656430567,1,4,1
1,d_spread_Ruonia_Ki,2025-03-31,2025-04-30,0.5300000000000011,0.44343656116095964,0.7673093776803493,0.0865634388390415,0.2373093776803482,1,4,1
1,d_spread_Ruonia_Ki,2025-04-30,2025-05-30,-0.06999999999999318,0.6365487098034269,0.6546437707872811,0.7065487098034201,0.7246437707872743,1,4,1
1,d_spread_Ruonia_Ki,2025-05-31,2025-06-30,-0.04000000000000625,0.6105063936914089,0.5926075299073235,0.6505063936914152,0.6326075299073297,1,4,1
1,d_spread_Ruonia_Ki,2025-06-30,2025-07-30,0.35999999999999943,0.47966037457460786,0.46484180328887076,0.11966037457460843,0.10484180328887133,1,4,1
1,d_spread_Ruonia_Ki,2025-07-31,2025-08-31,-0.5699999999999932,0.4033797495782866,0.47002281918661143,0.9733797495782798,1.0400228191866046,1,4,1
1,d_spread_Ruonia_Ki,2025-08-31,2025-09-30,1.0,0.7197516294629998,0.5458610176810805,0.28024837053700025,0.45413898231891947,1,4,1
1,d_spread_Ruonia_Ki,2025-09-30,2025-10-30,0.5300000000000011,0.2204686772591262,0.35017285213968513,0.3095313227408749,0.179827147860316,1,4,1
1,d_spread_Ruonia_Ki,2025-10-31,2025-11-30,0.15000000000000568,0.7430024281671949,0.6852743346125226,0.5930024281671892,0.5352743346125169,1,4,1
1,d_spread_Ruonia_Ki,2025-11-30,2025-12-30,0.29000000000000625,0.33720108452082037,0.5832893790537549,0.04720108452081412,0.29328937905374863,1,4,1
1,d_spread_Ruonia_Ki,2025-12-31,2026-01-31,1.5699999999999932,0.7679373284010995,0.5021027990024022,0.8020626715988937,1.067897200997591,1,4,1
1,d_spread_Ruonia_Ki,2026-01-31,2026-02-28,1.0999999999999943,0.47515541561103836,0.5385143907065009,0.624844584388956,0.5614856092934934,1,4,1
1,d_spread_Ruonia_Ki,2026-02-28,2026-03-28,0.5400000000000063,0.8145871183394319,0.8020385832586261,0.2745871183394256,0.26203858325861984,1,4,1
1,d_spread_Ruonia_Ki,2026-03-31,2026-04-30,-0.28000000000000114,0.7260898168233512,0.7040280632231986,1.0060898168233523,0.9840280632231997,1,4,1
1,d_spread_Ruonia_Ki,2026-04-30,2026-05-30,0.09000000000000341,0.5776219916614939,0.5868412936839087,0.48762199166149045,0.4968412936839053,1,4,1
2,Nonprod,2016-02-29,2016-04-29,1.0900000000000034,0.7308356817923607,0.7464080301133652,0.3591643182076427,0.3435919698866382,1,1,1
2,Nonprod,2016-03-31,2016-05-31,0.20999999999999375,0.7307757894719188,0.7440492487437382,0.520775789471925,0.5340492487437445,1,1,1
2,Nonprod,2016-04-30,2016-06-30,0.23999999999999488,0.7233821006894855,0.7204275009318398,0.4833821006894906,0.48042750093184494,1,1,1
2,Nonprod,2016-05-31,2016-07-31,0.6099999999999994,0.75871393672725,0.7525390882281845,0.14871393672725053,0.14253908822818506,1,1,1
2,Nonprod,2016-06-30,2016-08-30,0.09000000000000341,0.6931117303084867,0.7077152047052452,0.6031117303084833,0.6177152047052418,1,1,1
2,Nonprod,2016-07-31,2016-09-30,-0.12999999999999545,0.688301851022562,0.696900260091386,0.8183018510225575,0.8269002600913814,1,1,1
2,Nonprod,2016-08-31,2016-10-31,0.5999999999999943,0.6971757484562574,0.7057613656638394,0.09717574845626309,0.10576136566384509,1,1,1
2,Nonprod,2016-09-30,2016-11-30,0.29000000000000625,0.6709055893403943,0.6695210145190046,0.3809055893403881,0.37952101451899833,1,1,1
2,Nonprod,2016-10-31,2016-12-31,1.3299999999999983,0.6720341604779401,0.644925383879446,0.6579658395220582,0.6850746161205523,1,1,1
2,Nonprod,2016-11-30,2017-01-30,0.46999999999999886,0.7045456318124013,0.7083972626821695,0.2345456318124024,0.23839726268217065,1,1,1
2,Nonprod,2016-12-31,2017-02-28,0.3299999999999983,0.7046040203190287,0.6868208589579771,0.3746040203190304,0.35682085895797877,1,1,1
2,Nonprod,2017-01-31,2017-03-31,0.20000000000000284,0.8375749489661197,0.7469948705108302,0.6375749489661169,0.5469948705108274,1,1,1
2,Nonprod,2017-02-28,2017-04-28,0.769999999999996,0.6947813409184252,0.6878378110435143,0.07521865908157077,0.08216218895648175,1,1,1
2,Nonprod,2017-03-31,2017-05-31,0.45999999999999375,0.680388558202535,0.6811520674711973,0.22038855820254122,0.22115206747120353,1,1,1
2,Nonprod,2017-04-30,2017-06-30,0.5799999999999983,0.6829479212821673,0.6703114986809529,0.10294792128216901,0.09031149868095456,1,1,1
2,Nonprod,2017-05-31,2017-07-31,-0.480000000000004,0.6974389018702286,0.70213284416888,1.1774389018702327,1.1821328441688839,1,1,1
2,Nonprod,2017-06-30,2017-08-30,-0.5100000000000051,0.6583869175967733,0.6708732401774332,1.1683869175967785,1.1808732401774384,1,1,1
2,Nonprod,2017-07-31,2017-09-30,-0.14000000000000057,0.6168933622119674,0.6635381906845442,0.756893362211968,0.8035381906845448,1,1,1
2,Nonprod,2017-08-31,2017-10-31,0.1599999999999966,0.5955568851663187,0.5836767557971743,0.43555688516632207,0.4236767557971777,1,1,1
2,Nonprod,2017-09-30,2017-11-30,0.18000000000000682,0.5925601326818815,0.5637613523169852,0.41256013268187464,0.3837613523169784,1,1,1
2,Nonprod,2017-10-31,2017-12-31,0.4399999999999977,0.5810598679294905,0.5802010931467809,0.14105986792949277,0.1402010931467832,1,1,1
2,Nonprod,2017-11-30,2018-01-30,-0.030000000000001137,0.5916188523028978,0.6036260674525218,0.6216188523028989,0.6336260674525229,1,1,1
2,Nonprod,2017-12-31,2018-02-28,0.3400000000000034,0.528825458791845,0.5953274021904059,0.18882545879184154,0.2553274021904025,1,1,1
2,Nonprod,2018-01-31,2018-03-31,0.0799999999999983,0.5391009174590989,0.6171202754102683,0.45910091745910064,0.53712027541027,1,1,1
2,Nonprod,2018-02-28,2018-04-28,0.5,0.5283390009497778,0.5632289365434707,0.028339000949777815,0.06322893654347073,1,1,1
2,Nonprod,2018-03-31,2018-05-31,0.09000000000000341,0.5602984641588715,0.599860903443618,0.4702984641588681,0.5098609034436146,1,1,1
2,Nonprod,2018-04-30,2018-06-30,0.6400000000000006,0.5214110189715943,0.5661266506113803,0.11858898102840632,0.07387334938862022,1,1,1
2,Nonprod,2018-05-31,2018-07-31,0.12000000000000455,0.5904090275457615,0.6114048836156901,0.470409027545757,0.4914048836156856,1,1,1
2,Nonprod,2018-06-30,2018-08-30,-0.04999999999999716,0.6145647914502546,0.5626621004651137,0.6645647914502517,0.6126621004651108,1,1,1
2,Nonprod,2018-07-31,2018-09-30,-0.29999999999999716,0.5554710415102979,0.6150627104663069,0.8554710415102951,0.915062710466304,1,1,1
2,Nonprod,2018-08-31,2018-10-31,0.09000000000000341,0.5128573978579385,0.5471986824190319,0.4228573978579351,0.4571986824190285,1,1,1
2,Nonprod,2018-09-30,2018-11-30,0.8700000000000045,0.49627060301771,0.5202386680908765,0.37372939698229457,0.34976133190912806,1,1,1
2,Nonprod,2018-10-31,2018-12-31,1.0799999999999983,0.5089989298869458,0.4985085991023262,0.5710010701130525,0.5814914008976722,1,1,1
2,Nonprod,2018-11-30,2019-01-30,1.1400000000000006,0.5210659378387053,0.5538003118576067,0.6189340621612953,0.5861996881423939,1,1,1
2,Nonprod,2018-12-31,2019-02-28,0.7099999999999937,0.5862085068189453,0.6380217227785586,0.12379149318104843,0.07197827722143513,1,1,1
2,Nonprod,2019-01-31,2019-03-31,0.5499999999999972,0.577264967341063,0.6591861083192806,0.02726496734106587,0.10918610831928344,1,1,1
2,Nonprod,2019-02-28,2019-04-28,0.5900000000000034,0.5938601810944759,0.6635129823859784,0.0038601810944725035,0.07351298238597503,1,1,1
2,Nonprod,2019-03-31,2019-05-31,0.5300000000000011,0.5785131388403063,0.6214097398209836,0.04851313884030517,0.09140973982098244,1,1,1
2,Nonprod,2019-04-30,2019-06-30,-0.4099999999999966,0.5544117153443375,0.6053109257113513,0.9644117153443341,1.015310925711348,1,1,1
2,Nonprod,2019-05-31,2019-07-31,-0.0799999999999983,0.5669611904185824,0.5999161596342186,0.6469611904185807,0.6799161596342169,1,1,1
2,Nonprod,2019-06-30,2019-08-30,-0.1700000000000017,0.5497236325423988,0.5879796708950245,0.7197236325424005,0.7579796708950262,1,1,1
2,Nonprod,2019-07-31,2019-09-30,-0.3199999999999932,0.5043102276754928,0.48820583263793427,0.824310227675486,0.8082058326379274,1,1,1
2,Nonprod,2019-08-31,2019-10-31,0.29999999999999716,0.47657291065114826,0.5028159356294178,0.1765729106511511,0.20281593562942068,1,1,1
2,Nonprod,2019-09-30,2019-11-30,0.39000000000000057,0.49998666179321166,0.4887009156456939,0.1099866617932111,0.09870091564569333,1,1,1
2,Nonprod,2019-10-31,2019-12-31,0.4099999999999966,0.4969267064142678,0.4689809042289164,0.0869267064142712,0.05898090422891983,1,1,1
2,Nonprod,2019-11-30,2020-01-30,0.5,0.5654305648908291,0.5416505604837759,0.0654305648908291,0.04165056048377591,1,1,1
2,Nonprod,2019-12-31,2020-02-29,0.4000000000000057,0.5458279137396627,0.5520044318094024,0.14582791373965698,0.1520044318093967,1,1,1
2,Nonprod,2020-01-31,2020-03-31,0.6700000000000017,0.5020518003807174,0.5530174432740718,0.1679481996192843,0.11698255672592994,1,1,1
2,Nonprod,2020-02-29,2020-04-29,1.2999999999999972,0.514328282435385,0.5648516941351283,0.7856717175646122,0.7351483058648689,1,1,1
2,Nonprod,2020-03-31,2020-05-31,0.12000000000000455,0.5075395975803263,0.5591751015639014,0.38753959758032175,0.43917510156389683,1,1,1
2,Nonprod,2020-04-30,2020-06-30,0.010000000000005116,0.5155084252238694,0.5877307837431253,0.5055084252238643,0.5777307837431201,1,1,1
2,Nonprod,2020-05-31,2020-07-31,-0.15000000000000568,0.5461794614894901,0.6581539555531681,0.6961794614894958,0.8081539555531738,1,1,1
2,Nonprod,2020-06-30,2020-08-30,0.10999999999999943,0.5239518456473526,0.515657980138321,0.4139518456473532,0.40565798013832155,1,1,1
2,Nonprod,2020-07-31,2020-09-30,0.12999999999999545,0.5404298147824521,0.49840935156519334,0.41042981478245666,0.3684093515651979,1,1,1
2,Nonprod,2020-08-31,2020-10-31,0.5,0.490789857357449,0.47468322158516146,0.00921014264255099,0.025316778414838537,1,1,1
2,Nonprod,2020-09-30,2020-11-30,0.7800000000000011,0.5036169956489654,0.5052939355445011,0.2763830043510357,0.27470606445550005,1,1,1
2,Nonprod,2020-10-31,2020-12-31,0.9000000000000057,0.5560162441899151,0.5107713196218668,0.34398375581009055,0.38922868037813885,1,1,1
2,Nonprod,2020-11-30,2021-01-30,0.5999999999999943,0.5189836705914227,0.5561229588941182,0.08101632940857162,0.04387704110587609,1,1,1
2,Nonprod,2020-12-31,2021-02-28,1.0300000000000011,0.5412915859843791,0.5874680952210493,0.48870841401562204,0.4425319047789519,1,1,1
2,Nonprod,2021-01-31,2021-03-31,1.3100000000000023,0.5460312783341236,0.604639517347202,0.7639687216658787,0.7053604826528003,1,1,1
2,Nonprod,2021-02-28,2021-04-28,0.8599999999999994,0.5288904308544897,0.5763782516621955,0.3311095691455097,0.28362174833780396,1,1,1
2,Nonprod,2021-03-31,2021-05-31,0.4099999999999966,0.5957079525562966,0.6285315278718313,0.18570795255630002,0.21853152787183472,1,1,1
2,Nonprod,2021-04-30,2021-06-30,0.5600000000000023,0.6289526867532498,0.6582409312084365,0.0689526867532475,0.09824093120843425,1,1,1
2,Nonprod,2021-05-31,2021-07-31,0.21999999999999886,0.5719395528810332,0.605598286670921,0.3519395528810343,0.3855982866709221,1,1,1
2,Nonprod,2021-06-30,2021-08-30,0.1599999999999966,0.5507943084542425,0.5520465020615334,0.3907943084542459,0.3920465020615368,1,1,1
2,Nonprod,2021-07-31,2021-09-30,0.730000000000004,0.541663189022837,0.5658956257645206,0.18833681097716692,0.1641043742354834,1,1,1
2,Nonprod,2021-08-31,2021-10-31,0.9200000000000017,0.5668912277559297,0.5287514709007319,0.353108772244072,0.39124852909926977,1,1,1
2,Nonprod,2021-09-30,2021-11-30,0.8599999999999994,0.6467928798826208,0.5258408471513577,0.21320712011737863,0.3341591528486417,1,1,1
2,Nonprod,2021-10-31,2021-12-31,0.20999999999999375,0.5910537572425019,0.590750214161632,0.3810537572425081,0.38075021416163823,1,1,1
2,Nonprod,2021-11-30,2022-01-30,1.2199999999999989,0.5894361519259618,0.6082336608027893,0.6305638480740371,0.6117663391972096,1,1,1
2,Nonprod,2021-12-31,2022-02-28,0.9399999999999977,0.5276510187845334,0.6070738620181559,0.41234898121546437,0.3329261379818418,1,1,1
2,Nonprod,2022-01-31,2022-03-31,5.549999999999997,0.5061553246758795,0.5370444736104005,5.0438446753241175,5.012955526389597,1,1,1
2,Nonprod,2022-02-28,2022-04-28,3.280000000000001,0.6279120472235844,0.664739919713151,2.6520879527764167,2.61526008028685,1,1,1
2,Nonprod,2022-03-31,2022-05-31,0.6800000000000068,0.6549525932777599,0.6700352514015372,0.025047406722246923,0.00996474859846963,1,1,1
2,Nonprod,2022-04-30,2022-06-30,-0.6800000000000068,1.4579928719135282,1.1674428442337395,2.137992871913535,1.8474428442337463,1,1,1
2,Nonprod,2022-05-31,2022-07-31,-0.769999999999996,0.6519723177444623,0.6227737699086631,1.4219723177444583,1.392773769908659,1,1,1
2,Nonprod,2022-06-30,2022-08-30,-0.5699999999999932,0.5953777804961182,0.6127869576455178,1.1653777804961114,1.182786957645511,1,1,1
2,Nonprod,2022-07-31,2022-09-30,0.3299999999999983,0.6438226446186539,0.6607637456720876,0.3138226446186556,0.3307637456720893,1,1,1
2,Nonprod,2022-08-31,2022-10-31,0.6599999999999966,0.6674902429374028,0.6556722802039456,0.0074902429374061885,0.004327719796050955,1,1,1
2,Nonprod,2022-09-30,2022-11-30,0.2600000000000051,0.6121350091808219,0.6484895132357482,0.35213500918081675,0.3884895132357431,1,1,1
2,Nonprod,2022-10-31,2022-12-31,0.5699999999999932,0.5824054866262613,0.6116992820890025,0.01240548662626817,0.041699282089009304,1,1,1
2,Nonprod,2022-11-30,2023-01-30,1.1299999999999955,0.6011464345590604,0.6009700523725036,0.5288535654409351,0.5290299476274919,1,1,1
2,Nonprod,2022-12-31,2023-02-28,0.75,0.6207820941733209,0.6169518402005132,0.12921790582667914,0.1330481597994868,1,1,1
2,Nonprod,2023-01-31,2023-03-31,0.39000000000000057,0.6459188964758065,0.608116322301369,0.2559188964758059,0.21811632230136846,1,1,1
2,Nonprod,2023-02-28,2023-04-28,0.7199999999999989,0.6222576545677623,0.5889450703821391,0.09774234543223659,0.1310549296178598,1,1,1
2,Nonprod,2023-03-31,2023-05-31,-0.25,0.6300396351516768,0.6019294856828399,0.8800396351516768,0.8519294856828399,1,1,1
2,Nonprod,2023-04-30,2023-06-30,0.4300000000000068,0.6209715187656134,0.6079751443141627,0.19097151876560658,0.17797514431415584,1,1,1
2,Nonprod,2023-05-31,2023-07-31,0.5,0.6084210586860487,0.5962737664306332,0.10842105868604868,0.09627376643063323,1,1,1
2,Nonprod,2023-06-30,2023-08-30,-0.06999999999999318,0.5945650013781952,0.6265878032931033,0.6645650013781884,0.6965878032930964,1,1,1
2,Nonprod,2023-07-31,2023-09-30,1.75,0.6041928916342773,0.5994609402012875,1.1458071083657226,1.1505390597987124,1,1,1
2,Nonprod,2023-08-31,2023-10-31,0.45999999999999375,0.5952585609229525,0.6049984606087117,0.13525856092295874,0.1449984606087179,1,1,1
2,Nonprod,2023-09-30,2023-11-30,0.7399999999999949,0.5857235704840543,0.6198759899414523,0.15427642951594056,0.12012401005854256,1,1,1
2,Nonprod,2023-10-31,2023-12-31,0.29000000000000625,0.5599328984679974,0.5692589616148358,0.2699328984679912,0.27925896161482955,1,1,1
2,Nonprod,2023-11-30,2024-01-30,0.8700000000000045,0.6219094697160172,0.6048483373241899,0.2480905302839873,0.2651516626758147,1,1,1
2,Nonprod,2023-12-31,2024-02-29,0.5300000000000011,0.6236085766286891,0.5975121198405096,0.09360857662868793,0.06751211984050842,1,1,1
2,Nonprod,2024-01-31,2024-03-31,0.5300000000000011,0.6282095943809269,0.6115922506838951,0.0982095943809258,0.08159225068389397,1,1,1
2,Nonprod,2024-02-29,2024-04-29,0.37999999999999545,0.6228418626144978,0.5924918401626964,0.24284186261450236,0.21249184016270095,1,1,1
2,Nonprod,2024-03-31,2024-05-31,0.9399999999999977,0.6244996986137623,0.6021423830840023,0.3155003013862354,0.3378576169159955,1,1,1
2,Nonprod,2024-04-30,2024-06-30,0.18000000000000682,0.6441524418675248,0.6041525119172924,0.46415244186751803,0.42415251191728554,1,1,1
2,Nonprod,2024-05-31,2024-07-31,1.0699999999999932,0.6086819080396576,0.6065084192461049,0.4613180919603356,0.4634915807538883,1,1,1
2,Nonprod,2024-06-30,2024-08-30,0.09000000000000341,0.6099906875326122,0.5906889046682734,0.5199906875326088,0.50068890466827,1,1,1
2,Nonprod,2024-07-31,2024-09-30,0.6200000000000045,0.6300009518158103,0.6139671872064819,0.010000951815805736,0.006032812793522635,1,1,1
2,Nonprod,2024-08-31,2024-10-31,1.019999999999996,0.5793742768008361,0.5827074183324883,0.44062572319915994,0.43729258166750773,1,1,1
2,Nonprod,2024-09-30,2024-11-30,1.5,0.609177581097874,0.6186328867102214,0.890822418902126,0.8813671132897786,1,1,1
2,Nonprod,2024-10-31,2024-12-31,0.9099999999999966,0.5961621682962559,0.6060088210023327,0.3138378317037407,0.3039911789976639,1,1,1
2,Nonprod,2024-11-30,2025-01-30,0.8400000000000034,0.6001454120928177,0.592646556436046,0.23985458790718572,0.2473534435639574,1,1,1
2,Nonprod,2024-12-31,2025-02-28,1.3400000000000034,0.6057436251911102,0.5768333876309029,0.7342563748088932,0.7631666123691005,1,1,1
2,Nonprod,2025-01-31,2025-03-31,0.8100000000000023,0.6196201084196542,0.6047010802678636,0.19037989158034807,0.20529891973213865,1,1,1
2,Nonprod,2025-02-28,2025-04-28,0.5300000000000011,0.6230684548199026,0.6080755098954871,0.09306845481990145,0.07807550989548595,1,1,1
2,Nonprod,2025-03-31,2025-05-31,-0.06999999999999318,0.6190668609271712,0.592798203085007,0.6890668609271644,0.6627982030850001,1,1,1
2,Nonprod,2025-04-30,2025-06-30,-0.04000000000000625,0.6203947512656935,0.6039831642423158,0.6603947512656998,0.643983164242322,1,1,1
2,Nonprod,2025-05-31,2025-07-31,0.35999999999999943,0.6282037648287628,0.6101721531063841,0.2682037648287634,0.25017215310638463,1,1,1
2,Nonprod,2025-06-30,2025-08-30,-0.5699999999999932,0.6454251336238701,0.629922698383374,1.2154251336238633,1.199922698383367,1,1,1
2,Nonprod,2025-07-31,2025-09-30,1.0,0.6103764051311299,0.617047459186006,0.3896235948688701,0.382952540813994,1,1,1
2,Nonprod,2025-08-31,2025-10-31,0.5300000000000011,0.611648823738688,0.6088768769937931,0.08164882373868687,0.07887687699379198,1,1,1
2,Nonprod,2025-09-30,2025-11-30,0.15000000000000568,0.6207213891475523,0.6357355142789777,0.4707213891475466,0.485735514278972,1,1,1
2,Nonprod,2025-10-31,2025-12-31,0.29000000000000625,0.585231295119651,0.5891598840883976,0.29523129511964474,0.29915988408839134,1,1,1
2,Nonprod,2025-11-30,2026-01-30,1.5699999999999932,0.6002691409993034,0.5989006960553657,0.9697308590006898,0.9710993039446275,1,1,1
2,Nonprod,2025-12-31,2026-02-28,1.0999999999999943,0.6286614426964308,0.6138615043293512,0.47133855730356355,0.48613849567064316,1,1,1
2,Nonprod,2026-01-31,2026-03-31,0.5400000000000063,0.6307747658643801,0.6134760503271831,0.09077476586437383,0.07347605032717686,1,1,1
2,Nonprod,2026-02-28,2026-04-28,-0.28000000000000114,0.600575758333801,0.5776101997492135,0.8805757583338021,0.8576101997492146,1,1,1
2,Nonprod,2026-03-31,2026-05-31,0.09000000000000341,0.5984763493917602,0.5823712716377472,0.5084763493917568,0.49237127163774375,1,1,1
2,Prod,2016-02-29,2016-04-29,1.0900000000000034,0.8710559563542195,0.7464080301133652,0.2189440436457839,0.3435919698866382,1,1,1
2,Prod,2016-03-31,2016-05-31,0.20999999999999375,0.8204699544878934,0.7440492487437382,0.6104699544878996,0.5340492487437445,1,1,1
2,Prod,2016-04-30,2016-06-30,0.23999999999999488,0.7428499527962246,0.7204275009318398,0.5028499527962297,0.48042750093184494,1,1,1
2,Prod,2016-05-31,2016-07-31,0.6099999999999994,0.7680188236019316,0.7525390882281845,0.1580188236019322,0.14253908822818506,1,1,1
2,Prod,2016-06-30,2016-08-30,0.09000000000000341,0.718153938173239,0.7077152047052452,0.6281539381732356,0.6177152047052418,1,1,1
2,Prod,2016-07-31,2016-09-30,-0.12999999999999545,0.6802563418575689,0.696900260091386,0.8102563418575643,0.8269002600913814,1,1,1
2,Prod,2016-08-31,2016-10-31,0.5999999999999943,0.6300512841718899,0.7057613656638394,0.03005128417189562,0.10576136566384509,1,1,1
2,Prod,2016-09-30,2016-11-30,0.29000000000000625,0.6559561380090502,0.6695210145190046,0.3659561380090439,0.37952101451899833,1,1,1
2,Prod,2016-10-31,2016-12-31,1.3299999999999983,0.71378469921621,0.644925383879446,0.6162153007837883,0.6850746161205523,1,1,1
2,Prod,2016-11-30,2017-01-30,0.46999999999999886,0.7953087051671124,0.7083972626821695,0.3253087051671135,0.23839726268217065,1,1,1
2,Prod,2016-12-31,2017-02-28,0.3299999999999983,0.7315957176034301,0.6868208589579771,0.4015957176034318,0.35682085895797877,1,1,1
2,Prod,2017-01-31,2017-03-31,0.20000000000000284,0.5738584399932115,0.7469948705108302,0.37385843999320867,0.5469948705108274,1,1,1
2,Prod,2017-02-28,2017-04-28,0.769999999999996,0.7182486869435822,0.6878378110435143,0.051751313056413784,0.08216218895648175,1,1,1
2,Prod,2017-03-31,2017-05-31,0.45999999999999375,0.65881644672205,0.6811520674711973,0.19881644672205623,0.22115206747120353,1,1,1
2,Prod,2017-04-30,2017-06-30,0.5799999999999983,0.6950779824082233,0.6703114986809529,0.11507798240822498,0.09031149868095456,1,1,1
2,Prod,2017-05-31,2017-07-31,-0.480000000000004,0.7517950633389373,0.70213284416888,1.2317950633389412,1.1821328441688839,1,1,1
2,Prod,2017-06-30,2017-08-30,-0.5100000000000051,0.7424523758684151,0.6708732401774332,1.2524523758684203,1.1808732401774384,1,1,1
2,Prod,2017-07-31,2017-09-30,-0.14000000000000057,0.7052873452259936,0.6635381906845442,0.8452873452259941,0.8035381906845448,1,1,1
2,Prod,2017-08-31,2017-10-31,0.1599999999999966,0.4974121721083329,0.5836767557971743,0.3374121721083363,0.4236767557971777,1,1,1
2,Prod,2017-09-30,2017-11-30,0.18000000000000682,0.46467911806799955,0.5637613523169852,0.28467911806799273,0.3837613523169784,1,1,1
2,Prod,2017-10-31,2017-12-31,0.4399999999999977,0.6619640828163097,0.5802010931467809,0.22196408281631197,0.1402010931467832,1,1,1
2,Prod,2017-11-30,2018-01-30,-0.030000000000001137,0.690724879695224,0.6036260674525218,0.7207248796952251,0.6336260674525229,1,1,1
2,Prod,2017-12-31,2018-02-28,0.3400000000000034,0.6847703610821793,0.5953274021904059,0.34477036108217585,0.2553274021904025,1,1,1
2,Prod,2018-01-31,2018-03-31,0.0799999999999983,0.7284339520180277,0.6171202754102683,0.6484339520180294,0.53712027541027,1,1,1
2,Prod,2018-02-28,2018-04-28,0.5,0.591578265641908,0.5632289365434707,0.09157826564190796,0.06322893654347073,1,1,1
2,Prod,2018-03-31,2018-05-31,0.09000000000000341,0.63887543705753,0.599860903443618,0.5488754370575266,0.5098609034436146,1,1,1
2,Prod,2018-04-30,2018-06-30,0.6400000000000006,0.6008851437588103,0.5661266506113803,0.039114856241190266,0.07387334938862022,1,1,1
2,Prod,2018-05-31,2018-07-31,0.12000000000000455,0.6158097154106517,0.6114048836156901,0.4958097154106471,0.4914048836156856,1,1,1
2,Prod,2018-06-30,2018-08-30,-0.04999999999999716,0.5525960055821123,0.5626621004651137,0.6025960055821095,0.6126621004651108,1,1,1
2,Prod,2018-07-31,2018-09-30,-0.29999999999999716,0.6537234441777687,0.6150627104663069,0.9537234441777659,0.915062710466304,1,1,1
2,Prod,2018-08-31,2018-10-31,0.09000000000000341,0.521623975455735,0.5471986824190319,0.4316239754557316,0.4571986824190285,1,1,1
2,Prod,2018-09-30,2018-11-30,0.8700000000000045,0.5233194588921665,0.5202386680908765,0.3466805411078381,0.34976133190912806,1,1,1
2,Prod,2018-10-31,2018-12-31,1.0799999999999983,0.5360934164318187,0.4985085991023262,0.5439065835681796,0.5814914008976722,1,1,1
2,Prod,2018-11-30,2019-01-30,1.1400000000000006,0.5817930968110914,0.5538003118576067,0.5582069031889092,0.5861996881423939,1,1,1
2,Prod,2018-12-31,2019-02-28,0.7099999999999937,0.6999329505807966,0.6380217227785586,0.010067049419197116,0.07197827722143513,1,1,1
2,Prod,2019-01-31,2019-03-31,0.5499999999999972,0.7266431608471309,0.6591861083192806,0.17664316084713372,0.10918610831928344,1,1,1
2,Prod,2019-02-28,2019-04-28,0.5900000000000034,0.691569955801432,0.6635129823859784,0.10156995580142858,0.07351298238597503,1,1,1
2,Prod,2019-03-31,2019-05-31,0.5300000000000011,0.5925520076205995,0.6214097398209836,0.06255200762059832,0.09140973982098244,1,1,1
2,Prod,2019-04-30,2019-06-30,-0.4099999999999966,0.6466523906346808,0.6053109257113513,1.0566523906346774,1.015310925711348,1,1,1
2,Prod,2019-05-31,2019-07-31,-0.0799999999999983,0.6071891185875588,0.5999161596342186,0.687189118587557,0.6799161596342169,1,1,1
2,Prod,2019-06-30,2019-08-30,-0.1700000000000017,0.601175575806144,0.5879796708950245,0.7711755758061457,0.7579796708950262,1,1,1
2,Prod,2019-07-31,2019-09-30,-0.3199999999999932,0.47631910567007785,0.48820583263793427,0.796319105670071,0.8082058326379274,1,1,1
2,Prod,2019-08-31,2019-10-31,0.29999999999999716,0.4998978417915243,0.5028159356294178,0.19989784179152714,0.20281593562942068,1,1,1
2,Prod,2019-09-30,2019-11-30,0.39000000000000057,0.4859818659814153,0.4887009156456939,0.09598186598141473,0.09870091564569333,1,1,1
2,Prod,2019-10-31,2019-12-31,0.4099999999999966,0.4998756458100177,0.4689809042289164,0.08987564581002111,0.05898090422891983,1,1,1
2,Prod,2019-11-30,2020-01-30,0.5,0.5556970784663269,0.5416505604837759,0.05569707846632688,0.04165056048377591,1,1,1
2,Prod,2019-12-31,2020-02-29,0.4000000000000057,0.5600298572171958,0.5520044318094024,0.1600298572171901,0.1520044318093967,1,1,1
2,Prod,2020-01-31,2020-03-31,0.6700000000000017,0.5876758927947943,0.5530174432740718,0.08232410720520744,0.11698255672592994,1,1,1
2,Prod,2020-02-29,2020-04-29,1.2999999999999972,0.6109045294597594,0.5648516941351283,0.6890954705402378,0.7351483058648689,1,1,1
2,Prod,2020-03-31,2020-05-31,0.12000000000000455,0.5775880296341311,0.5591751015639014,0.4575880296341266,0.43917510156389683,1,1,1
2,Prod,2020-04-30,2020-06-30,0.010000000000005116,0.6405298185166224,0.5877307837431253,0.6305298185166173,0.5777307837431201,1,1,1
2,Prod,2020-05-31,2020-07-31,-0.15000000000000568,0.7092835367878197,0.6581539555531681,0.8592835367878254,0.8081539555531738,1,1,1
2,Prod,2020-06-30,2020-08-30,0.10999999999999943,0.516819996921334,0.515657980138321,0.4068199969213345,0.40565798013832155,1,1,1
2,Prod,2020-07-31,2020-09-30,0.12999999999999545,0.4981679263992636,0.49840935156519334,0.36816792639926815,0.3684093515651979,1,1,1
2,Prod,2020-08-31,2020-10-31,0.5,0.46802011508909186,0.47468322158516146,0.03197988491090814,0.025316778414838537,1,1,1
2,Prod,2020-09-30,2020-11-30,0.7800000000000011,0.4950390934448909,0.5052939355445011,0.28496090655511025,0.27470606445550005,1,1,1
2,Prod,2020-10-31,2020-12-31,0.9000000000000057,0.5187913842721149,0.5107713196218668,0.3812086157278908,0.38922868037813885,1,1,1
2,Prod,2020-11-30,2021-01-30,0.5999999999999943,0.5749921795485544,0.5561229588941182,0.0250078204514399,0.04387704110587609,1,1,1
2,Prod,2020-12-31,2021-02-28,1.0300000000000011,0.6081437042309823,0.5874680952210493,0.42185629576901884,0.4425319047789519,1,1,1
2,Prod,2021-01-31,2021-03-31,1.3100000000000023,0.6275539003800464,0.604639517347202,0.6824460996199558,0.7053604826528003,1,1,1
2,Prod,2021-02-28,2021-04-28,0.8599999999999994,0.6053465796045429,0.5763782516621955,0.2546534203954566,0.28362174833780396,1,1,1
2,Prod,2021-03-31,2021-05-31,0.4099999999999966,0.6319442839912225,0.6285315278718313,0.2219442839912259,0.21853152787183472,1,1,1
2,Prod,2021-04-30,2021-06-30,0.5600000000000023,0.6686461293504292,0.6582409312084365,0.10864612935042695,0.09824093120843425,1,1,1
2,Prod,2021-05-31,2021-07-31,0.21999999999999886,0.6142150924620502,0.605598286670921,0.39421509246205133,0.3855982866709221,1,1,1
2,Prod,2021-06-30,2021-08-30,0.1599999999999966,0.562260362911188,0.5520465020615334,0.4022603629111914,0.3920465020615368,1,1,1
2,Prod,2021-07-31,2021-09-30,0.730000000000004,0.5653004570676712,0.5658956257645206,0.1646995429323328,0.1641043742354834,1,1,1
2,Prod,2021-08-31,2021-10-31,0.9200000000000017,0.4960569218916605,0.5287514709007319,0.4239430781083412,0.39124852909926977,1,1,1
2,Prod,2021-09-30,2021-11-30,0.8599999999999994,0.4763892067390679,0.5258408471513577,0.3836107932609315,0.3341591528486417,1,1,1
2,Prod,2021-10-31,2021-12-31,0.20999999999999375,0.617075085846269,0.590750214161632,0.4070750858462753,0.38075021416163823,1,1,1
2,Prod,2021-11-30,2022-01-30,1.2199999999999989,0.6185004994523884,0.6082336608027893,0.6014995005476105,0.6117663391972096,1,1,1
2,Prod,2021-12-31,2022-02-28,0.9399999999999977,0.6175902815659454,0.6070738620181559,0.3224097184340523,0.3329261379818418,1,1,1
2,Prod,2022-01-31,2022-03-31,5.549999999999997,0.5483983262899913,0.5370444736104005,5.001601673710006,5.012955526389597,1,1,1
2,Prod,2022-02-28,2022-04-28,3.280000000000001,0.6956653005425996,0.664739919713151,2.5843346994574015,2.61526008028685,1,1,1
2,Prod,2022-03-31,2022-05-31,0.6800000000000068,0.6800922011354132,0.6700352514015372,9.220113540642227e-05,0.00996474859846963,1,1,1
2,Prod,2022-04-30,2022-06-30,-0.6800000000000068,0.9072813130757978,1.1674428442337395,1.5872813130758048,1.8474428442337463,1,1,1
2,Prod,2022-05-31,2022-07-31,-0.769999999999996,0.6760648152378911,0.6227737699086631,1.4460648152378872,1.392773769908659,1,1,1
2,Prod,2022-06-30,2022-08-30,-0.5699999999999932,0.5518615107558813,0.6127869576455178,1.1218615107558745,1.182786957645511,1,1,1
2,Prod,2022-07-31,2022-09-30,0.3299999999999983,0.6431584985260409,0.6607637456720876,0.3131584985260426,0.3307637456720893,1,1,1
2,Prod,2022-08-31,2022-10-31,0.6599999999999966,0.5045118724879762,0.6556722802039456,0.15548812751202035,0.004327719796050955,1,1,1
2,Prod,2022-09-30,2022-11-30,0.2600000000000051,0.635871424653125,0.6484895132357482,0.37587142465311985,0.3884895132357431,1,1,1
2,Prod,2022-10-31,2022-12-31,0.5699999999999932,0.5682325292197662,0.6116992820890025,0.0017674707802269873,0.041699282089009304,1,1,1
2,Prod,2022-11-30,2023-01-30,1.1299999999999955,0.60036114842669,0.6009700523725036,0.5296388515733055,0.5290299476274919,1,1,1
2,Prod,2022-12-31,2023-02-28,0.75,0.6177289816462481,0.6169518402005132,0.13227101835375188,0.1330481597994868,1,1,1
2,Prod,2023-01-31,2023-03-31,0.39000000000000057,0.5453904248678383,0.608116322301369,0.15539042486783772,0.21811632230136846,1,1,1
2,Prod,2023-02-28,2023-04-28,0.7199999999999989,0.6046676760344651,0.5889450703821391,0.11533232396553372,0.1310549296178598,1,1,1
2,Prod,2023-03-31,2023-05-31,-0.25,0.6886810900185051,0.6019294856828399,0.9386810900185051,0.8519294856828399,1,1,1
2,Prod,2023-04-30,2023-06-30,0.4300000000000068,0.6110887453818743,0.6079751443141627,0.18108874538186748,0.17797514431415584,1,1,1
2,Prod,2023-05-31,2023-07-31,0.5,0.6595916266777783,0.5962737664306332,0.15959162667777826,0.09627376643063323,1,1,1
2,Prod,2023-06-30,2023-08-30,-0.06999999999999318,0.536015409618227,0.6265878032931033,0.6060154096182202,0.6965878032930964,1,1,1
2,Prod,2023-07-31,2023-09-30,1.75,0.5753850550535544,0.5994609402012875,1.1746149449464456,1.1505390597987124,1,1,1
2,Prod,2023-08-31,2023-10-31,0.45999999999999375,0.5953269980716724,0.6049984606087117,0.1353269980716787,0.1449984606087179,1,1,1
2,Prod,2023-09-30,2023-11-30,0.7399999999999949,0.5588654545767661,0.6198759899414523,0.18113454542322882,0.12012401005854256,1,1,1
2,Prod,2023-10-31,2023-12-31,0.29000000000000625,0.5616863968691048,0.5692589616148358,0.27168639686909857,0.27925896161482955,1,1,1
2,Prod,2023-11-30,2024-01-30,0.8700000000000045,0.6551198572385818,0.6048483373241899,0.21488014276142275,0.2651516626758147,1,1,1
2,Prod,2023-12-31,2024-02-29,0.5300000000000011,0.6235098056019199,0.5975121198405096,0.0935098056019188,0.06751211984050842,1,1,1
2,Prod,2024-01-31,2024-03-31,0.5300000000000011,0.7095960381388752,0.6115922506838951,0.17959603813887404,0.08159225068389397,1,1,1
2,Prod,2024-02-29,2024-04-29,0.37999999999999545,0.6224674033959907,0.5924918401626964,0.24246740339599526,0.21249184016270095,1,1,1
2,Prod,2024-03-31,2024-05-31,0.9399999999999977,0.6438527411314644,0.6021423830840023,0.2961472588685333,0.3378576169159955,1,1,1
2,Prod,2024-04-30,2024-06-30,0.18000000000000682,0.6865593306154666,0.6041525119172924,0.5065593306154598,0.42415251191728554,1,1,1
2,Prod,2024-05-31,2024-07-31,1.0699999999999932,0.6108045989912879,0.6065084192461049,0.45919540100870526,0.4634915807538883,1,1,1
2,Prod,2024-06-30,2024-08-30,0.09000000000000341,0.6345929345655861,0.5906889046682734,0.5445929345655827,0.50068890466827,1,1,1
2,Prod,2024-07-31,2024-09-30,0.6200000000000045,0.6564123211323348,0.6139671872064819,0.03641232113233028,0.006032812793522635,1,1,1
2,Prod,2024-08-31,2024-10-31,1.019999999999996,0.39690342002424683,0.5827074183324883,0.6230965799757492,0.43729258166750773,1,1,1
2,Prod,2024-09-30,2024-11-30,1.5,0.5832418048653065,0.6186328867102214,0.9167581951346935,0.8813671132897786,1,1,1
2,Prod,2024-10-31,2024-12-31,0.9099999999999966,0.5731068559457849,0.6060088210023327,0.33689314405421167,0.3039911789976639,1,1,1
2,Prod,2024-11-30,2025-01-30,0.8400000000000034,0.6326025992500147,0.592646556436046,0.2073974007499887,0.2473534435639574,1,1,1
2,Prod,2024-12-31,2025-02-28,1.3400000000000034,0.6204507958413911,0.5768333876309029,0.7195492041586123,0.7631666123691005,1,1,1
2,Prod,2025-01-31,2025-03-31,0.8100000000000023,0.7136836022051073,0.6047010802678636,0.09631639779489498,0.20529891973213865,1,1,1
2,Prod,2025-02-28,2025-04-28,0.5300000000000011,0.5994990227147666,0.6080755098954871,0.06949902271476549,0.07807550989548595,1,1,1
2,Prod,2025-03-31,2025-05-31,-0.06999999999999318,0.5768370882024401,0.592798203085007,0.6468370882024332,0.6627982030850001,1,1,1
2,Prod,2025-04-30,2025-06-30,-0.04000000000000625,0.6002568132196139,0.6039831642423158,0.6402568132196201,0.643983164242322,1,1,1
2,Prod,2025-05-31,2025-07-31,0.35999999999999943,0.6213978178732582,0.6101721531063841,0.2613978178732588,0.25017215310638463,1,1,1
2,Prod,2025-06-30,2025-08-30,-0.5699999999999932,0.6625155958612196,0.629922698383374,1.2325155958612126,1.199922698383367,1,1,1
2,Prod,2025-07-31,2025-09-30,1.0,0.5667817573121688,0.617047459186006,0.43321824268783116,0.382952540813994,1,1,1
2,Prod,2025-08-31,2025-10-31,0.5300000000000011,0.4043455351543382,0.6088768769937931,0.12565446484566295,0.07887687699379198,1,1,1
2,Prod,2025-09-30,2025-11-30,0.15000000000000568,0.6234671955688218,0.6357355142789777,0.4734671955688161,0.485735514278972,1,1,1
2,Prod,2025-10-31,2025-12-31,0.29000000000000625,0.6094140346533099,0.5891598840883976,0.31941403465330365,0.29915988408839134,1,1,1
2,Prod,2025-11-30,2026-01-30,1.5699999999999932,0.6687385992687425,0.5989006960553657,0.9012614007312507,0.9710993039446275,1,1,1
2,Prod,2025-12-31,2026-02-28,1.0999999999999943,0.6800292541162045,0.6138615043293512,0.4199707458837898,0.48613849567064316,1,1,1
2,Prod,2026-01-31,2026-03-31,0.5400000000000063,0.6578758079822055,0.6134760503271831,0.11787580798219921,0.07347605032717686,1,1,1
2,Prod,2026-02-28,2026-04-28,-0.28000000000000114,0.5843211944334944,0.5776101997492135,0.8643211944334955,0.8576101997492146,1,1,1
2,Prod,2026-03-31,2026-05-31,0.09000000000000341,0.628631644256695,0.5823712716377472,0.5386316442566916,0.49237127163774375,1,1,1
2,Serv,2016-02-29,2016-04-29,1.0900000000000034,0.8378695935042105,0.7464080301133652,0.2521304064957929,0.3435919698866382,1,1,1
2,Serv,2016-03-31,2016-05-31,0.20999999999999375,0.7787374863166665,0.7440492487437382,0.5687374863166728,0.5340492487437445,1,1,1
2,Serv,2016-04-30,2016-06-30,0.23999999999999488,0.7644107287157498,0.7204275009318398,0.5244107287157549,0.48042750093184494,1,1,1
2,Serv,2016-05-31,2016-07-31,0.6099999999999994,0.7895210526145032,0.7525390882281845,0.1795210526145038,0.14253908822818506,1,1,1
2,Serv,2016-06-30,2016-08-30,0.09000000000000341,0.6779317220999043,0.7077152047052452,0.5879317220999009,0.6177152047052418,1,1,1
2,Serv,2016-07-31,2016-09-30,-0.12999999999999545,0.6565800861784712,0.696900260091386,0.7865800861784666,0.8269002600913814,1,1,1
2,Serv,2016-08-31,2016-10-31,0.5999999999999943,0.5860896932729526,0.7057613656638394,0.013910306727041744,0.10576136566384509,1,1,1
2,Serv,2016-09-30,2016-11-30,0.29000000000000625,0.6694219655694008,0.6695210145190046,0.37942196556939456,0.37952101451899833,1,1,1
2,Serv,2016-10-31,2016-12-31,1.3299999999999983,0.8174331773365905,0.644925383879446,0.5125668226634078,0.6850746161205523,1,1,1
2,Serv,2016-11-30,2017-01-30,0.46999999999999886,0.8113881598649518,0.7083972626821695,0.34138815986495297,0.23839726268217065,1,1,1
2,Serv,2016-12-31,2017-02-28,0.3299999999999983,0.7942932084266812,0.6868208589579771,0.46429320842668287,0.35682085895797877,1,1,1
2,Serv,2017-01-31,2017-03-31,0.20000000000000284,0.7230872242055694,0.7469948705108302,0.5230872242055665,0.5469948705108274,1,1,1
2,Serv,2017-02-28,2017-04-28,0.769999999999996,0.7566423428143079,0.6878378110435143,0.013357657185688154,0.08216218895648175,1,1,1
2,Serv,2017-03-31,2017-05-31,0.45999999999999375,0.6613121704290353,0.6811520674711973,0.2013121704290416,0.22115206747120353,1,1,1
2,Serv,2017-04-30,2017-06-30,0.5799999999999983,0.7619428560882453,0.6703114986809529,0.181942856088247,0.09031149868095456,1,1,1
2,Serv,2017-05-31,2017-07-31,-0.480000000000004,0.7368590039143519,0.70213284416888,1.2168590039143559,1.1821328441688839,1,1,1
2,Serv,2017-06-30,2017-08-30,-0.5100000000000051,0.7120700091409001,0.6708732401774332,1.2220700091409054,1.1808732401774384,1,1,1
2,Serv,2017-07-31,2017-09-30,-0.14000000000000057,0.6045153532771963,0.6635381906845442,0.7445153532771969,0.8035381906845448,1,1,1
2,Serv,2017-08-31,2017-10-31,0.1599999999999966,0.49700363539500186,0.5836767557971743,0.3370036353950053,0.4236767557971777,1,1,1
2,Serv,2017-09-30,2017-11-30,0.18000000000000682,0.5041877394412246,0.5637613523169852,0.3241877394412178,0.3837613523169784,1,1,1
2,Serv,2017-10-31,2017-12-31,0.4399999999999977,0.7049202714585211,0.5802010931467809,0.26492027145852337,0.1402010931467832,1,1,1
2,Serv,2017-11-30,2018-01-30,-0.030000000000001137,0.702787912562385,0.6036260674525218,0.7327879125623862,0.6336260674525229,1,1,1
2,Serv,2017-12-31,2018-02-28,0.3400000000000034,0.6108878309286455,0.5953274021904059,0.2708878309286421,0.2553274021904025,1,1,1
2,Serv,2018-01-31,2018-03-31,0.0799999999999983,0.6607015208499547,0.6171202754102683,0.5807015208499564,0.53712027541027,1,1,1
2,Serv,2018-02-28,2018-04-28,0.5,0.5790688844569954,0.5632289365434707,0.07906888445699545,0.06322893654347073,1,1,1
2,Serv,2018-03-31,2018-05-31,0.09000000000000341,0.629599678650337,0.599860903443618,0.5395996786503335,0.5098609034436146,1,1,1
2,Serv,2018-04-30,2018-06-30,0.6400000000000006,0.5926713775204449,0.5661266506113803,0.047328622479555715,0.07387334938862022,1,1,1
2,Serv,2018-05-31,2018-07-31,0.12000000000000455,0.5974579662658714,0.6114048836156901,0.4774579662658669,0.4914048836156856,1,1,1
2,Serv,2018-06-30,2018-08-30,-0.04999999999999716,0.6078317431269091,0.5626621004651137,0.6578317431269063,0.6126621004651108,1,1,1
2,Serv,2018-07-31,2018-09-30,-0.29999999999999716,0.6158573105208364,0.6150627104663069,0.9158573105208335,0.915062710466304,1,1,1
2,Serv,2018-08-31,2018-10-31,0.09000000000000341,0.45335616710389887,0.5471986824190319,0.36335616710389546,0.4571986824190285,1,1,1
2,Serv,2018-09-30,2018-11-30,0.8700000000000045,0.5100536282777312,0.5202386680908765,0.3599463717222734,0.34976133190912806,1,1,1
2,Serv,2018-10-31,2018-12-31,1.0799999999999983,0.607950662121085,0.4985085991023262,0.47204933787891334,0.5814914008976722,1,1,1
2,Serv,2018-11-30,2019-01-30,1.1400000000000006,0.5846726580906614,0.5538003118576067,0.5553273419093392,0.5861996881423939,1,1,1
2,Serv,2018-12-31,2019-02-28,0.7099999999999937,0.6942670069805232,0.6380217227785586,0.01573299301947051,0.07197827722143513,1,1,1
2,Serv,2019-01-31,2019-03-31,0.5499999999999972,0.6864181851176548,0.6591861083192806,0.1364181851176577,0.10918610831928344,1,1,1
2,Serv,2019-02-28,2019-04-28,0.5900000000000034,0.6377349105115256,0.6635129823859784,0.04773491051152223,0.07351298238597503,1,1,1
2,Serv,2019-03-31,2019-05-31,0.5300000000000011,0.5067272841407375,0.6214097398209836,0.023272715859263604,0.09140973982098244,1,1,1
2,Serv,2019-04-30,2019-06-30,-0.4099999999999966,0.6354534296500485,0.6053109257113513,1.045453429650045,1.015310925711348,1,1,1
2,Serv,2019-05-31,2019-07-31,-0.0799999999999983,0.5853961148857428,0.5999161596342186,0.6653961148857411,0.6799161596342169,1,1,1
2,Serv,2019-06-30,2019-08-30,-0.1700000000000017,0.5885096839404984,0.5879796708950245,0.7585096839405001,0.7579796708950262,1,1,1
2,Serv,2019-07-31,2019-09-30,-0.3199999999999932,0.4729430849623207,0.48820583263793427,0.7929430849623138,0.8082058326379274,1,1,1
2,Serv,2019-08-31,2019-10-31,0.29999999999999716,0.4738493276083629,0.5028159356294178,0.17384932760836574,0.20281593562942068,1,1,1
2,Serv,2019-09-30,2019-11-30,0.39000000000000057,0.4997941622983232,0.4887009156456939,0.10979416229832262,0.09870091564569333,1,1,1
2,Serv,2019-10-31,2019-12-31,0.4099999999999966,0.5850712837053196,0.4689809042289164,0.175071283705323,0.05898090422891983,1,1,1
2,Serv,2019-11-30,2020-01-30,0.5,0.6040288166498134,0.5416505604837759,0.10402881664981345,0.04165056048377591,1,1,1
2,Serv,2019-12-31,2020-02-29,0.4000000000000057,0.5680154630987885,0.5520044318094024,0.1680154630987828,0.1520044318093967,1,1,1
2,Serv,2020-01-31,2020-03-31,0.6700000000000017,0.6041923026721173,0.5530174432740718,0.06580769732788438,0.11698255672592994,1,1,1
2,Serv,2020-02-29,2020-04-29,1.2999999999999972,0.6489692303394953,0.5648516941351283,0.6510307696605019,0.7351483058648689,1,1,1
2,Serv,2020-03-31,2020-05-31,0.12000000000000455,0.5482416097029718,0.5591751015639014,0.4282416097029672,0.43917510156389683,1,1,1
2,Serv,2020-04-30,2020-06-30,0.010000000000005116,0.6485945605195604,0.5877307837431253,0.6385945605195553,0.5777307837431201,1,1,1
2,Serv,2020-05-31,2020-07-31,-0.15000000000000568,0.7068259426499051,0.6581539555531681,0.8568259426499107,0.8081539555531738,1,1,1
2,Serv,2020-06-30,2020-08-30,0.10999999999999943,0.5268876044310519,0.515657980138321,0.41688760443105244,0.40565798013832155,1,1,1
2,Serv,2020-07-31,2020-09-30,0.12999999999999545,0.5318524138661008,0.49840935156519334,0.4018524138661054,0.3684093515651979,1,1,1
2,Serv,2020-08-31,2020-10-31,0.5,0.4573380907576717,0.47468322158516146,0.04266190924232832,0.025316778414838537,1,1,1
2,Serv,2020-09-30,2020-11-30,0.7800000000000011,0.45956561159273945,0.5052939355445011,0.3204343884072617,0.27470606445550005,1,1,1
2,Serv,2020-10-31,2020-12-31,0.9000000000000057,0.5862755502550522,0.5107713196218668,0.3137244497449535,0.38922868037813885,1,1,1
2,Serv,2020-11-30,2021-01-30,0.5999999999999943,0.6079676599398965,0.5561229588941182,0.007967659939902227,0.04387704110587609,1,1,1
2,Serv,2020-12-31,2021-02-28,1.0300000000000011,0.6418562280788791,0.5874680952210493,0.38814377192112204,0.4425319047789519,1,1,1
2,Serv,2021-01-31,2021-03-31,1.3100000000000023,0.6460434194506003,0.604639517347202,0.663956580549402,0.7053604826528003,1,1,1
2,Serv,2021-02-28,2021-04-28,0.8599999999999994,0.6328588414608101,0.5763782516621955,0.22714115853918937,0.28362174833780396,1,1,1
2,Serv,2021-03-31,2021-05-31,0.4099999999999966,0.611518695226571,0.6285315278718313,0.2015186952265744,0.21853152787183472,1,1,1
2,Serv,2021-04-30,2021-06-30,0.5600000000000023,0.6698529440523852,0.6582409312084365,0.10985294405238288,0.09824093120843425,1,1,1
2,Serv,2021-05-31,2021-07-31,0.21999999999999886,0.604277072574012,0.605598286670921,0.3842770725740131,0.3855982866709221,1,1,1
2,Serv,2021-06-30,2021-08-30,0.1599999999999966,0.5887695484334751,0.5520465020615334,0.4287695484334785,0.3920465020615368,1,1,1
2,Serv,2021-07-31,2021-09-30,0.730000000000004,0.5402093952768044,0.5658956257645206,0.18979060472319953,0.1641043742354834,1,1,1
2,Serv,2021-08-31,2021-10-31,0.9200000000000017,0.4390694956547433,0.5287514709007319,0.4809305043452584,0.39124852909926977,1,1,1
2,Serv,2021-09-30,2021-11-30,0.8599999999999994,0.4349811701724454,0.5258408471513577,0.425018829827554,0.3341591528486417,1,1,1
2,Serv,2021-10-31,2021-12-31,0.20999999999999375,0.718745227931205,0.590750214161632,0.5087452279312112,0.38075021416163823,1,1,1
2,Serv,2021-11-30,2022-01-30,1.2199999999999989,0.6564795969122383,0.6082336608027893,0.5635204030877605,0.6117663391972096,1,1,1
2,Serv,2021-12-31,2022-02-28,0.9399999999999977,0.5975930960281006,0.6070738620181559,0.3424069039718971,0.3329261379818418,1,1,1
2,Serv,2022-01-31,2022-03-31,5.549999999999997,0.5622303076959132,0.5370444736104005,4.987769692304084,5.012955526389597,1,1,1
2,Serv,2022-02-28,2022-04-28,3.280000000000001,0.7072349609839446,0.664739919713151,2.5727650390160566,2.61526008028685,1,1,1
2,Serv,2022-03-31,2022-05-31,0.6800000000000068,0.6688304960101514,0.6700352514015372,0.01116950398985539,0.00996474859846963,1,1,1
2,Serv,2022-04-30,2022-06-30,-0.6800000000000068,1.1977724896363062,1.1674428442337395,1.877772489636313,1.8474428442337463,1,1,1
2,Serv,2022-05-31,2022-07-31,-0.769999999999996,0.6466504025449431,0.6227737699086631,1.4166504025449391,1.392773769908659,1,1,1
2,Serv,2022-06-30,2022-08-30,-0.5699999999999932,0.6064064408799889,0.6127869576455178,1.176406440879982,1.182786957645511,1,1,1
2,Serv,2022-07-31,2022-09-30,0.3299999999999983,0.6676151426141839,0.6607637456720876,0.33761514261418557,0.3307637456720893,1,1,1
2,Serv,2022-08-31,2022-10-31,0.6599999999999966,0.39224595326435663,0.6556722802039456,0.26775404673563996,0.004327719796050955,1,1,1
2,Serv,2022-09-30,2022-11-30,0.2600000000000051,0.7275972966041779,0.6484895132357482,0.4675972966041728,0.3884895132357431,1,1,1
2,Serv,2022-10-31,2022-12-31,0.5699999999999932,0.6308498752854665,0.6116992820890025,0.060849875285473365,0.041699282089009304,1,1,1
2,Serv,2022-11-30,2023-01-30,1.1299999999999955,0.6006728170219955,0.6009700523725036,0.529327182978,0.5290299476274919,1,1,1
2,Serv,2022-12-31,2023-02-28,0.75,0.6086559306910577,0.6169518402005132,0.14134406930894228,0.1330481597994868,1,1,1
2,Serv,2023-01-31,2023-03-31,0.39000000000000057,0.44396235665460837,0.608116322301369,0.0539623566546078,0.21811632230136846,1,1,1
2,Serv,2023-02-28,2023-04-28,0.7199999999999989,0.5181069073294586,0.5889450703821391,0.20189309267054023,0.1310549296178598,1,1,1
2,Serv,2023-03-31,2023-05-31,-0.25,0.6196881728490948,0.6019294856828399,0.8696881728490948,0.8519294856828399,1,1,1
2,Serv,2023-04-30,2023-06-30,0.4300000000000068,0.5763217761194829,0.6079751443141627,0.14632177611947605,0.17797514431415584,1,1,1
2,Serv,2023-05-31,2023-07-31,0.5,0.6259171393667101,0.5962737664306332,0.12591713936671012,0.09627376643063323,1,1,1
2,Serv,2023-06-30,2023-08-30,-0.06999999999999318,0.629715078622219,0.6265878032931033,0.6997150786222122,0.6965878032930964,1,1,1
2,Serv,2023-07-31,2023-09-30,1.75,0.5670555125607855,0.5994609402012875,1.1829444874392145,1.1505390597987124,1,1,1
2,Serv,2023-08-31,2023-10-31,0.45999999999999375,0.6150171415810954,0.6049984606087117,0.1550171415811017,0.1449984606087179,1,1,1
2,Serv,2023-09-30,2023-11-30,0.7399999999999949,0.6380324106318568,0.6198759899414523,0.1019675893681381,0.12012401005854256,1,1,1
2,Serv,2023-10-31,2023-12-31,0.29000000000000625,0.5675063115910521,0.5692589616148358,0.2775063115910459,0.27925896161482955,1,1,1
2,Serv,2023-11-30,2024-01-30,0.8700000000000045,0.6195026166744335,0.6048483373241899,0.25049738332557103,0.2651516626758147,1,1,1
2,Serv,2023-12-31,2024-02-29,0.5300000000000011,0.5686406286235259,0.5975121198405096,0.0386406286235248,0.06751211984050842,1,1,1
2,Serv,2024-01-31,2024-03-31,0.5300000000000011,0.6755144414794396,0.6115922506838951,0.14551444147943848,0.08159225068389397,1,1,1
2,Serv,2024-02-29,2024-04-29,0.37999999999999545,0.5520020866819241,0.5924918401626964,0.17200208668192862,0.21249184016270095,1,1,1
2,Serv,2024-03-31,2024-05-31,0.9399999999999977,0.5947635929506635,0.6021423830840023,0.3452364070493342,0.3378576169159955,1,1,1
2,Serv,2024-04-30,2024-06-30,0.18000000000000682,0.6000659020141978,0.6041525119172924,0.42006590201419103,0.42415251191728554,1,1,1
2,Serv,2024-05-31,2024-07-31,1.0699999999999932,0.608109070923731,0.6065084192461049,0.46189092907626217,0.4634915807538883,1,1,1
2,Serv,2024-06-30,2024-08-30,0.09000000000000341,0.5840972034319012,0.5906889046682734,0.4940972034318978,0.50068890466827,1,1,1
2,Serv,2024-07-31,2024-09-30,0.6200000000000045,0.6185841048569175,0.6139671872064819,0.0014158951430870426,0.006032812793522635,1,1,1
2,Serv,2024-08-31,2024-10-31,1.019999999999996,0.3905398496120898,0.5827074183324883,0.6294601503879063,0.43729258166750773,1,1,1
2,Serv,2024-09-30,2024-11-30,1.5,0.6108232426416658,0.6186328867102214,0.8891767573583342,0.8813671132897786,1,1,1
2,Serv,2024-10-31,2024-12-31,0.9099999999999966,0.5973907135737232,0.6060088210023327,0.3126092864262734,0.3039911789976639,1,1,1
2,Serv,2024-11-30,2025-01-30,0.8400000000000034,0.6073515194908438,0.592646556436046,0.23264848050915965,0.2473534435639574,1,1,1
2,Serv,2024-12-31,2025-02-28,1.3400000000000034,0.5365818739788653,0.5768333876309029,0.8034181260211382,0.7631666123691005,1,1,1
2,Serv,2025-01-31,2025-03-31,0.8100000000000023,0.679841325060096,0.6047010802678636,0.1301586749399063,0.20529891973213865,1,1,1
2,Serv,2025-02-28,2025-04-28,0.5300000000000011,0.5673264006943869,0.6080755098954871,0.03732640069438575,0.07807550989548595,1,1,1
2,Serv,2025-03-31,2025-05-31,-0.06999999999999318,0.5185122990295205,0.592798203085007,0.5885122990295136,0.6627982030850001,1,1,1
2,Serv,2025-04-30,2025-06-30,-0.04000000000000625,0.5579391068223364,0.6039831642423158,0.5979391068223426,0.643983164242322,1,1,1
2,Serv,2025-05-31,2025-07-31,0.35999999999999943,0.5725898326944695,0.6101721531063841,0.21258983269447007,0.25017215310638463,1,1,1
2,Serv,2025-06-30,2025-08-30,-0.5699999999999932,0.6224421013843976,0.629922698383374,1.1924421013843909,1.199922698383367,1,1,1
2,Serv,2025-07-31,2025-09-30,1.0,0.5979397599137124,0.617047459186006,0.4020602400862876,0.382952540813994,1,1,1
2,Serv,2025-08-31,2025-10-31,0.5300000000000011,0.365786087033628,0.6088768769937931,0.1642139129663731,0.07887687699379198,1,1,1
2,Serv,2025-09-30,2025-11-30,0.15000000000000568,0.7100479756937175,0.6357355142789777,0.5600479756937118,0.485735514278972,1,1,1
2,Serv,2025-10-31,2025-12-31,0.29000000000000625,0.6178553111181024,0.5891598840883976,0.3278553111180962,0.29915988408839134,1,1,1
2,Serv,2025-11-30,2026-01-30,1.5699999999999932,0.6631201527942568,0.5989006960553657,0.9068798472057363,0.9710993039446275,1,1,1
2,Serv,2025-12-31,2026-02-28,1.0999999999999943,0.634603493415622,0.6138615043293512,0.46539650658437226,0.48613849567064316,1,1,1
2,Serv,2026-01-31,2026-03-31,0.5400000000000063,0.6104499084977872,0.6134760503271831,0.07044990849778099,0.07347605032717686,1,1,1
2,Serv,2026-02-28,2026-04-28,-0.28000000000000114,0.5014492665140554,0.5776101997492135,0.7814492665140566,0.8576101997492146,1,1,1
2,Serv,2026-03-31,2026-05-31,0.09000000000000341,0.5461243891909066,0.5823712716377472,0.45612438919090315,0.49237127163774375,1,1,1
2,usd_nom_i,2016-02-29,2016-04-29,1.0900000000000034,1.181642303026184,0.7464080301133652,0.0916423030261806,0.3435919698866382,1,1,1
2,usd_nom_i,2016-03-31,2016-05-31,0.20999999999999375,0.7573309297551555,0.7440492487437382,0.5473309297551617,0.5340492487437445,1,1,1
2,usd_nom_i,2016-04-30,2016-06-30,0.23999999999999488,0.1224514355434197,0.7204275009318398,0.11754856445657519,0.48042750093184494,1,1,1
2,usd_nom_i,2016-05-31,2016-07-31,0.6099999999999994,0.35898809941579835,0.7525390882281845,0.2510119005842011,0.14253908822818506,1,1,1
2,usd_nom_i,2016-06-30,2016-08-30,0.09000000000000341,0.5887175986431042,0.7077152047052452,0.49871759864310083,0.6177152047052418,1,1,1
2,usd_nom_i,2016-07-31,2016-09-30,-0.12999999999999545,0.639460160287672,0.696900260091386,0.7694601602876675,0.8269002600913814,1,1,1
2,usd_nom_i,2016-08-31,2016-10-31,0.5999999999999943,0.5770212877644837,0.7057613656638394,0.022978712235510623,0.10576136566384509,1,1,1
2,usd_nom_i,2016-09-30,2016-11-30,0.29000000000000625,0.7000244656052871,0.6695210145190046,0.41002446560528083,0.37952101451899833,1,1,1
2,usd_nom_i,2016-10-31,2016-12-31,1.3299999999999983,0.6048127526916943,0.644925383879446,0.725187247308304,0.6850746161205523,1,1,1
2,usd_nom_i,2016-11-30,2017-01-30,0.46999999999999886,0.49320831243844754,0.7083972626821695,0.023208312438448675,0.23839726268217065,1,1,1
2,usd_nom_i,2016-12-31,2017-02-28,0.3299999999999983,0.8074150303628914,0.6868208589579771,0.4774150303628931,0.35682085895797877,1,1,1
2,usd_nom_i,2017-01-31,2017-03-31,0.20000000000000284,0.48287764415913503,0.7469948705108302,0.2828776441591322,0.5469948705108274,1,1,1
2,usd_nom_i,2017-02-28,2017-04-28,0.769999999999996,0.4467208956370265,0.6878378110435143,0.3232791043629695,0.08216218895648175,1,1,1
2,usd_nom_i,2017-03-31,2017-05-31,0.45999999999999375,0.5075731326426828,0.6811520674711973,0.04757313264268903,0.22115206747120353,1,1,1
2,usd_nom_i,2017-04-30,2017-06-30,0.5799999999999983,0.626705728400192,0.6703114986809529,0.04670572840019371,0.09031149868095456,1,1,1
2,usd_nom_i,2017-05-31,2017-07-31,-0.480000000000004,0.4968621329331494,0.70213284416888,0.9768621329331534,1.1821328441688839,1,1,1
2,usd_nom_i,2017-06-30,2017-08-30,-0.5100000000000051,0.721592665018635,0.6708732401774332,1.2315926650186402,1.1808732401774384,1,1,1
2,usd_nom_i,2017-07-31,2017-09-30,-0.14000000000000057,0.6966867145856701,0.6635381906845442,0.8366867145856707,0.8035381906845448,1,1,1
2,usd_nom_i,2017-08-31,2017-10-31,0.1599999999999966,0.773509651303259,0.5836767557971743,0.6135096513032624,0.4236767557971777,1,1,1
2,usd_nom_i,2017-09-30,2017-11-30,0.18000000000000682,0.570601043432854,0.5637613523169852,0.3906010434328472,0.3837613523169784,1,1,1
2,usd_nom_i,2017-10-31,2017-12-31,0.4399999999999977,0.3844886221359844,0.5802010931467809,0.055511377864013334,0.1402010931467832,1,1,1
2,usd_nom_i,2017-11-30,2018-01-30,-0.030000000000001137,0.5959171777385688,0.6036260674525218,0.6259171777385699,0.6336260674525229,1,1,1
2,usd_nom_i,2017-12-31,2018-02-28,0.3400000000000034,0.6925682888205978,0.5953274021904059,0.35256828882059443,0.2553274021904025,1,1,1
2,usd_nom_i,2018-01-31,2018-03-31,0.0799999999999983,0.558885618335387,0.6171202754102683,0.4788856183353887,0.53712027541027,1,1,1
2,usd_nom_i,2018-02-28,2018-04-28,0.5,0.37887251867434385,0.5632289365434707,0.12112748132565615,0.06322893654347073,1,1,1
2,usd_nom_i,2018-03-31,2018-05-31,0.09000000000000341,0.5819171111728685,0.599860903443618,0.4919171111728651,0.5098609034436146,1,1,1
2,usd_nom_i,2018-04-30,2018-06-30,0.6400000000000006,0.5810888055609018,0.5661266506113803,0.05891119443909876,0.07387334938862022,1,1,1
2,usd_nom_i,2018-05-31,2018-07-31,0.12000000000000455,0.8971933070771362,0.6114048836156901,0.7771933070771316,0.4914048836156856,1,1,1
2,usd_nom_i,2018-06-30,2018-08-30,-0.04999999999999716,0.7061735095889938,0.5626621004651137,0.756173509588991,0.6126621004651108,1,1,1
2,usd_nom_i,2018-07-31,2018-09-30,-0.29999999999999716,0.6243415725761293,0.6150627104663069,0.9243415725761265,0.915062710466304,1,1,1
2,usd_nom_i,2018-08-31,2018-10-31,0.09000000000000341,0.5488798138200978,0.5471986824190319,0.45887981382009435,0.4571986824190285,1,1,1
2,usd_nom_i,2018-09-30,2018-11-30,0.8700000000000045,0.767060808623221,0.5202386680908765,0.10293919137678353,0.34976133190912806,1,1,1
2,usd_nom_i,2018-10-31,2018-12-31,1.0799999999999983,0.6141639248693659,0.4985085991023262,0.4658360751306324,0.5814914008976722,1,1,1
2,usd_nom_i,2018-11-30,2019-01-30,1.1400000000000006,0.3917059022819874,0.5538003118576067,0.7482940977180133,0.5861996881423939,1,1,1
2,usd_nom_i,2018-12-31,2019-02-28,0.7099999999999937,0.6224554123097376,0.6380217227785586,0.08754458769025619,0.07197827722143513,1,1,1
2,usd_nom_i,2019-01-31,2019-03-31,0.5499999999999972,0.6938884082184161,0.6591861083192806,0.14388840821841897,0.10918610831928344,1,1,1
2,usd_nom_i,2019-02-28,2019-04-28,0.5900000000000034,0.6134200506684522,0.6635129823859784,0.023420050668448766,0.07351298238597503,1,1,1
2,usd_nom_i,2019-03-31,2019-05-31,0.5300000000000011,0.47212537342737393,0.6214097398209836,0.05787462657262721,0.09140973982098244,1,1,1
2,usd_nom_i,2019-04-30,2019-06-30,-0.4099999999999966,0.5191763872255187,0.6053109257113513,0.9291763872255153,1.015310925711348,1,1,1
2,usd_nom_i,2019-05-31,2019-07-31,-0.0799999999999983,0.5276005463492504,0.5999161596342186,0.6076005463492486,0.6799161596342169,1,1,1
2,usd_nom_i,2019-06-30,2019-08-30,-0.1700000000000017,0.5755827999328256,0.5879796708950245,0.7455827999328273,0.7579796708950262,1,1,1
2,usd_nom_i,2019-07-31,2019-09-30,-0.3199999999999932,0.44262924889083716,0.48820583263793427,0.7626292488908304,0.8082058326379274,1,1,1
2,usd_nom_i,2019-08-31,2019-10-31,0.29999999999999716,0.410137833568371,0.5028159356294178,0.11013783356837387,0.20281593562942068,1,1,1
2,usd_nom_i,2019-09-30,2019-11-30,0.39000000000000057,0.6774228870618432,0.4887009156456939,0.2874228870618426,0.09870091564569333,1,1,1
2,usd_nom_i,2019-10-31,2019-12-31,0.4099999999999966,0.42492259563074775,0.4689809042289164,0.014922595630751156,0.05898090422891983,1,1,1
2,usd_nom_i,2019-11-30,2020-01-30,0.5,0.46820255777047015,0.5416505604837759,0.03179744222952985,0.04165056048377591,1,1,1
2,usd_nom_i,2019-12-31,2020-02-29,0.4000000000000057,0.48694400998035614,0.5520044318094024,0.08694400998035046,0.1520044318093967,1,1,1
2,usd_nom_i,2020-01-31,2020-03-31,0.6700000000000017,0.4509062922284324,0.5530174432740718,0.21909370777156928,0.11698255672592994,1,1,1
2,usd_nom_i,2020-02-29,2020-04-29,1.2999999999999972,0.44010842061522815,0.5648516941351283,0.859891579384769,0.7351483058648689,1,1,1
2,usd_nom_i,2020-03-31,2020-05-31,0.12000000000000455,0.7087957621745533,0.5591751015639014,0.5887957621745488,0.43917510156389683,1,1,1
2,usd_nom_i,2020-04-30,2020-06-30,0.010000000000005116,1.2001842186419247,0.5877307837431253,1.1901842186419196,0.5777307837431201,1,1,1
2,usd_nom_i,2020-05-31,2020-07-31,-0.15000000000000568,0.7327420618304711,0.6581539555531681,0.8827420618304768,0.8081539555531738,1,1,1
2,usd_nom_i,2020-06-30,2020-08-30,0.10999999999999943,0.3470382941287248,0.515657980138321,0.23703829412872535,0.40565798013832155,1,1,1
2,usd_nom_i,2020-07-31,2020-09-30,0.12999999999999545,0.27711608828642315,0.49840935156519334,0.1471160882864277,0.3684093515651979,1,1,1
2,usd_nom_i,2020-08-31,2020-10-31,0.5,0.6001416012884969,0.47468322158516146,0.10014160128849692,0.025316778414838537,1,1,1
2,usd_nom_i,2020-09-30,2020-11-30,0.7800000000000011,0.6419375344461911,0.5052939355445011,0.13806246555381008,0.27470606445550005,1,1,1
2,usd_nom_i,2020-10-31,2020-12-31,0.9000000000000057,0.606534506126311,0.5107713196218668,0.2934654938736947,0.38922868037813885,1,1,1
2,usd_nom_i,2020-11-30,2021-01-30,0.5999999999999943,0.6406320661125586,0.5561229588941182,0.04063206611256431,0.04387704110587609,1,1,1
2,usd_nom_i,2020-12-31,2021-02-28,1.0300000000000011,0.5224184398831618,0.5874680952210493,0.5075815601168393,0.4425319047789519,1,1,1
2,usd_nom_i,2021-01-31,2021-03-31,1.3100000000000023,0.3933060851403899,0.604639517347202,0.9166939148596124,0.7053604826528003,1,1,1
2,usd_nom_i,2021-02-28,2021-04-28,0.8599999999999994,0.5592723697192529,0.5763782516621955,0.30072763028074656,0.28362174833780396,1,1,1
2,usd_nom_i,2021-03-31,2021-05-31,0.4099999999999966,0.6003256519538671,0.6285315278718313,0.19032565195387052,0.21853152787183472,1,1,1
2,usd_nom_i,2021-04-30,2021-06-30,0.5600000000000023,0.6147166492350477,0.6582409312084365,0.05471664923504538,0.09824093120843425,1,1,1
2,usd_nom_i,2021-05-31,2021-07-31,0.21999999999999886,0.6656839393746828,0.605598286670921,0.445683939374684,0.3855982866709221,1,1,1
2,usd_nom_i,2021-06-30,2021-08-30,0.1599999999999966,0.4163017027422913,0.5520465020615334,0.2563017027422947,0.3920465020615368,1,1,1
2,usd_nom_i,2021-07-31,2021-09-30,0.730000000000004,0.4551811899764769,0.5658956257645206,0.2748188100235271,0.1641043742354834,1,1,1
2,usd_nom_i,2021-08-31,2021-10-31,0.9200000000000017,0.5939081058452501,0.5287514709007319,0.3260918941547516,0.39124852909926977,1,1,1
2,usd_nom_i,2021-09-30,2021-11-30,0.8599999999999994,0.49669421976939643,0.5258408471513577,0.363305780230603,0.3341591528486417,1,1,1
2,usd_nom_i,2021-10-31,2021-12-31,0.20999999999999375,0.5223286599849667,0.590750214161632,0.31232865998497295,0.38075021416163823,1,1,1
2,usd_nom_i,2021-11-30,2022-01-30,1.2199999999999989,0.4933257616669853,0.6082336608027893,0.7266742383330136,0.6117663391972096,1,1,1
2,usd_nom_i,2021-12-31,2022-02-28,0.9399999999999977,0.6398729269597037,0.6070738620181559,0.30012707304029407,0.3329261379818418,1,1,1
2,usd_nom_i,2022-01-31,2022-03-31,5.549999999999997,0.5858624858449862,0.5370444736104005,4.964137514155011,5.012955526389597,1,1,1
2,usd_nom_i,2022-02-28,2022-04-28,3.280000000000001,0.7464526969492952,0.664739919713151,2.533547303050706,2.61526008028685,1,1,1
2,usd_nom_i,2022-03-31,2022-05-31,0.6800000000000068,0.7214223489497085,0.6700352514015372,0.04142234894970165,0.00996474859846963,1,1,1
2,usd_nom_i,2022-04-30,2022-06-30,-0.6800000000000068,2.1601880960281643,1.1674428442337395,2.840188096028171,1.8474428442337463,1,1,1
2,usd_nom_i,2022-05-31,2022-07-31,-0.769999999999996,-0.4871764546727019,0.6227737699086631,0.28282354532729415,1.392773769908659,1,1,1
2,usd_nom_i,2022-06-30,2022-08-30,-0.5699999999999932,-0.03602840985958706,0.6127869576455178,0.5339715901404061,1.182786957645511,1,1,1
2,usd_nom_i,2022-07-31,2022-09-30,0.3299999999999983,0.24280317852320074,0.6607637456720876,0.08719682147679755,0.3307637456720893,1,1,1
2,usd_nom_i,2022-08-31,2022-10-31,0.6599999999999966,0.7436409236388992,0.6556722802039456,0.08364092363890263,0.004327719796050955,1,1,1
2,usd_nom_i,2022-09-30,2022-11-30,0.2600000000000051,0.8011466315929959,0.6484895132357482,0.5411466315929908,0.3884895132357431,1,1,1
2,usd_nom_i,2022-10-31,2022-12-31,0.5699999999999932,0.580085013594265,0.6116992820890025,0.01008501359427183,0.041699282089009304,1,1,1
2,usd_nom_i,2022-11-30,2023-01-30,1.1299999999999955,0.6488313583805039,0.6009700523725036,0.4811686416194916,0.5290299476274919,1,1,1
2,usd_nom_i,2022-12-31,2023-02-28,0.75,0.6166560950012859,0.6169518402005132,0.13334390499871407,0.1330481597994868,1,1,1
2,usd_nom_i,2023-01-31,2023-03-31,0.39000000000000057,0.8228093130710373,0.608116322301369,0.43280931307103676,0.21811632230136846,1,1,1
2,usd_nom_i,2023-02-28,2023-04-28,0.7199999999999989,0.7443255607023173,0.5889450703821391,0.024325560702318394,0.1310549296178598,1,1,1
2,usd_nom_i,2023-03-31,2023-05-31,-0.25,0.7535154204643164,0.6019294856828399,1.0035154204643164,0.8519294856828399,1,1,1
2,usd_nom_i,2023-04-30,2023-06-30,0.4300000000000068,0.7261884084120346,0.6079751443141627,0.29618840841202776,0.17797514431415584,1,1,1
2,usd_nom_i,2023-05-31,2023-07-31,0.5,0.7628012143899292,0.5962737664306332,0.2628012143899292,0.09627376643063323,1,1,1
2,usd_nom_i,2023-06-30,2023-08-30,-0.06999999999999318,0.5586182617956336,0.6265878032931033,0.6286182617956267,0.6965878032930964,1,1,1
2,usd_nom_i,2023-07-31,2023-09-30,1.75,0.7484733341850063,0.5994609402012875,1.0015266658149937,1.1505390597987124,1,1,1
2,usd_nom_i,2023-08-31,2023-10-31,0.45999999999999375,0.8487511834907087,0.6049984606087117,0.3887511834907149,0.1449984606087179,1,1,1
2,usd_nom_i,2023-09-30,2023-11-30,0.7399999999999949,0.7820238102108868,0.6198759899414523,0.042023810210891965,0.12012401005854256,1,1,1
2,usd_nom_i,2023-10-31,2023-12-31,0.29000000000000625,0.5657077715830724,0.5692589616148358,0.27570777158306614,0.27925896161482955,1,1,1
2,usd_nom_i,2023-11-30,2024-01-30,0.8700000000000045,0.6038406223130931,0.6048483373241899,0.26615937768691145,0.2651516626758147,1,1,1
2,usd_nom_i,2023-12-31,2024-02-29,0.5300000000000011,0.3541103691160704,0.5975121198405096,0.17588963088393073,0.06751211984050842,1,1,1
2,usd_nom_i,2024-01-31,2024-03-31,0.5300000000000011,0.610149369822113,0.6115922506838951,0.08014936982211185,0.08159225068389397,1,1,1
2,usd_nom_i,2024-02-29,2024-04-29,0.37999999999999545,0.5078317069364886,0.5924918401626964,0.12783170693649315,0.21249184016270095,1,1,1
2,usd_nom_i,2024-03-31,2024-05-31,0.9399999999999977,0.6790712890865493,0.6021423830840023,0.2609287109134484,0.3378576169159955,1,1,1
2,usd_nom_i,2024-04-30,2024-06-30,0.18000000000000682,0.5934071031718968,0.6041525119172924,0.41340710317189,0.42415251191728554,1,1,1
2,usd_nom_i,2024-05-31,2024-07-31,1.0699999999999932,0.6372086438331136,0.6065084192461049,0.4327913561668796,0.4634915807538883,1,1,1
2,usd_nom_i,2024-06-30,2024-08-30,0.09000000000000341,0.497112228273561,0.5906889046682734,0.4071122282735576,0.50068890466827,1,1,1
2,usd_nom_i,2024-07-31,2024-09-30,0.6200000000000045,0.5080374070342225,0.6139671872064819,0.11196259296578204,0.006032812793522635,1,1,1
2,usd_nom_i,2024-08-31,2024-10-31,1.019999999999996,0.5336858618254336,0.5827074183324883,0.48631413817456237,0.43729258166750773,1,1,1
2,usd_nom_i,2024-09-30,2024-11-30,1.5,0.6737486840122003,0.6186328867102214,0.8262513159877997,0.8813671132897786,1,1,1
2,usd_nom_i,2024-10-31,2024-12-31,0.9099999999999966,0.669857782525394,0.6060088210023327,0.24014221747460263,0.3039911789976639,1,1,1
2,usd_nom_i,2024-11-30,2025-01-30,0.8400000000000034,0.7255873962454034,0.592646556436046,0.11441260375460005,0.2473534435639574,1,1,1
2,usd_nom_i,2024-12-31,2025-02-28,1.3400000000000034,0.6711269280378553,0.5768333876309029,0.6688730719621481,0.7631666123691005,1,1,1
2,usd_nom_i,2025-01-31,2025-03-31,0.8100000000000023,0.6472331975365678,0.6047010802678636,0.16276680246343445,0.20529891973213865,1,1,1
2,usd_nom_i,2025-02-28,2025-04-28,0.5300000000000011,0.5326904001775034,0.6080755098954871,0.002690400177502217,0.07807550989548595,1,1,1
2,usd_nom_i,2025-03-31,2025-05-31,-0.06999999999999318,0.2778588530945878,0.592798203085007,0.347858853094581,0.6627982030850001,1,1,1
2,usd_nom_i,2025-04-30,2025-06-30,-0.04000000000000625,0.32259834490536016,0.6039831642423158,0.3625983449053664,0.643983164242322,1,1,1
2,usd_nom_i,2025-05-31,2025-07-31,0.35999999999999943,0.48705578694949364,0.6101721531063841,0.1270557869494942,0.25017215310638463,1,1,1
2,usd_nom_i,2025-06-30,2025-08-30,-0.5699999999999932,0.5158847921099814,0.629922698383374,1.0858847921099746,1.199922698383367,1,1,1
2,usd_nom_i,2025-07-31,2025-09-30,1.0,0.5456900762708388,0.617047459186006,0.45430992372916124,0.382952540813994,1,1,1
2,usd_nom_i,2025-08-31,2025-10-31,0.5300000000000011,0.6029164136411399,0.6088768769937931,0.07291641364113877,0.07887687699379198,1,1,1
2,usd_nom_i,2025-09-30,2025-11-30,0.15000000000000568,0.7169488170044641,0.6357355142789777,0.5669488170044584,0.485735514278972,1,1,1
2,usd_nom_i,2025-10-31,2025-12-31,0.29000000000000625,0.6812930249228397,0.5891598840883976,0.39129302492283347,0.29915988408839134,1,1,1
2,usd_nom_i,2025-11-30,2026-01-30,1.5699999999999932,0.5064547150371365,0.5989006960553657,1.0635452849628568,0.9710993039446275,1,1,1
2,usd_nom_i,2025-12-31,2026-02-28,1.0999999999999943,0.5865021004558642,0.6138615043293512,0.5134978995441302,0.48613849567064316,1,1,1
2,usd_nom_i,2026-01-31,2026-03-31,0.5400000000000063,0.5297214398631199,0.6134760503271831,0.010278560136886328,0.07347605032717686,1,1,1
2,usd_nom_i,2026-02-28,2026-04-28,-0.28000000000000114,0.5036018040689189,0.5776101997492135,0.78360180406892,0.8576101997492146,1,1,1
2,usd_nom_i,2026-03-31,2026-05-31,0.09000000000000341,0.5466381007337332,0.5823712716377472,0.4566381007337298,0.49237127163774375,1,1,1
2,Ki_i,2016-02-29,2016-04-29,1.0900000000000034,0.7340664716755507,0.7464080301133652,0.3559335283244527,0.3435919698866382,1,1,1
2,Ki_i,2016-03-31,2016-05-31,0.20999999999999375,0.7375464308470154,0.7440492487437382,0.5275464308470217,0.5340492487437445,1,1,1
2,Ki_i,2016-04-30,2016-06-30,0.23999999999999488,0.7263073652420862,0.7204275009318398,0.4863073652420913,0.48042750093184494,1,1,1
2,Ki_i,2016-05-31,2016-07-31,0.6099999999999994,0.7304676091623875,0.7525390882281845,0.12046760916238808,0.14253908822818506,1,1,1
2,Ki_i,2016-06-30,2016-08-30,0.09000000000000341,0.7150007635853979,0.7077152047052452,0.6250007635853945,0.6177152047052418,1,1,1
2,Ki_i,2016-07-31,2016-09-30,-0.12999999999999545,0.6411414461374693,0.696900260091386,0.7711414461374647,0.8269002600913814,1,1,1
2,Ki_i,2016-08-31,2016-10-31,0.5999999999999943,0.7004315063737377,0.7057613656638394,0.10043150637374343,0.10576136566384509,1,1,1
2,Ki_i,2016-09-30,2016-11-30,0.29000000000000625,0.6821427780939172,0.6695210145190046,0.39214277809391096,0.37952101451899833,1,1,1
2,Ki_i,2016-10-31,2016-12-31,1.3299999999999983,0.6647300553018127,0.644925383879446,0.6652699446981856,0.6850746161205523,1,1,1
2,Ki_i,2016-11-30,2017-01-30,0.46999999999999886,0.6349283094151409,0.7083972626821695,0.16492830941514203,0.23839726268217065,1,1,1
2,Ki_i,2016-12-31,2017-02-28,0.3299999999999983,0.6929572464388905,0.6868208589579771,0.36295724643889216,0.35682085895797877,1,1,1
2,Ki_i,2017-01-31,2017-03-31,0.20000000000000284,0.7173420540903294,0.7469948705108302,0.5173420540903265,0.5469948705108274,1,1,1
2,Ki_i,2017-02-28,2017-04-28,0.769999999999996,0.6879378581336274,0.6878378110435143,0.08206214186636862,0.08216218895648175,1,1,1
2,Ki_i,2017-03-31,2017-05-31,0.45999999999999375,0.6860376375942371,0.6811520674711973,0.22603763759424333,0.22115206747120353,1,1,1
2,Ki_i,2017-04-30,2017-06-30,0.5799999999999983,0.6795565333038893,0.6703114986809529,0.09955653330389103,0.09031149868095456,1,1,1
2,Ki_i,2017-05-31,2017-07-31,-0.480000000000004,0.655930801734135,0.70213284416888,1.135930801734139,1.1821328441688839,1,1,1
2,Ki_i,2017-06-30,2017-08-30,-0.5100000000000051,0.5963038018525563,0.6708732401774332,1.1063038018525613,1.1808732401774384,1,1,1
2,Ki_i,2017-07-31,2017-09-30,-0.14000000000000057,0.6193249481324213,0.6635381906845442,0.7593249481324219,0.8035381906845448,1,1,1
2,Ki_i,2017-08-31,2017-10-31,0.1599999999999966,0.6213653660418148,0.5836767557971743,0.4613653660418182,0.4236767557971777,1,1,1
2,Ki_i,2017-09-30,2017-11-30,0.18000000000000682,0.6006953740660841,0.5637613523169852,0.42069537406607727,0.3837613523169784,1,1,1
2,Ki_i,2017-10-31,2017-12-31,0.4399999999999977,0.5160272918742206,0.5802010931467809,0.07602729187422286,0.1402010931467832,1,1,1
2,Ki_i,2017-11-30,2018-01-30,-0.030000000000001137,0.5717210226613635,0.6036260674525218,0.6017210226613646,0.6336260674525229,1,1,1
2,Ki_i,2017-12-31,2018-02-28,0.3400000000000034,0.6081257360774196,0.5953274021904059,0.2681257360774162,0.2553274021904025,1,1,1
2,Ki_i,2018-01-31,2018-03-31,0.0799999999999983,0.5251832075716116,0.6171202754102683,0.44518320757161334,0.53712027541027,1,1,1
2,Ki_i,2018-02-28,2018-04-28,0.5,0.5852046503416328,0.5632289365434707,0.08520465034163283,0.06322893654347073,1,1,1
2,Ki_i,2018-03-31,2018-05-31,0.09000000000000341,0.5567593014985494,0.599860903443618,0.46675930149854594,0.5098609034436146,1,1,1
2,Ki_i,2018-04-30,2018-06-30,0.6400000000000006,0.5842691890134144,0.5661266506113803,0.055730810986586166,0.07387334938862022,1,1,1
2,Ki_i,2018-05-31,2018-07-31,0.12000000000000455,0.5604999064766377,0.6114048836156901,0.4404999064766332,0.4914048836156856,1,1,1
2,Ki_i,2018-06-30,2018-08-30,-0.04999999999999716,0.5809011730675228,0.5626621004651137,0.6309011730675199,0.6126621004651108,1,1,1
2,Ki_i,2018-07-31,2018-09-30,-0.29999999999999716,0.6119312728572651,0.6150627104663069,0.9119312728572623,0.915062710466304,1,1,1
2,Ki_i,2018-08-31,2018-10-31,0.09000000000000341,0.5639634180219629,0.5471986824190319,0.4739634180219595,0.4571986824190285,1,1,1
2,Ki_i,2018-09-30,2018-11-30,0.8700000000000045,0.5431382666756533,0.5202386680908765,0.3268617333243512,0.34976133190912806,1,1,1
2,Ki_i,2018-10-31,2018-12-31,1.0799999999999983,0.5851792318048221,0.4985085991023262,0.4948207681951762,0.5814914008976722,1,1,1
2,Ki_i,2018-11-30,2019-01-30,1.1400000000000006,0.569686365055034,0.5538003118576067,0.5703136349449666,0.5861996881423939,1,1,1
2,Ki_i,2018-12-31,2019-02-28,0.7099999999999937,0.6250340411563503,0.6380217227785586,0.08496595884364344,0.07197827722143513,1,1,1
2,Ki_i,2019-01-31,2019-03-31,0.5499999999999972,0.6928632127150978,0.6591861083192806,0.1428632127151006,0.10918610831928344,1,1,1
2,Ki_i,2019-02-28,2019-04-28,0.5900000000000034,0.6403382601049289,0.6635129823859784,0.05033826010492548,0.07351298238597503,1,1,1
2,Ki_i,2019-03-31,2019-05-31,0.5300000000000011,0.6143435643391852,0.6214097398209836,0.08434356433918411,0.09140973982098244,1,1,1
2,Ki_i,2019-04-30,2019-06-30,-0.4099999999999966,0.604183706341176,0.6053109257113513,1.0141837063411727,1.015310925711348,1,1,1
2,Ki_i,2019-05-31,2019-07-31,-0.0799999999999983,0.5973290466870416,0.5999161596342186,0.6773290466870399,0.6799161596342169,1,1,1
2,Ki_i,2019-06-30,2019-08-30,-0.1700000000000017,0.5876200817356098,0.5879796708950245,0.7576200817356115,0.7579796708950262,1,1,1
2,Ki_i,2019-07-31,2019-09-30,-0.3199999999999932,0.46982681802382736,0.48820583263793427,0.7898268180238206,0.8082058326379274,1,1,1
2,Ki_i,2019-08-31,2019-10-31,0.29999999999999716,0.5254335287488137,0.5028159356294178,0.2254335287488165,0.20281593562942068,1,1,1
2,Ki_i,2019-09-30,2019-11-30,0.39000000000000057,0.4597620802953972,0.4887009156456939,0.06976208029539666,0.09870091564569333,1,1,1
2,Ki_i,2019-10-31,2019-12-31,0.4099999999999966,0.4445518799831809,0.4689809042289164,0.03455187998318432,0.05898090422891983,1,1,1
2,Ki_i,2019-11-30,2020-01-30,0.5,0.5504876832688455,0.5416505604837759,0.05048768326884545,0.04165056048377591,1,1,1
2,Ki_i,2019-12-31,2020-02-29,0.4000000000000057,0.4401077421144659,0.5520044318094024,0.04010774211446022,0.1520044318093967,1,1,1
2,Ki_i,2020-01-31,2020-03-31,0.6700000000000017,0.495770549231304,0.5530174432740718,0.17422945076869772,0.11698255672592994,1,1,1
2,Ki_i,2020-02-29,2020-04-29,1.2999999999999972,0.5675078989222904,0.5648516941351283,0.7324921010777068,0.7351483058648689,1,1,1
2,Ki_i,2020-03-31,2020-05-31,0.12000000000000455,0.49968607076340443,0.5591751015639014,0.3796860707633999,0.43917510156389683,1,1,1
2,Ki_i,2020-04-30,2020-06-30,0.010000000000005116,0.5842905349800854,0.5877307837431253,0.5742905349800803,0.5777307837431201,1,1,1
2,Ki_i,2020-05-31,2020-07-31,-0.15000000000000568,0.6302231380720353,0.6581539555531681,0.780223138072041,0.8081539555531738,1,1,1
2,Ki_i,2020-06-30,2020-08-30,0.10999999999999943,0.39444643466049334,0.515657980138321,0.2844464346604939,0.40565798013832155,1,1,1
2,Ki_i,2020-07-31,2020-09-30,0.12999999999999545,0.21299306931796883,0.49840935156519334,0.08299306931797337,0.3684093515651979,1,1,1
2,Ki_i,2020-08-31,2020-10-31,0.5,0.41410719838514115,0.47468322158516146,0.08589280161485885,0.025316778414838537,1,1,1
2,Ki_i,2020-09-30,2020-11-30,0.7800000000000011,0.5302843426999957,0.5052939355445011,0.24971565730000544,0.27470606445550005,1,1,1
2,Ki_i,2020-10-31,2020-12-31,0.9000000000000057,0.5346393433305227,0.5107713196218668,0.36536065666948303,0.38922868037813885,1,1,1
2,Ki_i,2020-11-30,2021-01-30,0.5999999999999943,0.5634103068697668,0.5561229588941182,0.03658969313022753,0.04387704110587609,1,1,1
2,Ki_i,2020-12-31,2021-02-28,1.0300000000000011,0.5822997963582693,0.5874680952210493,0.4477002036417318,0.4425319047789519,1,1,1
2,Ki_i,2021-01-31,2021-03-31,1.3100000000000023,0.5942111217869973,0.604639517347202,0.715788878213005,0.7053604826528003,1,1,1
2,Ki_i,2021-02-28,2021-04-28,0.8599999999999994,0.5792910493149149,0.5763782516621955,0.2807089506850845,0.28362174833780396,1,1,1
2,Ki_i,2021-03-31,2021-05-31,0.4099999999999966,0.6124743673219083,0.6285315278718313,0.2024743673219117,0.21853152787183472,1,1,1
2,Ki_i,2021-04-30,2021-06-30,0.5600000000000023,0.6300222669695124,0.6582409312084365,0.07002226696951008,0.09824093120843425,1,1,1
2,Ki_i,2021-05-31,2021-07-31,0.21999999999999886,0.698998196093028,0.605598286670921,0.4789981960930292,0.3855982866709221,1,1,1
2,Ki_i,2021-06-30,2021-08-30,0.1599999999999966,0.5627939637266209,0.5520465020615334,0.40279396372662435,0.3920465020615368,1,1,1
2,Ki_i,2021-07-31,2021-09-30,0.730000000000004,0.9453399077885705,0.5658956257645206,0.2153399077885665,0.1641043742354834,1,1,1
2,Ki_i,2021-08-31,2021-10-31,0.9200000000000017,0.5443453871987718,0.5287514709007319,0.3756546128012299,0.39124852909926977,1,1,1
2,Ki_i,2021-09-30,2021-11-30,0.8599999999999994,0.8433096673010138,0.5258408471513577,0.016690332698985677,0.3341591528486417,1,1,1
2,Ki_i,2021-10-31,2021-12-31,0.20999999999999375,0.6455767546107659,0.590750214161632,0.43557675461077217,0.38075021416163823,1,1,1
2,Ki_i,2021-11-30,2022-01-30,1.2199999999999989,0.5925777672025695,0.6082336608027893,0.6274222327974294,0.6117663391972096,1,1,1
2,Ki_i,2021-12-31,2022-02-28,0.9399999999999977,0.7747585426141221,0.6070738620181559,0.1652414573858756,0.3329261379818418,1,1,1
2,Ki_i,2022-01-31,2022-03-31,5.549999999999997,0.7674630305591823,0.5370444736104005,4.782536969440815,5.012955526389597,1,1,1
2,Ki_i,2022-02-28,2022-04-28,3.280000000000001,0.6234744236133716,0.664739919713151,2.6565255763866293,2.61526008028685,1,1,1
2,Ki_i,2022-03-31,2022-05-31,0.6800000000000068,0.9078064749626391,0.6700352514015372,0.2278064749626323,0.00996474859846963,1,1,1
2,Ki_i,2022-04-30,2022-06-30,-0.6800000000000068,3.3332634970111745,1.1674428442337395,4.013263497011181,1.8474428442337463,1,1,1
2,Ki_i,2022-05-31,2022-07-31,-0.769999999999996,0.38993016374291756,0.6227737699086631,1.1599301637429136,1.392773769908659,1,1,1
2,Ki_i,2022-06-30,2022-08-30,-0.5699999999999932,0.4559998550681956,0.6127869576455178,1.0259998550681888,1.182786957645511,1,1,1
2,Ki_i,2022-07-31,2022-09-30,0.3299999999999983,0.540140618261608,0.6607637456720876,0.21014061826160968,0.3307637456720893,1,1,1
2,Ki_i,2022-08-31,2022-10-31,0.6599999999999966,0.6162034747001485,0.6556722802039456,0.04379652529984812,0.004327719796050955,1,1,1
2,Ki_i,2022-09-30,2022-11-30,0.2600000000000051,0.5755838281359692,0.6484895132357482,0.3155838281359641,0.3884895132357431,1,1,1
2,Ki_i,2022-10-31,2022-12-31,0.5699999999999932,0.5675265359999666,0.6116992820890025,0.0024734640000265706,0.041699282089009304,1,1,1
2,Ki_i,2022-11-30,2023-01-30,1.1299999999999955,0.5930118091906421,0.6009700523725036,0.5369881908093533,0.5290299476274919,1,1,1
2,Ki_i,2022-12-31,2023-02-28,0.75,0.6373416196339063,0.6169518402005132,0.11265838036609366,0.1330481597994868,1,1,1
2,Ki_i,2023-01-31,2023-03-31,0.39000000000000057,0.6064542371988626,0.608116322301369,0.21645423719886203,0.21811632230136846,1,1,1
2,Ki_i,2023-02-28,2023-04-28,0.7199999999999989,0.5476876132070773,0.5889450703821391,0.1723123867929216,0.1310549296178598,1,1,1
2,Ki_i,2023-03-31,2023-05-31,-0.25,0.5878952637783144,0.6019294856828399,0.8378952637783144,0.8519294856828399,1,1,1
2,Ki_i,2023-04-30,2023-06-30,0.4300000000000068,0.6193817726805539,0.6079751443141627,0.18938177268054712,0.17797514431415584,1,1,1
2,Ki_i,2023-05-31,2023-07-31,0.5,0.5843038146573167,0.5962737664306332,0.08430381465731673,0.09627376643063323,1,1,1
2,Ki_i,2023-06-30,2023-08-30,-0.06999999999999318,0.6831577318685145,0.6265878032931033,0.7531577318685077,0.6965878032930964,1,1,1
2,Ki_i,2023-07-31,2023-09-30,1.75,0.6073968908904226,0.5994609402012875,1.1426031091095774,1.1505390597987124,1,1,1
2,Ki_i,2023-08-31,2023-10-31,0.45999999999999375,0.7330525222460319,0.6049984606087117,0.27305252224603815,0.1449984606087179,1,1,1
2,Ki_i,2023-09-30,2023-11-30,0.7399999999999949,1.0397567440442885,0.6198759899414523,0.29975674404429364,0.12012401005854256,1,1,1
2,Ki_i,2023-10-31,2023-12-31,0.29000000000000625,0.5649216116255248,0.5692589616148358,0.27492161162551854,0.27925896161482955,1,1,1
2,Ki_i,2023-11-30,2024-01-30,0.8700000000000045,0.7389685575651099,0.6048483373241899,0.13103144243489462,0.2651516626758147,1,1,1
2,Ki_i,2023-12-31,2024-02-29,0.5300000000000011,0.5816184135667364,0.5975121198405096,0.051618413566735244,0.06751211984050842,1,1,1
2,Ki_i,2024-01-31,2024-03-31,0.5300000000000011,0.6811835096148247,0.6115922506838951,0.15118350961482352,0.08159225068389397,1,1,1
2,Ki_i,2024-02-29,2024-04-29,0.37999999999999545,0.5686248327416191,0.5924918401626964,0.18862483274162367,0.21249184016270095,1,1,1
2,Ki_i,2024-03-31,2024-05-31,0.9399999999999977,0.5987498942590506,0.6021423830840023,0.34125010574094716,0.3378576169159955,1,1,1
2,Ki_i,2024-04-30,2024-06-30,0.18000000000000682,0.6007825617012702,0.6041525119172924,0.4207825617012634,0.42415251191728554,1,1,1
2,Ki_i,2024-05-31,2024-07-31,1.0699999999999932,0.6121498622096267,0.6065084192461049,0.45785013779036643,0.4634915807538883,1,1,1
2,Ki_i,2024-06-30,2024-08-30,0.09000000000000341,0.5626794815878521,0.5906889046682734,0.47267948158784867,0.50068890466827,1,1,1
2,Ki_i,2024-07-31,2024-09-30,0.6200000000000045,0.6318531480834175,0.6139671872064819,0.011853148083412979,0.006032812793522635,1,1,1
2,Ki_i,2024-08-31,2024-10-31,1.019999999999996,0.5467507687879851,0.5827074183324883,0.4732492312120109,0.43729258166750773,1,1,1
2,Ki_i,2024-09-30,2024-11-30,1.5,0.7498134830354743,0.6186328867102214,0.7501865169645257,0.8813671132897786,1,1,1
2,Ki_i,2024-10-31,2024-12-31,0.9099999999999966,0.596219511713655,0.6060088210023327,0.31378048828634164,0.3039911789976639,1,1,1
2,Ki_i,2024-11-30,2025-01-30,0.8400000000000034,0.6092212417289316,0.592646556436046,0.23077875827107186,0.2473534435639574,1,1,1
2,Ki_i,2024-12-31,2025-02-28,1.3400000000000034,0.6082336892776241,0.5768333876309029,0.7317663107223793,0.7631666123691005,1,1,1
2,Ki_i,2025-01-31,2025-03-31,0.8100000000000023,0.5761648566531028,0.6047010802678636,0.23383514334689948,0.20529891973213865,1,1,1
2,Ki_i,2025-02-28,2025-04-28,0.5300000000000011,0.5842418119117149,0.6080755098954871,0.05424181191171373,0.07807550989548595,1,1,1
2,Ki_i,2025-03-31,2025-05-31,-0.06999999999999318,0.5375113808281278,0.592798203085007,0.607511380828121,0.6627982030850001,1,1,1
2,Ki_i,2025-04-30,2025-06-30,-0.04000000000000625,0.5821745789793256,0.6039831642423158,0.6221745789793318,0.643983164242322,1,1,1
2,Ki_i,2025-05-31,2025-07-31,0.35999999999999943,0.6063350978578725,0.6101721531063841,0.2463350978578731,0.25017215310638463,1,1,1
2,Ki_i,2025-06-30,2025-08-30,-0.5699999999999932,0.6646816187817544,0.629922698383374,1.2346816187817475,1.199922698383367,1,1,1
2,Ki_i,2025-07-31,2025-09-30,1.0,0.6043325812664349,0.617047459186006,0.39566741873356515,0.382952540813994,1,1,1
2,Ki_i,2025-08-31,2025-10-31,0.5300000000000011,0.52316801148297,0.6088768769937931,0.006831988517031151,0.07887687699379198,1,1,1
2,Ki_i,2025-09-30,2025-11-30,0.15000000000000568,0.7014540757844744,0.6357355142789777,0.5514540757844687,0.485735514278972,1,1,1
2,Ki_i,2025-10-31,2025-12-31,0.29000000000000625,0.5063456391603137,0.5891598840883976,0.21634563916030747,0.29915988408839134,1,1,1
2,Ki_i,2025-11-30,2026-01-30,1.5699999999999932,0.5686268188424515,0.5989006960553657,1.0013731811575417,0.9710993039446275,1,1,1
2,Ki_i,2025-12-31,2026-02-28,1.0999999999999943,0.6336320401243231,0.6138615043293512,0.46636795987567126,0.48613849567064316,1,1,1
2,Ki_i,2026-01-31,2026-03-31,0.5400000000000063,0.5972786289817048,0.6134760503271831,0.057278628981698554,0.07347605032717686,1,1,1
2,Ki_i,2026-02-28,2026-04-28,-0.28000000000000114,0.5114864469870166,0.5776101997492135,0.7914864469870178,0.8576101997492146,1,1,1
2,Ki_i,2026-03-31,2026-05-31,0.09000000000000341,0.515237301166725,0.5823712716377472,0.42523730116672154,0.49237127163774375,1,1,1
2,Ruonia_i,2016-02-29,2016-04-29,1.0900000000000034,0.7213554554624712,0.7464080301133652,0.36864454453753226,0.3435919698866382,1,1,1
2,Ruonia_i,2016-03-31,2016-05-31,0.20999999999999375,0.7135800530686204,0.7440492487437382,0.5035800530686266,0.5340492487437445,1,1,1
2,Ruonia_i,2016-04-30,2016-06-30,0.23999999999999488,0.7101012405179257,0.7204275009318398,0.4701012405179308,0.48042750093184494,1,1,1
2,Ruonia_i,2016-05-31,2016-07-31,0.6099999999999994,0.7158331210339506,0.7525390882281845,0.10583312103395115,0.14253908822818506,1,1,1
2,Ruonia_i,2016-06-30,2016-08-30,0.09000000000000341,0.7326286417180069,0.7077152047052452,0.6426286417180035,0.6177152047052418,1,1,1
2,Ruonia_i,2016-07-31,2016-09-30,-0.12999999999999545,0.6465560702822918,0.696900260091386,0.7765560702822872,0.8269002600913814,1,1,1
2,Ruonia_i,2016-08-31,2016-10-31,0.5999999999999943,0.6645192125869414,0.7057613656638394,0.06451921258694704,0.10576136566384509,1,1,1
2,Ruonia_i,2016-09-30,2016-11-30,0.29000000000000625,0.6622453210796062,0.6695210145190046,0.37224532107959996,0.37952101451899833,1,1,1
2,Ruonia_i,2016-10-31,2016-12-31,1.3299999999999983,0.6312032270702213,0.644925383879446,0.698796772929777,0.6850746161205523,1,1,1
2,Ruonia_i,2016-11-30,2017-01-30,0.46999999999999886,0.7045575513867133,0.7083972626821695,0.2345575513867144,0.23839726268217065,1,1,1
2,Ruonia_i,2016-12-31,2017-02-28,0.3299999999999983,0.6499595637083346,0.6868208589579771,0.31995956370833634,0.35682085895797877,1,1,1
2,Ruonia_i,2017-01-31,2017-03-31,0.20000000000000284,0.7438136580485634,0.7469948705108302,0.5438136580485605,0.5469948705108274,1,1,1
2,Ruonia_i,2017-02-28,2017-04-28,0.769999999999996,0.6672015152884918,0.6878378110435143,0.10279848471150421,0.08216218895648175,1,1,1
2,Ruonia_i,2017-03-31,2017-05-31,0.45999999999999375,0.6817791981314741,0.6811520674711973,0.2217791981314804,0.22115206747120353,1,1,1
2,Ruonia_i,2017-04-30,2017-06-30,0.5799999999999983,0.6346521655142869,0.6703114986809529,0.05465216551428864,0.09031149868095456,1,1,1
2,Ruonia_i,2017-05-31,2017-07-31,-0.480000000000004,0.6484695818011325,0.70213284416888,1.1284695818011365,1.1821328441688839,1,1,1
2,Ruonia_i,2017-06-30,2017-08-30,-0.5100000000000051,0.6159922788067038,0.6708732401774332,1.125992278806709,1.1808732401774384,1,1,1
2,Ruonia_i,2017-07-31,2017-09-30,-0.14000000000000057,0.6510779735677402,0.6635381906845442,0.7910779735677408,0.8035381906845448,1,1,1
2,Ruonia_i,2017-08-31,2017-10-31,0.1599999999999966,0.5636219997542423,0.5836767557971743,0.40362199975424573,0.4236767557971777,1,1,1
2,Ruonia_i,2017-09-30,2017-11-30,0.18000000000000682,0.5184268315556139,0.5637613523169852,0.33842683155560704,0.3837613523169784,1,1,1
2,Ruonia_i,2017-10-31,2017-12-31,0.4399999999999977,0.554274552612823,0.5802010931467809,0.11427455261282526,0.1402010931467832,1,1,1
2,Ruonia_i,2017-11-30,2018-01-30,-0.030000000000001137,0.5576779446116171,0.6036260674525218,0.5876779446116183,0.6336260674525229,1,1,1
2,Ruonia_i,2017-12-31,2018-02-28,0.3400000000000034,0.592133439924178,0.5953274021904059,0.2521334399241746,0.2553274021904025,1,1,1
2,Ruonia_i,2018-01-31,2018-03-31,0.0799999999999983,0.5784853244766757,0.6171202754102683,0.49848532447667737,0.53712027541027,1,1,1
2,Ruonia_i,2018-02-28,2018-04-28,0.5,0.4545326396951119,0.5632289365434707,0.04546736030488813,0.06322893654347073,1,1,1
2,Ruonia_i,2018-03-31,2018-05-31,0.09000000000000341,0.612731295548349,0.599860903443618,0.5227312955483456,0.5098609034436146,1,1,1
2,Ruonia_i,2018-04-30,2018-06-30,0.6400000000000006,0.5673207484971736,0.5661266506113803,0.07267925150282695,0.07387334938862022,1,1,1
2,Ruonia_i,2018-05-31,2018-07-31,0.12000000000000455,0.6033331770259255,0.6114048836156901,0.48333317702592093,0.4914048836156856,1,1,1
2,Ruonia_i,2018-06-30,2018-08-30,-0.04999999999999716,0.5637143005353333,0.5626621004651137,0.6137143005353305,0.6126621004651108,1,1,1
2,Ruonia_i,2018-07-31,2018-09-30,-0.29999999999999716,0.6039468818136868,0.6150627104663069,0.903946881813684,0.915062710466304,1,1,1
2,Ruonia_i,2018-08-31,2018-10-31,0.09000000000000341,0.5476844389770126,0.5471986824190319,0.45768443897700917,0.4571986824190285,1,1,1
2,Ruonia_i,2018-09-30,2018-11-30,0.8700000000000045,0.5245050986656797,0.5202386680908765,0.3454949013343248,0.34976133190912806,1,1,1
2,Ruonia_i,2018-10-31,2018-12-31,1.0799999999999983,0.5082635609296712,0.4985085991023262,0.5717364390703271,0.5814914008976722,1,1,1
2,Ruonia_i,2018-11-30,2019-01-30,1.1400000000000006,0.5546940496735734,0.5538003118576067,0.5853059503264272,0.5861996881423939,1,1,1
2,Ruonia_i,2018-12-31,2019-02-28,0.7099999999999937,0.6215973511356657,0.6380217227785586,0.08840264886432803,0.07197827722143513,1,1,1
2,Ruonia_i,2019-01-31,2019-03-31,0.5499999999999972,0.6383188489638086,0.6591861083192806,0.08831884896381148,0.10918610831928344,1,1,1
2,Ruonia_i,2019-02-28,2019-04-28,0.5900000000000034,0.6415731360004541,0.6635129823859784,0.05157313600045066,0.07351298238597503,1,1,1
2,Ruonia_i,2019-03-31,2019-05-31,0.5300000000000011,0.6608938691295405,0.6214097398209836,0.13089386912953938,0.09140973982098244,1,1,1
2,Ruonia_i,2019-04-30,2019-06-30,-0.4099999999999966,0.61261638870156,0.6053109257113513,1.0226163887015565,1.015310925711348,1,1,1
2,Ruonia_i,2019-05-31,2019-07-31,-0.0799999999999983,0.6061228353563767,0.5999161596342186,0.686122835356375,0.6799161596342169,1,1,1
2,Ruonia_i,2019-06-30,2019-08-30,-0.1700000000000017,0.563336934185183,0.5879796708950245,0.7333369341851848,0.7579796708950262,1,1,1
2,Ruonia_i,2019-07-31,2019-09-30,-0.3199999999999932,0.4836868838639171,0.48820583263793427,0.8036868838639103,0.8082058326379274,1,1,1
2,Ruonia_i,2019-08-31,2019-10-31,0.29999999999999716,0.45772508733608824,0.5028159356294178,0.15772508733609109,0.20281593562942068,1,1,1
2,Ruonia_i,2019-09-30,2019-11-30,0.39000000000000057,0.4789313615733964,0.4887009156456939,0.08893136157339582,0.09870091564569333,1,1,1
2,Ruonia_i,2019-10-31,2019-12-31,0.4099999999999966,0.42716931243547235,0.4689809042289164,0.01716931243547576,0.05898090422891983,1,1,1
2,Ruonia_i,2019-11-30,2020-01-30,0.5,0.5393280967472249,0.5416505604837759,0.03932809674722493,0.04165056048377591,1,1,1
2,Ruonia_i,2019-12-31,2020-02-29,0.4000000000000057,0.47369855332632177,0.5520044318094024,0.07369855332631609,0.1520044318093967,1,1,1
2,Ruonia_i,2020-01-31,2020-03-31,0.6700000000000017,0.5094197059460418,0.5530174432740718,0.1605802940539599,0.11698255672592994,1,1,1
2,Ruonia_i,2020-02-29,2020-04-29,1.2999999999999972,0.5183526350806092,0.5648516941351283,0.7816473649193879,0.7351483058648689,1,1,1
2,Ruonia_i,2020-03-31,2020-05-31,0.12000000000000455,0.5357945140920952,0.5591751015639014,0.4157945140920907,0.43917510156389683,1,1,1
2,Ruonia_i,2020-04-30,2020-06-30,0.010000000000005116,0.5577270074696106,0.5877307837431253,0.5477270074696055,0.5777307837431201,1,1,1
2,Ruonia_i,2020-05-31,2020-07-31,-0.15000000000000568,0.6553469680081824,0.6581539555531681,0.8053469680081881,0.8081539555531738,1,1,1
2,Ruonia_i,2020-06-30,2020-08-30,0.10999999999999943,0.41402840882224573,0.515657980138321,0.3040284088222463,0.40565798013832155,1,1,1
2,Ruonia_i,2020-07-31,2020-09-30,0.12999999999999545,0.3880852261919549,0.49840935156519334,0.25808522619195945,0.3684093515651979,1,1,1
2,Ruonia_i,2020-08-31,2020-10-31,0.5,0.30197541423403407,0.47468322158516146,0.19802458576596593,0.025316778414838537,1,1,1
2,Ruonia_i,2020-09-30,2020-11-30,0.7800000000000011,0.48432100817154583,0.5052939355445011,0.2956789918284553,0.27470606445550005,1,1,1
2,Ruonia_i,2020-10-31,2020-12-31,0.9000000000000057,0.5507623814414241,0.5107713196218668,0.3492376185585816,0.38922868037813885,1,1,1
2,Ruonia_i,2020-11-30,2021-01-30,0.5999999999999943,0.5541672588978847,0.5561229588941182,0.045832741102109664,0.04387704110587609,1,1,1
2,Ruonia_i,2020-12-31,2021-02-28,1.0300000000000011,0.5469503793512785,0.5874680952210493,0.4830496206487226,0.4425319047789519,1,1,1
2,Ruonia_i,2021-01-31,2021-03-31,1.3100000000000023,0.5917755432505386,0.604639517347202,0.7182244567494637,0.7053604826528003,1,1,1
2,Ruonia_i,2021-02-28,2021-04-28,0.8599999999999994,0.6333166312049265,0.5763782516621955,0.2266833687950729,0.28362174833780396,1,1,1
2,Ruonia_i,2021-03-31,2021-05-31,0.4099999999999966,0.5231564302638584,0.6285315278718313,0.1131564302638618,0.21853152787183472,1,1,1
2,Ruonia_i,2021-04-30,2021-06-30,0.5600000000000023,0.698621005567754,0.6582409312084365,0.1386210055677517,0.09824093120843425,1,1,1
2,Ruonia_i,2021-05-31,2021-07-31,0.21999999999999886,0.685002312201114,0.605598286670921,0.4650023122011151,0.3855982866709221,1,1,1
2,Ruonia_i,2021-06-30,2021-08-30,0.1599999999999966,0.6351131443902257,0.5520465020615334,0.4751131443902291,0.3920465020615368,1,1,1
2,Ruonia_i,2021-07-31,2021-09-30,0.730000000000004,0.6366900467781649,0.5658956257645206,0.0933099532218391,0.1641043742354834,1,1,1
2,Ruonia_i,2021-08-31,2021-10-31,0.9200000000000017,0.6986202681729344,0.5287514709007319,0.22137973182706727,0.39124852909926977,1,1,1
2,Ruonia_i,2021-09-30,2021-11-30,0.8599999999999994,0.6373867763785463,0.5258408471513577,0.22261322362145308,0.3341591528486417,1,1,1
2,Ruonia_i,2021-10-31,2021-12-31,0.20999999999999375,0.6395887870060439,0.590750214161632,0.4295887870060502,0.38075021416163823,1,1,1
2,Ruonia_i,2021-11-30,2022-01-30,1.2199999999999989,0.6295069014775408,0.6082336608027893,0.590493098522458,0.6117663391972096,1,1,1
2,Ruonia_i,2021-12-31,2022-02-28,0.9399999999999977,0.6843066168705303,0.6070738620181559,0.25569338312946743,0.3329261379818418,1,1,1
2,Ruonia_i,2022-01-31,2022-03-31,5.549999999999997,0.5907782762873821,0.5370444736104005,4.959221723712615,5.012955526389597,1,1,1
2,Ruonia_i,2022-02-28,2022-04-28,3.280000000000001,0.7740791401163111,0.664739919713151,2.50592085988369,2.61526008028685,1,1,1
2,Ruonia_i,2022-03-31,2022-05-31,0.6800000000000068,0.8941467579617003,0.6700352514015372,0.21414675796169347,0.00996474859846963,1,1,1
2,Ruonia_i,2022-04-30,2022-06-30,-0.6800000000000068,2.845834933306623,1.1674428442337395,3.52583493330663,1.8474428442337463,1,1,1
2,Ruonia_i,2022-05-31,2022-07-31,-0.769999999999996,0.5787760196277615,0.6227737699086631,1.3487760196277576,1.392773769908659,1,1,1
2,Ruonia_i,2022-06-30,2022-08-30,-0.5699999999999932,0.5184513971201342,0.6127869576455178,1.0884513971201275,1.182786957645511,1,1,1
2,Ruonia_i,2022-07-31,2022-09-30,0.3299999999999983,0.5520407055486998,0.6607637456720876,0.22204070554870148,0.3307637456720893,1,1,1
2,Ruonia_i,2022-08-31,2022-10-31,0.6599999999999966,0.6650993433346299,0.6556722802039456,0.005099343334633355,0.004327719796050955,1,1,1
2,Ruonia_i,2022-09-30,2022-11-30,0.2600000000000051,0.6271133347492256,0.6484895132357482,0.3671133347492205,0.3884895132357431,1,1,1
2,Ruonia_i,2022-10-31,2022-12-31,0.5699999999999932,0.6032470086284841,0.6116992820890025,0.03324700862849095,0.041699282089009304,1,1,1
2,Ruonia_i,2022-11-30,2023-01-30,1.1299999999999955,0.5934273610855468,0.6009700523725036,0.5365726389144486,0.5290299476274919,1,1,1
2,Ruonia_i,2022-12-31,2023-02-28,0.75,0.5963515092486333,0.6169518402005132,0.15364849075136666,0.1330481597994868,1,1,1
2,Ruonia_i,2023-01-31,2023-03-31,0.39000000000000057,0.6045414113995409,0.608116322301369,0.2145414113995403,0.21811632230136846,1,1,1
2,Ruonia_i,2023-02-28,2023-04-28,0.7199999999999989,0.5389582716372525,0.5889450703821391,0.18104172836274635,0.1310549296178598,1,1,1
2,Ruonia_i,2023-03-31,2023-05-31,-0.25,0.5994952972164979,0.6019294856828399,0.8494952972164979,0.8519294856828399,1,1,1
2,Ruonia_i,2023-04-30,2023-06-30,0.4300000000000068,0.6279044822794781,0.6079751443141627,0.19790448227947133,0.17797514431415584,1,1,1
2,Ruonia_i,2023-05-31,2023-07-31,0.5,0.5716641204800524,0.5962737664306332,0.07166412048005244,0.09627376643063323,1,1,1
2,Ruonia_i,2023-06-30,2023-08-30,-0.06999999999999318,0.6642624493002168,0.6265878032931033,0.73426244930021,0.6965878032930964,1,1,1
2,Ruonia_i,2023-07-31,2023-09-30,1.75,0.6089330119261175,0.5994609402012875,1.1410669880738826,1.1505390597987124,1,1,1
2,Ruonia_i,2023-08-31,2023-10-31,0.45999999999999375,0.6416106890948001,0.6049984606087117,0.18161068909480638,0.1449984606087179,1,1,1
2,Ruonia_i,2023-09-30,2023-11-30,0.7399999999999949,0.8129798451606768,0.6198759899414523,0.0729798451606819,0.12012401005854256,1,1,1
2,Ruonia_i,2023-10-31,2023-12-31,0.29000000000000625,0.6188971011900073,0.5692589616148358,0.32889710119000104,0.27925896161482955,1,1,1
2,Ruonia_i,2023-11-30,2024-01-30,0.8700000000000045,0.6372848083148799,0.6048483373241899,0.23271519168512467,0.2651516626758147,1,1,1
2,Ruonia_i,2023-12-31,2024-02-29,0.5300000000000011,0.6577864208612161,0.5975121198405096,0.12778642086121494,0.06751211984050842,1,1,1
2,Ruonia_i,2024-01-31,2024-03-31,0.5300000000000011,0.6264834113474265,0.6115922506838951,0.09648341134742533,0.08159225068389397,1,1,1
2,Ruonia_i,2024-02-29,2024-04-29,0.37999999999999545,0.5966218358290294,0.5924918401626964,0.21662183582903394,0.21249184016270095,1,1,1
2,Ruonia_i,2024-03-31,2024-05-31,0.9399999999999977,0.6013632089441333,0.6021423830840023,0.3386367910558644,0.3378576169159955,1,1,1
2,Ruonia_i,2024-04-30,2024-06-30,0.18000000000000682,0.5937235294767323,0.6041525119172924,0.4137235294767255,0.42415251191728554,1,1,1
2,Ruonia_i,2024-05-31,2024-07-31,1.0699999999999932,0.6111133920855212,0.6065084192461049,0.458886607914472,0.4634915807538883,1,1,1
2,Ruonia_i,2024-06-30,2024-08-30,0.09000000000000341,0.5785579883594305,0.5906889046682734,0.4885579883594271,0.50068890466827,1,1,1
2,Ruonia_i,2024-07-31,2024-09-30,0.6200000000000045,0.6160365831163751,0.6139671872064819,0.003963416883629445,0.006032812793522635,1,1,1
2,Ruonia_i,2024-08-31,2024-10-31,1.019999999999996,0.5724619959697758,0.5827074183324883,0.44753800403022026,0.43729258166750773,1,1,1
2,Ruonia_i,2024-09-30,2024-11-30,1.5,0.6814082342568862,0.6186328867102214,0.8185917657431138,0.8813671132897786,1,1,1
2,Ruonia_i,2024-10-31,2024-12-31,0.9099999999999966,0.6200556508168319,0.6060088210023327,0.2899443491831647,0.3039911789976639,1,1,1
2,Ruonia_i,2024-11-30,2025-01-30,0.8400000000000034,0.5841138193047856,0.592646556436046,0.25588618069521785,0.2473534435639574,1,1,1
2,Ruonia_i,2024-12-31,2025-02-28,1.3400000000000034,0.5881949778577837,0.5768333876309029,0.7518050221422197,0.7631666123691005,1,1,1
2,Ruonia_i,2025-01-31,2025-03-31,0.8100000000000023,0.5955703132858339,0.6047010802678636,0.2144296867141684,0.20529891973213865,1,1,1
2,Ruonia_i,2025-02-28,2025-04-28,0.5300000000000011,0.5837285659662275,0.6080755098954871,0.05372856596622633,0.07807550989548595,1,1,1
2,Ruonia_i,2025-03-31,2025-05-31,-0.06999999999999318,0.556482567706979,0.592798203085007,0.6264825677069722,0.6627982030850001,1,1,1
2,Ruonia_i,2025-04-30,2025-06-30,-0.04000000000000625,0.6029989460955393,0.6039831642423158,0.6429989460955455,0.643983164242322,1,1,1
2,Ruonia_i,2025-05-31,2025-07-31,0.35999999999999943,0.5984149327410426,0.6101721531063841,0.2384149327410432,0.25017215310638463,1,1,1
2,Ruonia_i,2025-06-30,2025-08-30,-0.5699999999999932,0.6465175682664592,0.629922698383374,1.2165175682664524,1.199922698383367,1,1,1
2,Ruonia_i,2025-07-31,2025-09-30,1.0,0.6096730085323472,0.617047459186006,0.3903269914676528,0.382952540813994,1,1,1
2,Ruonia_i,2025-08-31,2025-10-31,0.5300000000000011,0.5880800078350706,0.6088768769937931,0.0580800078350695,0.07887687699379198,1,1,1
2,Ruonia_i,2025-09-30,2025-11-30,0.15000000000000568,0.6282490013788287,0.6357355142789777,0.478249001378823,0.485735514278972,1,1,1
2,Ruonia_i,2025-10-31,2025-12-31,0.29000000000000625,0.5487336065740813,0.5891598840883976,0.25873360657407507,0.29915988408839134,1,1,1
2,Ruonia_i,2025-11-30,2026-01-30,1.5699999999999932,0.5702844096349053,0.5989006960553657,0.9997155903650878,0.9710993039446275,1,1,1
2,Ruonia_i,2025-12-31,2026-02-28,1.0999999999999943,0.6162920311692964,0.6138615043293512,0.4837079688306979,0.48613849567064316,1,1,1
2,Ruonia_i,2026-01-31,2026-03-31,0.5400000000000063,0.6048337001573042,0.6134760503271831,0.06483370015729795,0.07347605032717686,1,1,1
2,Ruonia_i,2026-02-28,2026-04-28,-0.28000000000000114,0.5352855581751773,0.5776101997492135,0.8152855581751784,0.8576101997492146,1,1,1
2,Ruonia_i,2026-03-31,2026-05-31,0.09000000000000341,0.5339111906062262,0.5823712716377472,0.44391119060622275,0.49237127163774375,1,1,1
2,fl_potrb_zad,2016-02-29,2016-04-29,1.0900000000000034,0.8253955674838305,0.7464080301133652,0.26460443251617294,0.3435919698866382,1,1,1
2,fl_potrb_zad,2016-03-31,2016-05-31,0.20999999999999375,0.8388050621037162,0.7440492487437382,0.6288050621037224,0.5340492487437445,1,1,1
2,fl_potrb_zad,2016-04-30,2016-06-30,0.23999999999999488,0.8213060292381553,0.7204275009318398,0.5813060292381604,0.48042750093184494,1,1,1
2,fl_potrb_zad,2016-05-31,2016-07-31,0.6099999999999994,0.8114420539070154,0.7525390882281845,0.20144205390701597,0.14253908822818506,1,1,1
2,fl_potrb_zad,2016-06-30,2016-08-30,0.09000000000000341,0.7710301021458561,0.7077152047052452,0.6810301021458527,0.6177152047052418,1,1,1
2,fl_potrb_zad,2016-07-31,2016-09-30,-0.12999999999999545,0.7621106976321979,0.696900260091386,0.8921106976321933,0.8269002600913814,1,1,1
2,fl_potrb_zad,2016-08-31,2016-10-31,0.5999999999999943,0.7404715082485721,0.7057613656638394,0.1404715082485778,0.10576136566384509,1,1,1
2,fl_potrb_zad,2016-09-30,2016-11-30,0.29000000000000625,0.7173712046068492,0.6695210145190046,0.42737120460684297,0.37952101451899833,1,1,1
2,fl_potrb_zad,2016-10-31,2016-12-31,1.3299999999999983,0.6945127202072933,0.644925383879446,0.635487279792705,0.6850746161205523,1,1,1
2,fl_potrb_zad,2016-11-30,2017-01-30,0.46999999999999886,0.749083466005565,0.7083972626821695,0.2790834660055661,0.23839726268217065,1,1,1
2,fl_potrb_zad,2016-12-31,2017-02-28,0.3299999999999983,0.7224217314991018,0.6868208589579771,0.39242173149910353,0.35682085895797877,1,1,1
2,fl_potrb_zad,2017-01-31,2017-03-31,0.20000000000000284,0.7575825305930405,0.7469948705108302,0.5575825305930376,0.5469948705108274,1,1,1
2,fl_potrb_zad,2017-02-28,2017-04-28,0.769999999999996,0.7167624894906869,0.6878378110435143,0.05323751050930914,0.08216218895648175,1,1,1
2,fl_potrb_zad,2017-03-31,2017-05-31,0.45999999999999375,0.7319364986467605,0.6811520674711973,0.2719364986467667,0.22115206747120353,1,1,1
2,fl_potrb_zad,2017-04-30,2017-06-30,0.5799999999999983,0.7076314157983208,0.6703114986809529,0.1276314157983225,0.09031149868095456,1,1,1
2,fl_potrb_zad,2017-05-31,2017-07-31,-0.480000000000004,0.711212171593107,0.70213284416888,1.191212171593111,1.1821328441688839,1,1,1
2,fl_potrb_zad,2017-06-30,2017-08-30,-0.5100000000000051,0.6855950472831905,0.6708732401774332,1.1955950472831955,1.1808732401774384,1,1,1
2,fl_potrb_zad,2017-07-31,2017-09-30,-0.14000000000000057,0.6765892367906778,0.6635381906845442,0.8165892367906784,0.8035381906845448,1,1,1
2,fl_potrb_zad,2017-08-31,2017-10-31,0.1599999999999966,0.5978721678101951,0.5836767557971743,0.43787216781019855,0.4236767557971777,1,1,1
2,fl_potrb_zad,2017-09-30,2017-11-30,0.18000000000000682,0.5796849776292958,0.5637613523169852,0.399684977629289,0.3837613523169784,1,1,1
2,fl_potrb_zad,2017-10-31,2017-12-31,0.4399999999999977,0.5919356700332328,0.5802010931467809,0.15193567003323505,0.1402010931467832,1,1,1
2,fl_potrb_zad,2017-11-30,2018-01-30,-0.030000000000001137,0.6074228578231035,0.6036260674525218,0.6374228578231046,0.6336260674525229,1,1,1
2,fl_potrb_zad,2017-12-31,2018-02-28,0.3400000000000034,0.6040528219556083,0.5953274021904059,0.26405282195560487,0.2553274021904025,1,1,1
2,fl_potrb_zad,2018-01-31,2018-03-31,0.0799999999999983,0.6216999695527825,0.6171202754102683,0.5416999695527842,0.53712027541027,1,1,1
2,fl_potrb_zad,2018-02-28,2018-04-28,0.5,0.5569277013892491,0.5632289365434707,0.056927701389249075,0.06322893654347073,1,1,1
2,fl_potrb_zad,2018-03-31,2018-05-31,0.09000000000000341,0.6126080074727852,0.599860903443618,0.5226080074727818,0.5098609034436146,1,1,1
2,fl_potrb_zad,2018-04-30,2018-06-30,0.6400000000000006,0.5759639490824016,0.5661266506113803,0.06403605091759901,0.07387334938862022,1,1,1
2,fl_potrb_zad,2018-05-31,2018-07-31,0.12000000000000455,0.6114967672270818,0.6114048836156901,0.49149676722707725,0.4914048836156856,1,1,1
2,fl_potrb_zad,2018-06-30,2018-08-30,-0.04999999999999716,0.6045620994648017,0.5626621004651137,0.6545620994647988,0.6126621004651108,1,1,1
2,fl_potrb_zad,2018-07-31,2018-09-30,-0.29999999999999716,0.6118002887078023,0.6150627104663069,0.9118002887077995,0.915062710466304,1,1,1
2,fl_potrb_zad,2018-08-31,2018-10-31,0.09000000000000341,0.5428077551068737,0.5471986824190319,0.4528077551068703,0.4571986824190285,1,1,1
2,fl_potrb_zad,2018-09-30,2018-11-30,0.8700000000000045,0.514832560449875,0.5202386680908765,0.3551674395501295,0.34976133190912806,1,1,1
2,fl_potrb_zad,2018-10-31,2018-12-31,1.0799999999999983,0.5006274136350175,0.4985085991023262,0.5793725863649808,0.5814914008976722,1,1,1
2,fl_potrb_zad,2018-11-30,2019-01-30,1.1400000000000006,0.5563849252375194,0.5538003118576067,0.5836150747624812,0.5861996881423939,1,1,1
2,fl_potrb_zad,2018-12-31,2019-02-28,0.7099999999999937,0.6349003028966095,0.6380217227785586,0.07509969710338427,0.07197827722143513,1,1,1
2,fl_potrb_zad,2019-01-31,2019-03-31,0.5499999999999972,0.6611916853379923,0.6591861083192806,0.11119168533799517,0.10918610831928344,1,1,1
2,fl_potrb_zad,2019-02-28,2019-04-28,0.5900000000000034,0.668140628409508,0.6635129823859784,0.07814062840950464,0.07351298238597503,1,1,1
2,fl_potrb_zad,2019-03-31,2019-05-31,0.5300000000000011,0.6280681530562754,0.6214097398209836,0.09806815305627425,0.09140973982098244,1,1,1
2,fl_potrb_zad,2019-04-30,2019-06-30,-0.4099999999999966,0.6029634005465498,0.6053109257113513,1.0129634005465464,1.015310925711348,1,1,1
2,fl_potrb_zad,2019-05-31,2019-07-31,-0.0799999999999983,0.5963509044675601,0.5999161596342186,0.6763509044675584,0.6799161596342169,1,1,1
2,fl_potrb_zad,2019-06-30,2019-08-30,-0.1700000000000017,0.5865202086030971,0.5879796708950245,0.7565202086030988,0.7579796708950262,1,1,1
2,fl_potrb_zad,2019-07-31,2019-09-30,-0.3199999999999932,0.4929448530687065,0.48820583263793427,0.8129448530686997,0.8082058326379274,1,1,1
2,fl_potrb_zad,2019-08-31,2019-10-31,0.29999999999999716,0.4986107841672276,0.5028159356294178,0.19861078416723044,0.20281593562942068,1,1,1
2,fl_potrb_zad,2019-09-30,2019-11-30,0.39000000000000057,0.4871582349169371,0.4887009156456939,0.09715823491693654,0.09870091564569333,1,1,1
2,fl_potrb_zad,2019-10-31,2019-12-31,0.4099999999999966,0.47285512671512986,0.4689809042289164,0.06285512671513327,0.05898090422891983,1,1,1
2,fl_potrb_zad,2019-11-30,2020-01-30,0.5,0.5440803490812764,0.5416505604837759,0.04408034908127645,0.04165056048377591,1,1,1
2,fl_potrb_zad,2019-12-31,2020-02-29,0.4000000000000057,0.5567466461172268,0.5520044318094024,0.1567466461172211,0.1520044318093967,1,1,1
2,fl_potrb_zad,2020-01-31,2020-03-31,0.6700000000000017,0.5544357389998638,0.5530174432740718,0.11556426100013795,0.11698255672592994,1,1,1
2,fl_potrb_zad,2020-02-29,2020-04-29,1.2999999999999972,0.5696702995232923,0.5648516941351283,0.7303297004767049,0.7351483058648689,1,1,1
2,fl_potrb_zad,2020-03-31,2020-05-31,0.12000000000000455,0.5646212830355872,0.5591751015639014,0.4446212830355827,0.43917510156389683,1,1,1
2,fl_potrb_zad,2020-04-30,2020-06-30,0.010000000000005116,0.587140366950829,0.5877307837431253,0.5771403669508239,0.5777307837431201,1,1,1
2,fl_potrb_zad,2020-05-31,2020-07-31,-0.15000000000000568,0.6748689225910387,0.6581539555531681,0.8248689225910444,0.8081539555531738,1,1,1
2,fl_potrb_zad,2020-06-30,2020-08-30,0.10999999999999943,0.5313493828933936,0.515657980138321,0.4213493828933942,0.40565798013832155,1,1,1
2,fl_potrb_zad,2020-07-31,2020-09-30,0.12999999999999545,0.5028444991816702,0.49840935156519334,0.3728444991816747,0.3684093515651979,1,1,1
2,fl_potrb_zad,2020-08-31,2020-10-31,0.5,0.477777824298991,0.47468322158516146,0.022222175701008984,0.025316778414838537,1,1,1
2,fl_potrb_zad,2020-09-30,2020-11-30,0.7800000000000011,0.5054268103689913,0.5052939355445011,0.27457318963100985,0.27470606445550005,1,1,1
2,fl_potrb_zad,2020-10-31,2020-12-31,0.9000000000000057,0.5145383152895553,0.5107713196218668,0.3854616847104504,0.38922868037813885,1,1,1
2,fl_potrb_zad,2020-11-30,2021-01-30,0.5999999999999943,0.5566945181896276,0.5561229588941182,0.04330548181036675,0.04387704110587609,1,1,1
2,fl_potrb_zad,2020-12-31,2021-02-28,1.0300000000000011,0.5878560047469801,0.5874680952210493,0.44214399525302106,0.4425319047789519,1,1,1
2,fl_potrb_zad,2021-01-31,2021-03-31,1.3100000000000023,0.6053863499417077,0.604639517347202,0.7046136500582946,0.7053604826528003,1,1,1
2,fl_potrb_zad,2021-02-28,2021-04-28,0.8599999999999994,0.5786265337098244,0.5763782516621955,0.281373466290175,0.28362174833780396,1,1,1
2,fl_potrb_zad,2021-03-31,2021-05-31,0.4099999999999966,0.6289857911774059,0.6285315278718313,0.21898579117740935,0.21853152787183472,1,1,1
2,fl_potrb_zad,2021-04-30,2021-06-30,0.5600000000000023,0.655975331456325,0.6582409312084365,0.09597533145632275,0.09824093120843425,1,1,1
2,fl_potrb_zad,2021-05-31,2021-07-31,0.21999999999999886,0.6034085598496397,0.605598286670921,0.38340855984964084,0.3855982866709221,1,1,1
2,fl_potrb_zad,2021-06-30,2021-08-30,0.1599999999999966,0.5511084475275956,0.5520465020615334,0.391108447527599,0.3920465020615368,1,1,1
2,fl_potrb_zad,2021-07-31,2021-09-30,0.730000000000004,0.5629384535186536,0.5658956257645206,0.1670615464813504,0.1641043742354834,1,1,1
2,fl_potrb_zad,2021-08-31,2021-10-31,0.9200000000000017,0.5286344206925562,0.5287514709007319,0.39136557930744553,0.39124852909926977,1,1,1
2,fl_potrb_zad,2021-09-30,2021-11-30,0.8599999999999994,0.5240857528119197,0.5258408471513577,0.3359142471880797,0.3341591528486417,1,1,1
2,fl_potrb_zad,2021-10-31,2021-12-31,0.20999999999999375,0.5881409010242068,0.590750214161632,0.37814090102421305,0.38075021416163823,1,1,1
2,fl_potrb_zad,2021-11-30,2022-01-30,1.2199999999999989,0.6062911771934576,0.6082336608027893,0.6137088228065413,0.6117663391972096,1,1,1
2,fl_potrb_zad,2021-12-31,2022-02-28,0.9399999999999977,0.6047028356586782,0.6070738620181559,0.3352971643413195,0.3329261379818418,1,1,1
2,fl_potrb_zad,2022-01-31,2022-03-31,5.549999999999997,0.5359173399633029,0.5370444736104005,5.014082660036694,5.012955526389597,1,1,1
2,fl_potrb_zad,2022-02-28,2022-04-28,3.280000000000001,0.6646428434599038,0.664739919713151,2.6153571565400973,2.61526008028685,1,1,1
2,fl_potrb_zad,2022-03-31,2022-05-31,0.6800000000000068,0.6700291501531049,0.6700352514015372,0.009970849846901886,0.00996474859846963,1,1,1
2,fl_potrb_zad,2022-04-30,2022-06-30,-0.6800000000000068,1.166015825140847,1.1674428442337395,1.8460158251408538,1.8474428442337463,1,1,1
2,fl_potrb_zad,2022-05-31,2022-07-31,-0.769999999999996,0.6254242590216,0.6227737699086631,1.395424259021596,1.392773769908659,1,1,1
2,fl_potrb_zad,2022-06-30,2022-08-30,-0.5699999999999932,0.6162452321009563,0.6127869576455178,1.1862452321009496,1.182786957645511,1,1,1
2,fl_potrb_zad,2022-07-31,2022-09-30,0.3299999999999983,0.6572934714527942,0.6607637456720876,0.32729347145279586,0.3307637456720893,1,1,1
2,fl_potrb_zad,2022-08-31,2022-10-31,0.6599999999999966,0.6519271543541477,0.6556722802039456,0.00807284564584887,0.004327719796050955,1,1,1
2,fl_potrb_zad,2022-09-30,2022-11-30,0.2600000000000051,0.6476776137361211,0.6484895132357482,0.387677613736116,0.3884895132357431,1,1,1
2,fl_potrb_zad,2022-10-31,2022-12-31,0.5699999999999932,0.6108623459122573,0.6116992820890025,0.04086234591226412,0.041699282089009304,1,1,1
2,fl_potrb_zad,2022-11-30,2023-01-30,1.1299999999999955,0.600933268413585,0.6009700523725036,0.5290667315864105,0.5290299476274919,1,1,1
2,fl_potrb_zad,2022-12-31,2023-02-28,0.75,0.6165265273170576,0.6169518402005132,0.1334734726829424,0.1330481597994868,1,1,1
2,fl_potrb_zad,2023-01-31,2023-03-31,0.39000000000000057,0.6071375418875754,0.608116322301369,0.21713754188757484,0.21811632230136846,1,1,1
2,fl_potrb_zad,2023-02-28,2023-04-28,0.7199999999999989,0.588744850148231,0.5889450703821391,0.1312551498517679,0.1310549296178598,1,1,1
2,fl_potrb_zad,2023-03-31,2023-05-31,-0.25,0.5999627405567465,0.6019294856828399,0.8499627405567465,0.8519294856828399,1,1,1
2,fl_potrb_zad,2023-04-30,2023-06-30,0.4300000000000068,0.6077321328513894,0.6079751443141627,0.17773213285138256,0.17797514431415584,1,1,1
2,fl_potrb_zad,2023-05-31,2023-07-31,0.5,0.5975307408685581,0.5962737664306332,0.09753074086855806,0.09627376643063323,1,1,1
2,fl_potrb_zad,2023-06-30,2023-08-30,-0.06999999999999318,0.6273387455671572,0.6265878032931033,0.6973387455671504,0.6965878032930964,1,1,1
2,fl_potrb_zad,2023-07-31,2023-09-30,1.75,0.6015286998041571,0.5994609402012875,1.1484713001958429,1.1505390597987124,1,1,1
2,fl_potrb_zad,2023-08-31,2023-10-31,0.45999999999999375,0.6112315590344966,0.6049984606087117,0.1512315590345028,0.1449984606087179,1,1,1
2,fl_potrb_zad,2023-09-30,2023-11-30,0.7399999999999949,0.6256705462273098,0.6198759899414523,0.11432945377268511,0.12012401005854256,1,1,1
2,fl_potrb_zad,2023-10-31,2023-12-31,0.29000000000000625,0.5772268849970501,0.5692589616148358,0.28722688499704385,0.27925896161482955,1,1,1
2,fl_potrb_zad,2023-11-30,2024-01-30,0.8700000000000045,0.6069562449628957,0.6048483373241899,0.26304375503710886,0.2651516626758147,1,1,1
2,fl_potrb_zad,2023-12-31,2024-02-29,0.5300000000000011,0.5966284774236469,0.5975121198405096,0.06662847742364575,0.06751211984050842,1,1,1
2,fl_potrb_zad,2024-01-31,2024-03-31,0.5300000000000011,0.6045239722660272,0.6115922506838951,0.07452397226602603,0.08159225068389397,1,1,1
2,fl_potrb_zad,2024-02-29,2024-04-29,0.37999999999999545,0.5942069206969536,0.5924918401626964,0.21420692069695813,0.21249184016270095,1,1,1
2,fl_potrb_zad,2024-03-31,2024-05-31,0.9399999999999977,0.604397021758059,0.6021423830840023,0.33560297824193874,0.3378576169159955,1,1,1
2,fl_potrb_zad,2024-04-30,2024-06-30,0.18000000000000682,0.6079003544707378,0.6041525119172924,0.42790035447073094,0.42415251191728554,1,1,1
2,fl_potrb_zad,2024-05-31,2024-07-31,1.0699999999999932,0.6090220196361806,0.6065084192461049,0.46097798036381255,0.4634915807538883,1,1,1
2,fl_potrb_zad,2024-06-30,2024-08-30,0.09000000000000341,0.5971085629544599,0.5906889046682734,0.5071085629544565,0.50068890466827,1,1,1
2,fl_potrb_zad,2024-07-31,2024-09-30,0.6200000000000045,0.61560752374116,0.6139671872064819,0.004392476258844535,0.006032812793522635,1,1,1
2,fl_potrb_zad,2024-08-31,2024-10-31,1.019999999999996,0.5797020800869923,0.5827074183324883,0.4402979199130037,0.43729258166750773,1,1,1
2,fl_potrb_zad,2024-09-30,2024-11-30,1.5,0.6202512247016012,0.6186328867102214,0.8797487752983988,0.8813671132897786,1,1,1
2,fl_potrb_zad,2024-10-31,2024-12-31,0.9099999999999966,0.6053940871703989,0.6060088210023327,0.3046059128295977,0.3039911789976639,1,1,1
2,fl_potrb_zad,2024-11-30,2025-01-30,0.8400000000000034,0.5907551154653243,0.592646556436046,0.24924488453467908,0.2473534435639574,1,1,1
2,fl_potrb_zad,2024-12-31,2025-02-28,1.3400000000000034,0.5627528978749506,0.5768333876309029,0.7772471021250528,0.7631666123691005,1,1,1
2,fl_potrb_zad,2025-01-31,2025-03-31,0.8100000000000023,0.6109328510081751,0.6047010802678636,0.1990671489918272,0.20529891973213865,1,1,1
2,fl_potrb_zad,2025-02-28,2025-04-28,0.5300000000000011,0.6160264060715398,0.6080755098954871,0.08602640607153866,0.07807550989548595,1,1,1
2,fl_potrb_zad,2025-03-31,2025-05-31,-0.06999999999999318,0.596658912227149,0.592798203085007,0.6666589122271421,0.6627982030850001,1,1,1
2,fl_potrb_zad,2025-04-30,2025-06-30,-0.04000000000000625,0.606004511234818,0.6039831642423158,0.6460045112348243,0.643983164242322,1,1,1
2,fl_potrb_zad,2025-05-31,2025-07-31,0.35999999999999943,0.6102043293671697,0.6101721531063841,0.2502043293671703,0.25017215310638463,1,1,1
2,fl_potrb_zad,2025-06-30,2025-08-30,-0.5699999999999932,0.6290736336114131,0.629922698383374,1.1990736336114063,1.199922698383367,1,1,1
2,fl_potrb_zad,2025-07-31,2025-09-30,1.0,0.6108135646335158,0.617047459186006,0.38918643536648423,0.382952540813994,1,1,1
2,fl_potrb_zad,2025-08-31,2025-10-31,0.5300000000000011,0.6061297887807066,0.6088768769937931,0.07612978878070542,0.07887687699379198,1,1,1
2,fl_potrb_zad,2025-09-30,2025-11-30,0.15000000000000568,0.6330314742050305,0.6357355142789777,0.4830314742050248,0.485735514278972,1,1,1
2,fl_potrb_zad,2025-10-31,2025-12-31,0.29000000000000625,0.5870523625161999,0.5891598840883976,0.2970523625161936,0.29915988408839134,1,1,1
2,fl_potrb_zad,2025-11-30,2026-01-30,1.5699999999999932,0.5944499755837722,0.5989006960553657,0.975550024416221,0.9710993039446275,1,1,1
2,fl_potrb_zad,2025-12-31,2026-02-28,1.0999999999999943,0.6110645353774772,0.6138615043293512,0.48893546462251714,0.48613849567064316,1,1,1
2,fl_potrb_zad,2026-01-31,2026-03-31,0.5400000000000063,0.6128637333102274,0.6134760503271831,0.07286373331022111,0.07347605032717686,1,1,1
2,fl_potrb_zad,2026-02-28,2026-04-28,-0.28000000000000114,0.5775087907895833,0.5776101997492135,0.8575087907895844,0.8576101997492146,1,1,1
2,fl_potrb_zad,2026-03-31,2026-05-31,0.09000000000000341,0.5815630576200153,0.5823712716377472,0.49156305762001185,0.49237127163774375,1,1,1
2,fl_dep,2016-02-29,2016-04-29,1.0900000000000034,0.8222883682106156,0.7464080301133652,0.26771163178938784,0.3435919698866382,1,1,1
2,fl_dep,2016-03-31,2016-05-31,0.20999999999999375,0.6958567571052062,0.7440492487437382,0.4858567571052125,0.5340492487437445,1,1,1
2,fl_dep,2016-04-30,2016-06-30,0.23999999999999488,0.7517435286277828,0.7204275009318398,0.5117435286277879,0.48042750093184494,1,1,1
2,fl_dep,2016-05-31,2016-07-31,0.6099999999999994,0.7182867648913551,0.7525390882281845,0.10828676489135569,0.14253908822818506,1,1,1
2,fl_dep,2016-06-30,2016-08-30,0.09000000000000341,0.7568924549932108,0.7077152047052452,0.6668924549932074,0.6177152047052418,1,1,1
2,fl_dep,2016-07-31,2016-09-30,-0.12999999999999545,0.6812538894864475,0.696900260091386,0.811253889486443,0.8269002600913814,1,1,1
2,fl_dep,2016-08-31,2016-10-31,0.5999999999999943,0.7535189411225423,0.7057613656638394,0.15351894112254794,0.10576136566384509,1,1,1
2,fl_dep,2016-09-30,2016-11-30,0.29000000000000625,0.7135114461947649,0.6695210145190046,0.42351144619475867,0.37952101451899833,1,1,1
2,fl_dep,2016-10-31,2016-12-31,1.3299999999999983,0.6817951979289418,0.644925383879446,0.6482048020710565,0.6850746161205523,1,1,1
2,fl_dep,2016-11-30,2017-01-30,0.46999999999999886,0.7614564814616848,0.7083972626821695,0.2914564814616859,0.23839726268217065,1,1,1
2,fl_dep,2016-12-31,2017-02-28,0.3299999999999983,0.7052642000043594,0.6868208589579771,0.3752642000043611,0.35682085895797877,1,1,1
2,fl_dep,2017-01-31,2017-03-31,0.20000000000000284,0.7028106051611517,0.7469948705108302,0.5028106051611488,0.5469948705108274,1,1,1
2,fl_dep,2017-02-28,2017-04-28,0.769999999999996,0.6958258260477757,0.6878378110435143,0.07417417395222037,0.08216218895648175,1,1,1
2,fl_dep,2017-03-31,2017-05-31,0.45999999999999375,0.6805356505840583,0.6811520674711973,0.22053565058406455,0.22115206747120353,1,1,1
2,fl_dep,2017-04-30,2017-06-30,0.5799999999999983,0.671063336496532,0.6703114986809529,0.09106333649653375,0.09031149868095456,1,1,1
2,fl_dep,2017-05-31,2017-07-31,-0.480000000000004,0.7614067015635468,0.70213284416888,1.2414067015635508,1.1821328441688839,1,1,1
2,fl_dep,2017-06-30,2017-08-30,-0.5100000000000051,0.702521272100153,0.6708732401774332,1.2125212721001581,1.1808732401774384,1,1,1
2,fl_dep,2017-07-31,2017-09-30,-0.14000000000000057,0.642205296232564,0.6635381906845442,0.7822052962325645,0.8035381906845448,1,1,1
2,fl_dep,2017-08-31,2017-10-31,0.1599999999999966,0.6635568216682288,0.5836767557971743,0.5035568216682322,0.4236767557971777,1,1,1
2,fl_dep,2017-09-30,2017-11-30,0.18000000000000682,0.6173682823791585,0.5637613523169852,0.4373682823791517,0.3837613523169784,1,1,1
2,fl_dep,2017-10-31,2017-12-31,0.4399999999999977,0.6373309685454794,0.5802010931467809,0.1973309685454817,0.1402010931467832,1,1,1
2,fl_dep,2017-11-30,2018-01-30,-0.030000000000001137,0.6089758469043173,0.6036260674525218,0.6389758469043184,0.6336260674525229,1,1,1
2,fl_dep,2017-12-31,2018-02-28,0.3400000000000034,0.5975712951200695,0.5953274021904059,0.25757129512006605,0.2553274021904025,1,1,1
2,fl_dep,2018-01-31,2018-03-31,0.0799999999999983,0.5845757317920963,0.6171202754102683,0.504575731792098,0.53712027541027,1,1,1
2,fl_dep,2018-02-28,2018-04-28,0.5,0.6006631888761786,0.5632289365434707,0.10066318887617864,0.06322893654347073,1,1,1
2,fl_dep,2018-03-31,2018-05-31,0.09000000000000341,0.5885152405644929,0.599860903443618,0.4985152405644895,0.5098609034436146,1,1,1
2,fl_dep,2018-04-30,2018-06-30,0.6400000000000006,0.5988741862302094,0.5661266506113803,0.041125813769791186,0.07387334938862022,1,1,1
2,fl_dep,2018-05-31,2018-07-31,0.12000000000000455,0.6206740856202659,0.6114048836156901,0.5006740856202614,0.4914048836156856,1,1,1
2,fl_dep,2018-06-30,2018-08-30,-0.04999999999999716,0.6978063142081836,0.5626621004651137,0.7478063142081808,0.6126621004651108,1,1,1
2,fl_dep,2018-07-31,2018-09-30,-0.29999999999999716,0.6109679046916576,0.6150627104663069,0.9109679046916548,0.915062710466304,1,1,1
2,fl_dep,2018-08-31,2018-10-31,0.09000000000000341,0.5425371026906303,0.5471986824190319,0.45253710269062686,0.4571986824190285,1,1,1
2,fl_dep,2018-09-30,2018-11-30,0.8700000000000045,0.5637354489292283,0.5202386680908765,0.3062645510707762,0.34976133190912806,1,1,1
2,fl_dep,2018-10-31,2018-12-31,1.0799999999999983,0.5456658965204346,0.4985085991023262,0.5343341034795637,0.5814914008976722,1,1,1
2,fl_dep,2018-11-30,2019-01-30,1.1400000000000006,0.5525931352300283,0.5538003118576067,0.5874068647699723,0.5861996881423939,1,1,1
2,fl_dep,2018-12-31,2019-02-28,0.7099999999999937,0.662143133115157,0.6380217227785586,0.0478568668848367,0.07197827722143513,1,1,1
2,fl_dep,2019-01-31,2019-03-31,0.5499999999999972,0.6286137761363096,0.6591861083192806,0.07861377613631249,0.10918610831928344,1,1,1
2,fl_dep,2019-02-28,2019-04-28,0.5900000000000034,0.7043773164402762,0.6635129823859784,0.11437731644027282,0.07351298238597503,1,1,1
2,fl_dep,2019-03-31,2019-05-31,0.5300000000000011,0.6056806821764783,0.6214097398209836,0.07568068217647717,0.09140973982098244,1,1,1
2,fl_dep,2019-04-30,2019-06-30,-0.4099999999999966,0.6163500822613346,0.6053109257113513,1.0263500822613312,1.015310925711348,1,1,1
2,fl_dep,2019-05-31,2019-07-31,-0.0799999999999983,0.5872956318046544,0.5999161596342186,0.6672956318046527,0.6799161596342169,1,1,1
2,fl_dep,2019-06-30,2019-08-30,-0.1700000000000017,0.5920649652240163,0.5879796708950245,0.762064965224018,0.7579796708950262,1,1,1
2,fl_dep,2019-07-31,2019-09-30,-0.3199999999999932,0.48754142601957134,0.48820583263793427,0.8075414260195646,0.8082058326379274,1,1,1
2,fl_dep,2019-08-31,2019-10-31,0.29999999999999716,0.5522195160677847,0.5028159356294178,0.2522195160677876,0.20281593562942068,1,1,1
2,fl_dep,2019-09-30,2019-11-30,0.39000000000000057,0.5151956013064986,0.4887009156456939,0.12519560130649798,0.09870091564569333,1,1,1
2,fl_dep,2019-10-31,2019-12-31,0.4099999999999966,0.47688805598834605,0.4689809042289164,0.06688805598834946,0.05898090422891983,1,1,1
2,fl_dep,2019-11-30,2020-01-30,0.5,0.558481095224051,0.5416505604837759,0.05848109522405098,0.04165056048377591,1,1,1
2,fl_dep,2019-12-31,2020-02-29,0.4000000000000057,0.589116135742072,0.5520044318094024,0.18911613574206632,0.1520044318093967,1,1,1
2,fl_dep,2020-01-31,2020-03-31,0.6700000000000017,0.5094367172399422,0.5530174432740718,0.1605632827600595,0.11698255672592994,1,1,1
2,fl_dep,2020-02-29,2020-04-29,1.2999999999999972,0.587553139768847,0.5648516941351283,0.7124468602311501,0.7351483058648689,1,1,1
2,fl_dep,2020-03-31,2020-05-31,0.12000000000000455,0.5738588335357954,0.5591751015639014,0.4538588335357908,0.43917510156389683,1,1,1
2,fl_dep,2020-04-30,2020-06-30,0.010000000000005116,0.5797756184209361,0.5877307837431253,0.5697756184209309,0.5777307837431201,1,1,1
2,fl_dep,2020-05-31,2020-07-31,-0.15000000000000568,0.7213963755421873,0.6581539555531681,0.871396375542193,0.8081539555531738,1,1,1
2,fl_dep,2020-06-30,2020-08-30,0.10999999999999943,0.528427642095698,0.515657980138321,0.4184276420956986,0.40565798013832155,1,1,1
2,fl_dep,2020-07-31,2020-09-30,0.12999999999999545,0.4574761149807291,0.49840935156519334,0.32747611498073365,0.3684093515651979,1,1,1
2,fl_dep,2020-08-31,2020-10-31,0.5,0.5089608896270683,0.47468322158516146,0.008960889627068314,0.025316778414838537,1,1,1
2,fl_dep,2020-09-30,2020-11-30,0.7800000000000011,0.5188686363918903,0.5052939355445011,0.26113136360811084,0.27470606445550005,1,1,1
2,fl_dep,2020-10-31,2020-12-31,0.9000000000000057,0.553384926816095,0.5107713196218668,0.3466150731839107,0.38922868037813885,1,1,1
2,fl_dep,2020-11-30,2021-01-30,0.5999999999999943,0.6120125885539056,0.5561229588941182,0.012012588553911296,0.04387704110587609,1,1,1
2,fl_dep,2020-12-31,2021-02-28,1.0300000000000011,0.5911340969446045,0.5874680952210493,0.43886590305539663,0.4425319047789519,1,1,1
2,fl_dep,2021-01-31,2021-03-31,1.3100000000000023,0.5795093991226812,0.604639517347202,0.7304906008773211,0.7053604826528003,1,1,1
2,fl_dep,2021-02-28,2021-04-28,0.8599999999999994,0.6340781602265383,0.5763782516621955,0.22592183977346114,0.28362174833780396,1,1,1
2,fl_dep,2021-03-31,2021-05-31,0.4099999999999966,0.635235598661195,0.6285315278718313,0.22523559866119836,0.21853152787183472,1,1,1
2,fl_dep,2021-04-30,2021-06-30,0.5600000000000023,0.6747547211065092,0.6582409312084365,0.11475472110650697,0.09824093120843425,1,1,1
2,fl_dep,2021-05-31,2021-07-31,0.21999999999999886,0.5961050899381404,0.605598286670921,0.3761050899381415,0.3855982866709221,1,1,1
2,fl_dep,2021-06-30,2021-08-30,0.1599999999999966,0.5676643576737614,0.5520465020615334,0.40766435767376485,0.3920465020615368,1,1,1
2,fl_dep,2021-07-31,2021-09-30,0.730000000000004,0.5673344817932167,0.5658956257645206,0.16266551820678732,0.1641043742354834,1,1,1
2,fl_dep,2021-08-31,2021-10-31,0.9200000000000017,0.5614892905983755,0.5287514709007319,0.3585107094016262,0.39124852909926977,1,1,1
2,fl_dep,2021-09-30,2021-11-30,0.8599999999999994,0.5275419577169661,0.5258408471513577,0.33245804228303333,0.3341591528486417,1,1,1
2,fl_dep,2021-10-31,2021-12-31,0.20999999999999375,0.5835387142646998,0.590750214161632,0.3735387142647061,0.38075021416163823,1,1,1
2,fl_dep,2021-11-30,2022-01-30,1.2199999999999989,0.634305123971936,0.6082336608027893,0.5856948760280629,0.6117663391972096,1,1,1
2,fl_dep,2021-12-31,2022-02-28,0.9399999999999977,0.61211622755174,0.6070738620181559,0.3278837724482577,0.3329261379818418,1,1,1
2,fl_dep,2022-01-31,2022-03-31,5.549999999999997,0.4946416984939337,0.5370444736104005,5.055358301506064,5.012955526389597,1,1,1
2,fl_dep,2022-02-28,2022-04-28,3.280000000000001,0.6722382359260283,0.664739919713151,2.607761764073973,2.61526008028685,1,1,1
2,fl_dep,2022-03-31,2022-05-31,0.6800000000000068,0.7987675312146938,0.6700352514015372,0.11876753121468697,0.00996474859846963,1,1,1
2,fl_dep,2022-04-30,2022-06-30,-0.6800000000000068,1.1447805572228824,1.1674428442337395,1.8247805572228892,1.8474428442337463,1,1,1
2,fl_dep,2022-05-31,2022-07-31,-0.769999999999996,0.5550008789328613,0.6227737699086631,1.3250008789328573,1.392773769908659,1,1,1
2,fl_dep,2022-06-30,2022-08-30,-0.5699999999999932,0.5989942328040082,0.6127869576455178,1.1689942328040015,1.182786957645511,1,1,1
2,fl_dep,2022-07-31,2022-09-30,0.3299999999999983,0.60964378053873,0.6607637456720876,0.27964378053873173,0.3307637456720893,1,1,1
2,fl_dep,2022-08-31,2022-10-31,0.6599999999999966,0.6546122467137907,0.6556722802039456,0.0053877532862058874,0.004327719796050955,1,1,1
2,fl_dep,2022-09-30,2022-11-30,0.2600000000000051,0.6345489778639988,0.6484895132357482,0.37454897786399366,0.3884895132357431,1,1,1
2,fl_dep,2022-10-31,2022-12-31,0.5699999999999932,0.6486751344948407,0.6116992820890025,0.07867513449484753,0.041699282089009304,1,1,1
2,fl_dep,2022-11-30,2023-01-30,1.1299999999999955,0.6273799712395534,0.6009700523725036,0.5026200287604421,0.5290299476274919,1,1,1
2,fl_dep,2022-12-31,2023-02-28,0.75,0.6198034654595849,0.6169518402005132,0.13019653454041513,0.1330481597994868,1,1,1
2,fl_dep,2023-01-31,2023-03-31,0.39000000000000057,0.3637685150295194,0.608116322301369,0.026231484970481167,0.21811632230136846,1,1,1
2,fl_dep,2023-02-28,2023-04-28,0.7199999999999989,0.7565601741811467,0.5889450703821391,0.036560174181147875,0.1310549296178598,1,1,1
2,fl_dep,2023-03-31,2023-05-31,-0.25,0.5251553668676407,0.6019294856828399,0.7751553668676407,0.8519294856828399,1,1,1
2,fl_dep,2023-04-30,2023-06-30,0.4300000000000068,0.5983350404232259,0.6079751443141627,0.16833504042321912,0.17797514431415584,1,1,1
2,fl_dep,2023-05-31,2023-07-31,0.5,0.585084712284248,0.5962737664306332,0.08508471228424797,0.09627376643063323,1,1,1
2,fl_dep,2023-06-30,2023-08-30,-0.06999999999999318,0.5910033826821475,0.6265878032931033,0.6610033826821406,0.6965878032930964,1,1,1
2,fl_dep,2023-07-31,2023-09-30,1.75,0.5316537130635222,0.5994609402012875,1.2183462869364778,1.1505390597987124,1,1,1
2,fl_dep,2023-08-31,2023-10-31,0.45999999999999375,0.6085591863783358,0.6049984606087117,0.1485591863783421,0.1449984606087179,1,1,1
2,fl_dep,2023-09-30,2023-11-30,0.7399999999999949,0.4801663452510708,0.6198759899414523,0.25983365474892406,0.12012401005854256,1,1,1
2,fl_dep,2023-10-31,2023-12-31,0.29000000000000625,0.6868698567593562,0.5692589616148358,0.39686985675934994,0.27925896161482955,1,1,1
2,fl_dep,2023-11-30,2024-01-30,0.8700000000000045,0.602440056230117,0.6048483373241899,0.26755994376988756,0.2651516626758147,1,1,1
2,fl_dep,2023-12-31,2024-02-29,0.5300000000000011,0.5747021452476808,0.5975121198405096,0.04470214524767968,0.06751211984050842,1,1,1
2,fl_dep,2024-01-31,2024-03-31,0.5300000000000011,0.4600145904721783,0.6115922506838951,0.06998540952782284,0.08159225068389397,1,1,1
2,fl_dep,2024-02-29,2024-04-29,0.37999999999999545,0.6749379859722966,0.5924918401626964,0.29493798597230114,0.21249184016270095,1,1,1
2,fl_dep,2024-03-31,2024-05-31,0.9399999999999977,0.5655748659623224,0.6021423830840023,0.3744251340376753,0.3378576169159955,1,1,1
2,fl_dep,2024-04-30,2024-06-30,0.18000000000000682,0.570810266268807,0.6041525119172924,0.3908102662688002,0.42415251191728554,1,1,1
2,fl_dep,2024-05-31,2024-07-31,1.0699999999999932,0.6198050682292465,0.6065084192461049,0.45019493177074665,0.4634915807538883,1,1,1
2,fl_dep,2024-06-30,2024-08-30,0.09000000000000341,0.4798614245609596,0.5906889046682734,0.3898614245609562,0.50068890466827,1,1,1
2,fl_dep,2024-07-31,2024-09-30,0.6200000000000045,0.5999535270378278,0.6139671872064819,0.020046472962176765,0.006032812793522635,1,1,1
2,fl_dep,2024-08-31,2024-10-31,1.019999999999996,0.6559074778376548,0.5827074183324883,0.3640925221623412,0.43729258166750773,1,1,1
2,fl_dep,2024-09-30,2024-11-30,1.5,0.6117884289548847,0.6186328867102214,0.8882115710451153,0.8813671132897786,1,1,1
2,fl_dep,2024-10-31,2024-12-31,0.9099999999999966,0.6319957766290376,0.6060088210023327,0.278004223370959,0.3039911789976639,1,1,1
2,fl_dep,2024-11-30,2025-01-30,0.8400000000000034,0.6053042978884627,0.592646556436046,0.23469570211154067,0.2473534435639574,1,1,1
2,fl_dep,2024-12-31,2025-02-28,1.3400000000000034,0.5858309058957002,0.5768333876309029,0.7541690941043032,0.7631666123691005,1,1,1
2,fl_dep,2025-01-31,2025-03-31,0.8100000000000023,0.47946934397455576,0.6047010802678636,0.3305306560254465,0.20529891973213865,1,1,1
2,fl_dep,2025-02-28,2025-04-28,0.5300000000000011,0.6906546994048601,0.6080755098954871,0.160654699404859,0.07807550989548595,1,1,1
2,fl_dep,2025-03-31,2025-05-31,-0.06999999999999318,0.6860837201690555,0.592798203085007,0.7560837201690487,0.6627982030850001,1,1,1
2,fl_dep,2025-04-30,2025-06-30,-0.04000000000000625,0.6100986367405493,0.6039831642423158,0.6500986367405556,0.643983164242322,1,1,1
2,fl_dep,2025-05-31,2025-07-31,0.35999999999999943,0.5210764483161239,0.6101721531063841,0.16107644831612444,0.25017215310638463,1,1,1
2,fl_dep,2025-06-30,2025-08-30,-0.5699999999999932,0.698602063826276,0.629922698383374,1.2686020638262692,1.199922698383367,1,1,1
2,fl_dep,2025-07-31,2025-09-30,1.0,0.5987938771657442,0.617047459186006,0.40120612283425583,0.382952540813994,1,1,1
2,fl_dep,2025-08-31,2025-10-31,0.5300000000000011,0.6140208926587423,0.6088768769937931,0.08402089265874113,0.07887687699379198,1,1,1
2,fl_dep,2025-09-30,2025-11-30,0.15000000000000568,0.6632388866189486,0.6357355142789777,0.5132388866189429,0.485735514278972,1,1,1
2,fl_dep,2025-10-31,2025-12-31,0.29000000000000625,0.5966271240906613,0.5891598840883976,0.30662712409065507,0.29915988408839134,1,1,1
2,fl_dep,2025-11-30,2026-01-30,1.5699999999999932,0.5910441982199556,0.5989006960553657,0.9789558017800376,0.9710993039446275,1,1,1
2,fl_dep,2025-12-31,2026-02-28,1.0999999999999943,0.637892830813071,0.6138615043293512,0.4621071691869233,0.48613849567064316,1,1,1
2,fl_dep,2026-01-31,2026-03-31,0.5400000000000063,0.4710315973198124,0.6134760503271831,0.06896840268019383,0.07347605032717686,1,1,1
2,fl_dep,2026-02-28,2026-04-28,-0.28000000000000114,0.671734640412687,0.5776101997492135,0.9517346404126882,0.8576101997492146,1,1,1
2,fl_dep,2026-03-31,2026-05-31,0.09000000000000341,0.5678473221106783,0.5823712716377472,0.47784732211067493,0.49237127163774375,1,1,1
2,all_real,2016-02-29,2016-04-29,1.0900000000000034,1.2199714748961128,0.7464080301133652,0.12997147489610938,0.3435919698866382,1,1,1
2,all_real,2016-03-31,2016-05-31,0.20999999999999375,0.8171364135092513,0.7440492487437382,0.6071364135092575,0.5340492487437445,1,1,1
2,all_real,2016-04-30,2016-06-30,0.23999999999999488,0.08068938303063726,0.7204275009318398,0.1593106169693576,0.48042750093184494,1,1,1
2,all_real,2016-05-31,2016-07-31,0.6099999999999994,0.4756494195505961,0.7525390882281845,0.13435058044940335,0.14253908822818506,1,1,1
2,all_real,2016-06-30,2016-08-30,0.09000000000000341,0.5610121273467211,0.7077152047052452,0.4710121273467177,0.6177152047052418,1,1,1
2,all_real,2016-07-31,2016-09-30,-0.12999999999999545,0.6048258461320782,0.696900260091386,0.7348258461320737,0.8269002600913814,1,1,1
2,all_real,2016-08-31,2016-10-31,0.5999999999999943,0.5095649530901728,0.7057613656638394,0.09043504690982151,0.10576136566384509,1,1,1
2,all_real,2016-09-30,2016-11-30,0.29000000000000625,0.778506220524936,0.6695210145190046,0.48850622052492976,0.37952101451899833,1,1,1
2,all_real,2016-10-31,2016-12-31,1.3299999999999983,0.5782231704719963,0.644925383879446,0.751776829528002,0.6850746161205523,1,1,1
2,all_real,2016-11-30,2017-01-30,0.46999999999999886,0.4051818678727183,0.7083972626821695,0.06481813212728055,0.23839726268217065,1,1,1
2,all_real,2016-12-31,2017-02-28,0.3299999999999983,0.7025285431826915,0.6868208589579771,0.37252854318269324,0.35682085895797877,1,1,1
2,all_real,2017-01-31,2017-03-31,0.20000000000000284,0.3290943119530626,0.7469948705108302,0.12909431195305976,0.5469948705108274,1,1,1
2,all_real,2017-02-28,2017-04-28,0.769999999999996,0.42504412649731393,0.6878378110435143,0.3449558735026821,0.08216218895648175,1,1,1
2,all_real,2017-03-31,2017-05-31,0.45999999999999375,0.5578159698715272,0.6811520674711973,0.0978159698715334,0.22115206747120353,1,1,1
2,all_real,2017-04-30,2017-06-30,0.5799999999999983,0.6417013604476666,0.6703114986809529,0.061701360447668274,0.09031149868095456,1,1,1
2,all_real,2017-05-31,2017-07-31,-0.480000000000004,0.531617271293992,0.70213284416888,1.011617271293996,1.1821328441688839,1,1,1
2,all_real,2017-06-30,2017-08-30,-0.5100000000000051,0.858678618058575,0.6708732401774332,1.3686786180585802,1.1808732401774384,1,1,1
2,all_real,2017-07-31,2017-09-30,-0.14000000000000057,0.7825018370560102,0.6635381906845442,0.9225018370560107,0.8035381906845448,1,1,1
2,all_real,2017-08-31,2017-10-31,0.1599999999999966,0.8390262475778683,0.5836767557971743,0.6790262475778717,0.4236767557971777,1,1,1
2,all_real,2017-09-30,2017-11-30,0.18000000000000682,0.6462928846931151,0.5637613523169852,0.46629288469310826,0.3837613523169784,1,1,1
2,all_real,2017-10-31,2017-12-31,0.4399999999999977,0.40084322433658887,0.5802010931467809,0.03915677566340886,0.1402010931467832,1,1,1
2,all_real,2017-11-30,2018-01-30,-0.030000000000001137,0.50296440457144,0.6036260674525218,0.5329644045714411,0.6336260674525229,1,1,1
2,all_real,2017-12-31,2018-02-28,0.3400000000000034,0.6882152263302708,0.5953274021904059,0.34821522633026736,0.2553274021904025,1,1,1
2,all_real,2018-01-31,2018-03-31,0.0799999999999983,0.5967135112422424,0.6171202754102683,0.5167135112422441,0.53712027541027,1,1,1
2,all_real,2018-02-28,2018-04-28,0.5,0.4810330801648772,0.5632289365434707,0.018966919835122775,0.06322893654347073,1,1,1
2,all_real,2018-03-31,2018-05-31,0.09000000000000341,0.6800248889473234,0.599860903443618,0.59002488894732,0.5098609034436146,1,1,1
2,all_real,2018-04-30,2018-06-30,0.6400000000000006,0.5710706125994645,0.5661266506113803,0.06892938740053611,0.07387334938862022,1,1,1
2,all_real,2018-05-31,2018-07-31,0.12000000000000455,0.9110239055801247,0.6114048836156901,0.7910239055801201,0.4914048836156856,1,1,1
2,all_real,2018-06-30,2018-08-30,-0.04999999999999716,0.5580679885424972,0.5626621004651137,0.6080679885424943,0.6126621004651108,1,1,1
2,all_real,2018-07-31,2018-09-30,-0.29999999999999716,0.5635443637327524,0.6150627104663069,0.8635443637327496,0.915062710466304,1,1,1
2,all_real,2018-08-31,2018-10-31,0.09000000000000341,0.48372856377547857,0.5471986824190319,0.39372856377547516,0.4571986824190285,1,1,1
2,all_real,2018-09-30,2018-11-30,0.8700000000000045,0.6784156118731683,0.5202386680908765,0.1915843881268362,0.34976133190912806,1,1,1
2,all_real,2018-10-31,2018-12-31,1.0799999999999983,0.6000981155708824,0.4985085991023262,0.47990188442911585,0.5814914008976722,1,1,1
2,all_real,2018-11-30,2019-01-30,1.1400000000000006,0.3279547862452586,0.5538003118576067,0.812045213754742,0.5861996881423939,1,1,1
2,all_real,2018-12-31,2019-02-28,0.7099999999999937,0.6464077552492684,0.6380217227785586,0.06359224475072534,0.07197827722143513,1,1,1
2,all_real,2019-01-31,2019-03-31,0.5499999999999972,0.7497820468498818,0.6591861083192806,0.19978204684988465,0.10918610831928344,1,1,1
2,all_real,2019-02-28,2019-04-28,0.5900000000000034,0.6708665444108756,0.6635129823859784,0.08086654441087215,0.07351298238597503,1,1,1
2,all_real,2019-03-31,2019-05-31,0.5300000000000011,0.4708445317282948,0.6214097398209836,0.05915546827170631,0.09140973982098244,1,1,1
2,all_real,2019-04-30,2019-06-30,-0.4099999999999966,0.520418714081841,0.6053109257113513,0.9304187140818376,1.015310925711348,1,1,1
2,all_real,2019-05-31,2019-07-31,-0.0799999999999983,0.4967945920636256,0.5999161596342186,0.5767945920636239,0.6799161596342169,1,1,1
2,all_real,2019-06-30,2019-08-30,-0.1700000000000017,0.5444606412867752,0.5879796708950245,0.7144606412867769,0.7579796708950262,1,1,1
2,all_real,2019-07-31,2019-09-30,-0.3199999999999932,0.4565906556933444,0.48820583263793427,0.7765906556933375,0.8082058326379274,1,1,1
2,all_real,2019-08-31,2019-10-31,0.29999999999999716,0.39936295132381655,0.5028159356294178,0.09936295132381939,0.20281593562942068,1,1,1
2,all_real,2019-09-30,2019-11-30,0.39000000000000057,0.6231133971085764,0.4887009156456939,0.23311339710857581,0.09870091564569333,1,1,1
2,all_real,2019-10-31,2019-12-31,0.4099999999999966,0.36519714037974543,0.4689809042289164,0.044802859620251156,0.05898090422891983,1,1,1
2,all_real,2019-11-30,2020-01-30,0.5,0.48764027699023726,0.5416505604837759,0.012359723009762735,0.04165056048377591,1,1,1
2,all_real,2019-12-31,2020-02-29,0.4000000000000057,0.5224449409694075,0.5520044318094024,0.12244494096940184,0.1520044318093967,1,1,1
2,all_real,2020-01-31,2020-03-31,0.6700000000000017,0.4634880587905641,0.5530174432740718,0.2065119412094376,0.11698255672592994,1,1,1
2,all_real,2020-02-29,2020-04-29,1.2999999999999972,0.45822398324182423,0.5648516941351283,0.8417760167581729,0.7351483058648689,1,1,1
2,all_real,2020-03-31,2020-05-31,0.12000000000000455,0.6501564585981003,0.5591751015639014,0.5301564585980958,0.43917510156389683,1,1,1
2,all_real,2020-04-30,2020-06-30,0.010000000000005116,1.2616259464173691,0.5877307837431253,1.251625946417364,0.5777307837431201,1,1,1
2,all_real,2020-05-31,2020-07-31,-0.15000000000000568,0.6827686260751896,0.6581539555531681,0.8327686260751953,0.8081539555531738,1,1,1
2,all_real,2020-06-30,2020-08-30,0.10999999999999943,0.329084045785906,0.515657980138321,0.21908404578590657,0.40565798013832155,1,1,1
2,all_real,2020-07-31,2020-09-30,0.12999999999999545,0.3529672015553872,0.49840935156519334,0.22296720155539174,0.3684093515651979,1,1,1
2,all_real,2020-08-31,2020-10-31,0.5,0.6449035999300631,0.47468322158516146,0.14490359993006308,0.025316778414838537,1,1,1
2,all_real,2020-09-30,2020-11-30,0.7800000000000011,0.7461714242430894,0.5052939355445011,0.03382857575691178,0.27470606445550005,1,1,1
2,all_real,2020-10-31,2020-12-31,0.9000000000000057,0.603024641057509,0.5107713196218668,0.2969753589424967,0.38922868037813885,1,1,1
2,all_real,2020-11-30,2021-01-30,0.5999999999999943,0.6627326269944493,0.5561229588941182,0.06273262699445503,0.04387704110587609,1,1,1
2,all_real,2020-12-31,2021-02-28,1.0300000000000011,0.5763332829790142,0.5874680952210493,0.45366671702098693,0.4425319047789519,1,1,1
2,all_real,2021-01-31,2021-03-31,1.3100000000000023,0.4872522075604941,0.604639517347202,0.8227477924395081,0.7053604826528003,1,1,1
2,all_real,2021-02-28,2021-04-28,0.8599999999999994,0.5913787901850487,0.5763782516621955,0.26862120981495075,0.28362174833780396,1,1,1
2,all_real,2021-03-31,2021-05-31,0.4099999999999966,0.618560206083405,0.6285315278718313,0.20856020608340842,0.21853152787183472,1,1,1
2,all_real,2021-04-30,2021-06-30,0.5600000000000023,0.5739566445896593,0.6582409312084365,0.013956644589657063,0.09824093120843425,1,1,1
2,all_real,2021-05-31,2021-07-31,0.21999999999999886,0.6809789069212465,0.605598286670921,0.46097890692124766,0.3855982866709221,1,1,1
2,all_real,2021-06-30,2021-08-30,0.1599999999999966,0.46848174896226874,0.5520465020615334,0.30848174896227215,0.3920465020615368,1,1,1
2,all_real,2021-07-31,2021-09-30,0.730000000000004,0.43303387031705026,0.5658956257645206,0.2969661296829537,0.1641043742354834,1,1,1
2,all_real,2021-08-31,2021-10-31,0.9200000000000017,0.5451222008067307,0.5287514709007319,0.374877799193271,0.39124852909926977,1,1,1
2,all_real,2021-09-30,2021-11-30,0.8599999999999994,0.48802628290100053,0.5258408471513577,0.3719737170989989,0.3341591528486417,1,1,1
2,all_real,2021-10-31,2021-12-31,0.20999999999999375,0.5338955837305355,0.590750214161632,0.3238955837305417,0.38075021416163823,1,1,1
2,all_real,2021-11-30,2022-01-30,1.2199999999999989,0.4434206626067573,0.6082336608027893,0.7765793373932416,0.6117663391972096,1,1,1
2,all_real,2021-12-31,2022-02-28,0.9399999999999977,0.6059656132546187,0.6070738620181559,0.334034386745379,0.3329261379818418,1,1,1
2,all_real,2022-01-31,2022-03-31,5.549999999999997,0.5113643854405083,0.5370444736104005,5.038635614559489,5.012955526389597,1,1,1
2,all_real,2022-02-28,2022-04-28,3.280000000000001,0.7935113143916125,0.664739919713151,2.4864886856083888,2.61526008028685,1,1,1
2,all_real,2022-03-31,2022-05-31,0.6800000000000068,0.7476775164658438,0.6700352514015372,0.06767751646583697,0.00996474859846963,1,1,1
2,all_real,2022-04-30,2022-06-30,-0.6800000000000068,2.279492772793714,1.1674428442337395,2.959492772793721,1.8474428442337463,1,1,1
2,all_real,2022-05-31,2022-07-31,-0.769999999999996,-0.42887358152958943,0.6227737699086631,0.3411264184704066,1.392773769908659,1,1,1
2,all_real,2022-06-30,2022-08-30,-0.5699999999999932,-0.12486171634165037,0.6127869576455178,0.4451382836583428,1.182786957645511,1,1,1
2,all_real,2022-07-31,2022-09-30,0.3299999999999983,0.21467377512057897,0.6607637456720876,0.11532622487941932,0.3307637456720893,1,1,1
2,all_real,2022-08-31,2022-10-31,0.6599999999999966,0.6473748297937425,0.6556722802039456,0.012625170206254088,0.004327719796050955,1,1,1
2,all_real,2022-09-30,2022-11-30,0.2600000000000051,0.7596824766163601,0.6484895132357482,0.499682476616355,0.3884895132357431,1,1,1
2,all_real,2022-10-31,2022-12-31,0.5699999999999932,0.5098424692960771,0.6116992820890025,0.06015753070391605,0.041699282089009304,1,1,1
2,all_real,2022-11-30,2023-01-30,1.1299999999999955,0.6128952271422204,0.6009700523725036,0.517104772857775,0.5290299476274919,1,1,1
2,all_real,2022-12-31,2023-02-28,0.75,0.6910930443814891,0.6169518402005132,0.05890695561851089,0.1330481597994868,1,1,1
2,all_real,2023-01-31,2023-03-31,0.39000000000000057,0.916101373225446,0.608116322301369,0.5261013732254455,0.21811632230136846,1,1,1
2,all_real,2023-02-28,2023-04-28,0.7199999999999989,0.8030912341057328,0.5889450703821391,0.08309123410573394,0.1310549296178598,1,1,1
2,all_real,2023-03-31,2023-05-31,-0.25,0.7537770025080358,0.6019294856828399,1.003777002508036,0.8519294856828399,1,1,1
2,all_real,2023-04-30,2023-06-30,0.4300000000000068,0.7116421831268961,0.6079751443141627,0.28164218312688927,0.17797514431415584,1,1,1
2,all_real,2023-05-31,2023-07-31,0.5,0.7996744337260203,0.5962737664306332,0.2996744337260203,0.09627376643063323,1,1,1
2,all_real,2023-06-30,2023-08-30,-0.06999999999999318,0.5388772831943485,0.6265878032931033,0.6088772831943416,0.6965878032930964,1,1,1
2,all_real,2023-07-31,2023-09-30,1.75,0.6912018266252239,0.5994609402012875,1.0587981733747762,1.1505390597987124,1,1,1
2,all_real,2023-08-31,2023-10-31,0.45999999999999375,0.8397365953678805,0.6049984606087117,0.37973659536788673,0.1449984606087179,1,1,1
2,all_real,2023-09-30,2023-11-30,0.7399999999999949,0.7382211149439215,0.6198759899414523,0.001778885056073376,0.12012401005854256,1,1,1
2,all_real,2023-10-31,2023-12-31,0.29000000000000625,0.5486319361170261,0.5692589616148358,0.25863193611701984,0.27925896161482955,1,1,1
2,all_real,2023-11-30,2024-01-30,0.8700000000000045,0.5756945857502839,0.6048483373241899,0.2943054142497207,0.2651516626758147,1,1,1
2,all_real,2023-12-31,2024-02-29,0.5300000000000011,0.41632517267720287,0.5975121198405096,0.11367482732279827,0.06751211984050842,1,1,1
2,all_real,2024-01-31,2024-03-31,0.5300000000000011,0.6445385094940297,0.6115922506838951,0.11453850949402855,0.08159225068389397,1,1,1
2,all_real,2024-02-29,2024-04-29,0.37999999999999545,0.5134227682918949,0.5924918401626964,0.13342276829189947,0.21249184016270095,1,1,1
2,all_real,2024-03-31,2024-05-31,0.9399999999999977,0.6572013469687468,0.6021423830840023,0.28279865303125096,0.3378576169159955,1,1,1
2,all_real,2024-04-30,2024-06-30,0.18000000000000682,0.5815476987918674,0.6041525119172924,0.4015476987918606,0.42415251191728554,1,1,1
2,all_real,2024-05-31,2024-07-31,1.0699999999999932,0.6168459594536976,0.6065084192461049,0.4531540405462956,0.4634915807538883,1,1,1
2,all_real,2024-06-30,2024-08-30,0.09000000000000341,0.5010071802543602,0.5906889046682734,0.4110071802543568,0.50068890466827,1,1,1
2,all_real,2024-07-31,2024-09-30,0.6200000000000045,0.47024241695293933,0.6139671872064819,0.1497575830470652,0.006032812793522635,1,1,1
2,all_real,2024-08-31,2024-10-31,1.019999999999996,0.5391910368208013,0.5827074183324883,0.48080896317919475,0.43729258166750773,1,1,1
2,all_real,2024-09-30,2024-11-30,1.5,0.6588368993211696,0.6186328867102214,0.8411631006788304,0.8813671132897786,1,1,1
2,all_real,2024-10-31,2024-12-31,0.9099999999999966,0.7338653153647665,0.6060088210023327,0.17613468463523008,0.3039911789976639,1,1,1
2,all_real,2024-11-30,2025-01-30,0.8400000000000034,0.7219591877373798,0.592646556436046,0.11804081226262364,0.2473534435639574,1,1,1
2,all_real,2024-12-31,2025-02-28,1.3400000000000034,0.639652953704335,0.5768333876309029,0.7003470462956685,0.7631666123691005,1,1,1
2,all_real,2025-01-31,2025-03-31,0.8100000000000023,0.6048878551518819,0.6047010802678636,0.20511214484812035,0.20529891973213865,1,1,1
2,all_real,2025-02-28,2025-04-28,0.5300000000000011,0.51990793635138,0.6080755098954871,0.010092063648621141,0.07807550989548595,1,1,1
2,all_real,2025-03-31,2025-05-31,-0.06999999999999318,0.3297573770439761,0.592798203085007,0.3997573770439693,0.6627982030850001,1,1,1
2,all_real,2025-04-30,2025-06-30,-0.04000000000000625,0.376533224863087,0.6039831642423158,0.41653322486309324,0.643983164242322,1,1,1
2,all_real,2025-05-31,2025-07-31,0.35999999999999943,0.5090331165099176,0.6101721531063841,0.14903311650991813,0.25017215310638463,1,1,1
2,all_real,2025-06-30,2025-08-30,-0.5699999999999932,0.5457947139475005,0.629922698383374,1.1157947139474937,1.199922698383367,1,1,1
2,all_real,2025-07-31,2025-09-30,1.0,0.5590301426204984,0.617047459186006,0.44096985737950156,0.382952540813994,1,1,1
2,all_real,2025-08-31,2025-10-31,0.5300000000000011,0.6175939787662572,0.6088768769937931,0.08759397876625608,0.07887687699379198,1,1,1
2,all_real,2025-09-30,2025-11-30,0.15000000000000568,0.6862208108186008,0.6357355142789777,0.5362208108185951,0.485735514278972,1,1,1
2,all_real,2025-10-31,2025-12-31,0.29000000000000625,0.7006488356576858,0.5891598840883976,0.4106488356576795,0.29915988408839134,1,1,1
2,all_real,2025-11-30,2026-01-30,1.5699999999999932,0.5146747817470987,0.5989006960553657,1.0553252182528945,0.9710993039446275,1,1,1
2,all_real,2025-12-31,2026-02-28,1.0999999999999943,0.5916245209644492,0.6138615043293512,0.5083754790355451,0.48613849567064316,1,1,1
2,all_real,2026-01-31,2026-03-31,0.5400000000000063,0.5473488777992018,0.6134760503271831,0.0073488777991955745,0.07347605032717686,1,1,1
2,all_real,2026-02-28,2026-04-28,-0.28000000000000114,0.5355162664343297,0.5776101997492135,0.8155162664343308,0.8576101997492146,1,1,1
2,all_real,2026-03-31,2026-05-31,0.09000000000000341,0.5560024296789223,0.5823712716377472,0.4660024296789189,0.49237127163774375,1,1,1
2,Ruonia,2016-02-29,2016-04-29,1.0900000000000034,0.8122334498267674,0.7464080301133652,0.27776655017323604,0.3435919698866382,1,1,1
2,Ruonia,2016-03-31,2016-05-31,0.20999999999999375,0.8167450056034605,0.7440492487437382,0.6067450056034668,0.5340492487437445,1,1,1
2,Ruonia,2016-04-30,2016-06-30,0.23999999999999488,0.7855124113651829,0.7204275009318398,0.545512411365188,0.48042750093184494,1,1,1
2,Ruonia,2016-05-31,2016-07-31,0.6099999999999994,0.7865359054252471,0.7525390882281845,0.17653590542524766,0.14253908822818506,1,1,1
2,Ruonia,2016-06-30,2016-08-30,0.09000000000000341,0.7550425193779992,0.7077152047052452,0.6650425193779957,0.6177152047052418,1,1,1
2,Ruonia,2016-07-31,2016-09-30,-0.12999999999999545,0.7215527019377771,0.696900260091386,0.8515527019377725,0.8269002600913814,1,1,1
2,Ruonia,2016-08-31,2016-10-31,0.5999999999999943,0.7108135890721073,0.7057613656638394,0.11081358907211303,0.10576136566384509,1,1,1
2,Ruonia,2016-09-30,2016-11-30,0.29000000000000625,0.6737480971435307,0.6695210145190046,0.3837480971435244,0.37952101451899833,1,1,1
2,Ruonia,2016-10-31,2016-12-31,1.3299999999999983,0.6419044082488131,0.644925383879446,0.6880955917511852,0.6850746161205523,1,1,1
2,Ruonia,2016-11-30,2017-01-30,0.46999999999999886,0.7163146966976108,0.7083972626821695,0.24631469669761197,0.23839726268217065,1,1,1
2,Ruonia,2016-12-31,2017-02-28,0.3299999999999983,0.6919002195887146,0.6868208589579771,0.3619002195887163,0.35682085895797877,1,1,1
2,Ruonia,2017-01-31,2017-03-31,0.20000000000000284,0.747523424925737,0.7469948705108302,0.5475234249257341,0.5469948705108274,1,1,1
2,Ruonia,2017-02-28,2017-04-28,0.769999999999996,0.6844464978916351,0.6878378110435143,0.08555350210836088,0.08216218895648175,1,1,1
2,Ruonia,2017-03-31,2017-05-31,0.45999999999999375,0.67848125376399,0.6811520674711973,0.2184812537639963,0.22115206747120353,1,1,1
2,Ruonia,2017-04-30,2017-06-30,0.5799999999999983,0.6653613385829841,0.6703114986809529,0.08536133858298578,0.09031149868095456,1,1,1
2,Ruonia,2017-05-31,2017-07-31,-0.480000000000004,0.6982694085809757,0.70213284416888,1.1782694085809797,1.1821328441688839,1,1,1
2,Ruonia,2017-06-30,2017-08-30,-0.5100000000000051,0.6619312091336108,0.6708732401774332,1.171931209133616,1.1808732401774384,1,1,1
2,Ruonia,2017-07-31,2017-09-30,-0.14000000000000057,0.6506919950113291,0.6635381906845442,0.7906919950113297,0.8035381906845448,1,1,1
2,Ruonia,2017-08-31,2017-10-31,0.1599999999999966,0.5600858857612373,0.5836767557971743,0.4000858857612407,0.4236767557971777,1,1,1
2,Ruonia,2017-09-30,2017-11-30,0.18000000000000682,0.5414954364883956,0.5637613523169852,0.3614954364883888,0.3837613523169784,1,1,1
2,Ruonia,2017-10-31,2017-12-31,0.4399999999999977,0.5626188487671403,0.5802010931467809,0.12261884876714257,0.1402010931467832,1,1,1
2,Ruonia,2017-11-30,2018-01-30,-0.030000000000001137,0.5920998591656732,0.6036260674525218,0.6220998591656743,0.6336260674525229,1,1,1
2,Ruonia,2017-12-31,2018-02-28,0.3400000000000034,0.5834562622115905,0.5953274021904059,0.24345626221158712,0.2553274021904025,1,1,1
2,Ruonia,2018-01-31,2018-03-31,0.0799999999999983,0.6100692949463515,0.6171202754102683,0.5300692949463532,0.53712027541027,1,1,1
2,Ruonia,2018-02-28,2018-04-28,0.5,0.5589745276229632,0.5632289365434707,0.05897452762296318,0.06322893654347073,1,1,1
2,Ruonia,2018-03-31,2018-05-31,0.09000000000000341,0.5984804077921184,0.599860903443618,0.508480407792115,0.5098609034436146,1,1,1
2,Ruonia,2018-04-30,2018-06-30,0.6400000000000006,0.5619824284461922,0.5661266506113803,0.0780175715538084,0.07387334938862022,1,1,1
2,Ruonia,2018-05-31,2018-07-31,0.12000000000000455,0.6117895475451808,0.6114048836156901,0.49178954754517623,0.4914048836156856,1,1,1
2,Ruonia,2018-06-30,2018-08-30,-0.04999999999999716,0.5587032914737544,0.5626621004651137,0.6087032914737516,0.6126621004651108,1,1,1
2,Ruonia,2018-07-31,2018-09-30,-0.29999999999999716,0.6169965834518971,0.6150627104663069,0.9169965834518943,0.915062710466304,1,1,1
2,Ruonia,2018-08-31,2018-10-31,0.09000000000000341,0.5435840693962101,0.5471986824190319,0.45358406939620666,0.4571986824190285,1,1,1
2,Ruonia,2018-09-30,2018-11-30,0.8700000000000045,0.5148227108968912,0.5202386680908765,0.3551772891031133,0.34976133190912806,1,1,1
2,Ruonia,2018-10-31,2018-12-31,1.0799999999999983,0.49065034214395836,0.4985085991023262,0.58934965785604,0.5814914008976722,1,1,1
2,Ruonia,2018-11-30,2019-01-30,1.1400000000000006,0.5502897315981563,0.5538003118576067,0.5897102684018443,0.5861996881423939,1,1,1
2,Ruonia,2018-12-31,2019-02-28,0.7099999999999937,0.6422535768980333,0.6380217227785586,0.06774642310196044,0.07197827722143513,1,1,1
2,Ruonia,2019-01-31,2019-03-31,0.5499999999999972,0.6654389724704318,0.6591861083192806,0.11543897247043466,0.10918610831928344,1,1,1
2,Ruonia,2019-02-28,2019-04-28,0.5900000000000034,0.6702290986207365,0.6635129823859784,0.08022909862073313,0.07351298238597503,1,1,1
2,Ruonia,2019-03-31,2019-05-31,0.5300000000000011,0.6206555707331556,0.6214097398209836,0.09065557073315444,0.09140973982098244,1,1,1
2,Ruonia,2019-04-30,2019-06-30,-0.4099999999999966,0.6223240741727051,0.6053109257113513,1.0323240741727018,1.015310925711348,1,2,1
2,Ruonia,2019-05-31,2019-07-31,-0.0799999999999983,0.5957855483747544,0.5999161596342186,0.6757855483747527,0.6799161596342169,1,1,1
2,Ruonia,2019-06-30,2019-08-30,-0.1700000000000017,0.5843267967607324,0.5879796708950245,0.7543267967607341,0.7579796708950262,1,1,1
2,Ruonia,2019-07-31,2019-09-30,-0.3199999999999932,0.4760443774908818,0.48820583263793427,0.796044377490875,0.8082058326379274,1,1,1
2,Ruonia,2019-08-31,2019-10-31,0.29999999999999716,0.4974259943175442,0.5028159356294178,0.19742599431754704,0.20281593562942068,1,1,1
2,Ruonia,2019-09-30,2019-11-30,0.39000000000000057,0.48364896009143427,0.4887009156456939,0.0936489600914337,0.09870091564569333,1,1,1
2,Ruonia,2019-10-31,2019-12-31,0.4099999999999966,0.4661424386520362,0.4689809042289164,0.056142438652039606,0.05898090422891983,1,1,1
2,Ruonia,2019-11-30,2020-01-30,0.5,0.5454385890127411,0.5416505604837759,0.045438589012741115,0.04165056048377591,1,1,1
2,Ruonia,2019-12-31,2020-02-29,0.4000000000000057,0.5616646435479054,0.5520044318094024,0.16166464354789967,0.1520044318093967,1,1,1
2,Ruonia,2020-01-31,2020-03-31,0.6700000000000017,0.5252823398569629,0.5530174432740718,0.14471766014303877,0.11698255672592994,1,2,1
2,Ruonia,2020-02-29,2020-04-29,1.2999999999999972,0.5374610959239114,0.5648516941351283,0.7625389040760857,0.7351483058648689,1,2,1
2,Ruonia,2020-03-31,2020-05-31,0.12000000000000455,0.5758390546031142,0.5591751015639014,0.4558390546031097,0.43917510156389683,1,1,1
2,Ruonia,2020-04-30,2020-06-30,0.010000000000005116,0.6078221684802492,0.5877307837431253,0.597822168480244,0.5777307837431201,1,1,1
2,Ruonia,2020-05-31,2020-07-31,-0.15000000000000568,0.6819628489154446,0.6581539555531681,0.8319628489154502,0.8081539555531738,1,1,1
2,Ruonia,2020-06-30,2020-08-30,0.10999999999999943,0.5309993131869087,0.515657980138321,0.4209993131869093,0.40565798013832155,1,1,1
2,Ruonia,2020-07-31,2020-09-30,0.12999999999999545,0.42935061027828986,0.49840935156519334,0.2993506102782944,0.3684093515651979,1,2,1
2,Ruonia,2020-08-31,2020-10-31,0.5,0.3714440100032017,0.47468322158516146,0.1285559899967983,0.025316778414838537,1,2,1
2,Ruonia,2020-09-30,2020-11-30,0.7800000000000011,0.5406418038001805,0.5052939355445011,0.23935819619982068,0.27470606445550005,1,2,1
2,Ruonia,2020-10-31,2020-12-31,0.9000000000000057,0.5935717918246755,0.5107713196218668,0.30642820817533023,0.38922868037813885,1,2,1
2,Ruonia,2020-11-30,2021-01-30,0.5999999999999943,0.6010136855694272,0.5561229588941182,0.0010136855694329316,0.04387704110587609,1,2,1
2,Ruonia,2020-12-31,2021-02-28,1.0300000000000011,0.5978573124942715,0.5874680952210493,0.4321426875057296,0.4425319047789519,1,2,1
2,Ruonia,2021-01-31,2021-03-31,1.3100000000000023,0.6389116823225663,0.604639517347202,0.6710883176774359,0.7053604826528003,1,2,1
2,Ruonia,2021-02-28,2021-04-28,0.8599999999999994,0.6731360487207935,0.5763782516621955,0.18686395127920596,0.28362174833780396,1,2,1
2,Ruonia,2021-03-31,2021-05-31,0.4099999999999966,0.5943925108164868,0.6285315278718313,0.18439251081649022,0.21853152787183472,1,2,1
2,Ruonia,2021-04-30,2021-06-30,0.5600000000000023,0.7303562581644261,0.6582409312084365,0.1703562581644238,0.09824093120843425,1,2,1
2,Ruonia,2021-05-31,2021-07-31,0.21999999999999886,0.7111726599822064,0.605598286670921,0.4911726599822075,0.3855982866709221,1,2,1
2,Ruonia,2021-06-30,2021-08-30,0.1599999999999966,0.6656557616608599,0.5520465020615334,0.5056557616608633,0.3920465020615368,1,2,1
2,Ruonia,2021-07-31,2021-09-30,0.730000000000004,0.6652871335439073,0.5658956257645206,0.06471286645609664,0.1641043742354834,1,2,1
2,Ruonia,2021-08-31,2021-10-31,0.9200000000000017,0.7260770893435653,0.5287514709007319,0.1939229106564364,0.39124852909926977,1,2,1
2,Ruonia,2021-09-30,2021-11-30,0.8599999999999994,0.6703685714458325,0.5258408471513577,0.18963142855416693,0.3341591528486417,1,2,1
2,Ruonia,2021-10-31,2021-12-31,0.20999999999999375,0.6605911039750854,0.590750214161632,0.4505911039750916,0.38075021416163823,1,2,1
2,Ruonia,2021-11-30,2022-01-30,1.2199999999999989,0.6427098312810088,0.6082336608027893,0.5772901687189901,0.6117663391972096,1,2,1
2,Ruonia,2021-12-31,2022-02-28,0.9399999999999977,0.7091118651363898,0.6070738620181559,0.23088813486360793,0.3329261379818418,1,2,1
2,Ruonia,2022-01-31,2022-03-31,5.549999999999997,0.6106956466630534,0.5370444736104005,4.939304353336944,5.012955526389597,1,2,1
2,Ruonia,2022-02-28,2022-04-28,3.280000000000001,0.8067172279936417,0.664739919713151,2.4732827720063595,2.61526008028685,1,2,1
2,Ruonia,2022-03-31,2022-05-31,0.6800000000000068,0.9784911054608482,0.6700352514015372,0.29849110546084134,0.00996474859846963,1,2,1
2,Ruonia,2022-04-30,2022-06-30,-0.6800000000000068,3.844397173085791,1.1674428442337395,4.524397173085798,1.8474428442337463,1,2,1
2,Ruonia,2022-05-31,2022-07-31,-0.769999999999996,0.52643197001482,0.6227737699086631,1.2964319700148161,1.392773769908659,1,1,1
2,Ruonia,2022-06-30,2022-08-30,-0.5699999999999932,0.4849780783801826,0.6127869576455178,1.0549780783801759,1.182786957645511,1,1,1
2,Ruonia,2022-07-31,2022-09-30,0.3299999999999983,0.5456521111306681,0.6607637456720876,0.21565211113066984,0.3307637456720893,1,1,1
2,Ruonia,2022-08-31,2022-10-31,0.6599999999999966,0.5554718291503132,0.6556722802039456,0.10452817084968336,0.004327719796050955,1,1,1
2,Ruonia,2022-09-30,2022-11-30,0.2600000000000051,0.5859101392194263,0.6484895132357482,0.32591013921942114,0.3884895132357431,1,1,1
2,Ruonia,2022-10-31,2022-12-31,0.5699999999999932,0.5885734639094293,0.6116992820890025,0.01857346390943615,0.041699282089009304,1,1,1
2,Ruonia,2022-11-30,2023-01-30,1.1299999999999955,0.5904752231202122,0.6009700523725036,0.5395247768797833,0.5290299476274919,1,1,1
2,Ruonia,2022-12-31,2023-02-28,0.75,0.6022381104614571,0.6169518402005132,0.14776188953854286,0.1330481597994868,1,1,1
2,Ruonia,2023-01-31,2023-03-31,0.39000000000000057,0.6051551235665982,0.608116322301369,0.2151551235665976,0.21811632230136846,1,1,1
2,Ruonia,2023-02-28,2023-04-28,0.7199999999999989,0.6149794915578841,0.5889450703821391,0.10502050844211475,0.1310549296178598,1,1,1
2,Ruonia,2023-03-31,2023-05-31,-0.25,0.6109027108604447,0.6019294856828399,0.8609027108604447,0.8519294856828399,1,1,1
2,Ruonia,2023-04-30,2023-06-30,0.4300000000000068,0.5981501522161454,0.6079751443141627,0.1681501522161386,0.17797514431415584,1,1,1
2,Ruonia,2023-05-31,2023-07-31,0.5,0.6040773507594119,0.5962737664306332,0.10407735075941194,0.09627376643063323,1,1,1
2,Ruonia,2023-06-30,2023-08-30,-0.06999999999999318,0.595671886673465,0.6265878032931033,0.6656718866734582,0.6965878032930964,1,1,1
2,Ruonia,2023-07-31,2023-09-30,1.75,0.5912031486597864,0.5994609402012875,1.1587968513402136,1.1505390597987124,1,1,1
2,Ruonia,2023-08-31,2023-10-31,0.45999999999999375,0.5860516174557756,0.6049984606087117,0.12605161745578186,0.1449984606087179,1,1,1
2,Ruonia,2023-09-30,2023-11-30,0.7399999999999949,0.5124225134538812,0.6198759899414523,0.22757748654611365,0.12012401005854256,1,1,1
2,Ruonia,2023-10-31,2023-12-31,0.29000000000000625,0.4805919210793919,0.5692589616148358,0.19059192107938566,0.27925896161482955,1,1,1
2,Ruonia,2023-11-30,2024-01-30,0.8700000000000045,0.4468122773759807,0.6048483373241899,0.4231877226240238,0.2651516626758147,1,1,1
2,Ruonia,2023-12-31,2024-02-29,0.5300000000000011,0.4154853694546393,0.5975121198405096,0.11451463054536182,0.06751211984050842,1,1,1
2,Ruonia,2024-01-31,2024-03-31,0.5300000000000011,0.41207398243650095,0.6115922506838951,0.11792601756350019,0.08159225068389397,1,1,1
2,Ruonia,2024-02-29,2024-04-29,0.37999999999999545,0.4040526156864126,0.5924918401626964,0.024052615686417145,0.21249184016270095,1,1,1
2,Ruonia,2024-03-31,2024-05-31,0.9399999999999977,0.4003083302187631,0.6021423830840023,0.5396916697812346,0.3378576169159955,1,1,1
2,Ruonia,2024-04-30,2024-06-30,0.18000000000000682,0.4304379344492043,0.6041525119172924,0.2504379344491975,0.42415251191728554,1,1,1
2,Ruonia,2024-05-31,2024-07-31,1.0699999999999932,0.4174267019733952,0.6065084192461049,0.6525732980265979,0.4634915807538883,1,1,1
2,Ruonia,2024-06-30,2024-08-30,0.09000000000000341,0.4390322650525101,0.5906889046682734,0.3490322650525067,0.50068890466827,1,1,1
2,Ruonia,2024-07-31,2024-09-30,0.6200000000000045,0.43434287194400495,0.6139671872064819,0.1856571280559996,0.006032812793522635,1,1,1
2,Ruonia,2024-08-31,2024-10-31,1.019999999999996,0.42741952502004515,0.5827074183324883,0.5925804749799508,0.43729258166750773,1,1,1
2,Ruonia,2024-09-30,2024-11-30,1.5,0.42973184294562505,0.6186328867102214,1.0702681570543748,0.8813671132897786,1,1,1
2,Ruonia,2024-10-31,2024-12-31,0.9099999999999966,0.4751588927574424,0.6060088210023327,0.4348411072425542,0.3039911789976639,1,1,1
2,Ruonia,2024-11-30,2025-01-30,0.8400000000000034,0.4843851948669873,0.592646556436046,0.35561480513301613,0.2473534435639574,1,1,1
2,Ruonia,2024-12-31,2025-02-28,1.3400000000000034,0.47580785267239056,0.5768333876309029,0.8641921473276128,0.7631666123691005,1,1,1
2,Ruonia,2025-01-31,2025-03-31,0.8100000000000023,0.5443675874987678,0.6047010802678636,0.2656324125012345,0.20529891973213865,1,1,1
2,Ruonia,2025-02-28,2025-04-28,0.5300000000000011,0.5646501644523186,0.6080755098954871,0.0346501644523175,0.07807550989548595,1,1,1
2,Ruonia,2025-03-31,2025-05-31,-0.06999999999999318,0.5505112477468586,0.592798203085007,0.6205112477468517,0.6627982030850001,1,1,1
2,Ruonia,2025-04-30,2025-06-30,-0.04000000000000625,0.5258042372627679,0.6039831642423158,0.5658042372627742,0.643983164242322,1,1,1
2,Ruonia,2025-05-31,2025-07-31,0.35999999999999943,0.500765842832219,0.6101721531063841,0.1407658428322196,0.25017215310638463,1,1,1
2,Ruonia,2025-06-30,2025-08-30,-0.5699999999999932,0.5061097984373588,0.629922698383374,1.076109798437352,1.199922698383367,1,1,1
2,Ruonia,2025-07-31,2025-09-30,1.0,0.4491113701703404,0.617047459186006,0.5508886298296596,0.382952540813994,1,1,1
2,Ruonia,2025-08-31,2025-10-31,0.5300000000000011,0.48232682138626376,0.6088768769937931,0.04767317861373738,0.07887687699379198,1,1,1
2,Ruonia,2025-09-30,2025-11-30,0.15000000000000568,0.5140122049678801,0.6357355142789777,0.36401220496787445,0.485735514278972,1,1,1
2,Ruonia,2025-10-31,2025-12-31,0.29000000000000625,0.49038306732873244,0.5891598840883976,0.20038306732872618,0.29915988408839134,1,1,1
2,Ruonia,2025-11-30,2026-01-30,1.5699999999999932,0.498515670243151,0.5989006960553657,1.0714843297568422,0.9710993039446275,1,1,1
2,Ruonia,2025-12-31,2026-02-28,1.0999999999999943,0.5281542532844098,0.6138615043293512,0.5718457467155845,0.48613849567064316,1,1,1
2,Ruonia,2026-01-31,2026-03-31,0.5400000000000063,0.543160975234478,0.6134760503271831,0.0031609752344717856,0.07347605032717686,1,1,1
2,Ruonia,2026-02-28,2026-04-28,-0.28000000000000114,0.522400134831223,0.5776101997492135,0.8024001348312242,0.8576101997492146,1,1,1
2,Ruonia,2026-03-31,2026-05-31,0.09000000000000341,0.5207594679031095,0.5823712716377472,0.43075946790310604,0.49237127163774375,1,1,1
2,Ki,2016-02-29,2016-04-29,1.0900000000000034,0.7484491824949917,0.7464080301133652,0.3415508175050117,0.3435919698866382,1,1,1
2,Ki,2016-03-31,2016-05-31,0.20999999999999375,0.7463054330044662,0.7440492487437382,0.5363054330044724,0.5340492487437445,1,1,1
2,Ki,2016-04-30,2016-06-30,0.23999999999999488,0.7227027264596011,0.7204275009318398,0.4827027264596062,0.48042750093184494,1,1,1
2,Ki,2016-05-31,2016-07-31,0.6099999999999994,0.7540634503949387,0.7525390882281845,0.14406345039493929,0.14253908822818506,1,1,1
2,Ki,2016-06-30,2016-08-30,0.09000000000000341,0.7096906432361061,0.7077152047052452,0.6196906432361027,0.6177152047052418,1,1,1
2,Ki,2016-07-31,2016-09-30,-0.12999999999999545,0.6985522314378732,0.696900260091386,0.8285522314378686,0.8269002600913814,1,1,1
2,Ki,2016-08-31,2016-10-31,0.5999999999999943,0.7060949386338005,0.7057613656638394,0.10609493863380615,0.10576136566384509,1,1,1
2,Ki,2016-09-30,2016-11-30,0.29000000000000625,0.670032888722713,0.6695210145190046,0.3800328887227068,0.37952101451899833,1,1,1
2,Ki,2016-10-31,2016-12-31,1.3299999999999983,0.6439407580983034,0.644925383879446,0.6860592419016949,0.6850746161205523,1,1,1
2,Ki,2016-11-30,2017-01-30,0.46999999999999886,0.7074086706334785,0.7083972626821695,0.2374086706334796,0.23839726268217065,1,1,1
2,Ki,2016-12-31,2017-02-28,0.3299999999999983,0.685160982300981,0.6868208589579771,0.3551609823009827,0.35682085895797877,1,1,1
2,Ki,2017-01-31,2017-03-31,0.20000000000000284,0.7446113255298588,0.7469948705108302,0.5446113255298559,0.5469948705108274,1,1,1
2,Ki,2017-02-28,2017-04-28,0.769999999999996,0.6852002233599027,0.6878378110435143,0.0847997766400933,0.08216218895648175,1,1,1
2,Ki,2017-03-31,2017-05-31,0.45999999999999375,0.6786985759513072,0.6811520674711973,0.21869857595131348,0.22115206747120353,1,1,1
2,Ki,2017-04-30,2017-06-30,0.5799999999999983,0.6655145303160919,0.6703114986809529,0.08551453031609357,0.09031149868095456,1,1,1
2,Ki,2017-05-31,2017-07-31,-0.480000000000004,0.6968142403053034,0.70213284416888,1.1768142403053075,1.1821328441688839,1,1,1
2,Ki,2017-06-30,2017-08-30,-0.5100000000000051,0.6601373855822594,0.6708732401774332,1.1701373855822645,1.1808732401774384,1,1,1
2,Ki,2017-07-31,2017-09-30,-0.14000000000000057,0.6475911012141212,0.6635381906845442,0.7875911012141218,0.8035381906845448,1,1,1
2,Ki,2017-08-31,2017-10-31,0.1599999999999966,0.559319636990652,0.5836767557971743,0.3993196369906554,0.4236767557971777,1,1,1
2,Ki,2017-09-30,2017-11-30,0.18000000000000682,0.5379391484160432,0.5637613523169852,0.35793914841603636,0.3837613523169784,1,1,1
2,Ki,2017-10-31,2017-12-31,0.4399999999999977,0.5474185359358191,0.5802010931467809,0.1074185359358214,0.1402010931467832,1,1,1
2,Ki,2017-11-30,2018-01-30,-0.030000000000001137,0.5647891585171259,0.6036260674525218,0.594789158517127,0.6336260674525229,1,1,1
2,Ki,2017-12-31,2018-02-28,0.3400000000000034,0.5504691251484609,0.5953274021904059,0.2104691251484575,0.2553274021904025,1,1,1
2,Ki,2018-01-31,2018-03-31,0.0799999999999983,0.5689654594932038,0.6171202754102683,0.48896545949320547,0.53712027541027,1,1,1
2,Ki,2018-02-28,2018-04-28,0.5,0.5139083848280961,0.5632289365434707,0.013908384828096088,0.06322893654347073,1,1,1
2,Ki,2018-03-31,2018-05-31,0.09000000000000341,0.5482495291029358,0.599860903443618,0.4582495291029324,0.5098609034436146,1,1,1
2,Ki,2018-04-30,2018-06-30,0.6400000000000006,0.5130967142779559,0.5661266506113803,0.12690328572204468,0.07387334938862022,1,1,1
2,Ki,2018-05-31,2018-07-31,0.12000000000000455,0.5628380269281767,0.6114048836156901,0.4428380269281722,0.4914048836156856,1,1,1
2,Ki,2018-06-30,2018-08-30,-0.04999999999999716,0.5156883384069608,0.5626621004651137,0.565688338406958,0.6126621004651108,1,1,1
2,Ki,2018-07-31,2018-09-30,-0.29999999999999716,0.5586163627203383,0.6150627104663069,0.8586163627203355,0.915062710466304,1,1,1
2,Ki,2018-08-31,2018-10-31,0.09000000000000341,0.5004539440732683,0.5471986824190319,0.41045394407326485,0.4571986824190285,1,1,1
2,Ki,2018-09-30,2018-11-30,0.8700000000000045,0.4750009140967045,0.5202386680908765,0.3949990859033001,0.34976133190912806,1,1,1
2,Ki,2018-10-31,2018-12-31,1.0799999999999983,0.4592577556981497,0.4985085991023262,0.6207422443018487,0.5814914008976722,1,1,1
2,Ki,2018-11-30,2019-01-30,1.1400000000000006,0.5115299220192935,0.5538003118576067,0.6284700779807071,0.5861996881423939,1,1,1
2,Ki,2018-12-31,2019-02-28,0.7099999999999937,0.5874109492164492,0.6380217227785586,0.12258905078354454,0.07197827722143513,1,1,1
2,Ki,2019-01-31,2019-03-31,0.5499999999999972,0.6068928510066994,0.6591861083192806,0.05689285100670227,0.10918610831928344,1,1,1
2,Ki,2019-02-28,2019-04-28,0.5900000000000034,0.6029939282680756,0.6635129823859784,0.012993928268072219,0.07351298238597503,1,1,1
2,Ki,2019-03-31,2019-05-31,0.5300000000000011,0.5595127667610311,0.6214097398209836,0.029512766761029985,0.09140973982098244,1,1,1
2,Ki,2019-04-30,2019-06-30,-0.4099999999999966,0.5458114760341894,0.6053109257113513,0.955811476034186,1.015310925711348,1,1,1
2,Ki,2019-05-31,2019-07-31,-0.0799999999999983,0.5239712200474851,0.5999161596342186,0.6039712200474834,0.6799161596342169,1,1,1
2,Ki,2019-06-30,2019-08-30,-0.1700000000000017,0.488603119706555,0.5879796708950245,0.6586031197065567,0.7579796708950262,1,1,1
2,Ki,2019-07-31,2019-09-30,-0.3199999999999932,0.3969280649921601,0.48820583263793427,0.7169280649921532,0.8082058326379274,1,1,1
2,Ki,2019-08-31,2019-10-31,0.29999999999999716,0.38898515946604206,0.5028159356294178,0.0889851594660449,0.20281593562942068,1,1,1
2,Ki,2019-09-30,2019-11-30,0.39000000000000057,0.37777075107844776,0.4887009156456939,0.012229248921552804,0.09870091564569333,1,1,1
2,Ki,2019-10-31,2019-12-31,0.4099999999999966,0.35270712289403866,0.4689809042289164,0.05729287710595793,0.05898090422891983,1,1,1
2,Ki,2019-11-30,2020-01-30,0.5,0.4126601708966025,0.5416505604837759,0.08733982910339749,0.04165056048377591,1,1,1
2,Ki,2019-12-31,2020-02-29,0.4000000000000057,0.40106461190400544,0.5520044318094024,0.001064611903999757,0.1520044318093967,1,1,1
2,Ki,2020-01-31,2020-03-31,0.6700000000000017,0.4028937921595474,0.5530174432740718,0.2671062078404543,0.11698255672592994,1,1,1
2,Ki,2020-02-29,2020-04-29,1.2999999999999972,0.37661506898980024,0.5648516941351283,0.9233849310101969,0.7351483058648689,1,1,1
2,Ki,2020-03-31,2020-05-31,0.12000000000000455,0.39867081180292796,0.5591751015639014,0.2786708118029234,0.43917510156389683,1,1,1
2,Ki,2020-04-30,2020-06-30,0.010000000000005116,0.4119494361602958,0.5877307837431253,0.40194943616029066,0.5777307837431201,1,1,1
2,Ki,2020-05-31,2020-07-31,-0.15000000000000568,0.45248158837352515,0.6581539555531681,0.6024815883735308,0.8081539555531738,1,1,1
2,Ki,2020-06-30,2020-08-30,0.10999999999999943,0.3198320047882137,0.515657980138321,0.2098320047882143,0.40565798013832155,1,1,1
2,Ki,2020-07-31,2020-09-30,0.12999999999999545,0.302045412735415,0.49840935156519334,0.17204541273541957,0.3684093515651979,1,1,1
2,Ki,2020-08-31,2020-10-31,0.5,0.28153118846621145,0.47468322158516146,0.21846881153378855,0.025316778414838537,1,1,1
2,Ki,2020-09-30,2020-11-30,0.7800000000000011,0.312060353025344,0.5052939355445011,0.4679396469746571,0.27470606445550005,1,1,1
2,Ki,2020-10-31,2020-12-31,0.9000000000000057,0.33068021063565545,0.5107713196218668,0.5693197893643502,0.38922868037813885,1,1,1
2,Ki,2020-11-30,2021-01-30,0.5999999999999943,0.39015093862524786,0.5561229588941182,0.20984906137474646,0.04387704110587609,1,1,1
2,Ki,2020-12-31,2021-02-28,1.0300000000000011,0.43887648042181443,0.5874680952210493,0.5911235195781868,0.4425319047789519,1,1,1
2,Ki,2021-01-31,2021-03-31,1.3100000000000023,0.46537918098181535,0.604639517347202,0.844620819018187,0.7053604826528003,1,1,1
2,Ki,2021-02-28,2021-04-28,0.8599999999999994,0.47811238323267174,0.5763782516621955,0.3818876167673277,0.28362174833780396,1,1,1
2,Ki,2021-03-31,2021-05-31,0.4099999999999966,0.5566387214174351,0.6285315278718313,0.1466387214174385,0.21853152787183472,1,1,1
2,Ki,2021-04-30,2021-06-30,0.5600000000000023,0.579814239817038,0.6582409312084365,0.019814239817035673,0.09824093120843425,1,1,1
2,Ki,2021-05-31,2021-07-31,0.21999999999999886,0.5457113305751107,0.605598286670921,0.3257113305751118,0.3855982866709221,1,1,1
2,Ki,2021-06-30,2021-08-30,0.1599999999999966,0.5248307435505466,0.5520465020615334,0.36483074355055,0.3920465020615368,1,1,1
2,Ki,2021-07-31,2021-09-30,0.730000000000004,0.5352388542802012,0.5658956257645206,0.19476114571980274,0.1641043742354834,1,1,1
2,Ki,2021-08-31,2021-10-31,0.9200000000000017,0.5381051292680125,0.5287514709007319,0.38189487073198924,0.39124852909926977,1,1,1
2,Ki,2021-09-30,2021-11-30,0.8599999999999994,0.5364652294275061,0.5258408471513577,0.32353477057249336,0.3341591528486417,1,1,1
2,Ki,2021-10-31,2021-12-31,0.20999999999999375,0.5887862710533434,0.590750214161632,0.3787862710533496,0.38075021416163823,1,1,1
2,Ki,2021-11-30,2022-01-30,1.2199999999999989,0.9749764919892812,0.6082336608027893,0.2450235080107177,0.6117663391972096,1,1,1
2,Ki,2021-12-31,2022-02-28,0.9399999999999977,1.0069368482332364,0.6070738620181559,0.06693684823323864,0.3329261379818418,1,1,1
2,Ki,2022-01-31,2022-03-31,5.549999999999997,0.8389441972015443,0.5370444736104005,4.711055802798453,5.012955526389597,1,1,1
2,Ki,2022-02-28,2022-04-28,3.280000000000001,1.1539072254160316,0.664739919713151,2.1260927745839693,2.61526008028685,1,4,1
2,Ki,2022-03-31,2022-05-31,0.6800000000000068,0.6011108821276764,0.6700352514015372,0.07888911787233044,0.00996474859846963,1,4,1
2,Ki,2022-04-30,2022-06-30,-0.6800000000000068,0.7430573071752036,1.1674428442337395,1.4230573071752104,1.8474428442337463,1,4,1
2,Ki,2022-05-31,2022-07-31,-0.769999999999996,0.025656669943272647,0.6227737699086631,0.7956566699432687,1.392773769908659,1,4,1
2,Ki,2022-06-30,2022-08-30,-0.5699999999999932,0.27993628675525606,0.6127869576455178,0.8499362867552492,1.182786957645511,1,4,1
2,Ki,2022-07-31,2022-09-30,0.3299999999999983,0.1777197023822309,0.6607637456720876,0.1522802976177674,0.3307637456720893,1,4,1
2,Ki,2022-08-31,2022-10-31,0.6599999999999966,0.5804564690518359,0.6556722802039456,0.07954353094816069,0.004327719796050955,1,4,1
2,Ki,2022-09-30,2022-11-30,0.2600000000000051,0.5811933343200151,0.6484895132357482,0.32119333432000996,0.3884895132357431,1,4,1
2,Ki,2022-10-31,2022-12-31,0.5699999999999932,0.38900119563893476,0.6116992820890025,0.18099880436105842,0.041699282089009304,1,4,1
2,Ki,2022-11-30,2023-01-30,1.1299999999999955,0.5165279407039673,0.6009700523725036,0.6134720592960281,0.5290299476274919,1,4,1
2,Ki,2022-12-31,2023-02-28,0.75,0.5290450135179776,0.6169518402005132,0.2209549864820224,0.1330481597994868,1,4,1
2,Ki,2023-01-31,2023-03-31,0.39000000000000057,0.5250894598538471,0.608116322301369,0.13508945985384657,0.21811632230136846,1,4,1
2,Ki,2023-02-28,2023-04-28,0.7199999999999989,0.5132946993661195,0.5889450703821391,0.20670530063387937,0.1310549296178598,1,4,1
2,Ki,2023-03-31,2023-05-31,-0.25,0.522557477730885,0.6019294856828399,0.772557477730885,0.8519294856828399,1,4,1
2,Ki,2023-04-30,2023-06-30,0.4300000000000068,0.5230730706771857,0.6079751443141627,0.09307307067717885,0.17797514431415584,1,4,1
2,Ki,2023-05-31,2023-07-31,0.5,0.5158519460806339,0.5962737664306332,0.015851946080633894,0.09627376643063323,1,4,1
2,Ki,2023-06-30,2023-08-30,-0.06999999999999318,0.5402338015987059,0.6265878032931033,0.6102338015986991,0.6965878032930964,1,4,1
2,Ki,2023-07-31,2023-09-30,1.75,0.527597243325,0.5994609402012875,1.222402756675,1.1505390597987124,1,4,1
2,Ki,2023-08-31,2023-10-31,0.45999999999999375,0.8925618677652797,0.6049984606087117,0.43256186776528593,0.1449984606087179,1,4,1
2,Ki,2023-09-30,2023-11-30,0.7399999999999949,1.8148170705945033,0.6198759899414523,1.0748170705945084,0.12012401005854256,1,4,1
2,Ki,2023-10-31,2023-12-31,0.29000000000000625,1.1230489724866775,0.5692589616148358,0.8330489724866712,0.27925896161482955,1,4,1
2,Ki,2023-11-30,2024-01-30,0.8700000000000045,1.5142183722912805,0.6048483373241899,0.644218372291276,0.2651516626758147,1,4,1
2,Ki,2023-12-31,2024-02-29,0.5300000000000011,0.9637719268904275,0.5975121198405096,0.4337719268904263,0.06751211984050842,1,4,1
2,Ki,2024-01-31,2024-03-31,0.5300000000000011,1.2696397430352222,0.6115922506838951,0.7396397430352211,0.08159225068389397,1,4,1
2,Ki,2024-02-29,2024-04-29,0.37999999999999545,0.9746309019572124,0.5924918401626964,0.5946309019572169,0.21249184016270095,1,4,1
2,Ki,2024-03-31,2024-05-31,0.9399999999999977,0.9473475168717007,0.6021423830840023,0.007347516871702986,0.3378576169159955,1,4,1
2,Ki,2024-04-30,2024-06-30,0.18000000000000682,0.946973613251064,0.6041525119172924,0.7669736132510572,0.42415251191728554,1,4,1
2,Ki,2024-05-31,2024-07-31,1.0699999999999932,0.9103097777647866,0.6065084192461049,0.15969022223520657,0.4634915807538883,1,4,1
2,Ki,2024-06-30,2024-08-30,0.09000000000000341,0.9102028317837121,0.5906889046682734,0.8202028317837087,0.50068890466827,1,4,1
2,Ki,2024-07-31,2024-09-30,0.6200000000000045,0.844113058296486,0.6139671872064819,0.22411305829648143,0.006032812793522635,1,4,1
2,Ki,2024-08-31,2024-10-31,1.019999999999996,1.4581216674196948,0.5827074183324883,0.4381216674196988,0.43729258166750773,1,4,1
2,Ki,2024-09-30,2024-11-30,1.5,0.9092109437797736,0.6186328867102214,0.5907890562202264,0.8813671132897786,1,4,1
2,Ki,2024-10-31,2024-12-31,0.9099999999999966,1.2332830618002157,0.6060088210023327,0.32328306180021915,0.3039911789976639,1,4,1
2,Ki,2024-11-30,2025-01-30,0.8400000000000034,0.9497198952816963,0.592646556436046,0.1097198952816929,0.2473534435639574,1,4,1
2,Ki,2024-12-31,2025-02-28,1.3400000000000034,1.5609145818777659,0.5768333876309029,0.22091458187776247,0.7631666123691005,1,4,1
2,Ki,2025-01-31,2025-03-31,0.8100000000000023,1.0421561499795047,0.6047010802678636,0.2321561499795024,0.20529891973213865,1,4,1
2,Ki,2025-02-28,2025-04-28,0.5300000000000011,1.0257988591121636,0.6080755098954871,0.4957988591121625,0.07807550989548595,1,4,1
2,Ki,2025-03-31,2025-05-31,-0.06999999999999318,0.9887545703844869,0.592798203085007,1.05875457038448,0.6627982030850001,1,4,1
2,Ki,2025-04-30,2025-06-30,-0.04000000000000625,0.9261359858898608,0.6039831642423158,0.966135985889867,0.643983164242322,1,4,1
2,Ki,2025-05-31,2025-07-31,0.35999999999999943,0.8687786702129852,0.6101721531063841,0.5087786702129857,0.25017215310638463,1,4,1
2,Ki,2025-06-30,2025-08-30,-0.5699999999999932,0.8388689935888451,0.629922698383374,1.4088689935888383,1.199922698383367,1,4,1
2,Ki,2025-07-31,2025-09-30,1.0,0.7690344561412736,0.617047459186006,0.23096554385872636,0.382952540813994,1,4,1
2,Ki,2025-08-31,2025-10-31,0.5300000000000011,0.8372487802319033,0.6088768769937931,0.30724878023190216,0.07887687699379198,1,4,1
2,Ki,2025-09-30,2025-11-30,0.15000000000000568,0.49150884559719316,0.6357355142789777,0.34150884559718747,0.485735514278972,1,4,1
2,Ki,2025-10-31,2025-12-31,0.29000000000000625,0.17241793385635962,0.5891598840883976,0.11758206614364664,0.29915988408839134,1,4,1
2,Ki,2025-11-30,2026-01-30,1.5699999999999932,0.7303133041076153,0.5989006960553657,0.8396866958923779,0.9710993039446275,1,4,1
2,Ki,2025-12-31,2026-02-28,1.0999999999999943,0.43172846370845797,0.6138615043293512,0.6682715362915363,0.48613849567064316,1,4,1
2,Ki,2026-01-31,2026-03-31,0.5400000000000063,0.5818786538617706,0.6134760503271831,0.04187865386176437,0.07347605032717686,1,4,1
2,Ki,2026-02-28,2026-04-28,-0.28000000000000114,0.73437070355231,0.5776101997492135,1.014370703552311,0.8576101997492146,1,4,1
2,Ki,2026-03-31,2026-05-31,0.09000000000000341,0.5643663121431028,0.5823712716377472,0.47436631214309943,0.49237127163774375,1,4,1
2,d_Ruonia,2016-03-31,2016-05-31,0.20999999999999375,0.6902007163279669,0.7440492487437382,0.4802007163279731,0.5340492487437445,1,1,1
2,d_Ruonia,2016-04-30,2016-06-30,0.23999999999999488,0.7227249251483422,0.7204275009318398,0.4827249251483473,0.48042750093184494,1,1,1
2,d_Ruonia,2016-05-31,2016-07-31,0.6099999999999994,0.6806126480467289,0.7525390882281845,0.07061264804672951,0.14253908822818506,1,1,1
2,d_Ruonia,2016-06-30,2016-08-30,0.09000000000000341,0.7962441550938653,0.7077152047052452,0.7062441550938618,0.6177152047052418,1,1,1
2,d_Ruonia,2016-07-31,2016-09-30,-0.12999999999999545,0.5962465109285909,0.696900260091386,0.7262465109285864,0.8269002600913814,1,1,1
2,d_Ruonia,2016-08-31,2016-10-31,0.5999999999999943,0.6315900375601473,0.7057613656638394,0.031590037560152995,0.10576136566384509,1,1,1
2,d_Ruonia,2016-09-30,2016-11-30,0.29000000000000625,0.679890107843232,0.6695210145190046,0.38989010784322575,0.37952101451899833,1,1,1
2,d_Ruonia,2016-10-31,2016-12-31,1.3299999999999983,0.6423566482704424,0.644925383879446,0.6876433517295559,0.6850746161205523,1,1,1
2,d_Ruonia,2016-11-30,2017-01-30,0.46999999999999886,0.720064132851175,0.7083972626821695,0.2500641328511761,0.23839726268217065,1,1,1
2,d_Ruonia,2016-12-31,2017-02-28,0.3299999999999983,0.6258049063525986,0.6868208589579771,0.29580490635260026,0.35682085895797877,1,1,1
2,d_Ruonia,2017-01-31,2017-03-31,0.20000000000000284,0.7518490324507984,0.7469948705108302,0.5518490324507955,0.5469948705108274,1,1,1
2,d_Ruonia,2017-02-28,2017-04-28,0.769999999999996,0.6626491875412077,0.6878378110435143,0.1073508124587883,0.08216218895648175,1,1,1
2,d_Ruonia,2017-03-31,2017-05-31,0.45999999999999375,0.7044077527341659,0.6811520674711973,0.24440775273417215,0.22115206747120353,1,1,1
2,d_Ruonia,2017-04-30,2017-06-30,0.5799999999999983,0.6135039661645265,0.6703114986809529,0.03350396616452822,0.09031149868095456,1,1,1
2,d_Ruonia,2017-05-31,2017-07-31,-0.480000000000004,0.602138392939906,0.70213284416888,1.08213839293991,1.1821328441688839,1,1,1
2,d_Ruonia,2017-06-30,2017-08-30,-0.5100000000000051,0.5800336034278735,0.6708732401774332,1.0900336034278786,1.1808732401774384,1,1,1
2,d_Ruonia,2017-07-31,2017-09-30,-0.14000000000000057,0.657399570669563,0.6635381906845442,0.7973995706695636,0.8035381906845448,1,1,1
2,d_Ruonia,2017-08-31,2017-10-31,0.1599999999999966,0.5790143209407399,0.5836767557971743,0.4190143209407433,0.4236767557971777,1,1,1
2,d_Ruonia,2017-09-30,2017-11-30,0.18000000000000682,0.5141534144296527,0.5637613523169852,0.33415341442964586,0.3837613523169784,1,1,1
2,d_Ruonia,2017-10-31,2017-12-31,0.4399999999999977,0.5617661088297607,0.5802010931467809,0.12176610882976302,0.1402010931467832,1,1,1
2,d_Ruonia,2017-11-30,2018-01-30,-0.030000000000001137,0.5481143341814988,0.6036260674525218,0.5781143341814999,0.6336260674525229,1,1,1
2,d_Ruonia,2017-12-31,2018-02-28,0.3400000000000034,0.6100725073117128,0.5953274021904059,0.2700725073117094,0.2553274021904025,1,1,1
2,d_Ruonia,2018-01-31,2018-03-31,0.0799999999999983,0.5718559002464123,0.6171202754102683,0.491855900246414,0.53712027541027,1,1,1
2,d_Ruonia,2018-02-28,2018-04-28,0.5,0.42193151217886893,0.5632289365434707,0.07806848782113107,0.06322893654347073,1,1,1
2,d_Ruonia,2018-03-31,2018-05-31,0.09000000000000341,0.6330253309635199,0.599860903443618,0.5430253309635165,0.5098609034436146,1,1,1
2,d_Ruonia,2018-04-30,2018-06-30,0.6400000000000006,0.5881142566239673,0.5661266506113803,0.051885743376033244,0.07387334938862022,1,1,1
2,d_Ruonia,2018-05-31,2018-07-31,0.12000000000000455,0.612096735068191,0.6114048836156901,0.4920967350681864,0.4914048836156856,1,1,1
2,d_Ruonia,2018-06-30,2018-08-30,-0.04999999999999716,0.583783785341018,0.5626621004651137,0.6337837853410152,0.6126621004651108,1,1,1
2,d_Ruonia,2018-07-31,2018-09-30,-0.29999999999999716,0.6085548609978914,0.6150627104663069,0.9085548609978885,0.915062710466304,1,1,1
2,d_Ruonia,2018-08-31,2018-10-31,0.09000000000000341,0.5665037338666319,0.5471986824190319,0.4765037338666285,0.4571986824190285,1,1,1
2,d_Ruonia,2018-09-30,2018-11-30,0.8700000000000045,0.5475817864403458,0.5202386680908765,0.3224182135596587,0.34976133190912806,1,1,1
2,d_Ruonia,2018-10-31,2018-12-31,1.0799999999999983,0.5377160004065029,0.4985085991023262,0.5422839995934954,0.5814914008976722,1,1,1
2,d_Ruonia,2018-11-30,2019-01-30,1.1400000000000006,0.5732283644247497,0.5538003118576067,0.5667716355752509,0.5861996881423939,1,1,1
2,d_Ruonia,2018-12-31,2019-02-28,0.7099999999999937,0.619096389210155,0.6380217227785586,0.09090361078983877,0.07197827722143513,1,1,1
2,d_Ruonia,2019-01-31,2019-03-31,0.5499999999999972,0.6302529089742396,0.6591861083192806,0.08025290897424242,0.10918610831928344,1,1,1
2,d_Ruonia,2019-02-28,2019-04-28,0.5900000000000034,0.6319994240794954,0.6635129823859784,0.041999424079491976,0.07351298238597503,1,1,1
2,d_Ruonia,2019-03-31,2019-05-31,0.5300000000000011,0.6825494394547523,0.6214097398209836,0.1525494394547512,0.09140973982098244,1,1,1
2,d_Ruonia,2019-04-30,2019-06-30,-0.4099999999999966,0.625906079273681,0.6053109257113513,1.0359060792736776,1.015310925711348,1,1,1
2,d_Ruonia,2019-05-31,2019-07-31,-0.0799999999999983,0.6181994946114193,0.5999161596342186,0.6981994946114176,0.6799161596342169,1,1,1
2,d_Ruonia,2019-06-30,2019-08-30,-0.1700000000000017,0.5619003289137606,0.5879796708950245,0.7319003289137623,0.7579796708950262,1,1,1
2,d_Ruonia,2019-07-31,2019-09-30,-0.3199999999999932,0.5075842785721217,0.48820583263793427,0.8275842785721149,0.8082058326379274,1,1,1
2,d_Ruonia,2019-08-31,2019-10-31,0.29999999999999716,0.45876668991308206,0.5028159356294178,0.1587666899130849,0.20281593562942068,1,1,1
2,d_Ruonia,2019-09-30,2019-11-30,0.39000000000000057,0.4967846175522694,0.4887009156456939,0.10678461755226881,0.09870091564569333,1,1,1
2,d_Ruonia,2019-10-31,2019-12-31,0.4099999999999966,0.43701423994861094,0.4689809042289164,0.02701423994861435,0.05898090422891983,1,1,1
2,d_Ruonia,2019-11-30,2020-01-30,0.5,0.5509405948195557,0.5416505604837759,0.05094059481955571,0.04165056048377591,1,1,1
2,d_Ruonia,2019-12-31,2020-02-29,0.4000000000000057,0.4626008120090905,0.5520044318094024,0.0626008120090848,0.1520044318093967,1,1,1
2,d_Ruonia,2020-01-31,2020-03-31,0.6700000000000017,0.5104773067145927,0.5530174432740718,0.15952269328540902,0.11698255672592994,1,1,1
2,d_Ruonia,2020-02-29,2020-04-29,1.2999999999999972,0.5183858493694337,0.5648516941351283,0.7816141506305635,0.7351483058648689,1,1,1
2,d_Ruonia,2020-03-31,2020-05-31,0.12000000000000455,0.5418244525705602,0.5591751015639014,0.4218244525705557,0.43917510156389683,1,1,1
2,d_Ruonia,2020-04-30,2020-06-30,0.010000000000005116,0.5573491047254904,0.5877307837431253,0.5473491047254853,0.5777307837431201,1,1,1
2,d_Ruonia,2020-05-31,2020-07-31,-0.15000000000000568,0.643823144732068,0.6581539555531681,0.7938231447320737,0.8081539555531738,1,1,1
2,d_Ruonia,2020-06-30,2020-08-30,0.10999999999999943,0.41800946645543235,0.515657980138321,0.3080094664554329,0.40565798013832155,1,1,1
2,d_Ruonia,2020-07-31,2020-09-30,0.12999999999999545,0.4064739612170587,0.49840935156519334,0.27647396121706325,0.3684093515651979,1,1,1
2,d_Ruonia,2020-08-31,2020-10-31,0.5,0.3435308331609684,0.47468322158516146,0.15646916683903161,0.025316778414838537,1,1,1
2,d_Ruonia,2020-09-30,2020-11-30,0.7800000000000011,0.506504162277454,0.5052939355445011,0.27349583772254715,0.27470606445550005,1,1,1
2,d_Ruonia,2020-10-31,2020-12-31,0.9000000000000057,0.5585995507632929,0.5107713196218668,0.34140044923671276,0.38922868037813885,1,1,1
2,d_Ruonia,2020-11-30,2021-01-30,0.5999999999999943,0.5599861480671655,0.5561229588941182,0.0400138519328288,0.04387704110587609,1,1,1
2,d_Ruonia,2020-12-31,2021-02-28,1.0300000000000011,0.5524055462949045,0.5874680952210493,0.4775944537050967,0.4425319047789519,1,1,1
2,d_Ruonia,2021-01-31,2021-03-31,1.3100000000000023,0.5876498245416997,0.604639517347202,0.7223501754583026,0.7053604826528003,1,1,1
2,d_Ruonia,2021-02-28,2021-04-28,0.8599999999999994,0.6228979096687483,0.5763782516621955,0.23710209033125118,0.28362174833780396,1,1,1
2,d_Ruonia,2021-03-31,2021-05-31,0.4099999999999966,0.5332011885381648,0.6285315278718313,0.1232011885381682,0.21853152787183472,1,1,1
2,d_Ruonia,2021-04-30,2021-06-30,0.5600000000000023,0.6686085440265993,0.6582409312084365,0.10860854402659703,0.09824093120843425,1,1,1
2,d_Ruonia,2021-05-31,2021-07-31,0.21999999999999886,0.6631146370436258,0.605598286670921,0.44311463704362697,0.3855982866709221,1,1,1
2,d_Ruonia,2021-06-30,2021-08-30,0.1599999999999966,0.6319266387128051,0.5520465020615334,0.4719266387128085,0.3920465020615368,1,1,1
2,d_Ruonia,2021-07-31,2021-09-30,0.730000000000004,0.636456634243905,0.5658956257645206,0.093543365756099,0.1641043742354834,1,1,1
2,d_Ruonia,2021-08-31,2021-10-31,0.9200000000000017,0.7102054773334165,0.5287514709007319,0.20979452266658516,0.39124852909926977,1,1,1
2,d_Ruonia,2021-09-30,2021-11-30,0.8599999999999994,0.6634460341149468,0.5258408471513577,0.19655396588505258,0.3341591528486417,1,1,1
2,d_Ruonia,2021-10-31,2021-12-31,0.20999999999999375,0.6516161853292873,0.590750214161632,0.4416161853292936,0.38075021416163823,1,1,1
2,d_Ruonia,2021-11-30,2022-01-30,1.2199999999999989,0.6348200136948916,0.6082336608027893,0.5851799863051073,0.6117663391972096,1,1,1
2,d_Ruonia,2021-12-31,2022-02-28,0.9399999999999977,0.7083383731095196,0.6070738620181559,0.2316616268904781,0.3329261379818418,1,1,1
2,d_Ruonia,2022-01-31,2022-03-31,5.549999999999997,0.6233019736330032,0.5370444736104005,4.926698026366994,5.012955526389597,1,1,1
2,d_Ruonia,2022-02-28,2022-04-28,3.280000000000001,0.8133939094331999,0.664739919713151,2.4666060905668012,2.61526008028685,1,1,1
2,d_Ruonia,2022-03-31,2022-05-31,0.6800000000000068,0.997650855015167,0.6700352514015372,0.3176508550151602,0.00996474859846963,1,1,1
2,d_Ruonia,2022-04-30,2022-06-30,-0.6800000000000068,3.9061749871113376,1.1674428442337395,4.586174987111344,1.8474428442337463,1,1,1
2,d_Ruonia,2022-05-31,2022-07-31,-0.769999999999996,0.46309307289695817,0.6227737699086631,1.2330930728969542,1.392773769908659,1,1,1
2,d_Ruonia,2022-06-30,2022-08-30,-0.5699999999999932,0.32687518066647964,0.6127869576455178,0.8968751806664728,1.182786957645511,1,1,1
2,d_Ruonia,2022-07-31,2022-09-30,0.3299999999999983,0.38037690429622395,0.6607637456720876,0.050376904296225655,0.3307637456720893,1,1,1
2,d_Ruonia,2022-08-31,2022-10-31,0.6599999999999966,0.6752797191728637,0.6556722802039456,0.015279719172867079,0.004327719796050955,1,1,1
2,d_Ruonia,2022-09-30,2022-11-30,0.2600000000000051,0.625674330499145,0.6484895132357482,0.3656743304991399,0.3884895132357431,1,1,1
2,d_Ruonia,2022-10-31,2022-12-31,0.5699999999999932,0.6081162262157129,0.6116992820890025,0.03811622621571975,0.041699282089009304,1,1,1
2,d_Ruonia,2022-11-30,2023-01-30,1.1299999999999955,0.5952728194535823,0.6009700523725036,0.5347271805464131,0.5290299476274919,1,1,1
2,d_Ruonia,2022-12-31,2023-02-28,0.75,0.5986406612750459,0.6169518402005132,0.1513593387249541,0.1330481597994868,1,1,1
2,d_Ruonia,2023-01-31,2023-03-31,0.39000000000000057,0.6084781164641246,0.608116322301369,0.21847811646412407,0.21811632230136846,1,1,1
2,d_Ruonia,2023-02-28,2023-04-28,0.7199999999999989,0.5238456136798303,0.5889450703821391,0.19615438632016857,0.1310549296178598,1,1,1
2,d_Ruonia,2023-03-31,2023-05-31,-0.25,0.60071890364838,0.6019294856828399,0.85071890364838,0.8519294856828399,1,1,1
2,d_Ruonia,2023-04-30,2023-06-30,0.4300000000000068,0.639458632813129,0.6079751443141627,0.20945863281312216,0.17797514431415584,1,1,1
2,d_Ruonia,2023-05-31,2023-07-31,0.5,0.5680966313891859,0.5962737664306332,0.06809663138918587,0.09627376643063323,1,1,1
2,d_Ruonia,2023-06-30,2023-08-30,-0.06999999999999318,0.6893159625546664,0.6265878032931033,0.7593159625546596,0.6965878032930964,1,1,1
2,d_Ruonia,2023-07-31,2023-09-30,1.75,0.6175976881144287,0.5994609402012875,1.1324023118855713,1.1505390597987124,1,1,1
2,d_Ruonia,2023-08-31,2023-10-31,0.45999999999999375,0.6565415776973029,0.6049984606087117,0.19654157769730918,0.1449984606087179,1,1,1
2,d_Ruonia,2023-09-30,2023-11-30,0.7399999999999949,0.89261183425932,0.6198759899414523,0.15261183425932512,0.12012401005854256,1,1,1
2,d_Ruonia,2023-10-31,2023-12-31,0.29000000000000625,0.6711719617289814,0.5692589616148358,0.38117196172897516,0.27925896161482955,1,1,1
2,d_Ruonia,2023-11-30,2024-01-30,0.8700000000000045,0.6795431818075545,0.6048483373241899,0.19045681819245008,0.2651516626758147,1,1,1
2,d_Ruonia,2023-12-31,2024-02-29,0.5300000000000011,0.7454424666649043,0.5975121198405096,0.2154424666649032,0.06751211984050842,1,1,1
2,d_Ruonia,2024-01-31,2024-03-31,0.5300000000000011,0.6501678575856782,0.6115922506838951,0.12016785758567705,0.08159225068389397,1,1,1
2,d_Ruonia,2024-02-29,2024-04-29,0.37999999999999545,0.6237257669328372,0.5924918401626964,0.24372576693284176,0.21249184016270095,1,1,1
2,d_Ruonia,2024-03-31,2024-05-31,0.9399999999999977,0.6090266786721805,0.6021423830840023,0.3309733213278172,0.3378576169159955,1,1,1
2,d_Ruonia,2024-04-30,2024-06-30,0.18000000000000682,0.5850293188302461,0.6041525119172924,0.4050293188302393,0.42415251191728554,1,1,1
2,d_Ruonia,2024-05-31,2024-07-31,1.0699999999999932,0.6220900895861837,0.6065084192461049,0.44790991041380945,0.4634915807538883,1,1,1
2,d_Ruonia,2024-06-30,2024-08-30,0.09000000000000341,0.5828686368550231,0.5906889046682734,0.4928686368550197,0.50068890466827,1,1,1
2,d_Ruonia,2024-07-31,2024-09-30,0.6200000000000045,0.6147738342417358,0.6139671872064819,0.00522616575826873,0.006032812793522635,1,1,1
2,d_Ruonia,2024-08-31,2024-10-31,1.019999999999996,0.5849574878142735,0.5827074183324883,0.43504251218572254,0.43729258166750773,1,1,1
2,d_Ruonia,2024-09-30,2024-11-30,1.5,0.7828080160890113,0.6186328867102214,0.7171919839109887,0.8813671132897786,1,1,1
2,d_Ruonia,2024-10-31,2024-12-31,0.9099999999999966,0.6641359886163942,0.6060088210023327,0.24586401138360237,0.3039911789976639,1,1,1
2,d_Ruonia,2024-11-30,2025-01-30,0.8400000000000034,0.6069505691491238,0.592646556436046,0.2330494308508796,0.2473534435639574,1,1,1
2,d_Ruonia,2024-12-31,2025-02-28,1.3400000000000034,0.6863650446473687,0.5768333876309029,0.6536349553526347,0.7631666123691005,1,1,1
2,d_Ruonia,2025-01-31,2025-03-31,0.8100000000000023,0.614783417439396,0.6047010802678636,0.19521658256060626,0.20529891973213865,1,1,1
2,d_Ruonia,2025-02-28,2025-04-28,0.5300000000000011,0.5564732419557897,0.6080755098954871,0.026473241955788596,0.07807550989548595,1,1,1
2,d_Ruonia,2025-03-31,2025-05-31,-0.06999999999999318,0.5367489479889511,0.592798203085007,0.6067489479889443,0.6627982030850001,1,1,1
2,d_Ruonia,2025-04-30,2025-06-30,-0.04000000000000625,0.6358816897957589,0.6039831642423158,0.6758816897957651,0.643983164242322,1,1,1
2,d_Ruonia,2025-05-31,2025-07-31,0.35999999999999943,0.5810655687495895,0.6101721531063841,0.22106556874959005,0.25017215310638463,1,1,1
2,d_Ruonia,2025-06-30,2025-08-30,-0.5699999999999932,0.6547715811074059,0.629922698383374,1.2247715811073991,1.199922698383367,1,1,1
2,d_Ruonia,2025-07-31,2025-09-30,1.0,0.5584237959636947,0.617047459186006,0.44157620403630526,0.382952540813994,1,1,1
2,d_Ruonia,2025-08-31,2025-10-31,0.5300000000000011,0.5376836978812622,0.6088768769937931,0.007683697881261109,0.07887687699379198,1,1,1
2,d_Ruonia,2025-09-30,2025-11-30,0.15000000000000568,0.5511490023806899,0.6357355142789777,0.4011490023806842,0.485735514278972,1,1,1
2,d_Ruonia,2025-10-31,2025-12-31,0.29000000000000625,0.5021332490863715,0.5891598840883976,0.21213324908636522,0.29915988408839134,1,1,1
2,d_Ruonia,2025-11-30,2026-01-30,1.5699999999999932,0.5248954538583018,0.5989006960553657,1.0451045461416912,0.9710993039446275,1,1,1
2,d_Ruonia,2025-12-31,2026-02-28,1.0999999999999943,0.6134000961441991,0.6138615043293512,0.4865999038557952,0.48613849567064316,1,1,1
2,d_Ruonia,2026-01-31,2026-03-31,0.5400000000000063,0.5884491045334812,0.6134760503271831,0.04844910453347495,0.07347605032717686,1,1,1
2,d_Ruonia,2026-02-28,2026-04-28,-0.28000000000000114,0.513916062045086,0.5776101997492135,0.7939160620450871,0.8576101997492146,1,1,1
2,d_Ruonia,2026-03-31,2026-05-31,0.09000000000000341,0.4865835746924001,0.5823712716377472,0.3965835746923967,0.49237127163774375,1,1,1
2,d_Ki,2016-03-31,2016-05-31,0.20999999999999375,0.7470862327187818,0.7440492487437382,0.5370862327187881,0.5340492487437445,1,1,1
2,d_Ki,2016-04-30,2016-06-30,0.23999999999999488,0.7211135842846413,0.7204275009318398,0.48111358428464646,0.48042750093184494,1,1,1
2,d_Ki,2016-05-31,2016-07-31,0.6099999999999994,0.7582678564336971,0.7525390882281845,0.14826785643369766,0.14253908822818506,1,1,1
2,d_Ki,2016-06-30,2016-08-30,0.09000000000000341,0.7080772092787202,0.7077152047052452,0.6180772092787168,0.6177152047052418,1,1,1
2,d_Ki,2016-07-31,2016-09-30,-0.12999999999999545,0.697424637230053,0.696900260091386,0.8274246372300484,0.8269002600913814,1,1,1
2,d_Ki,2016-08-31,2016-10-31,0.5999999999999943,0.7267759265276161,0.7057613656638394,0.12677592652762182,0.10576136566384509,1,1,1
2,d_Ki,2016-09-30,2016-11-30,0.29000000000000625,0.6688372002633698,0.6695210145190046,0.37883720026336354,0.37952101451899833,1,1,1
2,d_Ki,2016-10-31,2016-12-31,1.3299999999999983,0.679410681046304,0.644925383879446,0.6505893189536943,0.6850746161205523,1,1,1
2,d_Ki,2016-11-30,2017-01-30,0.46999999999999886,0.7101846666071575,0.7083972626821695,0.24018466660715865,0.23839726268217065,1,1,1
2,d_Ki,2016-12-31,2017-02-28,0.3299999999999983,0.7060245392487509,0.6868208589579771,0.37602453924875257,0.35682085895797877,1,1,1
2,d_Ki,2017-01-31,2017-03-31,0.20000000000000284,0.7534480261438257,0.7469948705108302,0.5534480261438228,0.5469948705108274,1,1,1
2,d_Ki,2017-02-28,2017-04-28,0.769999999999996,0.688280240137477,0.6878378110435143,0.081719759862519,0.08216218895648175,1,1,1
2,d_Ki,2017-03-31,2017-05-31,0.45999999999999375,0.6806811529952015,0.6811520674711973,0.22068115299520774,0.22115206747120353,1,1,1
2,d_Ki,2017-04-30,2017-06-30,0.5799999999999983,0.7072006310140966,0.6703114986809529,0.1272006310140983,0.09031149868095456,1,1,1
2,d_Ki,2017-05-31,2017-07-31,-0.480000000000004,0.7041138385835483,0.70213284416888,1.1841138385835523,1.1821328441688839,1,1,1
2,d_Ki,2017-06-30,2017-08-30,-0.5100000000000051,0.6894425064657328,0.6708732401774332,1.199442506465738,1.1808732401774384,1,1,1
2,d_Ki,2017-07-31,2017-09-30,-0.14000000000000057,0.663825466761903,0.6635381906845442,0.8038254667619036,0.8035381906845448,1,1,1
2,d_Ki,2017-08-31,2017-10-31,0.1599999999999966,0.6127006304903023,0.5836767557971743,0.45270063049030573,0.4236767557971777,1,1,1
2,d_Ki,2017-09-30,2017-11-30,0.18000000000000682,0.5562664505420292,0.5637613523169852,0.37626645054202235,0.3837613523169784,1,1,1
2,d_Ki,2017-10-31,2017-12-31,0.4399999999999977,0.5924261857875911,0.5802010931467809,0.15242618578759337,0.1402010931467832,1,1,1
2,d_Ki,2017-11-30,2018-01-30,-0.030000000000001137,0.6175246638364261,0.6036260674525218,0.6475246638364273,0.6336260674525229,1,1,1
2,d_Ki,2017-12-31,2018-02-28,0.3400000000000034,0.5923545837587134,0.5953274021904059,0.25235458375871,0.2553274021904025,1,1,1
2,d_Ki,2018-01-31,2018-03-31,0.0799999999999983,0.6159572161082,0.6171202754102683,0.5359572161082017,0.53712027541027,1,1,1
2,d_Ki,2018-02-28,2018-04-28,0.5,0.5588585725008797,0.5632289365434707,0.05885857250087967,0.06322893654347073,1,1,1
2,d_Ki,2018-03-31,2018-05-31,0.09000000000000341,0.5980631529500855,0.599860903443618,0.5080631529500821,0.5098609034436146,1,1,1
2,d_Ki,2018-04-30,2018-06-30,0.6400000000000006,0.5625863092984185,0.5661266506113803,0.0774136907015821,0.07387334938862022,1,1,1
2,d_Ki,2018-05-31,2018-07-31,0.12000000000000455,0.5941766642779719,0.6114048836156901,0.47417666427796734,0.4914048836156856,1,1,1
2,d_Ki,2018-06-30,2018-08-30,-0.04999999999999716,0.5593403731560694,0.5626621004651137,0.6093403731560666,0.6126621004651108,1,1,1
2,d_Ki,2018-07-31,2018-09-30,-0.29999999999999716,0.615441831257191,0.6150627104663069,0.9154418312571881,0.915062710466304,1,1,1
2,d_Ki,2018-08-31,2018-10-31,0.09000000000000341,0.526805495926925,0.5471986824190319,0.43680549592692164,0.4571986824190285,1,1,1
2,d_Ki,2018-09-30,2018-11-30,0.8700000000000045,0.5162416476411309,0.5202386680908765,0.35375835235887365,0.34976133190912806,1,1,1
2,d_Ki,2018-10-31,2018-12-31,1.0799999999999983,0.4930121081939961,0.4985085991023262,0.5869878918060022,0.5814914008976722,1,1,1
2,d_Ki,2018-11-30,2019-01-30,1.1400000000000006,0.5509192910897315,0.5538003118576067,0.5890807089102691,0.5861996881423939,1,1,1
2,d_Ki,2018-12-31,2019-02-28,0.7099999999999937,0.6399742387407727,0.6380217227785586,0.070025761259221,0.07197827722143513,1,1,1
2,d_Ki,2019-01-31,2019-03-31,0.5499999999999972,0.6624178936279228,0.6591861083192806,0.11241789362792565,0.10918610831928344,1,1,1
2,d_Ki,2019-02-28,2019-04-28,0.5900000000000034,0.6845054527961875,0.6635129823859784,0.09450545279618405,0.07351298238597503,1,1,1
2,d_Ki,2019-03-31,2019-05-31,0.5300000000000011,0.6394609765999709,0.6214097398209836,0.10946097659996978,0.09140973982098244,1,1,1
2,d_Ki,2019-04-30,2019-06-30,-0.4099999999999966,0.6049071286203398,0.6053109257113513,1.0149071286203364,1.015310925711348,1,1,1
2,d_Ki,2019-05-31,2019-07-31,-0.0799999999999983,0.6170010297337514,0.5999161596342186,0.6970010297337497,0.6799161596342169,1,1,1
2,d_Ki,2019-06-30,2019-08-30,-0.1700000000000017,0.6205199403003178,0.5879796708950245,0.7905199403003195,0.7579796708950262,1,1,1
2,d_Ki,2019-07-31,2019-09-30,-0.3199999999999932,0.48265155152306705,0.48820583263793427,0.8026515515230602,0.8082058326379274,1,1,1
2,d_Ki,2019-08-31,2019-10-31,0.29999999999999716,0.5142282718772656,0.5028159356294178,0.21422827187726845,0.20281593562942068,1,1,1
2,d_Ki,2019-09-30,2019-11-30,0.39000000000000057,0.48420441192253894,0.4887009156456939,0.09420441192253837,0.09870091564569333,1,1,1
2,d_Ki,2019-10-31,2019-12-31,0.4099999999999966,0.47894251371611984,0.4689809042289164,0.06894251371612325,0.05898090422891983,1,1,1
2,d_Ki,2019-11-30,2020-01-30,0.5,0.5395005432967893,0.5416505604837759,0.039500543296789314,0.04165056048377591,1,1,1
2,d_Ki,2019-12-31,2020-02-29,0.4000000000000057,0.5805413663609617,0.5520044318094024,0.18054136636095597,0.1520044318093967,1,1,1
2,d_Ki,2020-01-31,2020-03-31,0.6700000000000017,0.5512538115133635,0.5530174432740718,0.1187461884866382,0.11698255672592994,1,1,1
2,d_Ki,2020-02-29,2020-04-29,1.2999999999999972,0.6224757192521382,0.5648516941351283,0.677524280747859,0.7351483058648689,1,1,1
2,d_Ki,2020-03-31,2020-05-31,0.12000000000000455,0.5738509755742589,0.5591751015639014,0.45385097557425436,0.43917510156389683,1,1,1
2,d_Ki,2020-04-30,2020-06-30,0.010000000000005116,0.5865090895635098,0.5877307837431253,0.5765090895635047,0.5777307837431201,1,1,1
2,d_Ki,2020-05-31,2020-07-31,-0.15000000000000568,0.6606316378331989,0.6581539555531681,0.8106316378332046,0.8081539555531738,1,1,1
2,d_Ki,2020-06-30,2020-08-30,0.10999999999999943,0.5111062109210484,0.515657980138321,0.4011062109210489,0.40565798013832155,1,1,1
2,d_Ki,2020-07-31,2020-09-30,0.12999999999999545,0.49326138123995933,0.49840935156519334,0.3632613812399639,0.3684093515651979,1,1,1
2,d_Ki,2020-08-31,2020-10-31,0.5,0.46867338357744126,0.47468322158516146,0.03132661642255874,0.025316778414838537,1,1,1
2,d_Ki,2020-09-30,2020-11-30,0.7800000000000011,0.5008343322363191,0.5052939355445011,0.279165667763682,0.27470606445550005,1,1,1
2,d_Ki,2020-10-31,2020-12-31,0.9000000000000057,0.50649281803431,0.5107713196218668,0.3935071819656957,0.38922868037813885,1,1,1
2,d_Ki,2020-11-30,2021-01-30,0.5999999999999943,0.5367799801810487,0.5561229588941182,0.06322001981894565,0.04387704110587609,1,1,1
2,d_Ki,2020-12-31,2021-02-28,1.0300000000000011,0.5528040446852861,0.5874680952210493,0.47719595531471504,0.4425319047789519,1,1,1
2,d_Ki,2021-01-31,2021-03-31,1.3100000000000023,0.6051785920735413,0.604639517347202,0.704821407926461,0.7053604826528003,1,1,1
2,d_Ki,2021-02-28,2021-04-28,0.8599999999999994,0.543335054253394,0.5763782516621955,0.3166649457466054,0.28362174833780396,1,1,1
2,d_Ki,2021-03-31,2021-05-31,0.4099999999999966,0.5688329822445773,0.6285315278718313,0.15883298224458076,0.21853152787183472,1,1,1
2,d_Ki,2021-04-30,2021-06-30,0.5600000000000023,0.6622130808027394,0.6582409312084365,0.10221308080273717,0.09824093120843425,1,1,1
2,d_Ki,2021-05-31,2021-07-31,0.21999999999999886,0.5908571746415888,0.605598286670921,0.37085717464158996,0.3855982866709221,1,1,1
2,d_Ki,2021-06-30,2021-08-30,0.1599999999999966,0.5016566006240455,0.5520465020615334,0.3416566006240489,0.3920465020615368,1,1,1
2,d_Ki,2021-07-31,2021-09-30,0.730000000000004,0.5657158951303559,0.5658956257645206,0.16428410486964806,0.1641043742354834,1,1,1
2,d_Ki,2021-08-31,2021-10-31,0.9200000000000017,0.4569331703692327,0.5287514709007319,0.463066829630769,0.39124852909926977,1,1,1
2,d_Ki,2021-09-30,2021-11-30,0.8599999999999994,0.5241399913793054,0.5258408471513577,0.335860008620694,0.3341591528486417,1,1,1
2,d_Ki,2021-10-31,2021-12-31,0.20999999999999375,0.5920338575920541,0.590750214161632,0.3820338575920603,0.38075021416163823,1,1,1
2,d_Ki,2021-11-30,2022-01-30,1.2199999999999989,-0.10043695398095882,0.6082336608027893,1.3204369539809577,0.6117663391972096,1,1,1
2,d_Ki,2021-12-31,2022-02-28,0.9399999999999977,0.6062271545270287,0.6070738620181559,0.33377284547296904,0.3329261379818418,1,1,1
2,d_Ki,2022-01-31,2022-03-31,5.549999999999997,0.48974598866272184,0.5370444736104005,5.060254011337276,5.012955526389597,1,1,1
2,d_Ki,2022-02-28,2022-04-28,3.280000000000001,0.6655743206724661,0.664739919713151,2.614425679327535,2.61526008028685,1,3,1
2,d_Ki,2022-03-31,2022-05-31,0.6800000000000068,-0.07143970724186188,0.6700352514015372,0.7514397072418687,0.00996474859846963,1,4,1
2,d_Ki,2022-04-30,2022-06-30,-0.6800000000000068,0.1741672368319689,1.1674428442337395,0.8541672368319757,1.8474428442337463,1,4,1
2,d_Ki,2022-05-31,2022-07-31,-0.769999999999996,-0.3521516063311735,0.6227737699086631,0.41784839366882254,1.392773769908659,1,4,1
2,d_Ki,2022-06-30,2022-08-30,-0.5699999999999932,-0.200162638329792,0.6127869576455178,0.3698373616702012,1.182786957645511,1,4,1
2,d_Ki,2022-07-31,2022-09-30,0.3299999999999983,-0.1229978992878047,0.6607637456720876,0.452997899287803,0.3307637456720893,1,4,1
2,d_Ki,2022-08-31,2022-10-31,0.6599999999999966,0.33152092503419855,0.6556722802039456,0.32847907496579803,0.004327719796050955,1,4,1
2,d_Ki,2022-09-30,2022-11-30,0.2600000000000051,0.5562722527701954,0.6484895132357482,0.2962722527701903,0.3884895132357431,1,4,1
2,d_Ki,2022-10-31,2022-12-31,0.5699999999999932,0.45345030192197533,0.6116992820890025,0.11654969807801785,0.041699282089009304,1,4,1
2,d_Ki,2022-11-30,2023-01-30,1.1299999999999955,0.5451690184590532,0.6009700523725036,0.5848309815409423,0.5290299476274919,1,4,1
2,d_Ki,2022-12-31,2023-02-28,0.75,0.5950531982015411,0.6169518402005132,0.15494680179845888,0.1330481597994868,1,4,1
2,d_Ki,2023-01-31,2023-03-31,0.39000000000000057,0.6140098372976539,0.608116322301369,0.22400983729765334,0.21811632230136846,1,4,1
2,d_Ki,2023-02-28,2023-04-28,0.7199999999999989,0.6446098079218848,0.5889450703821391,0.07539019207811404,0.1310549296178598,1,4,1
2,d_Ki,2023-03-31,2023-05-31,-0.25,0.6233995036887913,0.6019294856828399,0.8733995036887913,0.8519294856828399,1,4,1
2,d_Ki,2023-04-30,2023-06-30,0.4300000000000068,0.5972483131785787,0.6079751443141627,0.16724831317857192,0.17797514431415584,1,4,1
2,d_Ki,2023-05-31,2023-07-31,0.5,0.614804615578945,0.5962737664306332,0.11480461557894495,0.09627376643063323,1,4,1
2,d_Ki,2023-06-30,2023-08-30,-0.06999999999999318,0.529986384464198,0.6265878032931033,0.5999863844641912,0.6965878032930964,1,4,1
2,d_Ki,2023-07-31,2023-09-30,1.75,0.4680650062982992,0.5994609402012875,1.2819349937017008,1.1505390597987124,1,4,1
2,d_Ki,2023-08-31,2023-10-31,0.45999999999999375,0.8337048987316429,0.6049984606087117,0.37370489873164914,0.1449984606087179,1,4,1
2,d_Ki,2023-09-30,2023-11-30,0.7399999999999949,1.6492876233441436,0.6198759899414523,0.9092876233441487,0.12012401005854256,1,4,1
2,d_Ki,2023-10-31,2023-12-31,0.29000000000000625,1.3882762824485735,0.5692589616148358,1.0982762824485672,0.27925896161482955,1,4,1
2,d_Ki,2023-11-30,2024-01-30,0.8700000000000045,1.2261706828106047,0.6048483373241899,0.35617068281060016,0.2651516626758147,1,4,1
2,d_Ki,2023-12-31,2024-02-29,0.5300000000000011,0.8117518873828876,0.5975121198405096,0.2817518873828865,0.06751211984050842,1,4,1
2,d_Ki,2024-01-31,2024-03-31,0.5300000000000011,0.8466683371992387,0.6115922506838951,0.3166683371992376,0.08159225068389397,1,4,1
2,d_Ki,2024-02-29,2024-04-29,0.37999999999999545,0.720418358621976,0.5924918401626964,0.34041835862198055,0.21249184016270095,1,4,1
2,d_Ki,2024-03-31,2024-05-31,0.9399999999999977,0.5871746917046697,0.6021423830840023,0.352825308295328,0.3378576169159955,1,4,1
2,d_Ki,2024-04-30,2024-06-30,0.18000000000000682,0.5893338800902371,0.6041525119172924,0.4093338800902303,0.42415251191728554,1,4,1
2,d_Ki,2024-05-31,2024-07-31,1.0699999999999932,0.580098577301132,0.6065084192461049,0.48990142269886117,0.4634915807538883,1,4,1
2,d_Ki,2024-06-30,2024-08-30,0.09000000000000341,0.562030178363309,0.5906889046682734,0.47203017836330563,0.50068890466827,1,4,1
2,d_Ki,2024-07-31,2024-09-30,0.6200000000000045,0.5196326818640827,0.6139671872064819,0.10036731813592181,0.006032812793522635,1,4,1
2,d_Ki,2024-08-31,2024-10-31,1.019999999999996,1.1123888880078616,0.5827074183324883,0.0923888880078656,0.43729258166750773,1,4,1
2,d_Ki,2024-09-30,2024-11-30,1.5,0.7727634085851989,0.6186328867102214,0.7272365914148011,0.8813671132897786,1,4,1
2,d_Ki,2024-10-31,2024-12-31,0.9099999999999966,0.7997724637302446,0.6060088210023327,0.11022753626975201,0.3039911789976639,1,4,1
2,d_Ki,2024-11-30,2025-01-30,0.8400000000000034,0.6864229238897736,0.592646556436046,0.15357707611022986,0.2473534435639574,1,4,1
2,d_Ki,2024-12-31,2025-02-28,1.3400000000000034,1.1532531811811122,0.5768333876309029,0.1867468188188912,0.7631666123691005,1,4,1
2,d_Ki,2025-01-31,2025-03-31,0.8100000000000023,0.8507090755323666,0.6047010802678636,0.04070907553236436,0.20529891973213865,1,4,1
2,d_Ki,2025-02-28,2025-04-28,0.5300000000000011,0.6061200240716927,0.6080755098954871,0.0761200240716916,0.07807550989548595,1,4,1
2,d_Ki,2025-03-31,2025-05-31,-0.06999999999999318,0.6258243951825855,0.592798203085007,0.6958243951825787,0.6627982030850001,1,4,1
2,d_Ki,2025-04-30,2025-06-30,-0.04000000000000625,0.5995473628776175,0.6039831642423158,0.6395473628776237,0.643983164242322,1,4,1
2,d_Ki,2025-05-31,2025-07-31,0.35999999999999943,0.5861716912911382,0.6101721531063841,0.2261716912911388,0.25017215310638463,1,4,1
2,d_Ki,2025-06-30,2025-08-30,-0.5699999999999932,0.5642978842503842,0.629922698383374,1.1342978842503775,1.199922698383367,1,4,1
2,d_Ki,2025-07-31,2025-09-30,1.0,0.5804195014257487,0.617047459186006,0.4195804985742513,0.382952540813994,1,4,1
2,d_Ki,2025-08-31,2025-10-31,0.5300000000000011,0.6515135586497112,0.6088768769937931,0.12151355864971003,0.07887687699379198,1,4,1
2,d_Ki,2025-09-30,2025-11-30,0.15000000000000568,0.31283642665127337,0.6357355142789777,0.16283642665126769,0.485735514278972,1,4,1
2,d_Ki,2025-10-31,2025-12-31,0.29000000000000625,-0.023050693890071,0.5891598840883976,0.3130506938900772,0.29915988408839134,1,4,1
2,d_Ki,2025-11-30,2026-01-30,1.5699999999999932,0.37273495323717815,0.5989006960553657,1.197265046762815,0.9710993039446275,1,4,1
2,d_Ki,2025-12-31,2026-02-28,1.0999999999999943,0.3199434928414033,0.6138615043293512,0.780056507158591,0.48613849567064316,1,4,1
2,d_Ki,2026-01-31,2026-03-31,0.5400000000000063,0.358563977743144,0.6134760503271831,0.18143602225686223,0.07347605032717686,1,4,1
2,d_Ki,2026-02-28,2026-04-28,-0.28000000000000114,0.5878463974405281,0.5776101997492135,0.8678463974405293,0.8576101997492146,1,4,1
2,d_Ki,2026-03-31,2026-05-31,0.09000000000000341,0.4914281419819775,0.5823712716377472,0.4014281419819741,0.49237127163774375,1,4,1
2,spread_Ruonia_Ki,2016-02-29,2016-04-29,1.0900000000000034,0.8077351123414982,0.7464080301133652,0.2822648876585052,0.3435919698866382,1,1,1
2,spread_Ruonia_Ki,2016-03-31,2016-05-31,0.20999999999999375,0.8123866622882058,0.7440492487437382,0.602386662288212,0.5340492487437445,1,1,1
2,spread_Ruonia_Ki,2016-04-30,2016-06-30,0.23999999999999488,0.7802475546360056,0.7204275009318398,0.5402475546360107,0.48042750093184494,1,1,1
2,spread_Ruonia_Ki,2016-05-31,2016-07-31,0.6099999999999994,0.7824270231695499,0.7525390882281845,0.1724270231695505,0.14253908822818506,1,1,1
2,spread_Ruonia_Ki,2016-06-30,2016-08-30,0.09000000000000341,0.7493712600275069,0.7077152047052452,0.6593712600275035,0.6177152047052418,1,1,1
2,spread_Ruonia_Ki,2016-07-31,2016-09-30,-0.12999999999999545,0.7158638694613846,0.696900260091386,0.84586386946138,0.8269002600913814,1,1,1
2,spread_Ruonia_Ki,2016-08-31,2016-10-31,0.5999999999999943,0.7060930428138635,0.7057613656638394,0.10609304281386922,0.10576136566384509,1,1,1
2,spread_Ruonia_Ki,2016-09-30,2016-11-30,0.29000000000000625,0.6679430980414502,0.6695210145190046,0.377943098041444,0.37952101451899833,1,1,1
2,spread_Ruonia_Ki,2016-10-31,2016-12-31,1.3299999999999983,0.6339645505548044,0.644925383879446,0.6960354494451939,0.6850746161205523,1,1,1
2,spread_Ruonia_Ki,2016-11-30,2017-01-30,0.46999999999999886,0.7146154197626615,0.7083972626821695,0.24461541976266266,0.23839726268217065,1,1,1
2,spread_Ruonia_Ki,2016-12-31,2017-02-28,0.3299999999999983,0.6888327339267237,0.6868208589579771,0.35883273392672543,0.35682085895797877,1,1,1
2,spread_Ruonia_Ki,2017-01-31,2017-03-31,0.20000000000000284,0.7431930704196925,0.7469948705108302,0.5431930704196897,0.5469948705108274,1,1,1
2,spread_Ruonia_Ki,2017-02-28,2017-04-28,0.769999999999996,0.6754646323367424,0.6878378110435143,0.09453536766325366,0.08216218895648175,1,1,1
2,spread_Ruonia_Ki,2017-03-31,2017-05-31,0.45999999999999375,0.6698639324153354,0.6811520674711973,0.20986393241534163,0.22115206747120353,1,1,1
2,spread_Ruonia_Ki,2017-04-30,2017-06-30,0.5799999999999983,0.6540237971325964,0.6703114986809529,0.0740237971325981,0.09031149868095456,1,1,1
2,spread_Ruonia_Ki,2017-05-31,2017-07-31,-0.480000000000004,0.6886143920157977,0.70213284416888,1.1686143920158016,1.1821328441688839,1,1,1
2,spread_Ruonia_Ki,2017-06-30,2017-08-30,-0.5100000000000051,0.6422505873092329,0.6708732401774332,1.1522505873092381,1.1808732401774384,1,1,1
2,spread_Ruonia_Ki,2017-07-31,2017-09-30,-0.14000000000000057,0.6222630352365012,0.6635381906845442,0.7622630352365017,0.8035381906845448,1,1,1
2,spread_Ruonia_Ki,2017-08-31,2017-10-31,0.1599999999999966,0.5135516607906007,0.5836767557971743,0.35355166079060407,0.4236767557971777,1,1,1
2,spread_Ruonia_Ki,2017-09-30,2017-11-30,0.18000000000000682,0.49563510619475665,0.5637613523169852,0.3156351061947498,0.3837613523169784,1,1,1
2,spread_Ruonia_Ki,2017-10-31,2017-12-31,0.4399999999999977,0.5142855321538737,0.5802010931467809,0.07428553215387601,0.1402010931467832,1,1,1
2,spread_Ruonia_Ki,2017-11-30,2018-01-30,-0.030000000000001137,0.5432562302492433,0.6036260674525218,0.5732562302492444,0.6336260674525229,1,1,1
2,spread_Ruonia_Ki,2017-12-31,2018-02-28,0.3400000000000034,0.5301723472261877,0.5953274021904059,0.19017234722618426,0.2553274021904025,1,1,1
2,spread_Ruonia_Ki,2018-01-31,2018-03-31,0.0799999999999983,0.5587715118413338,0.6171202754102683,0.4787715118413355,0.53712027541027,1,1,1
2,spread_Ruonia_Ki,2018-02-28,2018-04-28,0.5,0.5109275819830273,0.5632289365434707,0.010927581983027346,0.06322893654347073,1,1,1
2,spread_Ruonia_Ki,2018-03-31,2018-05-31,0.09000000000000341,0.5512477225723609,0.599860903443618,0.46124772257235747,0.5098609034436146,1,1,1
2,spread_Ruonia_Ki,2018-04-30,2018-06-30,0.6400000000000006,0.5124589014590871,0.5661266506113803,0.12754109854091344,0.07387334938862022,1,1,1
2,spread_Ruonia_Ki,2018-05-31,2018-07-31,0.12000000000000455,0.5704127904800985,0.6114048836156901,0.45041279048009397,0.4914048836156856,1,1,1
2,spread_Ruonia_Ki,2018-06-30,2018-08-30,-0.04999999999999716,0.5153462577044435,0.5626621004651137,0.5653462577044407,0.6126621004651108,1,1,1
2,spread_Ruonia_Ki,2018-07-31,2018-09-30,-0.29999999999999716,0.5736239049590318,0.6150627104663069,0.873623904959029,0.915062710466304,1,1,1
2,spread_Ruonia_Ki,2018-08-31,2018-10-31,0.09000000000000341,0.5031898128767922,0.5471986824190319,0.4131898128767888,0.4571986824190285,1,1,1
2,spread_Ruonia_Ki,2018-09-30,2018-11-30,0.8700000000000045,0.47345609027165503,0.5202386680908765,0.3965439097283495,0.34976133190912806,1,1,1
2,spread_Ruonia_Ki,2018-10-31,2018-12-31,1.0799999999999983,0.4505174498404165,0.4985085991023262,0.6294825501595818,0.5814914008976722,1,1,1
2,spread_Ruonia_Ki,2018-11-30,2019-01-30,1.1400000000000006,0.5134645962538641,0.5538003118576067,0.6265354037461365,0.5861996881423939,1,1,1
2,spread_Ruonia_Ki,2018-12-31,2019-02-28,0.7099999999999937,0.6080904044554164,0.6380217227785586,0.10190959554457735,0.07197827722143513,1,1,1
2,spread_Ruonia_Ki,2019-01-31,2019-03-31,0.5499999999999972,0.631971079281409,0.6591861083192806,0.0819710792814119,0.10918610831928344,1,1,1
2,spread_Ruonia_Ki,2019-02-28,2019-04-28,0.5900000000000034,0.6311633879350692,0.6635129823859784,0.0411633879350658,0.07351298238597503,1,1,1
2,spread_Ruonia_Ki,2019-03-31,2019-05-31,0.5300000000000011,0.5712120079579003,0.6214097398209836,0.041212007957899144,0.09140973982098244,1,1,1
2,spread_Ruonia_Ki,2019-04-30,2019-06-30,-0.4099999999999966,0.5511386834415577,0.6053109257113513,0.9611386834415543,1.015310925711348,1,1,1
2,spread_Ruonia_Ki,2019-05-31,2019-07-31,-0.0799999999999983,0.5330445423556985,0.5999161596342186,0.6130445423556968,0.6799161596342169,1,1,1
2,spread_Ruonia_Ki,2019-06-30,2019-08-30,-0.1700000000000017,0.5061224364244225,0.5879796708950245,0.6761224364244242,0.7579796708950262,1,1,1
2,spread_Ruonia_Ki,2019-07-31,2019-09-30,-0.3199999999999932,0.39182397529524654,0.48820583263793427,0.7118239752952398,0.8082058326379274,1,1,1
2,spread_Ruonia_Ki,2019-08-31,2019-10-31,0.29999999999999716,0.40835956434147,0.5028159356294178,0.10835956434147287,0.20281593562942068,1,1,1
2,spread_Ruonia_Ki,2019-09-30,2019-11-30,0.39000000000000057,0.3972295470398887,0.4887009156456939,0.007229547039888151,0.09870091564569333,1,1,1
2,spread_Ruonia_Ki,2019-10-31,2019-12-31,0.4099999999999966,0.3793346317502944,0.4689809042289164,0.030665368249702174,0.05898090422891983,1,1,1
2,spread_Ruonia_Ki,2019-11-30,2020-01-30,0.5,0.4597406952472572,0.5416505604837759,0.04025930475274281,0.04165056048377591,1,1,1
2,spread_Ruonia_Ki,2019-12-31,2020-02-29,0.4000000000000057,0.4687003489029444,0.5520044318094024,0.06870034890293869,0.1520044318093967,1,1,1
2,spread_Ruonia_Ki,2020-01-31,2020-03-31,0.6700000000000017,0.47664093285893994,0.5530174432740718,0.19335906714106177,0.11698255672592994,1,1,1
2,spread_Ruonia_Ki,2020-02-29,2020-04-29,1.2999999999999972,0.4654595543657941,0.5648516941351283,0.834540445634203,0.7351483058648689,1,1,1
2,spread_Ruonia_Ki,2020-03-31,2020-05-31,0.12000000000000455,0.4567982866917346,0.5591751015639014,0.33679828669173006,0.43917510156389683,1,2,1
2,spread_Ruonia_Ki,2020-04-30,2020-06-30,0.010000000000005116,0.44356435663473415,0.5877307837431253,0.43356435663472903,0.5777307837431201,1,2,1
2,spread_Ruonia_Ki,2020-05-31,2020-07-31,-0.15000000000000568,0.5324152688291264,0.6581539555531681,0.6824152688291321,0.8081539555531738,1,2,1
2,spread_Ruonia_Ki,2020-06-30,2020-08-30,0.10999999999999943,0.32085276214673314,0.515657980138321,0.2108527621467337,0.40565798013832155,1,2,1
2,spread_Ruonia_Ki,2020-07-31,2020-09-30,0.12999999999999545,0.32622586652460006,0.49840935156519334,0.1962258665246046,0.3684093515651979,1,2,1
2,spread_Ruonia_Ki,2020-08-31,2020-10-31,0.5,0.3023543489803743,0.47468322158516146,0.19764565101962572,0.025316778414838537,1,2,1
2,spread_Ruonia_Ki,2020-09-30,2020-11-30,0.7800000000000011,0.4360235414449897,0.5052939355445011,0.3439764585550114,0.27470606445550005,1,2,1
2,spread_Ruonia_Ki,2020-10-31,2020-12-31,0.9000000000000057,0.4711918824317073,0.5107713196218668,0.4288081175682984,0.38922868037813885,1,2,1
2,spread_Ruonia_Ki,2020-11-30,2021-01-30,0.5999999999999943,0.46462394257828676,0.5561229588941182,0.13537605742170755,0.04387704110587609,1,2,1
2,spread_Ruonia_Ki,2020-12-31,2021-02-28,1.0300000000000011,0.4597735949242389,0.5874680952210493,0.5702264050757622,0.4425319047789519,1,2,1
2,spread_Ruonia_Ki,2021-01-31,2021-03-31,1.3100000000000023,0.5748933540944664,0.604639517347202,0.7351066459055359,0.7053604826528003,1,2,1
2,spread_Ruonia_Ki,2021-02-28,2021-04-28,0.8599999999999994,0.5160301067069104,0.5763782516621955,0.343969893293089,0.28362174833780396,1,2,1
2,spread_Ruonia_Ki,2021-03-31,2021-05-31,0.4099999999999966,0.4567502633385498,0.6285315278718313,0.0467502633385532,0.21853152787183472,1,2,1
2,spread_Ruonia_Ki,2021-04-30,2021-06-30,0.5600000000000023,0.7142235672641659,0.6582409312084365,0.15422356726416364,0.09824093120843425,1,2,1
2,spread_Ruonia_Ki,2021-05-31,2021-07-31,0.21999999999999886,0.6410608521662124,0.605598286670921,0.4210608521662136,0.3855982866709221,1,2,1
2,spread_Ruonia_Ki,2021-06-30,2021-08-30,0.1599999999999966,0.5320418456285747,0.5520465020615334,0.3720418456285781,0.3920465020615368,1,2,1
2,spread_Ruonia_Ki,2021-07-31,2021-09-30,0.730000000000004,0.6509776288273412,0.5658956257645206,0.07902237117266275,0.1641043742354834,1,2,1
2,spread_Ruonia_Ki,2021-08-31,2021-10-31,0.9200000000000017,0.534181005793709,0.5287514709007319,0.38581899420629273,0.39124852909926977,1,2,1
2,spread_Ruonia_Ki,2021-09-30,2021-11-30,0.8599999999999994,0.6403487153958293,0.5258408471513577,0.21965128460417016,0.3341591528486417,1,2,1
2,spread_Ruonia_Ki,2021-10-31,2021-12-31,0.20999999999999375,0.6525887288820655,0.590750214161632,0.4425887288820718,0.38075021416163823,1,2,1
2,spread_Ruonia_Ki,2021-11-30,2022-01-30,1.2199999999999989,-0.7329793752618557,0.6082336608027893,1.9529793752618545,0.6117663391972096,1,2,1
2,spread_Ruonia_Ki,2021-12-31,2022-02-28,0.9399999999999977,0.9927958480746376,0.6070738620181559,0.052795848074639884,0.3329261379818418,1,1,1
2,spread_Ruonia_Ki,2022-01-31,2022-03-31,5.549999999999997,0.8013517426041499,0.5370444736104005,4.748648257395847,5.012955526389597,1,1,1
2,spread_Ruonia_Ki,2022-02-28,2022-04-28,3.280000000000001,1.364858821994165,0.664739919713151,1.915141178005836,2.61526008028685,1,4,1
2,spread_Ruonia_Ki,2022-03-31,2022-05-31,0.6800000000000068,0.8544959370043904,0.6700352514015372,0.1744959370043836,0.00996474859846963,1,4,1
2,spread_Ruonia_Ki,2022-04-30,2022-06-30,-0.6800000000000068,1.6710438054647634,1.1674428442337395,2.35104380546477,1.8474428442337463,1,4,1
2,spread_Ruonia_Ki,2022-05-31,2022-07-31,-0.769999999999996,0.22059188481071582,0.6227737699086631,0.9905918848107118,1.392773769908659,1,4,1
2,spread_Ruonia_Ki,2022-06-30,2022-08-30,-0.5699999999999932,-2.876641256691065,0.6127869576455178,2.306641256691072,1.182786957645511,1,4,1
2,spread_Ruonia_Ki,2022-07-31,2022-09-30,0.3299999999999983,0.09081153733834152,0.6607637456720876,0.23918846266165678,0.3307637456720893,1,4,1
2,spread_Ruonia_Ki,2022-08-31,2022-10-31,0.6599999999999966,0.7237529923029655,0.6556722802039456,0.06375299230296894,0.004327719796050955,1,4,1
2,spread_Ruonia_Ki,2022-09-30,2022-11-30,0.2600000000000051,0.9034650868702618,0.6484895132357482,0.6434650868702567,0.3884895132357431,1,4,1
2,spread_Ruonia_Ki,2022-10-31,2022-12-31,0.5699999999999932,0.44030181566355864,0.6116992820890025,0.12969818433643454,0.041699282089009304,1,4,1
2,spread_Ruonia_Ki,2022-11-30,2023-01-30,1.1299999999999955,0.6244892314013993,0.6009700523725036,0.5055107685985961,0.5290299476274919,1,4,1
2,spread_Ruonia_Ki,2022-12-31,2023-02-28,0.75,0.5067441537859819,0.6169518402005132,0.24325584621401808,0.1330481597994868,1,4,1
2,spread_Ruonia_Ki,2023-01-31,2023-03-31,0.39000000000000057,0.5033908970113559,0.608116322301369,0.1133908970113553,0.21811632230136846,1,4,1
2,spread_Ruonia_Ki,2023-02-28,2023-04-28,0.7199999999999989,0.6075951392474102,0.5889450703821391,0.11240486075258871,0.1310549296178598,1,4,1
2,spread_Ruonia_Ki,2023-03-31,2023-05-31,-0.25,0.5381144967875277,0.6019294856828399,0.7881144967875277,0.8519294856828399,1,4,1
2,spread_Ruonia_Ki,2023-04-30,2023-06-30,0.4300000000000068,0.5701750580144409,0.6079751443141627,0.14017505801443408,0.17797514431415584,1,4,1
2,spread_Ruonia_Ki,2023-05-31,2023-07-31,0.5,0.5190800286651015,0.5962737664306332,0.0190800286651015,0.09627376643063323,1,4,1
2,spread_Ruonia_Ki,2023-06-30,2023-08-30,-0.06999999999999318,0.45480721777210253,0.6265878032931033,0.5248072177720957,0.6965878032930964,1,4,1
2,spread_Ruonia_Ki,2023-07-31,2023-09-30,1.75,0.5782848932238109,0.5994609402012875,1.171715106776189,1.1505390597987124,1,4,1
2,spread_Ruonia_Ki,2023-08-31,2023-10-31,0.45999999999999375,0.8140922295787028,0.6049984606087117,0.354092229578709,0.1449984606087179,1,4,1
2,spread_Ruonia_Ki,2023-09-30,2023-11-30,0.7399999999999949,1.3063856925832804,0.6198759899414523,0.5663856925832855,0.12012401005854256,1,4,1
2,spread_Ruonia_Ki,2023-10-31,2023-12-31,0.29000000000000625,0.9794668336293256,0.5692589616148358,0.6894668336293194,0.27925896161482955,1,4,1
2,spread_Ruonia_Ki,2023-11-30,2024-01-30,0.8700000000000045,0.7176255066534516,0.6048483373241899,0.15237449334655295,0.2651516626758147,1,4,1
2,spread_Ruonia_Ki,2023-12-31,2024-02-29,0.5300000000000011,0.41539149616634047,0.5975121198405096,0.11460850383366067,0.06751211984050842,1,4,1
2,spread_Ruonia_Ki,2024-01-31,2024-03-31,0.5300000000000011,0.6858998575041543,0.6115922506838951,0.15589985750415314,0.08159225068389397,1,4,1
2,spread_Ruonia_Ki,2024-02-29,2024-04-29,0.37999999999999545,0.3302862537121268,0.5924918401626964,0.049713746287868676,0.21249184016270095,1,4,1
2,spread_Ruonia_Ki,2024-03-31,2024-05-31,0.9399999999999977,0.5032073454724993,0.6021423830840023,0.4367926545274984,0.3378576169159955,1,4,1
2,spread_Ruonia_Ki,2024-04-30,2024-06-30,0.18000000000000682,0.4357257877754842,0.6041525119172924,0.2557257877754774,0.42415251191728554,1,4,1
2,spread_Ruonia_Ki,2024-05-31,2024-07-31,1.0699999999999932,0.4914847373829745,0.6065084192461049,0.5785152626170187,0.4634915807538883,1,4,1
2,spread_Ruonia_Ki,2024-06-30,2024-08-30,0.09000000000000341,0.5968849877716454,0.5906889046682734,0.506884987771642,0.50068890466827,1,4,1
2,spread_Ruonia_Ki,2024-07-31,2024-09-30,0.6200000000000045,0.527694798694067,0.6139671872064819,0.09230520130593756,0.006032812793522635,1,4,1
2,spread_Ruonia_Ki,2024-08-31,2024-10-31,1.019999999999996,0.9302048048204731,0.5827074183324883,0.08979519517952295,0.43729258166750773,1,4,1
2,spread_Ruonia_Ki,2024-09-30,2024-11-30,1.5,0.6657597537131092,0.6186328867102214,0.8342402462868908,0.8813671132897786,1,4,1
2,spread_Ruonia_Ki,2024-10-31,2024-12-31,0.9099999999999966,0.7688124496026181,0.6060088210023327,0.14118755039737851,0.3039911789976639,1,4,1
2,spread_Ruonia_Ki,2024-11-30,2025-01-30,0.8400000000000034,0.4175937539142855,0.592646556436046,0.4224062460857179,0.2473534435639574,1,4,1
2,spread_Ruonia_Ki,2024-12-31,2025-02-28,1.3400000000000034,0.8843514924512563,0.5768333876309029,0.4556485075487471,0.7631666123691005,1,4,1
2,spread_Ruonia_Ki,2025-01-31,2025-03-31,0.8100000000000023,0.5615331099883852,0.6047010802678636,0.24846689001161704,0.20529891973213865,1,4,1
2,spread_Ruonia_Ki,2025-02-28,2025-04-28,0.5300000000000011,0.2881905918143136,0.6080755098954871,0.24180940818568752,0.07807550989548595,1,4,1
2,spread_Ruonia_Ki,2025-03-31,2025-05-31,-0.06999999999999318,0.4930296359297202,0.592798203085007,0.5630296359297133,0.6627982030850001,1,4,1
2,spread_Ruonia_Ki,2025-04-30,2025-06-30,-0.04000000000000625,0.5656846270427743,0.6039831642423158,0.6056846270427806,0.643983164242322,1,4,1
2,spread_Ruonia_Ki,2025-05-31,2025-07-31,0.35999999999999943,0.5045185722210135,0.6101721531063841,0.14451857222101405,0.25017215310638463,1,4,1
2,spread_Ruonia_Ki,2025-06-30,2025-08-30,-0.5699999999999932,0.38818644542203884,0.629922698383374,0.958186445422032,1.199922698383367,1,4,1
2,spread_Ruonia_Ki,2025-07-31,2025-09-30,1.0,0.49783777817115965,0.617047459186006,0.5021622218288404,0.382952540813994,1,4,1
2,spread_Ruonia_Ki,2025-08-31,2025-10-31,0.5300000000000011,0.49793448803257484,0.6088768769937931,0.0320655119674263,0.07887687699379198,1,4,1
2,spread_Ruonia_Ki,2025-09-30,2025-11-30,0.15000000000000568,0.42054952227125214,0.6357355142789777,0.27054952227124646,0.485735514278972,1,4,1
2,spread_Ruonia_Ki,2025-10-31,2025-12-31,0.29000000000000625,0.29330724119102347,0.5891598840883976,0.0033072411910172184,0.29915988408839134,1,4,1
2,spread_Ruonia_Ki,2025-11-30,2026-01-30,1.5699999999999932,0.7221464880522932,0.5989006960553657,0.8478535119477,0.9710993039446275,1,4,1
2,spread_Ruonia_Ki,2025-12-31,2026-02-28,1.0999999999999943,0.41056127192416886,0.6138615043293512,0.6894387280758254,0.48613849567064316,1,4,1
2,spread_Ruonia_Ki,2026-01-31,2026-03-31,0.5400000000000063,0.5327333051928455,0.6134760503271831,0.007266694807160801,0.07347605032717686,1,4,1
2,spread_Ruonia_Ki,2026-02-28,2026-04-28,-0.28000000000000114,0.6030717308298088,0.5776101997492135,0.8830717308298099,0.8576101997492146,1,4,1
2,spread_Ruonia_Ki,2026-03-31,2026-05-31,0.09000000000000341,0.5174504219060793,0.5823712716377472,0.42745042190607585,0.49237127163774375,1,4,1
2,d_spread_Ruonia_Ki,2016-03-31,2016-05-31,0.20999999999999375,0.712407046992922,0.7440492487437382,0.5024070469929283,0.5340492487437445,1,1,1
2,d_spread_Ruonia_Ki,2016-04-30,2016-06-30,0.23999999999999488,0.7219173043563176,0.7204275009318398,0.48191730435632274,0.48042750093184494,1,1,1
2,d_spread_Ruonia_Ki,2016-05-31,2016-07-31,0.6099999999999994,0.7124880315902364,0.7525390882281845,0.102488031590237,0.14253908822818506,1,1,1
2,d_spread_Ruonia_Ki,2016-06-30,2016-08-30,0.09000000000000341,0.7631588707008774,0.7077152047052452,0.673158870700874,0.6177152047052418,1,1,1
2,d_spread_Ruonia_Ki,2016-07-31,2016-09-30,-0.12999999999999545,0.6328883070064464,0.696900260091386,0.7628883070064418,0.8269002600913814,1,1,1
2,d_spread_Ruonia_Ki,2016-08-31,2016-10-31,0.5999999999999943,0.6945433420031935,0.7057613656638394,0.09454334200319914,0.10576136566384509,1,1,1
2,d_spread_Ruonia_Ki,2016-09-30,2016-11-30,0.29000000000000625,0.6745238006600005,0.6695210145190046,0.38452380065999425,0.37952101451899833,1,1,1
2,d_spread_Ruonia_Ki,2016-10-31,2016-12-31,1.3299999999999983,0.7070517599005415,0.644925383879446,0.6229482400994568,0.6850746161205523,1,1,1
2,d_spread_Ruonia_Ki,2016-11-30,2017-01-30,0.46999999999999886,0.7165753310671181,0.7083972626821695,0.24657533106711926,0.23839726268217065,1,1,1
2,d_spread_Ruonia_Ki,2016-12-31,2017-02-28,0.3299999999999983,0.679850583175024,0.6868208589579771,0.3498505831750257,0.35682085895797877,1,1,1
2,d_spread_Ruonia_Ki,2017-01-31,2017-03-31,0.20000000000000284,0.756050361801507,0.7469948705108302,0.5560503618015041,0.5469948705108274,1,1,1
2,d_spread_Ruonia_Ki,2017-02-28,2017-04-28,0.769999999999996,0.670905568769694,0.6878378110435143,0.09909443123030204,0.08216218895648175,1,1,1
2,d_spread_Ruonia_Ki,2017-03-31,2017-05-31,0.45999999999999375,0.6940622003158717,0.6811520674711973,0.234062200315878,0.22115206747120353,1,1,1
2,d_spread_Ruonia_Ki,2017-04-30,2017-06-30,0.5799999999999983,0.6988298107863511,0.6703114986809529,0.1188298107863528,0.09031149868095456,1,1,1
2,d_spread_Ruonia_Ki,2017-05-31,2017-07-31,-0.480000000000004,0.6391821248564716,0.70213284416888,1.1191821248564757,1.1821328441688839,1,1,1
2,d_spread_Ruonia_Ki,2017-06-30,2017-08-30,-0.5100000000000051,0.6467827267676485,0.6708732401774332,1.1567827267676536,1.1808732401774384,1,1,1
2,d_spread_Ruonia_Ki,2017-07-31,2017-09-30,-0.14000000000000057,0.6584126923159791,0.6635381906845442,0.7984126923159797,0.8035381906845448,1,1,1
2,d_spread_Ruonia_Ki,2017-08-31,2017-10-31,0.1599999999999966,0.6412212517560391,0.5836767557971743,0.48122125175604247,0.4236767557971777,1,1,1
2,d_spread_Ruonia_Ki,2017-09-30,2017-11-30,0.18000000000000682,0.5203480436037172,0.5637613523169852,0.3403480436037104,0.3837613523169784,1,1,1
2,d_spread_Ruonia_Ki,2017-10-31,2017-12-31,0.4399999999999977,0.5951640509140377,0.5802010931467809,0.15516405091403995,0.1402010931467832,1,1,1
2,d_spread_Ruonia_Ki,2017-11-30,2018-01-30,-0.030000000000001137,0.5986864679005831,0.6036260674525218,0.6286864679005842,0.6336260674525229,1,1,1
2,d_spread_Ruonia_Ki,2017-12-31,2018-02-28,0.3400000000000034,0.5971685180634163,0.5953274021904059,0.2571685180634129,0.2553274021904025,1,1,1
2,d_spread_Ruonia_Ki,2018-01-31,2018-03-31,0.0799999999999983,0.5859514822450045,0.6171202754102683,0.5059514822450062,0.53712027541027,1,1,1
2,d_spread_Ruonia_Ki,2018-02-28,2018-04-28,0.5,0.469585834354061,0.5632289365434707,0.030414165645939018,0.06322893654347073,1,1,1
2,d_spread_Ruonia_Ki,2018-03-31,2018-05-31,0.09000000000000341,0.6147447494255648,0.599860903443618,0.5247447494255614,0.5098609034436146,1,1,1
2,d_spread_Ruonia_Ki,2018-04-30,2018-06-30,0.6400000000000006,0.5716786833260749,0.5661266506113803,0.06832131667392571,0.07387334938862022,1,1,1
2,d_spread_Ruonia_Ki,2018-05-31,2018-07-31,0.12000000000000455,0.5732085308405158,0.6114048836156901,0.45320853084051127,0.4914048836156856,1,1,1
2,d_spread_Ruonia_Ki,2018-06-30,2018-08-30,-0.04999999999999716,0.5684171340249622,0.5626621004651137,0.6184171340249593,0.6126621004651108,1,1,1
2,d_spread_Ruonia_Ki,2018-07-31,2018-09-30,-0.29999999999999716,0.6098402534393015,0.6150627104663069,0.9098402534392986,0.915062710466304,1,1,1
2,d_spread_Ruonia_Ki,2018-08-31,2018-10-31,0.09000000000000341,0.5165370868601276,0.5471986824190319,0.42653708686012415,0.4571986824190285,1,1,1
2,d_spread_Ruonia_Ki,2018-09-30,2018-11-30,0.8700000000000045,0.5293240459848365,0.5202386680908765,0.34067595401516804,0.34976133190912806,1,1,1
2,d_spread_Ruonia_Ki,2018-10-31,2018-12-31,1.0799999999999983,0.5125263663764442,0.4985085991023262,0.5674736336235541,0.5814914008976722,1,1,1
2,d_spread_Ruonia_Ki,2018-11-30,2019-01-30,1.1400000000000006,0.5596289773294391,0.5538003118576067,0.5803710226705615,0.5861996881423939,1,1,1
2,d_spread_Ruonia_Ki,2018-12-31,2019-02-28,0.7099999999999937,0.6280072915479072,0.6380217227785586,0.0819927084520865,0.07197827722143513,1,1,1
2,d_spread_Ruonia_Ki,2019-01-31,2019-03-31,0.5499999999999972,0.6450689060159125,0.6591861083192806,0.09506890601591533,0.10918610831928344,1,1,1
2,d_spread_Ruonia_Ki,2019-02-28,2019-04-28,0.5900000000000034,0.6845648779813689,0.6635129823859784,0.09456487798136548,0.07351298238597503,1,1,1
2,d_spread_Ruonia_Ki,2019-03-31,2019-05-31,0.5300000000000011,0.6942694551275594,0.6214097398209836,0.1642694551275583,0.09140973982098244,1,1,1
2,d_spread_Ruonia_Ki,2019-04-30,2019-06-30,-0.4099999999999966,0.6155474593656071,0.6053109257113513,1.0255474593656038,1.015310925711348,1,1,1
2,d_spread_Ruonia_Ki,2019-05-31,2019-07-31,-0.0799999999999983,0.6450063213995563,0.5999161596342186,0.7250063213995546,0.6799161596342169,1,1,1
2,d_spread_Ruonia_Ki,2019-06-30,2019-08-30,-0.1700000000000017,0.6402754198709847,0.5879796708950245,0.8102754198709864,0.7579796708950262,1,1,1
2,d_spread_Ruonia_Ki,2019-07-31,2019-09-30,-0.3199999999999932,0.4881344484782113,0.48820583263793427,0.8081344484782045,0.8082058326379274,1,1,1
2,d_spread_Ruonia_Ki,2019-08-31,2019-10-31,0.29999999999999716,0.5031737153808665,0.5028159356294178,0.20317371538086937,0.20281593562942068,1,1,1
2,d_spread_Ruonia_Ki,2019-09-30,2019-11-30,0.39000000000000057,0.483873925771436,0.4887009156456939,0.09387392577143544,0.09870091564569333,1,1,1
2,d_spread_Ruonia_Ki,2019-10-31,2019-12-31,0.4099999999999966,0.47412683752421475,0.4689809042289164,0.06412683752421816,0.05898090422891983,1,1,1
2,d_spread_Ruonia_Ki,2019-11-30,2020-01-30,0.5,0.541504501276453,0.5416505604837759,0.041504501276453,0.04165056048377591,1,1,1
2,d_spread_Ruonia_Ki,2019-12-31,2020-02-29,0.4000000000000057,0.5639754416628515,0.5520044318094024,0.16397544166284583,0.1520044318093967,1,1,1
2,d_spread_Ruonia_Ki,2020-01-31,2020-03-31,0.6700000000000017,0.5228916616239866,0.5530174432740718,0.1471083383760151,0.11698255672592994,1,1,1
2,d_spread_Ruonia_Ki,2020-02-29,2020-04-29,1.2999999999999972,0.671625696973004,0.5648516941351283,0.6283743030269932,0.7351483058648689,1,1,1
2,d_spread_Ruonia_Ki,2020-03-31,2020-05-31,0.12000000000000455,0.5776423114882799,0.5591751015639014,0.4576423114882754,0.43917510156389683,1,1,1
2,d_spread_Ruonia_Ki,2020-04-30,2020-06-30,0.010000000000005116,0.5650779119698246,0.5877307837431253,0.5550779119698195,0.5777307837431201,1,1,1
2,d_spread_Ruonia_Ki,2020-05-31,2020-07-31,-0.15000000000000568,0.6514926107587996,0.6581539555531681,0.8014926107588053,0.8081539555531738,1,1,1
2,d_spread_Ruonia_Ki,2020-06-30,2020-08-30,0.10999999999999943,0.44663069859247556,0.515657980138321,0.33663069859247613,0.40565798013832155,1,1,1
2,d_spread_Ruonia_Ki,2020-07-31,2020-09-30,0.12999999999999545,0.43183657487314026,0.49840935156519334,0.3018365748731448,0.3684093515651979,1,1,1
2,d_spread_Ruonia_Ki,2020-08-31,2020-10-31,0.5,0.3827746953884668,0.47468322158516146,0.11722530461153319,0.025316778414838537,1,1,1
2,d_spread_Ruonia_Ki,2020-09-30,2020-11-30,0.7800000000000011,0.4966308079920748,0.5052939355445011,0.2833691920079263,0.27470606445550005,1,1,1
2,d_spread_Ruonia_Ki,2020-10-31,2020-12-31,0.9000000000000057,0.5308047664675668,0.5107713196218668,0.3691952335324389,0.38922868037813885,1,1,1
2,d_spread_Ruonia_Ki,2020-11-30,2021-01-30,0.5999999999999943,0.5165143699433044,0.5561229588941182,0.08348563005668996,0.04387704110587609,1,1,1
2,d_spread_Ruonia_Ki,2020-12-31,2021-02-28,1.0300000000000011,0.4908823077723152,0.5874680952210493,0.5391176922276859,0.4425319047789519,1,1,1
2,d_spread_Ruonia_Ki,2021-01-31,2021-03-31,1.3100000000000023,0.5937801121730717,0.604639517347202,0.7162198878269306,0.7053604826528003,1,1,1
2,d_spread_Ruonia_Ki,2021-02-28,2021-04-28,0.8599999999999994,0.5297626108595916,0.5763782516621955,0.3302373891404078,0.28362174833780396,1,1,1
2,d_spread_Ruonia_Ki,2021-03-31,2021-05-31,0.4099999999999966,0.4325853480081077,0.6285315278718313,0.022585348008111128,0.21853152787183472,1,1,1
2,d_spread_Ruonia_Ki,2021-04-30,2021-06-30,0.5600000000000023,0.6700405994645615,0.6582409312084365,0.11004059946455924,0.09824093120843425,1,1,1
2,d_spread_Ruonia_Ki,2021-05-31,2021-07-31,0.21999999999999886,0.6050934467871791,0.605598286670921,0.38509344678718027,0.3855982866709221,1,1,1
2,d_spread_Ruonia_Ki,2021-06-30,2021-08-30,0.1599999999999966,0.49009194216436724,0.5520465020615334,0.33009194216437066,0.3920465020615368,1,1,1
2,d_spread_Ruonia_Ki,2021-07-31,2021-09-30,0.730000000000004,0.6074878803665011,0.5658956257645206,0.12251211963350284,0.1641043742354834,1,1,1
2,d_spread_Ruonia_Ki,2021-08-31,2021-10-31,0.9200000000000017,0.4916037353550016,0.5287514709007319,0.4283962646450001,0.39124852909926977,1,1,1
2,d_spread_Ruonia_Ki,2021-09-30,2021-11-30,0.8599999999999994,0.6038484324883173,0.5258408471513577,0.2561515675116821,0.3341591528486417,1,1,1
2,d_spread_Ruonia_Ki,2021-10-31,2021-12-31,0.20999999999999375,0.6284467918957325,0.590750214161632,0.41844679189573875,0.38075021416163823,1,1,1
2,d_spread_Ruonia_Ki,2021-11-30,2022-01-30,1.2199999999999989,-1.0047130133283741,0.6082336608027893,2.224713013328373,0.6117663391972096,1,1,1
2,d_spread_Ruonia_Ki,2021-12-31,2022-02-28,0.9399999999999977,0.6288668280698039,0.6070738620181559,0.31113317193019385,0.3329261379818418,1,1,1
2,d_spread_Ruonia_Ki,2022-01-31,2022-03-31,5.549999999999997,0.6709781713224083,0.5370444736104005,4.879021828677589,5.012955526389597,1,1,1
2,d_spread_Ruonia_Ki,2022-02-28,2022-04-28,3.280000000000001,0.8540580194813514,0.664739919713151,2.4259419805186497,2.61526008028685,1,3,1
2,d_spread_Ruonia_Ki,2022-03-31,2022-05-31,0.6800000000000068,0.2524530787475953,0.6700352514015372,0.4275469212524115,0.00996474859846963,1,4,1
2,d_spread_Ruonia_Ki,2022-04-30,2022-06-30,-0.6800000000000068,1.5986052029339355,1.1674428442337395,2.2786052029339423,1.8474428442337463,1,4,1
2,d_spread_Ruonia_Ki,2022-05-31,2022-07-31,-0.769999999999996,-0.12877475769082544,0.6227737699086631,0.6412252423091706,1.392773769908659,1,4,1
2,d_spread_Ruonia_Ki,2022-06-30,2022-08-30,-0.5699999999999932,-3.0400408039941604,0.6127869576455178,2.4700408039941673,1.182786957645511,1,4,1
2,d_spread_Ruonia_Ki,2022-07-31,2022-09-30,0.3299999999999983,-0.662961813127529,0.6607637456720876,0.9929618131275273,0.3307637456720893,1,4,1
2,d_spread_Ruonia_Ki,2022-08-31,2022-10-31,0.6599999999999966,1.3332772640872712,0.6556722802039456,0.6732772640872746,0.004327719796050955,1,4,1
2,d_spread_Ruonia_Ki,2022-09-30,2022-11-30,0.2600000000000051,1.464210145487979,0.6484895132357482,1.204210145487974,0.3884895132357431,1,4,1
2,d_spread_Ruonia_Ki,2022-10-31,2022-12-31,0.5699999999999932,0.607592900186828,0.6116992820890025,0.03759290018683481,0.041699282089009304,1,3,1
2,d_spread_Ruonia_Ki,2022-11-30,2023-01-30,1.1299999999999955,0.796630049442539,0.6009700523725036,0.33336995055745644,0.5290299476274919,1,3,1
2,d_spread_Ruonia_Ki,2022-12-31,2023-02-28,0.75,0.60724510535048,0.6169518402005132,0.14275489464951996,0.1330481597994868,1,3,1
2,d_spread_Ruonia_Ki,2023-01-31,2023-03-31,0.39000000000000057,0.6040029400773981,0.608116322301369,0.2140029400773975,0.21811632230136846,1,3,1
2,d_spread_Ruonia_Ki,2023-02-28,2023-04-28,0.7199999999999989,0.7129201155191466,0.5889450703821391,0.007079884480852283,0.1310549296178598,1,3,1
2,d_spread_Ruonia_Ki,2023-03-31,2023-05-31,-0.25,0.6205466984221558,0.6019294856828399,0.8705466984221558,0.8519294856828399,1,3,1
2,d_spread_Ruonia_Ki,2023-04-30,2023-06-30,0.4300000000000068,0.6527838859041546,0.6079751443141627,0.22278388590414777,0.17797514431415584,1,3,1
2,d_spread_Ruonia_Ki,2023-05-31,2023-07-31,0.5,0.5870473251406615,0.5962737664306332,0.08704732514066149,0.09627376643063323,1,3,1
2,d_spread_Ruonia_Ki,2023-06-30,2023-08-30,-0.06999999999999318,0.4679216358572806,0.6265878032931033,0.5379216358572738,0.6965878032930964,1,3,1
2,d_spread_Ruonia_Ki,2023-07-31,2023-09-30,1.75,0.4915901256575722,0.5994609402012875,1.2584098743424277,1.1505390597987124,1,3,1
2,d_spread_Ruonia_Ki,2023-08-31,2023-10-31,0.45999999999999375,0.7236963237084874,0.6049984606087117,0.2636963237084936,0.1449984606087179,1,3,1
2,d_spread_Ruonia_Ki,2023-09-30,2023-11-30,0.7399999999999949,1.2033642886838105,0.6198759899414523,0.46336428868381563,0.12012401005854256,1,3,1
2,d_spread_Ruonia_Ki,2023-10-31,2023-12-31,0.29000000000000625,0.8475272044067653,0.5692589616148358,0.5575272044067591,0.27925896161482955,1,3,1
2,d_spread_Ruonia_Ki,2023-11-30,2024-01-30,0.8700000000000045,0.5120445256521927,0.6048483373241899,0.35795547434781183,0.2651516626758147,1,3,1
2,d_spread_Ruonia_Ki,2023-12-31,2024-02-29,0.5300000000000011,0.297977590305048,0.5975121198405096,0.23202240969495314,0.06751211984050842,1,3,1
2,d_spread_Ruonia_Ki,2024-01-31,2024-03-31,0.5300000000000011,0.6467006129451814,0.6115922506838951,0.1167006129451803,0.08159225068389397,1,3,1
2,d_spread_Ruonia_Ki,2024-02-29,2024-04-29,0.37999999999999545,0.30814304523895697,0.5924918401626964,0.07185695476103848,0.21249184016270095,1,3,1
2,d_spread_Ruonia_Ki,2024-03-31,2024-05-31,0.9399999999999977,0.5508721075798476,0.6021423830840023,0.3891278924201501,0.3378576169159955,1,3,1
2,d_spread_Ruonia_Ki,2024-04-30,2024-06-30,0.18000000000000682,0.48427615292279175,0.6041525119172924,0.3042761529227849,0.42415251191728554,1,3,1
2,d_spread_Ruonia_Ki,2024-05-31,2024-07-31,1.0699999999999932,0.5666793818727582,0.6065084192461049,0.5033206181272349,0.4634915807538883,1,3,1
2,d_spread_Ruonia_Ki,2024-06-30,2024-08-30,0.09000000000000341,0.6218074641377562,0.5906889046682734,0.5318074641377528,0.50068890466827,1,3,1
2,d_spread_Ruonia_Ki,2024-07-31,2024-09-30,0.6200000000000045,0.5253759904940721,0.6139671872064819,0.09462400950593242,0.006032812793522635,1,3,1
2,d_spread_Ruonia_Ki,2024-08-31,2024-10-31,1.019999999999996,0.943844961316647,0.5827074183324883,0.07615503868334905,0.43729258166750773,1,3,1
2,d_spread_Ruonia_Ki,2024-09-30,2024-11-30,1.5,0.6414212228662619,0.6186328867102214,0.8585787771337381,0.8813671132897786,1,3,1
2,d_spread_Ruonia_Ki,2024-10-31,2024-12-31,0.9099999999999966,0.6938552841822212,0.6060088210023327,0.2161447158177754,0.3039911789976639,1,3,1
2,d_spread_Ruonia_Ki,2024-11-30,2025-01-30,0.8400000000000034,0.3428250461744676,0.592646556436046,0.49717495382553584,0.2473534435639574,1,3,1
2,d_spread_Ruonia_Ki,2024-12-31,2025-02-28,1.3400000000000034,0.968184242511912,0.5768333876309029,0.37181575748809137,0.7631666123691005,1,3,1
2,d_spread_Ruonia_Ki,2025-01-31,2025-03-31,0.8100000000000023,0.5747809342780448,0.6047010802678636,0.2352190657219575,0.20529891973213865,1,3,1
2,d_spread_Ruonia_Ki,2025-02-28,2025-04-28,0.5300000000000011,0.2989967207386402,0.6080755098954871,0.23100327926136094,0.07807550989548595,1,3,1
2,d_spread_Ruonia_Ki,2025-03-31,2025-05-31,-0.06999999999999318,0.5939061466431312,0.592798203085007,0.6639061466431244,0.6627982030850001,1,3,1
2,d_spread_Ruonia_Ki,2025-04-30,2025-06-30,-0.04000000000000625,0.6924889082123719,0.6039831642423158,0.7324889082123781,0.643983164242322,1,3,1
2,d_spread_Ruonia_Ki,2025-05-31,2025-07-31,0.35999999999999943,0.6007323945238762,0.6101721531063841,0.24073239452387674,0.25017215310638463,1,3,1
2,d_spread_Ruonia_Ki,2025-06-30,2025-08-30,-0.5699999999999932,0.46407674085339723,0.629922698383374,1.0340767408533904,1.199922698383367,1,3,1
2,d_spread_Ruonia_Ki,2025-07-31,2025-09-30,1.0,0.6031446947493785,0.617047459186006,0.3968553052506215,0.382952540813994,1,3,1
2,d_spread_Ruonia_Ki,2025-08-31,2025-10-31,0.5300000000000011,0.6475948578234504,0.6088768769937931,0.11759485782344925,0.07887687699379198,1,3,1
2,d_spread_Ruonia_Ki,2025-09-30,2025-11-30,0.15000000000000568,0.47322649710144393,0.6357355142789777,0.32322649710143825,0.485735514278972,1,3,1
2,d_spread_Ruonia_Ki,2025-10-31,2025-12-31,0.29000000000000625,0.4100317343791121,0.5891598840883976,0.12003173437910586,0.29915988408839134,1,3,1
2,d_spread_Ruonia_Ki,2025-11-30,2026-01-30,1.5699999999999932,0.8782589790685732,0.5989006960553657,0.69174102093142,0.9710993039446275,1,3,1
2,d_spread_Ruonia_Ki,2025-12-31,2026-02-28,1.0999999999999943,0.4736877913328477,0.6138615043293512,0.6263122086671467,0.48613849567064316,1,3,1
2,d_spread_Ruonia_Ki,2026-01-31,2026-03-31,0.5400000000000063,0.6252032836487733,0.6134760503271831,0.08520328364876706,0.07347605032717686,1,3,1
2,d_spread_Ruonia_Ki,2026-02-28,2026-04-28,-0.28000000000000114,0.7224363834916818,0.5776101997492135,1.002436383491683,0.8576101997492146,1,3,1
2,d_spread_Ruonia_Ki,2026-03-31,2026-05-31,0.09000000000000341,0.6103591013170796,0.5823712716377472,0.5203591013170762,0.49237127163774375,1,3,1
12,Nonprod,2016-02-29,2017-02-28,0.3299999999999983,0.6380845562507925,0.6775184158052692,0.30808455625079423,0.3475184158052709,1,1,1
12,Nonprod,2016-03-31,2017-03-31,0.20000000000000284,0.6419913421077493,0.6835658376731575,0.4419913421077465,0.48356583767315464,1,1,1
12,Nonprod,2016-04-30,2017-04-30,0.769999999999996,0.7075153358430266,0.6996345246968722,0.062484664156969405,0.07036547530312387,1,1,1
12,Nonprod,2016-05-31,2017-05-31,0.45999999999999375,0.6654284424892295,0.6483634169688176,0.20542844248923575,0.18836341696882386,1,1,1
12,Nonprod,2016-06-30,2017-06-30,0.5799999999999983,0.6610333614376225,0.7018668980559467,0.08103336143762419,0.12186689805594841,1,1,1
12,Nonprod,2016-07-31,2017-07-31,-0.480000000000004,0.6777381654818851,0.6975222905945428,1.1577381654818892,1.1775222905945468,1,1,1
12,Nonprod,2016-08-31,2017-08-31,-0.5100000000000051,0.6382720547912588,0.657205766299899,1.148272054791264,1.167205766299904,1,1,1
12,Nonprod,2016-09-30,2017-09-30,-0.14000000000000057,0.6680479456674467,0.6648436227477981,0.8080479456674473,0.8048436227477986,1,1,1
12,Nonprod,2016-10-31,2017-10-31,0.1599999999999966,0.7164479652940825,0.6536731192692157,0.5564479652940859,0.4936731192692191,1,1,1
12,Nonprod,2016-11-30,2017-11-30,0.18000000000000682,0.616463803184562,0.6230518770758333,0.43646380318455513,0.4430518770758265,1,1,1
12,Nonprod,2016-12-31,2017-12-31,0.4399999999999977,0.6542934008663392,0.6238547859604764,0.21429340086634152,0.18385478596047866,1,1,1
12,Nonprod,2017-01-31,2018-01-31,-0.030000000000001137,0.7626767728550435,0.6013368819838886,0.7926767728550447,0.6313368819838897,1,1,1
12,Nonprod,2017-02-28,2018-02-28,0.3400000000000034,0.6285904002173247,0.6122083619263325,0.2885904002173213,0.27220836192632913,1,1,1
12,Nonprod,2017-03-31,2018-03-31,0.0799999999999983,0.6104783191790695,0.6121857146302826,0.5304783191790712,0.5321857146302843,1,1,1
12,Nonprod,2017-04-30,2018-04-30,0.5,0.6350974475739899,0.606825857631557,0.1350974475739899,0.10682585763155705,1,1,1
12,Nonprod,2017-05-31,2018-05-31,0.09000000000000341,0.5830082402052315,0.5937261231169196,0.49300824020522804,0.5037261231169162,1,1,1
12,Nonprod,2017-06-30,2018-06-30,0.6400000000000006,0.5699879509339024,0.5942509850043916,0.07001204906609815,0.045749014995609016,1,1,1
12,Nonprod,2017-07-31,2018-07-31,0.12000000000000455,0.5280227190939928,0.5923717390781714,0.40802271909398824,0.4723717390781669,1,1,1
12,Nonprod,2017-08-31,2018-08-31,-0.04999999999999716,0.6203088265690911,0.6071376673579644,0.6703088265690883,0.6571376673579615,1,1,1
12,Nonprod,2017-09-30,2018-09-30,-0.29999999999999716,0.6114510086062922,0.5799192703079834,0.9114510086062894,0.8799192703079806,1,1,1
12,Nonprod,2017-10-31,2018-10-31,0.09000000000000341,0.5519164237460483,0.5510542647212309,0.4619164237460449,0.46105426472122746,1,1,1
12,Nonprod,2017-11-30,2018-11-30,0.8700000000000045,0.5360236264400523,0.5480531721064561,0.33397637355995224,0.32194682789354845,1,1,1
12,Nonprod,2017-12-31,2018-12-31,1.0799999999999983,0.49263330343803746,0.5537430562510188,0.5873666965619608,0.5262569437489795,1,1,1
12,Nonprod,2018-01-31,2019-01-31,1.1400000000000006,0.5194044367609609,0.5669188496794575,0.6205955632390396,0.5730811503205431,1,1,1
12,Nonprod,2018-02-28,2019-02-28,0.7099999999999937,0.5556593027216536,0.5656707098057212,0.1543406972783401,0.14432929019427254,1,1,1
12,Nonprod,2018-03-31,2019-03-31,0.5499999999999972,0.5634664751742117,0.5739736435877265,0.01346647517421451,0.023973643587729354,1,1,1
12,Nonprod,2018-04-30,2019-04-30,0.5900000000000034,0.558654296198928,0.5698370770736823,0.031345703801075375,0.02016292292632116,1,1,1
12,Nonprod,2018-05-31,2019-05-31,0.5300000000000011,0.571038123614225,0.5762836659280272,0.041038123614223876,0.04628366592802602,1,1,1
12,Nonprod,2018-06-30,2019-06-30,-0.4099999999999966,0.582472561264509,0.5697780174639173,0.9924725612645056,0.9797780174639139,1,1,1
12,Nonprod,2018-07-31,2019-07-31,-0.0799999999999983,0.5625122650577835,0.5681088460173089,0.6425122650577818,0.6481088460173072,1,1,1
12,Nonprod,2018-08-31,2019-08-31,-0.1700000000000017,0.5414557983582596,0.548415815643284,0.7114557983582613,0.7184158156432857,1,1,1
12,Nonprod,2018-09-30,2019-09-30,-0.3199999999999932,0.5257559783190657,0.5319451941139589,0.8457559783190589,0.8519451941139521,1,1,1
12,Nonprod,2018-10-31,2019-10-31,0.29999999999999716,0.5080540699267021,0.5047454554257889,0.20805406992670494,0.2047454554257917,1,1,1
12,Nonprod,2018-11-30,2019-11-30,0.39000000000000057,0.5082431519844723,0.518230261835314,0.11824315198447177,0.12823026183531339,1,1,1
12,Nonprod,2018-12-31,2019-12-31,0.4099999999999966,0.5378310619535163,0.5550184460305086,0.12783106195351968,0.14501844603051206,1,1,1
12,Nonprod,2019-01-31,2020-01-31,0.5,0.5345542454490105,0.5637594938382962,0.034554245449010534,0.06375949383829616,1,1,1
12,Nonprod,2019-02-28,2020-02-28,0.4000000000000057,0.5405871901261033,0.5658160415988605,0.14058719012609766,0.16581604159885477,1,1,1
12,Nonprod,2019-03-31,2020-03-31,0.6700000000000017,0.5266965609008859,0.5433755005855906,0.1433034390991158,0.12662449941441112,1,1,1
12,Nonprod,2019-04-30,2020-04-30,1.2999999999999972,0.5182097556397954,0.5370347376779183,0.7817902443602017,0.7629652623220788,1,1,1
12,Nonprod,2019-05-31,2020-05-31,0.12000000000000455,0.5381851513644949,0.5458316954691835,0.4181851513644903,0.425831695469179,1,1,1
12,Nonprod,2019-06-30,2020-06-30,0.010000000000005116,0.5296976873642335,0.5392523861322323,0.5196976873642284,0.5292523861322271,1,1,1
12,Nonprod,2019-07-31,2020-07-31,-0.15000000000000568,0.4946230543114105,0.49021985912205884,0.6446230543114162,0.6402198591220645,1,1,1
12,Nonprod,2019-08-31,2020-08-31,0.10999999999999943,0.48461762531265534,0.4914859826850598,0.3746176253126559,0.38148598268506034,1,1,1
12,Nonprod,2019-09-30,2020-09-30,0.12999999999999545,0.48209094306213623,0.47896456992690717,0.3520909430621408,0.3489645699269117,1,1,1
12,Nonprod,2019-10-31,2020-10-31,0.5,0.46924621012377976,0.4616832247338599,0.03075378987622024,0.03831677526614008,1,1,1
12,Nonprod,2019-11-30,2020-11-30,0.7800000000000011,0.5116951174886616,0.5051959753641949,0.26830488251133955,0.2748040246358062,1,1,1
12,Nonprod,2019-12-31,2020-12-31,0.9000000000000057,0.5122485746892321,0.5140121893752373,0.38775142531077356,0.3859878106247684,1,1,1
12,Nonprod,2020-01-31,2021-01-31,0.5999999999999943,0.5045546178925313,0.5188636674495114,0.095445382107463,0.08113633255048291,1,1,1
12,Nonprod,2020-02-29,2021-02-28,1.0300000000000011,0.5115289618264137,0.525487775469787,0.5184710381735874,0.5045122245302142,1,1,1
12,Nonprod,2020-03-31,2021-03-31,1.3100000000000023,0.5105578359217731,0.5232643647405101,0.7994421640782292,0.7867356352594922,1,1,1
12,Nonprod,2020-04-30,2021-04-30,0.8599999999999994,0.5360021895884527,0.5469684177206994,0.32399781041154674,0.31303158227930006,1,1,1
12,Nonprod,2020-05-31,2021-05-31,0.4099999999999966,0.5777506562069743,0.5888873841977269,0.1677506562069777,0.17888738419773031,1,1,1
12,Nonprod,2020-06-30,2021-06-30,0.5600000000000023,0.5157922342760186,0.5148342424389047,0.04420776572398366,0.04516575756109753,1,1,1
12,Nonprod,2020-07-31,2021-07-31,0.21999999999999886,0.513691333681261,0.5087959587817958,0.2936913336812621,0.288795958781797,1,1,1
12,Nonprod,2020-08-31,2021-08-31,0.1599999999999966,0.49640462447042144,0.49474990901344523,0.33640462447042485,0.33474990901344864,1,1,1
12,Nonprod,2020-09-30,2021-09-30,0.730000000000004,0.5062423100523535,0.5064022222006314,0.22375768994765044,0.22359777779937262,1,1,1
12,Nonprod,2020-10-31,2021-10-31,0.9200000000000017,0.5146068517220607,0.5103127739541641,0.40539314827794104,0.4096872260458376,1,1,1
12,Nonprod,2020-11-30,2021-11-30,0.8599999999999994,0.5335062679182353,0.5378672958840169,0.32649373208176413,0.3221327041159825,1,1,1
12,Nonprod,2020-12-31,2021-12-31,0.20999999999999375,0.5529293116114083,0.5576368507347792,0.3429293116114146,0.34763685073478545,1,1,1
12,Nonprod,2021-01-31,2022-01-31,1.2199999999999989,0.5545668082100896,0.5619826820593894,0.6654331917899092,0.6580173179406095,1,1,1
12,Nonprod,2021-02-28,2022-02-28,0.9399999999999977,0.5452563517395862,0.5489204423206158,0.39474364826041153,0.39107955767938196,1,1,1
12,Nonprod,2021-03-31,2022-03-31,5.549999999999997,0.5778763175816316,0.5794785090184013,4.972123682418365,4.970521490981596,1,1,1
12,Nonprod,2021-04-30,2022-04-30,3.280000000000001,0.6689207705811977,0.6625311257249904,2.611079229418803,2.6174688742750107,1,1,1
12,Nonprod,2021-05-31,2022-05-31,0.6800000000000068,0.6559646754362533,0.6445259056205709,0.02403532456375357,0.03547409437943594,1,1,1
12,Nonprod,2021-06-30,2022-06-30,-0.6800000000000068,0.5843964683118733,0.5839772595752977,1.26439646831188,1.2639772595753045,1,1,1
12,Nonprod,2021-07-31,2022-07-31,-0.769999999999996,0.6029723333983973,0.5949252418909107,1.3729723333983932,1.3649252418909068,1,1,1
12,Nonprod,2021-08-31,2022-08-31,-0.5699999999999932,0.526716410118417,0.5374987706755312,1.0967164101184101,1.1074987706755244,1,1,1
12,Nonprod,2021-09-30,2022-09-30,0.3299999999999983,0.4769875981264536,0.5182026502516003,0.1469875981264553,0.188202650251602,1,1,1
12,Nonprod,2021-10-31,2022-10-31,0.6599999999999966,0.6005513655342347,0.6006586453901919,0.059448634465761874,0.05934135460980472,1,1,1
12,Nonprod,2021-11-30,2022-11-30,0.2600000000000051,0.6358973846912199,0.629253281710497,0.3758973846912148,0.3692532817104919,1,1,1
12,Nonprod,2021-12-31,2022-12-31,0.5699999999999932,0.6449464714961032,0.6171896043148564,0.07494647149611,0.04718960431486319,1,1,1
12,Nonprod,2022-01-31,2023-01-31,1.1299999999999955,0.5330348472207921,0.5219919873366844,0.5969651527792034,0.6080080126633111,1,1,1
12,Nonprod,2022-02-28,2023-02-28,0.75,0.6897116914526742,0.6710822615336419,0.06028830854732581,0.07891773846635808,1,1,1
12,Nonprod,2022-03-31,2023-03-31,0.39000000000000057,0.6425088597227111,0.6321594657865774,0.25250885972271053,0.24215946578657688,1,1,1
12,Nonprod,2022-04-30,2023-04-30,0.7199999999999989,1.0874543113747144,1.281966225050405,0.3674543113747155,0.561966225050406,1,1,1
12,Nonprod,2022-05-31,2023-05-31,-0.25,0.9141224853688377,0.8697472848579753,1.1641224853688377,1.1197472848579753,1,1,1
12,Nonprod,2022-06-30,2023-06-30,0.4300000000000068,0.545579967538727,0.578899101525811,0.11557996753872013,0.1488991015258042,1,1,1
12,Nonprod,2022-07-31,2023-07-31,0.5,0.45178480711454044,0.474498799395095,0.04821519288545956,0.025501200604905017,1,1,1
12,Nonprod,2022-08-31,2023-08-31,-0.06999999999999318,0.48325221087922904,0.46833413589598394,0.5532522108792222,0.5383341358959771,1,1,1
12,Nonprod,2022-09-30,2023-09-30,1.75,0.4267074386827023,0.470418195238393,1.3232925613172977,1.279581804761607,1,1,1
12,Nonprod,2022-10-31,2023-10-31,0.45999999999999375,0.5388379371311955,0.5586276635409921,0.0788379371312018,0.09862766354099839,1,1,1
12,Nonprod,2022-11-30,2023-11-30,0.7399999999999949,0.5804889839117868,0.5803671144224136,0.15951101608820806,0.15963288557758126,1,1,1
12,Nonprod,2022-12-31,2023-12-31,0.29000000000000625,0.5567894738482133,0.55414403246036,0.26678947384820706,0.2641440324603538,1,1,1
12,Nonprod,2023-01-31,2024-01-31,0.8700000000000045,0.5992537715053191,0.5735256525949551,0.27074622849468544,0.2964743474050494,1,1,1
12,Nonprod,2023-02-28,2024-02-28,0.5300000000000011,0.6411386275018353,0.6140678703652726,0.11113862750183412,0.08406787036527141,1,1,1
12,Nonprod,2023-03-31,2024-03-31,0.5300000000000011,0.6086491908260167,0.5872560196352569,0.07864919082601551,0.05725601963525573,1,1,1
12,Nonprod,2023-04-30,2024-04-30,0.37999999999999545,0.5742397447626754,0.5622347117277744,0.1942397447626799,0.18223471172777894,1,1,1
12,Nonprod,2023-05-31,2024-05-31,0.9399999999999977,0.5949127816197859,0.5837272859663156,0.34508721838021184,0.3562727140336821,1,1,1
12,Nonprod,2023-06-30,2024-06-30,0.18000000000000682,0.48704263440656614,0.5187973954990533,0.3070426344065593,0.3387973954990465,1,1,1
12,Nonprod,2023-07-31,2024-07-31,1.0699999999999932,0.567402080469503,0.5632544540556778,0.5025979195304902,0.5067455459443154,1,1,1
12,Nonprod,2023-08-31,2024-08-31,0.09000000000000341,0.5631865634230236,0.5715453397194779,0.47318656342302023,0.48154533971947444,1,1,1
12,Nonprod,2023-09-30,2024-09-30,0.6200000000000045,0.49738477802695963,0.5275635960195248,0.12261522197304492,0.0924364039804797,1,1,1
12,Nonprod,2023-10-31,2024-10-31,1.019999999999996,0.649933382471581,0.6582068329592956,0.3700666175284151,0.3617931670407004,1,1,1
12,Nonprod,2023-11-30,2024-11-30,1.5,0.5822794672051478,0.5678723884316889,0.9177205327948522,0.9321276115683111,1,1,1
12,Nonprod,2023-12-31,2024-12-31,0.9099999999999966,0.6187249057066899,0.5944110901223224,0.29127509429330667,0.3155889098776742,1,1,1
12,Nonprod,2024-01-31,2025-01-31,0.8400000000000034,0.5795371422722592,0.562891474280683,0.26046285772774425,0.27710852571932043,1,1,1
12,Nonprod,2024-02-29,2025-02-28,1.3400000000000034,0.6391551049444885,0.6074365314144947,0.700844895055515,0.7325634685855087,1,1,1
12,Nonprod,2024-03-31,2025-03-31,0.8100000000000023,0.6150120362934516,0.5866374703737641,0.1949879637065507,0.22336252962623815,1,1,1
12,Nonprod,2024-04-30,2025-04-30,0.5300000000000011,0.6373167905841153,0.5879663954552135,0.10731679058411414,0.057966395455212316,1,1,1
12,Nonprod,2024-05-31,2025-05-31,-0.06999999999999318,0.5793577308590746,0.576339891647137,0.6493577308590678,0.6463398916471301,1,1,1
12,Nonprod,2024-06-30,2025-06-30,-0.04000000000000625,0.6414865388364466,0.6152004710552695,0.6814865388364528,0.6552004710552758,1,1,1
12,Nonprod,2024-07-31,2025-07-31,0.35999999999999943,0.5759602617007288,0.5540393893578929,0.21596026170072935,0.19403938935789344,1,1,1
12,Nonprod,2024-08-31,2025-08-31,-0.5699999999999932,0.6152338943480341,0.619667661341688,1.1852338943480274,1.1896676613416812,1,1,1
12,Nonprod,2024-09-30,2025-09-30,1.0,0.5285987520928752,0.541824270493023,0.4714012479071248,0.45817572950697705,1,1,1
12,Nonprod,2024-10-31,2025-10-31,0.5300000000000011,0.5667592372519543,0.5814758855881563,0.03675923725195318,0.05147588558815519,1,1,1
12,Nonprod,2024-11-30,2025-11-30,0.15000000000000568,0.6199918073416288,0.6082152467599795,0.46999180734162316,0.4582152467599738,1,1,1
12,Nonprod,2024-12-31,2025-12-31,0.29000000000000625,0.6789856661329103,0.6364224718787628,0.3889856661329041,0.3464224718787565,1,1,1
12,Nonprod,2025-01-31,2026-01-31,1.5699999999999932,0.6096681156047019,0.5948292815723799,0.9603318843952913,0.9751707184276133,1,1,1
12,Nonprod,2025-02-28,2026-02-28,1.0999999999999943,0.6128419453867925,0.5964817218914688,0.48715805461320183,0.5035182781085256,1,1,1
12,Nonprod,2025-03-31,2026-03-31,0.5400000000000063,0.6633866874527318,0.6328030536927174,0.12338668745272552,0.09280305369271113,1,1,1
12,Nonprod,2025-04-30,2026-04-30,-0.28000000000000114,0.6188369813103571,0.5968758048804611,0.8988369813103583,0.8768758048804622,1,1,1
12,Nonprod,2025-05-31,2026-05-31,0.09000000000000341,0.5978409263969273,0.5737706793352909,0.5078409263969239,0.4837706793352875,1,1,1
12,Prod,2016-02-29,2017-02-28,0.3299999999999983,0.7565565180304105,0.6775184158052692,0.42655651803041217,0.3475184158052709,1,1,1
12,Prod,2016-03-31,2017-03-31,0.20000000000000284,0.7230828477022828,0.6835658376731575,0.52308284770228,0.48356583767315464,1,1,1
12,Prod,2016-04-30,2017-04-30,0.769999999999996,0.7106271487804999,0.6996345246968722,0.05937285121949609,0.07036547530312387,1,1,1
12,Prod,2016-05-31,2017-05-31,0.45999999999999375,0.6561491579249326,0.6483634169688176,0.1961491579249388,0.18836341696882386,1,1,1
12,Prod,2016-06-30,2017-06-30,0.5799999999999983,0.7070812276000299,0.7018668980559467,0.1270812276000316,0.12186689805594841,1,1,1
12,Prod,2016-07-31,2017-07-31,-0.480000000000004,0.6891457044782339,0.6975222905945428,1.1691457044782378,1.1775222905945468,1,1,1
12,Prod,2016-08-31,2017-08-31,-0.5100000000000051,0.6172725833530612,0.657205766299899,1.1272725833530663,1.167205766299904,1,1,1
12,Prod,2016-09-30,2017-09-30,-0.14000000000000057,0.6555865843149938,0.6648436227477981,0.7955865843149944,0.8048436227477986,1,1,1
12,Prod,2016-10-31,2017-10-31,0.1599999999999966,0.7015821763721987,0.6536731192692157,0.5415821763722021,0.4936731192692191,1,1,1
12,Prod,2016-11-30,2017-11-30,0.18000000000000682,0.674030273837274,0.6230518770758333,0.49403027383726716,0.4430518770758265,1,1,1
12,Prod,2016-12-31,2017-12-31,0.4399999999999977,0.648231135944479,0.6238547859604764,0.20823113594448128,0.18385478596047866,1,1,1
12,Prod,2017-01-31,2018-01-31,-0.030000000000001137,0.5069399115833535,0.6013368819838886,0.5369399115833546,0.6313368819838897,1,1,1
12,Prod,2017-02-28,2018-02-28,0.3400000000000034,0.6314299399957881,0.6122083619263325,0.2914299399957847,0.27220836192632913,1,1,1
12,Prod,2017-03-31,2018-03-31,0.0799999999999983,0.5983684490674583,0.6121857146302826,0.51836844906746,0.5321857146302843,1,1,1
12,Prod,2017-04-30,2018-04-30,0.5,0.6224419757277058,0.606825857631557,0.12244197572770577,0.10682585763155705,1,1,1
12,Prod,2017-05-31,2018-05-31,0.09000000000000341,0.6249575355634284,0.5937261231169196,0.534957535563425,0.5037261231169162,1,1,1
12,Prod,2017-06-30,2018-06-30,0.6400000000000006,0.6405201160996337,0.5942509850043916,0.0005201160996330945,0.045749014995609016,1,1,1
12,Prod,2017-07-31,2018-07-31,0.12000000000000455,0.6238420485669125,0.5923717390781714,0.503842048566908,0.4723717390781669,1,1,1
12,Prod,2017-08-31,2018-08-31,-0.04999999999999716,0.540990678536292,0.6071376673579644,0.5909906785362892,0.6571376673579615,1,1,1
12,Prod,2017-09-30,2018-09-30,-0.29999999999999716,0.4975563964255319,0.5799192703079834,0.797556396425529,0.8799192703079806,1,1,1
12,Prod,2017-10-31,2018-10-31,0.09000000000000341,0.6278665042931444,0.5510542647212309,0.537866504293141,0.46105426472122746,1,1,1
12,Prod,2017-11-30,2018-11-30,0.8700000000000045,0.6253924882267117,0.5480531721064561,0.24460751177329287,0.32194682789354845,1,1,1
12,Prod,2017-12-31,2018-12-31,1.0799999999999983,0.6486255575236889,0.5537430562510188,0.4313744424763094,0.5262569437489795,1,1,1
12,Prod,2018-01-31,2019-01-31,1.1400000000000006,0.7065933171609844,0.5669188496794575,0.4334066828390162,0.5730811503205431,1,1,1
12,Prod,2018-02-28,2019-02-28,0.7099999999999937,0.6154007323548368,0.5656707098057212,0.09459926764515691,0.14432929019427254,1,1,1
12,Prod,2018-03-31,2019-03-31,0.5499999999999972,0.6436910550442366,0.5739736435877265,0.09369105504423947,0.023973643587729354,1,1,1
12,Prod,2018-04-30,2019-04-30,0.5900000000000034,0.6380678108128276,0.5698370770736823,0.048067810812824185,0.02016292292632116,1,1,1
12,Prod,2018-05-31,2019-05-31,0.5300000000000011,0.5848245270267403,0.5762836659280272,0.05482452702673912,0.04628366592802602,1,1,1
12,Prod,2018-06-30,2019-06-30,-0.4099999999999966,0.5500352099657347,0.5697780174639173,0.9600352099657313,0.9797780174639139,1,1,1
12,Prod,2018-07-31,2019-07-31,-0.0799999999999983,0.6434649620363948,0.5681088460173089,0.7234649620363931,0.6481088460173072,1,1,1
12,Prod,2018-08-31,2019-08-31,-0.1700000000000017,0.4912495841002799,0.548415815643284,0.6612495841002817,0.7184158156432857,1,1,1
12,Prod,2018-09-30,2019-09-30,-0.3199999999999932,0.5386558097978197,0.5319451941139589,0.8586558097978129,0.8519451941139521,1,1,1
12,Prod,2018-10-31,2019-10-31,0.29999999999999716,0.5853651103064631,0.5047454554257889,0.28536511030646594,0.2047454554257917,1,1,1
12,Prod,2018-11-30,2019-11-30,0.39000000000000057,0.5694841494458222,0.518230261835314,0.17948414944582158,0.12823026183531339,1,1,1
12,Prod,2018-12-31,2019-12-31,0.4099999999999966,0.6585118752144716,0.5550184460305086,0.24851187521447504,0.14501844603051206,1,1,1
12,Prod,2019-01-31,2020-01-31,0.5,0.6717356170144997,0.5637594938382962,0.1717356170144997,0.06375949383829616,1,1,1
12,Prod,2019-02-28,2020-02-28,0.4000000000000057,0.6116582306780739,0.5658160415988605,0.21165823067806822,0.16581604159885477,1,1,1
12,Prod,2019-03-31,2020-03-31,0.6700000000000017,0.49639937151184893,0.5433755005855906,0.17360062848815278,0.12662449941441112,1,1,1
12,Prod,2019-04-30,2020-04-30,1.2999999999999972,0.6027748072362455,0.5370347376779183,0.6972251927637516,0.7629652623220788,1,1,1
12,Prod,2019-05-31,2020-05-31,0.12000000000000455,0.5615830085559652,0.5458316954691835,0.44158300855596067,0.425831695469179,1,1,1
12,Prod,2019-06-30,2020-06-30,0.010000000000005116,0.568597974348377,0.5392523861322323,0.5585979743483719,0.5292523861322271,1,1,1
12,Prod,2019-07-31,2020-07-31,-0.15000000000000568,0.4622248258774953,0.49021985912205884,0.6122248258775009,0.6402198591220645,1,1,1
12,Prod,2019-08-31,2020-08-31,0.10999999999999943,0.4849828288524858,0.4914859826850598,0.37498282885248635,0.38148598268506034,1,1,1
12,Prod,2019-09-30,2020-09-30,0.12999999999999545,0.47290936700405745,0.47896456992690717,0.342909367004062,0.3489645699269117,1,1,1
12,Prod,2019-10-31,2020-10-31,0.5,0.5305684381479442,0.4616832247338599,0.030568438147944188,0.03831677526614008,1,1,1
12,Prod,2019-11-30,2020-11-30,0.7800000000000011,0.5370901761248595,0.5051959753641949,0.2429098238751416,0.2748040246358062,1,1,1
12,Prod,2019-12-31,2020-12-31,0.9000000000000057,0.5325730415435558,0.5140121893752373,0.3674269584564499,0.3859878106247684,1,1,1
12,Prod,2020-01-31,2021-01-31,0.5999999999999943,0.6007155540056898,0.5188636674495114,0.0007155540056954512,0.08113633255048291,1,1,1
12,Prod,2020-02-29,2021-02-28,1.0300000000000011,0.6317328258502475,0.525487775469787,0.39826717414975366,0.5045122245302142,1,1,1
12,Prod,2020-03-31,2021-03-31,1.3100000000000023,0.5594473418632101,0.5232643647405101,0.7505526581367922,0.7867356352594922,1,1,1
12,Prod,2020-04-30,2021-04-30,0.8599999999999994,0.6590751619319687,0.5469684177206994,0.20092483806803074,0.31303158227930006,1,1,1
12,Prod,2020-05-31,2021-05-31,0.4099999999999966,0.7245560577582858,0.5888873841977269,0.3145560577582892,0.17888738419773031,1,1,1
12,Prod,2020-06-30,2021-06-30,0.5600000000000023,0.5192789516621866,0.5148342424389047,0.040721048337815646,0.04516575756109753,1,1,1
12,Prod,2020-07-31,2021-07-31,0.21999999999999886,0.5078645049750512,0.5087959587817958,0.28786450497505234,0.288795958781797,1,1,1
12,Prod,2020-08-31,2021-08-31,0.1599999999999966,0.4690753754056353,0.49474990901344523,0.30907537540563873,0.33474990901344864,1,1,1
12,Prod,2020-09-30,2021-09-30,0.730000000000004,0.4663586162972367,0.5064022222006314,0.2636413837027673,0.22359777779937262,1,1,1
12,Prod,2020-10-31,2021-10-31,0.9200000000000017,0.5429609418864185,0.5103127739541641,0.3770390581135832,0.4096872260458376,1,1,1
12,Prod,2020-11-30,2021-11-30,0.8599999999999994,0.6113129803337632,0.5378672958840169,0.2486870196662362,0.3221327041159825,1,1,1
12,Prod,2020-12-31,2021-12-31,0.20999999999999375,0.6391554387392658,0.5576368507347792,0.4291554387392721,0.34763685073478545,1,1,1
12,Prod,2021-01-31,2022-01-31,1.2199999999999989,0.6373838162367873,0.5619826820593894,0.5826161837632116,0.6580173179406095,1,1,1
12,Prod,2021-02-28,2022-02-28,0.9399999999999977,0.6323236439593315,0.5489204423206158,0.30767635604066623,0.39107955767938196,1,1,1
12,Prod,2021-03-31,2022-03-31,5.549999999999997,0.5889520474669668,0.5794785090184013,4.96104795253303,4.970521490981596,1,1,1
12,Prod,2021-04-30,2022-04-30,3.280000000000001,0.6929745937313214,0.6625311257249904,2.5870254062686797,2.6174688742750107,1,1,1
12,Prod,2021-05-31,2022-05-31,0.6800000000000068,0.6718053600350856,0.6445259056205709,0.008194639964921202,0.03547409437943594,1,1,1
12,Prod,2021-06-30,2022-06-30,-0.6800000000000068,0.6172302648701511,0.5839772595752977,1.297230264870158,1.2639772595753045,1,1,1
12,Prod,2021-07-31,2022-07-31,-0.769999999999996,0.5929869000073393,0.5949252418909107,1.3629869000073354,1.3649252418909068,1,1,1
12,Prod,2021-08-31,2022-08-31,-0.5699999999999932,0.4306802005471162,0.5374987706755312,1.0006802005471094,1.1074987706755244,1,1,1
12,Prod,2021-09-30,2022-09-30,0.3299999999999983,0.31659271952321116,0.5182026502516003,0.013407280476787131,0.188202650251602,1,1,1
12,Prod,2021-10-31,2022-10-31,0.6599999999999966,0.7377774544951771,0.6006586453901919,0.07777745449518048,0.05934135460980472,1,1,1
12,Prod,2021-11-30,2022-11-30,0.2600000000000051,0.6956412693413287,0.629253281710497,0.43564126934132363,0.3692532817104919,1,1,1
12,Prod,2021-12-31,2022-12-31,0.5699999999999932,0.6736671644586161,0.6171896043148564,0.1036671644586229,0.04718960431486319,1,1,1
12,Prod,2022-01-31,2023-01-31,1.1299999999999955,0.5786935350376865,0.5219919873366844,0.551306464962309,0.6080080126633111,1,1,1
12,Prod,2022-02-28,2023-02-28,0.75,0.7488655107841289,0.6710822615336419,0.001134489215871115,0.07891773846635808,1,1,1
12,Prod,2022-03-31,2023-03-31,0.39000000000000057,0.6509144699003852,0.6321594657865774,0.2609144699003846,0.24215946578657688,1,1,1
12,Prod,2022-04-30,2023-04-30,0.7199999999999989,0.7984401614783706,1.281966225050405,0.07844016147837174,0.561966225050406,1,1,1
12,Prod,2022-05-31,2023-05-31,-0.25,0.9313819152013224,0.8697472848579753,1.1813819152013223,1.1197472848579753,1,1,1
12,Prod,2022-06-30,2023-06-30,0.4300000000000068,0.5071717483110062,0.578899101525811,0.07717174831099938,0.1488991015258042,1,1,1
12,Prod,2022-07-31,2023-07-31,0.5,0.4549118916043089,0.474498799395095,0.04508810839569111,0.025501200604905017,1,1,1
12,Prod,2022-08-31,2023-08-31,-0.06999999999999318,0.3009819254614101,0.46833413589598394,0.3709819254614033,0.5383341358959771,1,1,1
12,Prod,2022-09-30,2023-09-30,1.75,0.45563907826003763,0.470418195238393,1.2943609217399623,1.279581804761607,1,1,1
12,Prod,2022-10-31,2023-10-31,0.45999999999999375,0.5084752478221878,0.5586276635409921,0.048475247822194034,0.09862766354099839,1,1,1
12,Prod,2022-11-30,2023-11-30,0.7399999999999949,0.5796634788085326,0.5803671144224136,0.16033652119146224,0.15963288557758126,1,1,1
12,Prod,2022-12-31,2023-12-31,0.29000000000000625,0.5550422516826115,0.55414403246036,0.2650422516826052,0.2641440324603538,1,1,1
12,Prod,2023-01-31,2024-01-31,0.8700000000000045,0.5010435210920849,0.5735256525949551,0.3689564789079196,0.2964743474050494,1,1,1
12,Prod,2023-02-28,2024-02-28,0.5300000000000011,0.6318048949664661,0.6140678703652726,0.10180489496646494,0.08406787036527141,1,1,1
12,Prod,2023-03-31,2024-03-31,0.5300000000000011,0.6848734370202925,0.5872560196352569,0.15487343702029133,0.05725601963525573,1,1,1
12,Prod,2023-04-30,2024-04-30,0.37999999999999545,0.5659420580372554,0.5622347117277744,0.18594205803725994,0.18223471172777894,1,1,1
12,Prod,2023-05-31,2024-05-31,0.9399999999999977,0.6591247178057222,0.5837272859663156,0.2808752821942755,0.3562727140336821,1,1,1
12,Prod,2023-06-30,2024-06-30,0.18000000000000682,0.40851569768251006,0.5187973954990533,0.22851569768250324,0.3387973954990465,1,1,1
12,Prod,2023-07-31,2024-07-31,1.0699999999999932,0.5348866314420697,0.5632544540556778,0.5351133685579235,0.5067455459443154,1,1,1
12,Prod,2023-08-31,2024-08-31,0.09000000000000341,0.5599841573428761,0.5715453397194779,0.4699841573428727,0.48154533971947444,1,1,1
12,Prod,2023-09-30,2024-09-30,0.6200000000000045,0.4544762901671319,0.5275635960195248,0.16552370983287262,0.0924364039804797,1,1,1
12,Prod,2023-10-31,2024-10-31,1.019999999999996,0.6491149246727403,0.6582068329592956,0.3708850753272557,0.3617931670407004,1,1,1
12,Prod,2023-11-30,2024-11-30,1.5,0.6280029383873115,0.5678723884316889,0.8719970616126885,0.9321276115683111,1,1,1
12,Prod,2023-12-31,2024-12-31,0.9099999999999966,0.626195719930458,0.5944110901223224,0.2838042800695386,0.3155889098776742,1,1,1
12,Prod,2024-01-31,2025-01-31,0.8400000000000034,0.6835725163774012,0.562891474280683,0.15642748362260217,0.27710852571932043,1,1,1
12,Prod,2024-02-29,2025-02-28,1.3400000000000034,0.6452985610120129,0.6074365314144947,0.6947014389879905,0.7325634685855087,1,1,1
12,Prod,2024-03-31,2025-03-31,0.8100000000000023,0.6404166240159697,0.5866374703737641,0.1695833759840326,0.22336252962623815,1,1,1
12,Prod,2024-04-30,2025-04-30,0.5300000000000011,0.6935825482761847,0.5879663954552135,0.16358254827618357,0.057966395455212316,1,1,1
12,Prod,2024-05-31,2025-05-31,-0.06999999999999318,0.5819986749774657,0.576339891647137,0.6519986749774589,0.6463398916471301,1,1,1
12,Prod,2024-06-30,2025-06-30,-0.04000000000000625,0.6728116557548175,0.6152004710552695,0.7128116557548237,0.6552004710552758,1,1,1
12,Prod,2024-07-31,2025-07-31,0.35999999999999943,0.6097393493496267,0.5540393893578929,0.24973934934962727,0.19403938935789344,1,1,1
12,Prod,2024-08-31,2025-08-31,-0.5699999999999932,0.3773617223317117,0.619667661341688,0.9473617223317049,1.1896676613416812,1,1,1
12,Prod,2024-09-30,2025-09-30,1.0,0.4836714338314879,0.541824270493023,0.5163285661685121,0.45817572950697705,1,1,1
12,Prod,2024-10-31,2025-10-31,0.5300000000000011,0.5260247124474734,0.5814758855881563,0.00397528755252774,0.05147588558815519,1,1,1
12,Prod,2024-11-30,2025-11-30,0.15000000000000568,0.6764968125994528,0.6082152467599795,0.5264968125994471,0.4582152467599738,1,1,1
12,Prod,2024-12-31,2025-12-31,0.29000000000000625,0.7090107293526017,0.6364224718787628,0.4190107293525954,0.3464224718787565,1,1,1
12,Prod,2025-01-31,2026-01-31,1.5699999999999932,0.7669817255109049,0.5948292815723799,0.8030182744890882,0.9751707184276133,1,1,1
12,Prod,2025-02-28,2026-02-28,1.0999999999999943,0.5822447934336814,0.5964817218914688,0.5177552065663129,0.5035182781085256,1,1,1
12,Prod,2025-03-31,2026-03-31,0.5400000000000063,0.6064046634131368,0.6328030536927174,0.06640466341313056,0.09280305369271113,1,1,1
12,Prod,2025-04-30,2026-04-30,-0.28000000000000114,0.5907783843766811,0.5968758048804611,0.8707783843766822,0.8768758048804622,1,1,1
12,Prod,2025-05-31,2026-05-31,0.09000000000000341,0.5921311462372704,0.5737706793352909,0.502131146237267,0.4837706793352875,1,1,1
12,Serv,2016-02-29,2017-02-28,0.3299999999999983,0.7676161467263831,0.6775184158052692,0.4376161467263848,0.3475184158052709,1,1,1
12,Serv,2016-03-31,2017-03-31,0.20000000000000284,0.7152555604372095,0.6835658376731575,0.5152555604372067,0.48356583767315464,1,1,1
12,Serv,2016-04-30,2017-04-30,0.769999999999996,0.7398232279068964,0.6996345246968722,0.030176772093099657,0.07036547530312387,1,1,1
12,Serv,2016-05-31,2017-05-31,0.45999999999999375,0.6831328267999912,0.6483634169688176,0.22313282679999746,0.18836341696882386,1,1,1
12,Serv,2016-06-30,2017-06-30,0.5799999999999983,0.6739386619146306,0.7018668980559467,0.0939386619146323,0.12186689805594841,1,1,1
12,Serv,2016-07-31,2017-07-31,-0.480000000000004,0.6603741325835389,0.6975222905945428,1.1403741325835428,1.1775222905945468,1,1,1
12,Serv,2016-08-31,2017-08-31,-0.5100000000000051,0.5446744168820961,0.657205766299899,1.0546744168821012,1.167205766299904,1,1,1
12,Serv,2016-09-30,2017-09-30,-0.14000000000000057,0.6647367550965364,0.6648436227477981,0.804736755096537,0.8048436227477986,1,1,1
12,Serv,2016-10-31,2017-10-31,0.1599999999999966,0.839805561055251,0.6536731192692157,0.6798055610552544,0.4936731192692191,1,1,1
12,Serv,2016-11-30,2017-11-30,0.18000000000000682,0.7133972220070007,0.6230518770758333,0.5333972220069939,0.4430518770758265,1,1,1
12,Serv,2016-12-31,2017-12-31,0.4399999999999977,0.7157908099172775,0.6238547859604764,0.2757908099172798,0.18385478596047866,1,1,1
12,Serv,2017-01-31,2018-01-31,-0.030000000000001137,0.5805848921416092,0.6013368819838886,0.6105848921416104,0.6313368819838897,1,1,1
12,Serv,2017-02-28,2018-02-28,0.3400000000000034,0.6721868205462497,0.6122083619263325,0.33218682054624626,0.27220836192632913,1,1,1
12,Serv,2017-03-31,2018-03-31,0.0799999999999983,0.5953516598015683,0.6121857146302826,0.51535165980157,0.5321857146302843,1,1,1
12,Serv,2017-04-30,2018-04-30,0.5,0.6851852478498999,0.606825857631557,0.18518524784989987,0.10682585763155705,1,1,1
12,Serv,2017-05-31,2018-05-31,0.09000000000000341,0.6233305505041962,0.5937261231169196,0.5333305505041928,0.5037261231169162,1,1,1
12,Serv,2017-06-30,2018-06-30,0.6400000000000006,0.630122626145326,0.5942509850043916,0.009877373854674576,0.045749014995609016,1,1,1
12,Serv,2017-07-31,2018-07-31,0.12000000000000455,0.5379846843508332,0.5923717390781714,0.4179846843508287,0.4723717390781669,1,1,1
12,Serv,2017-08-31,2018-08-31,-0.04999999999999716,0.5288461007898989,0.6071376673579644,0.5788461007898961,0.6571376673579615,1,1,1
12,Serv,2017-09-30,2018-09-30,-0.29999999999999716,0.5246649200620292,0.5799192703079834,0.8246649200620264,0.8799192703079806,1,1,1
12,Serv,2017-10-31,2018-10-31,0.09000000000000341,0.6704901796468459,0.5510542647212309,0.5804901796468425,0.46105426472122746,1,1,1
12,Serv,2017-11-30,2018-11-30,0.8700000000000045,0.6390519013589495,0.5480531721064561,0.23094809864105503,0.32194682789354845,1,1,1
12,Serv,2017-12-31,2018-12-31,1.0799999999999983,0.5695436167999969,0.5537430562510188,0.5104563832000014,0.5262569437489795,1,1,1
12,Serv,2018-01-31,2019-01-31,1.1400000000000006,0.611803391260566,0.5669188496794575,0.5281966087394345,0.5730811503205431,1,1,1
12,Serv,2018-02-28,2019-02-28,0.7099999999999937,0.5829400123094265,0.5656707098057212,0.12705998769056726,0.14432929019427254,1,1,1
12,Serv,2018-03-31,2019-03-31,0.5499999999999972,0.6065223476036464,0.5739736435877265,0.05652234760364927,0.023973643587729354,1,1,1
12,Serv,2018-04-30,2019-04-30,0.5900000000000034,0.5994358773783787,0.5698370770736823,0.009435877378375257,0.02016292292632116,1,1,1
12,Serv,2018-05-31,2019-05-31,0.5300000000000011,0.5607623305502948,0.5762836659280272,0.03076233055029365,0.04628366592802602,1,1,1
12,Serv,2018-06-30,2019-06-30,-0.4099999999999966,0.6196345639011802,0.5697780174639173,1.0296345639011768,0.9797780174639139,1,1,1
12,Serv,2018-07-31,2019-07-31,-0.0799999999999983,0.5689713428456307,0.5681088460173089,0.648971342845629,0.6481088460173072,1,1,1
12,Serv,2018-08-31,2019-08-31,-0.1700000000000017,0.446518663809117,0.548415815643284,0.6165186638091187,0.7184158156432857,1,1,1
12,Serv,2018-09-30,2019-09-30,-0.3199999999999932,0.5206070872949009,0.5319451941139589,0.8406070872948941,0.8519451941139521,1,1,1
12,Serv,2018-10-31,2019-10-31,0.29999999999999716,0.6283159857225801,0.5047454554257889,0.3283159857225829,0.2047454554257917,1,1,1
12,Serv,2018-11-30,2019-11-30,0.39000000000000057,0.5497116251227264,0.518230261835314,0.15971162512272585,0.12823026183531339,1,1,1
12,Serv,2018-12-31,2019-12-31,0.4099999999999966,0.6110096000019695,0.5550184460305086,0.20100960000197288,0.14501844603051206,1,1,1
12,Serv,2019-01-31,2020-01-31,0.5,0.5905161736825915,0.5637594938382962,0.09051617368259146,0.06375949383829616,1,1,1
12,Serv,2019-02-28,2020-02-28,0.4000000000000057,0.5404555638121934,0.5658160415988605,0.1404555638121877,0.16581604159885477,1,1,1
12,Serv,2019-03-31,2020-03-31,0.6700000000000017,0.43025725876110177,0.5433755005855906,0.23974274123889994,0.12662449941441112,1,1,1
12,Serv,2019-04-30,2020-04-30,1.2999999999999972,0.5659759680370492,0.5370347376779183,0.734024031962948,0.7629652623220788,1,1,1
12,Serv,2019-05-31,2020-05-31,0.12000000000000455,0.5310591523510608,0.5458316954691835,0.4110591523510563,0.425831695469179,1,1,1
12,Serv,2019-06-30,2020-06-30,0.010000000000005116,0.5397893277711049,0.5392523861322323,0.5297893277710998,0.5292523861322271,1,1,1
12,Serv,2019-07-31,2020-07-31,-0.15000000000000568,0.4747554532727202,0.49021985912205884,0.6247554532727259,0.6402198591220645,1,1,1
12,Serv,2019-08-31,2020-08-31,0.10999999999999943,0.4622212293965395,0.4914859826850598,0.35222122939654005,0.38148598268506034,1,1,1
12,Serv,2019-09-30,2020-09-30,0.12999999999999545,0.4902322651145713,0.47896456992690717,0.36023226511457584,0.3489645699269117,1,1,1
12,Serv,2019-10-31,2020-10-31,0.5,0.5792611413978661,0.4616832247338599,0.07926114139786611,0.03831677526614008,1,1,1
12,Serv,2019-11-30,2020-11-30,0.7800000000000011,0.5691261948235437,0.5051959753641949,0.21087380517645749,0.2748040246358062,1,1,1
12,Serv,2019-12-31,2020-12-31,0.9000000000000057,0.5307707764627946,0.5140121893752373,0.3692292235372111,0.3859878106247684,1,1,1
12,Serv,2020-01-31,2021-01-31,0.5999999999999943,0.5729250494208995,0.5188636674495114,0.027074950579094814,0.08113633255048291,1,1,1
12,Serv,2020-02-29,2021-02-28,1.0300000000000011,0.61414728211212,0.525487775469787,0.41585271788788114,0.5045122245302142,1,1,1
12,Serv,2020-03-31,2021-03-31,1.3100000000000023,0.5119978354632573,0.5232643647405101,0.798002164536745,0.7867356352594922,1,1,1
12,Serv,2020-04-30,2021-04-30,0.8599999999999994,0.6088850630735428,0.5469684177206994,0.2511149369264566,0.31303158227930006,1,1,1
12,Serv,2020-05-31,2021-05-31,0.4099999999999966,0.6410739768790045,0.5888873841977269,0.23107397687900788,0.17888738419773031,1,1,1
12,Serv,2020-06-30,2021-06-30,0.5600000000000023,0.5272788294415072,0.5148342424389047,0.032721170558495105,0.04516575756109753,1,1,1
12,Serv,2020-07-31,2021-07-31,0.21999999999999886,0.5460681476670388,0.5087959587817958,0.32606814766703995,0.288795958781797,1,1,1
12,Serv,2020-08-31,2021-08-31,0.1599999999999966,0.4753372239408111,0.49474990901344523,0.31533722394081454,0.33474990901344864,1,1,1
12,Serv,2020-09-30,2021-09-30,0.730000000000004,0.45488630053013146,0.5064022222006314,0.2751136994698725,0.22359777779937262,1,1,1
12,Serv,2020-10-31,2021-10-31,0.9200000000000017,0.5957274143629354,0.5103127739541641,0.3242725856370663,0.4096872260458376,1,1,1
12,Serv,2020-11-30,2021-11-30,0.8599999999999994,0.5963761564152834,0.5378672958840169,0.263623843584716,0.3221327041159825,1,1,1
12,Serv,2020-12-31,2021-12-31,0.20999999999999375,0.6198943175076026,0.5576368507347792,0.40989431750760885,0.34763685073478545,1,1,1
12,Serv,2021-01-31,2022-01-31,1.2199999999999989,0.6072386171338329,0.5619826820593894,0.612761382866166,0.6580173179406095,1,1,1
12,Serv,2021-02-28,2022-02-28,0.9399999999999977,0.6103780025384936,0.5489204423206158,0.3296219974615041,0.39107955767938196,1,1,1
12,Serv,2021-03-31,2022-03-31,5.549999999999997,0.5608867928960907,0.5794785090184013,4.989113207103906,4.970521490981596,1,1,1
12,Serv,2021-04-30,2022-04-30,3.280000000000001,0.6742057655289537,0.6625311257249904,2.6057942344710474,2.6174688742750107,1,1,1
12,Serv,2021-05-31,2022-05-31,0.6800000000000068,0.6431567817978845,0.6445259056205709,0.03684321820212233,0.03547409437943594,1,1,1
12,Serv,2021-06-30,2022-06-30,-0.6800000000000068,0.622011116658473,0.5839772595752977,1.3020111166584798,1.2639772595753045,1,1,1
12,Serv,2021-07-31,2022-07-31,-0.769999999999996,0.5691327323781418,0.5949252418909107,1.339132732378138,1.3649252418909068,1,1,1
12,Serv,2021-08-31,2022-08-31,-0.5699999999999932,0.4438429785470818,0.5374987706755312,1.013842978547075,1.1074987706755244,1,1,1
12,Serv,2021-09-30,2022-09-30,0.3299999999999983,0.4101793126575657,0.5182026502516003,0.08017931265756739,0.188202650251602,1,1,1
12,Serv,2021-10-31,2022-10-31,0.6599999999999966,0.7606643239210907,0.6006586453901919,0.10066432392109415,0.05934135460980472,1,1,1
12,Serv,2021-11-30,2022-11-30,0.2600000000000051,0.6937957944376233,0.629253281710497,0.4337957944376182,0.3692532817104919,1,1,1
12,Serv,2021-12-31,2022-12-31,0.5699999999999932,0.6052289495272065,0.6171896043148564,0.03522894952721334,0.04718960431486319,1,1,1
12,Serv,2022-01-31,2023-01-31,1.1299999999999955,0.5539093849693951,0.5219919873366844,0.5760906150306003,0.6080080126633111,1,1,1
12,Serv,2022-02-28,2023-02-28,0.75,0.7181053404187103,0.6710822615336419,0.031894659581289675,0.07891773846635808,1,1,1
12,Serv,2022-03-31,2023-03-31,0.39000000000000057,0.6309503783310846,0.6321594657865774,0.24095037833108401,0.24215946578657688,1,1,1
12,Serv,2022-04-30,2023-04-30,0.7199999999999989,1.312412148173227,1.281966225050405,0.5924121481732281,0.561966225050406,1,1,1
12,Serv,2022-05-31,2023-05-31,-0.25,0.8942536905093041,0.8697472848579753,1.1442536905093041,1.1197472848579753,1,1,1
12,Serv,2022-06-30,2023-06-30,0.4300000000000068,0.572312869138908,0.578899101525811,0.14231286913890118,0.1488991015258042,1,1,1
12,Serv,2022-07-31,2023-07-31,0.5,0.48153002975844245,0.474498799395095,0.018469970241557554,0.025501200604905017,1,1,1
12,Serv,2022-08-31,2023-08-31,-0.06999999999999318,0.1974297532215339,0.46833413589598394,0.26742975322152707,0.5383341358959771,1,1,1
12,Serv,2022-09-30,2023-09-30,1.75,0.5614621763358697,0.470418195238393,1.1885378236641304,1.279581804761607,1,1,1
12,Serv,2022-10-31,2023-10-31,0.45999999999999375,0.5831278926019244,0.5586276635409921,0.12312789260193069,0.09862766354099839,1,1,1
12,Serv,2022-11-30,2023-11-30,0.7399999999999949,0.5799871022370114,0.5803671144224136,0.16001289776298344,0.15963288557758126,1,1,1
12,Serv,2022-12-31,2023-12-31,0.29000000000000625,0.5435365404620941,0.55414403246036,0.25353654046208784,0.2641440324603538,1,1,1
12,Serv,2023-01-31,2024-01-31,0.8700000000000045,0.3630462142205712,0.5735256525949551,0.5069537857794333,0.2964743474050494,1,1,1
12,Serv,2023-02-28,2024-02-28,0.5300000000000011,0.5296589960804863,0.6140678703652726,0.00034100391951485953,0.08406787036527141,1,1,1
12,Serv,2023-03-31,2024-03-31,0.5300000000000011,0.6087057238121854,0.5872560196352569,0.07870572381218421,0.05725601963525573,1,1,1
12,Serv,2023-04-30,2024-04-30,0.37999999999999545,0.5234637495570523,0.5622347117277744,0.14346374955705687,0.18223471172777894,1,1,1
12,Serv,2023-05-31,2024-05-31,0.9399999999999977,0.6200028900565212,0.5837272859663156,0.3199971099434765,0.3562727140336821,1,1,1
12,Serv,2023-06-30,2024-06-30,0.18000000000000682,0.5226680306295882,0.5187973954990533,0.3426680306295814,0.3387973954990465,1,1,1
12,Serv,2023-07-31,2024-07-31,1.0699999999999932,0.5230935619786816,0.5632544540556778,0.5469064380213116,0.5067455459443154,1,1,1
12,Serv,2023-08-31,2024-08-31,0.09000000000000341,0.5842722932128963,0.5715453397194779,0.4942722932128929,0.48154533971947444,1,1,1
12,Serv,2023-09-30,2024-09-30,0.6200000000000045,0.5505694613126061,0.5275635960195248,0.06943053868739846,0.0924364039804797,1,1,1
12,Serv,2023-10-31,2024-10-31,1.019999999999996,0.6559881145508099,0.6582068329592956,0.36401188544918617,0.3617931670407004,1,1,1
12,Serv,2023-11-30,2024-11-30,1.5,0.5864039665350875,0.5678723884316889,0.9135960334649125,0.9321276115683111,1,1,1
12,Serv,2023-12-31,2024-12-31,0.9099999999999966,0.5576290407388453,0.5944110901223224,0.35237095926115125,0.3155889098776742,1,1,1
12,Serv,2024-01-31,2025-01-31,0.8400000000000034,0.6435353513187891,0.562891474280683,0.19646464868121427,0.27710852571932043,1,1,1
12,Serv,2024-02-29,2025-02-28,1.3400000000000034,0.5552994088927111,0.6074365314144947,0.7847005911072923,0.7325634685855087,1,1,1
12,Serv,2024-03-31,2025-03-31,0.8100000000000023,0.5774589909202665,0.5866374703737641,0.23254100907973574,0.22336252962623815,1,1,1
12,Serv,2024-04-30,2025-04-30,0.5300000000000011,0.5828767091237597,0.5879663954552135,0.052876709123758525,0.057966395455212316,1,1,1
12,Serv,2024-05-31,2025-05-31,-0.06999999999999318,0.5783301367551744,0.576339891647137,0.6483301367551676,0.6463398916471301,1,1,1
12,Serv,2024-06-30,2025-06-30,-0.04000000000000625,0.6070181400415602,0.6152004710552695,0.6470181400415664,0.6552004710552758,1,1,1
12,Serv,2024-07-31,2025-07-31,0.35999999999999943,0.5597714949810133,0.5540393893578929,0.19977149498101388,0.19403938935789344,1,1,1
12,Serv,2024-08-31,2025-08-31,-0.5699999999999932,0.38127232527213645,0.619667661341688,0.9512723252721296,1.1896676613416812,1,1,1
12,Serv,2024-09-30,2025-09-30,1.0,0.5291188258872402,0.541824270493023,0.47088117411275976,0.45817572950697705,1,1,1
12,Serv,2024-10-31,2025-10-31,0.5300000000000011,0.567367490599867,0.5814758855881563,0.03736749059986588,0.05147588558815519,1,1,1
12,Serv,2024-11-30,2025-11-30,0.15000000000000568,0.6323825694256038,0.6082152467599795,0.4823825694255981,0.4582152467599738,1,1,1
12,Serv,2024-12-31,2025-12-31,0.29000000000000625,0.5709618335128473,0.6364224718787628,0.2809618335128411,0.3464224718787565,1,1,1
12,Serv,2025-01-31,2026-01-31,1.5699999999999932,0.7237263220864694,0.5948292815723799,0.8462736779135238,0.9751707184276133,1,1,1
12,Serv,2025-02-28,2026-02-28,1.0999999999999943,0.5238418124311257,0.5964817218914688,0.5761581875688686,0.5035182781085256,1,1,1
12,Serv,2025-03-31,2026-03-31,0.5400000000000063,0.5031220906034803,0.6328030536927174,0.03687790939652591,0.09280305369271113,1,1,1
12,Serv,2025-04-30,2026-04-30,-0.28000000000000114,0.5212643312516236,0.5968758048804611,0.8012643312516248,0.8768758048804622,1,1,1
12,Serv,2025-05-31,2026-05-31,0.09000000000000341,0.5124287480112146,0.5737706793352909,0.4224287480112112,0.4837706793352875,1,1,1
12,usd_nom_i,2016-02-29,2017-02-28,0.3299999999999983,0.7122931187655303,0.6775184158052692,0.38229311876553196,0.3475184158052709,1,1,1
12,usd_nom_i,2016-03-31,2017-03-31,0.20000000000000284,0.6841928060890697,0.6835658376731575,0.4841928060890669,0.48356583767315464,1,1,1
12,usd_nom_i,2016-04-30,2017-04-30,0.769999999999996,0.6721426271638982,0.6996345246968722,0.09785737283609786,0.07036547530312387,1,1,1
12,usd_nom_i,2016-05-31,2017-05-31,0.45999999999999375,0.6344098552179588,0.6483634169688176,0.17440985521796504,0.18836341696882386,1,1,1
12,usd_nom_i,2016-06-30,2017-06-30,0.5799999999999983,0.6960034575829644,0.7018668980559467,0.11600345758296615,0.12186689805594841,1,1,1
12,usd_nom_i,2016-07-31,2017-07-31,-0.480000000000004,0.6945723219762245,0.6975222905945428,1.1745723219762285,1.1775222905945468,1,1,1
12,usd_nom_i,2016-08-31,2017-08-31,-0.5100000000000051,0.6490171227259431,0.657205766299899,1.1590171227259483,1.167205766299904,1,1,1
12,usd_nom_i,2016-09-30,2017-09-30,-0.14000000000000057,0.667635877251993,0.6648436227477981,0.8076358772519936,0.8048436227477986,1,1,1
12,usd_nom_i,2016-10-31,2017-10-31,0.1599999999999966,0.6501762139223309,0.6536731192692157,0.49017621392233435,0.4936731192692191,1,1,1
12,usd_nom_i,2016-11-30,2017-11-30,0.18000000000000682,0.6034051620432793,0.6230518770758333,0.4234051620432725,0.4430518770758265,1,1,1
12,usd_nom_i,2016-12-31,2017-12-31,0.4399999999999977,0.6369220759312743,0.6238547859604764,0.19692207593127653,0.18385478596047866,1,1,1
12,usd_nom_i,2017-01-31,2018-01-31,-0.030000000000001137,0.5735907567508042,0.6013368819838886,0.6035907567508053,0.6313368819838897,1,1,1
12,usd_nom_i,2017-02-28,2018-02-28,0.3400000000000034,0.5801157764086351,0.6122083619263325,0.2401157764086317,0.27220836192632913,1,1,1
12,usd_nom_i,2017-03-31,2018-03-31,0.0799999999999983,0.5868971152848013,0.6121857146302826,0.506897115284803,0.5321857146302843,1,1,1
12,usd_nom_i,2017-04-30,2018-04-30,0.5,0.5997714568290453,0.606825857631557,0.09977145682904531,0.10682585763155705,1,1,1
12,usd_nom_i,2017-05-31,2018-05-31,0.09000000000000341,0.5603657963240356,0.5937261231169196,0.4703657963240322,0.5037261231169162,1,1,1
12,usd_nom_i,2017-06-30,2018-06-30,0.6400000000000006,0.6030699967873372,0.5942509850043916,0.036930003212663376,0.045749014995609016,1,1,1
12,usd_nom_i,2017-07-31,2018-07-31,0.12000000000000455,0.5982085010389289,0.5923717390781714,0.4782085010389243,0.4723717390781669,1,1,1
12,usd_nom_i,2017-08-31,2018-08-31,-0.04999999999999716,0.6401974130381285,0.6071376673579644,0.6901974130381257,0.6571376673579615,1,1,1
12,usd_nom_i,2017-09-30,2018-09-30,-0.29999999999999716,0.5809789250639682,0.5799192703079834,0.8809789250639654,0.8799192703079806,1,1,1
12,usd_nom_i,2017-10-31,2018-10-31,0.09000000000000341,0.5209277152116337,0.5510542647212309,0.4309277152116303,0.46105426472122746,1,1,1
12,usd_nom_i,2017-11-30,2018-11-30,0.8700000000000045,0.5467475176849188,0.5480531721064561,0.32325248231508574,0.32194682789354845,1,1,1
12,usd_nom_i,2017-12-31,2018-12-31,1.0799999999999983,0.5701544134254655,0.5537430562510188,0.5098455865745328,0.5262569437489795,1,1,1
12,usd_nom_i,2018-01-31,2019-01-31,1.1400000000000006,0.5565036331503248,0.5669188496794575,0.5834963668496758,0.5730811503205431,1,1,1
12,usd_nom_i,2018-02-28,2019-02-28,0.7099999999999937,0.5340124962955269,0.5656707098057212,0.1759875037044668,0.14432929019427254,1,1,1
12,usd_nom_i,2018-03-31,2019-03-31,0.5499999999999972,0.5709846860596757,0.5739736435877265,0.020984686059678515,0.023973643587729354,1,1,1
12,usd_nom_i,2018-04-30,2019-04-30,0.5900000000000034,0.5723263973188674,0.5698370770736823,0.017673602681136047,0.02016292292632116,1,1,1
12,usd_nom_i,2018-05-31,2019-05-31,0.5300000000000011,0.6238376394127763,0.5762836659280272,0.09383763941277512,0.04628366592802602,1,1,1
12,usd_nom_i,2018-06-30,2019-06-30,-0.4099999999999966,0.5939292477913852,0.5697780174639173,1.003929247791382,0.9797780174639139,1,1,1
12,usd_nom_i,2018-07-31,2019-07-31,-0.0799999999999983,0.5694409093634903,0.5681088460173089,0.6494409093634886,0.6481088460173072,1,1,1
12,usd_nom_i,2018-08-31,2019-08-31,-0.1700000000000017,0.5486555257818547,0.548415815643284,0.7186555257818564,0.7184158156432857,1,1,1
12,usd_nom_i,2018-09-30,2019-09-30,-0.3199999999999932,0.5670845495306361,0.5319451941139589,0.8870845495306293,0.8519451941139521,1,1,1
12,usd_nom_i,2018-10-31,2019-10-31,0.29999999999999716,0.5161267828127764,0.5047454554257889,0.2161267828127792,0.2047454554257917,1,1,1
12,usd_nom_i,2018-11-30,2019-11-30,0.39000000000000057,0.5032245498645289,0.518230261835314,0.11322454986452835,0.12823026183531339,1,1,1
12,usd_nom_i,2018-12-31,2019-12-31,0.4099999999999966,0.5534870015438779,0.5550184460305086,0.14348700154388128,0.14501844603051206,1,1,1
12,usd_nom_i,2019-01-31,2020-01-31,0.5,0.5671901666175195,0.5637594938382962,0.06719016661751953,0.06375949383829616,1,1,1
12,usd_nom_i,2019-02-28,2020-02-28,0.4000000000000057,0.5608824108460353,0.5658160415988605,0.1608824108460296,0.16581604159885477,1,1,1
12,usd_nom_i,2019-03-31,2020-03-31,0.6700000000000017,0.5284336455135649,0.5433755005855906,0.14156635448643684,0.12662449941441112,1,1,1
12,usd_nom_i,2019-04-30,2020-04-30,1.2999999999999972,0.5287659740389985,0.5370347376779183,0.7712340259609987,0.7629652623220788,1,1,1
12,usd_nom_i,2019-05-31,2020-05-31,0.12000000000000455,0.5399545821871856,0.5458316954691835,0.41995458218718107,0.425831695469179,1,1,1
12,usd_nom_i,2019-06-30,2020-06-30,0.010000000000005116,0.5381805274283031,0.5392523861322323,0.528180527428298,0.5292523861322271,1,1,1
12,usd_nom_i,2019-07-31,2020-07-31,-0.15000000000000568,0.4862289830768613,0.49021985912205884,0.636228983076867,0.6402198591220645,1,1,1
12,usd_nom_i,2019-08-31,2020-08-31,0.10999999999999943,0.48292257616211826,0.4914859826850598,0.3729225761621188,0.38148598268506034,1,1,1
12,usd_nom_i,2019-09-30,2020-09-30,0.12999999999999545,0.49758591223718346,0.47896456992690717,0.367585912237188,0.3489645699269117,1,1,1
12,usd_nom_i,2019-10-31,2020-10-31,0.5,0.45786182592690267,0.4616832247338599,0.042138174073097334,0.03831677526614008,1,1,1
12,usd_nom_i,2019-11-30,2020-11-30,0.7800000000000011,0.49885180508646737,0.5051959753641949,0.28114819491353377,0.2748040246358062,1,1,1
12,usd_nom_i,2019-12-31,2020-12-31,0.9000000000000057,0.5086452131758056,0.5140121893752373,0.3913547868242001,0.3859878106247684,1,1,1
12,usd_nom_i,2020-01-31,2021-01-31,0.5999999999999943,0.5109429458712984,0.5188636674495114,0.08905705412869591,0.08113633255048291,1,1,1
12,usd_nom_i,2020-02-29,2021-02-28,1.0300000000000011,0.5159860031408684,0.525487775469787,0.5140139968591327,0.5045122245302142,1,1,1
12,usd_nom_i,2020-03-31,2021-03-31,1.3100000000000023,0.5330333931597244,0.5232643647405101,0.7769666068402779,0.7867356352594922,1,1,1
12,usd_nom_i,2020-04-30,2021-04-30,0.8599999999999994,0.6019775646795238,0.5469684177206994,0.25802243532047564,0.31303158227930006,1,1,1
12,usd_nom_i,2020-05-31,2021-05-31,0.4099999999999966,0.5992658277362736,0.5888873841977269,0.18926582773627698,0.17888738419773031,1,1,1
12,usd_nom_i,2020-06-30,2021-06-30,0.5600000000000023,0.4915874373452478,0.5148342424389047,0.06841256265475448,0.04516575756109753,1,1,1
12,usd_nom_i,2020-07-31,2021-07-31,0.21999999999999886,0.47926405494764784,0.5087959587817958,0.259264054947649,0.288795958781797,1,1,1
12,usd_nom_i,2020-08-31,2021-08-31,0.1599999999999966,0.5131593766260275,0.49474990901344523,0.3531593766260309,0.33474990901344864,1,1,1
12,usd_nom_i,2020-09-30,2021-09-30,0.730000000000004,0.5250172196687214,0.5064022222006314,0.2049827803312826,0.22359777779937262,1,1,1
12,usd_nom_i,2020-10-31,2021-10-31,0.9200000000000017,0.523961134715304,0.5103127739541641,0.39603886528469767,0.4096872260458376,1,1,1
12,usd_nom_i,2020-11-30,2021-11-30,0.8599999999999994,0.5506112601567185,0.5378672958840169,0.30938873984328097,0.3221327041159825,1,1,1
12,usd_nom_i,2020-12-31,2021-12-31,0.20999999999999375,0.5474059221042266,0.5576368507347792,0.3374059221042328,0.34763685073478545,1,1,1
12,usd_nom_i,2021-01-31,2022-01-31,1.2199999999999989,0.5273405261618086,0.5619826820593894,0.6926594738381903,0.6580173179406095,1,1,1
12,usd_nom_i,2021-02-28,2022-02-28,0.9399999999999977,0.5466181535708318,0.5489204423206158,0.39338184642916596,0.39107955767938196,1,1,1
12,usd_nom_i,2021-03-31,2022-03-31,5.549999999999997,0.5757281420951622,0.5794785090184013,4.974271857904835,4.970521490981596,1,1,1
12,usd_nom_i,2021-04-30,2022-04-30,3.280000000000001,0.6583914821614382,0.6625311257249904,2.621608517838563,2.6174688742750107,1,1,1
12,usd_nom_i,2021-05-31,2022-05-31,0.6800000000000068,0.6484115604692551,0.6445259056205709,0.031588439530751744,0.03547409437943594,1,1,1
12,usd_nom_i,2021-06-30,2022-06-30,-0.6800000000000068,0.5750658619274603,0.5839772595752977,1.2550658619274673,1.2639772595753045,1,1,1
12,usd_nom_i,2021-07-31,2022-07-31,-0.769999999999996,0.5826669963289746,0.5949252418909107,1.3526669963289706,1.3649252418909068,1,1,1
12,usd_nom_i,2021-08-31,2022-08-31,-0.5699999999999932,0.5473777415891955,0.5374987706755312,1.1173777415891886,1.1074987706755244,1,1,1
12,usd_nom_i,2021-09-30,2022-09-30,0.3299999999999983,0.514374749565743,0.5182026502516003,0.18437474956574473,0.188202650251602,1,1,1
12,usd_nom_i,2021-10-31,2022-10-31,0.6599999999999966,0.591549636454427,0.6006586453901919,0.06845036354556955,0.05934135460980472,1,1,1
12,usd_nom_i,2021-11-30,2022-11-30,0.2600000000000051,0.6141851511312336,0.629253281710497,0.3541851511312285,0.3692532817104919,1,1,1
12,usd_nom_i,2021-12-31,2022-12-31,0.5699999999999932,0.6219455095826136,0.6171896043148564,0.05194550958262045,0.04718960431486319,1,1,1
12,usd_nom_i,2022-01-31,2023-01-31,1.1299999999999955,0.5290287899732126,0.5219919873366844,0.6009712100267829,0.6080080126633111,1,1,1
12,usd_nom_i,2022-02-28,2023-02-28,0.75,0.6827437189111111,0.6710822615336419,0.06725628108888893,0.07891773846635808,1,1,1
12,usd_nom_i,2022-03-31,2023-03-31,0.39000000000000057,0.6392121487071227,0.6321594657865774,0.24921214870712216,0.24215946578657688,1,1,1
12,usd_nom_i,2022-04-30,2023-04-30,0.7199999999999989,1.4155131684317657,1.281966225050405,0.6955131684317668,0.561966225050406,1,1,1
12,usd_nom_i,2022-05-31,2023-05-31,-0.25,0.7951056526194542,0.8697472848579753,1.0451056526194542,1.1197472848579753,1,1,1
12,usd_nom_i,2022-06-30,2023-06-30,0.4300000000000068,0.33845777632141116,0.578899101525811,0.09154222367859566,0.1488991015258042,1,1,1
12,usd_nom_i,2022-07-31,2023-07-31,0.5,0.3368598751091888,0.474498799395095,0.1631401248908112,0.025501200604905017,1,1,1
12,usd_nom_i,2022-08-31,2023-08-31,-0.06999999999999318,0.49634471527344,0.46833413589598394,0.5663447152734331,0.5383341358959771,1,1,1
12,usd_nom_i,2022-09-30,2023-09-30,1.75,0.5176139907884488,0.470418195238393,1.232386009211551,1.279581804761607,1,1,1
12,usd_nom_i,2022-10-31,2023-10-31,0.45999999999999375,0.5475116066436881,0.5586276635409921,0.0875116066436944,0.09862766354099839,1,1,1
12,usd_nom_i,2022-11-30,2023-11-30,0.7399999999999949,0.5972218895996259,0.5803671144224136,0.14277811040036903,0.15963288557758126,1,1,1
12,usd_nom_i,2022-12-31,2023-12-31,0.29000000000000625,0.5540399601734848,0.55414403246036,0.2640399601734785,0.2641440324603538,1,1,1
12,usd_nom_i,2023-01-31,2024-01-31,0.8700000000000045,0.6490797915174552,0.5735256525949551,0.22092020848254934,0.2964743474050494,1,1,1
12,usd_nom_i,2023-02-28,2024-02-28,0.5300000000000011,0.6712996944512416,0.6140678703652726,0.14129969445124047,0.08406787036527141,1,1,1
12,usd_nom_i,2023-03-31,2024-03-31,0.5300000000000011,0.6424439172206222,0.5872560196352569,0.11244391722062108,0.05725601963525573,1,1,1
12,usd_nom_i,2023-04-30,2024-04-30,0.37999999999999545,0.606241446233234,0.5622347117277744,0.2262414462332385,0.18223471172777894,1,1,1
12,usd_nom_i,2023-05-31,2024-05-31,0.9399999999999977,0.6452135761777859,0.5837272859663156,0.2947864238222119,0.3562727140336821,1,1,1
12,usd_nom_i,2023-06-30,2024-06-30,0.18000000000000682,0.49270643031821915,0.5187973954990533,0.3127064303182123,0.3387973954990465,1,1,1
12,usd_nom_i,2023-07-31,2024-07-31,1.0699999999999932,0.620615613518627,0.5632544540556778,0.44938438648136614,0.5067455459443154,1,1,1
12,usd_nom_i,2023-08-31,2024-08-31,0.09000000000000341,0.6658720006632337,0.5715453397194779,0.5758720006632303,0.48154533971947444,1,1,1
12,usd_nom_i,2023-09-30,2024-09-30,0.6200000000000045,0.586803681485325,0.5275635960195248,0.033196318514679524,0.0924364039804797,1,1,1
12,usd_nom_i,2023-10-31,2024-10-31,1.019999999999996,0.6569035240553514,0.6582068329592956,0.36309647594464467,0.3617931670407004,1,1,1
12,usd_nom_i,2023-11-30,2024-11-30,1.5,0.5675028985801589,0.5678723884316889,0.9324971014198411,0.9321276115683111,1,1,1
12,usd_nom_i,2023-12-31,2024-12-31,0.9099999999999966,0.5052085749050493,0.5944110901223224,0.40479142509494725,0.3155889098776742,1,1,1
12,usd_nom_i,2024-01-31,2025-01-31,0.8400000000000034,0.5623879465876518,0.562891474280683,0.2776120534123516,0.27710852571932043,1,1,1
12,usd_nom_i,2024-02-29,2025-02-28,1.3400000000000034,0.5779003129071064,0.6074365314144947,0.762099687092897,0.7325634685855087,1,1,1
12,usd_nom_i,2024-03-31,2025-03-31,0.8100000000000023,0.6123607150062201,0.5866374703737641,0.19763928499378214,0.22336252962623815,1,1,1
12,usd_nom_i,2024-04-30,2025-04-30,0.5300000000000011,0.5843541395410257,0.5879663954552135,0.054354139541024526,0.057966395455212316,1,1,1
12,usd_nom_i,2024-05-31,2025-05-31,-0.06999999999999318,0.5866544503427836,0.576339891647137,0.6566544503427768,0.6463398916471301,1,1,1
12,usd_nom_i,2024-06-30,2025-06-30,-0.04000000000000625,0.5842421207875544,0.6152004710552695,0.6242421207875607,0.6552004710552758,1,1,1
12,usd_nom_i,2024-07-31,2025-07-31,0.35999999999999943,0.5179938101635484,0.5540393893578929,0.15799381016354896,0.19403938935789344,1,1,1
12,usd_nom_i,2024-08-31,2025-08-31,-0.5699999999999932,0.6027785575949617,0.619667661341688,1.1727785575949548,1.1896676613416812,1,1,1
12,usd_nom_i,2024-09-30,2025-09-30,1.0,0.5615581306721961,0.541824270493023,0.43844186932780393,0.45817572950697705,1,1,1
12,usd_nom_i,2024-10-31,2025-10-31,0.5300000000000011,0.6044392789863505,0.5814758855881563,0.07443927898634939,0.05147588558815519,1,1,1
12,usd_nom_i,2024-11-30,2025-11-30,0.15000000000000568,0.6557513208047696,0.6082152467599795,0.5057513208047639,0.4582152467599738,1,1,1
12,usd_nom_i,2024-12-31,2025-12-31,0.29000000000000625,0.6687676316622778,0.6364224718787628,0.37876763166227156,0.3464224718787565,1,1,1
12,usd_nom_i,2025-01-31,2026-01-31,1.5699999999999932,0.6089419065381108,0.5948292815723799,0.9610580934618824,0.9751707184276133,1,1,1
12,usd_nom_i,2025-02-28,2026-02-28,1.0999999999999943,0.5709034270341917,0.5964817218914688,0.5290965729658026,0.5035182781085256,1,1,1
12,usd_nom_i,2025-03-31,2026-03-31,0.5400000000000063,0.5283817471599104,0.6328030536927174,0.011618252840095877,0.09280305369271113,1,1,1
12,usd_nom_i,2025-04-30,2026-04-30,-0.28000000000000114,0.5056657561795443,0.5968758048804611,0.7856657561795455,0.8768758048804622,1,1,1
12,usd_nom_i,2025-05-31,2026-05-31,0.09000000000000341,0.5297737714873728,0.5737706793352909,0.4397737714873694,0.4837706793352875,1,1,1
12,Ki_i,2016-02-29,2017-02-28,0.3299999999999983,0.6728008401728405,0.6775184158052692,0.3428008401728422,0.3475184158052709,1,1,1
12,Ki_i,2016-03-31,2017-03-31,0.20000000000000284,0.681057151517595,0.6835658376731575,0.4810571515175922,0.48356583767315464,1,1,1
12,Ki_i,2016-04-30,2017-04-30,0.769999999999996,0.7019092305647956,0.6996345246968722,0.06809076943520043,0.07036547530312387,1,1,1
12,Ki_i,2016-05-31,2017-05-31,0.45999999999999375,0.6398050013314909,0.6483634169688176,0.17980500133149713,0.18836341696882386,1,1,1
12,Ki_i,2016-06-30,2017-06-30,0.5799999999999983,0.7047047092082983,0.7018668980559467,0.12470470920830001,0.12186689805594841,1,1,1
12,Ki_i,2016-07-31,2017-07-31,-0.480000000000004,0.6757748967189268,0.6975222905945428,1.1557748967189307,1.1775222905945468,1,1,1
12,Ki_i,2016-08-31,2017-08-31,-0.5100000000000051,0.6549793898978471,0.657205766299899,1.1649793898978522,1.167205766299904,1,1,1
12,Ki_i,2016-09-30,2017-09-30,-0.14000000000000057,0.6701589893251795,0.6648436227477981,0.81015898932518,0.8048436227477986,1,1,1
12,Ki_i,2016-10-31,2017-10-31,0.1599999999999966,0.6619222215245381,0.6536731192692157,0.5019222215245415,0.4936731192692191,1,1,1
12,Ki_i,2016-11-30,2017-11-30,0.18000000000000682,0.5930837262043978,0.6230518770758333,0.41308372620439093,0.4430518770758265,1,1,1
12,Ki_i,2016-12-31,2017-12-31,0.4399999999999977,0.626444956149765,0.6238547859604764,0.1864449561497673,0.18385478596047866,1,1,1
12,Ki_i,2017-01-31,2018-01-31,-0.030000000000001137,0.5888237714296201,0.6013368819838886,0.6188237714296212,0.6313368819838897,1,1,1
12,Ki_i,2017-02-28,2018-02-28,0.3400000000000034,0.6122512308503221,0.6122083619263325,0.27225123085031866,0.27220836192632913,1,1,1
12,Ki_i,2017-03-31,2018-03-31,0.0799999999999983,0.6142790380774348,0.6121857146302826,0.5342790380774365,0.5321857146302843,1,1,1
12,Ki_i,2017-04-30,2018-04-30,0.5,0.6107763016108934,0.606825857631557,0.11077630161089336,0.10682585763155705,1,1,1
12,Ki_i,2017-05-31,2018-05-31,0.09000000000000341,0.5739996706482664,0.5937261231169196,0.483999670648263,0.5037261231169162,1,1,1
12,Ki_i,2017-06-30,2018-06-30,0.6400000000000006,0.5624146034358443,0.5942509850043916,0.0775853965641563,0.045749014995609016,1,1,1
12,Ki_i,2017-07-31,2018-07-31,0.12000000000000455,0.57439223039166,0.5923717390781714,0.45439223039165544,0.4723717390781669,1,1,1
12,Ki_i,2017-08-31,2018-08-31,-0.04999999999999716,0.6225772435657003,0.6071376673579644,0.6725772435656975,0.6571376673579615,1,1,1
12,Ki_i,2017-09-30,2018-09-30,-0.29999999999999716,0.5947474605274741,0.5799192703079834,0.8947474605274712,0.8799192703079806,1,1,1
12,Ki_i,2017-10-31,2018-10-31,0.09000000000000341,0.5260736621152216,0.5510542647212309,0.43607366211521814,0.46105426472122746,1,1,1
12,Ki_i,2017-11-30,2018-11-30,0.8700000000000045,0.535246880931259,0.5480531721064561,0.3347531190687455,0.32194682789354845,1,1,1
12,Ki_i,2017-12-31,2018-12-31,1.0799999999999983,0.5587711019197877,0.5537430562510188,0.5212288980802106,0.5262569437489795,1,1,1
12,Ki_i,2018-01-31,2019-01-31,1.1400000000000006,0.5304604408998372,0.5669188496794575,0.6095395591001633,0.5730811503205431,1,1,1
12,Ki_i,2018-02-28,2019-02-28,0.7099999999999937,0.5736666320739781,0.5656707098057212,0.1363333679260157,0.14432929019427254,1,1,1
12,Ki_i,2018-03-31,2019-03-31,0.5499999999999972,0.5582211771321138,0.5739736435877265,0.008221177132116675,0.023973643587729354,1,1,1
12,Ki_i,2018-04-30,2019-04-30,0.5900000000000034,0.5764117973091564,0.5698370770736823,0.01358820269084704,0.02016292292632116,1,1,1
12,Ki_i,2018-05-31,2019-05-31,0.5300000000000011,0.5578387318821757,0.5762836659280272,0.02783873188217456,0.04628366592802602,1,1,1
12,Ki_i,2018-06-30,2019-06-30,-0.4099999999999966,0.576333931772865,0.5697780174639173,0.9863339317728615,0.9797780174639139,1,1,1
12,Ki_i,2018-07-31,2019-07-31,-0.0799999999999983,0.5670018090914877,0.5681088460173089,0.647001809091486,0.6481088460173072,1,1,1
12,Ki_i,2018-08-31,2019-08-31,-0.1700000000000017,0.5543498997478493,0.548415815643284,0.724349899747851,0.7184158156432857,1,1,1
12,Ki_i,2018-09-30,2019-09-30,-0.3199999999999932,0.5399588660738138,0.5319451941139589,0.859958866073807,0.8519451941139521,1,1,1
12,Ki_i,2018-10-31,2019-10-31,0.29999999999999716,0.5342469538649719,0.5047454554257889,0.23424695386497474,0.2047454554257917,1,1,1
12,Ki_i,2018-11-30,2019-11-30,0.39000000000000057,0.5234074980568192,0.518230261835314,0.13340749805681862,0.12823026183531339,1,1,1
12,Ki_i,2018-12-31,2019-12-31,0.4099999999999966,0.5508128501422926,0.5550184460305086,0.14081285014229605,0.14501844603051206,1,1,1
12,Ki_i,2019-01-31,2020-01-31,0.5,0.5746949001811388,0.5637594938382962,0.07469490018113878,0.06375949383829616,1,1,1
12,Ki_i,2019-02-28,2020-02-28,0.4000000000000057,0.5582999783117024,0.5658160415988605,0.15829997831169673,0.16581604159885477,1,1,1
12,Ki_i,2019-03-31,2020-03-31,0.6700000000000017,0.541074228813209,0.5433755005855906,0.12892577118679271,0.12662449941441112,1,1,1
12,Ki_i,2019-04-30,2020-04-30,1.2999999999999972,0.5366681456213032,0.5370347376779183,0.763331854378694,0.7629652623220788,1,1,1
12,Ki_i,2019-05-31,2020-05-31,0.12000000000000455,0.544991635102729,0.5458316954691835,0.4249916351027244,0.425831695469179,1,1,1
12,Ki_i,2019-06-30,2020-06-30,0.010000000000005116,0.5391355454543101,0.5392523861322323,0.529135545454305,0.5292523861322271,1,1,1
12,Ki_i,2019-07-31,2020-07-31,-0.15000000000000568,0.4842472278498719,0.49021985912205884,0.6342472278498776,0.6402198591220645,1,1,1
12,Ki_i,2019-08-31,2020-08-31,0.10999999999999943,0.4988989976738427,0.4914859826850598,0.3888989976738433,0.38148598268506034,1,1,1
12,Ki_i,2019-09-30,2020-09-30,0.12999999999999545,0.469563069547892,0.47896456992690717,0.33956306954789656,0.3489645699269117,1,1,1
12,Ki_i,2019-10-31,2020-10-31,0.5,0.4536564158278287,0.4616832247338599,0.046343584172171326,0.03831677526614008,1,1,1
12,Ki_i,2019-11-30,2020-11-30,0.7800000000000011,0.5080946484831201,0.5051959753641949,0.271905351516881,0.2748040246358062,1,1,1
12,Ki_i,2019-12-31,2020-12-31,0.9000000000000057,0.47719275524120064,0.5140121893752373,0.42280724475880505,0.3859878106247684,1,1,1
12,Ki_i,2020-01-31,2021-01-31,0.5999999999999943,0.5011567763903534,0.5188636674495114,0.09884322360964093,0.08113633255048291,1,1,1
12,Ki_i,2020-02-29,2021-02-28,1.0300000000000011,0.5263065904613126,0.525487775469787,0.5036934095386886,0.5045122245302142,1,1,1
12,Ki_i,2020-03-31,2021-03-31,1.3100000000000023,0.5049081234247093,0.5232643647405101,0.805091876575293,0.7867356352594922,1,1,1
12,Ki_i,2020-04-30,2021-04-30,0.8599999999999994,0.5459827235845153,0.5469684177206994,0.31401727641548416,0.31303158227930006,1,1,1
12,Ki_i,2020-05-31,2021-05-31,0.4099999999999966,0.5809030024265558,0.5888873841977269,0.1709030024265592,0.17888738419773031,1,1,1
12,Ki_i,2020-06-30,2021-06-30,0.5600000000000023,0.48025335850661677,0.5148342424389047,0.0797466414933855,0.04516575756109753,1,1,1
12,Ki_i,2020-07-31,2021-07-31,0.21999999999999886,0.4294957168193291,0.5087959587817958,0.2094957168193302,0.288795958781797,1,1,1
12,Ki_i,2020-08-31,2021-08-31,0.1599999999999966,0.476752328752445,0.49474990901344523,0.3167523287524484,0.33474990901344864,1,1,1
12,Ki_i,2020-09-30,2021-09-30,0.730000000000004,0.514012505776056,0.5064022222006314,0.21598749422394803,0.22359777779937262,1,1,1
12,Ki_i,2020-10-31,2021-10-31,0.9200000000000017,0.5176112888201406,0.5103127739541641,0.4023887111798611,0.4096872260458376,1,1,1
12,Ki_i,2020-11-30,2021-11-30,0.8599999999999994,0.5401137619065178,0.5378672958840169,0.3198862380934816,0.3221327041159825,1,1,1
12,Ki_i,2020-12-31,2021-12-31,0.20999999999999375,0.5560394617204851,0.5576368507347792,0.3460394617204914,0.34763685073478545,1,1,1
12,Ki_i,2021-01-31,2022-01-31,1.2199999999999989,0.558750183837808,0.5619826820593894,0.6612498161621909,0.6580173179406095,1,1,1
12,Ki_i,2021-02-28,2022-02-28,0.9399999999999977,0.5498185343337357,0.5489204423206158,0.390181465666262,0.39107955767938196,1,1,1
12,Ki_i,2021-03-31,2022-03-31,5.549999999999997,0.5745225460679803,0.5794785090184013,4.975477453932017,4.970521490981596,1,1,1
12,Ki_i,2021-04-30,2022-04-30,3.280000000000001,0.6546402774114195,0.6625311257249904,2.6253597225885814,2.6174688742750107,1,1,1
12,Ki_i,2021-05-31,2022-05-31,0.6800000000000068,0.6681624360678654,0.6445259056205709,0.011837563932141415,0.03547409437943594,1,1,1
12,Ki_i,2021-06-30,2022-06-30,-0.6800000000000068,0.5867456022507462,0.5839772595752977,1.266745602250753,1.2639772595753045,1,1,1
12,Ki_i,2021-07-31,2022-07-31,-0.769999999999996,0.6909085223147391,0.5949252418909107,1.4609085223147351,1.3649252418909068,1,1,1
12,Ki_i,2021-08-31,2022-08-31,-0.5699999999999932,0.538427890228813,0.5374987706755312,1.108427890228806,1.1074987706755244,1,1,1
12,Ki_i,2021-09-30,2022-09-30,0.3299999999999983,0.5350389437667031,0.5182026502516003,0.20503894376670484,0.188202650251602,1,1,1
12,Ki_i,2021-10-31,2022-10-31,0.6599999999999966,0.6022890626985534,0.6006586453901919,0.057710937301443166,0.05934135460980472,1,1,1
12,Ki_i,2021-11-30,2022-11-30,0.2600000000000051,0.6287659164883624,0.629253281710497,0.3687659164883573,0.3692532817104919,1,1,1
12,Ki_i,2021-12-31,2022-12-31,0.5699999999999932,0.6227797543430146,0.6171896043148564,0.0527797543430214,0.04718960431486319,1,1,1
12,Ki_i,2022-01-31,2023-01-31,1.1299999999999955,0.5288686238572324,0.5219919873366844,0.601131376142763,0.6080080126633111,1,1,1
12,Ki_i,2022-02-28,2023-02-28,0.75,0.6687567530191151,0.6710822615336419,0.08124324698088492,0.07891773846635808,1,1,1
12,Ki_i,2022-03-31,2023-03-31,0.39000000000000057,0.6456828797280658,0.6321594657865774,0.25568287972806525,0.24215946578657688,1,1,1
12,Ki_i,2022-04-30,2023-04-30,0.7199999999999989,1.3815335712184533,1.281966225050405,0.6615335712184545,0.561966225050406,1,1,1
12,Ki_i,2022-05-31,2023-05-31,-0.25,0.9304894815270143,0.8697472848579753,1.1804894815270144,1.1197472848579753,1,1,1
12,Ki_i,2022-06-30,2023-06-30,0.4300000000000068,0.5680836388327798,0.578899101525811,0.13808363883277297,0.1488991015258042,1,1,1
12,Ki_i,2022-07-31,2023-07-31,0.5,0.4653224574329827,0.474498799395095,0.03467754256701733,0.025501200604905017,1,1,1
12,Ki_i,2022-08-31,2023-08-31,-0.06999999999999318,0.46547019298211356,0.46833413589598394,0.5354701929821067,0.5383341358959771,1,1,1
12,Ki_i,2022-09-30,2023-09-30,1.75,0.464251779481607,0.470418195238393,1.285748220518393,1.279581804761607,1,1,1
12,Ki_i,2022-10-31,2023-10-31,0.45999999999999375,0.5572596281837894,0.5586276635409921,0.09725962818379563,0.09862766354099839,1,1,1
12,Ki_i,2022-11-30,2023-11-30,0.7399999999999949,0.5801014739799876,0.5803671144224136,0.15989852602000731,0.15963288557758126,1,1,1
12,Ki_i,2022-12-31,2023-12-31,0.29000000000000625,0.5548116774173308,0.55414403246036,0.2648116774173246,0.2641440324603538,1,1,1
12,Ki_i,2023-01-31,2024-01-31,0.8700000000000045,0.5734763426382158,0.5735256525949551,0.29652365736178876,0.2964743474050494,1,1,1
12,Ki_i,2023-02-28,2024-02-28,0.5300000000000011,0.6128555359377225,0.6140678703652726,0.08285553593772133,0.08406787036527141,1,1,1
12,Ki_i,2023-03-31,2024-03-31,0.5300000000000011,0.5868150221499836,0.5872560196352569,0.056815022149982464,0.05725601963525573,1,1,1
12,Ki_i,2023-04-30,2024-04-30,0.37999999999999545,0.5625958844053918,0.5622347117277744,0.1825958844053963,0.18223471172777894,1,1,1
12,Ki_i,2023-05-31,2024-05-31,0.9399999999999977,0.5833617461322735,0.5837272859663156,0.3566382538677242,0.3562727140336821,1,1,1
12,Ki_i,2023-06-30,2024-06-30,0.18000000000000682,0.5203889187473446,0.5187973954990533,0.3403889187473378,0.3387973954990465,1,1,1
12,Ki_i,2023-07-31,2024-07-31,1.0699999999999932,0.5633964609267583,0.5632544540556778,0.5066035390732349,0.5067455459443154,1,1,1
12,Ki_i,2023-08-31,2024-08-31,0.09000000000000341,0.5741242771978781,0.5715453397194779,0.48412427719787465,0.48154533971947444,1,1,1
12,Ki_i,2023-09-30,2024-09-30,0.6200000000000045,0.5209563761262591,0.5275635960195248,0.09904362387374543,0.0924364039804797,1,1,1
12,Ki_i,2023-10-31,2024-10-31,1.019999999999996,0.6581759137967557,0.6582068329592956,0.36182408620324036,0.3617931670407004,1,1,1
12,Ki_i,2023-11-30,2024-11-30,1.5,0.5686986282029913,0.5678723884316889,0.9313013717970087,0.9321276115683111,1,1,1
12,Ki_i,2023-12-31,2024-12-31,0.9099999999999966,0.5931077537044098,0.5944110901223224,0.31689224629558677,0.3155889098776742,1,1,1
12,Ki_i,2024-01-31,2025-01-31,0.8400000000000034,0.5683847533992048,0.562891474280683,0.2716152466007986,0.27710852571932043,1,1,1
12,Ki_i,2024-02-29,2025-02-28,1.3400000000000034,0.6052689657856729,0.6074365314144947,0.7347310342143305,0.7325634685855087,1,1,1
12,Ki_i,2024-03-31,2025-03-31,0.8100000000000023,0.586366161547548,0.5866374703737641,0.22363383845245433,0.22336252962623815,1,1,1
12,Ki_i,2024-04-30,2025-04-30,0.5300000000000011,0.5876982438377907,0.5879663954552135,0.05769824383778954,0.057966395455212316,1,1,1
12,Ki_i,2024-05-31,2025-05-31,-0.06999999999999318,0.5767890669089437,0.576339891647137,0.6467890669089369,0.6463398916471301,1,1,1
12,Ki_i,2024-06-30,2025-06-30,-0.04000000000000625,0.6130353054776664,0.6152004710552695,0.6530353054776726,0.6552004710552758,1,1,1
12,Ki_i,2024-07-31,2025-07-31,0.35999999999999943,0.5556059043355452,0.5540393893578929,0.1956059043355458,0.19403938935789344,1,1,1
12,Ki_i,2024-08-31,2025-08-31,-0.5699999999999932,0.6165923151943524,0.619667661341688,1.1865923151943456,1.1896676613416812,1,1,1
12,Ki_i,2024-09-30,2025-09-30,1.0,0.556492239622323,0.541824270493023,0.44350776037767703,0.45817572950697705,1,1,1
12,Ki_i,2024-10-31,2025-10-31,0.5300000000000011,0.5801215854434665,0.5814758855881563,0.050121585443465344,0.05147588558815519,1,1,1
12,Ki_i,2024-11-30,2025-11-30,0.15000000000000568,0.6105163653810807,0.6082152467599795,0.460516365381075,0.4582152467599738,1,1,1
12,Ki_i,2024-12-31,2025-12-31,0.29000000000000625,0.6406454060427468,0.6364224718787628,0.3506454060427405,0.3464224718787565,1,1,1
12,Ki_i,2025-01-31,2026-01-31,1.5699999999999932,0.5912013563223125,0.5948292815723799,0.9787986436776807,0.9751707184276133,1,1,1
12,Ki_i,2025-02-28,2026-02-28,1.0999999999999943,0.5937875612330101,0.5964817218914688,0.5062124387669842,0.5035182781085256,1,1,1
12,Ki_i,2025-03-31,2026-03-31,0.5400000000000063,0.6269057793721787,0.6328030536927174,0.08690577937217248,0.09280305369271113,1,1,1
12,Ki_i,2025-04-30,2026-04-30,-0.28000000000000114,0.5945359717019748,0.5968758048804611,0.874535971701976,0.8768758048804622,1,1,1
12,Ki_i,2025-05-31,2026-05-31,0.09000000000000341,0.5733252302326945,0.5737706793352909,0.48332523023269114,0.4837706793352875,1,1,1
12,Ruonia_i,2016-02-29,2017-02-28,0.3299999999999983,0.6508347948591675,0.6775184158052692,0.3208347948591692,0.3475184158052709,1,1,1
12,Ruonia_i,2016-03-31,2017-03-31,0.20000000000000284,0.6501533287983208,0.6835658376731575,0.45015332879831793,0.48356583767315464,1,1,1
12,Ruonia_i,2016-04-30,2017-04-30,0.769999999999996,0.6883666108390945,0.6996345246968722,0.08163338916090157,0.07036547530312387,1,1,1
12,Ruonia_i,2016-05-31,2017-05-31,0.45999999999999375,0.6086864413815499,0.6483634169688176,0.14868644138155618,0.18836341696882386,1,1,1
12,Ruonia_i,2016-06-30,2017-06-30,0.5799999999999983,0.7288485284975141,0.7018668980559467,0.14884852849751584,0.12186689805594841,1,1,1
12,Ruonia_i,2016-07-31,2017-07-31,-0.480000000000004,0.641851374153293,0.6975222905945428,1.121851374153297,1.1775222905945468,1,1,1
12,Ruonia_i,2016-08-31,2017-08-31,-0.5100000000000051,0.6107236059569723,0.657205766299899,1.1207236059569774,1.167205766299904,1,1,1
12,Ruonia_i,2016-09-30,2017-09-30,-0.14000000000000057,0.6561709764313506,0.6648436227477981,0.7961709764313512,0.8048436227477986,1,1,1
12,Ruonia_i,2016-10-31,2017-10-31,0.1599999999999966,0.6372643223012057,0.6536731192692157,0.4772643223012091,0.4936731192692191,1,1,1
12,Ruonia_i,2016-11-30,2017-11-30,0.18000000000000682,0.6183580044767001,0.6230518770758333,0.43835800447669326,0.4430518770758265,1,1,1
12,Ruonia_i,2016-12-31,2017-12-31,0.4399999999999977,0.5787607937742338,0.6238547859604764,0.1387607937742361,0.18385478596047866,1,1,1
12,Ruonia_i,2017-01-31,2018-01-31,-0.030000000000001137,0.5974892442294117,0.6013368819838886,0.6274892442294129,0.6313368819838897,1,1,1
12,Ruonia_i,2017-02-28,2018-02-28,0.3400000000000034,0.5872518975611404,0.6122083619263325,0.24725189756113697,0.27220836192632913,1,1,1
12,Ruonia_i,2017-03-31,2018-03-31,0.0799999999999983,0.6129511661622433,0.6121857146302826,0.532951166162245,0.5321857146302843,1,1,1
12,Ruonia_i,2017-04-30,2018-04-30,0.5,0.5633100376041734,0.606825857631557,0.06331003760417342,0.10682585763155705,1,1,1
12,Ruonia_i,2017-05-31,2018-05-31,0.09000000000000341,0.5282491519849682,0.5937261231169196,0.43824915198496484,0.5037261231169162,1,1,1
12,Ruonia_i,2017-06-30,2018-06-30,0.6400000000000006,0.5309805490332133,0.5942509850043916,0.10901945096678722,0.045749014995609016,1,1,1
12,Ruonia_i,2017-07-31,2018-07-31,0.12000000000000455,0.5790996436812597,0.5923717390781714,0.4590996436812551,0.4723717390781669,1,1,1
12,Ruonia_i,2017-08-31,2018-08-31,-0.04999999999999716,0.5858764611687277,0.6071376673579644,0.6358764611687249,0.6571376673579615,1,1,1
12,Ruonia_i,2017-09-30,2018-09-30,-0.29999999999999716,0.5316692801919596,0.5799192703079834,0.8316692801919567,0.8799192703079806,1,1,1
12,Ruonia_i,2017-10-31,2018-10-31,0.09000000000000341,0.5229222586176143,0.5510542647212309,0.4329222586176109,0.46105426472122746,1,1,1
12,Ruonia_i,2017-11-30,2018-11-30,0.8700000000000045,0.49783958420116603,0.5480531721064561,0.3721604157988385,0.32194682789354845,1,1,1
12,Ruonia_i,2017-12-31,2018-12-31,1.0799999999999983,0.5503937937276497,0.5537430562510188,0.5296062062723486,0.5262569437489795,1,1,1
12,Ruonia_i,2018-01-31,2019-01-31,1.1400000000000006,0.5264958937397066,0.5669188496794575,0.613504106260294,0.5730811503205431,1,1,1
12,Ruonia_i,2018-02-28,2019-02-28,0.7099999999999937,0.45628017666013443,0.5656707098057212,0.2537198233398593,0.14432929019427254,1,1,1
12,Ruonia_i,2018-03-31,2019-03-31,0.5499999999999972,0.5866700269876892,0.5739736435877265,0.03667002698769206,0.023973643587729354,1,1,1
12,Ruonia_i,2018-04-30,2019-04-30,0.5900000000000034,0.571021632101418,0.5698370770736823,0.018978367898585424,0.02016292292632116,1,1,1
12,Ruonia_i,2018-05-31,2019-05-31,0.5300000000000011,0.5682769256888955,0.5762836659280272,0.0382769256888944,0.04628366592802602,1,1,1
12,Ruonia_i,2018-06-30,2019-06-30,-0.4099999999999966,0.5708183749160236,0.5697780174639173,0.9808183749160202,0.9797780174639139,1,1,1
12,Ruonia_i,2018-07-31,2019-07-31,-0.0799999999999983,0.5571220322257716,0.5681088460173089,0.6371220322257699,0.6481088460173072,1,1,1
12,Ruonia_i,2018-08-31,2019-08-31,-0.1700000000000017,0.5488947014160441,0.548415815643284,0.7188947014160458,0.7184158156432857,1,1,1
12,Ruonia_i,2018-09-30,2019-09-30,-0.3199999999999932,0.5361507909324604,0.5319451941139589,0.8561507909324536,0.8519451941139521,1,1,1
12,Ruonia_i,2018-10-31,2019-10-31,0.29999999999999716,0.5143177968130326,0.5047454554257889,0.21431779681303542,0.2047454554257917,1,1,1
12,Ruonia_i,2018-11-30,2019-11-30,0.39000000000000057,0.5191014406406036,0.518230261835314,0.12910144064060303,0.12823026183531339,1,1,1
12,Ruonia_i,2018-12-31,2019-12-31,0.4099999999999966,0.5390175542604506,0.5550184460305086,0.12901755426045403,0.14501844603051206,1,1,1
12,Ruonia_i,2019-01-31,2020-01-31,0.5,0.5433659872314998,0.5637594938382962,0.04336598723149976,0.06375949383829616,1,1,1
12,Ruonia_i,2019-02-28,2020-02-28,0.4000000000000057,0.5443913814246688,0.5658160415988605,0.14439138142466312,0.16581604159885477,1,1,1
12,Ruonia_i,2019-03-31,2020-03-31,0.6700000000000017,0.5820029620138334,0.5433755005855906,0.08799703798616831,0.12662449941441112,1,1,1
12,Ruonia_i,2019-04-30,2020-04-30,1.2999999999999972,0.5442360152755656,0.5370347376779183,0.7557639847244315,0.7629652623220788,1,1,1
12,Ruonia_i,2019-05-31,2020-05-31,0.12000000000000455,0.5520203393182351,0.5458316954691835,0.4320203393182306,0.425831695469179,1,1,1
12,Ruonia_i,2019-06-30,2020-06-30,0.010000000000005116,0.5146469006529896,0.5392523861322323,0.5046469006529845,0.5292523861322271,1,1,1
12,Ruonia_i,2019-07-31,2020-07-31,-0.15000000000000568,0.4857300241416094,0.49021985912205884,0.6357300241416151,0.6402198591220645,1,1,1
12,Ruonia_i,2019-08-31,2020-08-31,0.10999999999999943,0.44671368099195097,0.4914859826850598,0.33671368099195154,0.38148598268506034,1,1,1
12,Ruonia_i,2019-09-30,2020-09-30,0.12999999999999545,0.46919692220971576,0.47896456992690717,0.3391969222097203,0.3489645699269117,1,1,1
12,Ruonia_i,2019-10-31,2020-10-31,0.5,0.41979408332732115,0.4616832247338599,0.08020591667267885,0.03831677526614008,1,1,1
12,Ruonia_i,2019-11-30,2020-11-30,0.7800000000000011,0.5028770785147002,0.5051959753641949,0.27712292148530093,0.2748040246358062,1,1,1
12,Ruonia_i,2019-12-31,2020-12-31,0.9000000000000057,0.4358751190446872,0.5140121893752373,0.4641248809553185,0.3859878106247684,1,1,1
12,Ruonia_i,2020-01-31,2021-01-31,0.5999999999999943,0.47689439512268417,0.5188636674495114,0.12310560487731015,0.08113633255048291,1,1,1
12,Ruonia_i,2020-02-29,2021-02-28,1.0300000000000011,0.48067222659610676,0.525487775469787,0.5493277734038944,0.5045122245302142,1,1,1
12,Ruonia_i,2020-03-31,2021-03-31,1.3100000000000023,0.5005382175808725,0.5232643647405101,0.8094617824191298,0.7867356352594922,1,1,1
12,Ruonia_i,2020-04-30,2021-04-30,0.8599999999999994,0.5185576202072437,0.5469684177206994,0.3414423797927557,0.31303158227930006,1,1,1
12,Ruonia_i,2020-05-31,2021-05-31,0.4099999999999966,0.5862920433067168,0.5888873841977269,0.17629204330672021,0.17888738419773031,1,1,1
12,Ruonia_i,2020-06-30,2021-06-30,0.5600000000000023,0.4210042238868662,0.5148342424389047,0.13899577611313607,0.04516575756109753,1,1,1
12,Ruonia_i,2020-07-31,2021-07-31,0.21999999999999886,0.4107841120175782,0.5087959587817958,0.19078411201757933,0.288795958781797,1,1,1
12,Ruonia_i,2020-08-31,2021-08-31,0.1599999999999966,0.3418814111680527,0.49474990901344523,0.18188141116805612,0.33474990901344864,1,1,1
12,Ruonia_i,2020-09-30,2021-09-30,0.730000000000004,0.4868641742374334,0.5064022222006314,0.2431358257625706,0.22359777779937262,1,1,1
12,Ruonia_i,2020-10-31,2021-10-31,0.9200000000000017,0.547588968060618,0.5103127739541641,0.37241103193938374,0.4096872260458376,1,1,1
12,Ruonia_i,2020-11-30,2021-11-30,0.8599999999999994,0.5360415201212141,0.5378672958840169,0.32395847987878534,0.3221327041159825,1,1,1
12,Ruonia_i,2020-12-31,2021-12-31,0.20999999999999375,0.5198280163712481,0.5576368507347792,0.30982801637125434,0.34763685073478545,1,1,1
12,Ruonia_i,2021-01-31,2022-01-31,1.2199999999999989,0.5496696164916905,0.5619826820593894,0.6703303835083083,0.6580173179406095,1,1,1
12,Ruonia_i,2021-02-28,2022-02-28,0.9399999999999977,0.6034303948994607,0.5489204423206158,0.336569605100537,0.39107955767938196,1,1,1
12,Ruonia_i,2021-03-31,2022-03-31,5.549999999999997,0.47802837035143725,0.5794785090184013,5.0719716296485595,4.970521490981596,1,1,1
12,Ruonia_i,2021-04-30,2022-04-30,3.280000000000001,0.6844550887870328,0.6625311257249904,2.5955449112129685,2.6174688742750107,1,1,1
12,Ruonia_i,2021-05-31,2022-05-31,0.6800000000000068,0.6941460993799443,0.6445259056205709,0.014146099379937493,0.03547409437943594,1,1,1
12,Ruonia_i,2021-06-30,2022-06-30,-0.6800000000000068,0.63732272707146,0.5839772595752977,1.317322727071467,1.2639772595753045,1,1,1
12,Ruonia_i,2021-07-31,2022-07-31,-0.769999999999996,0.6354288110217076,0.5949252418909107,1.4054288110217037,1.3649252418909068,1,1,1
12,Ruonia_i,2021-08-31,2022-08-31,-0.5699999999999932,0.6197252482979241,0.5374987706755312,1.1897252482979173,1.1074987706755244,1,1,1
12,Ruonia_i,2021-09-30,2022-09-30,0.3299999999999983,0.552513217907426,0.5182026502516003,0.22251321790742773,0.188202650251602,1,1,1
12,Ruonia_i,2021-10-31,2022-10-31,0.6599999999999966,0.6144848976847822,0.6006586453901919,0.045515102315214384,0.05934135460980472,1,1,1
12,Ruonia_i,2021-11-30,2022-11-30,0.2600000000000051,0.6354064788692693,0.629253281710497,0.37540647886926415,0.3692532817104919,1,1,1
12,Ruonia_i,2021-12-31,2022-12-31,0.5699999999999932,0.6388503765642437,0.6171896043148564,0.06885037656425053,0.04718960431486319,1,1,1
12,Ruonia_i,2022-01-31,2023-01-31,1.1299999999999955,0.5366333412244454,0.5219919873366844,0.5933666587755501,0.6080080126633111,1,1,1
12,Ruonia_i,2022-02-28,2023-02-28,0.75,0.6981779090868819,0.6710822615336419,0.05182209091311807,0.07891773846635808,1,1,1
12,Ruonia_i,2022-03-31,2023-03-31,0.39000000000000057,0.6815346072654795,0.6321594657865774,0.291534607265479,0.24215946578657688,1,1,1
12,Ruonia_i,2022-04-30,2023-04-30,0.7199999999999989,1.6159077276266482,1.281966225050405,0.8959077276266494,0.561966225050406,1,1,1
12,Ruonia_i,2022-05-31,2023-05-31,-0.25,0.8935993432724763,0.8697472848579753,1.1435993432724763,1.1197472848579753,1,1,1
12,Ruonia_i,2022-06-30,2023-06-30,0.4300000000000068,0.5381799597084,0.578899101525811,0.10817995970839323,0.1488991015258042,1,1,1
12,Ruonia_i,2022-07-31,2023-07-31,0.5,0.43752107301414844,0.474498799395095,0.06247892698585156,0.025501200604905017,1,1,1
12,Ruonia_i,2022-08-31,2023-08-31,-0.06999999999999318,0.47128789407322697,0.46833413589598394,0.5412878940732202,0.5383341358959771,1,1,1
12,Ruonia_i,2022-09-30,2023-09-30,1.75,0.4639058474162575,0.470418195238393,1.2860941525837424,1.279581804761607,1,1,1
12,Ruonia_i,2022-10-31,2023-10-31,0.45999999999999375,0.5564797863244673,0.5586276635409921,0.09647978632447352,0.09862766354099839,1,1,1
12,Ruonia_i,2022-11-30,2023-11-30,0.7399999999999949,0.5784408864026594,0.5803671144224136,0.16155911359733544,0.15963288557758126,1,1,1
12,Ruonia_i,2022-12-31,2023-12-31,0.29000000000000625,0.5488896801140003,0.55414403246036,0.25888968011399405,0.2641440324603538,1,1,1
12,Ruonia_i,2023-01-31,2024-01-31,0.8700000000000045,0.5725760462112944,0.5735256525949551,0.2974239537887101,0.2964743474050494,1,1,1
12,Ruonia_i,2023-02-28,2024-02-28,0.5300000000000011,0.6008994399460693,0.6140678703652726,0.07089943994606818,0.08406787036527141,1,1,1
12,Ruonia_i,2023-03-31,2024-03-31,0.5300000000000011,0.5865896051584583,0.5872560196352569,0.056589605158457124,0.05725601963525573,1,1,1
12,Ruonia_i,2023-04-30,2024-04-30,0.37999999999999545,0.567675719956458,0.5622347117277744,0.1876757199564626,0.18223471172777894,1,1,1
12,Ruonia_i,2023-05-31,2024-05-31,0.9399999999999977,0.5771246970838368,0.5837272859663156,0.3628753029161609,0.3562727140336821,1,1,1
12,Ruonia_i,2023-06-30,2024-06-30,0.18000000000000682,0.5282750921600047,0.5187973954990533,0.34827509215999786,0.3387973954990465,1,1,1
12,Ruonia_i,2023-07-31,2024-07-31,1.0699999999999932,0.5655296279111542,0.5632544540556778,0.5044703720888389,0.5067455459443154,1,1,1
12,Ruonia_i,2023-08-31,2024-08-31,0.09000000000000341,0.5804923577124625,0.5715453397194779,0.49049235771245914,0.48154533971947444,1,1,1
12,Ruonia_i,2023-09-30,2024-09-30,0.6200000000000045,0.5687836810157934,0.5275635960195248,0.051216318984211195,0.0924364039804797,1,1,1
12,Ruonia_i,2023-10-31,2024-10-31,1.019999999999996,0.6699722739947035,0.6582068329592956,0.3500277260052925,0.3617931670407004,1,1,1
12,Ruonia_i,2023-11-30,2024-11-30,1.5,0.5768748945392276,0.5678723884316889,0.9231251054607724,0.9321276115683111,1,1,1
12,Ruonia_i,2023-12-31,2024-12-31,0.9099999999999966,0.6144276542078344,0.5944110901223224,0.2955723457921622,0.3155889098776742,1,1,1
12,Ruonia_i,2024-01-31,2025-01-31,0.8400000000000034,0.5684268716868823,0.562891474280683,0.2715731283131211,0.27710852571932043,1,1,1
12,Ruonia_i,2024-02-29,2025-02-28,1.3400000000000034,0.6090091393438442,0.6074365314144947,0.7309908606561593,0.7325634685855087,1,1,1
12,Ruonia_i,2024-03-31,2025-03-31,0.8100000000000023,0.586335576074619,0.5866374703737641,0.22366442392538333,0.22336252962623815,1,1,1
12,Ruonia_i,2024-04-30,2025-04-30,0.5300000000000011,0.5839271399063641,0.5879663954552135,0.053927139906363,0.057966395455212316,1,1,1
12,Ruonia_i,2024-05-31,2025-05-31,-0.06999999999999318,0.5781133527814338,0.576339891647137,0.648113352781427,0.6463398916471301,1,1,1
12,Ruonia_i,2024-06-30,2025-06-30,-0.04000000000000625,0.6106185298409766,0.6152004710552695,0.6506185298409829,0.6552004710552758,1,1,1
12,Ruonia_i,2024-07-31,2025-07-31,0.35999999999999943,0.5548434740987361,0.5540393893578929,0.1948434740987367,0.19403938935789344,1,1,1
12,Ruonia_i,2024-08-31,2025-08-31,-0.5699999999999932,0.6156945935485667,0.619667661341688,1.1856945935485599,1.1896676613416812,1,1,1
12,Ruonia_i,2024-09-30,2025-09-30,1.0,0.5678393102282173,0.541824270493023,0.4321606897717827,0.45817572950697705,1,1,1
12,Ruonia_i,2024-10-31,2025-10-31,0.5300000000000011,0.5874398261330647,0.5814758855881563,0.05743982613306353,0.05147588558815519,1,1,1
12,Ruonia_i,2024-11-30,2025-11-30,0.15000000000000568,0.6046266355387978,0.6082152467599795,0.4546266355387921,0.4582152467599738,1,1,1
12,Ruonia_i,2024-12-31,2025-12-31,0.29000000000000625,0.6412864984393564,0.6364224718787628,0.3512864984393501,0.3464224718787565,1,1,1
12,Ruonia_i,2025-01-31,2026-01-31,1.5699999999999932,0.5910283127441626,0.5948292815723799,0.9789716872558306,0.9751707184276133,1,1,1
12,Ruonia_i,2025-02-28,2026-02-28,1.0999999999999943,0.5866514283037585,0.5964817218914688,0.5133485716962358,0.5035182781085256,1,1,1
12,Ruonia_i,2025-03-31,2026-03-31,0.5400000000000063,0.6188698710079219,0.6328030536927174,0.07886987100791565,0.09280305369271113,1,1,1
12,Ruonia_i,2025-04-30,2026-04-30,-0.28000000000000114,0.5965067198125426,0.5968758048804611,0.8765067198125437,0.8768758048804622,1,1,1
12,Ruonia_i,2025-05-31,2026-05-31,0.09000000000000341,0.5693511434024673,0.5737706793352909,0.4793511434024639,0.4837706793352875,1,1,1
12,fl_potrb_zad,2016-02-29,2017-02-28,0.3299999999999983,0.7678109192211408,0.6775184158052692,0.43781091922114246,0.3475184158052709,1,1,1
12,fl_potrb_zad,2016-03-31,2017-03-31,0.20000000000000284,0.7831964191662311,0.6835658376731575,0.5831964191662282,0.48356583767315464,1,1,1
12,fl_potrb_zad,2016-04-30,2017-04-30,0.769999999999996,0.8069263084617139,0.6996345246968722,0.03692630846171785,0.07036547530312387,1,1,1
12,fl_potrb_zad,2016-05-31,2017-05-31,0.45999999999999375,0.7177906344683758,0.6483634169688176,0.257790634468382,0.18836341696882386,1,1,1
12,fl_potrb_zad,2016-06-30,2017-06-30,0.5799999999999983,0.7763243565250563,0.7018668980559467,0.19632435652505797,0.12186689805594841,1,1,1
12,fl_potrb_zad,2016-07-31,2017-07-31,-0.480000000000004,0.7804801137469816,0.6975222905945428,1.2604801137469854,1.1775222905945468,1,1,1
12,fl_potrb_zad,2016-08-31,2017-08-31,-0.5100000000000051,0.7004298601370604,0.657205766299899,1.2104298601370655,1.167205766299904,1,1,1
12,fl_potrb_zad,2016-09-30,2017-09-30,-0.14000000000000057,0.7175708463657232,0.6648436227477981,0.8575708463657238,0.8048436227477986,1,1,1
12,fl_potrb_zad,2016-10-31,2017-10-31,0.1599999999999966,0.7043281901132746,0.6536731192692157,0.544328190113278,0.4936731192692191,1,1,1
12,fl_potrb_zad,2016-11-30,2017-11-30,0.18000000000000682,0.6548597537141405,0.6230518770758333,0.4748597537141337,0.4430518770758265,1,1,1
12,fl_potrb_zad,2016-12-31,2017-12-31,0.4399999999999977,0.6503018830644055,0.6238547859604764,0.21030188306440778,0.18385478596047866,1,1,1
12,fl_potrb_zad,2017-01-31,2018-01-31,-0.030000000000001137,0.6093267593181554,0.6013368819838886,0.6393267593181565,0.6313368819838897,1,1,1
12,fl_potrb_zad,2017-02-28,2018-02-28,0.3400000000000034,0.6337421002364528,0.6122083619263325,0.2937421002364494,0.27220836192632913,1,1,1
12,fl_potrb_zad,2017-03-31,2018-03-31,0.0799999999999983,0.6477952898895988,0.6121857146302826,0.5677952898896005,0.5321857146302843,1,1,1
12,fl_potrb_zad,2017-04-30,2018-04-30,0.5,0.6296468134048192,0.606825857631557,0.1296468134048192,0.10682585763155705,1,1,1
12,fl_potrb_zad,2017-05-31,2018-05-31,0.09000000000000341,0.5991896361091503,0.5937261231169196,0.5091896361091469,0.5037261231169162,1,1,1
12,fl_potrb_zad,2017-06-30,2018-06-30,0.6400000000000006,0.603263137596671,0.5942509850043916,0.03673686240332952,0.045749014995609016,1,1,1
12,fl_potrb_zad,2017-07-31,2018-07-31,0.12000000000000455,0.601321865007541,0.5923717390781714,0.4813218650075365,0.4723717390781669,1,1,1
12,fl_potrb_zad,2017-08-31,2018-08-31,-0.04999999999999716,0.6169871067278633,0.6071376673579644,0.6669871067278604,0.6571376673579615,1,1,1
12,fl_potrb_zad,2017-09-30,2018-09-30,-0.29999999999999716,0.5902545595134688,0.5799192703079834,0.890254559513466,0.8799192703079806,1,1,1
12,fl_potrb_zad,2017-10-31,2018-10-31,0.09000000000000341,0.5575268830229706,0.5510542647212309,0.4675268830229672,0.46105426472122746,1,1,1
12,fl_potrb_zad,2017-11-30,2018-11-30,0.8700000000000045,0.5499651208156545,0.5480531721064561,0.32003487918435003,0.32194682789354845,1,1,1
12,fl_potrb_zad,2017-12-31,2018-12-31,1.0799999999999983,0.5583760230359278,0.5537430562510188,0.5216239769640705,0.5262569437489795,1,1,1
12,fl_potrb_zad,2018-01-31,2019-01-31,1.1400000000000006,0.5696647439921267,0.5669188496794575,0.5703352560078738,0.5730811503205431,1,1,1
12,fl_potrb_zad,2018-02-28,2019-02-28,0.7099999999999937,0.561566204393013,0.5656707098057212,0.14843379560698078,0.14432929019427254,1,1,1
12,fl_potrb_zad,2018-03-31,2019-03-31,0.5499999999999972,0.5820853369502806,0.5739736435877265,0.03208533695028348,0.023973643587729354,1,1,1
12,fl_potrb_zad,2018-04-30,2019-04-30,0.5900000000000034,0.5766274500172882,0.5698370770736823,0.013372549982715198,0.02016292292632116,1,1,1
12,fl_potrb_zad,2018-05-31,2019-05-31,0.5300000000000011,0.5763466678781924,0.5762836659280272,0.046346667878191306,0.04628366592802602,1,1,1
12,fl_potrb_zad,2018-06-30,2019-06-30,-0.4099999999999966,0.5985245592163956,0.5697780174639173,1.0085245592163923,0.9797780174639139,1,1,1
12,fl_potrb_zad,2018-07-31,2019-07-31,-0.0799999999999983,0.5677445734902401,0.5681088460173089,0.6477445734902384,0.6481088460173072,1,1,1
12,fl_potrb_zad,2018-08-31,2019-08-31,-0.1700000000000017,0.547638400128825,0.548415815643284,0.7176384001288267,0.7184158156432857,1,1,1
12,fl_potrb_zad,2018-09-30,2019-09-30,-0.3199999999999932,0.5305259545448137,0.5319451941139589,0.8505259545448068,0.8519451941139521,1,1,1
12,fl_potrb_zad,2018-10-31,2019-10-31,0.29999999999999716,0.5056282339292321,0.5047454554257889,0.2056282339292349,0.2047454554257917,1,1,1
12,fl_potrb_zad,2018-11-30,2019-11-30,0.39000000000000057,0.5192323793857767,0.518230261835314,0.12923237938577614,0.12823026183531339,1,1,1
12,fl_potrb_zad,2018-12-31,2019-12-31,0.4099999999999966,0.5538897738362507,0.5550184460305086,0.14388977383625412,0.14501844603051206,1,1,1
12,fl_potrb_zad,2019-01-31,2020-01-31,0.5,0.5645141465007796,0.5637594938382962,0.06451414650077958,0.06375949383829616,1,1,1
12,fl_potrb_zad,2019-02-28,2020-02-28,0.4000000000000057,0.5675514723891069,0.5658160415988605,0.16755147238910117,0.16581604159885477,1,1,1
12,fl_potrb_zad,2019-03-31,2020-03-31,0.6700000000000017,0.5457523964354615,0.5433755005855906,0.12424760356454023,0.12662449941441112,1,1,1
12,fl_potrb_zad,2019-04-30,2020-04-30,1.2999999999999972,0.5361242090411609,0.5370347376779183,0.7638757909588363,0.7629652623220788,1,1,1
12,fl_potrb_zad,2019-05-31,2020-05-31,0.12000000000000455,0.5447172864544263,0.5458316954691835,0.42471728645442175,0.425831695469179,1,1,1
12,fl_potrb_zad,2019-06-30,2020-06-30,0.010000000000005116,0.5387691435615475,0.5392523861322323,0.5287691435615424,0.5292523861322271,1,1,1
12,fl_potrb_zad,2019-07-31,2020-07-31,-0.15000000000000568,0.4918320527807948,0.49021985912205884,0.6418320527808005,0.6402198591220645,1,1,1
12,fl_potrb_zad,2019-08-31,2020-08-31,0.10999999999999943,0.49022497210926275,0.4914859826850598,0.3802249721092633,0.38148598268506034,1,1,1
12,fl_potrb_zad,2019-09-30,2020-09-30,0.12999999999999545,0.47844970118491764,0.47896456992690717,0.3484497011849222,0.3489645699269117,1,1,1
12,fl_potrb_zad,2019-10-31,2020-10-31,0.5,0.46302242850850667,0.4616832247338599,0.03697757149149333,0.03831677526614008,1,1,1
12,fl_potrb_zad,2019-11-30,2020-11-30,0.7800000000000011,0.5060493625648694,0.5051959753641949,0.2739506374351317,0.2748040246358062,1,1,1
12,fl_potrb_zad,2019-12-31,2020-12-31,0.9000000000000057,0.515760949870278,0.5140121893752373,0.3842390501297277,0.3859878106247684,1,1,1
12,fl_potrb_zad,2020-01-31,2021-01-31,0.5999999999999943,0.5194624959883132,0.5188636674495114,0.08053750401168114,0.08113633255048291,1,1,1
12,fl_potrb_zad,2020-02-29,2021-02-28,1.0300000000000011,0.5275278863284196,0.525487775469787,0.5024721136715815,0.5045122245302142,1,1,1
12,fl_potrb_zad,2020-03-31,2021-03-31,1.3100000000000023,0.5256899913706262,0.5232643647405101,0.784310008629376,0.7867356352594922,1,1,1
12,fl_potrb_zad,2020-04-30,2021-04-30,0.8599999999999994,0.546633337658097,0.5469684177206994,0.31336666234190247,0.31303158227930006,1,1,1
12,fl_potrb_zad,2020-05-31,2021-05-31,0.4099999999999966,0.5982224059575054,0.5888873841977269,0.18822240595750883,0.17888738419773031,1,1,1
12,fl_potrb_zad,2020-06-30,2021-06-30,0.5600000000000023,0.5260595450094165,0.5148342424389047,0.03394045499058573,0.04516575756109753,1,1,1
12,fl_potrb_zad,2020-07-31,2021-07-31,0.21999999999999886,0.5137348725958651,0.5087959587817958,0.2937348725958663,0.288795958781797,1,1,1
12,fl_potrb_zad,2020-08-31,2021-08-31,0.1599999999999966,0.4984278302469961,0.49474990901344523,0.3384278302469995,0.33474990901344864,1,1,1
12,fl_potrb_zad,2020-09-30,2021-09-30,0.730000000000004,0.5065349102952986,0.5064022222006314,0.22346508970470536,0.22359777779937262,1,1,1
12,fl_potrb_zad,2020-10-31,2021-10-31,0.9200000000000017,0.5140702565121966,0.5103127739541641,0.4059297434878051,0.4096872260458376,1,1,1
12,fl_potrb_zad,2020-11-30,2021-11-30,0.8599999999999994,0.5384435528651907,0.5378672958840169,0.3215564471348087,0.3221327041159825,1,1,1
12,fl_potrb_zad,2020-12-31,2021-12-31,0.20999999999999375,0.5580345664438372,0.5576368507347792,0.34803456644384345,0.34763685073478545,1,1,1
12,fl_potrb_zad,2021-01-31,2022-01-31,1.2199999999999989,0.5627239871349136,0.5619826820593894,0.6572760128650853,0.6580173179406095,1,1,1
12,fl_potrb_zad,2021-02-28,2022-02-28,0.9399999999999977,0.5511451658007955,0.5489204423206158,0.3888548341992022,0.39107955767938196,1,1,1
12,fl_potrb_zad,2021-03-31,2022-03-31,5.549999999999997,0.5799379094041194,0.5794785090184013,4.970062090595878,4.970521490981596,1,1,1
12,fl_potrb_zad,2021-04-30,2022-04-30,3.280000000000001,0.6597949363259027,0.6625311257249904,2.6202050636740983,2.6174688742750107,1,1,1
12,fl_potrb_zad,2021-05-31,2022-05-31,0.6800000000000068,0.6429942359560263,0.6445259056205709,0.03700576404398048,0.03547409437943594,1,1,1
12,fl_potrb_zad,2021-06-30,2022-06-30,-0.6800000000000068,0.583368724169626,0.5839772595752977,1.263368724169633,1.2639772595753045,1,1,1
12,fl_potrb_zad,2021-07-31,2022-07-31,-0.769999999999996,0.5928126314006696,0.5949252418909107,1.3628126314006657,1.3649252418909068,1,1,1
12,fl_potrb_zad,2021-08-31,2022-08-31,-0.5699999999999932,0.5373792786998134,0.5374987706755312,1.1073792786998067,1.1074987706755244,1,1,1
12,fl_potrb_zad,2021-09-30,2022-09-30,0.3299999999999983,0.5163885262989324,0.5182026502516003,0.1863885262989341,0.188202650251602,1,1,1
12,fl_potrb_zad,2021-10-31,2022-10-31,0.6599999999999966,0.5977762689348846,0.6006586453901919,0.06222373106511203,0.05934135460980472,1,1,1
12,fl_potrb_zad,2021-11-30,2022-11-30,0.2600000000000051,0.6272866230764278,0.629253281710497,0.3672866230764227,0.3692532817104919,1,1,1
12,fl_potrb_zad,2021-12-31,2022-12-31,0.5699999999999932,0.6144512698960508,0.6171896043148564,0.04445126989605763,0.04718960431486319,1,1,1
12,fl_potrb_zad,2022-01-31,2023-01-31,1.1299999999999955,0.5205906696746722,0.5219919873366844,0.6094093303253233,0.6080080126633111,1,1,1
12,fl_potrb_zad,2022-02-28,2023-02-28,0.75,0.6708433086266532,0.6710822615336419,0.0791566913733468,0.07891773846635808,1,1,1
12,fl_potrb_zad,2022-03-31,2023-03-31,0.39000000000000057,0.632142774814238,0.6321594657865774,0.2421427748142374,0.24215946578657688,1,1,1
12,fl_potrb_zad,2022-04-30,2023-04-30,0.7199999999999989,1.278061213797141,1.281966225050405,0.5580612137971421,0.561966225050406,1,1,1
12,fl_potrb_zad,2022-05-31,2023-05-31,-0.25,0.873892080112327,0.8697472848579753,1.123892080112327,1.1197472848579753,1,1,1
12,fl_potrb_zad,2022-06-30,2023-06-30,0.4300000000000068,0.5865025429830554,0.578899101525811,0.15650254298304855,0.1488991015258042,1,1,1
12,fl_potrb_zad,2022-07-31,2023-07-31,0.5,0.4826006349554581,0.474498799395095,0.017399365044541926,0.025501200604905017,1,1,1
12,fl_potrb_zad,2022-08-31,2023-08-31,-0.06999999999999318,0.47354191989550387,0.46833413589598394,0.543541919895497,0.5383341358959771,1,1,1
12,fl_potrb_zad,2022-09-30,2023-09-30,1.75,0.4712009712145888,0.470418195238393,1.2787990287854112,1.279581804761607,1,1,1
12,fl_potrb_zad,2022-10-31,2023-10-31,0.45999999999999375,0.5595592585833644,0.5586276635409921,0.09955925858337067,0.09862766354099839,1,1,1
12,fl_potrb_zad,2022-11-30,2023-11-30,0.7399999999999949,0.5804072049105107,0.5803671144224136,0.1595927950894842,0.15963288557758126,1,1,1
12,fl_potrb_zad,2022-12-31,2023-12-31,0.29000000000000625,0.5546097749135284,0.55414403246036,0.2646097749135221,0.2641440324603538,1,1,1
12,fl_potrb_zad,2023-01-31,2024-01-31,0.8700000000000045,0.5745879383046446,0.5735256525949551,0.29541206169535994,0.2964743474050494,1,1,1
12,fl_potrb_zad,2023-02-28,2024-02-28,0.5300000000000011,0.6142873729499093,0.6140678703652726,0.08428737294990818,0.08406787036527141,1,1,1
12,fl_potrb_zad,2023-03-31,2024-03-31,0.5300000000000011,0.5894164171410969,0.5872560196352569,0.0594164171410958,0.05725601963525573,1,1,1
12,fl_potrb_zad,2023-04-30,2024-04-30,0.37999999999999545,0.5624354210383159,0.5622347117277744,0.18243542103832044,0.18223471172777894,1,1,1
12,fl_potrb_zad,2023-05-31,2024-05-31,0.9399999999999977,0.582699825717621,0.5837272859663156,0.3573001742823767,0.3562727140336821,1,1,1
12,fl_potrb_zad,2023-06-30,2024-06-30,0.18000000000000682,0.5182117101547455,0.5187973954990533,0.3382117101547387,0.3387973954990465,1,1,1
12,fl_potrb_zad,2023-07-31,2024-07-31,1.0699999999999932,0.56148495814351,0.5632544540556778,0.5085150418564832,0.5067455459443154,1,1,1
12,fl_potrb_zad,2023-08-31,2024-08-31,0.09000000000000341,0.5680314096294871,0.5715453397194779,0.47803140962948365,0.48154533971947444,1,1,1
12,fl_potrb_zad,2023-09-30,2024-09-30,0.6200000000000045,0.5226970851558094,0.5275635960195248,0.09730291484419518,0.0924364039804797,1,1,1
12,fl_potrb_zad,2023-10-31,2024-10-31,1.019999999999996,0.6522240283996323,0.6582068329592956,0.3677759716003637,0.3617931670407004,1,1,1
12,fl_potrb_zad,2023-11-30,2024-11-30,1.5,0.5665182288516484,0.5678723884316889,0.9334817711483516,0.9321276115683111,1,1,1
12,fl_potrb_zad,2023-12-31,2024-12-31,0.9099999999999966,0.5947674046323413,0.5944110901223224,0.31523259536765524,0.3155889098776742,1,1,1
12,fl_potrb_zad,2024-01-31,2025-01-31,0.8400000000000034,0.5659154512038742,0.562891474280683,0.2740845487961292,0.27710852571932043,1,1,1
12,fl_potrb_zad,2024-02-29,2025-02-28,1.3400000000000034,0.6064360330991413,0.6074365314144947,0.7335639669008621,0.7325634685855087,1,1,1
12,fl_potrb_zad,2024-03-31,2025-03-31,0.8100000000000023,0.5855325081013824,0.5866374703737641,0.22446749189861992,0.22336252962623815,1,1,1
12,fl_potrb_zad,2024-04-30,2025-04-30,0.5300000000000011,0.5864131966369952,0.5879663954552135,0.05641319663699407,0.057966395455212316,1,1,1
12,fl_potrb_zad,2024-05-31,2025-05-31,-0.06999999999999318,0.575094488132067,0.576339891647137,0.6450944881320602,0.6463398916471301,1,1,1
12,fl_potrb_zad,2024-06-30,2025-06-30,-0.04000000000000625,0.6113843566600712,0.6152004710552695,0.6513843566600774,0.6552004710552758,1,1,1
12,fl_potrb_zad,2024-07-31,2025-07-31,0.35999999999999943,0.5519077529342338,0.5540393893578929,0.19190775293423434,0.19403938935789344,1,1,1
12,fl_potrb_zad,2024-08-31,2025-08-31,-0.5699999999999932,0.6237183074597934,0.619667661341688,1.1937183074597866,1.1896676613416812,1,1,1
12,fl_potrb_zad,2024-09-30,2025-09-30,1.0,0.5402249442346497,0.541824270493023,0.45977505576535027,0.45817572950697705,1,1,1
12,fl_potrb_zad,2024-10-31,2025-10-31,0.5300000000000011,0.5818384642585422,0.5814758855881563,0.051838464258541106,0.05147588558815519,1,1,1
12,fl_potrb_zad,2024-11-30,2025-11-30,0.15000000000000568,0.6093517031259744,0.6082152467599795,0.45935170312596874,0.4582152467599738,1,1,1
12,fl_potrb_zad,2024-12-31,2025-12-31,0.29000000000000625,0.6436114940455869,0.6364224718787628,0.3536114940455807,0.3464224718787565,1,1,1
12,fl_potrb_zad,2025-01-31,2026-01-31,1.5699999999999932,0.5924611452174415,0.5948292815723799,0.9775388547825516,0.9751707184276133,1,1,1
12,fl_potrb_zad,2025-02-28,2026-02-28,1.0999999999999943,0.6045286102558212,0.5964817218914688,0.49547138974417315,0.5035182781085256,1,1,1
12,fl_potrb_zad,2025-03-31,2026-03-31,0.5400000000000063,0.6398068089624821,0.6328030536927174,0.09980680896247585,0.09280305369271113,1,1,1
12,fl_potrb_zad,2025-04-30,2026-04-30,-0.28000000000000114,0.603837535211017,0.5968758048804611,0.8838375352110182,0.8768758048804622,1,1,1
12,fl_potrb_zad,2025-05-31,2026-05-31,0.09000000000000341,0.5782992769365429,0.5737706793352909,0.4882992769365395,0.4837706793352875,1,1,1
12,fl_dep,2016-02-29,2017-02-28,0.3299999999999983,0.68202476134938,0.6775184158052692,0.35202476134938165,0.3475184158052709,1,1,1
12,fl_dep,2016-03-31,2017-03-31,0.20000000000000284,0.6831524926608487,0.6835658376731575,0.4831524926608458,0.48356583767315464,1,1,1
12,fl_dep,2016-04-30,2017-04-30,0.769999999999996,0.7011150031279685,0.6996345246968722,0.06888499687202754,0.07036547530312387,1,1,1
12,fl_dep,2016-05-31,2017-05-31,0.45999999999999375,0.6465802917403979,0.6483634169688176,0.18658029174040414,0.18836341696882386,1,1,1
12,fl_dep,2016-06-30,2017-06-30,0.5799999999999983,0.7049381944370178,0.7018668980559467,0.12493819443701948,0.12186689805594841,1,1,1
12,fl_dep,2016-07-31,2017-07-31,-0.480000000000004,0.6966570805305541,0.6975222905945428,1.176657080530558,1.1775222905945468,1,1,1
12,fl_dep,2016-08-31,2017-08-31,-0.5100000000000051,0.6613741067174667,0.657205766299899,1.1713741067174719,1.167205766299904,1,1,1
12,fl_dep,2016-09-30,2017-09-30,-0.14000000000000057,0.6643248505754235,0.6648436227477981,0.804324850575424,0.8048436227477986,1,1,1
12,fl_dep,2016-10-31,2017-10-31,0.1599999999999966,0.6508055584387775,0.6536731192692157,0.49080555843878093,0.4936731192692191,1,1,1
12,fl_dep,2016-11-30,2017-11-30,0.18000000000000682,0.6173604395436563,0.6230518770758333,0.43736043954364945,0.4430518770758265,1,1,1
12,fl_dep,2016-12-31,2017-12-31,0.4399999999999977,0.6210472061326182,0.6238547859604764,0.1810472061326205,0.18385478596047866,1,1,1
12,fl_dep,2017-01-31,2018-01-31,-0.030000000000001137,0.6084267368147022,0.6013368819838886,0.6384267368147033,0.6313368819838897,1,1,1
12,fl_dep,2017-02-28,2018-02-28,0.3400000000000034,0.6113857563813094,0.6122083619263325,0.271385756381306,0.27220836192632913,1,1,1
12,fl_dep,2017-03-31,2018-03-31,0.0799999999999983,0.6122514610654022,0.6121857146302826,0.5322514610654039,0.5321857146302843,1,1,1
12,fl_dep,2017-04-30,2018-04-30,0.5,0.6067461156926668,0.606825857631557,0.10674611569266679,0.10682585763155705,1,1,1
12,fl_dep,2017-05-31,2018-05-31,0.09000000000000341,0.5874303716053343,0.5937261231169196,0.4974303716053309,0.5037261231169162,1,1,1
12,fl_dep,2017-06-30,2018-06-30,0.6400000000000006,0.5885389380282297,0.5942509850043916,0.051461061971770916,0.045749014995609016,1,1,1
12,fl_dep,2017-07-31,2018-07-31,0.12000000000000455,0.5965036868851733,0.5923717390781714,0.47650368688516875,0.4723717390781669,1,1,1
12,fl_dep,2017-08-31,2018-08-31,-0.04999999999999716,0.5944605938563773,0.6071376673579644,0.6444605938563744,0.6571376673579615,1,1,1
12,fl_dep,2017-09-30,2018-09-30,-0.29999999999999716,0.5632283506094883,0.5799192703079834,0.8632283506094854,0.8799192703079806,1,1,1
12,fl_dep,2017-10-31,2018-10-31,0.09000000000000341,0.52376192418474,0.5510542647212309,0.4337619241847366,0.46105426472122746,1,1,1
12,fl_dep,2017-11-30,2018-11-30,0.8700000000000045,0.5449353033994961,0.5480531721064561,0.3250646966005084,0.32194682789354845,1,1,1
12,fl_dep,2017-12-31,2018-12-31,1.0799999999999983,0.5524332070349602,0.5537430562510188,0.5275667929650381,0.5262569437489795,1,1,1
12,fl_dep,2018-01-31,2019-01-31,1.1400000000000006,0.5858129432384902,0.5669188496794575,0.5541870567615104,0.5730811503205431,1,1,1
12,fl_dep,2018-02-28,2019-02-28,0.7099999999999937,0.542809676225838,0.5656707098057212,0.16719032377415577,0.14432929019427254,1,1,1
12,fl_dep,2018-03-31,2019-03-31,0.5499999999999972,0.5807526573105747,0.5739736435877265,0.030752657310577525,0.023973643587729354,1,1,1
12,fl_dep,2018-04-30,2019-04-30,0.5900000000000034,0.5506780997562671,0.5698370770736823,0.039321900243736274,0.02016292292632116,1,1,1
12,fl_dep,2018-05-31,2019-05-31,0.5300000000000011,0.5709229541684665,0.5762836659280272,0.040922954168465364,0.04628366592802602,1,1,1
12,fl_dep,2018-06-30,2019-06-30,-0.4099999999999966,0.4902571836291863,0.5697780174639173,0.9002571836291828,0.9797780174639139,1,1,1
12,fl_dep,2018-07-31,2019-07-31,-0.0799999999999983,0.5739162731911547,0.5681088460173089,0.653916273191153,0.6481088460173072,1,1,1
12,fl_dep,2018-08-31,2019-08-31,-0.1700000000000017,0.5547826984627902,0.548415815643284,0.7247826984627919,0.7184158156432857,1,1,1
12,fl_dep,2018-09-30,2019-09-30,-0.3199999999999932,0.4742511156114632,0.5319451941139589,0.7942511156114564,0.8519451941139521,1,1,1
12,fl_dep,2018-10-31,2019-10-31,0.29999999999999716,0.43769322978106073,0.5047454554257889,0.13769322978106358,0.2047454554257917,1,1,1
12,fl_dep,2018-11-30,2019-11-30,0.39000000000000057,0.5197857733857345,0.518230261835314,0.12978577338573394,0.12823026183531339,1,1,1
12,fl_dep,2018-12-31,2019-12-31,0.4099999999999966,0.5238621617265474,0.5550184460305086,0.11386216172655084,0.14501844603051206,1,1,1
12,fl_dep,2019-01-31,2020-01-31,0.5,0.6034048108552837,0.5637594938382962,0.10340481085528375,0.06375949383829616,1,1,1
12,fl_dep,2019-02-28,2020-02-28,0.4000000000000057,0.5138502965496792,0.5658160415988605,0.11385029654967349,0.16581604159885477,1,1,1
12,fl_dep,2019-03-31,2020-03-31,0.6700000000000017,0.5640450184328977,0.5433755005855906,0.10595498156710403,0.12662449941441112,1,1,1
12,fl_dep,2019-04-30,2020-04-30,1.2999999999999972,0.5225236054041552,0.5370347376779183,0.777476394595842,0.7629652623220788,1,1,1
12,fl_dep,2019-05-31,2020-05-31,0.12000000000000455,0.5627600352781493,0.5458316954691835,0.4427600352781448,0.425831695469179,1,1,1
12,fl_dep,2019-06-30,2020-06-30,0.010000000000005116,0.5340686253775787,0.5392523861322323,0.5240686253775736,0.5292523861322271,1,1,1
12,fl_dep,2019-07-31,2020-07-31,-0.15000000000000568,0.49107986814034343,0.49021985912205884,0.6410798681403491,0.6402198591220645,1,1,1
12,fl_dep,2019-08-31,2020-08-31,0.10999999999999943,0.4277676585144587,0.4914859826850598,0.31776765851445926,0.38148598268506034,1,1,1
12,fl_dep,2019-09-30,2020-09-30,0.12999999999999545,0.4411130717983907,0.47896456992690717,0.31111307179839526,0.3489645699269117,1,1,1
12,fl_dep,2019-10-31,2020-10-31,0.5,0.4499087509445403,0.4616832247338599,0.0500912490554597,0.03831677526614008,1,1,1
12,fl_dep,2019-11-30,2020-11-30,0.7800000000000011,0.4801026744714705,0.5051959753641949,0.29989732552853066,0.2748040246358062,1,1,1
12,fl_dep,2019-12-31,2020-12-31,0.9000000000000057,0.4593204035927192,0.5140121893752373,0.4406795964072865,0.3859878106247684,1,1,1
12,fl_dep,2020-01-31,2021-01-31,0.5999999999999943,0.5817851694760803,0.5188636674495114,0.01821483052391404,0.08113633255048291,1,1,1
12,fl_dep,2020-02-29,2021-02-28,1.0300000000000011,0.49140291111979817,0.525487775469787,0.538597088880203,0.5045122245302142,1,1,1
12,fl_dep,2020-03-31,2021-03-31,1.3100000000000023,0.5039134619462484,0.5232643647405101,0.8060865380537539,0.7867356352594922,1,1,1
12,fl_dep,2020-04-30,2021-04-30,0.8599999999999994,0.5573364856204978,0.5469684177206994,0.3026635143795017,0.31303158227930006,1,1,1
12,fl_dep,2020-05-31,2021-05-31,0.4099999999999966,0.5075261724690051,0.5888873841977269,0.09752617246900852,0.17888738419773031,1,1,1
12,fl_dep,2020-06-30,2021-06-30,0.5600000000000023,0.4923880783577877,0.5148342424389047,0.06761192164221458,0.04516575756109753,1,1,1
12,fl_dep,2020-07-31,2021-07-31,0.21999999999999886,0.5837434241680858,0.5087959587817958,0.3637434241680869,0.288795958781797,1,1,1
12,fl_dep,2020-08-31,2021-08-31,0.1599999999999966,0.4426565855660666,0.49474990901344523,0.28265658556607,0.33474990901344864,1,1,1
12,fl_dep,2020-09-30,2021-09-30,0.730000000000004,0.48480845099562114,0.5064022222006314,0.24519154900438284,0.22359777779937262,1,1,1
12,fl_dep,2020-10-31,2021-10-31,0.9200000000000017,0.4451490931407488,0.5103127739541641,0.4748509068592529,0.4096872260458376,1,1,1
12,fl_dep,2020-11-30,2021-11-30,0.8599999999999994,0.4668357011462496,0.5378672958840169,0.3931642988537498,0.3221327041159825,1,1,1
12,fl_dep,2020-12-31,2021-12-31,0.20999999999999375,0.5533987657218211,0.5576368507347792,0.34339876572182737,0.34763685073478545,1,1,1
12,fl_dep,2021-01-31,2022-01-31,1.2199999999999989,0.5909526968530764,0.5619826820593894,0.6290473031469225,0.6580173179406095,1,1,1
12,fl_dep,2021-02-28,2022-02-28,0.9399999999999977,0.46978164262468597,0.5489204423206158,0.47021835737531176,0.39107955767938196,1,1,1
12,fl_dep,2021-03-31,2022-03-31,5.549999999999997,0.5720740468718631,0.5794785090184013,4.977925953128134,4.970521490981596,1,1,1
12,fl_dep,2021-04-30,2022-04-30,3.280000000000001,0.6471717251716621,0.6625311257249904,2.632828274828339,2.6174688742750107,1,1,1
12,fl_dep,2021-05-31,2022-05-31,0.6800000000000068,0.651151613576405,0.6445259056205709,0.02884838642360177,0.03547409437943594,1,1,1
12,fl_dep,2021-06-30,2022-06-30,-0.6800000000000068,0.5732692531282585,0.5839772595752977,1.2532692531282654,1.2639772595753045,1,1,1
12,fl_dep,2021-07-31,2022-07-31,-0.769999999999996,0.5937446356960221,0.5949252418909107,1.3637446356960181,1.3649252418909068,1,1,1
12,fl_dep,2021-08-31,2022-08-31,-0.5699999999999932,0.5102988230687265,0.5374987706755312,1.0802988230687198,1.1074987706755244,1,1,1
12,fl_dep,2021-09-30,2022-09-30,0.3299999999999983,0.5165536103681485,0.5182026502516003,0.1865536103681502,0.188202650251602,1,1,1
12,fl_dep,2021-10-31,2022-10-31,0.6599999999999966,0.6076409985144231,0.6006586453901919,0.052359001485573486,0.05934135460980472,1,1,1
12,fl_dep,2021-11-30,2022-11-30,0.2600000000000051,0.6042997285585949,0.629253281710497,0.3442997285585898,0.3692532817104919,1,1,1
12,fl_dep,2021-12-31,2022-12-31,0.5699999999999932,0.6124927620935018,0.6171896043148564,0.04249276209350861,0.04718960431486319,1,1,1
12,fl_dep,2022-01-31,2023-01-31,1.1299999999999955,0.5612527529065746,0.5219919873366844,0.5687472470934208,0.6080080126633111,1,1,1
12,fl_dep,2022-02-28,2023-02-28,0.75,0.6026911916875448,0.6710822615336419,0.1473088083124552,0.07891773846635808,1,1,1
12,fl_dep,2022-03-31,2023-03-31,0.39000000000000057,0.4766799663398526,0.6321594657865774,0.08667996633985203,0.24215946578657688,1,1,1
12,fl_dep,2022-04-30,2023-04-30,0.7199999999999989,1.3134029293959122,1.281966225050405,0.5934029293959133,0.561966225050406,1,1,1
12,fl_dep,2022-05-31,2023-05-31,-0.25,0.944896222697533,0.8697472848579753,1.194896222697533,1.1197472848579753,1,1,1
12,fl_dep,2022-06-30,2023-06-30,0.4300000000000068,0.5865978357030576,0.578899101525811,0.15659783570305075,0.1488991015258042,1,1,1
12,fl_dep,2022-07-31,2023-07-31,0.5,0.5017155851995362,0.474498799395095,0.0017155851995361848,0.025501200604905017,1,1,1
12,fl_dep,2022-08-31,2023-08-31,-0.06999999999999318,0.46888134181256125,0.46833413589598394,0.5388813418125544,0.5383341358959771,1,1,1
12,fl_dep,2022-09-30,2023-09-30,1.75,0.47759838589506576,0.470418195238393,1.2724016141049344,1.279581804761607,1,1,1
12,fl_dep,2022-10-31,2023-10-31,0.45999999999999375,0.5384554245124825,0.5586276635409921,0.07845542451248877,0.09862766354099839,1,1,1
12,fl_dep,2022-11-30,2023-11-30,0.7399999999999949,0.565717379675924,0.5803671144224136,0.17428262032407094,0.15963288557758126,1,1,1
12,fl_dep,2022-12-31,2023-12-31,0.29000000000000625,0.5526303387396695,0.55414403246036,0.26263033873966324,0.2641440324603538,1,1,1
12,fl_dep,2023-01-31,2024-01-31,0.8700000000000045,0.7034913752357661,0.5735256525949551,0.16650862476423844,0.2964743474050494,1,1,1
12,fl_dep,2023-02-28,2024-02-28,0.5300000000000011,0.5119159060510615,0.6140678703652726,0.018084093948939617,0.08406787036527141,1,1,1
12,fl_dep,2023-03-31,2024-03-31,0.5300000000000011,0.6341377391926671,0.5872560196352569,0.104137739192666,0.05725601963525573,1,1,1
12,fl_dep,2023-04-30,2024-04-30,0.37999999999999545,0.5674572484944482,0.5622347117277744,0.18745724849445278,0.18223471172777894,1,1,1
12,fl_dep,2023-05-31,2024-05-31,0.9399999999999977,0.589746697666751,0.5837272859663156,0.3502533023332467,0.3562727140336821,1,1,1
12,fl_dep,2023-06-30,2024-06-30,0.18000000000000682,0.53811078924779,0.5187973954990533,0.35811078924778317,0.3387973954990465,1,1,1
12,fl_dep,2023-07-31,2024-07-31,1.0699999999999932,0.597733639945836,0.5632544540556778,0.47226636005415723,0.5067455459443154,1,1,1
12,fl_dep,2023-08-31,2024-08-31,0.09000000000000341,0.5693500337773885,0.5715453397194779,0.47935003377738505,0.48154533971947444,1,1,1
12,fl_dep,2023-09-30,2024-09-30,0.6200000000000045,0.6141642535636683,0.5275635960195248,0.00583574643633622,0.0924364039804797,1,1,1
12,fl_dep,2023-10-31,2024-10-31,1.019999999999996,0.580705077268218,0.6582068329592956,0.43929492273177806,0.3617931670407004,1,1,1
12,fl_dep,2023-11-30,2024-11-30,1.5,0.5693650693034743,0.5678723884316889,0.9306349306965257,0.9321276115683111,1,1,1
12,fl_dep,2023-12-31,2024-12-31,0.9099999999999966,0.6086734106392511,0.5944110901223224,0.3013265893607455,0.3155889098776742,1,1,1
12,fl_dep,2024-01-31,2025-01-31,0.8400000000000034,0.6596171761583561,0.562891474280683,0.18038282384164728,0.27710852571932043,1,1,1
12,fl_dep,2024-02-29,2025-02-28,1.3400000000000034,0.549186178726206,0.6074365314144947,0.7908138212737974,0.7325634685855087,1,1,1
12,fl_dep,2024-03-31,2025-03-31,0.8100000000000023,0.6087420996347668,0.5866374703737641,0.2012579003652355,0.22336252962623815,1,1,1
12,fl_dep,2024-04-30,2025-04-30,0.5300000000000011,0.6093203106678307,0.5879663954552135,0.07932031066782952,0.057966395455212316,1,1,1
12,fl_dep,2024-05-31,2025-05-31,-0.06999999999999318,0.5681595011491652,0.576339891647137,0.6381595011491584,0.6463398916471301,1,1,1
12,fl_dep,2024-06-30,2025-06-30,-0.04000000000000625,0.6845525349069583,0.6152004710552695,0.7245525349069646,0.6552004710552758,1,1,1
12,fl_dep,2024-07-31,2025-07-31,0.35999999999999943,0.5599007528758023,0.5540393893578929,0.1999007528758029,0.19403938935789344,1,1,1
12,fl_dep,2024-08-31,2025-08-31,-0.5699999999999932,0.5893988141711736,0.619667661341688,1.1593988141711669,1.1896676613416812,1,1,1
12,fl_dep,2024-09-30,2025-09-30,1.0,0.5455017097094874,0.541824270493023,0.4544982902905126,0.45817572950697705,1,1,1
12,fl_dep,2024-10-31,2025-10-31,0.5300000000000011,0.5672456264039984,0.5814758855881563,0.03724562640399731,0.05147588558815519,1,1,1
12,fl_dep,2024-11-30,2025-11-30,0.15000000000000568,0.6013450650383901,0.6082152467599795,0.45134506503838445,0.4582152467599738,1,1,1
12,fl_dep,2024-12-31,2025-12-31,0.29000000000000625,0.6314804142970902,0.6364224718787628,0.341480414297084,0.3464224718787565,1,1,1
12,fl_dep,2025-01-31,2026-01-31,1.5699999999999932,0.6634879232457156,0.5948292815723799,0.9065120767542776,0.9751707184276133,1,1,1
12,fl_dep,2025-02-28,2026-02-28,1.0999999999999943,0.533088832797407,0.5964817218914688,0.5669111672025873,0.5035182781085256,1,1,1
12,fl_dep,2025-03-31,2026-03-31,0.5400000000000063,0.5671304380532555,0.6328030536927174,0.027130438053249217,0.09280305369271113,1,1,1
12,fl_dep,2025-04-30,2026-04-30,-0.28000000000000114,0.5919362436196566,0.5968758048804611,0.8719362436196577,0.8768758048804622,1,1,1
12,fl_dep,2025-05-31,2026-05-31,0.09000000000000341,0.6474835617578639,0.5737706793352909,0.5574835617578605,0.4837706793352875,1,1,1
12,all_real,2016-02-29,2017-02-28,0.3299999999999983,0.7120792591809931,0.6775184158052692,0.38207925918099483,0.3475184158052709,1,1,1
12,all_real,2016-03-31,2017-03-31,0.20000000000000284,0.6866709572483717,0.6835658376731575,0.48667095724836884,0.48356583767315464,1,1,1
12,all_real,2016-04-30,2017-04-30,0.769999999999996,0.6762435173978603,0.6996345246968722,0.09375648260213576,0.07036547530312387,1,1,1
12,all_real,2016-05-31,2017-05-31,0.45999999999999375,0.6408422816251256,0.6483634169688176,0.18084228162513183,0.18836341696882386,1,1,1
12,all_real,2016-06-30,2017-06-30,0.5799999999999983,0.6966116069120514,0.7018668980559467,0.11661160691205308,0.12186689805594841,1,1,1
12,all_real,2016-07-31,2017-07-31,-0.480000000000004,0.6939986607076745,0.6975222905945428,1.1739986607076784,1.1775222905945468,1,1,1
12,all_real,2016-08-31,2017-08-31,-0.5100000000000051,0.6463146786868753,0.657205766299899,1.1563146786868805,1.167205766299904,1,1,1
12,all_real,2016-09-30,2017-09-30,-0.14000000000000057,0.6749175833070697,0.6648436227477981,0.8149175833070703,0.8048436227477986,1,1,1
12,all_real,2016-10-31,2017-10-31,0.1599999999999966,0.6484143132843553,0.6536731192692157,0.4884143132843587,0.4936731192692191,1,1,1
12,all_real,2016-11-30,2017-11-30,0.18000000000000682,0.5973354925810472,0.6230518770758333,0.4173354925810404,0.4430518770758265,1,1,1
12,all_real,2016-12-31,2017-12-31,0.4399999999999977,0.6255206811020598,0.6238547859604764,0.1855206811020621,0.18385478596047866,1,1,1
12,all_real,2017-01-31,2018-01-31,-0.030000000000001137,0.5571748526949591,0.6013368819838886,0.5871748526949603,0.6313368819838897,1,1,1
12,all_real,2017-02-28,2018-02-28,0.3400000000000034,0.5744048655678723,0.6122083619263325,0.23440486556786888,0.27220836192632913,1,1,1
12,all_real,2017-03-31,2018-03-31,0.0799999999999983,0.5929748096022333,0.6121857146302826,0.512974809602235,0.5321857146302843,1,1,1
12,all_real,2017-04-30,2018-04-30,0.5,0.6020870474514963,0.606825857631557,0.10208704745149633,0.10682585763155705,1,1,1
12,all_real,2017-05-31,2018-05-31,0.09000000000000341,0.5654112202588137,0.5937261231169196,0.47541122025881033,0.5037261231169162,1,1,1
12,all_real,2017-06-30,2018-06-30,0.6400000000000006,0.6269723605591601,0.5942509850043916,0.01302763944084051,0.045749014995609016,1,1,1
12,all_real,2017-07-31,2018-07-31,0.12000000000000455,0.6139800337319684,0.5923717390781714,0.49398003373196386,0.4723717390781669,1,1,1
12,all_real,2017-08-31,2018-08-31,-0.04999999999999716,0.6518733014085133,0.6071376673579644,0.7018733014085105,0.6571376673579615,1,1,1
12,all_real,2017-09-30,2018-09-30,-0.29999999999999716,0.5923292263188127,0.5799192703079834,0.8923292263188098,0.8799192703079806,1,1,1
12,all_real,2017-10-31,2018-10-31,0.09000000000000341,0.5261856068728156,0.5510542647212309,0.43618560687281216,0.46105426472122746,1,1,1
12,all_real,2017-11-30,2018-11-30,0.8700000000000045,0.5326931252439219,0.5480531721064561,0.3373068747560827,0.32194682789354845,1,1,1
12,all_real,2017-12-31,2018-12-31,1.0799999999999983,0.5672289658236197,0.5537430562510188,0.5127710341763786,0.5262569437489795,1,1,1
12,all_real,2018-01-31,2019-01-31,1.1400000000000006,0.563769306313074,0.5669188496794575,0.5762306936869266,0.5730811503205431,1,1,1
12,all_real,2018-02-28,2019-02-28,0.7099999999999937,0.5531787221401377,0.5656707098057212,0.156821277859856,0.14432929019427254,1,1,1
12,all_real,2018-03-31,2019-03-31,0.5499999999999972,0.5859800520372423,0.5739736435877265,0.03598005203724519,0.023973643587729354,1,1,1
12,all_real,2018-04-30,2019-04-30,0.5900000000000034,0.5705812244145886,0.5698370770736823,0.019418775585414827,0.02016292292632116,1,1,1
12,all_real,2018-05-31,2019-05-31,0.5300000000000011,0.621383621236892,0.5762836659280272,0.09138362123689081,0.04628366592802602,1,1,1
12,all_real,2018-06-30,2019-06-30,-0.4099999999999966,0.5690794951818351,0.5697780174639173,0.9790794951818317,0.9797780174639139,1,1,1
12,all_real,2018-07-31,2019-07-31,-0.0799999999999983,0.560235665675917,0.5681088460173089,0.6402356656759153,0.6481088460173072,1,1,1
12,all_real,2018-08-31,2019-08-31,-0.1700000000000017,0.5384006921401573,0.548415815643284,0.708400692140159,0.7184158156432857,1,1,1
12,all_real,2018-09-30,2019-09-30,-0.3199999999999932,0.558112349024904,0.5319451941139589,0.8781123490248972,0.8519451941139521,1,1,1
12,all_real,2018-10-31,2019-10-31,0.29999999999999716,0.5188797123793147,0.5047454554257889,0.21887971237931758,0.2047454554257917,1,1,1
12,all_real,2018-11-30,2019-11-30,0.39000000000000057,0.48797784745348927,0.518230261835314,0.0979778474534887,0.12823026183531339,1,1,1
12,all_real,2018-12-31,2019-12-31,0.4099999999999966,0.5562135541507842,0.5550184460305086,0.14621355415078763,0.14501844603051206,1,1,1
12,all_real,2019-01-31,2020-01-31,0.5,0.5766480310200208,0.5637594938382962,0.07664803102002082,0.06375949383829616,1,1,1
12,all_real,2019-02-28,2020-02-28,0.4000000000000057,0.5668560806557831,0.5658160415988605,0.1668560806557774,0.16581604159885477,1,1,1
12,all_real,2019-03-31,2020-03-31,0.6700000000000017,0.5221133543924366,0.5433755005855906,0.14788664560756515,0.12662449941441112,1,1,1
12,all_real,2019-04-30,2020-04-30,1.2999999999999972,0.5253874214876272,0.5370347376779183,0.77461257851237,0.7629652623220788,1,1,1
12,all_real,2019-05-31,2020-05-31,0.12000000000000455,0.5331706887345298,0.5458316954691835,0.4131706887345252,0.425831695469179,1,1,1
12,all_real,2019-06-30,2020-06-30,0.010000000000005116,0.5336278235956176,0.5392523861322323,0.5236278235956124,0.5292523861322271,1,1,1
12,all_real,2019-07-31,2020-07-31,-0.15000000000000568,0.4860269405405475,0.49021985912205884,0.6360269405405532,0.6402198591220645,1,1,1
12,all_real,2019-08-31,2020-08-31,0.10999999999999943,0.47746104467805006,0.4914859826850598,0.36746104467805063,0.38148598268506034,1,1,1
12,all_real,2019-09-30,2020-09-30,0.12999999999999545,0.4980495891789485,0.47896456992690717,0.36804958917895303,0.3489645699269117,1,1,1
12,all_real,2019-10-31,2020-10-31,0.5,0.4477649717213512,0.4616832247338599,0.05223502827864879,0.03831677526614008,1,1,1
12,all_real,2019-11-30,2020-11-30,0.7800000000000011,0.4979981166907181,0.5051959753641949,0.28200188330928305,0.2748040246358062,1,1,1
12,all_real,2019-12-31,2020-12-31,0.9000000000000057,0.5101523425074486,0.5140121893752373,0.3898476574925571,0.3859878106247684,1,1,1
12,all_real,2020-01-31,2021-01-31,0.5999999999999943,0.5073638159790745,0.5188636674495114,0.09263618402091978,0.08113633255048291,1,1,1
12,all_real,2020-02-29,2021-02-28,1.0300000000000011,0.5119039600278424,0.525487775469787,0.5180960399721587,0.5045122245302142,1,1,1
12,all_real,2020-03-31,2021-03-31,1.3100000000000023,0.534133007116146,0.5232643647405101,0.7758669928838563,0.7867356352594922,1,1,1
12,all_real,2020-04-30,2021-04-30,0.8599999999999994,0.6370086510642967,0.5469684177206994,0.22299134893570272,0.31303158227930006,1,1,1
12,all_real,2020-05-31,2021-05-31,0.4099999999999966,0.5934825673210559,0.5888873841977269,0.18348256732105928,0.17888738419773031,1,1,1
12,all_real,2020-06-30,2021-06-30,0.5600000000000023,0.4800340023475241,0.5148342424389047,0.0799659976524782,0.04516575756109753,1,1,1
12,all_real,2020-07-31,2021-07-31,0.21999999999999886,0.4824327767455826,0.5087959587817958,0.26243277674558374,0.288795958781797,1,1,1
12,all_real,2020-08-31,2021-08-31,0.1599999999999966,0.5268568499474833,0.49474990901344523,0.3668568499474867,0.33474990901344864,1,1,1
12,all_real,2020-09-30,2021-09-30,0.730000000000004,0.548701906877786,0.5064022222006314,0.181298093122218,0.22359777779937262,1,1,1
12,all_real,2020-10-31,2021-10-31,0.9200000000000017,0.5273872378121601,0.5103127739541641,0.3926127621878416,0.4096872260458376,1,1,1
12,all_real,2020-11-30,2021-11-30,0.8599999999999994,0.5583368685535809,0.5378672958840169,0.30166313144641854,0.3221327041159825,1,1,1
12,all_real,2020-12-31,2021-12-31,0.20999999999999375,0.5554164581097718,0.5576368507347792,0.34541645810977806,0.34763685073478545,1,1,1
12,all_real,2021-01-31,2022-01-31,1.2199999999999989,0.5384480795281773,0.5619826820593894,0.6815519204718216,0.6580173179406095,1,1,1
12,all_real,2021-02-28,2022-02-28,0.9399999999999977,0.5517222335065837,0.5489204423206158,0.38827776649341406,0.39107955767938196,1,1,1
12,all_real,2021-03-31,2022-03-31,5.549999999999997,0.5776043809589125,0.5794785090184013,4.972395619041085,4.970521490981596,1,1,1
12,all_real,2021-04-30,2022-04-30,3.280000000000001,0.6476586815144695,0.6625311257249904,2.6323413184855315,2.6174688742750107,1,1,1
12,all_real,2021-05-31,2022-05-31,0.6800000000000068,0.6540063793493716,0.6445259056205709,0.025993620650635263,0.03547409437943594,1,1,1
12,all_real,2021-06-30,2022-06-30,-0.6800000000000068,0.5733450175274695,0.5839772595752977,1.2533450175274763,1.2639772595753045,1,1,1
12,all_real,2021-07-31,2022-07-31,-0.769999999999996,0.5748962365263349,0.5949252418909107,1.3448962365263308,1.3649252418909068,1,1,1
12,all_real,2021-08-31,2022-08-31,-0.5699999999999932,0.5406670408814389,0.5374987706755312,1.110667040881432,1.1074987706755244,1,1,1
12,all_real,2021-09-30,2022-09-30,0.3299999999999983,0.5110549364082466,0.5182026502516003,0.18105493640824832,0.188202650251602,1,1,1
12,all_real,2021-10-31,2022-10-31,0.6599999999999966,0.589785978709672,0.6006586453901919,0.07021402129032461,0.05934135460980472,1,1,1
12,all_real,2021-11-30,2022-11-30,0.2600000000000051,0.5980240534961511,0.629253281710497,0.33802405349614595,0.3692532817104919,1,1,1
12,all_real,2021-12-31,2022-12-31,0.5699999999999932,0.6169585562296314,0.6171896043148564,0.04695855622963818,0.04718960431486319,1,1,1
12,all_real,2022-01-31,2023-01-31,1.1299999999999955,0.5166373806905307,0.5219919873366844,0.6133626193094648,0.6080080126633111,1,1,1
12,all_real,2022-02-28,2023-02-28,0.75,0.6982980511398647,0.6710822615336419,0.05170194886013535,0.07891773846635808,1,1,1
12,all_real,2022-03-31,2023-03-31,0.39000000000000057,0.6474371659389544,0.6321594657865774,0.2574371659389538,0.24215946578657688,1,1,1
12,all_real,2022-04-30,2023-04-30,0.7199999999999989,1.496112231335545,1.281966225050405,0.7761122313355462,0.561966225050406,1,1,1
12,all_real,2022-05-31,2023-05-31,-0.25,0.7235493252712697,0.8697472848579753,0.9735493252712697,1.1197472848579753,1,1,1
12,all_real,2022-06-30,2023-06-30,0.4300000000000068,0.260327117117787,0.578899101525811,0.16967288288221982,0.1488991015258042,1,1,1
12,all_real,2022-07-31,2023-07-31,0.5,0.30945096468020333,0.474498799395095,0.19054903531979667,0.025501200604905017,1,1,1
12,all_real,2022-08-31,2023-08-31,-0.06999999999999318,0.46537575650040347,0.46833413589598394,0.5353757565003967,0.5383341358959771,1,1,1
12,all_real,2022-09-30,2023-09-30,1.75,0.5101654222073985,0.470418195238393,1.2398345777926014,1.279581804761607,1,1,1
12,all_real,2022-10-31,2023-10-31,0.45999999999999375,0.5188648608284523,0.5586276635409921,0.05886486082845854,0.09862766354099839,1,1,1
12,all_real,2022-11-30,2023-11-30,0.7399999999999949,0.5850438551797751,0.5803671144224136,0.1549561448202198,0.15963288557758126,1,1,1
12,all_real,2022-12-31,2023-12-31,0.29000000000000625,0.5832112122396081,0.55414403246036,0.2932112122396019,0.2641440324603538,1,1,1
12,all_real,2023-01-31,2024-01-31,0.8700000000000045,0.6927325091091135,0.5735256525949551,0.177267490890891,0.2964743474050494,1,1,1
12,all_real,2023-02-28,2024-02-28,0.5300000000000011,0.7023875196014091,0.6140678703652726,0.17238751960140797,0.08406787036527141,1,1,1
12,all_real,2023-03-31,2024-03-31,0.5300000000000011,0.6488855097079922,0.5872560196352569,0.11888550970799105,0.05725601963525573,1,1,1
12,all_real,2023-04-30,2024-04-30,0.37999999999999545,0.6053539453373459,0.5622347117277744,0.22535394533735043,0.18223471172777894,1,1,1
12,all_real,2023-05-31,2024-05-31,0.9399999999999977,0.6677843383971894,0.5837272859663156,0.2722156616028083,0.3562727140336821,1,1,1
12,all_real,2023-06-30,2024-06-30,0.18000000000000682,0.48084079681241515,0.5187973954990533,0.30084079681240833,0.3387973954990465,1,1,1
12,all_real,2023-07-31,2024-07-31,1.0699999999999932,0.6030273432355238,0.5632544540556778,0.4669726567644694,0.5067455459443154,1,1,1
12,all_real,2023-08-31,2024-08-31,0.09000000000000341,0.6733524025507732,0.5715453397194779,0.5833524025507698,0.48154533971947444,1,1,1
12,all_real,2023-09-30,2024-09-30,0.6200000000000045,0.5762217090986723,0.5275635960195248,0.04377829090133223,0.0924364039804797,1,1,1
12,all_real,2023-10-31,2024-10-31,1.019999999999996,0.6497015284010306,0.6582068329592956,0.37029847159896545,0.3617931670407004,1,1,1
12,all_real,2023-11-30,2024-11-30,1.5,0.5559171737192838,0.5678723884316889,0.9440828262807162,0.9321276115683111,1,1,1
12,all_real,2023-12-31,2024-12-31,0.9099999999999966,0.5211251794798021,0.5944110901223224,0.3888748205201945,0.3155889098776742,1,1,1
12,all_real,2024-01-31,2025-01-31,0.8400000000000034,0.5757405002787874,0.562891474280683,0.264259499721216,0.27710852571932043,1,1,1
12,all_real,2024-02-29,2025-02-28,1.3400000000000034,0.5764112404434624,0.6074365314144947,0.763588759556541,0.7325634685855087,1,1,1
12,all_real,2024-03-31,2025-03-31,0.8100000000000023,0.6074122904375395,0.5866374703737641,0.20258770956246275,0.22336252962623815,1,1,1
12,all_real,2024-04-30,2025-04-30,0.5300000000000011,0.579409468452374,0.5879663954552135,0.04940946845237282,0.057966395455212316,1,1,1
12,all_real,2024-05-31,2025-05-31,-0.06999999999999318,0.5802475795504285,0.576339891647137,0.6502475795504217,0.6463398916471301,1,1,1
12,all_real,2024-06-30,2025-06-30,-0.04000000000000625,0.5814750049096585,0.6152004710552695,0.6214750049096648,0.6552004710552758,1,1,1
12,all_real,2024-07-31,2025-07-31,0.35999999999999943,0.49862356274606334,0.5540393893578929,0.1386235627460639,0.19403938935789344,1,1,1
12,all_real,2024-08-31,2025-08-31,-0.5699999999999932,0.6026125974025602,0.619667661341688,1.1726125974025534,1.1896676613416812,1,1,1
12,all_real,2024-09-30,2025-09-30,1.0,0.5581220323683335,0.541824270493023,0.44187796763166654,0.45817572950697705,1,1,1
12,all_real,2024-10-31,2025-10-31,0.5300000000000011,0.6334232508914571,0.5814758855881563,0.10342325089145599,0.05147588558815519,1,1,1
12,all_real,2024-11-30,2025-11-30,0.15000000000000568,0.6601084798507124,0.6082152467599795,0.5101084798507067,0.4582152467599738,1,1,1
12,all_real,2024-12-31,2025-12-31,0.29000000000000625,0.660635001571994,0.6364224718787628,0.3706350015719877,0.3464224718787565,1,1,1
12,all_real,2025-01-31,2026-01-31,1.5699999999999932,0.5948996480168146,0.5948292815723799,0.9751003519831786,0.9751707184276133,1,1,1
12,all_real,2025-02-28,2026-02-28,1.0999999999999943,0.5632618745632955,0.5964817218914688,0.5367381254366989,0.5035182781085256,1,1,1
12,all_real,2025-03-31,2026-03-31,0.5400000000000063,0.5363521166330448,0.6328030536927174,0.003647883366961424,0.09280305369271113,1,1,1
12,all_real,2025-04-30,2026-04-30,-0.28000000000000114,0.5153302974723655,0.5968758048804611,0.7953302974723666,0.8768758048804622,1,1,1
12,all_real,2025-05-31,2026-05-31,0.09000000000000341,0.5345823412404997,0.5737706793352909,0.44458234124049634,0.4837706793352875,1,1,1
12,Ruonia,2016-02-29,2017-02-28,0.3299999999999983,0.6771462734158493,0.6775184158052692,0.347146273415851,0.3475184158052709,1,1,1
12,Ruonia,2016-03-31,2017-03-31,0.20000000000000284,0.6747842690627737,0.6835658376731575,0.4747842690627708,0.48356583767315464,1,1,1
12,Ruonia,2016-04-30,2017-04-30,0.769999999999996,0.677282229988705,0.6996345246968722,0.092717770011291,0.07036547530312387,1,1,1
12,Ruonia,2016-05-31,2017-05-31,0.45999999999999375,0.6348370455274582,0.6483634169688176,0.17483704552746449,0.18836341696882386,1,1,1
12,Ruonia,2016-06-30,2017-06-30,0.5799999999999983,0.6781630754866667,0.7018668980559467,0.09816307548666836,0.12186689805594841,1,1,1
12,Ruonia,2016-07-31,2017-07-31,-0.480000000000004,0.674340914860451,0.6975222905945428,1.1543409148604549,1.1775222905945468,1,1,1
12,Ruonia,2016-08-31,2017-08-31,-0.5100000000000051,0.6189302841465162,0.657205766299899,1.1289302841465214,1.167205766299904,1,1,1
12,Ruonia,2016-09-30,2017-09-30,-0.14000000000000057,0.6010075472357196,0.6648436227477981,0.7410075472357202,0.8048436227477986,1,1,1
12,Ruonia,2016-10-31,2017-10-31,0.1599999999999966,0.5741728599262657,0.6536731192692157,0.41417285992626907,0.4936731192692191,1,1,1
12,Ruonia,2016-11-30,2017-11-30,0.18000000000000682,0.5545682259284059,0.6230518770758333,0.3745682259283991,0.4430518770758265,1,1,1
12,Ruonia,2016-12-31,2017-12-31,0.4399999999999977,0.5500515076030217,0.6238547859604764,0.11005150760302396,0.18385478596047866,1,1,1
12,Ruonia,2017-01-31,2018-01-31,-0.030000000000001137,0.5503977133034191,0.6013368819838886,0.5803977133034203,0.6313368819838897,1,1,1
12,Ruonia,2017-02-28,2018-02-28,0.3400000000000034,0.536932932715579,0.6122083619263325,0.19693293271557555,0.27220836192632913,1,1,1
12,Ruonia,2017-03-31,2018-03-31,0.0799999999999983,0.5294703281874554,0.6121857146302826,0.44947032818745714,0.5321857146302843,1,1,1
12,Ruonia,2017-04-30,2018-04-30,0.5,0.5237996917428053,0.606825857631557,0.023799691742805273,0.10682585763155705,1,1,1
12,Ruonia,2017-05-31,2018-05-31,0.09000000000000341,0.5385860783337331,0.5937261231169196,0.44858607833372965,0.5037261231169162,1,1,1
12,Ruonia,2017-06-30,2018-06-30,0.6400000000000006,0.5388248889847485,0.5942509850043916,0.10117511101525212,0.045749014995609016,1,1,1
12,Ruonia,2017-07-31,2018-07-31,0.12000000000000455,0.541635267441688,0.5923717390781714,0.42163526744168345,0.4723717390781669,1,1,1
12,Ruonia,2017-08-31,2018-08-31,-0.04999999999999716,0.5286163825704239,0.6071376673579644,0.578616382570421,0.6571376673579615,1,1,1
12,Ruonia,2017-09-30,2018-09-30,-0.29999999999999716,0.5107268453551037,0.5799192703079834,0.8107268453551009,0.8799192703079806,1,1,1
12,Ruonia,2017-10-31,2018-10-31,0.09000000000000341,0.4976449828391979,0.5510542647212309,0.4076449828391945,0.46105426472122746,1,1,1
12,Ruonia,2017-11-30,2018-11-30,0.8700000000000045,0.5129748352337552,0.5480531721064561,0.35702516476624935,0.32194682789354845,1,1,1
12,Ruonia,2017-12-31,2018-12-31,1.0799999999999983,0.520234408579046,0.5537430562510188,0.5597655914209523,0.5262569437489795,1,1,1
12,Ruonia,2018-01-31,2019-01-31,1.1400000000000006,0.5478306647759748,0.5669188496794575,0.5921693352240258,0.5730811503205431,1,1,1
12,Ruonia,2018-02-28,2019-02-28,0.7099999999999937,0.5546059572116024,0.5656707098057212,0.1553940427883913,0.14432929019427254,1,1,1
12,Ruonia,2018-03-31,2019-03-31,0.5499999999999972,0.5703962722393878,0.5739736435877265,0.020396272239390667,0.023973643587729354,1,1,1
12,Ruonia,2018-04-30,2019-04-30,0.5900000000000034,0.559151071482549,0.5698370770736823,0.030848928517454466,0.02016292292632116,1,1,1
12,Ruonia,2018-05-31,2019-05-31,0.5300000000000011,0.5772774656274842,0.5762836659280272,0.04727746562748303,0.04628366592802602,1,1,1
12,Ruonia,2018-06-30,2019-06-30,-0.4099999999999966,0.5595368371355988,0.5697780174639173,0.9695368371355954,0.9797780174639139,1,1,1
12,Ruonia,2018-07-31,2019-07-31,-0.0799999999999983,0.5730790654701818,0.5681088460173089,0.6530790654701801,0.6481088460173072,1,1,1
12,Ruonia,2018-08-31,2019-08-31,-0.1700000000000017,0.5390420533223168,0.548415815643284,0.7090420533223185,0.7184158156432857,1,1,1
12,Ruonia,2018-09-30,2019-09-30,-0.3199999999999932,0.5179641550224474,0.5319451941139589,0.8379641550224406,0.8519451941139521,1,1,1
12,Ruonia,2018-10-31,2019-10-31,0.29999999999999716,0.48393715428142925,0.5047454554257889,0.1839371542814321,0.2047454554257917,1,1,1
12,Ruonia,2018-11-30,2019-11-30,0.39000000000000057,0.508584416284208,0.518230261835314,0.11858441628420746,0.12823026183531339,1,1,1
12,Ruonia,2018-12-31,2019-12-31,0.4099999999999966,0.566845673446518,0.5550184460305086,0.15684567344652145,0.14501844603051206,1,1,1
12,Ruonia,2019-01-31,2020-01-31,0.5,0.581163019710199,0.5637594938382962,0.08116301971019901,0.06375949383829616,1,1,1
12,Ruonia,2019-02-28,2020-02-28,0.4000000000000057,0.5845882686245425,0.5658160415988605,0.1845882686245368,0.16581604159885477,1,1,1
12,Ruonia,2019-03-31,2020-03-31,0.6700000000000017,0.5412659272882738,0.5433755005855906,0.12873407271172788,0.12662449941441112,1,1,1
12,Ruonia,2019-04-30,2020-04-30,1.2999999999999972,0.5276499228974658,0.5370347376779183,0.7723500771025313,0.7629652623220788,1,1,1
12,Ruonia,2019-05-31,2020-05-31,0.12000000000000455,0.5346759981113837,0.5458316954691835,0.4146759981113791,0.425831695469179,1,1,1
12,Ruonia,2019-06-30,2020-06-30,0.010000000000005116,0.5295449644687278,0.5392523861322323,0.5195449644687227,0.5292523861322271,1,1,1
12,Ruonia,2019-07-31,2020-07-31,-0.15000000000000568,0.4583713364776314,0.49021985912205884,0.6083713364776371,0.6402198591220645,1,1,1
12,Ruonia,2019-08-31,2020-08-31,0.10999999999999943,0.4779917800903539,0.4914859826850598,0.3679917800903545,0.38148598268506034,1,1,1
12,Ruonia,2019-09-30,2020-09-30,0.12999999999999545,0.4663373375963458,0.47896456992690717,0.33633733759635037,0.3489645699269117,1,1,1
12,Ruonia,2019-10-31,2020-10-31,0.5,0.4545797880028205,0.4616832247338599,0.045420211997179494,0.03831677526614008,1,1,1
12,Ruonia,2019-11-30,2020-11-30,0.7800000000000011,0.5146638991783012,0.5051959753641949,0.2653361008216999,0.2748040246358062,1,1,1
12,Ruonia,2019-12-31,2020-12-31,0.9000000000000057,0.5382406164521852,0.5140121893752373,0.36175938354782045,0.3859878106247684,1,1,1
12,Ruonia,2020-01-31,2021-01-31,0.5999999999999943,0.5498824673687932,0.5188636674495114,0.05011753263120111,0.08113633255048291,1,1,1
12,Ruonia,2020-02-29,2021-02-28,1.0300000000000011,0.5649886626482923,0.525487775469787,0.46501133735170885,0.5045122245302142,1,1,1
12,Ruonia,2020-03-31,2021-03-31,1.3100000000000023,0.5635469094047838,0.5232643647405101,0.7464530905952185,0.7867356352594922,1,1,1
12,Ruonia,2020-04-30,2021-04-30,0.8599999999999994,0.5989417569613952,0.5469684177206994,0.26105824303860425,0.31303158227930006,1,1,1
12,Ruonia,2020-05-31,2021-05-31,0.4099999999999966,0.6557913046568452,0.5888873841977269,0.24579130465684862,0.17888738419773031,1,1,1
12,Ruonia,2020-06-30,2021-06-30,0.5600000000000023,0.5636628415073509,0.5148342424389047,0.0036628415073486353,0.04516575756109753,1,1,1
12,Ruonia,2020-07-31,2021-07-31,0.21999999999999886,0.5703375809258606,0.5087959587817958,0.35033758092586176,0.288795958781797,1,1,1
12,Ruonia,2020-08-31,2021-08-31,0.1599999999999966,0.5723552425793914,0.49474990901344523,0.4123552425793948,0.33474990901344864,1,1,1
12,Ruonia,2020-09-30,2021-09-30,0.730000000000004,0.5909945765578378,0.5064022222006314,0.13900542344216615,0.22359777779937262,1,1,1
12,Ruonia,2020-10-31,2021-10-31,0.9200000000000017,0.5922491468349856,0.5103127739541641,0.32775085316501607,0.4096872260458376,1,1,1
12,Ruonia,2020-11-30,2021-11-30,0.8599999999999994,0.6321365706897133,0.5378672958840169,0.22786342931028614,0.3221327041159825,1,1,1
12,Ruonia,2020-12-31,2021-12-31,0.20999999999999375,0.6649195551551895,0.5576368507347792,0.4549195551551958,0.34763685073478545,1,1,1
12,Ruonia,2021-01-31,2022-01-31,1.2199999999999989,0.6677056876852996,0.5619826820593894,0.5522943123146993,0.6580173179406095,1,1,1
12,Ruonia,2021-02-28,2022-02-28,0.9399999999999977,0.643179532369632,0.5489204423206158,0.29682046763036574,0.39107955767938196,1,1,1
12,Ruonia,2021-03-31,2022-03-31,5.549999999999997,0.6986704250152809,0.5794785090184013,4.8513295749847165,4.970521490981596,1,1,1
12,Ruonia,2021-04-30,2022-04-30,3.280000000000001,0.8333340811098262,0.6625311257249904,2.446665918890175,2.6174688742750107,1,1,1
12,Ruonia,2021-05-31,2022-05-31,0.6800000000000068,0.7996543237021629,0.6445259056205709,0.11965432370215612,0.03547409437943594,1,1,1
12,Ruonia,2021-06-30,2022-06-30,-0.6800000000000068,0.6995308507551651,0.5839772595752977,1.379530850755172,1.2639772595753045,1,1,1
12,Ruonia,2021-07-31,2022-07-31,-0.769999999999996,0.6953438048885621,0.5949252418909107,1.465343804888558,1.3649252418909068,1,1,1
12,Ruonia,2021-08-31,2022-08-31,-0.5699999999999932,0.5827751304851393,0.5374987706755312,1.1527751304851326,1.1074987706755244,1,1,1
12,Ruonia,2021-09-30,2022-09-30,0.3299999999999983,0.5348014050333615,0.5182026502516003,0.2048014050333632,0.188202650251602,1,1,1
12,Ruonia,2021-10-31,2022-10-31,0.6599999999999966,0.6262250061972104,0.6006586453901919,0.033774993802786146,0.05934135460980472,1,1,1
12,Ruonia,2021-11-30,2022-11-30,0.2600000000000051,0.6526901923036802,0.629253281710497,0.3926901923036751,0.3692532817104919,1,1,1
12,Ruonia,2021-12-31,2022-12-31,0.5699999999999932,0.6129691852837656,0.6171896043148564,0.04296918528377247,0.04718960431486319,1,1,1
12,Ruonia,2022-01-31,2023-01-31,1.1299999999999955,0.47558567824845954,0.5219919873366844,0.6544143217515359,0.6080080126633111,1,1,1
12,Ruonia,2022-02-28,2023-02-28,0.75,0.632834571281308,0.6710822615336419,0.11716542871869196,0.07891773846635808,1,1,1
12,Ruonia,2022-03-31,2023-03-31,0.39000000000000057,0.5238765686630472,0.6321594657865774,0.13387656866304665,0.24215946578657688,1,1,1
12,Ruonia,2022-04-30,2023-04-30,0.7199999999999989,0.8514391383745247,1.281966225050405,0.1314391383745258,0.561966225050406,1,1,1
12,Ruonia,2022-05-31,2023-05-31,-0.25,0.5517441357066419,0.8697472848579753,0.8017441357066419,1.1197472848579753,1,1,1
12,Ruonia,2022-06-30,2023-06-30,0.4300000000000068,0.25303730676822533,0.578899101525811,0.1769626932317815,0.1488991015258042,1,1,1
12,Ruonia,2022-07-31,2023-07-31,0.5,0.23934171872746038,0.474498799395095,0.26065828127253965,0.025501200604905017,1,1,1
12,Ruonia,2022-08-31,2023-08-31,-0.06999999999999318,0.27220797003774766,0.46833413589598394,0.34220797003774084,0.5383341358959771,1,1,1
12,Ruonia,2022-09-30,2023-09-30,1.75,0.344397109324376,0.470418195238393,1.405602890675624,1.279581804761607,1,1,1
12,Ruonia,2022-10-31,2023-10-31,0.45999999999999375,0.5151057816248316,0.5586276635409921,0.05510578162483781,0.09862766354099839,1,1,1
12,Ruonia,2022-11-30,2023-11-30,0.7399999999999949,0.5606113010881051,0.5803671144224136,0.1793886989118898,0.15963288557758126,1,1,1
12,Ruonia,2022-12-31,2023-12-31,0.29000000000000625,0.5263147514245762,0.55414403246036,0.23631475142456992,0.2641440324603538,1,1,1
12,Ruonia,2023-01-31,2024-01-31,0.8700000000000045,0.5679018300566904,0.5735256525949551,0.3020981699433142,0.2964743474050494,1,1,1
12,Ruonia,2023-02-28,2024-02-28,0.5300000000000011,0.6634552884703959,0.6140678703652726,0.13345528847039478,0.08406787036527141,1,1,1
12,Ruonia,2023-03-31,2024-03-31,0.5300000000000011,0.6041988172633632,0.5872560196352569,0.07419881726336208,0.05725601963525573,1,1,1
12,Ruonia,2023-04-30,2024-04-30,0.37999999999999545,0.5435427585689353,0.5622347117277744,0.16354275856893985,0.18223471172777894,1,1,1
12,Ruonia,2023-05-31,2024-05-31,0.9399999999999977,0.5985611086098312,0.5837272859663156,0.3414388913901665,0.3562727140336821,1,1,1
12,Ruonia,2023-06-30,2024-06-30,0.18000000000000682,0.45989462867136505,0.5187973954990533,0.2798946286713582,0.3387973954990465,1,1,1
12,Ruonia,2023-07-31,2024-07-31,1.0699999999999932,0.547775195593403,0.5632544540556778,0.5222248044065901,0.5067455459443154,1,1,1
12,Ruonia,2023-08-31,2024-08-31,0.09000000000000341,0.5357706565672002,0.5715453397194779,0.44577065656719683,0.48154533971947444,1,1,1
12,Ruonia,2023-09-30,2024-09-30,0.6200000000000045,0.32424719372537814,0.5275635960195248,0.2957528062746264,0.0924364039804797,1,1,1
12,Ruonia,2023-10-31,2024-10-31,1.019999999999996,0.4891320372300957,0.6582068329592956,0.5308679627699003,0.3617931670407004,1,1,1
12,Ruonia,2023-11-30,2024-11-30,1.5,0.2791319583678652,0.5678723884316889,1.220868041632135,0.9321276115683111,1,1,1
12,Ruonia,2023-12-31,2024-12-31,0.9099999999999966,0.27531012075970474,0.5944110901223224,0.6346898792402919,0.3155889098776742,1,1,1
12,Ruonia,2024-01-31,2025-01-31,0.8400000000000034,0.2305288226678787,0.562891474280683,0.6094711773321247,0.27710852571932043,1,1,1
12,Ruonia,2024-02-29,2025-02-28,1.3400000000000034,0.31073986108383095,0.6074365314144947,1.0292601389161724,0.7325634685855087,1,1,1
12,Ruonia,2024-03-31,2025-03-31,0.8100000000000023,0.31301252832465026,0.5866374703737641,0.496987471675352,0.22336252962623815,1,1,1
12,Ruonia,2024-04-30,2025-04-30,0.5300000000000011,0.34283757271414106,0.5879663954552135,0.18716242728586008,0.057966395455212316,1,1,1
12,Ruonia,2024-05-31,2025-05-31,-0.06999999999999318,0.33087058446238143,0.576339891647137,0.4008705844623746,0.6463398916471301,1,1,1
12,Ruonia,2024-06-30,2025-06-30,-0.04000000000000625,0.37304404083593923,0.6152004710552695,0.4130440408359455,0.6552004710552758,1,1,1
12,Ruonia,2024-07-31,2025-07-31,0.35999999999999943,0.27239657395233113,0.5540393893578929,0.0876034260476683,0.19403938935789344,1,1,1
12,Ruonia,2024-08-31,2025-08-31,-0.5699999999999932,0.3692310937358505,0.619667661341688,0.9392310937358437,1.1896676613416812,1,1,1
12,Ruonia,2024-09-30,2025-09-30,1.0,0.15962220854654766,0.541824270493023,0.8403777914534524,0.45817572950697705,1,1,1
12,Ruonia,2024-10-31,2025-10-31,0.5300000000000011,0.24689482197084656,0.5814758855881563,0.2831051780291546,0.05147588558815519,1,1,1
12,Ruonia,2024-11-30,2025-11-30,0.15000000000000568,0.2904951708099518,0.6082152467599795,0.1404951708099461,0.4582152467599738,1,1,1
12,Ruonia,2024-12-31,2025-12-31,0.29000000000000625,0.2791905166487167,0.6364224718787628,0.010809483351289562,0.3464224718787565,1,1,1
12,Ruonia,2025-01-31,2026-01-31,1.5699999999999932,0.20402655332125497,0.5948292815723799,1.3659734466787383,0.9751707184276133,1,1,1
12,Ruonia,2025-02-28,2026-02-28,1.0999999999999943,0.2941885592865125,0.5964817218914688,0.8058114407134818,0.5035182781085256,1,1,1
12,Ruonia,2025-03-31,2026-03-31,0.5400000000000063,0.3920869574939892,0.6328030536927174,0.14791304250601706,0.09280305369271113,1,1,1
12,Ruonia,2025-04-30,2026-04-30,-0.28000000000000114,0.3372948304829929,0.5968758048804611,0.617294830482994,0.8768758048804622,1,1,1
12,Ruonia,2025-05-31,2026-05-31,0.09000000000000341,0.27828991976244166,0.5737706793352909,0.18828991976243825,0.4837706793352875,1,1,1
12,Ki,2016-02-29,2017-02-28,0.3299999999999983,0.7283005211735514,0.6775184158052692,0.3983005211735531,0.3475184158052709,1,1,1
12,Ki,2016-03-31,2017-03-31,0.20000000000000284,0.7365003373128371,0.6835658376731575,0.5365003373128343,0.48356583767315464,1,1,1
12,Ki,2016-04-30,2017-04-30,0.769999999999996,0.75802289625792,0.6996345246968722,0.011977103742076056,0.07036547530312387,1,1,1
12,Ki,2016-05-31,2017-05-31,0.45999999999999375,0.6617958639142605,0.6483634169688176,0.20179586391426674,0.18836341696882386,1,4,1
12,Ki,2016-06-30,2017-06-30,0.5799999999999983,0.7374620339331557,0.7018668980559467,0.15746203393315739,0.12186689805594841,1,4,1
12,Ki,2016-07-31,2017-07-31,-0.480000000000004,0.7315370062363123,0.6975222905945428,1.2115370062363162,1.1775222905945468,1,4,1
12,Ki,2016-08-31,2017-08-31,-0.5100000000000051,0.6631229512513713,0.657205766299899,1.1731229512513766,1.167205766299904,1,4,1
12,Ki,2016-09-30,2017-09-30,-0.14000000000000057,0.6899316527964923,0.6648436227477981,0.8299316527964928,0.8048436227477986,1,4,1
12,Ki,2016-10-31,2017-10-31,0.1599999999999966,0.5368455475641232,0.6536731192692157,0.3768455475641266,0.4936731192692191,1,4,1
12,Ki,2016-11-30,2017-11-30,0.18000000000000682,0.5945164621182364,0.6230518770758333,0.41451646211822957,0.4430518770758265,1,4,1
12,Ki,2016-12-31,2017-12-31,0.4399999999999977,0.36571687663662167,0.6238547859604764,0.07428312336337606,0.18385478596047866,1,4,1
12,Ki,2017-01-31,2018-01-31,-0.030000000000001137,0.5035186106931296,0.6013368819838886,0.5335186106931308,0.6313368819838897,1,4,1
12,Ki,2017-02-28,2018-02-28,0.3400000000000034,0.4327770730266063,0.6122083619263325,0.09277707302660287,0.27220836192632913,1,4,1
12,Ki,2017-03-31,2018-03-31,0.0799999999999983,0.5293175590415324,0.6121857146302826,0.44931755904153414,0.5321857146302843,1,4,1
12,Ki,2017-04-30,2018-04-30,0.5,0.4901775130695878,0.606825857631557,0.009822486930412211,0.10682585763155705,1,4,1
12,Ki,2017-05-31,2018-05-31,0.09000000000000341,0.47236326757900965,0.5937261231169196,0.38236326757900624,0.5037261231169162,1,4,1
12,Ki,2017-06-30,2018-06-30,0.6400000000000006,0.250164109575667,0.5942509850043916,0.3898358904243336,0.045749014995609016,1,4,1
12,Ki,2017-07-31,2018-07-31,0.12000000000000455,0.4332235224354799,0.5923717390781714,0.31322352243547535,0.4723717390781669,1,4,1
12,Ki,2017-08-31,2018-08-31,-0.04999999999999716,0.3453669925398388,0.6071376673579644,0.395366992539836,0.6571376673579615,1,4,1
12,Ki,2017-09-30,2018-09-30,-0.29999999999999716,0.4239943840840564,0.5799192703079834,0.7239943840840535,0.8799192703079806,1,4,1
12,Ki,2017-10-31,2018-10-31,0.09000000000000341,0.1517933451008592,0.5510542647212309,0.061793345100855795,0.46105426472122746,1,4,1
12,Ki,2017-11-30,2018-11-30,0.8700000000000045,0.30031501572394853,0.5480531721064561,0.5696849842760561,0.32194682789354845,1,4,1
12,Ki,2017-12-31,2018-12-31,1.0799999999999983,0.2145249707883498,0.5537430562510188,0.8654750292116484,0.5262569437489795,1,4,1
12,Ki,2018-01-31,2019-01-31,1.1400000000000006,0.21251627885196522,0.5669188496794575,0.9274837211480353,0.5730811503205431,1,4,1
12,Ki,2018-02-28,2019-02-28,0.7099999999999937,0.34319670777358513,0.5656707098057212,0.3668032922264086,0.14432929019427254,1,4,1
12,Ki,2018-03-31,2019-03-31,0.5499999999999972,0.3378671795748835,0.5739736435877265,0.21213282042511367,0.023973643587729354,1,4,1
12,Ki,2018-04-30,2019-04-30,0.5900000000000034,0.355369615524448,0.5698370770736823,0.2346303844755554,0.02016292292632116,1,4,1
12,Ki,2018-05-31,2019-05-31,0.5300000000000011,0.357908355735063,0.5762836659280272,0.17209164426493812,0.04628366592802602,1,4,1
12,Ki,2018-06-30,2019-06-30,-0.4099999999999966,0.37914735469933325,0.5697780174639173,0.7891473546993298,0.9797780174639139,1,4,1
12,Ki,2018-07-31,2019-07-31,-0.0799999999999983,0.43899215515319157,0.5681088460173089,0.5189921551531899,0.6481088460173072,1,4,1
12,Ki,2018-08-31,2019-08-31,-0.1700000000000017,0.3796993390740504,0.548415815643284,0.5496993390740521,0.7184158156432857,1,4,1
12,Ki,2018-09-30,2019-09-30,-0.3199999999999932,0.3704876470702272,0.5319451941139589,0.6904876470702204,0.8519451941139521,1,4,1
12,Ki,2018-10-31,2019-10-31,0.29999999999999716,0.46370547796980444,0.5047454554257889,0.16370547796980728,0.2047454554257917,1,4,1
12,Ki,2018-11-30,2019-11-30,0.39000000000000057,0.3612206861268045,0.518230261835314,0.028779313873196044,0.12823026183531339,1,4,1
12,Ki,2018-12-31,2019-12-31,0.4099999999999966,0.3406921788979701,0.5550184460305086,0.06930782110202649,0.14501844603051206,1,4,1
12,Ki,2019-01-31,2020-01-31,0.5,0.33636998826591946,0.5637594938382962,0.16363001173408054,0.06375949383829616,1,4,1
12,Ki,2019-02-28,2020-02-28,0.4000000000000057,0.32084846220400864,0.5658160415988605,0.07915153779599704,0.16581604159885477,1,4,1
12,Ki,2019-03-31,2020-03-31,0.6700000000000017,0.31955295449896615,0.5433755005855906,0.35044704550103556,0.12662449941441112,1,4,1
12,Ki,2019-04-30,2020-04-30,1.2999999999999972,0.2299352579318408,0.5370347376779183,1.0700647420681564,0.7629652623220788,1,4,1
12,Ki,2019-05-31,2020-05-31,0.12000000000000455,0.21487196300990302,0.5458316954691835,0.09487196300989847,0.425831695469179,1,4,1
12,Ki,2019-06-30,2020-06-30,0.010000000000005116,0.2731220597215407,0.5392523861322323,0.2631220597215356,0.5292523861322271,1,4,1
12,Ki,2019-07-31,2020-07-31,-0.15000000000000568,0.1940486370288874,0.49021985912205884,0.3440486370288931,0.6402198591220645,1,4,1
12,Ki,2019-08-31,2020-08-31,0.10999999999999943,0.037132212152839184,0.4914859826850598,0.07286778784716025,0.38148598268506034,1,4,1
12,Ki,2019-09-30,2020-09-30,0.12999999999999545,0.21892398925792206,0.47896456992690717,0.0889239892579266,0.3489645699269117,1,4,1
12,Ki,2019-10-31,2020-10-31,0.5,0.09803381641597006,0.4616832247338599,0.4019661835840299,0.03831677526614008,1,4,1
12,Ki,2019-11-30,2020-11-30,0.7800000000000011,0.19019647503500253,0.5051959753641949,0.5898035249649987,0.2748040246358062,1,4,1
12,Ki,2019-12-31,2020-12-31,0.9000000000000057,0.06967738442344178,0.5140121893752373,0.830322615576564,0.3859878106247684,1,4,1
12,Ki,2020-01-31,2021-01-31,0.5999999999999943,0.18889463679431706,0.5188636674495114,0.41110536320567725,0.08113633255048291,1,4,1
12,Ki,2020-02-29,2021-02-28,1.0300000000000011,-0.05737845491123561,0.525487775469787,1.0873784549112369,0.5045122245302142,1,4,1
12,Ki,2020-03-31,2021-03-31,1.3100000000000023,0.1547818717122582,0.5232643647405101,1.155218128287744,0.7867356352594922,1,4,1
12,Ki,2020-04-30,2021-04-30,0.8599999999999994,-0.19759513900545383,0.5469684177206994,1.0575951390054532,0.31303158227930006,1,4,1
12,Ki,2020-05-31,2021-05-31,0.4099999999999966,0.09877533536907487,0.5888873841977269,0.3112246646309217,0.17888738419773031,1,4,1
12,Ki,2020-06-30,2021-06-30,0.5600000000000023,0.20587661178725014,0.5148342424389047,0.35412338821275213,0.04516575756109753,1,4,1
12,Ki,2020-07-31,2021-07-31,0.21999999999999886,0.22304384307654712,0.5087959587817958,0.0030438430765482583,0.288795958781797,1,4,1
12,Ki,2020-08-31,2021-08-31,0.1599999999999966,0.22335911916248585,0.49474990901344523,0.06335911916248926,0.33474990901344864,1,4,1
12,Ki,2020-09-30,2021-09-30,0.730000000000004,0.21980610451795313,0.5064022222006314,0.5101938954820509,0.22359777779937262,1,4,1
12,Ki,2020-10-31,2021-10-31,0.9200000000000017,0.24094521715373393,0.5103127739541641,0.6790547828462677,0.4096872260458376,1,4,1
12,Ki,2020-11-30,2021-11-30,0.8599999999999994,0.2697815171054171,0.5378672958840169,0.5902184828945823,0.3221327041159825,1,4,1
12,Ki,2020-12-31,2021-12-31,0.20999999999999375,0.2992486275631559,0.5576368507347792,0.08924862756316215,0.34763685073478545,1,4,1
12,Ki,2021-01-31,2022-01-31,1.2199999999999989,0.39369155576495884,0.5619826820593894,0.82630844423504,0.6580173179406095,1,4,1
12,Ki,2021-02-28,2022-02-28,0.9399999999999977,0.5421568057906707,0.5489204423206158,0.397843194209327,0.39107955767938196,1,4,1
12,Ki,2021-03-31,2022-03-31,5.549999999999997,0.39245479371850434,0.5794785090184013,5.157545206281493,4.970521490981596,1,4,1
12,Ki,2021-04-30,2022-04-30,3.280000000000001,0.5283848686400756,0.6625311257249904,2.7516151313599257,2.6174688742750107,1,1,1
12,Ki,2021-05-31,2022-05-31,0.6800000000000068,0.5597946088510551,0.6445259056205709,0.12020539114895168,0.03547409437943594,1,1,1
12,Ki,2021-06-30,2022-06-30,-0.6800000000000068,0.5467205180234396,0.5839772595752977,1.2267205180234464,1.2639772595753045,1,1,1
12,Ki,2021-07-31,2022-07-31,-0.769999999999996,0.5521878609032379,0.5949252418909107,1.322187860903234,1.3649252418909068,1,1,1
12,Ki,2021-08-31,2022-08-31,-0.5699999999999932,0.551114969911315,0.5374987706755312,1.121114969911308,1.1074987706755244,1,1,1
12,Ki,2021-09-30,2022-09-30,0.3299999999999983,0.5334582286377033,0.5182026502516003,0.20345822863770502,0.188202650251602,1,1,1
12,Ki,2021-10-31,2022-10-31,0.6599999999999966,0.597856043851858,0.6006586453901919,0.06214395614813861,0.05934135460980472,1,1,1
12,Ki,2021-11-30,2022-11-30,0.2600000000000051,1.1520640688898316,0.629253281710497,0.8920640688898265,0.3692532817104919,1,1,1
12,Ki,2021-12-31,2022-12-31,0.5699999999999932,1.0101348029881474,0.6171896043148564,0.4401348029881542,0.04718960431486319,1,1,1
12,Ki,2022-01-31,2023-01-31,1.1299999999999955,0.782768909574125,0.5219919873366844,0.3472310904258704,0.6080080126633111,1,1,1
12,Ki,2022-02-28,2023-02-28,0.75,0.8301906048895591,0.6710822615336419,0.08019060488955909,0.07891773846635808,1,1,1
12,Ki,2022-03-31,2023-03-31,0.39000000000000057,0.6972654399863762,0.6321594657865774,0.3072654399863757,0.24215946578657688,1,1,1
12,Ki,2022-04-30,2023-04-30,0.7199999999999989,1.1795501486892752,1.281966225050405,0.45955014868927635,0.561966225050406,1,1,1
12,Ki,2022-05-31,2023-05-31,-0.25,0.791989278301246,0.8697472848579753,1.041989278301246,1.1197472848579753,1,1,1
12,Ki,2022-06-30,2023-06-30,0.4300000000000068,0.5526639673593329,0.578899101525811,0.12266396735932605,0.1488991015258042,1,1,1
12,Ki,2022-07-31,2023-07-31,0.5,0.47428283201578664,0.474498799395095,0.025717167984213363,0.025501200604905017,1,1,1
12,Ki,2022-08-31,2023-08-31,-0.06999999999999318,0.4523730740047218,0.46833413589598394,0.522373074004715,0.5383341358959771,1,1,1
12,Ki,2022-09-30,2023-09-30,1.75,0.45091952633789395,0.470418195238393,1.299080473662106,1.279581804761607,1,1,1
12,Ki,2022-10-31,2023-10-31,0.45999999999999375,0.5225236481869578,0.5586276635409921,0.0625236481869641,0.09862766354099839,1,1,1
12,Ki,2022-11-30,2023-11-30,0.7399999999999949,0.5380583568791091,0.5803671144224136,0.2019416431208858,0.15963288557758126,1,1,1
12,Ki,2022-12-31,2023-12-31,0.29000000000000625,0.520090640317691,0.55414403246036,0.23009064031768478,0.2641440324603538,1,1,1
12,Ki,2023-01-31,2024-01-31,0.8700000000000045,0.5334859553571193,0.5735256525949551,0.33651404464288526,0.2964743474050494,1,1,1
12,Ki,2023-02-28,2024-02-28,0.5300000000000011,0.5638441895194553,0.6140678703652726,0.033844189519454115,0.08406787036527141,1,1,1
12,Ki,2023-03-31,2024-03-31,0.5300000000000011,0.5446867184709894,0.5872560196352569,0.014686718470988236,0.05725601963525573,1,1,1
12,Ki,2023-04-30,2024-04-30,0.37999999999999545,0.5267839916692358,0.5622347117277744,0.1467839916692404,0.18223471172777894,1,1,1
12,Ki,2023-05-31,2024-05-31,0.9399999999999977,0.5420404277347053,0.5837272859663156,0.39795957226529244,0.3562727140336821,1,1,1
12,Ki,2023-06-30,2024-06-30,0.18000000000000682,0.5302300080186059,0.5187973954990533,0.35023000801859905,0.3387973954990465,1,1,1
12,Ki,2023-07-31,2024-07-31,1.0699999999999932,0.6802893227575841,0.5632544540556778,0.38971067724240904,0.5067455459443154,1,1,1
12,Ki,2023-08-31,2024-08-31,0.09000000000000341,0.7255129899686918,0.5715453397194779,0.6355129899686884,0.48154533971947444,1,1,1
12,Ki,2023-09-30,2024-09-30,0.6200000000000045,0.7456259623024615,0.5275635960195248,0.12562596230245693,0.0924364039804797,1,1,1
12,Ki,2023-10-31,2024-10-31,1.019999999999996,0.8404774901718488,0.6582068329592956,0.17952250982814721,0.3617931670407004,1,1,1
12,Ki,2023-11-30,2024-11-30,1.5,0.807742156682322,0.5678723884316889,0.692257843317678,0.9321276115683111,1,1,1
12,Ki,2023-12-31,2024-12-31,0.9099999999999966,0.8553428822716392,0.5944110901223224,0.05465711772835735,0.3155889098776742,1,1,1
12,Ki,2024-01-31,2025-01-31,0.8400000000000034,0.8335628994647684,0.562891474280683,0.006437100535235052,0.27710852571932043,1,1,1
12,Ki,2024-02-29,2025-02-28,1.3400000000000034,0.8649498521961076,0.6074365314144947,0.47505014780389576,0.7325634685855087,1,1,1
12,Ki,2024-03-31,2025-03-31,0.8100000000000023,0.8655455285629503,0.5866374703737641,0.05554552856294803,0.22336252962623815,1,1,1
12,Ki,2024-04-30,2025-04-30,0.5300000000000011,0.8633662837179203,0.5879663954552135,0.3333662837179192,0.057966395455212316,1,1,1
12,Ki,2024-05-31,2025-05-31,-0.06999999999999318,0.8425498988801452,0.576339891647137,0.9125498988801384,0.6463398916471301,1,1,1
12,Ki,2024-06-30,2025-06-30,-0.04000000000000625,0.9083291447641162,0.6152004710552695,0.9483291447641224,0.6552004710552758,1,1,1
12,Ki,2024-07-31,2025-07-31,0.35999999999999943,0.8143115731090825,0.5540393893578929,0.4543115731090831,0.19403938935789344,1,1,1
12,Ki,2024-08-31,2025-08-31,-0.5699999999999932,0.870920700106618,0.619667661341688,1.440920700106611,1.1896676613416812,1,1,1
12,Ki,2024-09-30,2025-09-30,1.0,0.7307576831579418,0.541824270493023,0.26924231684205824,0.45817572950697705,1,1,1
12,Ki,2024-10-31,2025-10-31,0.5300000000000011,0.8174633362113627,0.5814758855881563,0.28746333621136155,0.05147588558815519,1,1,1
12,Ki,2024-11-30,2025-11-30,0.15000000000000568,0.8203868075667311,0.6082152467599795,0.6703868075667254,0.4582152467599738,1,1,1
12,Ki,2024-12-31,2025-12-31,0.29000000000000625,0.8039560056610254,0.6364224718787628,0.5139560056610192,0.3464224718787565,1,1,1
12,Ki,2025-01-31,2026-01-31,1.5699999999999932,0.7386607940742803,0.5948292815723799,0.8313392059257129,0.9751707184276133,1,1,1
12,Ki,2025-02-28,2026-02-28,1.0999999999999943,0.7829565627127886,0.5964817218914688,0.31704343728720574,0.5035182781085256,1,1,1
12,Ki,2025-03-31,2026-03-31,0.5400000000000063,0.8272752512769639,0.6328030536927174,0.28727525127695763,0.09280305369271113,1,1,1
12,Ki,2025-04-30,2026-04-30,-0.28000000000000114,0.7839649113426005,0.5968758048804611,1.0639649113426017,0.8768758048804622,1,1,1
12,Ki,2025-05-31,2026-05-31,0.09000000000000341,0.7161494449868896,0.5737706793352909,0.6261494449868862,0.4837706793352875,1,1,1
12,d_Ruonia,2016-03-31,2017-03-31,0.20000000000000284,0.6464213019828429,0.6835658376731575,0.44642130198284,0.48356583767315464,1,1,1
12,d_Ruonia,2016-04-30,2017-04-30,0.769999999999996,0.6985101122706038,0.6996345246968722,0.07148988772939224,0.07036547530312387,1,1,1
12,d_Ruonia,2016-05-31,2017-05-31,0.45999999999999375,0.5959805476107158,0.6483634169688176,0.1359805476107221,0.18836341696882386,1,1,1
12,d_Ruonia,2016-06-30,2017-06-30,0.5799999999999983,0.7516432996121292,0.7018668980559467,0.17164329961213087,0.12186689805594841,1,1,1
12,d_Ruonia,2016-07-31,2017-07-31,-0.480000000000004,0.6355460477227047,0.6975222905945428,1.1155460477227086,1.1775222905945468,1,1,1
12,d_Ruonia,2016-08-31,2017-08-31,-0.5100000000000051,0.6048780653354467,0.657205766299899,1.1148780653354518,1.167205766299904,1,1,1
12,d_Ruonia,2016-09-30,2017-09-30,-0.14000000000000057,0.6711177683311488,0.6648436227477981,0.8111177683311493,0.8048436227477986,1,1,1
12,d_Ruonia,2016-10-31,2017-10-31,0.1599999999999966,0.6536406657840609,0.6536731192692157,0.4936406657840643,0.4936731192692191,1,1,1
12,d_Ruonia,2016-11-30,2017-11-30,0.18000000000000682,0.6249274920496364,0.6230518770758333,0.44492749204962956,0.4430518770758265,1,1,1
12,d_Ruonia,2016-12-31,2017-12-31,0.4399999999999977,0.580886581657979,0.6238547859604764,0.1408865816579813,0.18385478596047866,1,1,1
12,d_Ruonia,2017-01-31,2018-01-31,-0.030000000000001137,0.5912478415792082,0.6013368819838886,0.6212478415792093,0.6313368819838897,1,1,1
12,d_Ruonia,2017-02-28,2018-02-28,0.3400000000000034,0.5912322645475305,0.6122083619263325,0.2512322645475271,0.27220836192632913,1,1,1
12,d_Ruonia,2017-03-31,2018-03-31,0.0799999999999983,0.6247355945152828,0.6121857146302826,0.5447355945152845,0.5321857146302843,1,1,1
12,d_Ruonia,2017-04-30,2018-04-30,0.5,0.5678569082649755,0.606825857631557,0.06785690826497548,0.10682585763155705,1,1,1
12,d_Ruonia,2017-05-31,2018-05-31,0.09000000000000341,0.5202633679123327,0.5937261231169196,0.43026336791232933,0.5037261231169162,1,1,1
12,d_Ruonia,2017-06-30,2018-06-30,0.6400000000000006,0.5312993873316535,0.5942509850043916,0.10870061266834707,0.045749014995609016,1,1,1
12,d_Ruonia,2017-07-31,2018-07-31,0.12000000000000455,0.5834204814277455,0.5923717390781714,0.46342048142774095,0.4723717390781669,1,1,1
12,d_Ruonia,2017-08-31,2018-08-31,-0.04999999999999716,0.6099138937209676,0.6071376673579644,0.6599138937209648,0.6571376673579615,1,1,1
12,d_Ruonia,2017-09-30,2018-09-30,-0.29999999999999716,0.5548695664458347,0.5799192703079834,0.8548695664458319,0.8799192703079806,1,1,1
12,d_Ruonia,2017-10-31,2018-10-31,0.09000000000000341,0.5412430094681921,0.5510542647212309,0.45124300946818874,0.46105426472122746,1,1,1
12,d_Ruonia,2017-11-30,2018-11-30,0.8700000000000045,0.5117681519891889,0.5480531721064561,0.35823184801081565,0.32194682789354845,1,1,1
12,d_Ruonia,2017-12-31,2018-12-31,1.0799999999999983,0.5615723918801329,0.5537430562510188,0.5184276081198654,0.5262569437489795,1,1,1
12,d_Ruonia,2018-01-31,2019-01-31,1.1400000000000006,0.5349801221236274,0.5669188496794575,0.6050198778763731,0.5730811503205431,1,1,1
12,d_Ruonia,2018-02-28,2019-02-28,0.7099999999999937,0.48064440851999596,0.5656707098057212,0.2293555914799978,0.14432929019427254,1,1,1
12,d_Ruonia,2018-03-31,2019-03-31,0.5499999999999972,0.5910853833976661,0.5739736435877265,0.041085383397668984,0.023973643587729354,1,1,1
12,d_Ruonia,2018-04-30,2019-04-30,0.5900000000000034,0.5828325652969688,0.5698370770736823,0.007167434703034603,0.02016292292632116,1,1,1
12,d_Ruonia,2018-05-31,2019-05-31,0.5300000000000011,0.5724939639101426,0.5762836659280272,0.042493963910141486,0.04628366592802602,1,1,1
12,d_Ruonia,2018-06-30,2019-06-30,-0.4099999999999966,0.5822074025773973,0.5697780174639173,0.9922074025773939,0.9797780174639139,1,1,1
12,d_Ruonia,2018-07-31,2019-07-31,-0.0799999999999983,0.5587600667844892,0.5681088460173089,0.6387600667844875,0.6481088460173072,1,1,1
12,d_Ruonia,2018-08-31,2019-08-31,-0.1700000000000017,0.5594430701973685,0.548415815643284,0.7294430701973702,0.7184158156432857,1,1,1
12,d_Ruonia,2018-09-30,2019-09-30,-0.3199999999999932,0.5493054565899809,0.5319451941139589,0.869305456589974,0.8519451941139521,1,1,1
12,d_Ruonia,2018-10-31,2019-10-31,0.29999999999999716,0.5310654125178275,0.5047454554257889,0.2310654125178303,0.2047454554257917,1,1,1
12,d_Ruonia,2018-11-30,2019-11-30,0.39000000000000057,0.5291298100367748,0.518230261835314,0.13912981003677427,0.12823026183531339,1,1,1
12,d_Ruonia,2018-12-31,2019-12-31,0.4099999999999966,0.5366667515935939,0.5550184460305086,0.1266667515935973,0.14501844603051206,1,1,1
12,d_Ruonia,2019-01-31,2020-01-31,0.5,0.5377349992676411,0.5637594938382962,0.03773499926764112,0.06375949383829616,1,1,1
12,d_Ruonia,2019-02-28,2020-02-28,0.4000000000000057,0.537889129582328,0.5658160415988605,0.13788912958232236,0.16581604159885477,1,1,1
12,d_Ruonia,2019-03-31,2020-03-31,0.6700000000000017,0.572732900050921,0.5433755005855906,0.09726709994908067,0.12662449941441112,1,1,1
12,d_Ruonia,2019-04-30,2020-04-30,1.2999999999999972,0.5446734895744155,0.5370347376779183,0.7553265104255816,0.7629652623220788,1,1,1
12,d_Ruonia,2019-05-31,2020-05-31,0.12000000000000455,0.5520616903793742,0.5458316954691835,0.4320616903793697,0.425831695469179,1,1,1
12,d_Ruonia,2019-06-30,2020-06-30,0.010000000000005116,0.5199469950751097,0.5392523861322323,0.5099469950751045,0.5292523861322271,1,1,1
12,d_Ruonia,2019-07-31,2020-07-31,-0.15000000000000568,0.5061411167362796,0.49021985912205884,0.6561411167362853,0.6402198591220645,1,1,1
12,d_Ruonia,2019-08-31,2020-08-31,0.10999999999999943,0.46701907340391724,0.4914859826850598,0.3570190734039178,0.38148598268506034,1,1,1
12,d_Ruonia,2019-09-30,2020-09-30,0.12999999999999545,0.4859591454423726,0.47896456992690717,0.35595914544237717,0.3489645699269117,1,1,1
12,d_Ruonia,2019-10-31,2020-10-31,0.5,0.446255612533913,0.4616832247338599,0.05374438746608701,0.03831677526614008,1,1,1
12,d_Ruonia,2019-11-30,2020-11-30,0.7800000000000011,0.5086670622429118,0.5051959753641949,0.27133293775708933,0.2748040246358062,1,1,1
12,d_Ruonia,2019-12-31,2020-12-31,0.9000000000000057,0.4583517185961398,0.5140121893752373,0.44164828140386586,0.3859878106247684,1,1,1
12,d_Ruonia,2020-01-31,2021-01-31,0.5999999999999943,0.4914477215747502,0.5188636674495114,0.10855227842524412,0.08113633255048291,1,1,1
12,d_Ruonia,2020-02-29,2021-02-28,1.0300000000000011,0.49506753169385714,0.525487775469787,0.534932468306144,0.5045122245302142,1,1,1
12,d_Ruonia,2020-03-31,2021-03-31,1.3100000000000023,0.5105409124348126,0.5232643647405101,0.7994590875651897,0.7867356352594922,1,1,1
12,d_Ruonia,2020-04-30,2021-04-30,0.8599999999999994,0.5247041884400412,0.5469684177206994,0.33529581155995825,0.31303158227930006,1,1,1
12,d_Ruonia,2020-05-31,2021-05-31,0.4099999999999966,0.5706170846457611,0.5888873841977269,0.16061708464576452,0.17888738419773031,1,1,1
12,d_Ruonia,2020-06-30,2021-06-30,0.5600000000000023,0.46003756453618044,0.5148342424389047,0.09996243546382183,0.04516575756109753,1,1,1
12,d_Ruonia,2020-07-31,2021-07-31,0.21999999999999886,0.45895499358159686,0.5087959587817958,0.238954993581598,0.288795958781797,1,1,1
12,d_Ruonia,2020-08-31,2021-08-31,0.1599999999999966,0.42430844042216903,0.49474990901344523,0.26430844042217244,0.33474990901344864,1,1,1
12,d_Ruonia,2020-09-30,2021-09-30,0.730000000000004,0.5069054431360237,0.5064022222006314,0.22309455686398028,0.22359777779937262,1,1,1
12,d_Ruonia,2020-10-31,2021-10-31,0.9200000000000017,0.5371211228164365,0.5103127739541641,0.38287887718356517,0.4096872260458376,1,1,1
12,d_Ruonia,2020-11-30,2021-11-30,0.8599999999999994,0.5366964989674845,0.5378672958840169,0.32330350103251493,0.3221327041159825,1,1,1
12,d_Ruonia,2020-12-31,2021-12-31,0.20999999999999375,0.5319853759941694,0.5576368507347792,0.32198537599417565,0.34763685073478545,1,1,1
12,d_Ruonia,2021-01-31,2022-01-31,1.2199999999999989,0.5455063391377837,0.5619826820593894,0.6744936608622152,0.6580173179406095,1,1,1
12,d_Ruonia,2021-02-28,2022-02-28,0.9399999999999977,0.57166498254891,0.5489204423206158,0.36833501745108777,0.39107955767938196,1,1,1
12,d_Ruonia,2021-03-31,2022-03-31,5.549999999999997,0.5165873818741457,0.5794785090184013,5.033412618125851,4.970521490981596,1,1,1
12,d_Ruonia,2021-04-30,2022-04-30,3.280000000000001,0.6587895711134519,0.6625311257249904,2.621210428886549,2.6174688742750107,1,1,1
12,d_Ruonia,2021-05-31,2022-05-31,0.6800000000000068,0.6643587885709757,0.6445259056205709,0.015641211429031077,0.03547409437943594,1,1,1
12,d_Ruonia,2021-06-30,2022-06-30,-0.6800000000000068,0.616172863328762,0.5839772595752977,1.2961728633287688,1.2639772595753045,1,1,1
12,d_Ruonia,2021-07-31,2022-07-31,-0.769999999999996,0.6201539257479415,0.5949252418909107,1.3901539257479376,1.3649252418909068,1,1,1
12,d_Ruonia,2021-08-31,2022-08-31,-0.5699999999999932,0.602016697834134,0.5374987706755312,1.172016697834127,1.1074987706755244,1,1,1
12,d_Ruonia,2021-09-30,2022-09-30,0.3299999999999983,0.5566992339965288,0.5182026502516003,0.22669923399653047,0.188202650251602,1,1,1
12,d_Ruonia,2021-10-31,2022-10-31,0.6599999999999966,0.6134558863591777,0.6006586453901919,0.046544113640818896,0.05934135460980472,1,1,1
12,d_Ruonia,2021-11-30,2022-11-30,0.2600000000000051,0.6318697263260651,0.629253281710497,0.37186972632605997,0.3692532817104919,1,1,1
12,d_Ruonia,2021-12-31,2022-12-31,0.5699999999999932,0.6399685758742875,0.6171896043148564,0.06996857587429428,0.04718960431486319,1,1,1
12,d_Ruonia,2022-01-31,2023-01-31,1.1299999999999955,0.5442143902243711,0.5219919873366844,0.5857856097756243,0.6080080126633111,1,1,1
12,d_Ruonia,2022-02-28,2023-02-28,0.75,0.7012206692137483,0.6710822615336419,0.04877933078625174,0.07891773846635808,1,1,1
12,d_Ruonia,2022-03-31,2023-03-31,0.39000000000000057,0.7017550167558785,0.6321594657865774,0.3117550167558779,0.24215946578657688,1,1,1
12,d_Ruonia,2022-04-30,2023-04-30,0.7199999999999989,1.8267571097949586,1.281966225050405,1.1067571097949598,0.561966225050406,1,1,1
12,d_Ruonia,2022-05-31,2023-05-31,-0.25,0.8634230010227226,0.8697472848579753,1.1134230010227226,1.1197472848579753,1,1,1
12,d_Ruonia,2022-06-30,2023-06-30,0.4300000000000068,0.43499574222768184,0.578899101525811,0.004995742227675015,0.1488991015258042,1,1,1
12,d_Ruonia,2022-07-31,2023-07-31,0.5,0.37099385370577104,0.474498799395095,0.12900614629422896,0.025501200604905017,1,1,1
12,d_Ruonia,2022-08-31,2023-08-31,-0.06999999999999318,0.4778490432309491,0.46833413589598394,0.5478490432309423,0.5383341358959771,1,1,1
12,d_Ruonia,2022-09-30,2023-09-30,1.75,0.4643644978894625,0.470418195238393,1.2856355021105375,1.279581804761607,1,1,1
12,d_Ruonia,2022-10-31,2023-10-31,0.45999999999999375,0.5557882871682971,0.5586276635409921,0.09578828716830334,0.09862766354099839,1,1,1
12,d_Ruonia,2022-11-30,2023-11-30,0.7399999999999949,0.5755839500894179,0.5803671144224136,0.164416049910577,0.15963288557758126,1,1,1
12,d_Ruonia,2022-12-31,2023-12-31,0.29000000000000625,0.5468432054236219,0.55414403246036,0.2568432054236156,0.2641440324603538,1,1,1
12,d_Ruonia,2023-01-31,2024-01-31,0.8700000000000045,0.571070451856918,0.5735256525949551,0.2989295481430866,0.2964743474050494,1,1,1
12,d_Ruonia,2023-02-28,2024-02-28,0.5300000000000011,0.5880884909704499,0.6140678703652726,0.05808849097044877,0.08406787036527141,1,1,1
12,d_Ruonia,2023-03-31,2024-03-31,0.5300000000000011,0.5836418304880774,0.5872560196352569,0.05364183048807625,0.05725601963525573,1,1,1
12,d_Ruonia,2023-04-30,2024-04-30,0.37999999999999545,0.5708802581268495,0.5622347117277744,0.19088025812685405,0.18223471172777894,1,1,1
12,d_Ruonia,2023-05-31,2024-05-31,0.9399999999999977,0.5713883249429359,0.5837272859663156,0.3686116750570618,0.3562727140336821,1,1,1
12,d_Ruonia,2023-06-30,2024-06-30,0.18000000000000682,0.5396645079024862,0.5187973954990533,0.3596645079024794,0.3387973954990465,1,1,1
12,d_Ruonia,2023-07-31,2024-07-31,1.0699999999999932,0.5670847874260262,0.5632544540556778,0.502915212573967,0.5067455459443154,1,1,1
12,d_Ruonia,2023-08-31,2024-08-31,0.09000000000000341,0.5858169676257429,0.5715453397194779,0.49581696762573946,0.48154533971947444,1,1,1
12,d_Ruonia,2023-09-30,2024-09-30,0.6200000000000045,0.6103614952773913,0.5275635960195248,0.009638504722613295,0.0924364039804797,1,1,1
12,d_Ruonia,2023-10-31,2024-10-31,1.019999999999996,0.6832691638299951,0.6582068329592956,0.3367308361700009,0.3617931670407004,1,1,1
12,d_Ruonia,2023-11-30,2024-11-30,1.5,0.591821936700584,0.5678723884316889,0.908178063299416,0.9321276115683111,1,1,1
12,d_Ruonia,2023-12-31,2024-12-31,0.9099999999999966,0.649507022482309,0.5944110901223224,0.26049297751768763,0.3155889098776742,1,1,1
12,d_Ruonia,2024-01-31,2025-01-31,0.8400000000000034,0.5781673166515597,0.562891474280683,0.2618326833484437,0.27710852571932043,1,1,1
12,d_Ruonia,2024-02-29,2025-02-28,1.3400000000000034,0.617777114435251,0.6074365314144947,0.7222228855647524,0.7325634685855087,1,1,1
12,d_Ruonia,2024-03-31,2025-03-31,0.8100000000000023,0.5877212001489701,0.5866374703737641,0.22227879985103216,0.22336252962623815,1,1,1
12,d_Ruonia,2024-04-30,2025-04-30,0.5300000000000011,0.5771631567386594,0.5879663954552135,0.04716315673865823,0.057966395455212316,1,1,1
12,d_Ruonia,2024-05-31,2025-05-31,-0.06999999999999318,0.5819317766652572,0.576339891647137,0.6519317766652504,0.6463398916471301,1,1,1
12,d_Ruonia,2024-06-30,2025-06-30,-0.04000000000000625,0.608219901803996,0.6152004710552695,0.6482199018040022,0.6552004710552758,1,1,1
12,d_Ruonia,2024-07-31,2025-07-31,0.35999999999999943,0.5536031835954068,0.5540393893578929,0.1936031835954074,0.19403938935789344,1,1,1
12,d_Ruonia,2024-08-31,2025-08-31,-0.5699999999999932,0.6167112019340066,0.619667661341688,1.1867112019339998,1.1896676613416812,1,1,1
12,d_Ruonia,2024-09-30,2025-09-30,1.0,0.6145256380022218,0.541824270493023,0.3854743619977782,0.45817572950697705,1,1,1
12,d_Ruonia,2024-10-31,2025-10-31,0.5300000000000011,0.6053819140846465,0.5814758855881563,0.07538191408464534,0.05147588558815519,1,1,1
12,d_Ruonia,2024-11-30,2025-11-30,0.15000000000000568,0.6107213137650137,0.6082152467599795,0.460721313765008,0.4582152467599738,1,1,1
12,d_Ruonia,2024-12-31,2025-12-31,0.29000000000000625,0.6790966669735768,0.6364224718787628,0.3890966669735706,0.3464224718787565,1,1,1
12,d_Ruonia,2025-01-31,2026-01-31,1.5699999999999932,0.5953420267154798,0.5948292815723799,0.9746579732845134,0.9751707184276133,1,1,1
12,d_Ruonia,2025-02-28,2026-02-28,1.0999999999999943,0.5724162439990438,0.5964817218914688,0.5275837560009505,0.5035182781085256,1,1,1
12,d_Ruonia,2025-03-31,2026-03-31,0.5400000000000063,0.6060141070314163,0.6328030536927174,0.06601410703141009,0.09280305369271113,1,1,1
12,d_Ruonia,2025-04-30,2026-04-30,-0.28000000000000114,0.6061733474127319,0.5968758048804611,0.886173347412733,0.8768758048804622,1,1,1
12,d_Ruonia,2025-05-31,2026-05-31,0.09000000000000341,0.5608964962697389,0.5737706793352909,0.4708964962697355,0.4837706793352875,1,1,1
12,d_Ki,2016-03-31,2017-03-31,0.20000000000000284,0.6795465242793824,0.6835658376731575,0.4795465242793796,0.48356583767315464,1,1,1
12,d_Ki,2016-04-30,2017-04-30,0.769999999999996,0.6975151634213147,0.6996345246968722,0.07248483657868132,0.07036547530312387,1,1,1
12,d_Ki,2016-05-31,2017-05-31,0.45999999999999375,0.6253741862524317,0.6483634169688176,0.16537418625243794,0.18836341696882386,1,3,1
12,d_Ki,2016-06-30,2017-06-30,0.5799999999999983,0.6732810106032792,0.7018668980559467,0.09328101060328087,0.12186689805594841,1,4,1
12,d_Ki,2016-07-31,2017-07-31,-0.480000000000004,0.6699293606139257,0.6975222905945428,1.1499293606139296,1.1775222905945468,1,4,1
12,d_Ki,2016-08-31,2017-08-31,-0.5100000000000051,0.6409234167293026,0.657205766299899,1.1509234167293076,1.167205766299904,1,4,1
12,d_Ki,2016-09-30,2017-09-30,-0.14000000000000057,0.618535429216355,0.6648436227477981,0.7585354292163555,0.8048436227477986,1,4,1
12,d_Ki,2016-10-31,2017-10-31,0.1599999999999966,0.5518066551316475,0.6536731192692157,0.3918066551316509,0.4936731192692191,1,4,1
12,d_Ki,2016-11-30,2017-11-30,0.18000000000000682,0.48719336601005414,0.6230518770758333,0.3071933660100473,0.4430518770758265,1,4,1
12,d_Ki,2016-12-31,2017-12-31,0.4399999999999977,0.44683530890694656,0.6238547859604764,0.006835308906948834,0.18385478596047866,1,4,1
12,d_Ki,2017-01-31,2018-01-31,-0.030000000000001137,0.4090851454907227,0.6013368819838886,0.43908514549072386,0.6313368819838897,1,4,1
12,d_Ki,2017-02-28,2018-02-28,0.3400000000000034,0.5165711730011134,0.6122083619263325,0.17657117300111003,0.27220836192632913,1,4,1
12,d_Ki,2017-03-31,2018-03-31,0.0799999999999983,0.5113225025760251,0.6121857146302826,0.4313225025760268,0.5321857146302843,1,4,1
12,d_Ki,2017-04-30,2018-04-30,0.5,0.596890867938332,0.606825857631557,0.09689086793833201,0.10682585763155705,1,4,1
12,d_Ki,2017-05-31,2018-05-31,0.09000000000000341,0.5451946205588882,0.5937261231169196,0.4551946205588848,0.5037261231169162,1,4,1
12,d_Ki,2017-06-30,2018-06-30,0.6400000000000006,0.42770335960476313,0.5942509850043916,0.21229664039523743,0.045749014995609016,1,4,1
12,d_Ki,2017-07-31,2018-07-31,0.12000000000000455,0.3926332245149773,0.5923717390781714,0.27263322451497274,0.4723717390781669,1,4,1
12,d_Ki,2017-08-31,2018-08-31,-0.04999999999999716,0.5206755073379942,0.6071376673579644,0.5706755073379913,0.6571376673579615,1,4,1
12,d_Ki,2017-09-30,2018-09-30,-0.29999999999999716,0.44041596232649394,0.5799192703079834,0.7404159623264911,0.8799192703079806,1,4,1
12,d_Ki,2017-10-31,2018-10-31,0.09000000000000341,0.3930749398390283,0.5510542647212309,0.3030749398390249,0.46105426472122746,1,4,1
12,d_Ki,2017-11-30,2018-11-30,0.8700000000000045,0.352963718275645,0.5480531721064561,0.5170362817243596,0.32194682789354845,1,4,1
12,d_Ki,2017-12-31,2018-12-31,1.0799999999999983,0.45382074150427404,0.5537430562510188,0.6261792584957242,0.5262569437489795,1,4,1
12,d_Ki,2018-01-31,2019-01-31,1.1400000000000006,0.4040574053834341,0.5669188496794575,0.7359425946165665,0.5730811503205431,1,4,1
12,d_Ki,2018-02-28,2019-02-28,0.7099999999999937,0.484738051178897,0.5656707098057212,0.22526194882109674,0.14432929019427254,1,4,1
12,d_Ki,2018-03-31,2019-03-31,0.5499999999999972,0.5775504266527111,0.5739736435877265,0.0275504266527139,0.023973643587729354,1,4,1
12,d_Ki,2018-04-30,2019-04-30,0.5900000000000034,0.5745009824442707,0.5698370770736823,0.015499017555732686,0.02016292292632116,1,4,1
12,d_Ki,2018-05-31,2019-05-31,0.5300000000000011,0.5753166408841257,0.5762836659280272,0.04531664088412457,0.04628366592802602,1,4,1
12,d_Ki,2018-06-30,2019-06-30,-0.4099999999999966,0.5946529801426426,0.5697780174639173,1.0046529801426392,0.9797780174639139,1,4,1
12,d_Ki,2018-07-31,2019-07-31,-0.0799999999999983,0.6473158921672875,0.5681088460173089,0.7273158921672858,0.6481088460173072,1,4,1
12,d_Ki,2018-08-31,2019-08-31,-0.1700000000000017,0.6314059332950303,0.548415815643284,0.801405933295032,0.7184158156432857,1,4,1
12,d_Ki,2018-09-30,2019-09-30,-0.3199999999999932,0.5529086427684612,0.5319451941139589,0.8729086427684544,0.8519451941139521,1,4,1
12,d_Ki,2018-10-31,2019-10-31,0.29999999999999716,0.5832477159192929,0.5047454554257889,0.28324771591929576,0.2047454554257917,1,4,1
12,d_Ki,2018-11-30,2019-11-30,0.39000000000000057,0.6007444933600974,0.518230261835314,0.21074449336009682,0.12823026183531339,1,4,1
12,d_Ki,2018-12-31,2019-12-31,0.4099999999999966,0.5525536843126916,0.5550184460305086,0.142553684312695,0.14501844603051206,1,4,1
12,d_Ki,2019-01-31,2020-01-31,0.5,0.5611449352692,0.5637594938382962,0.06114493526919995,0.06375949383829616,1,4,1
12,d_Ki,2019-02-28,2020-02-28,0.4000000000000057,0.568013301740425,0.5658160415988605,0.16801330174041929,0.16581604159885477,1,4,1
12,d_Ki,2019-03-31,2020-03-31,0.6700000000000017,0.5274385732523037,0.5433755005855906,0.142561426747698,0.12662449941441112,1,4,1
12,d_Ki,2019-04-30,2020-04-30,1.2999999999999972,0.44038713177421274,0.5370347376779183,0.8596128682257844,0.7629652623220788,1,4,1
12,d_Ki,2019-05-31,2020-05-31,0.12000000000000455,0.3902273301785589,0.5458316954691835,0.2702273301785543,0.425831695469179,1,4,1
12,d_Ki,2019-06-30,2020-06-30,0.010000000000005116,0.4475036473404825,0.5392523861322323,0.43750364734047736,0.5292523861322271,1,4,1
12,d_Ki,2019-07-31,2020-07-31,-0.15000000000000568,0.38130793269116603,0.49021985912205884,0.5313079326911717,0.6402198591220645,1,4,1
12,d_Ki,2019-08-31,2020-08-31,0.10999999999999943,0.2629748412884504,0.4914859826850598,0.15297484128845096,0.38148598268506034,1,4,1
12,d_Ki,2019-09-30,2020-09-30,0.12999999999999545,0.30067653109976916,0.47896456992690717,0.1706765310997737,0.3489645699269117,1,4,1
12,d_Ki,2019-10-31,2020-10-31,0.5,0.4025636930589409,0.4616832247338599,0.09743630694105909,0.03831677526614008,1,4,1
12,d_Ki,2019-11-30,2020-11-30,0.7800000000000011,0.4106078408933119,0.5051959753641949,0.3693921591066892,0.2748040246358062,1,4,1
12,d_Ki,2019-12-31,2020-12-31,0.9000000000000057,0.45390203320290756,0.5140121893752373,0.4460979667970981,0.3859878106247684,1,4,1
12,d_Ki,2020-01-31,2021-01-31,0.5999999999999943,0.40627300155344126,0.5188636674495114,0.19372699844655306,0.08113633255048291,1,4,1
12,d_Ki,2020-02-29,2021-02-28,1.0300000000000011,0.4015362772536776,0.525487775469787,0.6284637227463236,0.5045122245302142,1,4,1
12,d_Ki,2020-03-31,2021-03-31,1.3100000000000023,0.2936562948615725,0.5232643647405101,1.0163437051384299,0.7867356352594922,1,4,1
12,d_Ki,2020-04-30,2021-04-30,0.8599999999999994,0.23849691924142236,0.5469684177206994,0.6215030807585771,0.31303158227930006,1,4,1
12,d_Ki,2020-05-31,2021-05-31,0.4099999999999966,0.19326820591212834,0.5888873841977269,0.21673179408786825,0.17888738419773031,1,4,1
12,d_Ki,2020-06-30,2021-06-30,0.5600000000000023,0.45099571707937275,0.5148342424389047,0.10900428292062952,0.04516575756109753,1,4,1
12,d_Ki,2020-07-31,2021-07-31,0.21999999999999886,0.5277476846270669,0.5087959587817958,0.30774768462706803,0.288795958781797,1,4,1
12,d_Ki,2020-08-31,2021-08-31,0.1599999999999966,0.5139449608374963,0.49474990901344523,0.3539449608374997,0.33474990901344864,1,4,1
12,d_Ki,2020-09-30,2021-09-30,0.730000000000004,0.5242874865570841,0.5064022222006314,0.20571251344291985,0.22359777779937262,1,4,1
12,d_Ki,2020-10-31,2021-10-31,0.9200000000000017,0.5279727792442602,0.5103127739541641,0.3920272207557415,0.4096872260458376,1,4,1
12,d_Ki,2020-11-30,2021-11-30,0.8599999999999994,0.5466893547377437,0.5378672958840169,0.3133106452622557,0.3221327041159825,1,4,1
12,d_Ki,2020-12-31,2021-12-31,0.20999999999999375,0.5733522680931122,0.5576368507347792,0.3633522680931185,0.34763685073478545,1,4,1
12,d_Ki,2021-01-31,2022-01-31,1.2199999999999989,0.6786226438535577,0.5619826820593894,0.5413773561464411,0.6580173179406095,1,4,1
12,d_Ki,2021-02-28,2022-02-28,0.9399999999999977,0.7763678185940943,0.5489204423206158,0.1636321814059034,0.39107955767938196,1,4,1
12,d_Ki,2021-03-31,2022-03-31,5.549999999999997,0.7543938374901564,0.5794785090184013,4.7956061625098405,4.970521490981596,1,4,1
12,d_Ki,2021-04-30,2022-04-30,3.280000000000001,0.9070901614983824,0.6625311257249904,2.3729098385016187,2.6174688742750107,1,4,1
12,d_Ki,2021-05-31,2022-05-31,0.6800000000000068,1.1480721861140757,0.6445259056205709,0.46807218611406887,0.03547409437943594,1,4,1
12,d_Ki,2021-06-30,2022-06-30,-0.6800000000000068,1.033140297049468,0.5839772595752977,1.713140297049475,1.2639772595753045,1,4,1
12,d_Ki,2021-07-31,2022-07-31,-0.769999999999996,0.7691698180193541,0.5949252418909107,1.5391698180193503,1.3649252418909068,1,4,1
12,d_Ki,2021-08-31,2022-08-31,-0.5699999999999932,0.8636906934752031,0.5374987706755312,1.4336906934751963,1.1074987706755244,1,4,1
12,d_Ki,2021-09-30,2022-09-30,0.3299999999999983,0.9059774363602383,0.5182026502516003,0.57597743636024,0.188202650251602,1,4,1
12,d_Ki,2021-10-31,2022-10-31,0.6599999999999966,0.8721858484343403,0.6006586453901919,0.21218584843434374,0.05934135460980472,1,4,1
12,d_Ki,2021-11-30,2022-11-30,0.2600000000000051,0.7895616117487751,0.629253281710497,0.52956161174877,0.3692532817104919,1,4,1
12,d_Ki,2021-12-31,2022-12-31,0.5699999999999932,1.9380568309716977,0.6171896043148564,1.3680568309717045,0.04718960431486319,1,4,1
12,d_Ki,2022-01-31,2023-01-31,1.1299999999999955,3.946487074650195,0.5219919873366844,2.8164870746501998,0.6080080126633111,1,4,1
12,d_Ki,2022-02-28,2023-02-28,0.75,4.89732833805985,0.6710822615336419,4.14732833805985,0.07891773846635808,1,4,1
12,d_Ki,2022-03-31,2023-03-31,0.39000000000000057,0.7354289860695042,0.6321594657865774,0.3454289860695037,0.24215946578657688,1,1,1
12,d_Ki,2022-04-30,2023-04-30,0.7199999999999989,1.3128901657737342,1.281966225050405,0.5928901657737353,0.561966225050406,1,1,1
12,d_Ki,2022-05-31,2023-05-31,-0.25,0.8948254568389189,0.8697472848579753,1.144825456838919,1.1197472848579753,1,1,1
12,d_Ki,2022-06-30,2023-06-30,0.4300000000000068,0.5757253420779707,0.578899101525811,0.14572534207796384,0.1488991015258042,1,1,1
12,d_Ki,2022-07-31,2023-07-31,0.5,0.478460211776736,0.474498799395095,0.021539788223264023,0.025501200604905017,1,1,1
12,d_Ki,2022-08-31,2023-08-31,-0.06999999999999318,0.4825833344606364,0.46833413589598394,0.5525833344606296,0.5383341358959771,1,1,1
12,d_Ki,2022-09-30,2023-09-30,1.75,0.47327258839772607,0.470418195238393,1.276727411602274,1.279581804761607,1,1,1
12,d_Ki,2022-10-31,2023-10-31,0.45999999999999375,0.557054938049693,0.5586276635409921,0.09705493804969922,0.09862766354099839,1,1,1
12,d_Ki,2022-11-30,2023-11-30,0.7399999999999949,0.5771861434757788,0.5803671144224136,0.1628138565242161,0.15963288557758126,1,1,1
12,d_Ki,2022-12-31,2023-12-31,0.29000000000000625,0.5529484251228509,0.55414403246036,0.26294842512284466,0.2641440324603538,1,1,1
12,d_Ki,2023-01-31,2024-01-31,0.8700000000000045,0.5708163473403247,0.5735256525949551,0.29918365265967983,0.2964743474050494,1,1,1
12,d_Ki,2023-02-28,2024-02-28,0.5300000000000011,0.6086499424636508,0.6140678703652726,0.07864994246364965,0.08406787036527141,1,1,1
12,d_Ki,2023-03-31,2024-03-31,0.5300000000000011,0.5837268756404534,0.5872560196352569,0.05372687564045231,0.05725601963525573,1,1,1
12,d_Ki,2023-04-30,2024-04-30,0.37999999999999545,0.5604773513182317,0.5622347117277744,0.18047735131823628,0.18223471172777894,1,1,1
12,d_Ki,2023-05-31,2024-05-31,0.9399999999999977,0.5803690312827577,0.5837272859663156,0.35963096871724,0.3562727140336821,1,1,1
12,d_Ki,2023-06-30,2024-06-30,0.18000000000000682,0.5014534398519951,0.5187973954990533,0.32145343985198827,0.3387973954990465,1,1,1
12,d_Ki,2023-07-31,2024-07-31,1.0699999999999932,0.491251902977328,0.5632544540556778,0.5787480970226652,0.5067455459443154,1,1,1
12,d_Ki,2023-08-31,2024-08-31,0.09000000000000341,0.5579732203300937,0.5715453397194779,0.46797322033009026,0.48154533971947444,1,1,1
12,d_Ki,2023-09-30,2024-09-30,0.6200000000000045,0.501398221746659,0.5275635960195248,0.1186017782533455,0.0924364039804797,1,1,1
12,d_Ki,2023-10-31,2024-10-31,1.019999999999996,0.6504913256191219,0.6582068329592956,0.3695086743808741,0.3617931670407004,1,1,1
12,d_Ki,2023-11-30,2024-11-30,1.5,0.5539542652467956,0.5678723884316889,0.9460457347532044,0.9321276115683111,1,1,1
12,d_Ki,2023-12-31,2024-12-31,0.9099999999999966,0.5917281544964157,0.5944110901223224,0.3182718455035809,0.3155889098776742,1,1,1
12,d_Ki,2024-01-31,2025-01-31,0.8400000000000034,0.5622229386836627,0.562891474280683,0.2777770613163407,0.27710852571932043,1,1,1
12,d_Ki,2024-02-29,2025-02-28,1.3400000000000034,0.604228093880291,0.6074365314144947,0.7357719061197124,0.7325634685855087,1,1,1
12,d_Ki,2024-03-31,2025-03-31,0.8100000000000023,0.5849786821747089,0.5866374703737641,0.22502131782529333,0.22336252962623815,1,1,1
12,d_Ki,2024-04-30,2025-04-30,0.5300000000000011,0.5863257780125827,0.5879663954552135,0.05632577801258154,0.057966395455212316,1,1,1
12,d_Ki,2024-05-31,2025-05-31,-0.06999999999999318,0.5753582565327863,0.576339891647137,0.6453582565327795,0.6463398916471301,1,1,1
12,d_Ki,2024-06-30,2025-06-30,-0.04000000000000625,0.593792943027756,0.6152004710552695,0.6337929430277622,0.6552004710552758,1,1,1
12,d_Ki,2024-07-31,2025-07-31,0.35999999999999943,0.5544306143511113,0.5540393893578929,0.19443061435111186,0.19403938935789344,1,1,1
12,d_Ki,2024-08-31,2025-08-31,-0.5699999999999932,0.6019223395399858,0.619667661341688,1.171922339539979,1.1896676613416812,1,1,1
12,d_Ki,2024-09-30,2025-09-30,1.0,0.5431129798993596,0.541824270493023,0.4568870201006404,0.45817572950697705,1,1,1
12,d_Ki,2024-10-31,2025-10-31,0.5300000000000011,0.5427491157325621,0.5814758855881563,0.01274911573256099,0.05147588558815519,1,1,1
12,d_Ki,2024-11-30,2025-11-30,0.15000000000000568,0.6050304421306898,0.6082152467599795,0.4550304421306841,0.4582152467599738,1,1,1
12,d_Ki,2024-12-31,2025-12-31,0.29000000000000625,0.6307807001581662,0.6364224718787628,0.34078070015816,0.3464224718787565,1,1,1
12,d_Ki,2025-01-31,2026-01-31,1.5699999999999932,0.5921932073959661,0.5948292815723799,0.977806792604027,0.9751707184276133,1,1,1
12,d_Ki,2025-02-28,2026-02-28,1.0999999999999943,0.594286043652035,0.5964817218914688,0.5057139563479593,0.5035182781085256,1,1,1
12,d_Ki,2025-03-31,2026-03-31,0.5400000000000063,0.6281661566068766,0.6328030536927174,0.08816615660687033,0.09280305369271113,1,1,1
12,d_Ki,2025-04-30,2026-04-30,-0.28000000000000114,0.5949001186516906,0.5968758048804611,0.8749001186516917,0.8768758048804622,1,1,1
12,d_Ki,2025-05-31,2026-05-31,0.09000000000000341,0.5731492073824275,0.5737706793352909,0.48314920738242406,0.4837706793352875,1,1,1
12,spread_Ruonia_Ki,2016-02-29,2017-02-28,0.3299999999999983,0.34085368160440505,0.6775184158052692,0.01085368160440675,0.3475184158052709,1,1,1
12,spread_Ruonia_Ki,2016-03-31,2017-03-31,0.20000000000000284,0.3471754255370952,0.6835658376731575,0.14717542553709234,0.48356583767315464,1,1,1
12,spread_Ruonia_Ki,2016-04-30,2017-04-30,0.769999999999996,0.31993307518644704,0.6996345246968722,0.450066924813549,0.07036547530312387,1,1,1
12,spread_Ruonia_Ki,2016-05-31,2017-05-31,0.45999999999999375,0.39876498714781244,0.6483634169688176,0.0612350128521813,0.18836341696882386,1,1,1
12,spread_Ruonia_Ki,2016-06-30,2017-06-30,0.5799999999999983,0.3257142116671963,0.7018668980559467,0.254285788332802,0.12186689805594841,1,1,1
12,spread_Ruonia_Ki,2016-07-31,2017-07-31,-0.480000000000004,0.3785851272946375,0.6975222905945428,0.8585851272946414,1.1775222905945468,1,1,1
12,spread_Ruonia_Ki,2016-08-31,2017-08-31,-0.5100000000000051,0.3699611908836264,0.657205766299899,0.8799611908836316,1.167205766299904,1,1,1
12,spread_Ruonia_Ki,2016-09-30,2017-09-30,-0.14000000000000057,0.3093797108429712,0.6648436227477981,0.4493797108429718,0.8048436227477986,1,1,1
12,spread_Ruonia_Ki,2016-10-31,2017-10-31,0.1599999999999966,0.2372605515941919,0.6536731192692157,0.07726055159419531,0.4936731192692191,1,1,1
12,spread_Ruonia_Ki,2016-11-30,2017-11-30,0.18000000000000682,0.28232409768757305,0.6230518770758333,0.10232409768756623,0.4430518770758265,1,1,1
12,spread_Ruonia_Ki,2016-12-31,2017-12-31,0.4399999999999977,0.2587222010781958,0.6238547859604764,0.1812777989218019,0.18385478596047866,1,1,1
12,spread_Ruonia_Ki,2017-01-31,2018-01-31,-0.030000000000001137,0.3284558639162811,0.6013368819838886,0.35845586391628226,0.6313368819838897,1,1,1
12,spread_Ruonia_Ki,2017-02-28,2018-02-28,0.3400000000000034,0.2623646300910281,0.6122083619263325,0.0776353699089753,0.27220836192632913,1,1,1
12,spread_Ruonia_Ki,2017-03-31,2018-03-31,0.0799999999999983,0.24544253584985168,0.6121857146302826,0.16544253584985338,0.5321857146302843,1,1,1
12,spread_Ruonia_Ki,2017-04-30,2018-04-30,0.5,0.21186520381037977,0.606825857631557,0.28813479618962023,0.10682585763155705,1,1,1
12,spread_Ruonia_Ki,2017-05-31,2018-05-31,0.09000000000000341,0.29911634726507064,0.5937261231169196,0.20911634726506723,0.5037261231169162,1,1,1
12,spread_Ruonia_Ki,2017-06-30,2018-06-30,0.6400000000000006,0.28551311202866936,0.5942509850043916,0.3544868879713312,0.045749014995609016,1,1,1
12,spread_Ruonia_Ki,2017-07-31,2018-07-31,0.12000000000000455,0.30269520108856346,0.5923717390781714,0.1826952010885589,0.4723717390781669,1,1,1
12,spread_Ruonia_Ki,2017-08-31,2018-08-31,-0.04999999999999716,0.19805970721720845,0.6071376673579644,0.2480597072172056,0.6571376673579615,1,1,1
12,spread_Ruonia_Ki,2017-09-30,2018-09-30,-0.29999999999999716,0.2165353237672138,0.5799192703079834,0.516535323767211,0.8799192703079806,1,1,1
12,spread_Ruonia_Ki,2017-10-31,2018-10-31,0.09000000000000341,0.2164643150158577,0.5510542647212309,0.12646431501585428,0.46105426472122746,1,1,1
12,spread_Ruonia_Ki,2017-11-30,2018-11-30,0.8700000000000045,0.24459055453549663,0.5480531721064561,0.6254094454645079,0.32194682789354845,1,1,1
12,spread_Ruonia_Ki,2017-12-31,2018-12-31,1.0799999999999983,0.2629904261495434,0.5537430562510188,0.8170095738504549,0.5262569437489795,1,1,1
12,spread_Ruonia_Ki,2018-01-31,2019-01-31,1.1400000000000006,0.32127576234005106,0.5669188496794575,0.8187242376599495,0.5730811503205431,1,1,1
12,spread_Ruonia_Ki,2018-02-28,2019-02-28,0.7099999999999937,0.36381154780499037,0.5656707098057212,0.3461884521950034,0.14432929019427254,1,1,1
12,spread_Ruonia_Ki,2018-03-31,2019-03-31,0.5499999999999972,0.3882875993309641,0.5739736435877265,0.16171240066903309,0.023973643587729354,1,1,1
12,spread_Ruonia_Ki,2018-04-30,2019-04-30,0.5900000000000034,0.37429997562522427,0.5698370770736823,0.21570002437477914,0.02016292292632116,1,1,1
12,spread_Ruonia_Ki,2018-05-31,2019-05-31,0.5300000000000011,0.4259388840008337,0.5762836659280272,0.10406111599916745,0.04628366592802602,1,1,1
12,spread_Ruonia_Ki,2018-06-30,2019-06-30,-0.4099999999999966,0.4022936357101373,0.5697780174639173,0.8122936357101339,0.9797780174639139,1,1,1
12,spread_Ruonia_Ki,2018-07-31,2019-07-31,-0.0799999999999983,0.4252238255454579,0.5681088460173089,0.5052238255454562,0.6481088460173072,1,1,1
12,spread_Ruonia_Ki,2018-08-31,2019-08-31,-0.1700000000000017,0.40343410718805717,0.548415815643284,0.5734341071880589,0.7184158156432857,1,1,1
12,spread_Ruonia_Ki,2018-09-30,2019-09-30,-0.3199999999999932,0.3800233978878451,0.5319451941139589,0.7000233978878383,0.8519451941139521,1,1,1
12,spread_Ruonia_Ki,2018-10-31,2019-10-31,0.29999999999999716,0.3428941907437058,0.5047454554257889,0.04289419074370865,0.2047454554257917,1,1,1
12,spread_Ruonia_Ki,2018-11-30,2019-11-30,0.39000000000000057,0.37623026406371923,0.518230261835314,0.013769735936281335,0.12823026183531339,1,1,1
12,spread_Ruonia_Ki,2018-12-31,2019-12-31,0.4099999999999966,0.44552666973064176,0.5550184460305086,0.035526669730645166,0.14501844603051206,1,1,1
12,spread_Ruonia_Ki,2019-01-31,2020-01-31,0.5,0.46366172067468936,0.5637594938382962,0.03633827932531064,0.06375949383829616,1,1,1
12,spread_Ruonia_Ki,2019-02-28,2020-02-28,0.4000000000000057,0.44731697160753464,0.5658160415988605,0.04731697160752896,0.16581604159885477,1,1,1
12,spread_Ruonia_Ki,2019-03-31,2020-03-31,0.6700000000000017,0.3597683392988919,0.5433755005855906,0.3102316607011098,0.12662449941441112,1,1,1
12,spread_Ruonia_Ki,2019-04-30,2020-04-30,1.2999999999999972,0.3409029153768146,0.5370347376779183,0.9590970846231825,0.7629652623220788,1,1,1
12,spread_Ruonia_Ki,2019-05-31,2020-05-31,0.12000000000000455,0.32737603924622494,0.5458316954691835,0.2073760392462204,0.425831695469179,1,1,1
12,spread_Ruonia_Ki,2019-06-30,2020-06-30,0.010000000000005116,0.28441649276011904,0.5392523861322323,0.27441649276011393,0.5292523861322271,1,1,1
12,spread_Ruonia_Ki,2019-07-31,2020-07-31,-0.15000000000000568,0.20644949408310215,0.49021985912205884,0.35644949408310783,0.6402198591220645,1,1,1
12,spread_Ruonia_Ki,2019-08-31,2020-08-31,0.10999999999999943,0.2285673634963889,0.4914859826850598,0.11856736349638947,0.38148598268506034,1,1,1
12,spread_Ruonia_Ki,2019-09-30,2020-09-30,0.12999999999999545,0.22576301795715875,0.47896456992690717,0.0957630179571633,0.3489645699269117,1,1,1
12,spread_Ruonia_Ki,2019-10-31,2020-10-31,0.5,0.2129911020440969,0.4616832247338599,0.2870088979559031,0.03831677526614008,1,1,1
12,spread_Ruonia_Ki,2019-11-30,2020-11-30,0.7800000000000011,0.2792490217030312,0.5051959753641949,0.5007509782969699,0.2748040246358062,1,1,1
12,spread_Ruonia_Ki,2019-12-31,2020-12-31,0.9000000000000057,0.28655146021036876,0.5140121893752373,0.613448539789637,0.3859878106247684,1,1,1
12,spread_Ruonia_Ki,2020-01-31,2021-01-31,0.5999999999999943,0.3147561000201734,0.5188636674495114,0.2852438999798209,0.08113633255048291,1,1,1
12,spread_Ruonia_Ki,2020-02-29,2021-02-28,1.0300000000000011,0.2583389203501563,0.525487775469787,0.7716610796498449,0.5045122245302142,1,1,1
12,spread_Ruonia_Ki,2020-03-31,2021-03-31,1.3100000000000023,0.25058915952325994,0.5232643647405101,1.0594108404767424,0.7867356352594922,1,1,1
12,spread_Ruonia_Ki,2020-04-30,2021-04-30,0.8599999999999994,0.2994183614602798,0.5469684177206994,0.5605816385397197,0.31303158227930006,1,1,1
12,spread_Ruonia_Ki,2020-05-31,2021-05-31,0.4099999999999966,0.35142357875676616,0.5888873841977269,0.058576421243230425,0.17888738419773031,1,1,1
12,spread_Ruonia_Ki,2020-06-30,2021-06-30,0.5600000000000023,0.2963876067105814,0.5148342424389047,0.2636123932894209,0.04516575756109753,1,1,1
12,spread_Ruonia_Ki,2020-07-31,2021-07-31,0.21999999999999886,0.33147237658269296,0.5087959587817958,0.1114723765826941,0.288795958781797,1,1,1
12,spread_Ruonia_Ki,2020-08-31,2021-08-31,0.1599999999999966,0.37121839154400293,0.49474990901344523,0.21121839154400635,0.33474990901344864,1,1,1
12,spread_Ruonia_Ki,2020-09-30,2021-09-30,0.730000000000004,0.3964377779860469,0.5064022222006314,0.3335622220139571,0.22359777779937262,1,1,1
12,spread_Ruonia_Ki,2020-10-31,2021-10-31,0.9200000000000017,0.39468920142232505,0.5103127739541641,0.5253107985776766,0.4096872260458376,1,1,1
12,spread_Ruonia_Ki,2020-11-30,2021-11-30,0.8599999999999994,0.4488214540111943,0.5378672958840169,0.41117854598880516,0.3221327041159825,1,1,1
12,spread_Ruonia_Ki,2020-12-31,2021-12-31,0.20999999999999375,0.5195517985681709,0.5576368507347792,0.30955179856817716,0.34763685073478545,1,1,1
12,spread_Ruonia_Ki,2021-01-31,2022-01-31,1.2199999999999989,0.5257786458720215,0.5619826820593894,0.6942213541279774,0.6580173179406095,1,1,1
12,spread_Ruonia_Ki,2021-02-28,2022-02-28,0.9399999999999977,0.5320564787885672,0.5489204423206158,0.4079435212114305,0.39107955767938196,1,1,1
12,spread_Ruonia_Ki,2021-03-31,2022-03-31,5.549999999999997,0.6681517741037798,0.5794785090184013,4.881848225896217,4.970521490981596,1,1,1
12,spread_Ruonia_Ki,2021-04-30,2022-04-30,3.280000000000001,0.743290794310627,0.6625311257249904,2.536709205689374,2.6174688742750107,1,1,1
12,spread_Ruonia_Ki,2021-05-31,2022-05-31,0.6800000000000068,0.7159322569521833,0.6445259056205709,0.0359322569521765,0.03547409437943594,1,1,1
12,spread_Ruonia_Ki,2021-06-30,2022-06-30,-0.6800000000000068,0.6864942885019726,0.5839772595752977,1.3664942885019795,1.2639772595753045,1,1,1
12,spread_Ruonia_Ki,2021-07-31,2022-07-31,-0.769999999999996,0.6722650364232589,0.5949252418909107,1.442265036423255,1.3649252418909068,1,1,1
12,spread_Ruonia_Ki,2021-08-31,2022-08-31,-0.5699999999999932,0.633108773702974,0.5374987706755312,1.2031087737029673,1.1074987706755244,1,1,1
12,spread_Ruonia_Ki,2021-09-30,2022-09-30,0.3299999999999983,0.570909167288339,0.5182026502516003,0.24090916728834066,0.188202650251602,1,1,1
12,spread_Ruonia_Ki,2021-10-31,2022-10-31,0.6599999999999966,0.6366032421007558,0.6006586453901919,0.023396757899240783,0.05934135460980472,1,1,1
12,spread_Ruonia_Ki,2021-11-30,2022-11-30,0.2600000000000051,1.5658013182233677,0.629253281710497,1.3058013182233625,0.3692532817104919,1,1,1
12,spread_Ruonia_Ki,2021-12-31,2022-12-31,0.5699999999999932,1.3762431334105154,0.6171896043148564,0.8062431334105222,0.04718960431486319,1,1,1
12,spread_Ruonia_Ki,2022-01-31,2023-01-31,1.1299999999999955,1.0004167450116646,0.5219919873366844,0.1295832549883309,0.6080080126633111,1,1,1
12,spread_Ruonia_Ki,2022-02-28,2023-02-28,0.75,0.9253975053991949,0.6710822615336419,0.17539750539919485,0.07891773846635808,1,1,1
12,spread_Ruonia_Ki,2022-03-31,2023-03-31,0.39000000000000057,0.6198861242766389,0.6321594657865774,0.22988612427663835,0.24215946578657688,1,1,1
12,spread_Ruonia_Ki,2022-04-30,2023-04-30,0.7199999999999989,0.5423176645428197,1.281966225050405,0.17768233545717915,0.561966225050406,1,1,1
12,spread_Ruonia_Ki,2022-05-31,2023-05-31,-0.25,0.3368102842340299,0.8697472848579753,0.5868102842340299,1.1197472848579753,1,1,1
12,spread_Ruonia_Ki,2022-06-30,2023-06-30,0.4300000000000068,0.14310779660149067,0.578899101525811,0.2868922033985162,0.1488991015258042,1,1,1
12,spread_Ruonia_Ki,2022-07-31,2023-07-31,0.5,0.19501224251326585,0.474498799395095,0.3049877574867341,0.025501200604905017,1,1,1
12,spread_Ruonia_Ki,2022-08-31,2023-08-31,-0.06999999999999318,0.20629802147635493,0.46833413589598394,0.2762980214763481,0.5383341358959771,1,1,1
12,spread_Ruonia_Ki,2022-09-30,2023-09-30,1.75,0.2866018978095038,0.470418195238393,1.4633981021904963,1.279581804761607,1,1,1
12,spread_Ruonia_Ki,2022-10-31,2023-10-31,0.45999999999999375,0.4436701672825143,0.5586276635409921,0.016329832717479453,0.09862766354099839,1,1,1
12,spread_Ruonia_Ki,2022-11-30,2023-11-30,0.7399999999999949,0.4830854389702334,0.5803671144224136,0.25691456102976146,0.15963288557758126,1,1,1
12,spread_Ruonia_Ki,2022-12-31,2023-12-31,0.29000000000000625,0.46157739982829193,0.55414403246036,0.17157739982828568,0.2641440324603538,1,1,1
12,spread_Ruonia_Ki,2023-01-31,2024-01-31,0.8700000000000045,0.4971143414867407,0.5735256525949551,0.37288565851326383,0.2964743474050494,1,1,1
12,spread_Ruonia_Ki,2023-02-28,2024-02-28,0.5300000000000011,0.5845999499778489,0.6140678703652726,0.054599949977847784,0.08406787036527141,1,1,1
12,spread_Ruonia_Ki,2023-03-31,2024-03-31,0.5300000000000011,0.5328910871734492,0.5872560196352569,0.0028910871734481036,0.05725601963525573,1,1,1
12,spread_Ruonia_Ki,2023-04-30,2024-04-30,0.37999999999999545,0.4780541813321865,0.5622347117277744,0.09805418133219107,0.18223471172777894,1,1,1
12,spread_Ruonia_Ki,2023-05-31,2024-05-31,0.9399999999999977,0.5286386416517158,0.5837272859663156,0.4113613583482819,0.3562727140336821,1,1,1
12,spread_Ruonia_Ki,2023-06-30,2024-06-30,0.18000000000000682,0.46930419494297276,0.5187973954990533,0.28930419494296594,0.3387973954990465,1,1,1
12,spread_Ruonia_Ki,2023-07-31,2024-07-31,1.0699999999999932,0.752015204922837,0.5632544540556778,0.31798479507715616,0.5067455459443154,1,1,1
12,spread_Ruonia_Ki,2023-08-31,2024-08-31,0.09000000000000341,0.7945883262972758,0.5715453397194779,0.7045883262972724,0.48154533971947444,1,1,1
12,spread_Ruonia_Ki,2023-09-30,2024-09-30,0.6200000000000045,0.6860985711077809,0.5275635960195248,0.0660985711077764,0.0924364039804797,1,1,1
12,spread_Ruonia_Ki,2023-10-31,2024-10-31,1.019999999999996,0.7952446149803883,0.6582068329592956,0.22475538501960768,0.3617931670407004,1,1,1
12,spread_Ruonia_Ki,2023-11-30,2024-11-30,1.5,0.6509558497841802,0.5678723884316889,0.8490441502158198,0.9321276115683111,1,1,1
12,spread_Ruonia_Ki,2023-12-31,2024-12-31,0.9099999999999966,0.5841318388182597,0.5944110901223224,0.3258681611817369,0.3155889098776742,1,1,1
12,spread_Ruonia_Ki,2024-01-31,2025-01-31,0.8400000000000034,0.512167293275351,0.562891474280683,0.32783270672465237,0.27710852571932043,1,1,1
12,spread_Ruonia_Ki,2024-02-29,2025-02-28,1.3400000000000034,0.5502823766503177,0.6074365314144947,0.7897176233496858,0.7325634685855087,1,1,1
12,spread_Ruonia_Ki,2024-03-31,2025-03-31,0.8100000000000023,0.5074397448151027,0.5866374703737641,0.3025602551848996,0.22336252962623815,1,1,1
12,spread_Ruonia_Ki,2024-04-30,2025-04-30,0.5300000000000011,0.5213442169985418,0.5879663954552135,0.008655783001459305,0.057966395455212316,1,1,1
12,spread_Ruonia_Ki,2024-05-31,2025-05-31,-0.06999999999999318,0.49681008872626314,0.576339891647137,0.5668100887262564,0.6463398916471301,1,1,1
12,spread_Ruonia_Ki,2024-06-30,2025-06-30,-0.04000000000000625,0.670402942279408,0.6152004710552695,0.7104029422794143,0.6552004710552758,1,1,1
12,spread_Ruonia_Ki,2024-07-31,2025-07-31,0.35999999999999943,0.5831024999713273,0.5540393893578929,0.22310249997132792,0.19403938935789344,1,1,1
12,spread_Ruonia_Ki,2024-08-31,2025-08-31,-0.5699999999999932,0.7276167221754135,0.619667661341688,1.2976167221754067,1.1896676613416812,1,1,1
12,spread_Ruonia_Ki,2024-09-30,2025-09-30,1.0,0.5075534117788114,0.541824270493023,0.4924465882211886,0.45817572950697705,1,1,1
12,spread_Ruonia_Ki,2024-10-31,2025-10-31,0.5300000000000011,0.6475464459744223,0.5814758855881563,0.11754644597442121,0.05147588558815519,1,1,1
12,spread_Ruonia_Ki,2024-11-30,2025-11-30,0.15000000000000568,0.6639237920799849,0.6082152467599795,0.5139237920799792,0.4582152467599738,1,1,1
12,spread_Ruonia_Ki,2024-12-31,2025-12-31,0.29000000000000625,0.610779287624165,0.6364224718787628,0.32077928762415875,0.3464224718787565,1,1,1
12,spread_Ruonia_Ki,2025-01-31,2026-01-31,1.5699999999999932,0.5193748808636589,0.5948292815723799,1.0506251191363343,0.9751707184276133,1,1,1
12,spread_Ruonia_Ki,2025-02-28,2026-02-28,1.0999999999999943,0.5345045376617926,0.5964817218914688,0.5654954623382017,0.5035182781085256,1,1,1
12,spread_Ruonia_Ki,2025-03-31,2026-03-31,0.5400000000000063,0.5942424802322743,0.6328030536927174,0.054242480232268075,0.09280305369271113,1,1,1
12,spread_Ruonia_Ki,2025-04-30,2026-04-30,-0.28000000000000114,0.504068947968704,0.5968758048804611,0.7840689479687052,0.8768758048804622,1,1,1
12,spread_Ruonia_Ki,2025-05-31,2026-05-31,0.09000000000000341,0.48131157912271577,0.5737706793352909,0.39131157912271236,0.4837706793352875,1,1,1
12,d_spread_Ruonia_Ki,2016-03-31,2017-03-31,0.20000000000000284,0.6551096635294844,0.6835658376731575,0.45510966352948157,0.48356583767315464,1,1,1
12,d_spread_Ruonia_Ki,2016-04-30,2017-04-30,0.769999999999996,0.6981192907879548,0.6996345246968722,0.07188070921204126,0.07036547530312387,1,1,1
12,d_spread_Ruonia_Ki,2016-05-31,2017-05-31,0.45999999999999375,0.7229959440755354,0.6483634169688176,0.2629959440755416,0.18836341696882386,1,3,1
12,d_spread_Ruonia_Ki,2016-06-30,2017-06-30,0.5799999999999983,0.6711011430259795,0.7018668980559467,0.09110114302598116,0.12186689805594841,1,3,1
12,d_spread_Ruonia_Ki,2016-07-31,2017-07-31,-0.480000000000004,0.6655440405786686,0.6975222905945428,1.1455440405786725,1.1775222905945468,1,3,1
12,d_spread_Ruonia_Ki,2016-08-31,2017-08-31,-0.5100000000000051,0.5505074157163787,0.657205766299899,1.0605074157163838,1.167205766299904,1,3,1
12,d_spread_Ruonia_Ki,2016-09-30,2017-09-30,-0.14000000000000057,0.7195922993017787,0.6648436227477981,0.8595922993017793,0.8048436227477986,1,3,1
12,d_spread_Ruonia_Ki,2016-10-31,2017-10-31,0.1599999999999966,0.6032012066477981,0.6536731192692157,0.4432012066478015,0.4936731192692191,1,3,1
12,d_spread_Ruonia_Ki,2016-11-30,2017-11-30,0.18000000000000682,0.6164147063195363,0.6230518770758333,0.4364147063195295,0.4430518770758265,1,3,1
12,d_spread_Ruonia_Ki,2016-12-31,2017-12-31,0.4399999999999977,0.4794741162129927,0.6238547859604764,0.03947411621299496,0.18385478596047866,1,3,1
12,d_spread_Ruonia_Ki,2017-01-31,2018-01-31,-0.030000000000001137,0.6554482220463539,0.6013368819838886,0.685448222046355,0.6313368819838897,1,3,1
12,d_spread_Ruonia_Ki,2017-02-28,2018-02-28,0.3400000000000034,0.5926282714356846,0.6122083619263325,0.25262827143568123,0.27220836192632913,1,3,1
12,d_spread_Ruonia_Ki,2017-03-31,2018-03-31,0.0799999999999983,0.5326702239206964,0.6121857146302826,0.4526702239206981,0.5321857146302843,1,3,1
12,d_spread_Ruonia_Ki,2017-04-30,2018-04-30,0.5,0.5928991898705487,0.606825857631557,0.09289918987054868,0.10682585763155705,1,3,1
12,d_spread_Ruonia_Ki,2017-05-31,2018-05-31,0.09000000000000341,0.5501916321574204,0.5937261231169196,0.460191632157417,0.5037261231169162,1,3,1
12,d_spread_Ruonia_Ki,2017-06-30,2018-06-30,0.6400000000000006,0.5130450631715695,0.5942509850043916,0.12695493682843106,0.045749014995609016,1,3,1
12,d_spread_Ruonia_Ki,2017-07-31,2018-07-31,0.12000000000000455,0.6768417849858781,0.5923717390781714,0.5568417849858736,0.4723717390781669,1,3,1
12,d_spread_Ruonia_Ki,2017-08-31,2018-08-31,-0.04999999999999716,0.5463082590543167,0.6071376673579644,0.5963082590543138,0.6571376673579615,1,3,1
12,d_spread_Ruonia_Ki,2017-09-30,2018-09-30,-0.29999999999999716,0.43319390461718826,0.5799192703079834,0.7331939046171854,0.8799192703079806,1,3,1
12,d_spread_Ruonia_Ki,2017-10-31,2018-10-31,0.09000000000000341,0.4062785327549647,0.5510542647212309,0.3162785327549613,0.46105426472122746,1,3,1
12,d_spread_Ruonia_Ki,2017-11-30,2018-11-30,0.8700000000000045,0.5933168197218806,0.5480531721064561,0.276683180278124,0.32194682789354845,1,3,1
12,d_spread_Ruonia_Ki,2017-12-31,2018-12-31,1.0799999999999983,0.49515241559765166,0.5537430562510188,0.5848475844023466,0.5262569437489795,1,3,1
12,d_spread_Ruonia_Ki,2018-01-31,2019-01-31,1.1400000000000006,0.5448643875521173,0.5669188496794575,0.5951356124478833,0.5730811503205431,1,3,1
12,d_spread_Ruonia_Ki,2018-02-28,2019-02-28,0.7099999999999937,0.4552487780333401,0.5656707098057212,0.2547512219666537,0.14432929019427254,1,3,1
12,d_spread_Ruonia_Ki,2018-03-31,2019-03-31,0.5499999999999972,0.6053842376903638,0.5739736435877265,0.0553842376903666,0.023973643587729354,1,3,1
12,d_spread_Ruonia_Ki,2018-04-30,2019-04-30,0.5900000000000034,0.6858413677351399,0.5698370770736823,0.09584136773513652,0.02016292292632116,1,3,1
12,d_spread_Ruonia_Ki,2018-05-31,2019-05-31,0.5300000000000011,0.521199578204992,0.5762836659280272,0.008800421795009172,0.04628366592802602,1,3,1
12,d_spread_Ruonia_Ki,2018-06-30,2019-06-30,-0.4099999999999966,0.5180494697098961,0.5697780174639173,0.9280494697098927,0.9797780174639139,1,3,1
12,d_spread_Ruonia_Ki,2018-07-31,2019-07-31,-0.0799999999999983,0.6289540340171217,0.5681088460173089,0.70895403401712,0.6481088460173072,1,3,1
12,d_spread_Ruonia_Ki,2018-08-31,2019-08-31,-0.1700000000000017,0.4820546865486765,0.548415815643284,0.6520546865486783,0.7184158156432857,1,3,1
12,d_spread_Ruonia_Ki,2018-09-30,2019-09-30,-0.3199999999999932,0.46796447023659776,0.5319451941139589,0.7879644702365909,0.8519451941139521,1,3,1
12,d_spread_Ruonia_Ki,2018-10-31,2019-10-31,0.29999999999999716,0.4774244288313291,0.5047454554257889,0.17742442883133192,0.2047454554257917,1,3,1
12,d_spread_Ruonia_Ki,2018-11-30,2019-11-30,0.39000000000000057,0.46681373720853775,0.518230261835314,0.07681373720853718,0.12823026183531339,1,3,1
12,d_spread_Ruonia_Ki,2018-12-31,2019-12-31,0.4099999999999966,0.5775136271617233,0.5550184460305086,0.16751362716172669,0.14501844603051206,1,3,1
12,d_spread_Ruonia_Ki,2019-01-31,2020-01-31,0.5,0.6054868612829073,0.5637594938382962,0.1054868612829073,0.06375949383829616,1,3,1
12,d_spread_Ruonia_Ki,2019-02-28,2020-02-28,0.4000000000000057,0.6286129985281789,0.5658160415988605,0.22861299852817318,0.16581604159885477,1,3,1
12,d_spread_Ruonia_Ki,2019-03-31,2020-03-31,0.6700000000000017,0.5833600347011085,0.5433755005855906,0.08663996529889317,0.12662449941441112,1,3,1
12,d_spread_Ruonia_Ki,2019-04-30,2020-04-30,1.2999999999999972,0.4701649686832479,0.5370347376779183,0.8298350313167493,0.7629652623220788,1,3,1
12,d_spread_Ruonia_Ki,2019-05-31,2020-05-31,0.12000000000000455,0.4293552007373705,0.5458316954691835,0.30935520073736594,0.425831695469179,1,3,1
12,d_spread_Ruonia_Ki,2019-06-30,2020-06-30,0.010000000000005116,0.5304865574521055,0.5392523861322323,0.5204865574521004,0.5292523861322271,1,3,1
12,d_spread_Ruonia_Ki,2019-07-31,2020-07-31,-0.15000000000000568,0.3024067592679164,0.49021985912205884,0.45240675926792207,0.6402198591220645,1,3,1
12,d_spread_Ruonia_Ki,2019-08-31,2020-08-31,0.10999999999999943,0.3275265106940096,0.4914859826850598,0.2175265106940102,0.38148598268506034,1,3,1
12,d_spread_Ruonia_Ki,2019-09-30,2020-09-30,0.12999999999999545,0.4307954159648755,0.47896456992690717,0.3007954159648801,0.3489645699269117,1,3,1
12,d_spread_Ruonia_Ki,2019-10-31,2020-10-31,0.5,0.39190373056569194,0.4616832247338599,0.10809626943430806,0.03831677526614008,1,3,1
12,d_spread_Ruonia_Ki,2019-11-30,2020-11-30,0.7800000000000011,0.5089403552503919,0.5051959753641949,0.2710596447496092,0.2748040246358062,1,4,1
12,d_spread_Ruonia_Ki,2019-12-31,2020-12-31,0.9000000000000057,0.5326593452311266,0.5140121893752373,0.3673406547688791,0.3859878106247684,1,4,1
12,d_spread_Ruonia_Ki,2020-01-31,2021-01-31,0.5999999999999943,0.49227273963063856,0.5188636674495114,0.10772726036935576,0.08113633255048291,1,4,1
12,d_spread_Ruonia_Ki,2020-02-29,2021-02-28,1.0300000000000011,0.580750963027852,0.525487775469787,0.44924903697214913,0.5045122245302142,1,4,1
12,d_spread_Ruonia_Ki,2020-03-31,2021-03-31,1.3100000000000023,0.5058757648748957,0.5232643647405101,0.8041242351251066,0.7867356352594922,1,4,1
12,d_spread_Ruonia_Ki,2020-04-30,2021-04-30,0.8599999999999994,0.34635310129027524,0.5469684177206994,0.5136468987097242,0.31303158227930006,1,3,1
12,d_spread_Ruonia_Ki,2020-05-31,2021-05-31,0.4099999999999966,0.5453617135435379,0.5888873841977269,0.13536171354354132,0.17888738419773031,1,4,1
12,d_spread_Ruonia_Ki,2020-06-30,2021-06-30,0.5600000000000023,0.41721753411484963,0.5148342424389047,0.14278246588515264,0.04516575756109753,1,4,1
12,d_spread_Ruonia_Ki,2020-07-31,2021-07-31,0.21999999999999886,0.4240291791401012,0.5087959587817958,0.20402917914010232,0.288795958781797,1,4,1
12,d_spread_Ruonia_Ki,2020-08-31,2021-08-31,0.1599999999999966,0.4622031574542128,0.49474990901344523,0.3022031574542162,0.33474990901344864,1,4,1
12,d_spread_Ruonia_Ki,2020-09-30,2021-09-30,0.730000000000004,0.6581529101057333,0.5064022222006314,0.07184708989427069,0.22359777779937262,1,4,1
12,d_spread_Ruonia_Ki,2020-10-31,2021-10-31,0.9200000000000017,0.6949611338285506,0.5103127739541641,0.22503886617145108,0.4096872260458376,1,4,1
12,d_spread_Ruonia_Ki,2020-11-30,2021-11-30,0.8599999999999994,0.6401369016485361,0.5378672958840169,0.21986309835146334,0.3221327041159825,1,4,1
12,d_spread_Ruonia_Ki,2020-12-31,2021-12-31,0.20999999999999375,0.5444330857680357,0.5576368507347792,0.334433085768042,0.34763685073478545,1,4,1
12,d_spread_Ruonia_Ki,2021-01-31,2022-01-31,1.2199999999999989,0.66755038122877,0.5619826820593894,0.5524496187712289,0.6580173179406095,1,4,1
12,d_spread_Ruonia_Ki,2021-02-28,2022-02-28,0.9399999999999977,0.6912626028081201,0.5489204423206158,0.2487373971918776,0.39107955767938196,1,4,1
12,d_spread_Ruonia_Ki,2021-03-31,2022-03-31,5.549999999999997,0.635723541157684,0.5794785090184013,4.914276458842313,4.970521490981596,1,4,1
12,d_spread_Ruonia_Ki,2021-04-30,2022-04-30,3.280000000000001,0.9244713436905486,0.6625311257249904,2.3555286563094526,2.6174688742750107,1,4,1
12,d_spread_Ruonia_Ki,2021-05-31,2022-05-31,0.6800000000000068,1.0194091819734992,0.6445259056205709,0.33940918197349235,0.03547409437943594,1,4,1
12,d_spread_Ruonia_Ki,2021-06-30,2022-06-30,-0.6800000000000068,0.7609923551220523,0.5839772595752977,1.4409923551220591,1.2639772595753045,1,4,1
12,d_spread_Ruonia_Ki,2021-07-31,2022-07-31,-0.769999999999996,0.6054504920511118,0.5949252418909107,1.3754504920511077,1.3649252418909068,1,3,1
12,d_spread_Ruonia_Ki,2021-08-31,2022-08-31,-0.5699999999999932,0.6057252110743827,0.5374987706755312,1.1757252110743759,1.1074987706755244,1,3,1
12,d_spread_Ruonia_Ki,2021-09-30,2022-09-30,0.3299999999999983,0.4107723172121134,0.5182026502516003,0.08077231721211509,0.188202650251602,1,3,1
12,d_spread_Ruonia_Ki,2021-10-31,2022-10-31,0.6599999999999966,0.6846319140017297,0.6006586453901919,0.024631914001733146,0.05934135460980472,1,3,1
12,d_spread_Ruonia_Ki,2021-11-30,2022-11-30,0.2600000000000051,0.30334508573701957,0.629253281710497,0.043345085737014455,0.3692532817104919,1,3,1
12,d_spread_Ruonia_Ki,2021-12-31,2022-12-31,0.5699999999999932,1.0686632101651532,0.6171896043148564,0.49866321016516,0.04718960431486319,1,3,1
12,d_spread_Ruonia_Ki,2022-01-31,2023-01-31,1.1299999999999955,3.668237737770227,0.5219919873366844,2.5382377377702317,0.6080080126633111,1,3,1
12,d_spread_Ruonia_Ki,2022-02-28,2023-02-28,0.75,0.8200806128710512,0.6710822615336419,0.07008061287105116,0.07891773846635808,1,1,1
12,d_spread_Ruonia_Ki,2022-03-31,2023-03-31,0.39000000000000057,0.7989203387605024,0.6321594657865774,0.4089203387605018,0.24215946578657688,1,1,1
12,d_spread_Ruonia_Ki,2022-04-30,2023-04-30,0.7199999999999989,1.6504437839697739,1.281966225050405,0.930443783969775,0.561966225050406,1,1,1
12,d_spread_Ruonia_Ki,2022-05-31,2023-05-31,-0.25,0.8002456285816237,0.8697472848579753,1.0502456285816237,1.1197472848579753,1,1,1
12,d_spread_Ruonia_Ki,2022-06-30,2023-06-30,0.4300000000000068,0.47985004103092116,0.578899101525811,0.04985004103091434,0.1488991015258042,1,1,1
12,d_spread_Ruonia_Ki,2022-07-31,2023-07-31,0.5,0.4056711823531829,0.474498799395095,0.09432881764681711,0.025501200604905017,1,1,1
12,d_spread_Ruonia_Ki,2022-08-31,2023-08-31,-0.06999999999999318,0.49010844462072356,0.46833413589598394,0.5601084446207167,0.5383341358959771,1,1,1
12,d_spread_Ruonia_Ki,2022-09-30,2023-09-30,1.75,0.4680235501406444,0.470418195238393,1.2819764498593555,1.279581804761607,1,1,1
12,d_spread_Ruonia_Ki,2022-10-31,2023-10-31,0.45999999999999375,0.5562571009431824,0.5586276635409921,0.09625710094318862,0.09862766354099839,1,1,1
12,d_spread_Ruonia_Ki,2022-11-30,2023-11-30,0.7399999999999949,0.575833293778526,0.5803671144224136,0.1641667062214689,0.15963288557758126,1,1,1
12,d_spread_Ruonia_Ki,2022-12-31,2023-12-31,0.29000000000000625,0.5487062268390455,0.55414403246036,0.2587062268390392,0.2641440324603538,1,1,1
12,d_spread_Ruonia_Ki,2023-01-31,2024-01-31,0.8700000000000045,0.5708932714412336,0.5735256525949551,0.29910672855877096,0.2964743474050494,1,1,1
12,d_spread_Ruonia_Ki,2023-02-28,2024-02-28,0.5300000000000011,0.5931703317383692,0.6140678703652726,0.06317033173836806,0.08406787036527141,1,1,1
12,d_spread_Ruonia_Ki,2023-03-31,2024-03-31,0.5300000000000011,0.5833933332241945,0.5872560196352569,0.05339333322419337,0.05725601963525573,1,1,1
12,d_spread_Ruonia_Ki,2023-04-30,2024-04-30,0.37999999999999545,0.5680367803331916,0.5622347117277744,0.18803678033319615,0.18223471172777894,1,1,1
12,d_spread_Ruonia_Ki,2023-05-31,2024-05-31,0.9399999999999977,0.5736257471750178,0.5837272859663156,0.36637425282497993,0.3562727140336821,1,1,1
12,d_spread_Ruonia_Ki,2023-06-30,2024-06-30,0.18000000000000682,0.5125759135119305,0.5187973954990533,0.3325759135119237,0.3387973954990465,1,1,1
12,d_spread_Ruonia_Ki,2023-07-31,2024-07-31,1.0699999999999932,0.4863660990413508,0.5632544540556778,0.5836339009586424,0.5067455459443154,1,1,1
12,d_spread_Ruonia_Ki,2023-08-31,2024-08-31,0.09000000000000341,0.5616294602057902,0.5715453397194779,0.4716294602057868,0.48154533971947444,1,1,1
12,d_spread_Ruonia_Ki,2023-09-30,2024-09-30,0.6200000000000045,0.5461775229140775,0.5275635960195248,0.07382247708592704,0.0924364039804797,1,1,1
12,d_spread_Ruonia_Ki,2023-10-31,2024-10-31,1.019999999999996,0.6713773297843889,0.6582068329592956,0.3486226702156071,0.3617931670407004,1,1,1
12,d_spread_Ruonia_Ki,2023-11-30,2024-11-30,1.5,0.5638517145492058,0.5678723884316889,0.9361482854507942,0.9321276115683111,1,1,1
12,d_spread_Ruonia_Ki,2023-12-31,2024-12-31,0.9099999999999966,0.624429071809692,0.5944110901223224,0.2855709281903046,0.3155889098776742,1,1,1
12,d_spread_Ruonia_Ki,2024-01-31,2025-01-31,0.8400000000000034,0.572172667758443,0.562891474280683,0.2678273322415604,0.27710852571932043,1,1,1
12,d_spread_Ruonia_Ki,2024-02-29,2025-02-28,1.3400000000000034,0.6120411821994328,0.6074365314144947,0.7279588178005706,0.7325634685855087,1,1,1
12,d_spread_Ruonia_Ki,2024-03-31,2025-03-31,0.8100000000000023,0.587341280726735,0.5866374703737641,0.2226587192732673,0.22336252962623815,1,1,1
12,d_spread_Ruonia_Ki,2024-04-30,2025-04-30,0.5300000000000011,0.5821826718066679,0.5879663954552135,0.0521826718066668,0.057966395455212316,1,1,1
12,d_spread_Ruonia_Ki,2024-05-31,2025-05-31,-0.06999999999999318,0.5800245980298041,0.576339891647137,0.6500245980297973,0.6463398916471301,1,1,1
12,d_spread_Ruonia_Ki,2024-06-30,2025-06-30,-0.04000000000000625,0.5674476781384246,0.6152004710552695,0.6074476781384308,0.6552004710552758,1,1,1
12,d_spread_Ruonia_Ki,2024-07-31,2025-07-31,0.35999999999999943,0.5555462413225538,0.5540393893578929,0.19554624132255438,0.19403938935789344,1,1,1
12,d_spread_Ruonia_Ki,2024-08-31,2025-08-31,-0.5699999999999932,0.5925584857850408,0.619667661341688,1.162558485785034,1.1896676613416812,1,1,1
12,d_spread_Ruonia_Ki,2024-09-30,2025-09-30,1.0,0.5937810667846101,0.541824270493023,0.40621893321538993,0.45817572950697705,1,1,1
12,d_spread_Ruonia_Ki,2024-10-31,2025-10-31,0.5300000000000011,0.5410720549146043,0.5814758855881563,0.011072054914603169,0.05147588558815519,1,1,1
12,d_spread_Ruonia_Ki,2024-11-30,2025-11-30,0.15000000000000568,0.609716291177361,0.6082152467599795,0.45971629117735535,0.4582152467599738,1,1,1
12,d_spread_Ruonia_Ki,2024-12-31,2025-12-31,0.29000000000000625,0.663146095382777,0.6364224718787628,0.37314609538277077,0.3464224718787565,1,1,1
12,d_spread_Ruonia_Ki,2025-01-31,2026-01-31,1.5699999999999932,0.5953679126248538,0.5948292815723799,0.9746320873751394,0.9751707184276133,1,1,1
12,d_spread_Ruonia_Ki,2025-02-28,2026-02-28,1.0999999999999943,0.5805045565915518,0.5964817218914688,0.5194954434084426,0.5035182781085256,1,1,1
12,d_spread_Ruonia_Ki,2025-03-31,2026-03-31,0.5400000000000063,0.6131456537517989,0.6328030536927174,0.0731456537517926,0.09280305369271113,1,1,1
12,d_spread_Ruonia_Ki,2025-04-30,2026-04-30,-0.28000000000000114,0.603868153624876,0.5968758048804611,0.8838681536248771,0.8768758048804622,1,1,1
12,d_spread_Ruonia_Ki,2025-05-31,2026-05-31,0.09000000000000341,0.5661014670101903,0.5737706793352909,0.47610146701018685,0.4837706793352875,1,1,1
