Item_code,Item_name,Component,Subcomponent,Avg_weight,Observations,Freeze_months,PSI_pct,Weighted_PSI_pct,Mean_MoM,Mean_abs_MoM_pct,Freeze_spell_count,Max_freeze_spell,Avg_freeze_spell,Weighted_abs_MoM_pct,Avg_thaw_abs_move_pct,Is_education
487,"Повторное получение гербового документа в органах ЗАГС, документ",Услуги,,0.0011803389830508475,118,117,99.15254237288136,99.64101091326823,100.36322033898306,0.36322033898305095,2,108,58.5,0.0001816101694915255,42.860000000000014,False
562,"Рытье могилы, услуга",Услуги,,0.000901914893617021,94,93,98.93617021276596,98.99740504836048,100.07542553191489,0.07542553191489365,2,82,46.5,6.41117021276596e-05,7.090000000000003,False
513,"Пребывание пациента в круглосуточном стационаре, койко-день",Услуги,,0.0004936170212765961,94,93,98.93617021276596,98.29741379310344,99.87957446808511,0.12042553191489354,2,69,46.5,9.513617021276591e-05,11.319999999999993,False
427,"Обучение в негосударственных образовательных организациях высшего профессионального образования, семестр",Услуги,,0.0021160000000000007,70,69,98.57142857142858,98.75776397515527,100.17142857142858,0.17142857142857143,2,68,34.5,0.0003154285714285715,12.0,True
238,"Изготовление гроба, шт.",Услуги,,0.0007437288135593222,118,115,97.45762711864407,96.85505925250683,100.19093220338983,0.19093220338983052,4,82,28.75,0.00016785932203389832,7.510000000000001,False
211,"Дополнительные занятия в государственных и муниципальных общеобразовательных организациях очной формы обучения, академический час",Услуги,,0.0006242857142857144,70,68,97.14285714285714,99.22196796338675,100.09028571428573,0.09028571428571439,3,35,22.666666666666668,1.2948571428571448e-05,3.1600000000000037,True
230,"Занятия на курсах профессионального обучения, академический час",Услуги,,0.0005740677966101695,118,114,96.61016949152543,97.239444936522,100.14372881355932,0.143728813559322,5,52,22.8,5.118050847457622e-05,4.239999999999998,True
533,"Проезд в троллейбусе, поездка",Услуги,,0.00048864406779661,118,114,96.61016949152543,98.19632327436697,100.99177966101693,0.9917796610169491,5,39,22.8,0.00023154237288135592,29.2575,False
695,"Физиотерапевтическое лечение, процедура",Услуги,,0.00038203389830508477,118,113,95.76271186440678,96.96095829636204,100.36050847457628,0.3605084745762711,5,78,22.6,9.038983050847455e-05,8.939999999999998,False
516,"Предоставление междугородных телефонных соединений (разговоров) автоматическим способом на расстояние 601-1200 км, минута",Услуги,,0.00034966101694915266,118,113,95.76271186440678,97.62481822588464,100.24686440677966,0.24686440677966098,6,37,18.833333333333332,6.424915254237287e-05,5.825999999999999,False
515,"Предоставление междугородных телефонных соединений (разговоров) автоматическим способом на расстояние 1201-3000 км, минута",Услуги,,0.00032338983050847454,118,113,95.76271186440678,97.82494758909854,100.24966101694915,0.2496610169491525,6,37,18.833333333333332,5.693559322033898e-05,5.891999999999999,False
514,"Предоставление абоненту в постоянное пользование абонентской линии независимо от ее типа, месяц",Услуги,,0.0007981355932203183,118,112,94.91525423728814,96.33680186876194,100.24584745762712,0.24584745762711868,7,32,16.0,0.0001310194915254213,4.835000000000001,False
386,"Музеи и выставки, билет",Услуги,,0.00013644067796610178,118,112,94.91525423728814,93.91304347826079,100.81059322033899,0.810593220338983,7,60,16.0,6.326525423728812e-05,15.941666666666665,False
1002,"Услуги аренды автомобилей, час",Услуги,,0.00038689655172413796,58,55,94.82758620689656,96.3458110516934,100.50620689655172,0.5062068965517241,4,22,13.75,0.00012100689655172412,9.786666666666667,False
257,"Кинотеатры, билет",Услуги,,0.0006779661016949151,118,111,94.0677966101695,95.25,100.234406779661,0.2344067796610168,8,42,13.875,0.0001291330508474575,3.951428571428569,False
691,"Устная консультация юриста по семейным вопросам, консультация",Услуги,,0.00011355932203389833,118,111,94.0677966101695,92.46268656716417,100.02957627118644,0.029576271186440756,6,99,18.5,4.27288135593221e-06,0.4960000000000008,False
525,"Проезд в городском автобусе,поездка",Услуги,,0.0019708510638297874,94,88,93.61702127659575,94.31069847781497,101.21542553191489,1.2154255319148934,7,28,12.571428571428571,0.0022027382978723406,19.041666666666664,False
107,"Абонентская плата при комбинированной системе оплаты услуг местной телефонной связи, месяц",Услуги,,0.000587966101694895,118,110,93.22033898305084,93.4995675987317,100.32550847457627,0.32550847457627113,9,22,12.222222222222221,0.00017118728813558795,4.80125,False
518,"Предоставление местного телефонного соединения при повременной системе оплаты услуг связи, минута",Услуги,,0.000562203389830498,118,110,93.22033898305084,93.59360868254443,100.46728813559322,0.46728813559322036,9,22,12.222222222222221,0.000251042372881356,6.8925,False
226,"Замена элементов питания в наручных часах, услуга",Услуги,,0.00011474576271186441,118,110,93.22033898305084,89.95568685376661,100.94940672881356,1.1373727627118646,9,66,12.222222222222221,0.00016318133305084746,16.776248250000002,False
1012,"Услуги сиделок, час",Услуги,,0.000726551724137931,58,54,93.10344827586206,92.35880398671095,100.7746551724138,0.7746551724137928,5,24,10.8,0.00043841206896551695,11.232499999999995,False
678,"Услуги по воспитанию детей, предоставляемые наемным персоналом, час",Услуги,,0.001574893617021277,94,87,92.5531914893617,95.11618481491489,100.34808510638297,0.34808510638297874,6,42,14.5,0.00036417765957446816,4.821666666666665,False
212,"Дополнительные занятия для детей дошкольного возраста, академический час",Услуги,,0.0015069811320754713,106,98,92.45283018867924,93.17641166896206,100.29188681132075,0.3032075283018867,7,22,14.0,0.00040331411490566034,3.248571142857141,True
426,"Обучение в государственных и муниципальных образовательных организациях высшего профессионального образования, семестр",Услуги,,0.0032561016949152538,118,109,92.37288135593221,92.5719639789704,100.41991528813558,0.6756779322033897,10,23,10.9,0.002146638007457627,8.858888444444442,True
103,"Абонентская плата за неограниченный объем местных телефонных соединений, месяц",Услуги,,0.0007835593220338985,118,109,92.37288135593221,92.20203331170235,100.29593220338982,0.2959322033898304,10,22,10.9,0.0001999169491525423,3.8799999999999986,False
628,"Театры, билет",Услуги,,0.000697457627118644,118,109,92.37288135593221,93.11057108140949,100.86288135593222,0.8628813559322032,10,59,10.9,0.0005172161016949151,11.31333333333333,False
464,"Пересылка простого письма внутри России, массой до 20 г, шт.",Услуги,,0.00011338983050847464,118,109,92.37288135593221,93.57249626307923,100.58796610169492,0.5879661016949154,10,21,10.9,5.69949152542373e-05,7.70888888888889,False
429,"Обучение в образовательных организациях среднего профессионального образования, семестр",Услуги,,0.001647924528301887,106,97,91.50943396226415,91.47011678497825,100.76632075471697,0.766320754716981,9,22,10.777777777777779,0.0013962990566037735,9.645,True
1004,"Проживание в гостинице 1* или в мотеле, сутки с человека",Услуги,,0.000206551724137931,58,53,91.37931034482759,91.73622704507513,100.3437930862069,0.7010344999999999,4,36,13.25,0.00013623103879310344,10.1,False
185,"Газ сетевой, месяц с человека",Услуги,,0.016821525423728816,118,107,90.67796610169492,90.89040474775055,100.42406779661017,0.4240677966101694,12,18,8.916666666666666,0.005843717796610168,4.549090909090908,False
184,"Газ сетевой, м3",Услуги,,0.011231694915254224,118,107,90.67796610169492,91.04833476692772,100.42313559322034,0.42313559322033906,12,18,8.916666666666666,0.004986166949152541,4.53909090909091,False
745,"Электроэнергия в квартирах без электроплит за минимальный объем потребления, в расчете за 100 кВт.ч",Услуги,,0.00839271186440676,118,107,90.67796610169492,90.58101258153765,100.48296610169493,0.4829661016949151,12,18,8.916666666666666,0.00394773728813558,5.180909090909089,False
746,"Электроэнергия в квартирах с электроплитами за минимальный объем потребления, в расчете за 100 кВт.ч",Услуги,,0.004059322033898306,118,107,90.67796610169492,90.5490605427975,100.48127118644068,0.481271186440678,12,18,8.916666666666666,0.0019473093220338986,5.162727272727273,False
744,"Электроэнергия в квартирах без электроплит сверх минимального объема потребления, в расчете за 100 кВт.ч",Услуги,,0.0014759322033898298,118,107,90.67796610169492,90.9853008727607,100.48296610169493,0.4829661016949151,12,18,8.916666666666666,0.000706543220338983,5.180909090909089,False
747,"Электроэнергия в квартирах с электроплитами сверх минимального объема потребления, в расчете за 100 кВт.ч",Услуги,,0.0008618644067796607,118,107,90.67796610169492,91.07177974434613,100.48127118644068,0.481271186440678,12,18,8.916666666666666,0.00044842711864406787,5.162727272727273,False
605,"Стирка и глажение белья прямого, кг",Услуги,,0.0008479661016949153,118,107,90.67796610169492,85.55866480111932,100.45923728813558,0.4592372881355932,10,32,10.7,0.0006212889830508474,4.487777777777778,False
260,"Клинический осмотр животного, посещение",Услуги,,0.0002493220338983051,118,107,90.67796610169492,92.31815091774303,100.43576271186441,0.4357627118644067,10,51,10.7,8.650932203389828e-05,4.896666666666666,False
527,"Проезд в маршрутном такси, поездка",Услуги,,0.009946779661016942,118,106,89.83050847457628,90.52244146815254,100.69983049152542,0.8313559491525424,8,33,13.25,0.007544722200677959,7.099999875,False
101,"Абонентская плата за доступ к сети Интернет, месяц",Услуги,,0.006608305084745764,118,106,89.83050847457628,89.81635846007848,100.02779660169492,0.22694916101694915,12,25,8.833333333333334,0.0013778373151694917,1.7163635454545452,False
509,"Посещение детского ясли-сада, день",Услуги,,0.002418305084745761,118,106,89.83050847457628,93.16302214746284,100.30169491525423,0.30169491525423714,9,24,11.777777777777779,0.0005164271186440676,2.421249999999999,False
324,"Ксерокопирование документа, лист",Услуги,,0.0011894915254237293,118,106,89.83050847457628,89.73354231974922,100.6710169322034,0.7105084915254237,10,27,10.6,0.0007896712216949152,7.3540002,False
228,"Занятия в плавательных бассейнах, месяц",Услуги,,0.0008289830508474574,118,106,89.83050847457628,91.13678184420364,100.8171186440678,0.8171186440677966,10,31,10.6,0.00065014406779661,8.517777777777775,False
118,"Аренда индивидуального банковского сейфа, в расчете на месяц",Услуги,,0.0003613559322033897,118,106,89.83050847457628,89.37617260787994,100.97610166949151,1.0628813813559324,13,33,8.153846153846153,0.00046619153050847463,10.451666916666667,False
1013,"Диагностика на магнитно-резонансном или компьютерном томографе, услуга",Услуги,,0.0004296551724137931,58,52,89.65517241379311,89.28571428571428,100.17517236206896,0.19413798275862065,6,19,8.666666666666666,8.318795637931033e-05,1.8766671666666663,False
174,"Водоснабжение холодное, м3",Услуги,,0.006428305084745765,118,105,88.98305084745762,88.59255939040787,100.43177963559322,0.48161019491525414,14,11,7.5,0.0031299230689830503,4.371538692307691,False
229,"Занятия на курсах иностранных языков, академический час",Услуги,,0.0005674576271186439,118,105,88.98305084745762,87.57467144563921,100.30406779661018,0.3040677966101693,12,21,8.75,0.0002626889830508474,2.7663636363636344,True
478,"Плата за пересылку простой посылки внутри России массой 1-2 кг, шт.",Услуги,,0.00010468085106382981,94,83,88.29787234042553,88.21138211382114,100.44797875531914,0.5426595425531915,11,14,7.545454545454546,6.633404031914894e-05,4.637272454545454,False
172,"Водоотведение, м3",Услуги,,0.0035047457627118655,118,104,88.13559322033898,88.46842054357286,100.19127119491525,0.4314406694915253,15,11,6.933333333333334,0.0014637660729661015,3.6364284999999987,False
507,"Помывка в бане в общем отделении, билет",Услуги,,0.000698983050847458,118,104,88.13559322033898,88.56692531522793,100.9557627118644,0.9557627118644066,13,25,8.0,0.000672464406779661,8.063846153846153,False
448,"Отопление, Гкал",Услуги,,0.010554576271186436,118,103,87.28813559322035,87.322552672148,100.4306779661017,0.47,15,18,6.866666666666666,0.004829815262288135,3.959285785714285,False
173,"Водоснабжение горячее, м3",Услуги,,0.004301525423728815,118,103,87.28813559322035,86.88679617006186,100.63042363559322,0.7824575508474576,15,18,6.866666666666666,0.0037607521666949153,6.454285,False
468,"Печать цветных фотографий, шт.",Услуги,,0.00020389830508474584,118,103,87.28813559322035,81.92019950124687,100.96313559322033,0.963135593220339,8,54,12.875,0.00019885169491525427,6.508571428571429,False
528,"Проезд в междугородном автобусе, в расчете на 50 км пути",Услуги,,0.0021977966101694906,118,102,86.4406779661017,90.60306932983733,100.69559322033898,0.6955932203389831,14,31,7.285714285714286,0.0011537737288135593,5.425714285714285,False
341,"Лечебный массаж, сеанс",Услуги,,0.0005911864406779661,118,102,86.4406779661017,87.34231651376146,100.45042372881356,0.45042372881355924,11,19,9.272727272727273,0.00026074830508474576,3.2769999999999997,False
197,"Годовая стоимость полиса добровольного страхования жилья от стандартных рисков, полис",Услуги,,0.0003622033898305085,118,102,86.4406779661017,86.54656059897052,100.54813561864408,0.8438982796610172,15,17,6.8,0.0002876601562711865,6.680714071428572,False
706,"Химчистка мужского костюма, шт.",Услуги,,0.00023762711864406776,118,102,86.4406779661017,89.90727532097004,100.37644066101694,0.48135594915254243,14,19,7.285714285714286,6.99694993220339e-05,3.66538476923077,False
1014,"Гастроскопия (ФГДС, ЭГДС), услуга",Услуги,,0.0005224137931034276,58,50,86.20689655172413,86.56765676567603,100.35724137931035,0.35724137931034483,7,22,7.142857142857143,0.0001829344827586207,2.6099999999999994,False
106,"Абонентская плата за телевизионную антенну, месяц",Услуги,,0.002015084745762712,118,101,85.59322033898306,88.35898729918411,100.66076268644066,0.7409322288135595,12,26,8.416666666666666,0.00130175935940678,5.487273000000001,False
602,"Стекло оконное листовое, м2",Непродовольственные товары,Строительные материалы,7.474576271186444e-05,118,101,85.59322033898306,86.84807256235821,100.71076271186442,0.7107627118644069,14,43,7.214285714285714,3.52949152542373e-05,5.759285714285714,False
665,"Ужин в ресторане, на 1 человека",Продовольственные товары,Общественное питание,0.0011054237288135595,118,100,84.7457627118644,76.39527752223242,100.39711864406779,0.40983050847457614,18,30,5.555555555555555,0.0007518059386440672,2.646470588235293,False
1003,"Подписка на онлайн-видеосервисы, месяц",Услуги,,0.0060358620689655185,58,49,84.48275862068965,83.75799817184642,100.44810353448275,0.8143102586206897,8,18,6.125,0.005335702926034482,5.648571285714287,False
535,"Проживание в студенческом общежитии, месяц",Услуги,,0.00013474576271186437,118,99,83.89830508474576,85.5974842767296,100.78966101694915,0.9464406779661017,19,11,5.2105263157894735,9.252542372881355e-05,6.0377777777777775,False
505,"Пользование общественным туалетом, посещение",Услуги,,0.0008113559322033795,118,98,83.05084745762711,85.4292876540631,100.94728813559321,0.9472881355932203,14,20,7.0,0.0006806177966101627,5.653571428571429,False
1008,"Проживание в хостеле, сутки с человека",Услуги,,0.00024086956521739134,46,38,82.6086956521739,81.40794223826714,101.09043495652173,1.2504346086956521,5,18,7.6,0.00028939129565217387,7.189999,False
412,"Обед в ресторане, на 1 человека",Продовольственные товары,Общественное питание,0.0006627118644067798,118,97,82.20338983050848,75.15345268542198,100.59398305084744,0.5939830508474577,21,32,4.619047619047619,0.0005502067796610171,3.464500000000001,False
666,"Ультразвуковое исследование брюшной полости, исследование",Услуги,,0.0012974576271186438,118,96,81.35593220338984,82.35140431090792,100.42720338983051,0.4272033898305087,17,29,5.647058823529412,0.0005656372881355934,1.8488235294117668,False
1005,"Проживание в гостинице 2*, сутки с человека",Услуги,,0.00033827586206896555,58,47,81.03448275862068,81.95718654434249,100.71982760344828,1.6925861896551728,6,24,7.833333333333333,0.0005281448224137931,10.639999800000002,False
460,"Первичный консультативный осмотр больного у стоматолога, посещение",Услуги,,0.0005991525423728812,118,95,80.50847457627118,84.25742574257426,100.74483059322033,0.7448305932203393,12,16,7.916666666666667,0.0005496365262711867,7.200910000000002,False
519,"Прививка животного, шт.",Услуги,,0.00017881355932203392,118,95,80.50847457627118,82.65402843601896,100.2498305338983,0.2605084491525426,14,22,6.785714285714286,4.918389296610177e-05,1.2128569285714303,False
966,"Годовая стоимость полиса обязательного страхования гражданской ответственности владельцев транспортных средств (ОСАГО), полис",Услуги,,0.0018451428571428566,70,56,80.0,80.7990089811087,100.82700002857143,0.9267142571428568,11,23,5.090909090909091,0.0014408370797142852,5.926999799999999,False
1009,"Экскурсионные туры по России, поездка",Услуги,,0.0006072413793103449,58,46,79.3103448275862,77.54116978989211,100.64896548275863,0.7268965862068967,11,12,4.181818181818182,0.00047014311689655186,3.7850002000000003,False
241,"Изготовление фотографий для документов, 4 шт.",Услуги,,0.00010254237288135594,118,93,78.8135593220339,80.49586776859503,100.7355085,0.9427965847457627,20,14,4.65,7.268813322033898e-05,3.0557893157894735,False
240,"Изготовление съёмного протеза, протез",Услуги,,0.0005828813559322032,118,92,77.96610169491525,76.94097121256179,100.47754237288136,0.47754237288135615,18,15,5.111111111111111,0.0002856127118644069,2.094705882352942,False
405,"Начальный курс обучения вождению легкового автомобиля, курс",Услуги,,0.0011284745762711872,118,90,76.27118644067797,76.95253829978968,100.635,0.6677118644067794,23,10,3.9130434782608696,0.0007556669323728812,2.709090909090908,True
1030,"Клубная карта в фитнес-клуб, месяц",Услуги,,0.000975217391304322,46,35,76.08695652173914,75.23406152474385,100.67086956521739,0.6708695652173909,10,6,3.5,0.0007705978260869393,3.102222222222221,False
543,"Ремонт  телевизоров, один вид работы",Услуги,,0.00039372881355932216,118,89,75.42372881355932,80.73611708996987,100.37898305932205,0.6737288050847456,20,17,4.45,0.0002919067661016949,3.1047367894736833,False
544,"Ремонт брюк из всех видов тканей, один вид работы",Услуги,,0.0003777966101694915,118,88,74.57627118644068,71.71377299237326,100.29940677118643,0.37330509322033884,16,15,5.5,0.00014570678161016933,2.000000062499999,False
396,"Мяч футбольный, шт.",Непродовольственные товары,Другие непродовольственные товары,0.0004038983050847458,118,83,70.33898305084746,72.47167436005036,100.39923722881356,0.5802542966101694,24,12,3.4583333333333335,0.0002310017185593219,1.6483337083333336,False
340,"Легковой автомобиль отечественный новый, шт.",Непродовольственные товары,Легковые автомобили,0.007098292682926828,82,57,69.51219512195121,71.1352781500189,100.42817073170733,0.4857317073170728,18,10,3.1666666666666665,0.003290137689756095,1.5588237647058818,False
461,"Первичный консультативный прием у врача специалиста, посещение",Услуги,,0.002750677966101695,118,82,69.49152542372882,70.09365949842872,100.69033894067796,0.7433898728813559,24,25,3.4166666666666665,0.00197830273720339,2.4045834166666666,False
1001,"Установка натяжного потолка, м2",Услуги,,0.0006117241379310344,58,40,68.96551724137932,74.32356257046226,100.51603448275863,0.5160344827586211,11,8,3.6363636363636362,0.0002733465517241381,1.5250000000000015,False
608,"Стрижка модельная в женском зале, стрижка",Услуги,,0.004829322033898302,118,81,68.64406779661016,66.41982241252241,100.45593220338982,0.4559322033898305,22,29,3.6818181818181817,0.002428379661016949,1.3163636363636373,False
740,"Экскурсия автобусная, час",Услуги,,0.0012120338983050752,118,81,68.64406779661016,79.49237868829535,100.55008476271188,0.9216101525423733,27,10,3.0,0.000746298301864397,2.7399999615384627,False
454,"Пальто женское меховое и дубленка, шт.",Непродовольственные товары,Меха и меховые изделия,0.002834237288135592,118,80,67.79661016949152,72.8022963760316,100.47313563559322,0.5387287711864408,15,20,5.333333333333333,0.001431097295593221,2.1100000666666667,False
531,"Проезд в такси, в расчете на 1 км пути",Услуги,,0.002233728813559322,118,80,67.79661016949152,63.83640640412778,100.59432205932204,0.7460169237288133,23,13,3.4782608695652173,0.0018137999027966097,2.038260608695652,False
239,"Изготовление коронки, шт.",Услуги,,0.0006886440677966102,118,80,67.79661016949152,65.86266305685454,100.50491527966099,0.5167796355932203,19,21,4.2105263157894735,0.00034256269313559333,1.6768420526315784,False
408,"Нитки швейные, катушка",Непродовольственные товары,Другие непродовольственные товары,0.0004127118644067796,118,79,66.94915254237289,66.83778234086245,100.64483045762712,0.8963559830508475,23,10,3.4347826086956523,0.0003977152674576272,3.4547829130434784,False
309,"Кофе в организациях быстрого обслуживания, 200 г",Продовольственные товары,Общественное питание,0.000929152542372881,118,78,66.10169491525424,53.292593943816144,100.50449155932202,0.6077118305084743,21,20,3.7142857142857144,0.0007746033834745759,1.84050005,False
430,"Общий анализ крови, анализ",Услуги,,0.0009910169491525425,118,75,63.559322033898304,61.18522319138019,100.36161022881356,0.5444914661016947,22,13,3.409090909090909,0.0005961838213559317,1.5209524285714284,False
218,"Еврошифер, 10 м2",Непродовольственные товары,Строительные материалы,0.0002624528301886793,106,67,63.20754716981132,55.78720345075484,100.56556599999999,0.5840566415094343,18,16,3.7222222222222223,0.0003070141586792453,0.8364705882352949,False
104,"Абонентская плата за пакет услуг сотовой связи, месяц",Услуги,,0.009934893617021262,94,59,62.76595744680851,62.49732299653059,100.46936168085108,1.2514893829787235,23,6,2.5652173913043477,0.012724721420425519,4.264545590909091,False
609,"Стрижка модельная в мужском зале, стрижка",Услуги,,0.0035013559322033907,118,74,62.71186440677966,61.14096233904539,100.55338985593221,0.5694914999999998,22,25,3.3636363636363638,0.002265843199152543,1.7136364090909084,False
413,"Обед в столовой, кафе, закусочной (кроме столовой в организации), на 1 человека",Продовольственные товары,Общественное питание,0.005059830508474575,118,72,61.016949152542374,59.488158644022384,100.66855933898306,0.7312711694915254,30,14,2.4,0.0037363651577118637,2.2444826896551713,False
511,"Постановка набоек, пара",Услуги,,0.0004371186440677966,118,71,60.16949152542372,59.09267157813105,100.46144066949154,0.49127119491525467,30,8,2.3666666666666667,0.0002282703424576273,0.7841379655172421,False
182,"Выполнение работ по облицовке кафельной плиткой, м2",Услуги,,0.0007555932203389834,118,70,59.32203389830508,60.07178106774336,100.69177966101694,0.6917796610169491,19,11,3.6842105263157894,0.0005746983050847458,2.692222222222222,False
675,"Услуги организатора проведения торжеств, услуга",Услуги,,0.0011503389830508474,118,69,58.47457627118644,58.346839546191255,100.12313561864408,0.6211016694915255,32,7,2.15625,0.0008758957495762712,1.3706450322580648,False
663,"Удаление зуба под местным обезболиванием, удаление",Услуги,,0.0009074576271186438,118,67,56.779661016949156,59.20806873365711,101.02237287288135,1.0261017033898303,28,13,2.392857142857143,0.0008169991558474573,3.003703740740739,False
548,"Ремонт холодильников всех марок, один вид работы",Услуги,,0.0005818644067796612,118,67,56.779661016949156,59.88930964171277,100.54093217796611,0.6550000254237288,21,17,3.1904761904761907,0.00039952882627118647,2.67952380952381,False
1007,"Проживание в гостинице 4*-5*, сутки с человека",Услуги,,0.000587241379310324,58,32,55.172413793103445,53.37639459776848,101.11206884482759,1.679655293103448,9,6,3.5555555555555554,0.001006650079137873,4.2900003333333325,False
251,"Карандаш чернографитный, шт.",Непродовольственные товары,Другие непродовольственные товары,0.00039169491525423736,118,65,55.08474576271186,54.97620077888359,100.63711870338983,0.8266101101694914,23,10,2.8260869565217392,0.00031687624593220327,1.8865217826086962,False
369,"Металлочерепица, м2",Непродовольственные товары,Строительные материалы,0.000461864406779651,118,63,53.38983050847458,46.55045871559697,100.8408473559322,0.9542373898305085,24,9,2.625,0.0006736856383050256,1.0991306521739133,False
727,"Шиномонтаж колес легкового автомобиля, услуга",Услуги,,0.0028952542372881365,118,62,52.54237288135594,49.57850368809271,100.67398301694917,0.817711898305085,15,21,4.133333333333334,0.0025322644840677973,1.6364286428571435,False
181,"Выполнение обойных работ, 10 м2",Услуги,,0.0007254237288135594,118,62,52.54237288135594,53.43457943925234,100.83186440677967,0.8318644067796612,19,11,3.263157894736842,0.0006247228813559324,2.180526315789474,False
231,"Земля для растений, л",Непродовольственные товары,Другие непродовольственные товары,0.00041288135593220323,118,62,52.54237288135594,53.18144499178984,100.56906781355933,0.8177118474576274,24,9,2.5833333333333335,0.0003007525379661018,1.7313042608695646,False
638,"Ткани хлопчатобумажные бельевые, м",Непродовольственные товары,Другие непродовольственные товары,0.00012559322033898308,118,62,52.54237288135594,41.83535762483131,100.336356,0.5402541694915254,27,10,2.2962962962962963,8.304320957627116e-05,1.0776919999999994,False
355,"Маникюр,услуга",Услуги,,0.00416276595744681,94,49,52.12765957446809,47.8430871454127,100.60914893617021,0.609148936170212,16,15,3.0625,0.002850388297872337,1.3679999999999997,False
601,"Спички, коробок",Непродовольственные товары,Другие непродовольственные товары,0.0009664406779661017,118,60,50.847457627118644,51.11364433532094,101.08050844915253,1.3538983305084744,24,9,2.5,0.0012601983064406779,2.3178261304347827,False
466,"Перчатки из натуральной кожи, пара",Непродовольственные товары,Галантерея,0.00028118644067796607,118,60,50.847457627118644,44.002411091018686,100.31754234745763,0.9533051101694909,22,13,2.727272727272727,0.0002477279802542372,2.3518185454545435,False
261,"Книга художественная, шт.",Непродовольственные товары,Печатные издания,0.000824406779661017,118,59,50.0,53.75205592105263,100.25838976271184,0.2965254915254239,25,18,2.36,0.00028635852067796636,0.5704001600000009,False
210,"Дом отдыха, пансионат, день",Услуги,,0.0007772727272727273,22,11,50.0,36.43274853801169,101.79318195454545,3.5549998636363638,5,5,2.2,0.002427331573181819,8.9619992,False
1025,"Газета в розницу, шт.",Непродовольственные товары,Печатные издания,0.0004965217391304348,46,23,50.0,50.91943957968476,100.69652165217393,0.7034783478260876,14,5,1.6428571428571428,0.00034662830347826116,1.1076923076923082,False
524,"Продукция предприятий общественного питания быстрого обслуживания (сэндвич типа ""Гамбургер""), шт.",Продовольственные товары,Общественное питание,0.001757627118644068,118,58,49.152542372881356,47.10703953712632,100.67593214406781,0.7049153135593225,24,11,2.4166666666666665,0.0013354881939830513,1.315217391304349,False
331,"Куртка мужская из натуральной кожи, шт.",Непродовольственные товары,Одежда и белье,0.0012605084745762713,118,58,49.152542372881356,55.42557482855991,100.33864399152542,0.39016956779661016,16,14,3.625,0.00044744585644067796,0.8781251875000011,False
565,"Санаторий, день",Услуги,,0.0011664406779661016,118,57,48.30508474576271,44.877942458587626,100.5725424661017,1.8089829576271181,32,6,1.78125,0.002326762593050847,3.773124781249999,False
119,"Аренда однокомнатной квартиры у частных лиц, месяц",Услуги,,0.00193271186440678,118,55,46.61016949152542,37.735683592037184,100.63440673728815,0.7486441101694918,23,18,2.391304347826087,0.001857984940508475,1.443181727272728,False
375,"Мойка легкового автомобиля, услуга",Услуги,,0.0033260377358490566,106,49,46.22641509433962,47.33095076015429,100.91688679245286,0.9168867924528306,16,15,3.0625,0.0033075188679245297,2.973333333333333,False
342,"Лечение кариеса, пломба",Услуги,,0.001803389830508475,118,54,45.76271186440678,45.97274436090225,100.6675423220339,0.7019492033898304,21,9,2.5714285714285716,0.001099726329152542,2.121,False
486,"Плиты древесностружечные, ориентированно-стружечные, м2",Непродовольственные товары,Строительные материалы,0.0007066101694915251,118,53,44.91525423728814,38.09066922523389,100.5091525677966,1.2291525169491528,19,14,2.789473684210526,0.0009415211386440675,1.6238890555555545,False
303,"Корригирующие очки, шт.",Непродовольственные товары,Медицинские товары,0.0006720338983050847,118,53,44.91525423728814,41.437578814628,100.3519490762712,0.7292373644067791,23,11,2.3043478260869565,0.0004922009079661013,1.4078263043478247,False
554,"Рубероид, 10 м",Непродовольственные товары,Строительные материалы,0.00018881355932203397,118,53,44.91525423728814,46.67863554757628,100.55076265254236,0.989576330508475,22,11,2.409090909090909,0.00016610933711864412,1.1145455909090929,False
479,"Плата за пользование потребительским кредитом (процентная ставка в стоимостном выражении), руб.",Услуги,,0.005995084745762705,118,52,44.06779661016949,43.29818212660088,100.30720349999997,2.2951692118644065,22,10,2.3636363636363638,0.01229635422194914,3.786363136363636,False
541,"Регулировка развала-схождения колес легкового автомобиля, один вид работы",Услуги,,0.0024683050847457626,118,52,44.06779661016949,42.995948636956676,100.59847457627119,0.5984745762711866,14,24,3.7142857142857144,0.0014885042372881358,1.4692857142857139,False
117,"Аренда двухкомнатной квартиры у частных лиц, месяц",Услуги,,0.0024415254237288146,118,52,44.06779661016949,36.47344671988891,100.59805097457628,0.9009320762711868,28,9,1.8571428571428572,0.0026516893909322046,1.8588885555555552,False
345,"Линолеум, м2",Непродовольственные товары,Строительные материалы,0.0004022033898304984,118,52,44.06779661016949,40.16013485040029,100.57177961864407,0.5939830932203387,30,6,1.7333333333333334,0.0002475500334745703,1.2493103103448269,False
346,"Лопата садовая, шт.",Непродовольственные товары,Другие непродовольственные товары,0.00025525423728813554,118,52,44.06779661016949,42.79548472775566,100.74279652542374,1.0499153389830507,24,10,2.1666666666666665,0.0002667763039830509,1.9675003750000013,False
636,"Ткани декоративные для изготовления штор и занавесей, м",Непродовольственные товары,Другие непродовольственные товары,0.0012603389830508382,118,50,42.3728813559322,38.62963959117786,100.46949155084748,0.6010169237288131,19,16,2.6315789473684212,0.000592932159406767,1.5905555555555553,False
634,"Тетрадь школьная, шт.",Непродовольственные товары,Другие непродовольственные товары,0.0007018644067796608,118,50,42.3728813559322,40.11108427915964,100.85084750000001,1.3515253813559325,21,7,2.380952380952381,0.0010663813077966102,3.0809996000000006,False
198,"Годовая стоимость полиса добровольного страхования легкового автомобиля от стандартных рисков (КАСКО), полис",Услуги,,0.002331186440677966,118,49,41.52542372881356,45.39406718045658,100.62533906779662,1.9346609322033896,24,6,2.0416666666666665,0.0036113591179661015,3.3834780434782603,False
213,"Доска обрезная, м3",Непродовольственные товары,Строительные материалы,0.000819830508474576,118,49,41.52542372881356,24.384949348769904,100.49279661864405,1.1173728728813557,20,14,2.45,0.0011137584876271189,1.198500100000001,False
124,"Батарейки электрические типа АА, шт.",Непродовольственные товары,Электротовары и другие бытовые приборы,0.00028694915254237293,118,47,39.83050847457627,43.532191376255156,100.45067790677967,1.7016949745762708,22,13,2.1363636363636362,0.00047699746762711856,3.286363636363636,False
642,"Ткань платьевая из искусственного или синтетического шелка, м",Непродовольственные товары,Другие непродовольственные товары,0.0001479661016949153,118,47,39.83050847457627,37.45704467353951,100.7738981779661,0.8113560593220337,24,5,1.9583333333333333,0.0001276856026271186,1.4545837916666666,False
1006,"Проживание в гостинице 3*, сутки с человека",Услуги,,0.0005782758620689447,58,23,39.6551724137931,38.819320214669254,100.94241394827587,2.0431032931034485,9,4,2.5555555555555554,0.0012150826699999576,3.8588888888888895,False
573,"Свежесрезанные цветы, шт.",Непродовольственные товары,Другие непродовольственные товары,0.0019145762711864408,118,46,38.983050847457626,33.905807365439095,100.89491505932205,1.4640679915254247,19,7,2.4210526315789473,0.00269667667381356,2.637894631578947,False
156,"Велосипед дорожный для взрослых, шт.",Непродовольственные товары,Другие непродовольственные товары,0.0004647457627118645,118,46,38.983050847457626,31.455142231947463,100.30830512711863,1.2030508050847457,21,8,2.1904761904761907,0.0005835736950847455,2.2979996000000007,False
641,"Ткань костюмная шерстяная и полушерстяная, м",Непродовольственные товары,Другие непродовольственные товары,0.00017830508474576268,118,46,38.983050847457626,42.06273764258556,100.3322034322034,0.4577965677966101,22,7,2.090909090909091,7.093728584745762e-05,1.0033330952380948,False
964,"Лампа светодиодная, шт.",Непродовольственные товары,Электротовары и другие бытовые приборы,0.00039114285714285705,70,27,38.57142857142858,38.16654492330169,100.0354286,1.1534285428571434,18,4,1.5,0.0004551528555714288,1.476666333333334,False
339,"Легковой автомобиль иностранной марки новый, шт.",Непродовольственные товары,Легковые автомобили,0.004086470588235294,34,13,38.23529411764706,32.8846984309774,99.83911794117647,0.5297055882352946,7,3,1.8571428571428572,0.002065696344117649,1.077143142857143,False
623,"Тарелка обеденная, шт.",Непродовольственные товары,Другие непродовольственные товары,0.0010361016949152542,118,44,37.28813559322034,35.50629805332897,100.4699151694915,0.7036441525423727,22,8,2.0,0.0007500322742372879,1.241818136363637,False
809,"Шарф шерстяной, полушерстяной или из смесовой пряжи для взрослых, шт.",Непродовольственные товары,Трикотажные изделия,0.0007108571428571426,70,26,37.142857142857146,37.640675241157574,100.42457155714285,1.1948570142857138,12,4,2.1666666666666665,0.0008425699101428567,2.4558330000000006,False
795,"Варежки (перчатки) детские, пара",Непродовольственные товары,Трикотажные изделия,0.0001814285714285715,70,26,37.142857142857146,38.582677165354305,100.32671428571429,1.3972857142857147,10,8,2.6,0.0002445385760000001,1.4239994000000025,False
661,"Тюль, полотно гардинное, м",Непродовольственные товары,Галантерея,0.002679491525423728,118,43,36.440677966101696,38.648870896324894,100.41101698305084,0.6667796271186442,24,7,1.7916666666666667,0.001872906734237288,1.2878259130434788,False
295,"Конструктор детский пластмассовый, набор",Непродовольственные товары,Другие непродовольственные товары,0.0010869491525423627,118,43,36.440677966101696,43.96538281615502,100.21279652542373,0.8407627966101692,15,15,2.8666666666666667,0.0007234398873728676,1.1526664000000002,False
336,"Лампа энергосберегающая, шт.",Непродовольственные товары,Электротовары и другие бытовые приборы,0.0003413559322033899,118,43,36.440677966101696,33.93743793445878,100.3122883983051,1.9860166864406783,15,8,2.8666666666666667,0.0007537354966949154,1.8066661999999998,False
258,"Кирпич красный, 1000 шт.",Непродовольственные товары,Строительные материалы,0.0003162711864406778,118,43,36.440677966101696,33.86923901393357,100.53008467796609,0.6965254915254236,20,6,2.15,0.00023001696923728815,0.7468422105263146,False
263,"Ковер, ковровое покрытие (палас) синтетический, м2",Непродовольственные товары,Другие непродовольственные товары,0.0018683050847457632,118,42,35.59322033898305,34.777283861017864,100.55576272033899,0.8208474491525422,19,14,2.210526315789474,0.0015026813602542373,2.015555666666667,False
399,"Набор фломастеров, набор",Непродовольственные товары,Другие непродовольственные товары,0.0004096610169491527,118,42,35.59322033898305,35.43649151841123,100.58940681355934,1.0805931864406781,23,5,1.826086956521739,0.00040708303567796615,1.8004346521739132,False
563,"Рюмка, фужер из простого стекла, шт.",Непродовольственные товары,Другие непродовольственные товары,0.0009938983050847457,118,41,34.74576271186441,40.06650750341065,100.40601692372881,0.8258474830508474,28,4,1.4642857142857142,0.0007022872901694916,0.9164285357142852,False
374,"Мойка из нержавеющей стали для кухни, шт.",Непродовольственные товары,Строительные материалы,0.0006605084745762712,118,41,34.74576271186441,32.48652809853734,100.41186448305086,0.6694914491525423,25,4,1.64,0.0005006118344915253,1.1704166249999997,False
467,"Перчатки трикотажные женские, пара",Непродовольственные товары,Трикотажные изделия,0.00017186440677966107,118,41,34.74576271186441,32.593688362919124,100.3047456355932,1.0061018220338982,21,4,1.9523809523809523,0.00016397713779661016,1.296190571428571,False
489,"Подушка, шт.",Непродовольственные товары,Одежда и белье,0.0014905084745762713,118,40,33.89830508474576,36.934273368205595,100.52474579661016,0.6037287796610165,25,5,1.6,0.0009308032774576268,0.9403997599999986,False
714,"Цемент тарированный, 50 кг",Непродовольственные товары,Строительные материалы,0.0010005084745762715,118,40,33.89830508474576,37.92139590038961,100.62203395762712,0.7086440084745765,21,5,1.9047619047619047,0.0006144940009322036,0.9895000499999995,False
722,"Чашка чайная с блюдцем, комплект",Непродовольственные товары,Другие непродовольственные товары,0.00066135593220339,118,39,33.05084745762712,29.151717068170157,100.42635579661015,0.6453391186440672,26,5,1.5,0.00043113486669491485,0.883461653846154,False
1076,"Гипсокартон, м2",Непродовольственные товары,Строительные материалы,0.0005499999999999999,34,11,32.35294117647059,32.94117647058824,100.28235288235294,0.7876471176470591,6,3,1.8333333333333333,0.0004091412100000001,0.7416666666666695,False
458,"Пеленки для новорожденных, шт.",Непродовольственные товары,Одежда и белье,0.00031254237288135586,118,38,32.20338983050847,34.84273318872018,100.28771172881356,1.399745898305085,21,4,1.8095238095238095,0.00039955850220338993,1.8515002000000003,False
646,"Торты, кг",Продовольственные товары,Кондитерские изделия,0.002939491525423728,118,37,31.35593220338983,29.931384420227186,100.518644,0.8757627796610173,16,14,2.3125,0.002490830674661018,1.0462504375000012,False
690,"Установка пластиковых окон, м2",Услуги,,0.0011037288135593117,118,37,31.35593220338983,33.484336609336694,100.56271184745763,0.9096610338983045,20,5,1.85,0.0009897423766949019,1.81400005,False
335,"Лампа электрическая осветительная, шт.",Непродовольственные товары,Электротовары и другие бытовые приборы,0.00029423728813559333,118,37,31.35593220338983,39.91935483870967,100.76745768644066,1.1499999406779657,18,4,2.0555555555555554,0.0003640796490677965,2.813888777777775,False
979,"Кресло мягкое, шт.",Непродовольственные товары,Мебель,0.0025099999999999996,58,18,31.03448275862069,26.974859183953843,100.6874137586207,1.0522414137931027,11,3,1.6363636363636365,0.0028491999717241362,1.8430005999999992,False
338,"Легковой автомобиль импортный подержанный, шт.",Непродовольственные товары,Легковые автомобили,0.008694237288135594,118,36,30.508474576271187,30.294759825327507,100.49457629661016,0.8684745508474581,15,7,2.4,0.007006021181101698,1.1885711428571426,False
146,"Булочные изделия сдобные из муки высшего сорта штучные, кг",Продовольственные товары,Хлеб и хлебобулочные изделия,0.0020579661016949156,118,36,30.508474576271187,30.64157469939054,100.76474563559321,0.9893221610169485,14,10,2.5714285714285716,0.0019646239999999986,1.746428142857143,False
442,"Одеяло стеганое, шт.",Непродовольственные товары,Одежда и белье,0.0019166101694915256,118,36,30.508474576271187,27.896179695790586,100.41771186440677,0.7058474576271189,23,3,1.565217391304348,0.0013798474611864413,0.7373911739130429,False
397,"Набор корпусной мебели, комплект",Непродовольственные товары,Мебель,0.00150271186440678,118,36,30.508474576271187,42.11594856756146,100.64559316101695,1.0645763305084741,12,10,3.0,0.001240401696271186,1.621666583333333,False
584,"Сковорода, шт.",Непродовольственные товары,Другие непродовольственные товары,0.0015003389830508473,118,36,30.508474576271187,31.987121554450976,100.36525405084747,1.3674578135593227,20,5,1.8,0.0019236375277118655,1.7720004000000003,False
1046,"Сигареты с фильтром, пачка",Непродовольственные товары,Табачные изделия,0.007765652173913041,46,14,30.434782608695656,31.011701472481956,100.51847832608696,0.6032608043478254,12,3,1.1666666666666667,0.004690114695434776,0.8745456363636364,False
1070,"Трикотажный головной убор для взрослых, шт.",Непродовольственные товары,Трикотажные изделия,0.0005664705882352588,34,10,29.411764705882355,29.075804776740128,100.15264729411764,1.323235058823529,4,4,2.5,0.0007475998814705443,2.6724989999999984,False
692,"Учебник, учебное пособие, дидактический материал для общеобразовательной школы, шт.",Непродовольственные товары,Печатные издания,0.0018194915254237287,118,34,28.8135593220339,29.33395435491384,100.5899150677966,0.816864593220339,18,5,1.8888888888888888,0.0016818266146610174,0.9600003333333341,False
313,"Краски масляные, эмали отечественные, кг",Непродовольственные товары,Строительные материалы,0.0012145762711864411,118,34,28.8135593220339,27.449065029305046,101.01059323728815,1.1853389661016944,23,6,1.4782608695652173,0.001468271160084745,1.8990907272727264,False
237,"Игрушки пластмассовые для детей ясельного возраста, шт.",Непродовольственные товары,Другие непродовольственные товары,0.0009252542372881357,118,34,28.8135593220339,28.686572632350245,100.72720327118643,1.2217797796610168,19,4,1.7894736842105263,0.0012216027268644066,2.121052684210526,False
362,"Матрас детский, шт.",Непродовольственные товары,Мебель,0.0018795744680851064,94,27,28.723404255319153,47.50962191532714,100.39723394680854,1.1989362659574472,10,8,2.7,0.0012999522893617024,1.3229999000000006,False
273,"Кольцо обручальное золотое, грамм",Непродовольственные товары,Другие непродовольственные товары,0.005885762711864406,118,33,27.966101694915253,39.137821804987624,100.9400847966102,2.1690677457627108,12,10,2.75,0.010068676839576268,2.5083333333333315,False
728,"Шины для легкового автомобиля, шт.",Непродовольственные товары,Легковые автомобили,0.0050240677966101694,118,33,27.966101694915253,22.419202482963364,100.54313554237288,0.6253390338983049,19,5,1.736842105263158,0.0033687466935593212,1.0431583157894722,False
566,"Сапоги женские зимние с верхом из натуральной кожи, пара",Непродовольственные товары,"Обувь кожаная, текстильная и комбинированная",0.0033084745762711875,118,33,27.966101694915253,29.13165983606556,99.99576255932203,1.1133899830508476,13,5,2.5384615384615383,0.0035395741302542377,1.196154384615383,False
453,"Пальто женское зимнее из шерстяных или полушерстяных тканей, шт.",Непродовольственные товары,Одежда и белье,0.00184457627118644,118,33,27.966101694915253,25.535238445281642,100.3527966440678,0.7314406440677967,18,4,1.8333333333333333,0.0013637125811864412,0.7377777777777779,False
281,"Комплект столовых приборов, комплект на 1 человека",Непродовольственные товары,Другие непродовольственные товары,0.0013845762711864407,118,33,27.966101694915253,27.78185824458318,100.64220337288138,0.779152559322034,23,3,1.434782608695652,0.0009194406700000004,1.3973912608695653,False
221,"Жевательная резинка, упаковка",Продовольственные товары,Кондитерские изделия,0.000649830508474576,118,32,27.11864406779661,23.800208659363598,100.56788141525423,1.451101635593221,11,7,2.909090909090909,0.001053494867288136,1.4263633636363666,False
276,"Комбинезон утепленный для детей до одного года, шт.",Непродовольственные товары,Одежда и белье,0.0006147457627118641,118,32,27.11864406779661,27.94320374965537,100.54279669491524,1.2182202542372884,13,8,2.4615384615384617,0.0007656999576271186,1.2407692307692304,False
542,"Ремень мужской, шт.",Непродовольственные товары,Галантерея,0.0005633962264150943,106,28,26.41509433962264,22.739450770261215,100.33028302830189,0.7453773490566036,16,6,1.75,0.00038396036820754706,1.1380000000000006,False
384,"Мороженое сливочное, кг",Продовольственные товары,Другие продовольственные товары,0.0035772881355932208,118,31,26.27118644067797,24.91945418364446,100.77177970338984,1.1370338559322033,16,7,1.9375,0.004115853257288136,1.258750000000001,False
571,"Сапоги, ботинки мужские зимние с верхом из натуральной кожи, пара",Непродовольственные товары,"Обувь кожаная, текстильная и комбинированная",0.002652033898305084,118,31,26.27118644067797,26.71119064357385,100.19135600847457,1.2079660254237292,17,4,1.8235294117647058,0.00319732099,1.448235294117649,False
316,"Кровать для новорожденных,шт.",Непродовольственные товары,Мебель,0.0013046808510638296,94,24,25.53191489361702,38.86986301369864,100.36819160638298,1.2377658404255318,15,3,1.6,0.0010051274529787233,0.9706660666666683,False
475,"Пиджак, жакет женский из шерстяных, полушерстяных или смесовых тканей, шт.",Непродовольственные товары,Одежда и белье,0.002962881355932204,118,30,25.423728813559322,25.28173445455065,100.38805097457626,0.689406652542373,17,4,1.7647058823529411,0.002171006440847458,1.3056249999999991,False
274,"Коляска для новорожденного, шт.",Непродовольственные товары,Галантерея,0.0011430508474576276,118,30,25.423728813559322,33.288849347568195,100.28194906779663,0.8350000847457634,14,11,2.142857142857143,0.0009392305057627125,1.3900000769230763,False
232,"Зеркало навесное для ванной комнаты, шт.",Непродовольственные товары,Мебель,0.0008161016949152544,118,30,25.423728813559322,24.4963655244029,100.35847455084748,0.5927118898305083,16,5,1.875,0.0005060991721186439,0.506249812500001,False
655,"Туфли детские летние (сандалеты), пара",Непродовольственные товары,"Обувь кожаная, текстильная и комбинированная",0.0007491525423728813,118,30,25.423728813559322,25.24886877828055,100.52728823728813,1.3447456610169475,18,4,1.6666666666666667,0.0009809134976271178,1.6183331666666652,False
275,"Комбинезон (костюм) утепленный для детей дошкольного возраста, шт.",Непродовольственные товары,Одежда и белье,0.000593050847457627,118,30,25.423728813559322,25.86453272363533,100.24686436440676,1.135339025423729,15,6,2.0,0.0006902525682203388,1.951333333333334,False
654,"Туалетная вода, 100 мл",Непродовольственные товары,Парфюмерно-косметические товары,0.004018474576271188,118,29,24.576271186440678,25.95006115820995,100.50788146610171,1.6233049745762715,14,6,2.0714285714285716,0.006394148698559321,1.5107142142857148,False
710,"Хлеб из ржаной муки и из смеси муки ржаной и пшеничной, кг",Продовольственные товары,Хлеб и хлебобулочные изделия,0.0028545762711864394,118,29,24.576271186440678,22.016387602422522,100.59228811016948,0.8721186694915252,18,8,1.6111111111111112,0.002605477201440677,0.9538891111111099,False
721,"Часы наручные, шт.",Непродовольственные товары,Другие непродовольственные товары,0.000725254237288136,118,29,24.576271186440678,24.865622809067524,100.42593202542373,0.5461018728813553,25,3,1.16,0.000415544148728813,0.8755999599999984,False
248,"Кальмары мороженые, кг",Продовольственные товары,Рыбопродукты,0.0002397872340425533,94,23,24.46808510638298,17.790594498669027,100.61861697872341,1.7609574893617024,10,7,2.3,0.00043453937851063826,1.9289999000000009,False
452,"Пальто женское демисезонное из шерстяных или полушерстяных тканей, шт.",Непродовольственные товары,Одежда и белье,0.0017010169491525416,118,28,23.728813559322035,24.257672379434055,100.44135587288133,0.8608475169491522,19,3,1.4736842105263157,0.0014509255455084742,0.9194739473684204,False
659,"Туфли женские модельные с верхом из натуральной кожи, пара",Непродовольственные товары,"Обувь кожаная, текстильная и комбинированная",0.0015137288135593225,118,28,23.728813559322035,28.759377449333773,100.06584743220341,0.9626271440677967,12,6,2.3333333333333335,0.001453512702627119,2.3583335000000005,False
622,"Табурет для кухни, шт.",Непродовольственные товары,Мебель,0.0007176271186440679,118,28,23.728813559322035,23.382144544166273,100.46966077966101,1.0076273559322033,18,3,1.5555555555555556,0.000728193410338983,1.4982355882352942,False
647,"Трикотажная шапочка детская, шт.",Непродовольственные товары,Трикотажные изделия,0.0006767796610169493,118,28,23.728813559322035,24.279989982469314,100.19161030508474,1.3451693559322033,16,4,1.75,0.00090000756779661,1.1426667999999987,False
555,"Рыба живая и охлажденная, кг",Продовольственные товары,Рыбопродукты,0.0035647457627118635,118,27,22.88135593220339,22.610783567896544,100.50025411016948,1.326017076271187,12,8,2.25,0.004721020815000001,3.2258333333333353,False
109,"Авторучка шариковая, шт.",Непродовольственные товары,Другие непродовольственные товары,0.0007461016949152543,118,27,22.88135593220339,22.660154475238524,100.98898316949155,1.1869490338983049,17,4,1.588235294117647,0.0008748668409322034,1.2468752499999995,False
698,"Филе сельди соленое, кг",Продовольственные товары,Рыбопродукты,0.0006630508474576266,118,27,22.88135593220339,19.197341513292447,100.58398306779662,1.6800847288135594,9,11,3.0,0.0011895517043220344,2.458888444444445,False
243,"Икра лососевых рыб, отечественная, кг",Продовольственные товары,Рыбопродукты,0.0006157627118644066,118,27,22.88135593220339,23.2314891274429,100.69144055084746,1.2302543644067794,13,9,2.076923076923077,0.0007540034649152538,1.0107696153846155,False
165,"Вино виноградное столовое, л",Продовольственные товары,Алкогольные напитки,0.00225677966101695,118,26,22.033898305084744,25.94817874577543,100.48610174576274,1.0061016440677963,15,4,1.7333333333333334,0.00199735329677966,0.9066664666666658,False
485,"Плитка керамическая, облицовочная для внутренних работ, м2",Непродовольственные товары,Строительные материалы,0.0008427118644067797,118,26,22.033898305084744,25.42236524537409,100.4742373559322,0.5977965423728816,17,4,1.5294117647058822,0.0005219855084745766,0.8406248125000007,False
568,"Сапоги цельнорезиновые для взрослых, пара",Непродовольственные товары,Другие непродовольственные товары,0.00040220338983050843,118,26,22.033898305084744,24.67340918668353,100.19550866101693,1.0888981186440678,16,6,1.625,0.0004144507729661017,1.6418745625000009,False
1048,"Сумка женская, шт.",Непродовольственные товары,Галантерея,0.0015743478260869565,46,10,21.73913043478261,21.706710853355425,100.16673899999999,0.8619566521739119,8,2,1.25,0.0013480502134782589,1.061428999999998,False
968,"Рюкзак для взрослых, шт.",Непродовольственные товары,Галантерея,0.0010368571428571432,70,15,21.428571428571427,21.341967484155408,100.36328592857143,0.9838569285714288,12,2,1.25,0.0010220069252857146,1.2818174545454546,False
132,"Бензин автомобильный марки АИ-98, л",Непродовольственные товары,Топливо моторное,0.008057234042553192,94,20,21.27659574468085,20.86667194803137,100.70372337234043,0.7503191808510639,12,3,1.6666666666666667,0.006047744265744682,0.5291667500000005,False
207,"Джемпер мужской, шт.",Непродовольственные товары,Трикотажные изделия,0.0017535593220338987,118,25,21.1864406779661,21.394741929248013,100.39135611016948,0.7910167711864402,15,5,1.6666666666666667,0.0013548200501694908,1.1206664,False
351,"Майка, футболка мужская бельевая, шт.",Непродовольственные товары,Трикотажные изделия,0.0012799999999999997,118,25,21.1864406779661,21.17319915254238,100.63144081355931,1.2719490169491525,18,2,1.3888888888888888,0.0016850896967796614,1.4952937647058817,False
234,"Зонт, шт.",Непродовольственные товары,Галантерея,0.0010076271186440677,118,25,21.1864406779661,20.61396131202691,100.48076281355932,0.817711762711864,16,4,1.5625,0.0008369634405084743,0.8753331333333316,False
350,"Майка, футболка женская бельевая, шт.",Непродовольственные товары,Трикотажные изделия,0.0009493220338983051,118,25,21.1864406779661,20.299946438136047,100.48779674576271,0.9010168135593222,18,3,1.3888888888888888,0.0008413236077118646,1.1494442222222234,False
326,"Кулинарные изделия из птицы, кг",Продовольственные товары,Мясопродукты,0.004462542372881357,118,24,20.33898305084746,23.779862509020475,100.78288127966101,1.153389906779661,11,6,2.1818181818181817,0.005224964735847459,1.5081820909090906,False
310,"Кофе натуральный в зернах и молотый, кг",Продовольственные товары,"Чай, кофе, какао",0.002815593220338985,118,24,20.33898305084746,20.542379003130257,100.67974593220337,2.0783896610169488,11,7,2.1818181818181817,0.005759474924915253,1.334544727272727,False
592,"Соленые и копченые деликатесные продукты из рыбы, кг",Продовольственные товары,Рыбопродукты,0.001334237288135593,118,24,20.33898305084746,17.72103658536586,100.64737288135592,1.3265254237288129,8,9,3.0,0.001789206819915253,1.2749992499999987,False
123,"Бараночные изделия, кг",Продовольственные товары,Хлеб и хлебобулочные изделия,0.0011357627118644066,118,24,20.33898305084746,22.242948813609917,100.39711869491528,1.1350846949152538,11,8,2.1818181818181817,0.0012593914705084743,0.6154546363636345,False
500,"Полотенце кухонное, шт.",Непродовольственные товары,Другие непродовольственные товары,0.0009584745762711762,118,24,20.33898305084746,18.797524314765806,100.7016101101695,0.9968644661016949,14,4,1.7142857142857142,0.0010280593678813471,0.9714287142857135,False
483,"Платье (сарафан) летнее для девочек дошкольного возраста, шт.",Непродовольственные товары,Одежда и белье,0.0008227118644067798,118,24,20.33898305084746,23.774206839719817,100.484406720339,1.118813618644068,14,5,1.7142857142857142,0.0007807754396610172,1.222857428571429,False
236,"Игрушки мягкие, шт.",Непродовольственные товары,Другие непродовольственные товары,0.0007867796610169492,118,24,20.33898305084746,23.03963808703145,100.44262703389832,1.0861865254237295,14,6,1.7142857142857142,0.00080438728940678,0.9599996428571416,False
307,"Костюм трикотажный для детей ясельного возраста, шт.",Непродовольственные товары,Трикотажные изделия,0.000753220338983051,118,24,20.33898305084746,24.32493249324932,100.47406787288135,0.9042372118644068,8,14,3.0,0.0005605355436440679,1.76375,False
334,"Ламинат, м2",Непродовольственные товары,Строительные материалы,0.000751016949152532,118,24,20.33898305084746,16.2942902279394,100.4666950254237,0.7429659915254239,17,3,1.411764705882353,0.0004726609595762685,1.1305881176470607,False
332,"Куртка мужская с верхом из плащевых тканей утепленная, шт.",Непродовольственные товары,Одежда и белье,0.0032152542372881365,118,23,19.491525423728813,19.97627833421191,100.0884745423729,0.9011864745762717,13,3,1.7692307692307692,0.0026438849565254253,0.9715383076923099,False
208,"Диван-кровать, шт.",Непродовольственные товары,Мебель,0.0027977966101694926,118,23,19.491525423728813,18.34979099775852,100.42398300000002,0.8404237796610171,15,4,1.5333333333333334,0.002098700934237288,0.8279995333333328,False
610,"Стул с мягким сиденьем, шт.",Непродовольственные товары,Мебель,0.0026800000000000005,118,23,19.491525423728813,21.714520617252717,100.45940666101691,0.8750001186440668,15,3,1.5333333333333334,0.00194974260033898,0.9853336000000004,False
329,"Куртка женская без утеплителя (ветровка), шт.",Непродовольственные товары,Одежда и белье,0.0024161016949152524,118,23,19.491525423728813,20.052613118204153,100.28355930508476,1.0347457796610164,18,4,1.2777777777777777,0.00248153304957627,1.2105551666666656,False
711,"Хлопья из злаков (сухие завтраки), кг",Продовольственные товары,Хлеб и хлебобулочные изделия,0.001433559322033898,118,23,19.491525423728813,24.042326791203596,100.48771172881354,1.6978814915254237,8,7,2.875,0.0017688213966101695,1.3549998750000007,False
653,"Трусы мужские, шт.",Непродовольственные товары,Трикотажные изделия,0.0013581355932203386,118,23,19.491525423728813,19.287407962061653,100.32313546610169,0.7631357203389836,18,3,1.2777777777777777,0.0010568637276271195,1.03222238888889,False
292,"Консервы томатные, кг",Продовольственные товары,Другие продовольственные товары,0.0011191525423728816,118,23,19.491525423728813,11.714372255035586,100.76245761016949,1.716525440677966,11,7,2.090909090909091,0.002488217083050848,1.7118181818181804,False
327,"Куртка для детей дошкольного возраста с верхом из плащевых тканей утепленная, шт.",Непродовольственные товары,Одежда и белье,0.0009764406779660833,118,23,19.491525423728813,20.031244575594716,100.58923705932206,1.2390680254237278,17,3,1.3529411764705883,0.001183274798305056,0.9958826470588216,False
570,"Сапоги, ботинки для детей школьного возраста зимние с верхом из натуральной кожи, пара",Непродовольственные товары,"Обувь кожаная, текстильная и комбинированная",0.0008874576271186438,118,23,19.491525423728813,17.522918258212382,100.22000020338982,0.9349150508474571,16,3,1.4375,0.0008634930238983045,0.5756246875000004,False
980,"Матрас для взрослых, шт.",Непродовольственные товары,Мебель,0.0015989655172413794,58,11,18.96551724137931,18.74056502048738,100.63155163793104,1.56465525862069,8,4,1.375,0.0026018466741379313,2.157499125000003,False
591,"Соки фруктовые, л",Продовольственные товары,Другие продовольственные товары,0.002758813559322034,118,22,18.64406779661017,19.705719727222455,100.69483046610168,1.5729661440677967,8,7,2.75,0.0041208669841525415,1.8400006249999983,False
282,"Компьютер персональный переносной (ноутбук), шт.",Непродовольственные товары,Персональные компьютеры,0.002276440677966092,118,22,18.64406779661017,25.456034546943744,100.00567784745763,1.7129662203389833,11,6,2.0,0.0028948232503389704,2.0500003636363613,False
149,"Бюстгальтер, шт.",Непродовольственные товары,Галантерея,0.0016389830508474568,118,22,18.64406779661017,18.69700103412617,100.47601688983052,0.7278814152542372,15,4,1.4666666666666666,0.0011677933054237285,1.6106667999999995,False
131,"Бензин автомобильный марки АИ-95, л",Непродовольственные товары,Топливо моторное,0.012625254237288126,118,21,17.796610169491526,17.14212836794693,100.54779659322033,0.716101711864407,17,3,1.2352941176470589,0.009548825621355929,0.30000047058823376,False
301,"Коньяк ординарный отечественный, л",Продовольственные товары,Алкогольные напитки,0.002981355932203389,118,21,17.796610169491526,24.74701534963048,100.30440677118644,0.927796618644067,12,4,1.75,0.0022504780956779644,0.6766666666666671,False
617,"Сухие супы в пакетах, 100 г",Продовольственные товары,Другие продовольственные товары,0.002024237288135594,118,21,17.796610169491526,16.398727287951097,100.59389834745762,1.3393219915254244,12,6,1.75,0.0028616269865254246,0.9225003333333355,False
567,"Сапоги женские осенние с верхом из натуральной кожи, пара",Непродовольственные товары,"Обувь кожаная, текстильная и комбинированная",0.001899661016949152,118,21,17.796610169491526,17.942541042112786,100.12898312711864,0.9861016186440676,18,3,1.1666666666666667,0.0018048862590677966,0.9716666111111102,False
415,"Обои виниловые, 10 м",Непродовольственные товары,Строительные материалы,0.0016983050847457625,118,21,17.796610169491526,19.22654690618763,100.66415246610171,0.8338136355932196,17,2,1.2352941176470589,0.001528489099915253,0.8223531764705879,False
271,"Колготки детские, шт.",Непродовольственные товары,Другие непродовольственные товары,0.0006252542372881355,118,21,17.796610169491526,18.324749254540524,100.39550849999999,0.9514406525423728,12,3,1.75,0.0005625321792372881,0.8408334999999975,False
288,"Консервы овощные для детского питания, кг",Продовольственные товары,Другие продовольственные товары,0.00019694915254237294,118,21,17.796610169491526,28.872633390705676,100.6946610423729,2.499576245762712,4,11,5.25,0.0003927432094067797,2.2925000000000004,False
699,"Флеш-накопитель USB, шт.",Непродовольственные товары,Телерадиотовары,0.00016830508474576262,118,21,17.796610169491526,19.083585095669697,99.89245755084744,2.8478816016949153,14,3,1.5,0.00042579833237288135,3.3728575714285713,False
569,"Сапоги цельнорезиновые для детей, пара",Непродовольственные товары,Другие непродовольственные товары,0.0001366101694915254,118,21,17.796610169491526,20.34739454094294,100.3622883220339,1.355169305084746,15,3,1.4,0.00017208303042372882,1.6373330666666657,False
631,"Телефонный аппарат стационарный, шт.",Непродовольственные товары,Средства связи,9.10169491525424e-05,118,21,17.796610169491526,21.32216014897578,100.6542373983051,1.8384744661016943,10,10,2.1,0.00016305082940677962,1.492999399999998,False
959,"Брюки женские из джинсовой ткани (джинсы), шт.",Непродовольственные товары,Одежда и белье,0.0020005714285714284,70,12,17.142857142857142,15.859754355898314,100.5819999,0.7900000999999995,9,2,1.3333333333333333,0.0016404759844285705,0.8666665555555555,False
575,"Светильник потолочный, шт.",Непродовольственные товары,Электротовары и другие бытовые приборы,0.003462372881355932,118,20,16.94915254237288,15.03818288623458,100.75686458474574,1.1977116864406774,13,4,1.5384615384615385,0.004070655274237287,1.2623079230769234,False
598,"Сорочка ночная женская, шт.",Непродовольственные товары,Одежда и белье,0.001263559322033898,118,20,16.94915254237288,16.472166331321265,100.50923710169494,0.9897459491525427,19,2,1.0526315789473684,0.0012475061785593223,0.9473684210526331,False
358,"Масло оливковое, л",Продовольственные товары,Масло и жиры,0.0011238983050847456,118,20,16.94915254237288,11.710149298748304,100.49016958474579,1.7503388898305088,9,5,2.2222222222222223,0.002235412526016949,1.4955557777777782,False
152,"Варенье, джем, повидло, кг",Продовольственные товары,Другие продовольственные товары,0.000971186440677966,118,20,16.94915254237288,13.769633507853404,100.45525444067796,1.5522031864406778,6,8,3.3333333333333335,0.0017756844935593217,1.0099998333333318,False
155,"Велосипед для дошкольников, шт.",Непродовольственные товары,Другие непродовольственные товары,0.0009332203389830508,118,20,16.94915254237288,14.04831093352706,100.16432202542371,1.0499152627118638,13,5,1.5384615384615385,0.0010036305195762704,1.5615386153846136,False
619,"Сырки творожные, глазированные шоколадом, 50 г",Продовольственные товары,Молоко и молочная продукция,0.0009262711864406778,118,20,16.94915254237288,15.33394327538884,100.80855932203391,1.6685593220338986,12,5,1.6666666666666667,0.0016699618294067798,1.4291668333333345,False
112,"Альбом для рисования, шт.",Непродовольственные товары,Другие непродовольственные товары,0.00038627118644067793,118,20,16.94915254237288,17.24440544098289,100.47466091525423,0.735339084745763,16,2,1.25,0.000301919520423729,0.4606247500000009,False
254,"Кексы, рулеты, кг",Продовольственные товары,Кондитерские изделия,0.0022911864406779674,118,19,16.101694915254235,13.99615327711199,100.51093218644067,1.3427966271186438,11,4,1.7272727272727273,0.003382261784491525,1.0845456363636365,False
451,"Пальто (полупальто) женское с верхом из плащевых тканей, шт.",Непродовольственные товары,Одежда и белье,0.00225728813559322,118,19,16.101694915254235,14.465385192971922,100.1384746440678,0.9018643389830507,11,3,1.7272727272727273,0.00196553130720339,0.564545454545454,False
139,"Ботинки, полуботинки для детей школьного возраста, пара",Непродовольственные товары,"Обувь кожаная, текстильная и комбинированная",0.0014961016949152535,118,19,16.101694915254235,16.908349382576194,100.23771205932204,0.8617794661016948,13,4,1.4615384615384615,0.001274200487372881,0.8430769230769215,False
411,"Носки, гольфы детские, пара",Непродовольственные товары,Другие непродовольственные товары,0.00042186440677965096,118,19,16.101694915254235,17.637605464041403,100.40796612711863,1.1122033644067795,14,3,1.3571428571428572,0.00045186947415253704,1.5064284285714291,False
421,"Обувь домашняя с текстильным верхом для детей, пара",Непродовольственные товары,"Обувь кожаная, текстильная и комбинированная",0.00027847457627118633,118,19,16.101694915254235,14.576993304930012,100.63169495762715,1.043559279661017,15,4,1.2666666666666666,0.00027542116491525423,1.3307142857142853,False
304,"Костюм-двойка мужской из шерстяных, полушерстяных или смесовых  тканей, шт.",Непродовольственные товары,Одежда и белье,0.002500677966101695,118,18,15.254237288135593,13.308255388369256,100.35855927966101,0.5182203813559322,10,4,1.8,0.0013563381951694911,0.8650002999999998,False
253,"Кастрюля из эмалированной или нержавеющей стали, шт.",Непродовольственные товары,Другие непродовольственные товары,0.0017269491525423735,118,18,15.254237288135593,14.702129747767193,100.30711861864407,1.1249152796610165,10,5,1.8,0.0019264195194067793,1.3099995000000006,False
540,"Ранец, рюкзак для школьников, шт.",Непродовольственные товары,Галантерея,0.001543559322033898,118,18,15.254237288135593,15.219062259800156,100.84398305932204,1.080423720338983,9,5,2.0,0.0016991788265254238,0.8544438888888917,False
319,"Кроссовые туфли для детей с верхом из искусственной кожи, пара",Непродовольственные товары,"Обувь кожаная, текстильная и комбинированная",0.0013623728813559328,118,18,15.254237288135593,15.258770838517039,100.19864405084746,1.0535593389830518,11,5,1.6363636363636365,0.0014831771334745775,0.6499999999999992,False
432,"Овощи замороженные, кг",Продовольственные товары,"Плодоовощная продукция, включая картофель",0.000933389830508475,118,18,15.254237288135593,11.503540947884506,100.68525404237288,1.5847459576271181,11,6,1.6363636363636365,0.0016771637053389827,2.1081826363636367,False
729,"Шкаф-вешалка для прихожей, шт.",Непродовольственные товары,Мебель,0.0008061016949152546,118,18,15.254237288135593,13.214886459209415,100.52322040677967,1.1055931525423723,12,4,1.5,0.0009911491198305081,0.7883329166666648,False
214,"Дрель электрическая, шт.",Непродовольственные товары,Инструменты и оборудование,0.0003518644067796609,118,18,15.254237288135593,8.574181117533723,100.49008468644068,1.3261865000000004,12,3,1.5,0.000564427965762712,1.0016671666666674,False
294,"Консервы фруктово-ягодные для детского питания, кг",Продовольственные товары,Другие продовольственные товары,0.00030322033898305076,118,18,15.254237288135593,29.066517607602016,100.5305083305085,2.5633899745762716,7,5,2.5714285714285716,0.0006042390272033902,1.898571571428572,False
1075,"Коньки, пара",Непродовольственные товары,Другие непродовольственные товары,0.0007276470588235295,34,5,14.705882352941178,13.136620856911883,99.8885295,2.307941088235295,3,2,1.6666666666666667,0.0016901735373529415,2.693333333333333,False
298,"Конфеты шоколадные натуральные и с добавками, кг",Продовольственные товары,Кондитерские изделия,0.004597966101694918,118,17,14.40677966101695,17.610955470362715,100.42339002542374,1.4005082796610167,9,4,1.8888888888888888,0.005987616996779662,1.4233334444444443,False
395,"Мясокопчености, кг",Продовольственные товары,Мясопродукты,0.0027155932203389837,118,17,14.40677966101695,12.947821745100486,100.64228816101695,0.8678813305084744,11,3,1.5454545454545454,0.0023779753080508466,0.4854546363636377,False
501,"Полотенце личное, шт.",Непродовольственные товары,Другие непродовольственные товары,0.0019900000000000004,118,17,14.40677966101695,13.993697300059619,100.62677972033897,0.9989829915254237,15,2,1.1333333333333333,0.0021519583429661015,1.2406666666666675,False
410,"Носки мужские, пара",Непродовольственные товары,Другие непродовольственные товары,0.001394237288135593,118,17,14.40677966101695,14.454169705810846,100.59050855084746,1.1586439915254236,13,3,1.3076923076923077,0.0016632845788983053,1.6499993333333347,False
328,"Куртка для детей школьного возраста с верхом из плащевых тканей утепленная, шт.",Непродовольственные товары,Одежда и белье,0.00124728813559322,118,17,14.40677966101695,14.553607827150431,100.39042372881357,1.172457627118644,14,2,1.2142857142857142,0.0014442025965254236,0.959285785714286,False
205,"Джемпер для детей школьного возраста, шт.",Непродовольственные товары,Трикотажные изделия,0.0007972881355931998,118,17,14.40677966101695,14.57270408163271,100.30406762711864,1.1637289830508475,11,4,1.5454545454545454,0.0008899035269491342,0.8609093636363615,False
616,"Сухие корма для домашних животных, кг",Непродовольственные товары,Другие непродовольственные товары,0.0005644067796610169,118,17,14.40677966101695,13.333333333333334,100.70288123728814,1.4806780847457626,13,3,1.3076923076923077,0.0009689085200847458,0.8169230769230762,False
960,"Носки женские, гольфы, пара",Непродовольственные товары,Другие непродовольственные товары,0.000910857142857143,70,10,14.285714285714285,13.75470514429109,100.39957144285714,0.7535714142857133,9,2,1.1111111111111112,0.0006924842602857132,0.7637505000000004,False
144,"Брюки мужские из джинсовой ткани (джинсы), шт.",Непродовольственные товары,Одежда и белье,0.003368474576271186,118,16,13.559322033898304,13.814531548757172,100.28949162711865,0.8627117627118646,16,1,1.0,0.0028560775775423723,1.029333600000002,False
206,"Джемпер женский, шт.",Непродовольственные товары,Трикотажные изделия,0.002119491525423729,118,16,13.559322033898304,13.89044382247101,100.62177962711866,0.9034746101694915,13,2,1.2307692307692308,0.0019601441288983044,1.1115380769230758,False
420,"Обувь домашняя с текстильным верхом для взрослых, пара",Непродовольственные товары,"Обувь кожаная, текстильная и комбинированная",0.00186864406779661,118,16,13.559322033898304,14.185941043083902,100.50567790677965,0.9450000593220333,15,2,1.0666666666666667,0.0017615670754237277,1.220000071428571,False
456,"Панталоны, трусы женские, шт.",Непродовольственные товары,Трикотажные изделия,0.0016772881355932208,118,16,13.559322033898304,12.328213419563456,100.4945761440678,0.9686441949152541,10,4,1.6,0.0016844975951694917,1.1989997000000017,False
233,"Зефир, пастила, кг",Продовольственные товары,Кондитерские изделия,0.001405932203389831,118,16,13.559322033898304,10.578661844484625,100.65550840677966,1.3680509152542384,11,5,1.4545454545454546,0.0019776144723728825,1.1236363636363649,False
607,"Стол рабочий кухонный, шт.",Непродовольственные товары,Мебель,0.0013883050847457537,118,16,13.559322033898304,16.151874008057668,100.63847455084745,0.8705084999999996,13,4,1.2307692307692308,0.001172294911610164,0.6215385384615382,False
330,"Куртка мужская без утеплителя (ветровка), шт.",Непродовольственные товары,Одежда и белье,0.001332542372881346,118,16,13.559322033898304,15.549478504197456,100.26101714406778,0.9286438728813556,12,2,1.3333333333333333,0.0012495498061016843,1.3891660000000006,False
652,"Трусы детские, шт.",Непродовольственные товары,Трикотажные изделия,0.0007469491525423529,118,16,13.559322033898304,13.784887678693131,100.64169472881355,1.2761018813559315,13,2,1.2307692307692308,0.0009153433253389537,1.6553844615384583,False
312,"Краска для волос, шт.",Непродовольственные товары,Парфюмерно-косметические товары,0.0015403773584905661,106,14,13.20754716981132,14.594561489465946,100.53632084905662,2.0253772641509435,10,5,1.4,0.002786535703867924,0.8580000999999982,False
1051,"Туфли женские летние, босоножки, пара",Непродовольственные товары,"Обувь кожаная, текстильная и комбинированная",0.0023791304347826085,46,6,13.043478260869565,12.737573099415206,100.24739145652174,1.2943476739130433,6,1,1.0,0.0031158517356521744,1.388333333333333,False
393,"Мясо индейки, кг",Продовольственные товары,Мясопродукты,0.003255957446808512,94,12,12.76595744680851,7.279618375481929,100.69170213829786,1.1453191382978722,7,6,1.7142857142857142,0.004078827555425532,1.8957140000000001,False
247,"Какао, кг",Продовольственные товары,"Чай, кофе, какао",0.0006755319148935809,94,12,12.76595744680851,7.43307086614213,100.46627659574467,1.82436170212766,5,6,2.4,0.0013400414564892589,1.195999599999999,False
196,"Говядина бескостная, кг",Продовольственные товары,Мясопродукты,0.01132152542372881,118,15,12.711864406779661,11.942901627318598,100.63500014406779,0.7302540932203395,10,3,1.5,0.008715675276779668,0.2409996000000021,False
597,"Сорочка верхняя мужская из хлопчатобумажных или смесовых тканей, шт.",Непродовольственные товары,Одежда и белье,0.003458135593220338,118,15,12.711864406779661,12.757927755722202,100.48559334745764,0.940338855932203,13,3,1.1538461538461537,0.0032377461681355915,0.6349995833333336,False
606,"Стол обеденный, шт.",Непродовольственные товары,Мебель,0.002342372881355932,118,15,12.711864406779661,13.737337192474678,100.59237300847458,0.9483049576271187,12,3,1.25,0.0021359845006779666,0.38999958333333257,False
137,"Блузка женская, шт.",Непродовольственные товары,Одежда и белье,0.002265423728813559,118,15,12.711864406779661,12.57294628161006,100.52991510169491,0.967203542372882,12,3,1.25,0.002179459690593222,0.5290910909090925,False
256,"Кетчуп, кг",Продовольственные товары,Другие продовольственные товары,0.001195254237288135,118,15,12.711864406779661,9.500850822461716,100.55813546610173,1.5549153813559324,10,4,1.5,0.0020657696255932203,1.6549999999999998,False
750,"Юбка для девочек школьного возраста из полушерстяных тканей, шт.",Непродовольственные товары,Одежда и белье,0.0008676271186440576,118,15,12.711864406779661,12.785700332096164,100.69313550000001,1.1819492457627114,13,3,1.1538461538461537,0.0010565831530508305,1.5566670833333316,False
267,"Колбаса сырокопченая, кг",Продовольственные товары,Мясопродукты,0.0007338983050847352,118,15,12.711864406779661,11.882217090068995,100.41542379661017,1.1799999322033896,10,3,1.5,0.0008634575342372817,1.1299994999999996,False
701,"Фотоаппарат, шт.",Непродовольственные товары,Другие непродовольственные товары,0.0006506779661016951,118,15,12.711864406779661,15.720239645741074,100.03525421186441,2.1305085000000004,11,4,1.3636363636363635,0.001150902588474576,1.9427273636363624,False
995,"Амоксициллин с клавулановой кислотой, 500 мг+125мг, 10 таблеток",Непродовольственные товары,Медицинские товары,0.00038448275862068966,58,7,12.068965517241379,11.434977578475337,100.13913784482759,1.8577587068965518,3,5,2.3333333333333335,0.0007277724448275861,1.0166669999999982,False
365,"Мёд пчелиный натуральный, кг",Продовольственные товары,Другие продовольственные товары,0.004415762711864405,118,14,11.864406779661017,12.345987026446094,100.50550844915253,1.0263559576271193,10,3,1.4,0.0042422652034745795,0.7639993000000018,False
280,"Комплект постельного белья полутораспальный из хлопчатобумажной ткани, комплект",Непродовольственные товары,Одежда и белье,0.0034430508474576262,118,14,11.864406779661017,11.442847297430347,100.55728816949153,0.8886440338983052,11,2,1.2727272727272727,0.003131155838389831,0.6590907272727278,False
480,"Платье (платье-костюм) женское из полушерстяных или смесовых тканей, шт.",Непродовольственные товары,Одежда и белье,0.0031549152542372895,118,14,11.864406779661017,10.806382292897815,100.50025413559322,0.8124577288135587,10,3,1.4,0.0027368130716949124,0.6580002999999977,False
315,"Крем для лица, 100 г (100 мл)",Непродовольственные товары,Парфюмерно-косметические товары,0.0019076271186440675,118,14,11.864406779661017,12.514438027543317,100.69703388983051,1.9687288220338985,11,2,1.2727272727272727,0.0034862678322881368,0.9418182727272711,False
141,"Брюки для детей школьного возраста из джинсовой ткани, шт.",Непродовольственные товары,Одежда и белье,0.0015022033898305079,118,14,11.864406779661017,11.773665801647303,100.30279655932203,1.0139831016949155,12,2,1.1666666666666667,0.00146511534440678,1.053333666666667,False
305,"Костюм спортивный для взрослых, шт.",Непродовольственные товары,Трикотажные изделия,0.001475932203389831,118,14,11.864406779661017,12.815801561782267,100.4221185338983,0.692627228813559,12,2,1.1666666666666667,0.0009470349444915248,0.45545454545454594,False
650,"Триммер электрический, шт.",Непродовольственные товары,Инструменты и оборудование,0.00030084745762710855,118,14,11.864406779661017,8.422535211267325,100.42533892372883,1.0416102288135596,8,3,1.75,0.0003832830566948998,1.090000625,False
1073,"Бумага офисная, упаковка 500 листов",Непродовольственные товары,Другие непродовольственные товары,0.00031294117647058826,34,4,11.76470588235294,15.789473684210526,100.43323526470589,1.1708823823529415,3,2,1.3333333333333333,0.00035118232941176486,1.0433323333333344,False
195,"Говядина (кроме бескостного мяса), кг",Продовольственные товары,Мясопродукты,0.020061016949152546,118,13,11.016949152542372,10.578742818519768,100.62728833898306,0.8347455593220341,9,3,1.4444444444444444,0.01611900577,0.9311109999999998,False
433,"Овощи натуральные консервированные, маринованные, кг",Продовольственные товары,Другие продовольственные товары,0.0028572881355932215,118,13,11.016949152542372,10.514295883260168,100.57872884745763,1.6848304745762708,7,4,1.8571428571428572,0.004947245607288133,1.1771432857142838,False
730,"Шкаф для платья и белья, шт.",Непродовольственные товары,Мебель,0.001989661016949153,118,13,11.016949152542372,10.575858250276854,100.62347469491525,1.075847338983051,10,3,1.3,0.002208592828728815,1.1999998000000005,False
731,"Шкаф навесной кухонный (полка), двухстворчатый, шт.",Непродовольственные товары,Мебель,0.0014610169491525422,118,13,11.016949152542372,9.912993039443156,100.73525429661018,1.1118643474576269,10,3,1.3,0.0017410550642372874,1.613999800000002,False
580,"Сельдь соленая, кг",Продовольственные товары,Рыбопродукты,0.0011466101694915247,118,13,11.016949152542372,8.625277161862533,100.58228820338985,1.11093213559322,8,5,1.625,0.0012979752812711865,0.4974992500000006,False
166,"Вино игристое отечественное, л",Продовольственные товары,Алкогольные напитки,0.0008203389830508373,118,13,11.016949152542372,8.388429752066116,100.47542383898306,1.039321923728814,11,2,1.1818181818181819,0.0009100439666949082,1.0672724545454535,False
126,"Белье для новорожденных и детей ясельного возраста, шт.",Непродовольственные товары,Одежда и белье,0.00047627118644067795,118,13,11.016949152542372,11.672597864768683,100.65135585593221,1.0957627881355925,12,2,1.0833333333333333,0.00048328815186440626,0.8024996666666647,False
1050,"Туфли женские закрытые, пара",Непродовольственные товары,"Обувь кожаная, текстильная и комбинированная",0.00215304347826087,46,5,10.869565217391305,11.449919224555732,100.44282602173912,1.0954348478260871,4,2,1.25,0.002369682747608696,1.5749999999999993,False
1038,"Натрия хлорид, 0,9%, 100 мл",Непродовольственные товары,Медицинские товары,0.00038608695652173915,46,5,10.869565217391305,11.148648648648647,101.25065206521741,1.9254348913043473,4,2,1.25,0.0007799239876086956,5.8749999999999964,False
973,"Ягоды замороженные, кг",Продовольственные товары,"Плодоовощная продукция, включая картофель",0.000853793103448276,58,6,10.344827586206897,9.30936995153473,101.1196553448276,2.3224136206896544,6,1,1.0,0.0026117963581034466,0.8750001666666639,False
130,"Бензин автомобильный марки АИ-92, л",Непродовольственные товары,Топливо моторное,0.015854406779661018,118,12,10.16949152542373,10.533349012732383,100.56305100847457,0.7649150932203393,11,2,1.0909090909090908,0.010807583785000005,0.419090363636365,False
171,"Водка, л",Продовольственные товары,Алкогольные напитки,0.004808474576271185,118,12,10.16949152542373,12.666549171660204,100.38508469491524,1.0652542881355935,11,2,1.0909090909090908,0.0041613583750847475,0.3745456363636363,False
481,"Платье (платье-костюм) женское из хлопчатобумажных или смесовых тканей, шт.",Непродовольственные товары,Одежда и белье,0.0030362711864406785,118,12,10.16949152542373,10.505749692977558,100.80330518644067,1.2648304067796612,12,1,1.0,0.0039020793656779668,1.0983330000000027,False
145,"Брюки мужские из полушерстяных или смесовых тканей, шт.",Непродовольственные товары,Одежда и белье,0.0020888135593220333,118,12,10.16949152542373,9.530185004868553,100.4822035,0.9989829406779659,10,2,1.2,0.0021236226535593216,0.4790002000000001,False
164,"Вино виноградное крепленое, л",Продовольственные товары,Алкогольные напитки,0.0011164406779661017,118,12,10.16949152542373,10.042507970244422,100.32457645762712,1.4855930338983052,10,2,1.2,0.0015790955916949153,0.7679992000000013,False
596,"Сорочка верхняя для мальчиков школьного возраста, шт.",Непродовольственные товары,Одежда и белье,0.0009164406779660918,118,12,10.16949152542373,11.420380987608686,100.41042385593221,1.0153388559322036,11,2,1.0909090909090908,0.0009487719320338886,1.0499997272727277,False
122,"Баранина (кроме бескостного мяса), кг",Продовольственные товары,Мясопродукты,0.007020169491525414,118,11,9.322033898305085,9.887974118158334,100.92008500847456,1.6353387203389826,9,2,1.2222222222222223,0.01083224226338982,1.1311108888888886,False
209,"Дизельное топливо, л",Непродовольственные товары,Топливо моторное,0.0034408474576271184,118,11,9.322033898305085,8.24589921678735,100.64389844067796,0.8576269830508477,8,2,1.375,0.002927318784661017,0.5750002500000004,False
503,"Полуботинки, туфли мужские с верхом из натуральной кожи, пара",Непродовольственные товары,"Обувь кожаная, текстильная и комбинированная",0.0026896610169491516,118,11,9.322033898305085,9.584724935408662,100.32203373728812,0.9467798220338985,8,3,1.375,0.0025709224438135603,0.6499996250000013,False
143,"Брюки женские из полушерстяных или смесовых тканей, шт.",Непродовольственные товары,Одежда и белье,0.0020777966101694924,118,11,9.322033898305085,8.756831715474341,100.43923738983051,0.7865253220338976,9,3,1.2222222222222223,0.0016673191348305068,0.5762503749999972,False
389,"Мыло туалетное, 100 г",Непродовольственные товары,Моющие и чистящие средства,0.0015525423728813567,118,11,9.322033898305085,10.060043668122267,100.77262705932205,1.6451695508474586,11,1,1.0,0.002431339122542374,0.8340002000000013,False
390,"Мыло хозяйственное, 200 г",Непродовольственные товары,Моющие и чистящие средства,0.001411525423728813,118,11,9.322033898305085,7.2346301633045185,100.93093216949151,1.734491559322034,6,3,1.8333333333333333,0.0027523288531355935,1.2783328333333348,False
482,"Платье (платье-костюм, сарафан) для девочек школьного возраста из полушерстяных, смесовых  тканей, шт.",Непродовольственные товары,Одежда и белье,0.0013537288135593215,118,11,9.322033898305085,9.765869537999253,100.4369492118644,1.2294914661016958,9,3,1.2222222222222223,0.0015660871519491534,1.6844447777777798,False
703,"Футболка детская, шт.",Непродовольственные товары,Трикотажные изделия,0.000854237288135585,118,11,9.322033898305085,8.829365079364965,100.15550830508475,1.4700849152542372,11,1,1.0,0.0012197857827965948,1.0245454545454542,False
116,"Аппарат для измерения артериального давления электронный, шт.",Непродовольственные товары,Медицинские товары,0.0005354237288135595,118,11,9.322033898305085,28.490028490028486,100.43822029661017,1.9505932627118643,7,3,1.5714285714285714,0.0008556085192372875,2.85714414285714,False
496,"Ползунки из хлопчатобумажного трикотажного полотна, шт.",Непродовольственные товары,Одежда и белье,0.00036576271186440694,118,11,9.322033898305085,11.700648748841514,100.7915254661017,1.3111863983050842,9,3,1.2222222222222223,0.000412958469237288,0.7075002500000007,False
1054,"Хлеб и булочные изделия из пшеничной муки различных сортов, кг",Продовольственные товары,Хлеб и хлебобулочные изделия,0.007223913043478264,46,4,8.695652173913043,9.175443876015645,101.07369576086958,1.4902172826086955,2,3,2.0,0.010748357969565218,1.2599985000000018,False
983,"Бумажные носовые платки, упаковка 10 шт.",Непродовольственные товары,Другие непродовольственные товары,0.00045758620689653106,58,5,8.620689655172415,7.045968349661208,101.00120660344828,2.5101727068965527,5,1,1.0,0.001191191510689608,1.116000200000002,False
962,Крем для рук,Непродовольственные товары,Парфюмерно-косметические товары,0.0014791428571428573,70,6,8.571428571428571,11.126134827119953,100.54342869999999,2.4097141571428575,2,4,3.0,0.003292396931857144,0.17999999999999972,False
963,"Бритвенные станки одноразовые, шт.",Непродовольственные товары,Галантерея,0.001277428571428571,70,6,8.571428571428571,7.749944084097521,100.70385688571429,2.099571685714286,5,2,1.2,0.002852224540142857,0.5760003999999981,False
272,"Колготки женские эластичные, шт.",Непродовольственные товары,Другие непродовольственные товары,0.0019668085106382977,94,8,8.51063829787234,7.761791432280398,100.61627664893615,1.736489308510638,8,1,1.0,0.003314597693829788,1.0950000000000006,False
578,"Свинина бескостная, кг",Продовольственные товары,Мясопродукты,0.0017394915254237292,118,10,8.47457627118644,4.574685764396373,100.281864279661,1.030678093220339,7,2,1.4285714285714286,0.0020926570332203383,1.3500008571428574,False
373,"Миксер, блендер, шт.",Непродовольственные товары,Электротовары и другие бытовые приборы,0.0011023728813559222,118,10,8.47457627118644,7.556888068880757,100.18550836440676,3.1036441779661015,6,4,1.6666666666666667,0.003783431535593196,2.308333166666666,False
136,"Блузка для девочек школьного возраста, шт.",Непродовольственные товары,Одежда и белье,0.0008986440677966099,118,10,8.47457627118644,6.79932101093927,100.51347451694916,1.196355991525424,8,2,1.25,0.0012709398877966101,0.575000124999999,False
718,"Чайник, шт.",Непродовольственные товары,Другие непродовольственные товары,0.0007813559322033901,118,10,8.47457627118644,8.622559652928414,100.12788161864407,1.1636438050847457,10,1,1.0,0.0008661184425423727,1.8689989999999994,False
402,"Напитки газированные, л",Продовольственные товары,Другие продовольственные товары,0.002665593220338982,118,9,7.627118644067797,5.827557703312776,100.66296593220338,1.4441527118644069,8,2,1.125,0.004008724096271187,1.4375007500000034,False
538,"Пряники, кг",Продовольственные товары,Кондитерские изделия,0.001845084745762712,118,9,7.627118644067797,5.539224692265295,100.55144055932203,1.3556780847457632,7,2,1.2857142857142858,0.00272621198322034,0.6242855714285704,False
561,"Рыба соленая, маринованная, копченая, кг",Продовольственные товары,Рыбопродукты,0.0015508474576271182,118,9,7.627118644067797,5.278688524590166,101.07644072033898,2.2884745338983055,7,2,1.2857142857142858,0.0034311702613559324,3.4999998571428597,False
142,"Брюки для детей школьного возраста из полушерстяных тканей, шт.",Непродовольственные товары,Одежда и белье,0.0010937288135593214,118,9,7.627118644067797,7.84131411746475,100.45135584745762,1.125762796610169,7,2,1.2857142857142858,0.0013105340152542368,1.0028571428571422,False
502,"Полуботинки мужские с верхом из искусственной кожи, пара",Непродовольственные товары,"Обувь кожаная, текстильная и комбинированная",0.0009040677966101695,118,9,7.627118644067797,6.8522684664416955,100.50194921186444,0.997372822033898,9,1,1.0,0.0009293821835593217,0.8844443333333314,False
285,"Консервы мясные для детского питания, кг",Продовольственные товары,Мясопродукты,0.00016489361702127657,94,7,7.446808510638298,4.580645161290324,100.49744679787234,2.1912766063829787,4,4,1.75,0.0004213851008510637,1.5725004999999967,False
404,"Национальные сыры и брынза, кг",Продовольственные товары,Сыр,0.007928644067796588,118,8,6.779661016949152,7.121785416533048,100.60398298305084,1.1699153220338983,6,2,1.3333333333333333,0.008878381101101679,1.003332499999999,False
189,"Газовое моторное топливо, л",Непродовольственные товары,Топливо моторное,0.00395457627118644,118,8,6.779661016949152,6.484656266072348,100.58813587288134,4.646949042372882,7,2,1.1428571428571428,0.018695077584322036,3.1371425714285714,False
660,"Тушь для ресниц, шт.",Непродовольственные товары,Парфюмерно-косметические товары,0.0013866101694915253,118,8,6.779661016949152,6.050605060506052,100.44991516101696,1.8477119576271182,7,2,1.1428571428571428,0.0027862815201694915,1.2714288571428531,False
138,"Ботинки, полуботинки для детей дошкольного возраста, пара",Непродовольственные товары,"Обувь кожаная, текстильная и комбинированная",0.001234576271186441,118,8,6.779661016949152,6.919275123558482,100.36635611016949,1.2407625338983053,7,2,1.1428571428571428,0.0015251887623728816,1.1471422857142852,False
147,"Бумага туалетная, рулон",Непродовольственные товары,Другие непродовольственные товары,0.0011559322033898307,118,8,6.779661016949152,7.148093841642228,100.87847466101695,1.9530507627118632,6,3,1.3333333333333333,0.0022359312377966093,1.0283331666666673,False
488,"Подгузники детские бумажные (памперсы), 10 шт.",Непродовольственные товары,Другие непродовольственные товары,0.0009172881355932206,118,8,6.779661016949152,5.96821877309682,100.14432217796609,1.9977117203389831,7,2,1.1428571428571428,0.001974502421101696,0.46285642857142967,False
1032,"Кроссовые туфли для взрослых, пара",Непродовольственные товары,"Обувь кожаная, текстильная и комбинированная",0.004203913043478261,46,3,6.521739130434782,5.46075085324232,100.19173956521742,1.4799995652173918,3,1,1.0,0.006406654600869565,1.3233313333333332,False
560,"Рыба охлажденная и мороженая разделанная лососевых пород, кг",Продовольственные товары,Рыбопродукты,0.0021622033898305083,118,7,5.932203389830509,6.01238535705887,100.76135604237287,1.2549151440677964,5,2,1.4,0.0026372634221186434,0.669999199999998,False
169,Вода минеральная и питьевая,Продовольственные товары,Другие продовольственные товары,0.0021610169491525426,118,7,5.932203389830509,5.925490196078432,100.67254242372879,1.2774575762711862,6,2,1.1666666666666667,0.0027441981988983047,1.4283338333333333,False
751,"Юбка женская из полушерстяных или смесовых тканей, шт.",Непродовольственные товары,Одежда и белье,0.001989491525423729,118,7,5.932203389830509,5.524791276196967,100.65296608474578,0.9092373050847458,5,2,1.4,0.0018019458099152541,0.6400008000000014,False
735,"Щетка зубная, шт.",Непродовольственные товары,Галантерея,0.001814915254237288,118,7,5.932203389830509,6.2710123272319755,100.68186441525425,1.7949152457627124,6,2,1.1666666666666667,0.0030664084901694927,1.0033338333333337,False
741,"Электропылесос напольный, шт.",Непродовольственные товары,Электротовары и другие бытовые приборы,0.0016042372881355925,118,7,5.932203389830509,5.224511357633388,99.9253391355932,2.6802542542372882,4,4,1.75,0.0047318441405084745,3.2899995000000004,False
306,"Костюм спортивный для детей школьного возраста, шт.",Непродовольственные товары,Трикотажные изделия,0.0015006779661016951,118,7,5.932203389830509,6.996837587531058,100.4768643983051,1.199745771186441,5,3,1.4,0.0017350390125423728,2.373999600000002,False
357,"Маргарин, кг",Продовольственные товары,Масло и жиры,0.001179152542372881,118,7,5.932203389830509,4.9805950840879705,100.77542369491526,1.5835593559322036,6,2,1.1666666666666667,0.0020655051145762717,1.0650003333333373,False
704,"Халат женский, шт.",Непродовольственные товары,Одежда и белье,0.0011603389830508479,118,7,5.932203389830509,6.0984516505988875,100.83593224576273,1.129830466101695,7,1,1.0,0.0013139126653389833,0.7683341666666669,False
471,"Печь микроволновая, шт.",Непродовольственные товары,Электротовары и другие бытовые приборы,0.0010061016949152542,118,7,5.932203389830509,7.2523584905660385,100.32813546610167,3.1196609745762713,6,2,1.1666666666666667,0.0027411948139830513,2.2383336666666693,False
1071,"Крем детский, 100 г (100 мл)",Непродовольственные товары,Парфюмерно-косметические товары,0.0019358823529411762,34,2,5.88235294117647,4.831358249772107,100.77500038235293,1.7867643235294128,2,1,1.0,0.003488796264411766,2.944999000000003,False
961,"Пена для бритья, 200 мл",Непродовольственные товары,Парфюмерно-косметические товары,0.0009497142857142853,70,4,5.714285714285714,6.453068592057765,100.90328552857143,2.166143042857143,3,2,1.3333333333333333,0.0019340273012857143,1.6233326666666652,False
314,"Креветки мороженые неразделанные, кг",Продовольственные товары,Рыбопродукты,0.0004210638297872342,94,5,5.319148936170213,5.2046488125315795,100.58138294680852,1.6173404574468082,5,1,1.0,0.0007378745028723401,1.342000200000001,False
786,"Поездка на отдых в Турцию, поездка",Услуги,,0.0010048275862068966,58,3,5.172413793103448,7.000686341798216,103.94034522413791,13.221379258620688,2,2,1.5,0.014612794872241378,33.38999999999999,False
266,"Колбаса полукопченая и варено-копченая, кг",Продовольственные товары,Мясопродукты,0.0035996610169491514,118,6,5.084745762711865,4.9204256521329715,100.396271059322,1.9313560593220342,5,2,1.2,0.00782314957745763,1.1780006000000014,False
352,"Майонез, кг",Продовольственные товары,Другие продовольственные товары,0.0030708474576271187,118,6,5.084745762711865,5.453140523236559,100.76161009322034,1.805678042372882,4,2,1.5,0.005580376503813562,1.4050000000000011,False
363,"Машина стиральная автоматическая, шт.",Непродовольственные товары,Электротовары и другие бытовые приборы,0.0022084745762711855,118,6,5.084745762711865,5.0575594781274,100.27974561864409,2.7311016694915247,4,2,1.5,0.006221425370932202,2.727499999999999,False
484,"Плита бытовая, шт.",Непродовольственные товары,Электротовары и другие бытовые приборы,0.002163559322033899,118,6,5.084745762711865,6.141793967880922,100.31211864406778,2.1075423728813565,5,2,1.2,0.0043820255334745765,1.3820006000000036,False
716,"Чай черный байховый пакетированный, 25 пакетиков",Продовольственные товары,"Чай, кофе, какао",0.0019203389830508481,118,6,5.084745762711865,5.079435127978815,100.27025437288137,1.728389694915255,6,1,1.0,0.0034708852734745776,0.7749998333333347,False
620,"Сыры плавленые, кг",Продовольственные товары,Сыр,0.0013986440677966098,118,6,5.084745762711865,4.804895782840524,100.56957622881357,1.2850000423728811,6,1,1.0,0.0019452669867796608,1.0733341666666665,False
381,"Монитор для настольного компьютера, шт.",Непродовольственные товары,Персональные компьютеры,0.0006272881355932102,118,6,5.084745762711865,6.322615509321635,100.1870336779661,1.956356152542372,5,2,1.2,0.0009571738944067681,1.0640001999999982,False
994,"Хлоргексидин, 100 мл",Непродовольственные товары,Медицинские товары,0.0004081818181818181,22,1,4.545454545454546,4.788418708240536,99.14636431818181,2.39999931818182,1,1,1.0,0.0009717270050000009,1.1500000000000057,False
965,"Моноблок, шт.",Непродовольственные товары,Персональные компьютеры,0.0006517142857142686,70,3,4.285714285714286,3.309951775537132,99.91599982857143,2.6380001714285712,3,1,1.0,0.0017229587121427989,3.956667666666666,False
585,"Смартфон, шт.",Непродовольственные товары,Средства связи,0.003720508474576271,118,5,4.23728813559322,3.762926518154071,99.45440698305086,1.8947457288135592,4,2,1.25,0.00725650575881356,0.9599995000000021,False
697,"Филе рыбное, кг",Продовольственные товары,Рыбопродукты,0.002666440677966102,118,5,4.23728813559322,3.925120772946859,100.65008455084745,1.4168646016949147,5,1,1.0,0.0038835769317796622,0.8879998,False
593,"Соль поваренная пищевая, кг",Продовольственные товары,Другие продовольственные товары,0.0011350847457627117,118,5,4.23728813559322,4.591608182768405,100.61516952542374,1.7424575932203388,5,1,1.0,0.0019851439816101694,0.5859988000000016,False
323,"Крупы овсяная и перловая, кг",Продовольственные товары,Макаронные и крупяные изделия,0.0005267796610169491,118,5,4.23728813559322,5.759330759330759,100.45313572881355,1.4468642711864408,5,1,1.0,0.0007118253448305087,1.2059987999999975,False
595,"Сорочка верхняя для мальчиков дошкольного возраста, шт.",Непродовольственные товары,Одежда и белье,0.0005066101694915253,118,5,4.23728813559322,4.248912679826029,100.66406776271185,1.3052542711864408,5,1,1.0,0.0006194016994067798,1.3400000000000034,False
982,"Бумажные столовые салфетки, упаковка 10 шт.",Непродовольственные товары,Другие непродовольственные товары,0.0017579310344827583,58,2,3.4482758620689653,4.354648881914477,100.70379289655173,2.1748277931034483,2,1,1.0,0.003948920896551724,2.1550005,False
985,"Наушники беспроводные, шт.",Непродовольственные товары,Средства связи,0.0016517241379310345,58,2,3.4482758620689653,3.5073068893528188,99.69689691379311,3.2948275689655167,2,1,1.0,0.005138874079482758,2.7500004999999987,False
970,"Сливки питьевые, л",Продовольственные товары,Молоко и молочная продукция,0.0010893103448275656,58,2,3.4482758620689653,3.418803418803325,100.84103431034482,1.9475863793103456,2,1,1.0,0.0023169828132758165,1.5849995000000021,False
978,"Дезодорант, 50 мл",Непродовольственные товары,Парфюмерно-косметические товары,0.0010813793103448275,58,2,3.4482758620689653,3.7627551020408165,101.00258627586207,3.6936206206896545,2,1,1.0,0.0038782826281034475,1.0100024999999988,False
694,"Фарш мясной, кг",Продовольственные товары,Мясопродукты,0.011612033898305082,118,4,3.389830508474576,3.54249682532732,100.47788144915253,1.046016855932203,4,1,1.0,0.012101811044067795,0.9450002500000032,False
599,"Сосиски, сардельки, кг",Продовольственные товары,Мясопродукты,0.005646271186440678,118,4,3.389830508474576,2.9432954102002227,100.32881351694917,1.8584746186440684,4,1,1.0,0.011299407667033898,0.3450004999999976,False
296,"Конфеты мягкие, глазированные шоколадом, кг",Продовольственные товары,Кондитерские изделия,0.00479220338983051,118,4,3.389830508474576,4.076183065714082,100.45466094915253,2.066525491525424,3,2,1.3333333333333333,0.010133779893644066,1.1766649999999998,False
311,"Кофе натуральный растворимый, кг",Продовольственные товары,"Чай, кофе, какао",0.004735423728813558,118,4,3.389830508474576,3.5434339095887473,100.54991541525426,1.9739828898305094,4,1,1.0,0.009205376486016955,1.51750075,False
559,"Рыба мороженая разделанная (кроме лососевых пород), кг",Продовольственные товары,Рыбопродукты,0.004166271186440678,118,4,3.389830508474576,2.931125666164924,100.52364409322037,1.1268643813559331,4,1,1.0,0.004875128853813563,0.43499925000000417,False
577,"Свинина (кроме бескостного мяса), кг",Продовольственные товары,Мясопродукты,0.00361406779661017,118,4,3.389830508474576,1.6695586924916752,100.40677961864407,1.3628813983050836,3,2,1.3333333333333333,0.005297274907288133,1.5633329999999954,False
469,"Печень говяжья, свиная, кг",Продовольственные товары,Мясопродукты,0.002806271186440678,118,4,3.389830508474576,1.9840550824424714,100.47644058474576,2.0903390762711864,4,1,1.0,0.00608246034618644,2.349999000000004,False
726,"Шампунь, 250 мл",Непродовольственные товары,Парфюмерно-косметические товары,0.0025891525423728805,118,4,3.389830508474576,4.431788426289607,100.56813554237286,2.4174576779661003,4,1,1.0,0.0050962542579661,1.1025004999999979,False
734,"Шоколад, кг",Продовольственные товары,Кондитерские изделия,0.0019952542372881354,118,4,3.389830508474576,2.064220183486239,100.5245765762712,2.1366098644067795,3,2,1.3333333333333333,0.0050851578849152555,1.0200006666666657,False
447,"Орехи, кг",Продовольственные товары,"Плодоовощная продукция, включая картофель",0.001658813559322034,118,4,3.389830508474576,2.232553387146214,100.20398305084744,1.7743220338983057,4,1,1.0,0.003344507552118644,0.8949999999999996,False
618,"Сухофрукты, кг",Продовольственные товары,"Плодоовощная продукция, включая картофель",0.0015593220338983047,118,4,3.389830508474576,2.5543478260869574,100.4816101440678,2.0938135847457633,4,1,1.0,0.003439828847118644,0.4675009999999986,False
283,"Компьютер планшетный, шт.",Непродовольственные товары,Персональные компьютеры,0.00139271186440678,118,4,3.389830508474576,4.192527686503588,99.5714406016949,1.895339059322034,4,1,1.0,0.002363781452457627,0.7175000000000011,False
380,"Молоко сгущенное с сахаром, 400 г",Продовольственные товары,Молоко и молочная продукция,0.001166271186440678,118,4,3.389830508474576,2.7248946374073535,100.6497458220339,1.7297457033898305,4,1,1.0,0.0020436922232203395,1.7000005000000016,False
291,"Консервы рыбные натуральные и с добавлением масла, 350 г",Продовольственные товары,Рыбопродукты,0.0008864406779661013,118,4,3.389830508474576,2.6481835564053546,100.73084755084746,1.287627025423729,4,1,1.0,0.0012689159968644064,0.8975000000000009,False
286,"Консервы мясные, 350 г",Продовольственные товары,Мясопродукты,0.0005208474576271189,118,4,3.389830508474576,4.1653107712333215,100.51720350847457,1.4126270000000007,4,1,1.0,0.0007113431661864408,0.557500000000001,False
1066,"Молоко питьевое цельное пастеризованное более 3,2% жирности, л",Продовольственные товары,Молоко и молочная продукция,0.0019047058823529412,34,1,2.941176470588235,2.2544780728844964,100.68676502941176,2.0261761470588238,1,1,1.0,0.0038237463829411777,1.489998,False
1069,"Сухие приправы, специи, кг",Продовольственные товары,Другие продовольственные товары,0.0015441176470588232,34,1,2.941176470588235,3.2952380952380955,100.35117650000001,1.9894117352941176,1,1,1.0,0.003107747101470588,3.639999000000003,False
1068,"Молоко для детей, л",Продовольственные товары,Молоко и молочная продукция,4.058823529411765e-05,34,1,2.941176470588235,2.1739130434782608,100.38294152941178,3.199411411764706,1,1,1.0,0.00012998822,5.430000000000007,False
588,"Сметана, кг",Продовольственные товары,Молоко и молочная продукция,0.008201864406779662,118,3,2.5423728813559325,2.9271972060920417,100.81398309322033,1.6987287711864414,3,1,1.0,0.013329176926016956,0.673333333333332,False
360,"Масло сливочное, кг",Продовольственные товары,Масло и жиры,0.008070508474576252,118,3,2.5423728813559325,2.9086861559139856,100.95245761016947,1.662966118644068,2,2,1.5,0.013253635641694878,1.0200000000000031,False
443,"Окорочка куриные, кг",Продовольственные товары,Мясопродукты,0.0052149152542372915,118,3,2.5423728813559325,2.7691107644305752,100.41822030508476,1.5763559661016944,3,1,1.0,0.008205536836355932,0.18999933333333274,False
459,"Пельмени, манты, равиоли, кг",Продовольственные товары,Мясопродукты,0.005058474576271188,118,3,2.5423728813559325,2.439269559390182,100.64661023728816,1.2727117966101693,3,1,1.0,0.006494151318898304,0.9166673333333364,False
259,"Кисломолочные продукты, кг",Продовольственные товары,Молоко и молочная продукция,0.004573728813559323,118,3,2.5423728813559325,2.6625903279599767,100.71745740677966,1.341186661016949,3,1,1.0,0.006140401017033898,0.2933349999999943,False
717,"Чай черный байховый, кг",Продовольственные товары,"Чай, кофе, какао",0.0035406779661016946,118,3,2.5423728813559325,2.5658209669698424,100.54016955932204,1.6877965423728813,3,1,1.0,0.005893945494830508,0.7199979999999991,False
354,"Макаронные изделия из пшеничной муки высшего сорта, кг",Продовольственные товары,Макаронные и крупяные изделия,0.0032686440677966106,118,3,2.5423728813559325,2.343790510759657,100.36923716949153,1.4775424915254238,3,1,1.0,0.005020239357881356,1.4599995000000021,False
223,"Жидкие чистящие и моющие средства, л",Непродовольственные товары,Моющие и чистящие средства,0.0032423728813559326,118,3,2.5423728813559325,2.506534239414532,100.39525440677964,2.41983033898305,3,1,1.0,0.007479451178644069,1.2033320000000032,False
457,"Паста зубная, 100 г (100 мл)",Непродовольственные товары,Парфюмерно-косметические товары,0.002767457627118645,118,3,2.5423728813559325,2.6304507594316506,100.80711861864407,2.053050872881356,2,2,1.5,0.005120585733728814,0.8799975000000018,False
434,"Овсяные хлопья ""Геркулес"", кг",Продовольственные товары,Макаронные и крупяные изделия,0.0015249152542372885,118,3,2.5423728813559325,2.5730799155273973,100.55652526271187,1.606864567796611,2,2,1.5,0.0023805883471186445,2.489999999999995,False
322,"Крупа манная, кг",Продовольственные товары,Макаронные и крупяные изделия,0.001268135593220339,118,3,2.5423728813559325,3.6688051323175626,100.53432210169491,1.8246609491525427,3,1,1.0,0.002118285506779661,1.2166669999999964,False
587,"Смеси сухие молочные для детского питания, кг",Продовольственные товары,Молоко и молочная продукция,0.0007583050847457627,118,3,2.5423728813559325,1.821636119803308,100.72262691525422,1.646864610169491,3,1,1.0,0.0012313400153389825,0.6833333333333323,False
290,"Консервы рыбные в томатном соусе, 350 г",Продовольственные товары,Рыбопродукты,0.00036728813559322037,118,3,2.5423728813559325,1.2459621596677435,100.74711858474576,1.4055932796610167,3,1,1.0,0.000565732236694915,0.2033333333333379,False
1020,"Аскорбиновая кислота, 50 мг, 100 драже",Непродовольственные товары,Медицинские товары,0.00042913043478260885,46,1,2.1739130434782608,1.975683890577507,101.67086976086956,3.281304152173913,1,1,1.0,0.0013991694599999997,8.489998,False
975,"Дезинфицирующее средство для поверхностей, л",Непродовольственные товары,Моющие и чистящие средства,0.002622758620689655,58,1,1.7241379310344827,1.9392584801472526,100.7534477586207,3.1358625862068963,1,1,1.0,0.008267968460689654,5.530000000000001,False
984,"Прокладки женские гигиенические, 10 шт.",Непродовольственные товары,Другие непродовольственные товары,0.0010910344827586207,58,1,1.7241379310344827,1.959544879898862,101.09896510344828,3.5968969655172423,1,1,1.0,0.003851378094655174,0.9100040000000007,False
1011,"Поездка на отдых в ОАЭ, поездка",Услуги,,0.000640689655172414,58,1,1.7241379310344827,0.8611410118406887,104.15293094827588,16.568103189655172,1,1,1.0,0.008669096398448276,35.120000000000005,False
981,"Салфетки влажные, упаковка 20 шт.",Непродовольственные товары,Другие непродовольственные товары,0.0004827586206896552,58,1,1.7241379310344827,2.2857142857142856,100.76827591379312,3.205517189655173,1,1,1.0,0.0015403706981034484,0.8900000000000006,False
987,"Цефтриаксон, 1 г",Непродовольственные товары,Медицинские товары,0.00037965517241379305,58,1,1.7241379310344827,2.1798365122615806,99.36137925862069,4.448275913793102,1,1,1.0,0.0017383500355172411,21.620002999999997,False
359,"Масло подсолнечное, кг",Продовольственные товары,Масло и жиры,0.006846610169491522,118,2,1.694915254237288,1.4469612575813844,100.4761014322034,1.8884748389830512,2,1,1.0,0.012911623100762716,1.5949999999999989,False
470,"Печенье, кг",Продовольственные товары,Кондитерские изделия,0.005491355932203392,118,2,1.694915254237288,1.7222753788697178,100.63118625423728,1.534576457627119,2,1,1.0,0.008196149393728815,1.25,False
378,"Молоко питьевое цельное пастеризованное 2,5-3,2% жирности, л",Продовольственные товары,Молоко и молочная продукция,0.004864067796610167,118,2,1.694915254237288,2.4949473830928994,100.76593211864406,1.2806780508474576,2,1,1.0,0.005982668525677966,0.5300000000000011,False
508,"Порошок стиральный, кг",Непродовольственные товары,Моющие и чистящие средства,0.004643559322033897,118,2,1.694915254237288,1.8104171989633904,100.42957624576268,2.1670339237288134,2,1,1.0,0.009317220417372879,0.07000099999999776,False
250,"Карамель, кг",Продовольственные товары,Кондитерские изделия,0.0033935593220338987,118,2,1.694915254237288,1.7380881030866047,100.4046606864407,1.616017279661017,2,1,1.0,0.005964781650593222,1.8800000000000026,False
558,"Рыба мороженая неразделанная, кг",Продовольственные товары,Рыбопродукты,0.0015391525423728819,118,2,1.694915254237288,0.9580442682523949,100.35067794915255,1.817457644067797,1,2,2.0,0.0030786075110169494,0.4399999999999977,False
245,"Йогурт, 125 г",Продовольственные товары,Молоко и молочная продукция,0.001525762711864407,118,2,1.694915254237288,1.4885580982003996,100.70906795762711,1.4521184830508476,2,1,1.0,0.0022583540131355935,0.759999999999998,False
158,"Вермишель, кг",Продовольственные товары,Макаронные и крупяные изделия,0.0014044067796610171,118,2,1.694915254237288,2.05165339126237,100.41364400847458,1.5166949745762717,2,1,1.0,0.002077915339237289,0.3650014999999982,False
203,"Горох и фасоль, кг",Продовольственные товары,Макаронные и крупяные изделия,0.0013825423728813556,118,2,1.694915254237288,1.3240161824200078,100.46542387288135,1.6123727372881365,2,1,1.0,0.00226968957262712,0.7150000000000034,False
624,"Таурин, 4%, 5 мл",Непродовольственные товары,Медицинские товары,0.0003591525423728714,118,2,1.694915254237288,1.5809344030203367,100.3690678220339,2.748728788135594,2,1,1.0,0.0009966737267796438,5.594998999999994,False
159,"Верошпирон, 100 мг, 10 капсул",Непродовольственные товары,Медицинские товары,0.0002575609756097561,82,1,1.2195121951219512,0.899621212121212,100.3014637195122,1.0812192073170732,1,1,1.0,0.00032467676146341465,0.4300000000000068,False
552,"Рис шлифованный, кг",Продовольственные товары,Макаронные и крупяные изделия,0.0035857627118644057,118,1,0.847457627118644,0.9926262053318209,100.54711844915253,2.047627313559322,1,1,1.0,0.007636809217796609,0.5500030000000038,False
382,"Морковь, кг",Продовольственные товары,"Плодоовощная продукция, включая картофель",0.002256610169491525,118,1,0.847457627118644,0.8900405588102751,101.6484743559322,11.958135644067799,1,1,1.0,0.027205023908728813,28.009989999999988,False
539,"Пшено, кг",Продовольственные товары,Макаронные и крупяные изделия,0.0014152542372881354,118,1,0.847457627118644,0.7305389221556886,100.53050833898304,2.0401696271186434,1,1,1.0,0.0031760476632203384,1.8299999999999983,False
742,"Электроутюг, шт.",Непродовольственные товары,Электротовары и другие бытовые приборы,0.0010784745762711762,118,1,0.847457627118644,0.6993556498506274,100.11457629661014,3.1899999745762715,1,1,1.0,0.003419200816610151,3.700000000000003,False
743,"Электрочайник, шт.",Непродовольственные товары,Электротовары и другие бытовые приборы,0.0007810169491525425,118,1,0.847457627118644,0.8680555555555555,100.1381355084746,3.124915338983051,1,1,1.0,0.002525661178983051,3.239998,False
302,"Корвалол, 25 мл",Непродовольственные товары,Медицинские товары,0.00046050847457626093,118,1,0.847457627118644,0.8281192491718992,101.16423731355934,2.835762686440678,1,1,1.0,0.0012550948946610044,0.28000000000000114,False
455,"Панкреатин, 10 таблеток",Непродовольственные товары,Медицинские товары,0.0003293220338983051,118,1,0.847457627118644,0.6690684508492021,100.38872889830509,1.083982966101695,1,1,1.0,0.0003717906623728813,0.3600009999999969,False
615,"Супрастин, 25 мг, 10 таблеток",Непродовольственные товары,Медицинские товары,0.00031203389830508486,118,1,0.847457627118644,1.0048886474741985,100.2355083559322,0.9117797796610163,1,1,1.0,0.00030320087025423716,,False
154,"Вата отечественная, 100 г",Непродовольственные товары,Медицинские товары,0.00030152542372881367,118,1,0.847457627118644,0.8993816750983695,100.83669494915253,3.004830474576271,1,1,1.0,0.0009076627103389831,3.8400000000000034,False
134,"Бинт, шт.",Непродовольственные товары,Медицинские товары,0.0001694915254237288,118,1,0.847457627118644,1.6000000000000003,101.26737291525426,4.143813525423729,1,1,1.0,0.000703398302542373,2.5,False
333,"Куры охлажденные и мороженые, кг",Продовольственные товары,Мясопродукты,0.010671016949152512,118,0,0.0,0.0,100.59550839830506,2.8466949915254234,0,0,0.0,0.03005362687949144,,False
572,"Сахар-песок, кг",Продовольственные товары,Сахар,0.007678135593220311,118,0,0.0,0.0,100.42957634745763,3.497711788135594,0,0,0.0,0.028218911206016852,,False
388,"Мука пшеничная, кг",Продовольственные товары,Другие продовольственные товары,0.007069322033898306,118,0,0.0,0.0,100.51203396610168,1.7345762033898309,0,0,0.0,0.012093960520084747,,False
252,"Картофель, кг",Продовольственные товары,"Плодоовощная продукция, включая картофель",0.00586966101694915,118,0,0.0,0.0,101.84694884745763,11.585423694915253,0,0,0.0,0.06747184900822033,,False
1049,"Творог, кг",Продовольственные товары,Молоко и молочная продукция,0.005850869565217394,46,0,0.0,0.0,100.82608682608695,1.8395653478260874,0,0,0.0,0.01092685307652174,,False
754,"Яйца куриные, 10 шт.",Продовольственные товары,Яйца,0.0054237288135593215,118,0,0.0,0.0,100.6144915762712,7.218220118644068,0,0,0.0,0.03907702505847458,,False
621,"Сыры твердые, полутвердые и мягкие, кг",Продовольственные товары,Сыр,0.004699491525423731,118,0,0.0,0.0,100.58254223728814,1.2138984406779658,0,0,0.0,0.0057194218016101694,,False
629,"Телевизор цветного изображения, шт.",Непродовольственные товары,Телерадиотовары,0.0046989830508474585,118,0,0.0,0.0,99.68457607627118,2.191356127118644,0,0,0.0,0.008588354247796607,,False
121,"Бананы, кг",Продовольственные товары,"Плодоовощная продукция, включая картофель",0.004679322033898304,118,0,0.0,0.0,101.13542359322034,7.125084881355931,0,0,0.0,0.03243696075118644,,False
435,"Огурцы свежие, кг",Продовольственные товары,"Плодоовощная продукция, включая картофель",0.004665254237288135,118,0,0.0,0.0,103.38652570338984,20.29059311016949,0,0,0.0,0.09307997656381359,,False
753,"Яблоки, кг",Продовольственные товары,"Плодоовощная продукция, включая картофель",0.004586610169491526,118,0,0.0,0.0,101.10584740677967,7.51788140677966,0,0,0.0,0.0342215654859322,,False
115,"Апельсины, кг",Продовольственные товары,"Плодоовощная продукция, включая картофель",0.0045832203389830515,118,0,0.0,0.0,101.05771172033897,7.245847601694914,0,0,0.0,0.03455513888483051,,False
506,"Помидоры свежие, кг",Продовольственные товары,"Плодоовощная продукция, включая картофель",0.0044110169491525415,118,0,0.0,0.0,102.78228812711863,18.94940661864407,0,0,0.0,0.08241900681228813,,False
1087,"Перец сладкий свежий, кг",Продовольственные товары,"Плодоовощная продукция, включая картофель",0.00363,10,0,0.0,0.0,94.11000010000001,7.587999900000002,0,0,0.0,0.027544439637000002,,False
265,"Колбаса вареная, кг",Продовольственные товары,Мясопродукты,0.003607288135593222,118,0,0.0,0.0,100.49305094067799,2.43677956779661,0,0,0.0,0.0095433362590678,,False
204,"Груши, кг",Продовольственные товары,"Плодоовощная продукция, включая картофель",0.003345932203389829,118,0,0.0,0.0,100.76110159322035,4.8541526440677965,0,0,0.0,0.016007935899576272,,False
1042,"Пиво, л",Продовольственные товары,Алкогольные напитки,0.0033295652173913055,46,0,0.0,0.0,100.45043482608698,1.9547825652173911,0,0,0.0,0.00635954118695652,,False
379,"Молоко питьевое цельное стерилизованное 2,5-3,2% жирности, л",Продовольственные товары,Молоко и молочная продукция,0.003120338983050848,118,0,0.0,0.0,100.63008477966102,1.7044914915254252,0,0,0.0,0.005278093807542379,,False
320,"Крупа гречневая-ядрица, кг",Продовольственные товары,Макаронные и крупяные изделия,0.002692711864406781,118,0,0.0,0.0,100.09567792372883,3.081440720338983,0,0,0.0,0.008432634156271187,,False
167,"Виноград, кг",Продовольственные товары,"Плодоовощная продукция, включая картофель",0.002452711864406779,118,0,0.0,0.0,100.91669488135592,9.79889833898305,0,0,0.0,0.024504446734915256,,False
349,"Лук репчатый, кг",Продовольственные товары,"Плодоовощная продукция, включая картофель",0.0023288135593220335,118,0,0.0,0.0,102.04999995762712,12.96915258474576,0,0,0.0,0.03059045678305085,,False
249,"Капуста белокочанная свежая, кг",Продовольственные товары,"Плодоовощная продукция, включая картофель",0.0022477966101694907,118,0,0.0,0.0,102.73525400000001,14.740338881355932,0,0,0.0,0.03318605411872882,,False
712,"Холодильник двухкамерный, емкостью 250-360 л, шт.",Непродовольственные товары,Электротовары и другие бытовые приборы,0.002239152542372881,118,0,0.0,0.0,100.3102541440678,2.2214407711864403,0,0,0.0,0.004919469749915253,,False
972,"Грибы свежие, кг",Продовольственные товары,"Плодоовощная продукция, включая картофель",0.0019944827586206894,58,0,0.0,0.0,100.73844820689655,4.745000068965516,0,0,0.0,0.009289836395689649,,False
343,"Лимоны, кг",Продовольственные товары,"Плодоовощная продукция, включая картофель",0.0018516949152542373,118,0,0.0,0.0,101.26898314406779,7.718644144067797,0,0,0.0,0.014595957784491525,,False
723,"Чеснок, кг",Продовольственные товары,"Плодоовощная продукция, включая картофель",0.001835762711864406,118,0,0.0,0.0,100.86474572033897,6.16288122881356,0,0,0.0,0.011258143049322029,,False
958,"Чай зеленый, кг",Продовольственные товары,"Чай, кофе, какао",0.0015974285714285715,70,0,0.0,0.0,100.50585698571429,1.986714442857144,0,0,0.0,0.003276204555714287,,False
976,"Гель для душа, 250 мл",Непродовольственные товары,Парфюмерно-косметические товары,0.0014272413793103447,58,0,0.0,0.0,100.77706872413793,4.008793344827587,0,0,0.0,0.005657677952586208,,False
1079,"Бутылочка для кормления, шт.",Непродовольственные товары,Медицинские товары,0.0012952941176470588,34,0,0.0,0.0,100.29088202941176,2.3008826764705876,0,0,0.0,0.0029362239070588225,,False
574,"Свёкла столовая, кг",Продовольственные товары,"Плодоовощная продукция, включая картофель",0.0012905084745762716,118,0,0.0,0.0,101.43245755932203,10.582627186440677,0,0,0.0,0.013775701002457631,,False
971,"Зелень свежая, кг",Продовольственные товары,"Плодоовощная продукция, включая картофель",0.0012386206896551721,58,0,0.0,0.0,101.17034484482758,5.433793086206898,0,0,0.0,0.006657448257068967,,False
1088,"Робот-пылесос, шт.",Непродовольственные товары,Электротовары и другие бытовые приборы,0.0012,10,0,0.0,0.0,99.13499999999999,3.843000000000001,0,0,0.0,0.0046116,,False
1072,"Чемодан, шт.",Непродовольственные товары,Галантерея,0.001198235294117647,34,0,0.0,0.0,99.32735297058824,2.580294088235295,0,0,0.0,0.003069926446764706,,False
977,"Мыло туалетное жидкое, 250 мл",Непродовольственные товары,Парфюмерно-косметические товары,0.001077241379310345,58,0,0.0,0.0,100.65689677586207,2.7631032241379314,0,0,0.0,0.0029279687370689653,,False
1083,"Поездка на отдых на Черноморское побережье России и в Крым, поездка",Услуги,,0.00092375,32,0,0.0,0.0,103.24343740625,15.14843759375,0,0,0.0,0.014304418778125001,,False
1086,"Горошек зеленый консервированный, кг",Продовольственные товары,Другие продовольственные товары,0.00086,10,0,0.0,0.0,99.9110008,1.530999199999998,0,0,0.0,0.0013166593119999983,,False
1074,"Смарт-часы, шт.",Непродовольственные товары,Средства связи,0.0006047058823529411,34,0,0.0,0.0,99.24852894117647,3.9061769411764713,0,0,0.0,0.002504329787647059,,False
1060,"Поездки в страны Закавказья, поездка",Услуги,,0.0005811764705882352,34,0,0.0,0.0,101.600294,8.118529529411763,0,0,0.0,0.004777655978529412,,False
1077,"Кресло детское автомобильное, шт.",Непродовольственные товары,Легковые автомобили,0.0005352941176470588,34,0,0.0,0.0,100.44411782352941,1.957058647058823,0,0,0.0,0.0010250940185294116,,False
150,"Валидол, 60 мг, 10 таблеток",Непродовольственные товары,Медицинские товары,0.0004950847457627016,118,0,0.0,0.0,101.10254249152541,4.001525305084746,0,0,0.0,0.001473671991440628,,False
370,"Метамизол натрия (Анальгин отечественный), 500 мг, 10 таблеток",Непродовольственные товары,Медицинские товары,0.000494406779661007,118,0,0.0,0.0,100.91059329661017,2.222796533898304,0,0,0.0,0.0011133974240677767,,False
1097,"Меновазин, 40 мл",Непродовольственные товары,Медицинские товары,0.00049,10,0,0.0,0.0,100.7619992,2.5340008,0,0,0.0,0.001241660392,,False
1040,"Парацетамол, 500 мг, 10 таблеток",Непродовольственные товары,Медицинские товары,0.0004539130434782611,46,0,0.0,0.0,100.97326082608693,2.449347869565219,0,0,0.0,0.0010936391519565224,,False
1055,"Цитрамон, 10 таблеток",Непродовольственные товары,Медицинские товары,0.00044347826086956523,46,0,0.0,0.0,101.15173884782607,3.1056524565217387,0,0,0.0,0.0013302370680434777,,False
1080,"Ингалипт, аэрозоль для местного применения, 30 мл",Непродовольственные товары,Медицинские товары,0.0004370588235294118,34,0,0.0,0.0,100.48264735294117,1.6626467647058818,0,0,0.0,0.0007254910341176471,,False
1039,"Нафазолин, 0,1%, 15 мл",Непродовольственные товары,Медицинские товары,0.0004334782608695652,46,0,0.0,0.0,102.03652154347826,3.639130630434783,0,0,0.0,0.0015298174802173918,,False
851,"Активированный уголь, 250 мг, 10 таблеток",Непродовольственные товары,Медицинские товары,0.0004313043478260871,46,0,0.0,0.0,102.4252170869565,4.810000304347827,0,0,0.0,0.002007513177826088,,False
651,"Троксерутин, 2% гель, 40 г",Непродовольственные товары,Медицинские товары,0.00042627118644067815,118,0,0.0,0.0,101.06601677966104,2.6324577966101694,0,0,0.0,0.0010990466784745764,,False
120,"Ацетилсалициловая кислота (Аспирин отечественный), 500 мг, 10 таблеток",Непродовольственные товары,Медицинские товары,0.000421186440677966,118,0,0.0,0.0,101.27754238983053,3.4721186271186433,0,0,0.0,0.001410011850932203,,False
1041,"Перекись водорода, 3%, 100 мл",Непродовольственные товары,Медицинские товары,0.0004195652173913043,46,0,0.0,0.0,101.27304352173914,2.6499999565217394,0,0,0.0,0.001084226057173913,,False
337,"Левомеколь, мазь, 40 г",Непродовольственные товары,Медицинские товары,0.00041813559322033904,118,0,0.0,0.0,100.7621186101695,1.7329661355932204,0,0,0.0,0.0007171618661864405,,False
1029,"Кеторол Экспресс, 10 мг, 10 таблеток",Непродовольственные товары,Медицинские товары,0.0004156521739130433,46,0,0.0,0.0,101.47021726086959,2.6980436086956523,0,0,0.0,0.0010653500469565214,,False
1099,"Пенталгин, 24 таблетки",Непродовольственные товары,Медицинские товары,0.00040999999999999994,10,0,0.0,0.0,100.19700070000002,0.5909993000000014,0,0,0.0,0.00024230971300000058,,False
1027,"Ингавирин, 90 мг, 10 капсул",Непродовольственные товары,Медицинские товары,0.00040217391304347814,46,0,0.0,0.0,100.32347836956524,1.4743477173913044,0,0,0.0,0.0006021216800000002,,False
993,"Омепразол, 20 мг, 10 таблеток",Непродовольственные товары,Медицинские товары,0.0004003448275862069,58,0,0.0,0.0,100.3663792586207,1.1546552241379313,0,0,0.0,0.00045224142155172423,,False
1037,"Мирамистин, 0,01%, 150 мл",Непродовольственные товары,Медицинские товары,0.00039913043478260893,46,0,0.0,0.0,100.97391267391306,1.5360873260869568,0,0,0.0,0.000583887113478261,,False
1045,"Ренгалин, 20 таблеток",Непродовольственные товары,Медицинские товары,0.00039739130434782627,46,0,0.0,0.0,101.17521763043479,2.1465214999999995,0,0,0.0,0.0008050542389130432,,False
1035,"Метилурацил, 10 % мазь, 25 г",Непродовольственные товары,Медицинские товары,0.00038347826086956545,46,0,0.0,0.0,100.9408696521739,2.057391217391304,0,0,0.0,0.0007753130145652172,,False
246,"Йод, 10 мл",Непродовольственные товары,Медицинские товары,0.00038118644067796606,118,0,0.0,0.0,101.36347455084746,3.948728838983052,0,0,0.0,0.0014718669438135601,,False
1095,"Кардиомагнил, 100 таблеток",Непродовольственные товары,Медицинские товары,0.00038,10,0,0.0,0.0,101.3370001,2.9209998999999995,0,0,0.0,0.0011099799619999997,,False
998,"Санитарно-гигиеническая маска (медицинская), шт.",Непродовольственные товары,Медицинские товары,0.0003782758620689656,58,0,0.0,0.0,99.66241355172416,3.033103689655172,0,0,0.0,0.0010848568758620686,,False
996,"Ибупрофен, 200 мг, 10 таблеток",Непродовольственные товары,Медицинские товары,0.00036,58,0,0.0,0.0,100.58000008620688,1.8627585344827584,0,0,0.0,0.0006890085732758621,,False
1092,"Гепариновая мазь, 25 г",Непродовольственные товары,Медицинские товары,0.00036,10,0,0.0,0.0,101.66099960000001,2.6210004,0,0,0.0,0.000943560144,,False
406,"Нимесулид, 100 мг, 10 таблеток",Непродовольственные товары,Медицинские товары,0.0003589830508474576,118,0,0.0,0.0,100.52406773728814,1.2538983644067798,0,0,0.0,0.0004627245987288137,,False
1026,"Гриппферон, 10000 МЕ/мл, 10 мл",Непродовольственные товары,Медицинские товары,0.0003565217391304349,46,0,0.0,0.0,100.25260923913046,1.0873907608695652,0,0,0.0,0.0003807519865217392,,False
113,"Амброксол, 30 мг, 10 таблеток",Непродовольственные товары,Медицинские товары,0.00035525423728813554,118,0,0.0,0.0,100.42618647457628,1.8911016610169487,0,0,0.0,0.0006753966151694915,,False
1089,"Аскофен-П, 10 таблеток",Непродовольственные товары,Медицинские товары,0.00035,10,0,0.0,0.0,101.0729995,1.4350004999999968,0,0,0.0,0.0005022501749999989,,False
1094,"Диклофенак, 15 мл",Непродовольственные товары,Медицинские товары,0.00035,10,0,0.0,0.0,100.1680001,0.7459999000000025,0,0,0.0,0.0002610999650000009,,False
1093,"Граммидин, 10 таблеток",Непродовольственные товары,Медицинские товары,0.00034,10,0,0.0,0.0,101.28800020000001,2.443999799999999,0,0,0.0,0.0008309599319999998,,False
1096,"Лизобакт, 10 таблеток",Непродовольственные товары,Медицинские товары,0.00034,10,0,0.0,0.0,101.255,1.4690000000000025,0,0,0.0,0.0004994600000000008,,False
1100,"Салициловая кислота, 40 мл",Непродовольственные товары,Медицинские товары,0.00034,10,0,0.0,0.0,101.19400010000001,1.485999900000003,0,0,0.0,0.0005052399660000011,,False
216,"Дротаверин (Но-шпа), 40 мг, 100 таблеток",Непродовольственные товары,Медицинские товары,0.00032338983050847443,118,0,0.0,0.0,100.4533052881356,1.7983896271186435,0,0,0.0,0.0005680677344067795,,False
748,"Эналаприл, 5 мг, 10 таблеток",Непродовольственные товары,Медицинские товары,0.0003201694915254236,118,0,0.0,0.0,100.31372888135591,1.4172880677966104,0,0,0.0,0.00045352540635593217,,False
1091,"Валосердин, 25 мл",Непродовольственные товары,Медицинские товары,0.00032,10,0,0.0,0.0,101.8270001,1.9329999,0,0,0.0,0.0006185599680000001,,False
1101,"Спазмалгон, 10 таблеток",Непродовольственные товары,Медицинские товары,0.00032,10,0,0.0,0.0,100.44600019999999,1.1299998000000002,0,0,0.0,0.0003615999360000001,,False
1102,"Трекрезан, 10 таблеток",Непродовольственные товары,Медицинские товары,0.00032,10,0,0.0,0.0,100.1560001,1.1539998999999994,0,0,0.0,0.00036927996799999984,,False
325,"Ксилометазолин (Галазолин) 0,1%, 10 мл",Непродовольственные товары,Медицинские товары,0.0003100000000000001,118,0,0.0,0.0,100.25686453389832,1.6197456355932198,0,0,0.0,0.00047143217661016956,,False
347,"Лоперамид, 2 мг, 10 капсул (таблеток)",Непродовольственные товары,Медицинские товары,0.00029268292682926834,82,0,0.0,0.0,100.14243887804878,1.4995123414634142,0,0,0.0,0.0004358073558536584,,False
135,"Бисопролол, 10 мг, 10 таблеток",Непродовольственные товары,Медицинские товары,0.0002910169491525423,118,0,0.0,0.0,100.48618655932202,1.523135474576271,0,0,0.0,0.0004319711647457627,,False
1103,"Цетрин, 10 таблеток",Непродовольственные товары,Медицинские товары,0.00029,10,0,0.0,0.0,100.47299960000001,0.6190004000000016,0,0,0.0,0.00017951011600000048,,False
1090,"Беталок ЗОК, 10 таблеток",Непродовольственные товары,Медицинские товары,0.00028,10,0,0.0,0.0,100.8729998,1.725000199999998,0,0,0.0,0.00048300005599999943,,False
999,"Антисептик для рук, 100 мл",Непродовольственные товары,Медицинские товары,0.0002441379310344828,58,0,0.0,0.0,100.00793115517243,1.4489653965517237,0,0,0.0,0.0003341379015517241,,False
1028,"Канефрон Н, 60 таблеток",Непродовольственные товары,Медицинские товары,0.00021260869565217395,46,0,0.0,0.0,100.98108695652174,2.2850000000000006,0,0,0.0,0.0004739195669565218,,False
997,"Шприцы одноразовые, шт.",Непродовольственные товары,Медицинские товары,0.00018999999999999998,58,0,0.0,0.0,101.34810322413794,3.451207120689655,0,0,0.0,0.0006621069498275862,,False
1024,"Валерианы экстракт, 20 мг, 10 таблеток",Непродовольственные товары,Медицинские товары,0.0001882608695652174,46,0,0.0,0.0,101.25565208695652,2.758260956521738,0,0,0.0,0.0005140587139130433,,False
1065,"Поездки в отдельные страны Юго-Восточной Азии, поездка",Услуги,,0.00017255813953488374,43,0,0.0,0.0,102.21883753488375,13.61976711627907,0,0,0.0,0.0026890511546511626,,False
1043,"Поездка на отдых в Египет, поездка",Услуги,,0.00016869565217391308,46,0,0.0,0.0,105.3334780869565,17.704781913043476,0,0,0.0,0.0030293629176086955,,False
1098,"Мукалтин, 10 таблеток",Непродовольственные товары,Медицинские товары,0.00014,10,0,0.0,0.0,101.72899930000001,2.3490006999999977,0,0,0.0,0.00032886009799999965,,False
1078,"Соска (пустышка) детская, шт.",Непродовольственные товары,Медицинские товары,0.00012529411764705879,34,0,0.0,0.0,100.3161763235294,1.7420589705882359,0,0,0.0,0.00022343237058823536,,False
633,"Термометр медицинский электронный стандартный, шт.",Непродовольственные товары,Медицинские товары,0.00012489361702127663,94,0,0.0,0.0,100.6828723297872,2.121382989361703,0,0,0.0,0.00026562234404255326,,False
1000,"Термометр медицинский безртутный (галинстановый), шт.",Непродовольственные товары,Медицинские товары,0.00011965517241379309,58,0,0.0,0.0,100.23103458620689,2.8720688620689665,0,0,0.0,0.00031653446413793104,,False
1063,"Поездки в отдельные страны Средней Азии, поездка",Услуги,,0.00010363636363636368,22,0,0.0,0.0,100.06318195454546,8.227727136363638,0,0,0.0,0.0007830454390909091,,False
1064,"Поездка в Беларусь, поездка",Услуги,,7.72727272727273e-05,22,0,0.0,0.0,100.75454522727273,6.179999318181819,0,0,0.0,0.0005164908422727273,,False
1067,"Творожок детский, кг",Продовольственные товары,Молоко и молочная продукция,6.11764705882353e-05,34,0,0.0,0.0,100.07205876470589,2.6626471176470594,0,0,0.0,0.00015192059647058828,,False
