Date,Horizon,Model,Actual,Prediction,Error,AbsError,KPI_Hit
2020-01-01,1,Ridge,0.5,1.0864854199727887,-0.5864854199727887,0.5864854199727887,False
2020-01-01,1,Ridge_Ext,0.5,,,,
2020-01-01,1,Bayes_Ridge,0.5,,,,
2020-01-01,1,ElasticNet,0.5,,,,
2020-01-01,1,Huber,0.5,,,,
2020-01-01,1,Ridge_Shock,0.5,,,,
2020-01-01,1,EBM,0.5,1.123333444444441,-0.6233334444444409,0.6233334444444409,False
2020-01-01,1,LightGBM,0.5,0.4607913736009408,0.0392086263990592,0.0392086263990592,True
2020-01-01,1,Prophet,0.5,0.684201130268213,-0.18420113026821305,0.18420113026821305,True
2020-01-01,1,ETS,0.5,0.7014854860258513,-0.20148548602585126,0.20148548602585126,True
2020-01-01,1,SARIMA,0.5,0.384117047680604,0.115882952319396,0.115882952319396,True
2020-01-01,1,NGBoost,0.5,1.0529849124370685,-0.5529849124370685,0.5529849124370685,False
2020-01-01,1,CatBoost,0.5,0.438707082269417,0.061292917730582985,0.061292917730582985,True
2020-01-01,1,Subcomp,0.5,,,,
2020-01-01,1,Subcomp_Multi,0.5,,,,
2020-01-01,1,Micro,0.5,,,,
2020-01-01,2,Ridge,0.5,1.112092489174401,-0.6120924891744011,0.6120924891744011,False
2020-01-01,2,Ridge_Ext,0.5,,,,
2020-01-01,2,Bayes_Ridge,0.5,,,,
2020-01-01,2,ElasticNet,0.5,,,,
2020-01-01,2,Huber,0.5,,,,
2020-01-01,2,Ridge_Shock,0.5,,,,
2020-01-01,2,EBM,0.5,1.123333444444441,-0.6233334444444409,0.6233334444444409,False
2020-01-01,2,LightGBM,0.5,0.3944103917046249,0.10558960829537511,0.10558960829537511,True
2020-01-01,2,Prophet,0.5,0.7151583366485583,-0.21515833664855832,0.21515833664855832,True
2020-01-01,2,ETS,0.5,0.7975874957363069,-0.29758749573630694,0.29758749573630694,True
2020-01-01,2,SARIMA,0.5,0.36475118889782765,0.13524881110217235,0.13524881110217235,True
2020-01-01,2,NGBoost,0.5,1.0405384736536263,-0.5405384736536263,0.5405384736536263,False
2020-01-01,2,CatBoost,0.5,0.28973579395180593,0.21026420604819407,0.21026420604819407,True
2020-01-01,2,Subcomp,0.5,,,,
2020-01-01,2,Subcomp_Multi,0.5,,,,
2020-01-01,2,Micro,0.5,,,,
2020-01-01,12,Ridge,0.5,1.101934530184593,-0.6019345301845931,0.6019345301845931,False
2020-01-01,12,Ridge_Ext,0.5,,,,
2020-01-01,12,Bayes_Ridge,0.5,,,,
2020-01-01,12,ElasticNet,0.5,,,,
2020-01-01,12,Huber,0.5,,,,
2020-01-01,12,Ridge_Shock,0.5,,,,
2020-01-01,12,EBM,0.5,1.123333444444441,-0.6233334444444409,0.6233334444444409,False
2020-01-01,12,LightGBM,0.5,1.5191331220063233,-1.0191331220063233,1.0191331220063233,False
2020-01-01,12,Prophet,0.5,0.8536550861805964,-0.3536550861805964,0.3536550861805964,True
2020-01-01,12,ETS,0.5,1.0830341218984272,-0.5830341218984272,0.5830341218984272,False
2020-01-01,12,SARIMA,0.5,0.30424630895768984,0.19575369104231016,0.19575369104231016,True
2020-01-01,12,NGBoost,0.5,1.0790032926389017,-0.5790032926389017,0.5790032926389017,False
2020-01-01,12,CatBoost,0.5,0.4494120068839038,0.050587993116096186,0.050587993116096186,True
2020-01-01,12,Subcomp,0.5,,,,
2020-01-01,12,Subcomp_Multi,0.5,,,,
2020-01-01,12,Micro,0.5,,,,
2020-02-01,1,Ridge,0.4000000000000057,0.6060519163324614,-0.20605191633245568,0.20605191633245568,True
2020-02-01,1,Ridge_Ext,0.4000000000000057,,,,
2020-02-01,1,Bayes_Ridge,0.4000000000000057,,,,
2020-02-01,1,ElasticNet,0.4000000000000057,,,,
2020-02-01,1,Huber,0.4000000000000057,,,,
2020-02-01,1,Ridge_Shock,0.4000000000000057,,,,
2020-02-01,1,EBM,0.4000000000000057,0.9133333333333411,-0.5133333333333354,0.5133333333333354,False
2020-02-01,1,LightGBM,0.4000000000000057,0.528948748479408,-0.1289487484794023,0.1289487484794023,True
2020-02-01,1,Prophet,0.4000000000000057,0.4031326983692479,-0.003132698369242237,0.003132698369242237,True
2020-02-01,1,ETS,0.4000000000000057,0.4002498020705216,-0.0002498020705158921,0.0002498020705158921,True
2020-02-01,1,SARIMA,0.4000000000000057,0.32488794146228733,0.07511205853771835,0.07511205853771835,True
2020-02-01,1,NGBoost,0.4000000000000057,0.4117243207212766,-0.011724320721270942,0.011724320721270942,True
2020-02-01,1,CatBoost,0.4000000000000057,0.42118238910461514,-0.021182389104609456,0.021182389104609456,True
2020-02-01,1,Subcomp,0.4000000000000057,,,,
2020-02-01,1,Subcomp_Multi,0.4000000000000057,,,,
2020-02-01,1,Micro,0.4000000000000057,,,,
2020-02-01,2,Ridge,0.4000000000000057,0.6186104175779832,-0.2186104175779775,0.2186104175779775,True
2020-02-01,2,Ridge_Ext,0.4000000000000057,,,,
2020-02-01,2,Bayes_Ridge,0.4000000000000057,,,,
2020-02-01,2,ElasticNet,0.4000000000000057,,,,
2020-02-01,2,Huber,0.4000000000000057,,,,
2020-02-01,2,Ridge_Shock,0.4000000000000057,,,,
2020-02-01,2,EBM,0.4000000000000057,0.9133333333333411,-0.5133333333333354,0.5133333333333354,False
2020-02-01,2,LightGBM,0.4000000000000057,0.40676368862565937,-0.0067636886256536854,0.0067636886256536854,True
2020-02-01,2,Prophet,0.4000000000000057,0.4142039353985366,-0.014203935398530931,0.014203935398530931,True
2020-02-01,2,ETS,0.4000000000000057,0.48348427663492866,-0.08348427663492297,0.08348427663492297,True
2020-02-01,2,SARIMA,0.4000000000000057,0.24600964445680767,0.153990355543198,0.153990355543198,True
2020-02-01,2,NGBoost,0.4000000000000057,0.3542195975678766,0.04578040243212911,0.04578040243212911,True
2020-02-01,2,CatBoost,0.4000000000000057,0.34675903173517497,0.05324096826483071,0.05324096826483071,True
2020-02-01,2,Subcomp,0.4000000000000057,,,,
2020-02-01,2,Subcomp_Multi,0.4000000000000057,,,,
2020-02-01,2,Micro,0.4000000000000057,,,,
2020-02-01,12,Ridge,0.4000000000000057,0.5698636551396277,-0.16986365513962198,0.16986365513962198,True
2020-02-01,12,Ridge_Ext,0.4000000000000057,,,,
2020-02-01,12,Bayes_Ridge,0.4000000000000057,,,,
2020-02-01,12,ElasticNet,0.4000000000000057,,,,
2020-02-01,12,Huber,0.4000000000000057,,,,
2020-02-01,12,Ridge_Shock,0.4000000000000057,,,,
2020-02-01,12,EBM,0.4000000000000057,0.9133333333333411,-0.5133333333333354,0.5133333333333354,False
2020-02-01,12,LightGBM,0.4000000000000057,0.20529790542201454,0.19470209457799115,0.19470209457799115,True
2020-02-01,12,Prophet,0.4000000000000057,0.4967874563248009,-0.09678745632479524,0.09678745632479524,True
2020-02-01,12,ETS,0.4000000000000057,0.7757529448617084,-0.37575294486170274,0.37575294486170274,True
2020-02-01,12,SARIMA,0.4000000000000057,0.1791240912576307,0.22087590874237498,0.22087590874237498,True
2020-02-01,12,NGBoost,0.4000000000000057,0.4154605002642313,-0.01546050026422563,0.01546050026422563,True
2020-02-01,12,CatBoost,0.4000000000000057,0.4035890302682077,-0.003589030268202009,0.003589030268202009,True
2020-02-01,12,Subcomp,0.4000000000000057,,,,
2020-02-01,12,Subcomp_Multi,0.4000000000000057,,,,
2020-02-01,12,Micro,0.4000000000000057,,,,
2020-03-01,1,Ridge,0.6700000000000017,0.5468657414495652,0.12313425855043647,0.12313425855043647,True
2020-03-01,1,Ridge_Ext,0.6700000000000017,,,,
2020-03-01,1,Bayes_Ridge,0.6700000000000017,,,,
2020-03-01,1,ElasticNet,0.6700000000000017,,,,
2020-03-01,1,Huber,0.6700000000000017,,,,
2020-03-01,1,Ridge_Shock,0.6700000000000017,,,,
2020-03-01,1,EBM,0.6700000000000017,0.6955555555555577,-0.025555555555555998,0.025555555555555998,True
2020-03-01,1,LightGBM,0.6700000000000017,0.2389805862368206,0.4310194137631811,0.4310194137631811,True
2020-03-01,1,Prophet,0.6700000000000017,0.3926552476360561,0.2773447523639456,0.2773447523639456,True
2020-03-01,1,ETS,0.6700000000000017,0.17616349270388726,0.49383650729611445,0.49383650729611445,True
2020-03-01,1,SARIMA,0.6700000000000017,0.29906983999442066,0.37093016000558104,0.37093016000558104,True
2020-03-01,1,NGBoost,0.6700000000000017,0.44446692247727526,0.22553307752272644,0.22553307752272644,True
2020-03-01,1,CatBoost,0.6700000000000017,0.25926314209961276,0.41073685790038894,0.41073685790038894,True
2020-03-01,1,Subcomp,0.6700000000000017,,,,
2020-03-01,1,Subcomp_Multi,0.6700000000000017,,,,
2020-03-01,1,Micro,0.6700000000000017,,,,
2020-03-01,2,Ridge,0.6700000000000017,0.5762218673057191,0.09377813269428259,0.09377813269428259,True
2020-03-01,2,Ridge_Ext,0.6700000000000017,,,,
2020-03-01,2,Bayes_Ridge,0.6700000000000017,,,,
2020-03-01,2,ElasticNet,0.6700000000000017,,,,
2020-03-01,2,Huber,0.6700000000000017,,,,
2020-03-01,2,Ridge_Shock,0.6700000000000017,,,,
2020-03-01,2,EBM,0.6700000000000017,0.6955555555555577,-0.025555555555555998,0.025555555555555998,True
2020-03-01,2,LightGBM,0.6700000000000017,0.5118084748266796,0.15819152517332213,0.15819152517332213,True
2020-03-01,2,Prophet,0.6700000000000017,0.37765531448958917,0.29234468551041254,0.29234468551041254,True
2020-03-01,2,ETS,0.6700000000000017,0.17625345361155925,0.49374654638844245,0.49374654638844245,True
2020-03-01,2,SARIMA,0.6700000000000017,0.24764502579226122,0.4223549742077405,0.4223549742077405,True
2020-03-01,2,NGBoost,0.6700000000000017,0.5386279757480281,0.13137202425197358,0.13137202425197358,True
2020-03-01,2,CatBoost,0.6700000000000017,0.37674086611401947,0.29325913388598224,0.29325913388598224,True
2020-03-01,2,Subcomp,0.6700000000000017,,,,
2020-03-01,2,Subcomp_Multi,0.6700000000000017,,,,
2020-03-01,2,Micro,0.6700000000000017,,,,
2020-03-01,12,Ridge,0.6700000000000017,0.6000585005281351,0.06994149947186656,0.06994149947186656,True
2020-03-01,12,Ridge_Ext,0.6700000000000017,,,,
2020-03-01,12,Bayes_Ridge,0.6700000000000017,,,,
2020-03-01,12,ElasticNet,0.6700000000000017,,,,
2020-03-01,12,Huber,0.6700000000000017,,,,
2020-03-01,12,Ridge_Shock,0.6700000000000017,,,,
2020-03-01,12,EBM,0.6700000000000017,0.6955555555555577,-0.025555555555555998,0.025555555555555998,True
2020-03-01,12,LightGBM,0.6700000000000017,0.10507906189192795,0.5649209381080738,0.5649209381080738,False
2020-03-01,12,Prophet,0.6700000000000017,0.5929547088437361,0.07704529115626557,0.07704529115626557,True
2020-03-01,12,ETS,0.6700000000000017,0.5320153023935009,0.13798469760650078,0.13798469760650078,True
2020-03-01,12,SARIMA,0.6700000000000017,0.14291415246733022,0.5270858475326715,0.5270858475326715,False
2020-03-01,12,NGBoost,0.6700000000000017,0.592607741687516,0.07739225831248575,0.07739225831248575,True
2020-03-01,12,CatBoost,0.6700000000000017,0.44452191823663156,0.22547808176337014,0.22547808176337014,True
2020-03-01,12,Subcomp,0.6700000000000017,,,,
2020-03-01,12,Subcomp_Multi,0.6700000000000017,,,,
2020-03-01,12,Micro,0.6700000000000017,,,,
2020-04-01,1,Ridge,1.2999999999999972,0.7493521779395138,0.5506478220604833,0.5506478220604833,False
2020-04-01,1,Ridge_Ext,1.2999999999999972,,,,
2020-04-01,1,Bayes_Ridge,1.2999999999999972,,,,
2020-04-01,1,ElasticNet,1.2999999999999972,,,,
2020-04-01,1,Huber,1.2999999999999972,,,,
2020-04-01,1,Ridge_Shock,1.2999999999999972,,,,
2020-04-01,1,EBM,1.2999999999999972,0.7877777777777766,0.5122222222222206,0.5122222222222206,False
2020-04-01,1,LightGBM,1.2999999999999972,0.31352534286716605,0.9864746571328311,0.9864746571328311,False
2020-04-01,1,Prophet,1.2999999999999972,0.4204459893895099,0.8795540106104873,0.8795540106104873,False
2020-04-01,1,ETS,1.2999999999999972,0.42626420313596414,0.873735796864033,0.873735796864033,False
2020-04-01,1,SARIMA,1.2999999999999972,0.5089330857438386,0.7910669142561586,0.7910669142561586,False
2020-04-01,1,NGBoost,1.2999999999999972,0.5188984231633782,0.781101576836619,0.781101576836619,False
2020-04-01,1,CatBoost,1.2999999999999972,0.40630977997355444,0.8936902200264427,0.8936902200264427,False
2020-04-01,1,Subcomp,1.2999999999999972,,,,
2020-04-01,1,Subcomp_Multi,1.2999999999999972,,,,
2020-04-01,1,Micro,1.2999999999999972,,,,
2020-04-01,2,Ridge,1.2999999999999972,0.5766310696437102,0.7233689303562869,0.7233689303562869,False
2020-04-01,2,Ridge_Ext,1.2999999999999972,,,,
2020-04-01,2,Bayes_Ridge,1.2999999999999972,,,,
2020-04-01,2,ElasticNet,1.2999999999999972,,,,
2020-04-01,2,Huber,1.2999999999999972,,,,
2020-04-01,2,Ridge_Shock,1.2999999999999972,,,,
2020-04-01,2,EBM,1.2999999999999972,0.7877777777777766,0.5122222222222206,0.5122222222222206,False
2020-04-01,2,LightGBM,1.2999999999999972,0.23791323849792434,1.0620867615020728,1.0620867615020728,False
2020-04-01,2,Prophet,1.2999999999999972,0.37285013400950684,0.9271498659904903,0.9271498659904903,False
2020-04-01,2,ETS,1.2999999999999972,0.22616528139424025,1.0738347186057569,1.0738347186057569,False
2020-04-01,2,SARIMA,1.2999999999999972,0.2545381216188738,1.0454618783811234,1.0454618783811234,False
2020-04-01,2,NGBoost,1.2999999999999972,0.48115915268493836,0.8188408473150588,0.8188408473150588,False
2020-04-01,2,CatBoost,1.2999999999999972,0.295717350070575,1.0042826499294222,1.0042826499294222,False
2020-04-01,2,Subcomp,1.2999999999999972,,,,
2020-04-01,2,Subcomp_Multi,1.2999999999999972,,,,
2020-04-01,2,Micro,1.2999999999999972,,,,
2020-04-01,12,Ridge,1.2999999999999972,0.6898265882346664,0.6101734117653308,0.6101734117653308,False
2020-04-01,12,Ridge_Ext,1.2999999999999972,,,,
2020-04-01,12,Bayes_Ridge,1.2999999999999972,,,,
2020-04-01,12,ElasticNet,1.2999999999999972,,,,
2020-04-01,12,Huber,1.2999999999999972,,,,
2020-04-01,12,Ridge_Shock,1.2999999999999972,,,,
2020-04-01,12,EBM,1.2999999999999972,0.7877777777777766,0.5122222222222206,0.5122222222222206,False
2020-04-01,12,LightGBM,1.2999999999999972,0.0022119910309754687,1.2977880089690217,1.2977880089690217,False
2020-04-01,12,Prophet,1.2999999999999972,0.4888699149517582,0.811130085048239,0.811130085048239,False
2020-04-01,12,ETS,1.2999999999999972,0.5659062372864921,0.734093762713505,0.734093762713505,False
2020-04-01,12,SARIMA,1.2999999999999972,0.14430816278801395,1.1556918372119833,1.1556918372119833,False
2020-04-01,12,NGBoost,1.2999999999999972,0.5589795270183657,0.7410204729816314,0.7410204729816314,False
2020-04-01,12,CatBoost,1.2999999999999972,0.3150988657153988,0.9849011342845984,0.9849011342845984,False
2020-04-01,12,Subcomp,1.2999999999999972,,,,
2020-04-01,12,Subcomp_Multi,1.2999999999999972,,,,
2020-04-01,12,Micro,1.2999999999999972,,,,
2020-05-01,1,Ridge,0.12000000000000455,0.6220654059077333,-0.5020654059077287,0.5020654059077287,False
2020-05-01,1,Ridge_Ext,0.12000000000000455,,,,
2020-05-01,1,Bayes_Ridge,0.12000000000000455,,,,
2020-05-01,1,ElasticNet,0.12000000000000455,,,,
2020-05-01,1,Huber,0.12000000000000455,,,,
2020-05-01,1,Ridge_Shock,0.12000000000000455,,,,
2020-05-01,1,EBM,0.12000000000000455,0.5977777777777789,-0.4777777777777743,0.4777777777777743,True
2020-05-01,1,LightGBM,0.12000000000000455,1.1486413005264637,-1.0286413005264592,1.0286413005264592,False
2020-05-01,1,Prophet,0.12000000000000455,0.5447186079333057,-0.4247186079333012,0.4247186079333012,True
2020-05-01,1,ETS,0.12000000000000455,0.6332347308526937,-0.5132347308526891,0.5132347308526891,False
2020-05-01,1,SARIMA,0.12000000000000455,0.9513816736079406,-0.831381673607936,0.831381673607936,False
2020-05-01,1,NGBoost,0.12000000000000455,0.6881205583438685,-0.568120558343864,0.568120558343864,False
2020-05-01,1,CatBoost,0.12000000000000455,1.22485783024635,-1.1048578302463454,1.1048578302463454,False
2020-05-01,1,Subcomp,0.12000000000000455,,,,
2020-05-01,1,Subcomp_Multi,0.12000000000000455,,,,
2020-05-01,1,Micro,0.12000000000000455,,,,
2020-05-01,2,Ridge,0.12000000000000455,0.5945956011023554,-0.4745956011023509,0.4745956011023509,True
2020-05-01,2,Ridge_Ext,0.12000000000000455,,,,
2020-05-01,2,Bayes_Ridge,0.12000000000000455,,,,
2020-05-01,2,ElasticNet,0.12000000000000455,,,,
2020-05-01,2,Huber,0.12000000000000455,,,,
2020-05-01,2,Ridge_Shock,0.12000000000000455,,,,
2020-05-01,2,EBM,0.12000000000000455,0.5977777777777789,-0.4777777777777743,0.4777777777777743,True
2020-05-01,2,LightGBM,0.12000000000000455,0.28181667984613057,-0.16181667984612602,0.16181667984612602,True
2020-05-01,2,Prophet,0.12000000000000455,0.37933806413483884,-0.2593380641348343,0.2593380641348343,True
2020-05-01,2,ETS,0.12000000000000455,0.2602631906303944,-0.14026319063038983,0.14026319063038983,True
2020-05-01,2,SARIMA,0.12000000000000455,0.40052896887132006,-0.2805289688713155,0.2805289688713155,True
2020-05-01,2,NGBoost,0.12000000000000455,0.5638669342840501,-0.44386693428404556,0.44386693428404556,True
2020-05-01,2,CatBoost,0.12000000000000455,0.23877702758720432,-0.11877702758719977,0.11877702758719977,True
2020-05-01,2,Subcomp,0.12000000000000455,,,,
2020-05-01,2,Subcomp_Multi,0.12000000000000455,,,,
2020-05-01,2,Micro,0.12000000000000455,,,,
2020-05-01,12,Ridge,0.12000000000000455,0.5929161725998284,-0.4729161725998239,0.4729161725998239,True
2020-05-01,12,Ridge_Ext,0.12000000000000455,,,,
2020-05-01,12,Bayes_Ridge,0.12000000000000455,,,,
2020-05-01,12,ElasticNet,0.12000000000000455,,,,
2020-05-01,12,Huber,0.12000000000000455,,,,
2020-05-01,12,Ridge_Shock,0.12000000000000455,,,,
2020-05-01,12,EBM,0.12000000000000455,0.5977777777777789,-0.4777777777777743,0.4777777777777743,True
2020-05-01,12,LightGBM,0.12000000000000455,0.012878222134190764,0.10712177786581378,0.10712177786581378,True
2020-05-01,12,Prophet,0.12000000000000455,0.4092698746644179,-0.28926987466441334,0.28926987466441334,True
2020-05-01,12,ETS,0.12000000000000455,0.44044373824505434,-0.3204437382450498,0.3204437382450498,True
2020-05-01,12,SARIMA,0.12000000000000455,0.13767819962143518,-0.017678199621430635,0.017678199621430635,True
2020-05-01,12,NGBoost,0.12000000000000455,0.5895430892728655,-0.4695430892728609,0.4695430892728609,True
2020-05-01,12,CatBoost,0.12000000000000455,0.3666742888922414,-0.24667428889223686,0.24667428889223686,True
2020-05-01,12,Subcomp,0.12000000000000455,,,,
2020-05-01,12,Subcomp_Multi,0.12000000000000455,,,,
2020-05-01,12,Micro,0.12000000000000455,,,,
2020-06-01,1,Ridge,0.010000000000005116,0.05959961634604838,-0.04959961634604326,0.04959961634604326,True
2020-06-01,1,Ridge_Ext,0.010000000000005116,,,,
2020-06-01,1,Bayes_Ridge,0.010000000000005116,,,,
2020-06-01,1,ElasticNet,0.010000000000005116,,,,
2020-06-01,1,Huber,0.010000000000005116,,,,
2020-06-01,1,Ridge_Shock,0.010000000000005116,,,,
2020-06-01,1,EBM,0.010000000000005116,0.08999955555555061,-0.0799995555555455,0.0799995555555455,True
2020-06-01,1,LightGBM,0.010000000000005116,0.126628451379716,-0.1166284513797109,0.1166284513797109,True
2020-06-01,1,Prophet,0.010000000000005116,-0.2225782451071232,0.23257824510712832,0.23257824510712832,True
2020-06-01,1,ETS,0.010000000000005116,-0.03580631253062205,0.04580631253062717,0.04580631253062717,True
2020-06-01,1,SARIMA,0.010000000000005116,-0.06029762181511653,0.07029762181512164,0.07029762181512164,True
2020-06-01,1,NGBoost,0.010000000000005116,0.22238087697732567,-0.21238087697732055,0.21238087697732055,True
2020-06-01,1,CatBoost,0.010000000000005116,0.2535996773817146,-0.2435996773817095,0.2435996773817095,True
2020-06-01,1,Subcomp,0.010000000000005116,,,,
2020-06-01,1,Subcomp_Multi,0.010000000000005116,,,,
2020-06-01,1,Micro,0.010000000000005116,,,,
2020-06-01,2,Ridge,0.010000000000005116,0.24326171717292766,-0.23326171717292254,0.23326171717292254,True
2020-06-01,2,Ridge_Ext,0.010000000000005116,,,,
2020-06-01,2,Bayes_Ridge,0.010000000000005116,,,,
2020-06-01,2,ElasticNet,0.010000000000005116,,,,
2020-06-01,2,Huber,0.010000000000005116,,,,
2020-06-01,2,Ridge_Shock,0.010000000000005116,,,,
2020-06-01,2,EBM,0.010000000000005116,0.08999955555555061,-0.0799995555555455,0.0799995555555455,True
2020-06-01,2,LightGBM,0.010000000000005116,0.5893456601138638,-0.5793456601138587,0.5793456601138587,False
2020-06-01,2,Prophet,0.010000000000005116,-0.08463194023074627,0.09463194023075139,0.09463194023075139,True
2020-06-01,2,ETS,0.010000000000005116,0.18524425801594957,-0.17524425801594445,0.17524425801594445,True
2020-06-01,2,SARIMA,0.010000000000005116,0.504846725768402,-0.49484672576839683,0.49484672576839683,True
2020-06-01,2,NGBoost,0.010000000000005116,0.6430694835815132,-0.633069483581508,0.633069483581508,False
2020-06-01,2,CatBoost,0.010000000000005116,0.32198534904500775,-0.31198534904500264,0.31198534904500264,True
2020-06-01,2,Subcomp,0.010000000000005116,,,,
2020-06-01,2,Subcomp_Multi,0.010000000000005116,,,,
2020-06-01,2,Micro,0.010000000000005116,,,,
2020-06-01,12,Ridge,0.010000000000005116,-0.009868369697159096,0.019868369697164212,0.019868369697164212,True
2020-06-01,12,Ridge_Ext,0.010000000000005116,,,,
2020-06-01,12,Bayes_Ridge,0.010000000000005116,,,,
2020-06-01,12,ElasticNet,0.010000000000005116,,,,
2020-06-01,12,Huber,0.010000000000005116,,,,
2020-06-01,12,Ridge_Shock,0.010000000000005116,,,,
2020-06-01,12,EBM,0.010000000000005116,0.08999955555555061,-0.0799995555555455,0.0799995555555455,True
2020-06-01,12,LightGBM,0.010000000000005116,0.2109311157812357,-0.20093111578123057,0.20093111578123057,True
2020-06-01,12,Prophet,0.010000000000005116,-0.250803964192117,0.2608039641921221,0.2608039641921221,True
2020-06-01,12,ETS,0.010000000000005116,-0.2143024152571067,0.2243024152571118,0.2243024152571118,True
2020-06-01,12,SARIMA,0.010000000000005116,-0.11325285547076301,0.12325285547076813,0.12325285547076813,True
2020-06-01,12,NGBoost,0.010000000000005116,-0.0050205543320061,0.015020554332011216,0.015020554332011216,True
2020-06-01,12,CatBoost,0.010000000000005116,0.26053913701331055,-0.25053913701330544,0.25053913701330544,True
2020-06-01,12,Subcomp,0.010000000000005116,,,,
2020-06-01,12,Subcomp_Multi,0.010000000000005116,,,,
2020-06-01,12,Micro,0.010000000000005116,,,,
2020-07-01,1,Ridge,-0.15000000000000568,0.23826857506939803,-0.3882685750694037,0.3882685750694037,True
2020-07-01,1,Ridge_Ext,-0.15000000000000568,,,,
2020-07-01,1,Bayes_Ridge,-0.15000000000000568,,,,
2020-07-01,1,ElasticNet,-0.15000000000000568,,,,
2020-07-01,1,Huber,-0.15000000000000568,,,,
2020-07-01,1,Ridge_Shock,-0.15000000000000568,,,,
2020-07-01,1,EBM,-0.15000000000000568,0.2922218888888892,-0.4422218888888949,0.4422218888888949,True
2020-07-01,1,LightGBM,-0.15000000000000568,0.7361839683130995,-0.8861839683131052,0.8861839683131052,False
2020-07-01,1,Prophet,-0.15000000000000568,-0.1300519186316171,-0.019948081368388576,0.019948081368388576,True
2020-07-01,1,ETS,-0.15000000000000568,0.042272041989258824,-0.1922720419892645,0.1922720419892645,True
2020-07-01,1,SARIMA,-0.15000000000000568,0.057537196731620506,-0.20753719673162618,0.20753719673162618,True
2020-07-01,1,NGBoost,-0.15000000000000568,0.0180444871262182,-0.16804448712622388,0.16804448712622388,True
2020-07-01,1,CatBoost,-0.15000000000000568,0.20265848078385318,-0.35265848078385886,0.35265848078385886,True
2020-07-01,1,Subcomp,-0.15000000000000568,,,,
2020-07-01,1,Subcomp_Multi,-0.15000000000000568,,,,
2020-07-01,1,Micro,-0.15000000000000568,,,,
2020-07-01,2,Ridge,-0.15000000000000568,0.1552503042025961,-0.3052503042026018,0.3052503042026018,True
2020-07-01,2,Ridge_Ext,-0.15000000000000568,,,,
2020-07-01,2,Bayes_Ridge,-0.15000000000000568,,,,
2020-07-01,2,ElasticNet,-0.15000000000000568,,,,
2020-07-01,2,Huber,-0.15000000000000568,,,,
2020-07-01,2,Ridge_Shock,-0.15000000000000568,,,,
2020-07-01,2,EBM,-0.15000000000000568,0.2922218888888892,-0.4422218888888949,0.4422218888888949,True
2020-07-01,2,LightGBM,-0.15000000000000568,0.5436652919309068,-0.6936652919309125,0.6936652919309125,False
2020-07-01,2,Prophet,-0.15000000000000568,-0.09960244277245096,-0.05039755722755472,0.05039755722755472,True
2020-07-01,2,ETS,-0.15000000000000568,0.024191029785349205,-0.1741910297853549,0.1741910297853549,True
2020-07-01,2,SARIMA,-0.15000000000000568,0.010667926923640035,-0.16066792692364573,0.16066792692364573,True
2020-07-01,2,NGBoost,-0.15000000000000568,0.6647430689737206,-0.8147430689737263,0.8147430689737263,False
2020-07-01,2,CatBoost,-0.15000000000000568,0.31472365422600035,-0.46472365422600603,0.46472365422600603,True
2020-07-01,2,Subcomp,-0.15000000000000568,,,,
2020-07-01,2,Subcomp_Multi,-0.15000000000000568,,,,
2020-07-01,2,Micro,-0.15000000000000568,,,,
2020-07-01,12,Ridge,-0.15000000000000568,0.020687434135879812,-0.1706874341358855,0.1706874341358855,True
2020-07-01,12,Ridge_Ext,-0.15000000000000568,,,,
2020-07-01,12,Bayes_Ridge,-0.15000000000000568,,,,
2020-07-01,12,ElasticNet,-0.15000000000000568,,,,
2020-07-01,12,Huber,-0.15000000000000568,,,,
2020-07-01,12,Ridge_Shock,-0.15000000000000568,,,,
2020-07-01,12,EBM,-0.15000000000000568,0.2922218888888892,-0.4422218888888949,0.4422218888888949,True
2020-07-01,12,LightGBM,-0.15000000000000568,0.5161367496397418,-0.6661367496397474,0.6661367496397474,False
2020-07-01,12,Prophet,-0.15000000000000568,-0.06185990232153071,-0.08814009767847497,0.08814009767847497,True
2020-07-01,12,ETS,-0.15000000000000568,-0.14782033370808076,-0.0021796662919249254,0.0021796662919249254,True
2020-07-01,12,SARIMA,-0.15000000000000568,-0.023538155914983712,-0.12646184408502198,0.12646184408502198,True
2020-07-01,12,NGBoost,-0.15000000000000568,-0.08067502869987209,-0.0693249713001336,0.0693249713001336,True
2020-07-01,12,CatBoost,-0.15000000000000568,0.3737435025504112,-0.5237435025504169,0.5237435025504169,False
2020-07-01,12,Subcomp,-0.15000000000000568,,,,
2020-07-01,12,Subcomp_Multi,-0.15000000000000568,,,,
2020-07-01,12,Micro,-0.15000000000000568,,,,
2020-08-01,1,Ridge,0.10999999999999943,-0.094813581540933,0.20481358154093243,0.20481358154093243,True
2020-08-01,1,Ridge_Ext,0.10999999999999943,,,,
2020-08-01,1,Bayes_Ridge,0.10999999999999943,,,,
2020-08-01,1,ElasticNet,0.10999999999999943,,,,
2020-08-01,1,Huber,0.10999999999999943,,,,
2020-08-01,1,Ridge_Shock,0.10999999999999943,,,,
2020-08-01,1,EBM,0.10999999999999943,-0.0288888888888863,0.13888888888888573,0.13888888888888573,True
2020-08-01,1,LightGBM,0.10999999999999943,-0.12143386711176163,0.23143386711176106,0.23143386711176106,True
2020-08-01,1,Prophet,0.10999999999999943,-0.3500048467435467,0.46000484674354614,0.46000484674354614,True
2020-08-01,1,ETS,0.10999999999999943,-0.22526953992263915,0.3352695399226386,0.3352695399226386,True
2020-08-01,1,SARIMA,0.10999999999999943,-0.12061793027929951,0.23061793027929894,0.23061793027929894,True
2020-08-01,1,NGBoost,0.10999999999999943,-0.10996233522861587,0.2199623352286153,0.2199623352286153,True
2020-08-01,1,CatBoost,0.10999999999999943,-0.12910511288544058,0.23910511288544,0.23910511288544,True
2020-08-01,1,Subcomp,0.10999999999999943,,,,
2020-08-01,1,Subcomp_Multi,0.10999999999999943,,,,
2020-08-01,1,Micro,0.10999999999999943,,,,
2020-08-01,2,Ridge,0.10999999999999943,-0.045471752446303526,0.15547175244630296,0.15547175244630296,True
2020-08-01,2,Ridge_Ext,0.10999999999999943,,,,
2020-08-01,2,Bayes_Ridge,0.10999999999999943,,,,
2020-08-01,2,ElasticNet,0.10999999999999943,,,,
2020-08-01,2,Huber,0.10999999999999943,,,,
2020-08-01,2,Ridge_Shock,0.10999999999999943,,,,
2020-08-01,2,EBM,0.10999999999999943,-0.0288888888888863,0.13888888888888573,0.13888888888888573,True
2020-08-01,2,LightGBM,0.10999999999999943,0.5423874427119983,-0.4323874427119989,0.4323874427119989,True
2020-08-01,2,Prophet,0.10999999999999943,-0.3757242205047091,0.48572422050470854,0.48572422050470854,True
2020-08-01,2,ETS,0.10999999999999943,-0.14973553228415137,0.2597355322841508,0.2597355322841508,True
2020-08-01,2,SARIMA,0.10999999999999943,0.018602337328190617,0.09139766267180882,0.09139766267180882,True
2020-08-01,2,NGBoost,0.10999999999999943,-0.0003143764649280456,0.11031437646492748,0.11031437646492748,True
2020-08-01,2,CatBoost,0.10999999999999943,0.18733819828631226,-0.07733819828631283,0.07733819828631283,True
2020-08-01,2,Subcomp,0.10999999999999943,,,,
2020-08-01,2,Subcomp_Multi,0.10999999999999943,,,,
2020-08-01,2,Micro,0.10999999999999943,,,,
2020-08-01,12,Ridge,0.10999999999999943,0.02848181874809086,0.08151818125190857,0.08151818125190857,True
2020-08-01,12,Ridge_Ext,0.10999999999999943,,,,
2020-08-01,12,Bayes_Ridge,0.10999999999999943,,,,
2020-08-01,12,ElasticNet,0.10999999999999943,,,,
2020-08-01,12,Huber,0.10999999999999943,,,,
2020-08-01,12,Ridge_Shock,0.10999999999999943,,,,
2020-08-01,12,EBM,0.10999999999999943,-0.0288888888888863,0.13888888888888573,0.13888888888888573,True
2020-08-01,12,LightGBM,0.10999999999999943,0.29856149396334786,-0.18856149396334843,0.18856149396334843,True
2020-08-01,12,Prophet,0.10999999999999943,-0.40436894872898566,0.5143689487289851,0.5143689487289851,False
2020-08-01,12,ETS,0.10999999999999943,-0.28847217978147593,0.39847217978147537,0.39847217978147537,True
2020-08-01,12,SARIMA,0.10999999999999943,-0.04148073289019168,0.1514807328901911,0.1514807328901911,True
2020-08-01,12,NGBoost,0.10999999999999943,0.08675908073558958,0.023240919264409854,0.023240919264409854,True
2020-08-01,12,CatBoost,0.10999999999999943,0.25002977707555374,-0.1400297770755543,0.1400297770755543,True
2020-08-01,12,Subcomp,0.10999999999999943,,,,
2020-08-01,12,Subcomp_Multi,0.10999999999999943,,,,
2020-08-01,12,Micro,0.10999999999999943,,,,
2020-09-01,1,Ridge,0.12999999999999545,0.30209773733341194,-0.1720977373334165,0.1720977373334165,True
2020-09-01,1,Ridge_Ext,0.12999999999999545,,,,
2020-09-01,1,Bayes_Ridge,0.12999999999999545,,,,
2020-09-01,1,ElasticNet,0.12999999999999545,,,,
2020-09-01,1,Huber,0.12999999999999545,,,,
2020-09-01,1,Ridge_Shock,0.12999999999999545,,,,
2020-09-01,1,EBM,0.12999999999999545,0.30000011111111746,-0.170000111111122,0.170000111111122,True
2020-09-01,1,LightGBM,0.12999999999999545,0.17306081588431255,-0.043060815884317094,0.043060815884317094,True
2020-09-01,1,Prophet,0.12999999999999545,0.0685161961558089,0.06148380384418656,0.06148380384418656,True
2020-09-01,1,ETS,0.12999999999999545,0.38279588623811645,-0.252795886238121,0.252795886238121,True
2020-09-01,1,SARIMA,0.12999999999999545,0.0264812742231285,0.10351872577686695,0.10351872577686695,True
2020-09-01,1,NGBoost,0.12999999999999545,0.29316483962712425,-0.1631648396271288,0.1631648396271288,True
2020-09-01,1,CatBoost,0.12999999999999545,0.15068672279996065,-0.020686722799965196,0.020686722799965196,True
2020-09-01,1,Subcomp,0.12999999999999545,,,,
2020-09-01,1,Subcomp_Multi,0.12999999999999545,,,,
2020-09-01,1,Micro,0.12999999999999545,,,,
2020-09-01,2,Ridge,0.12999999999999545,0.2783284318105643,-0.14832843181056887,0.14832843181056887,True
2020-09-01,2,Ridge_Ext,0.12999999999999545,,,,
2020-09-01,2,Bayes_Ridge,0.12999999999999545,,,,
2020-09-01,2,ElasticNet,0.12999999999999545,,,,
2020-09-01,2,Huber,0.12999999999999545,,,,
2020-09-01,2,Ridge_Shock,0.12999999999999545,,,,
2020-09-01,2,EBM,0.12999999999999545,0.30000011111111746,-0.170000111111122,0.170000111111122,True
2020-09-01,2,LightGBM,0.12999999999999545,-0.11547119261081207,0.24547119261080752,0.24547119261080752,True
2020-09-01,2,Prophet,0.12999999999999545,0.06623767530613345,0.063762324693862,0.063762324693862,True
2020-09-01,2,ETS,0.12999999999999545,0.251681773201833,-0.12168177320183754,0.12168177320183754,True
2020-09-01,2,SARIMA,0.12999999999999545,-0.12806899780291953,0.258068997802915,0.258068997802915,True
2020-09-01,2,NGBoost,0.12999999999999545,0.2521627603413208,-0.12216276034132534,0.12216276034132534,True
2020-09-01,2,CatBoost,0.12999999999999545,0.10167182944890385,0.028328170551091603,0.028328170551091603,True
2020-09-01,2,Subcomp,0.12999999999999545,,,,
2020-09-01,2,Subcomp_Multi,0.12999999999999545,,,,
2020-09-01,2,Micro,0.12999999999999545,,,,
2020-09-01,12,Ridge,0.12999999999999545,0.28222680205959705,-0.1522268020596016,0.1522268020596016,True
2020-09-01,12,Ridge_Ext,0.12999999999999545,,,,
2020-09-01,12,Bayes_Ridge,0.12999999999999545,,,,
2020-09-01,12,ElasticNet,0.12999999999999545,,,,
2020-09-01,12,Huber,0.12999999999999545,,,,
2020-09-01,12,Ridge_Shock,0.12999999999999545,,,,
2020-09-01,12,EBM,0.12999999999999545,0.30000011111111746,-0.170000111111122,0.170000111111122,True
2020-09-01,12,LightGBM,0.12999999999999545,0.20856161586723942,-0.07856161586724397,0.07856161586724397,True
2020-09-01,12,Prophet,0.12999999999999545,0.014391399718557907,0.11560860028143755,0.11560860028143755,True
2020-09-01,12,ETS,0.12999999999999545,-0.07378557921460935,0.2037855792146048,0.2037855792146048,True
2020-09-01,12,SARIMA,0.12999999999999545,-0.07249581650848888,0.20249581650848433,0.20249581650848433,True
2020-09-01,12,NGBoost,0.12999999999999545,0.2766174584394321,-0.14661745843943663,0.14661745843943663,True
2020-09-01,12,CatBoost,0.12999999999999545,0.13290463335134461,-0.002904633351349162,0.002904633351349162,True
2020-09-01,12,Subcomp,0.12999999999999545,,,,
2020-09-01,12,Subcomp_Multi,0.12999999999999545,,,,
2020-09-01,12,Micro,0.12999999999999545,,,,
2020-10-01,1,Ridge,0.5,0.5446769744437177,-0.044676974443717654,0.044676974443717654,True
2020-10-01,1,Ridge_Ext,0.5,,,,
2020-10-01,1,Bayes_Ridge,0.5,,,,
2020-10-01,1,ElasticNet,0.5,,,,
2020-10-01,1,Huber,0.5,,,,
2020-10-01,1,Ridge_Shock,0.5,,,,
2020-10-01,1,EBM,0.5,0.5422222222222217,-0.04222222222222172,0.04222222222222172,True
2020-10-01,1,LightGBM,0.5,0.7580832509338364,-0.25808325093383644,0.25808325093383644,True
2020-10-01,1,Prophet,0.5,0.192637224542062,0.307362775457938,0.307362775457938,True
2020-10-01,1,ETS,0.5,0.3232990602968675,0.1767009397031325,0.1767009397031325,True
2020-10-01,1,SARIMA,0.5,0.20417835821795213,0.29582164178204784,0.29582164178204784,True
2020-10-01,1,NGBoost,0.5,0.5687800576381079,-0.0687800576381079,0.0687800576381079,True
2020-10-01,1,CatBoost,0.5,0.7005384843524354,-0.20053848435243538,0.20053848435243538,True
2020-10-01,1,Subcomp,0.5,,,,
2020-10-01,1,Subcomp_Multi,0.5,,,,
2020-10-01,1,Micro,0.5,,,,
2020-10-01,2,Ridge,0.5,0.5396621910332158,-0.03966219103321578,0.03966219103321578,True
2020-10-01,2,Ridge_Ext,0.5,,,,
2020-10-01,2,Bayes_Ridge,0.5,,,,
2020-10-01,2,ElasticNet,0.5,,,,
2020-10-01,2,Huber,0.5,,,,
2020-10-01,2,Ridge_Shock,0.5,,,,
2020-10-01,2,EBM,0.5,0.5422222222222217,-0.04222222222222172,0.04222222222222172,True
2020-10-01,2,LightGBM,0.5,0.42316539675964293,0.07683460324035707,0.07683460324035707,True
2020-10-01,2,Prophet,0.5,0.18992407182797755,0.31007592817202245,0.31007592817202245,True
2020-10-01,2,ETS,0.5,0.421796467111679,0.07820353288832099,0.07820353288832099,True
2020-10-01,2,SARIMA,0.5,0.13496897364940316,0.3650310263505968,0.3650310263505968,True
2020-10-01,2,NGBoost,0.5,0.539620384428332,-0.039620384428332045,0.039620384428332045,True
2020-10-01,2,CatBoost,0.5,0.43072320637091366,0.06927679362908634,0.06927679362908634,True
2020-10-01,2,Subcomp,0.5,,,,
2020-10-01,2,Subcomp_Multi,0.5,,,,
2020-10-01,2,Micro,0.5,,,,
2020-10-01,12,Ridge,0.5,0.5356955366147389,-0.0356955366147389,0.0356955366147389,True
2020-10-01,12,Ridge_Ext,0.5,,,,
2020-10-01,12,Bayes_Ridge,0.5,,,,
2020-10-01,12,ElasticNet,0.5,,,,
2020-10-01,12,Huber,0.5,,,,
2020-10-01,12,Ridge_Shock,0.5,,,,
2020-10-01,12,EBM,0.5,0.5422222222222217,-0.04222222222222172,0.04222222222222172,True
2020-10-01,12,LightGBM,0.5,0.7386412199169143,-0.23864121991691434,0.23864121991691434,True
2020-10-01,12,Prophet,0.5,0.1689044332122809,0.3310955667877191,0.3310955667877191,True
2020-10-01,12,ETS,0.5,0.08442732292290397,0.415572677077096,0.415572677077096,True
2020-10-01,12,SARIMA,0.5,0.07280152766684819,0.4271984723331518,0.4271984723331518,True
2020-10-01,12,NGBoost,0.5,0.5491149502468176,-0.04911495024681756,0.04911495024681756,True
2020-10-01,12,CatBoost,0.5,0.3116906162296402,0.18830938377035977,0.18830938377035977,True
2020-10-01,12,Subcomp,0.5,,,,
2020-10-01,12,Subcomp_Multi,0.5,,,,
2020-10-01,12,Micro,0.5,,,,
2020-11-01,1,Ridge,0.7800000000000011,0.4701713277993065,0.30982867220069465,0.30982867220069465,True
2020-11-01,1,Ridge_Ext,0.7800000000000011,,,,
2020-11-01,1,Bayes_Ridge,0.7800000000000011,,,,
2020-11-01,1,ElasticNet,0.7800000000000011,,,,
2020-11-01,1,Huber,0.7800000000000011,,,,
2020-11-01,1,Ridge_Shock,0.7800000000000011,,,,
2020-11-01,1,EBM,0.7800000000000011,0.5355555555555611,0.24444444444444002,0.24444444444444002,True
2020-11-01,1,LightGBM,0.7800000000000011,0.28254947168984756,0.4974505283101536,0.4974505283101536,True
2020-11-01,1,Prophet,0.7800000000000011,0.1704485771764318,0.6095514228235693,0.6095514228235693,False
2020-11-01,1,ETS,0.7800000000000011,0.4276517336468339,0.35234826635316724,0.35234826635316724,True
2020-11-01,1,SARIMA,0.7800000000000011,0.3744662844698736,0.4055337155301275,0.4055337155301275,True
2020-11-01,1,NGBoost,0.7800000000000011,0.2915061332962523,0.48849386670374884,0.48849386670374884,True
2020-11-01,1,CatBoost,0.7800000000000011,0.3199686997976414,0.4600313002023597,0.4600313002023597,True
2020-11-01,1,Subcomp,0.7800000000000011,,,,
2020-11-01,1,Subcomp_Multi,0.7800000000000011,,,,
2020-11-01,1,Micro,0.7800000000000011,,,,
2020-11-01,2,Ridge,0.7800000000000011,0.5843678650086872,0.19563213499131393,0.19563213499131393,True
2020-11-01,2,Ridge_Ext,0.7800000000000011,,,,
2020-11-01,2,Bayes_Ridge,0.7800000000000011,,,,
2020-11-01,2,ElasticNet,0.7800000000000011,,,,
2020-11-01,2,Huber,0.7800000000000011,,,,
2020-11-01,2,Ridge_Shock,0.7800000000000011,,,,
2020-11-01,2,EBM,0.7800000000000011,0.5355555555555611,0.24444444444444002,0.24444444444444002,True
2020-11-01,2,LightGBM,0.7800000000000011,0.6521883977639789,0.12781160223602228,0.12781160223602228,True
2020-11-01,2,Prophet,0.7800000000000011,0.15651696721513808,0.6234830327848631,0.6234830327848631,False
2020-11-01,2,ETS,0.7800000000000011,0.3593026311165842,0.4206973688834169,0.4206973688834169,True
2020-11-01,2,SARIMA,0.7800000000000011,0.1756399906645236,0.6043600093354775,0.6043600093354775,False
2020-11-01,2,NGBoost,0.7800000000000011,0.7548413781181296,0.025158621881871568,0.025158621881871568,True
2020-11-01,2,CatBoost,0.7800000000000011,0.2520210440215891,0.527978955978412,0.527978955978412,False
2020-11-01,2,Subcomp,0.7800000000000011,,,,
2020-11-01,2,Subcomp_Multi,0.7800000000000011,,,,
2020-11-01,2,Micro,0.7800000000000011,,,,
2020-11-01,12,Ridge,0.7800000000000011,0.4740414041258276,0.3059585958741735,0.3059585958741735,True
2020-11-01,12,Ridge_Ext,0.7800000000000011,,,,
2020-11-01,12,Bayes_Ridge,0.7800000000000011,,,,
2020-11-01,12,ElasticNet,0.7800000000000011,,,,
2020-11-01,12,Huber,0.7800000000000011,,,,
2020-11-01,12,Ridge_Shock,0.7800000000000011,,,,
2020-11-01,12,EBM,0.7800000000000011,0.5355555555555611,0.24444444444444002,0.24444444444444002,True
2020-11-01,12,LightGBM,0.7800000000000011,0.430574753963171,0.3494252460368301,0.3494252460368301,True
2020-11-01,12,Prophet,0.7800000000000011,0.1255192953323742,0.654480704667627,0.654480704667627,False
2020-11-01,12,ETS,0.7800000000000011,0.2115875906116582,0.5684124093883429,0.5684124093883429,False
2020-11-01,12,SARIMA,0.7800000000000011,0.07826721875468687,0.7017327812453142,0.7017327812453142,False
2020-11-01,12,NGBoost,0.7800000000000011,0.38501189153986104,0.3949881084601401,0.3949881084601401,True
2020-11-01,12,CatBoost,0.7800000000000011,0.349694528170744,0.43030547182925716,0.43030547182925716,True
2020-11-01,12,Subcomp,0.7800000000000011,,,,
2020-11-01,12,Subcomp_Multi,0.7800000000000011,,,,
2020-11-01,12,Micro,0.7800000000000011,,,,
2020-12-01,1,Ridge,0.9000000000000057,0.918926941752332,-0.018926941752326343,0.018926941752326343,True
2020-12-01,1,Ridge_Ext,0.9000000000000057,,,,
2020-12-01,1,Bayes_Ridge,0.9000000000000057,,,,
2020-12-01,1,ElasticNet,0.9000000000000057,,,,
2020-12-01,1,Huber,0.9000000000000057,,,,
2020-12-01,1,Ridge_Shock,0.9000000000000057,,,,
2020-12-01,1,EBM,0.9000000000000057,0.8533333333333246,0.04666666666668107,0.04666666666668107,True
2020-12-01,1,LightGBM,0.9000000000000057,1.03538234977691,-0.13538234977690422,0.13538234977690422,True
2020-12-01,1,Prophet,0.9000000000000057,0.6744371141359758,0.22556288586402984,0.22556288586402984,True
2020-12-01,1,ETS,0.9000000000000057,0.9157938408429621,-0.01579384084295643,0.01579384084295643,True
2020-12-01,1,SARIMA,0.9000000000000057,0.5696835844296355,0.33031641557037017,0.33031641557037017,True
2020-12-01,1,NGBoost,0.9000000000000057,1.167768975065215,-0.26776897506520925,0.26776897506520925,True
2020-12-01,1,CatBoost,0.9000000000000057,0.7436270505130125,0.1563729494869932,0.1563729494869932,True
2020-12-01,1,Subcomp,0.9000000000000057,,,,
2020-12-01,1,Subcomp_Multi,0.9000000000000057,,,,
2020-12-01,1,Micro,0.9000000000000057,,,,
2020-12-01,2,Ridge,0.9000000000000057,0.7674206889252417,0.13257931107476395,0.13257931107476395,True
2020-12-01,2,Ridge_Ext,0.9000000000000057,,,,
2020-12-01,2,Bayes_Ridge,0.9000000000000057,,,,
2020-12-01,2,ElasticNet,0.9000000000000057,,,,
2020-12-01,2,Huber,0.9000000000000057,,,,
2020-12-01,2,Ridge_Shock,0.9000000000000057,,,,
2020-12-01,2,EBM,0.9000000000000057,0.8533333333333246,0.04666666666668107,0.04666666666668107,True
2020-12-01,2,LightGBM,0.9000000000000057,0.6467423716535166,0.2532576283464891,0.2532576283464891,True
2020-12-01,2,Prophet,0.9000000000000057,0.5980582862367648,0.30194171376324086,0.30194171376324086,True
2020-12-01,2,ETS,0.9000000000000057,0.778655911511827,0.12134408848817868,0.12134408848817868,True
2020-12-01,2,SARIMA,0.9000000000000057,0.2951874517587134,0.6048125482412923,0.6048125482412923,False
2020-12-01,2,NGBoost,0.9000000000000057,0.4683868921700878,0.4316131078299179,0.4316131078299179,True
2020-12-01,2,CatBoost,0.9000000000000057,0.44479961033718496,0.4552003896628207,0.4552003896628207,True
2020-12-01,2,Subcomp,0.9000000000000057,,,,
2020-12-01,2,Subcomp_Multi,0.9000000000000057,,,,
2020-12-01,2,Micro,0.9000000000000057,,,,
2020-12-01,12,Ridge,0.9000000000000057,0.504853398040467,0.39514660195953866,0.39514660195953866,True
2020-12-01,12,Ridge_Ext,0.9000000000000057,,,,
2020-12-01,12,Bayes_Ridge,0.9000000000000057,,,,
2020-12-01,12,ElasticNet,0.9000000000000057,,,,
2020-12-01,12,Huber,0.9000000000000057,,,,
2020-12-01,12,Ridge_Shock,0.9000000000000057,,,,
2020-12-01,12,EBM,0.9000000000000057,0.8533333333333246,0.04666666666668107,0.04666666666668107,True
2020-12-01,12,LightGBM,0.9000000000000057,0.4924937842948367,0.407506215705169,0.407506215705169,True
2020-12-01,12,Prophet,0.9000000000000057,0.5038385072297846,0.39616149277022106,0.39616149277022106,True
2020-12-01,12,ETS,0.9000000000000057,0.466485485646414,0.4335145143535917,0.4335145143535917,True
2020-12-01,12,SARIMA,0.9000000000000057,0.07877404188651205,0.8212259581134936,0.8212259581134936,False
2020-12-01,12,NGBoost,0.9000000000000057,0.507420070490582,0.39257992950942366,0.39257992950942366,True
2020-12-01,12,CatBoost,0.9000000000000057,0.386868086920785,0.5131319130792207,0.5131319130792207,False
2020-12-01,12,Subcomp,0.9000000000000057,,,,
2020-12-01,12,Subcomp_Multi,0.9000000000000057,,,,
2020-12-01,12,Micro,0.9000000000000057,,,,
2021-01-01,1,Ridge,0.5999999999999943,1.0524873697227832,-0.4524873697227889,0.4524873697227889,True
2021-01-01,1,Ridge_Ext,0.5999999999999943,,,,
2021-01-01,1,Bayes_Ridge,0.5999999999999943,,,,
2021-01-01,1,ElasticNet,0.5999999999999943,,,,
2021-01-01,1,Huber,0.5999999999999943,,,,
2021-01-01,1,Ridge_Shock,0.5999999999999943,,,,
2021-01-01,1,EBM,0.5999999999999943,1.0610001000000011,-0.4610001000000068,0.4610001000000068,True
2021-01-01,1,LightGBM,0.5999999999999943,0.5473359749310021,0.05266402506899226,0.05266402506899226,True
2021-01-01,1,Prophet,0.5999999999999943,0.667428195861197,-0.06742819586120263,0.06742819586120263,True
2021-01-01,1,ETS,0.5999999999999943,1.0577951628522968,-0.4577951628523025,0.4577951628523025,True
2021-01-01,1,SARIMA,0.5999999999999943,0.6824151616425498,-0.08241516164255547,0.08241516164255547,True
2021-01-01,1,NGBoost,0.5999999999999943,1.0297124230621506,-0.4297124230621563,0.4297124230621563,True
2021-01-01,1,CatBoost,0.5999999999999943,0.6996676254362768,-0.09966762543628249,0.09966762543628249,True
2021-01-01,1,Subcomp,0.5999999999999943,,,,
2021-01-01,1,Subcomp_Multi,0.5999999999999943,,,,
2021-01-01,1,Micro,0.5999999999999943,,,,
2021-01-01,2,Ridge,0.5999999999999943,1.0680657937044913,-0.46806579370449697,0.46806579370449697,True
2021-01-01,2,Ridge_Ext,0.5999999999999943,,,,
2021-01-01,2,Bayes_Ridge,0.5999999999999943,,,,
2021-01-01,2,ElasticNet,0.5999999999999943,,,,
2021-01-01,2,Huber,0.5999999999999943,,,,
2021-01-01,2,Ridge_Shock,0.5999999999999943,,,,
2021-01-01,2,EBM,0.5999999999999943,1.0610001000000011,-0.4610001000000068,0.4610001000000068,True
2021-01-01,2,LightGBM,0.5999999999999943,0.6884969100243694,-0.0884969100243751,0.0884969100243751,True
2021-01-01,2,Prophet,0.5999999999999943,0.6714343491004483,-0.07143434910045399,0.07143434910045399,True
2021-01-01,2,ETS,0.5999999999999943,1.0640173900784093,-0.464017390078415,0.464017390078415,True
2021-01-01,2,SARIMA,0.5999999999999943,0.45668955464292516,0.14331044535706916,0.14331044535706916,True
2021-01-01,2,NGBoost,0.5999999999999943,1.047913059214011,-0.4479130592140166,0.4479130592140166,True
2021-01-01,2,CatBoost,0.5999999999999943,0.4308572824819237,0.16914271751807064,0.16914271751807064,True
2021-01-01,2,Subcomp,0.5999999999999943,,,,
2021-01-01,2,Subcomp_Multi,0.5999999999999943,,,,
2021-01-01,2,Micro,0.5999999999999943,,,,
2021-01-01,12,Ridge,0.5999999999999943,1.023595153699958,-0.4235951536999636,0.4235951536999636,True
2021-01-01,12,Ridge_Ext,0.5999999999999943,,,,
2021-01-01,12,Bayes_Ridge,0.5999999999999943,,,,
2021-01-01,12,ElasticNet,0.5999999999999943,,,,
2021-01-01,12,Huber,0.5999999999999943,,,,
2021-01-01,12,Ridge_Shock,0.5999999999999943,,,,
2021-01-01,12,EBM,0.5999999999999943,1.0610001000000011,-0.4610001000000068,0.4610001000000068,True
2021-01-01,12,LightGBM,0.5999999999999943,0.3385398790839247,0.2614601209160696,0.2614601209160696,True
2021-01-01,12,Prophet,0.5999999999999943,0.5603212725150569,0.03967872748493739,0.03967872748493739,True
2021-01-01,12,ETS,0.5999999999999943,0.5293561040886421,0.07064389591135223,0.07064389591135223,True
2021-01-01,12,SARIMA,0.5999999999999943,0.09930555380910935,0.500694446190885,0.500694446190885,False
2021-01-01,12,NGBoost,0.5999999999999943,0.9900659678413319,-0.3900659678413376,0.3900659678413376,True
2021-01-01,12,CatBoost,0.5999999999999943,0.36804507465713243,0.23195492534286188,0.23195492534286188,True
2021-01-01,12,Subcomp,0.5999999999999943,,,,
2021-01-01,12,Subcomp_Multi,0.5999999999999943,,,,
2021-01-01,12,Micro,0.5999999999999943,,,,
2021-02-01,1,Ridge,1.0300000000000011,0.6031690102711593,0.4268309897288418,0.4268309897288418,True
2021-02-01,1,Ridge_Ext,1.0300000000000011,,,,
2021-02-01,1,Bayes_Ridge,1.0300000000000011,,,,
2021-02-01,1,ElasticNet,1.0300000000000011,,,,
2021-02-01,1,Huber,1.0300000000000011,,,,
2021-02-01,1,Ridge_Shock,1.0300000000000011,,,,
2021-02-01,1,EBM,1.0300000000000011,0.8619999999999948,0.16800000000000637,0.16800000000000637,True
2021-02-01,1,LightGBM,1.0300000000000011,0.7209054992779897,0.3090945007220114,0.3090945007220114,True
2021-02-01,1,Prophet,1.0300000000000011,0.37003169465306,0.6599683053469412,0.6599683053469412,False
2021-02-01,1,ETS,1.0300000000000011,0.6728256309869237,0.3571743690130774,0.3571743690130774,True
2021-02-01,1,SARIMA,1.0300000000000011,0.45368473598130615,0.576315264018695,0.576315264018695,False
2021-02-01,1,NGBoost,1.0300000000000011,0.5945308206306805,0.4354691793693206,0.4354691793693206,True
2021-02-01,1,CatBoost,1.0300000000000011,0.6320951288171415,0.39790487118285967,0.39790487118285967,True
2021-02-01,1,Subcomp,1.0300000000000011,,,,
2021-02-01,1,Subcomp_Multi,1.0300000000000011,,,,
2021-02-01,1,Micro,1.0300000000000011,,,,
2021-02-01,2,Ridge,1.0300000000000011,0.8581386948245608,0.1718613051754403,0.1718613051754403,True
2021-02-01,2,Ridge_Ext,1.0300000000000011,,,,
2021-02-01,2,Bayes_Ridge,1.0300000000000011,,,,
2021-02-01,2,ElasticNet,1.0300000000000011,,,,
2021-02-01,2,Huber,1.0300000000000011,,,,
2021-02-01,2,Ridge_Shock,1.0300000000000011,,,,
2021-02-01,2,EBM,1.0300000000000011,0.8619999999999948,0.16800000000000637,0.16800000000000637,True
2021-02-01,2,LightGBM,1.0300000000000011,0.6651359588488361,0.364864041151165,0.364864041151165,True
2021-02-01,2,Prophet,1.0300000000000011,0.36237929407150493,0.6676207059284962,0.6676207059284962,False
2021-02-01,2,ETS,1.0300000000000011,0.8505311631531121,0.17946883684688908,0.17946883684688908,True
2021-02-01,2,SARIMA,1.0300000000000011,0.5102270800352653,0.5197729199647358,0.5197729199647358,False
2021-02-01,2,NGBoost,1.0300000000000011,0.6127810456902267,0.4172189543097744,0.4172189543097744,True
2021-02-01,2,CatBoost,1.0300000000000011,0.38125057395639317,0.648749426043608,0.648749426043608,False
2021-02-01,2,Subcomp,1.0300000000000011,,,,
2021-02-01,2,Subcomp_Multi,1.0300000000000011,,,,
2021-02-01,2,Micro,1.0300000000000011,,,,
2021-02-01,12,Ridge,1.0300000000000011,0.5097424132305548,0.5202575867694463,0.5202575867694463,False
2021-02-01,12,Ridge_Ext,1.0300000000000011,,,,
2021-02-01,12,Bayes_Ridge,1.0300000000000011,,,,
2021-02-01,12,ElasticNet,1.0300000000000011,,,,
2021-02-01,12,Huber,1.0300000000000011,,,,
2021-02-01,12,Ridge_Shock,1.0300000000000011,,,,
2021-02-01,12,EBM,1.0300000000000011,0.8619999999999948,0.16800000000000637,0.16800000000000637,True
2021-02-01,12,LightGBM,1.0300000000000011,0.32310122796637586,0.7068987720336253,0.7068987720336253,False
2021-02-01,12,Prophet,1.0300000000000011,0.3022760987874986,0.7277239012125025,0.7277239012125025,False
2021-02-01,12,ETS,1.0300000000000011,0.3219514294766067,0.7080485705233944,0.7080485705233944,False
2021-02-01,12,SARIMA,1.0300000000000011,0.08492607240684137,0.9450739275931598,0.9450739275931598,False
2021-02-01,12,NGBoost,1.0300000000000011,0.31181169033996525,0.7181883096600359,0.7181883096600359,False
2021-02-01,12,CatBoost,1.0300000000000011,0.3540040528030488,0.6759959471969523,0.6759959471969523,False
2021-02-01,12,Subcomp,1.0300000000000011,,,,
2021-02-01,12,Subcomp_Multi,1.0300000000000011,,,,
2021-02-01,12,Micro,1.0300000000000011,,,,
2021-03-01,1,Ridge,1.3100000000000023,0.7096314634832339,0.6003685365167684,0.6003685365167684,False
2021-03-01,1,Ridge_Ext,1.3100000000000023,,,,
2021-03-01,1,Bayes_Ridge,1.3100000000000023,,,,
2021-03-01,1,ElasticNet,1.3100000000000023,,,,
2021-03-01,1,Huber,1.3100000000000023,,,,
2021-03-01,1,Ridge_Shock,1.3100000000000023,,,,
2021-03-01,1,EBM,1.3100000000000023,0.693000000000012,0.6169999999999902,0.6169999999999902,False
2021-03-01,1,LightGBM,1.3100000000000023,0.5068583529943993,0.803141647005603,0.803141647005603,False
2021-03-01,1,Prophet,1.3100000000000023,0.8823326961753348,0.42766730382466744,0.42766730382466744,True
2021-03-01,1,ETS,1.3100000000000023,0.6303370902145202,0.679662909785482,0.679662909785482,False
2021-03-01,1,SARIMA,1.3100000000000023,0.8112945042386667,0.4987054957613356,0.4987054957613356,True
2021-03-01,1,NGBoost,1.3100000000000023,0.6291410464318261,0.6808589535681762,0.6808589535681762,False
2021-03-01,1,CatBoost,1.3100000000000023,0.5791312424746309,0.7308687575253714,0.7308687575253714,False
2021-03-01,1,Subcomp,1.3100000000000023,,,,
2021-03-01,1,Subcomp_Multi,1.3100000000000023,,,,
2021-03-01,1,Micro,1.3100000000000023,,,,
2021-03-01,2,Ridge,1.3100000000000023,0.5936663975586214,0.7163336024413809,0.7163336024413809,False
2021-03-01,2,Ridge_Ext,1.3100000000000023,,,,
2021-03-01,2,Bayes_Ridge,1.3100000000000023,,,,
2021-03-01,2,ElasticNet,1.3100000000000023,,,,
2021-03-01,2,Huber,1.3100000000000023,,,,
2021-03-01,2,Ridge_Shock,1.3100000000000023,,,,
2021-03-01,2,EBM,1.3100000000000023,0.693000000000012,0.6169999999999902,0.6169999999999902,False
2021-03-01,2,LightGBM,1.3100000000000023,0.6520616220522442,0.6579383779477581,0.6579383779477581,False
2021-03-01,2,Prophet,1.3100000000000023,0.6889352013345473,0.6210647986654549,0.6210647986654549,False
2021-03-01,2,ETS,1.3100000000000023,0.49373907001406814,0.8162609299859341,0.8162609299859341,False
2021-03-01,2,SARIMA,1.3100000000000023,0.41772755988507987,0.8922724401149225,0.8922724401149225,False
2021-03-01,2,NGBoost,1.3100000000000023,0.6672318782399884,0.6427681217600139,0.6427681217600139,False
2021-03-01,2,CatBoost,1.3100000000000023,0.46970496968411624,0.840295030315886,0.840295030315886,False
2021-03-01,2,Subcomp,1.3100000000000023,,,,
2021-03-01,2,Subcomp_Multi,1.3100000000000023,,,,
2021-03-01,2,Micro,1.3100000000000023,,,,
2021-03-01,12,Ridge,1.3100000000000023,0.6731632323082692,0.636836767691733,0.636836767691733,False
2021-03-01,12,Ridge_Ext,1.3100000000000023,,,,
2021-03-01,12,Bayes_Ridge,1.3100000000000023,,,,
2021-03-01,12,ElasticNet,1.3100000000000023,,,,
2021-03-01,12,Huber,1.3100000000000023,,,,
2021-03-01,12,Ridge_Shock,1.3100000000000023,,,,
2021-03-01,12,EBM,1.3100000000000023,0.693000000000012,0.6169999999999902,0.6169999999999902,False
2021-03-01,12,LightGBM,1.3100000000000023,0.012677328191415427,1.2973226718085868,1.2973226718085868,False
2021-03-01,12,Prophet,1.3100000000000023,0.7012452131913436,0.6087547868086587,0.6087547868086587,False
2021-03-01,12,ETS,1.3100000000000023,0.3440759925602527,0.9659240074397496,0.9659240074397496,False
2021-03-01,12,SARIMA,1.3100000000000023,0.15636329482216899,1.1536367051778333,1.1536367051778333,False
2021-03-01,12,NGBoost,1.3100000000000023,0.7300335927928359,0.5799664072071664,0.5799664072071664,False
2021-03-01,12,CatBoost,1.3100000000000023,0.3261661323840457,0.9838338676159566,0.9838338676159566,False
2021-03-01,12,Subcomp,1.3100000000000023,,,,
2021-03-01,12,Subcomp_Multi,1.3100000000000023,,,,
2021-03-01,12,Micro,1.3100000000000023,,,,
2021-04-01,1,Ridge,0.8599999999999994,1.0382345874019876,-0.17823458740198816,0.17823458740198816,True
2021-04-01,1,Ridge_Ext,0.8599999999999994,,,,
2021-04-01,1,Bayes_Ridge,0.8599999999999994,,,,
2021-04-01,1,ElasticNet,0.8599999999999994,,,,
2021-04-01,1,Huber,0.8599999999999994,,,,
2021-04-01,1,Ridge_Shock,0.8599999999999994,,,,
2021-04-01,1,EBM,0.8599999999999994,0.8389999999999986,0.021000000000000796,0.021000000000000796,True
2021-04-01,1,LightGBM,0.8599999999999994,1.7929223116159108,-0.9329223116159113,0.9329223116159113,False
2021-04-01,1,Prophet,0.8599999999999994,1.0089817404692834,-0.14898174046928392,0.14898174046928392,True
2021-04-01,1,ETS,0.8599999999999994,0.9945038101286031,-0.13450381012860368,0.13450381012860368,True
2021-04-01,1,SARIMA,0.8599999999999994,1.1295226946906067,-0.2695226946906073,0.2695226946906073,True
2021-04-01,1,NGBoost,0.8599999999999994,0.8161533370117411,0.043846662988258345,0.043846662988258345,True
2021-04-01,1,CatBoost,0.8599999999999994,0.9323785912355902,-0.07237859123559076,0.07237859123559076,True
2021-04-01,1,Subcomp,0.8599999999999994,,,,
2021-04-01,1,Subcomp_Multi,0.8599999999999994,,,,
2021-04-01,1,Micro,0.8599999999999994,,,,
2021-04-01,2,Ridge,0.8599999999999994,0.8315893798531562,0.028410620146843257,0.028410620146843257,True
2021-04-01,2,Ridge_Ext,0.8599999999999994,,,,
2021-04-01,2,Bayes_Ridge,0.8599999999999994,,,,
2021-04-01,2,ElasticNet,0.8599999999999994,,,,
2021-04-01,2,Huber,0.8599999999999994,,,,
2021-04-01,2,Ridge_Shock,0.8599999999999994,,,,
2021-04-01,2,EBM,0.8599999999999994,0.8389999999999986,0.021000000000000796,0.021000000000000796,True
2021-04-01,2,LightGBM,0.8599999999999994,0.3833828961484187,0.47661710385158074,0.47661710385158074,True
2021-04-01,2,Prophet,0.8599999999999994,0.8684492187439639,-0.008449218743964426,0.008449218743964426,True
2021-04-01,2,ETS,0.8599999999999994,0.7330622465251397,0.1269377534748597,0.1269377534748597,True
2021-04-01,2,SARIMA,0.8599999999999994,0.7812090935264722,0.07879090647352727,0.07879090647352727,True
2021-04-01,2,NGBoost,0.8599999999999994,0.6443583906432053,0.2156416093567941,0.2156416093567941,True
2021-04-01,2,CatBoost,0.8599999999999994,0.5969644434313324,0.26303555656866706,0.26303555656866706,True
2021-04-01,2,Subcomp,0.8599999999999994,,,,
2021-04-01,2,Subcomp_Multi,0.8599999999999994,,,,
2021-04-01,2,Micro,0.8599999999999994,,,,
2021-04-01,12,Ridge,0.8599999999999994,0.9845430339990884,-0.12454303399908895,0.12454303399908895,True
2021-04-01,12,Ridge_Ext,0.8599999999999994,,,,
2021-04-01,12,Bayes_Ridge,0.8599999999999994,,,,
2021-04-01,12,ElasticNet,0.8599999999999994,,,,
2021-04-01,12,Huber,0.8599999999999994,,,,
2021-04-01,12,Ridge_Shock,0.8599999999999994,,,,
2021-04-01,12,EBM,0.8599999999999994,0.8389999999999986,0.021000000000000796,0.021000000000000796,True
2021-04-01,12,LightGBM,0.8599999999999994,1.0664658275967298,-0.20646582759673038,0.20646582759673038,True
2021-04-01,12,Prophet,0.8599999999999994,0.9602168523982748,-0.10021685239827538,0.10021685239827538,True
2021-04-01,12,ETS,0.8599999999999994,0.8204223947532884,0.039577605246711056,0.039577605246711056,True
2021-04-01,12,SARIMA,0.8599999999999994,0.31937745139419216,0.5406225486058073,0.5406225486058073,False
2021-04-01,12,NGBoost,0.8599999999999994,1.4211842160845265,-0.5611842160845271,0.5611842160845271,False
2021-04-01,12,CatBoost,0.8599999999999994,0.7329796910107831,0.12702030898921635,0.12702030898921635,True
2021-04-01,12,Subcomp,0.8599999999999994,,,,
2021-04-01,12,Subcomp_Multi,0.8599999999999994,,,,
2021-04-01,12,Micro,0.8599999999999994,,,,
2021-05-01,1,Ridge,0.4099999999999966,0.549130050117455,-0.13913005011745838,0.13913005011745838,True
2021-05-01,1,Ridge_Ext,0.4099999999999966,,,,
2021-05-01,1,Bayes_Ridge,0.4099999999999966,,,,
2021-05-01,1,ElasticNet,0.4099999999999966,,,,
2021-05-01,1,Huber,0.4099999999999966,,,,
2021-05-01,1,Ridge_Shock,0.4099999999999966,,,,
2021-05-01,1,EBM,0.4099999999999966,0.5499999999999972,-0.14000000000000057,0.14000000000000057,True
2021-05-01,1,LightGBM,0.4099999999999966,0.40498749748253715,0.005012502517459438,0.005012502517459438,True
2021-05-01,1,Prophet,0.4099999999999966,0.8010171809969785,-0.3910171809969819,0.3910171809969819,True
2021-05-01,1,ETS,0.4099999999999966,0.6830408431757521,-0.2730408431757555,0.2730408431757555,True
2021-05-01,1,SARIMA,0.4099999999999966,0.4637051072414223,-0.05370510724142569,0.05370510724142569,True
2021-05-01,1,NGBoost,0.4099999999999966,0.5646152180767956,-0.154615218076799,0.154615218076799,True
2021-05-01,1,CatBoost,0.4099999999999966,0.5609862287007843,-0.1509862287007877,0.1509862287007877,True
2021-05-01,1,Subcomp,0.4099999999999966,,,,
2021-05-01,1,Subcomp_Multi,0.4099999999999966,,,,
2021-05-01,1,Micro,0.4099999999999966,,,,
2021-05-01,2,Ridge,0.4099999999999966,0.5809803300082024,-0.17098033000820578,0.17098033000820578,True
2021-05-01,2,Ridge_Ext,0.4099999999999966,,,,
2021-05-01,2,Bayes_Ridge,0.4099999999999966,,,,
2021-05-01,2,ElasticNet,0.4099999999999966,,,,
2021-05-01,2,Huber,0.4099999999999966,,,,
2021-05-01,2,Ridge_Shock,0.4099999999999966,,,,
2021-05-01,2,EBM,0.4099999999999966,0.5499999999999972,-0.14000000000000057,0.14000000000000057,True
2021-05-01,2,LightGBM,0.4099999999999966,1.1492296563362743,-0.7392296563362777,0.7392296563362777,False
2021-05-01,2,Prophet,0.4099999999999966,0.9318676167374828,-0.5218676167374862,0.5218676167374862,False
2021-05-01,2,ETS,0.4099999999999966,0.7363291345946433,-0.32632913459464674,0.32632913459464674,True
2021-05-01,2,SARIMA,0.4099999999999966,0.6462976971649007,-0.23629769716490412,0.23629769716490412,True
2021-05-01,2,NGBoost,0.4099999999999966,0.6056361816497144,-0.19563618164971786,0.19563618164971786,True
2021-05-01,2,CatBoost,0.4099999999999966,0.426809894485217,-0.01680989448522041,0.01680989448522041,True
2021-05-01,2,Subcomp,0.4099999999999966,,,,
2021-05-01,2,Subcomp_Multi,0.4099999999999966,,,,
2021-05-01,2,Micro,0.4099999999999966,,,,
2021-05-01,12,Ridge,0.4099999999999966,0.538977030454987,-0.12897703045499043,0.12897703045499043,True
2021-05-01,12,Ridge_Ext,0.4099999999999966,,,,
2021-05-01,12,Bayes_Ridge,0.4099999999999966,,,,
2021-05-01,12,ElasticNet,0.4099999999999966,,,,
2021-05-01,12,Huber,0.4099999999999966,,,,
2021-05-01,12,Ridge_Shock,0.4099999999999966,,,,
2021-05-01,12,EBM,0.4099999999999966,0.5499999999999972,-0.14000000000000057,0.14000000000000057,True
2021-05-01,12,LightGBM,0.4099999999999966,0.41095224972860933,-0.0009522497286127418,0.0009522497286127418,True
2021-05-01,12,Prophet,0.4099999999999966,0.3021520178064657,0.10784798219353087,0.10784798219353087,True
2021-05-01,12,ETS,0.4099999999999966,0.3414851896992975,0.06851481030069911,0.06851481030069911,True
2021-05-01,12,SARIMA,0.4099999999999966,0.02053825156463248,0.38946174843536413,0.38946174843536413,True
2021-05-01,12,NGBoost,0.4099999999999966,0.5738436518074934,-0.16384365180749683,0.16384365180749683,True
2021-05-01,12,CatBoost,0.4099999999999966,0.4837063829565551,-0.07370638295655851,0.07370638295655851,True
2021-05-01,12,Subcomp,0.4099999999999966,,,,
2021-05-01,12,Subcomp_Multi,0.4099999999999966,,,,
2021-05-01,12,Micro,0.4099999999999966,,,,
2021-06-01,1,Ridge,0.5600000000000023,0.0824631106621041,0.4775368893378982,0.4775368893378982,True
2021-06-01,1,Ridge_Ext,0.5600000000000023,,,,
2021-06-01,1,Bayes_Ridge,0.5600000000000023,,,,
2021-06-01,1,ElasticNet,0.5600000000000023,,,,
2021-06-01,1,Huber,0.5600000000000023,,,,
2021-06-01,1,Ridge_Shock,0.5600000000000023,,,,
2021-06-01,1,EBM,0.5600000000000023,0.08199959999998896,0.4780004000000133,0.4780004000000133,True
2021-06-01,1,LightGBM,0.5600000000000023,0.22504390699589294,0.33495609300410933,0.33495609300410933,True
2021-06-01,1,Prophet,0.5600000000000023,0.11651374328592803,0.44348625671407427,0.44348625671407427,True
2021-06-01,1,ETS,0.5600000000000023,0.16255705178643898,0.3974429482135633,0.3974429482135633,True
2021-06-01,1,SARIMA,0.5600000000000023,0.3019345218968675,0.2580654781031348,0.2580654781031348,True
2021-06-01,1,NGBoost,0.5600000000000023,0.04610992961852389,0.5138900703814784,0.5138900703814784,False
2021-06-01,1,CatBoost,0.5600000000000023,0.23627108733359137,0.3237289126664109,0.3237289126664109,True
2021-06-01,1,Subcomp,0.5600000000000023,,,,
2021-06-01,1,Subcomp_Multi,0.5600000000000023,,,,
2021-06-01,1,Micro,0.5600000000000023,,,,
2021-06-01,2,Ridge,0.5600000000000023,0.10663395086470473,0.45336604913529754,0.45336604913529754,True
2021-06-01,2,Ridge_Ext,0.5600000000000023,,,,
2021-06-01,2,Bayes_Ridge,0.5600000000000023,,,,
2021-06-01,2,ElasticNet,0.5600000000000023,,,,
2021-06-01,2,Huber,0.5600000000000023,,,,
2021-06-01,2,Ridge_Shock,0.5600000000000023,,,,
2021-06-01,2,EBM,0.5600000000000023,0.08199959999998896,0.4780004000000133,0.4780004000000133,True
2021-06-01,2,LightGBM,0.5600000000000023,-0.21054256753227207,0.7705425675322743,0.7705425675322743,False
2021-06-01,2,Prophet,0.5600000000000023,0.2551893844444189,0.30481061555558336,0.30481061555558336,True
2021-06-01,2,ETS,0.5600000000000023,0.26576661616641245,0.2942333838335898,0.2942333838335898,True
2021-06-01,2,SARIMA,0.5600000000000023,0.3393141368304724,0.22068586316952987,0.22068586316952987,True
2021-06-01,2,NGBoost,0.5600000000000023,0.12138758882159095,0.4386124111784113,0.4386124111784113,True
2021-06-01,2,CatBoost,0.5600000000000023,0.1759037672964041,0.38409623270359816,0.38409623270359816,True
2021-06-01,2,Subcomp,0.5600000000000023,,,,
2021-06-01,2,Subcomp_Multi,0.5600000000000023,,,,
2021-06-01,2,Micro,0.5600000000000023,,,,
2021-06-01,12,Ridge,0.5600000000000023,0.09428618981979753,0.46571381018020475,0.46571381018020475,True
2021-06-01,12,Ridge_Ext,0.5600000000000023,,,,
2021-06-01,12,Bayes_Ridge,0.5600000000000023,,,,
2021-06-01,12,ElasticNet,0.5600000000000023,,,,
2021-06-01,12,Huber,0.5600000000000023,,,,
2021-06-01,12,Ridge_Shock,0.5600000000000023,,,,
2021-06-01,12,EBM,0.5600000000000023,0.08199959999998896,0.4780004000000133,0.4780004000000133,True
2021-06-01,12,LightGBM,0.5600000000000023,0.06587304748191514,0.49412695251808714,0.49412695251808714,True
2021-06-01,12,Prophet,0.5600000000000023,-0.15478604614585775,0.71478604614586,0.71478604614586,False
2021-06-01,12,ETS,0.5600000000000023,-0.05769518578272598,0.6176951857827282,0.6176951857827282,False
2021-06-01,12,SARIMA,0.5600000000000023,0.011505543404019858,0.5484944565959824,0.5484944565959824,False
2021-06-01,12,NGBoost,0.5600000000000023,0.10909911058797661,0.45090088941202566,0.45090088941202566,True
2021-06-01,12,CatBoost,0.5600000000000023,0.35571349565532273,0.20428650434467954,0.20428650434467954,True
2021-06-01,12,Subcomp,0.5600000000000023,,,,
2021-06-01,12,Subcomp_Multi,0.5600000000000023,,,,
2021-06-01,12,Micro,0.5600000000000023,,,,
2021-07-01,1,Ridge,0.21999999999999886,0.3984081279280929,-0.17840812792809402,0.17840812792809402,True
2021-07-01,1,Ridge_Ext,0.21999999999999886,,,,
2021-07-01,1,Bayes_Ridge,0.21999999999999886,,,,
2021-07-01,1,ElasticNet,0.21999999999999886,,,,
2021-07-01,1,Huber,0.21999999999999886,,,,
2021-07-01,1,Ridge_Shock,0.21999999999999886,,,,
2021-07-01,1,EBM,0.21999999999999886,0.24799950000000592,-0.02799950000000706,0.02799950000000706,True
2021-07-01,1,LightGBM,0.21999999999999886,0.2902402509155877,-0.07024025091558883,0.07024025091558883,True
2021-07-01,1,Prophet,0.21999999999999886,0.28365771855516253,-0.06365771855516367,0.06365771855516367,True
2021-07-01,1,ETS,0.21999999999999886,0.3510629400739373,-0.13106294007393843,0.13106294007393843,True
2021-07-01,1,SARIMA,0.21999999999999886,0.3617555848038506,-0.14175558480385175,0.14175558480385175,True
2021-07-01,1,NGBoost,0.21999999999999886,0.4709051497566179,-0.25090514975661904,0.25090514975661904,True
2021-07-01,1,CatBoost,0.21999999999999886,0.1685984995358325,0.05140150046416636,0.05140150046416636,True
2021-07-01,1,Subcomp,0.21999999999999886,,,,
2021-07-01,1,Subcomp_Multi,0.21999999999999886,,,,
2021-07-01,1,Micro,0.21999999999999886,,,,
2021-07-01,2,Ridge,0.21999999999999886,0.14650498134368206,0.0734950186563168,0.0734950186563168,True
2021-07-01,2,Ridge_Ext,0.21999999999999886,,,,
2021-07-01,2,Bayes_Ridge,0.21999999999999886,,,,
2021-07-01,2,ElasticNet,0.21999999999999886,,,,
2021-07-01,2,Huber,0.21999999999999886,,,,
2021-07-01,2,Ridge_Shock,0.21999999999999886,,,,
2021-07-01,2,EBM,0.21999999999999886,0.24799950000000592,-0.02799950000000706,0.02799950000000706,True
2021-07-01,2,LightGBM,0.21999999999999886,0.5407682237039779,-0.32076822370397906,0.32076822370397906,True
2021-07-01,2,Prophet,0.21999999999999886,0.2150304213753929,0.0049695786246059526,0.0049695786246059526,True
2021-07-01,2,ETS,0.21999999999999886,0.20255175498725814,0.017448245012740726,0.017448245012740726,True
2021-07-01,2,SARIMA,0.21999999999999886,0.18464176745477615,0.03535823254522272,0.03535823254522272,True
2021-07-01,2,NGBoost,0.21999999999999886,0.3485031985615734,-0.12850319856157455,0.12850319856157455,True
2021-07-01,2,CatBoost,0.21999999999999886,0.09870410073089886,0.1212958992691,0.1212958992691,True
2021-07-01,2,Subcomp,0.21999999999999886,,,,
2021-07-01,2,Subcomp_Multi,0.21999999999999886,,,,
2021-07-01,2,Micro,0.21999999999999886,,,,
2021-07-01,12,Ridge,0.21999999999999886,0.10706359013251188,0.11293640986748699,0.11293640986748699,True
2021-07-01,12,Ridge_Ext,0.21999999999999886,,,,
2021-07-01,12,Bayes_Ridge,0.21999999999999886,,,,
2021-07-01,12,ElasticNet,0.21999999999999886,,,,
2021-07-01,12,Huber,0.21999999999999886,,,,
2021-07-01,12,Ridge_Shock,0.21999999999999886,,,,
2021-07-01,12,EBM,0.21999999999999886,0.24799950000000592,-0.02799950000000706,0.02799950000000706,True
2021-07-01,12,LightGBM,0.21999999999999886,-0.1178849226770069,0.33788492267700576,0.33788492267700576,True
2021-07-01,12,Prophet,0.21999999999999886,-0.13876976762811544,0.3587697676281143,0.3587697676281143,True
2021-07-01,12,ETS,0.21999999999999886,-0.09326441766658206,0.3132644176665809,0.3132644176665809,True
2021-07-01,12,SARIMA,0.21999999999999886,-0.03507198224231306,0.2550719822423119,0.2550719822423119,True
2021-07-01,12,NGBoost,0.21999999999999886,-0.0988172965300862,0.31881729653008506,0.31881729653008506,True
2021-07-01,12,CatBoost,0.21999999999999886,0.23755633464277537,-0.017556334642776505,0.017556334642776505,True
2021-07-01,12,Subcomp,0.21999999999999886,,,,
2021-07-01,12,Subcomp_Multi,0.21999999999999886,,,,
2021-07-01,12,Micro,0.21999999999999886,,,,
2021-08-01,1,Ridge,0.1599999999999966,-0.003050935217515871,0.16305093521751246,0.16305093521751246,True
2021-08-01,1,Ridge_Ext,0.1599999999999966,,,,
2021-08-01,1,Bayes_Ridge,0.1599999999999966,,,,
2021-08-01,1,ElasticNet,0.1599999999999966,,,,
2021-08-01,1,Huber,0.1599999999999966,,,,
2021-08-01,1,Ridge_Shock,0.1599999999999966,,,,
2021-08-01,1,EBM,0.1599999999999966,-0.015000000000000568,0.17499999999999716,0.17499999999999716,True
2021-08-01,1,LightGBM,0.1599999999999966,0.14831131314113577,0.01168868685886082,0.01168868685886082,True
2021-08-01,1,Prophet,0.1599999999999966,0.04997345271128305,0.11002654728871354,0.11002654728871354,True
2021-08-01,1,ETS,0.1599999999999966,0.15096104845529257,0.009038951544704021,0.009038951544704021,True
2021-08-01,1,SARIMA,0.1599999999999966,0.22455903369718558,-0.06455903369718899,0.06455903369718899,True
2021-08-01,1,NGBoost,0.1599999999999966,-0.016237847627934343,0.17623784762793093,0.17623784762793093,True
2021-08-01,1,CatBoost,0.1599999999999966,0.086350166123907,0.07364983387608959,0.07364983387608959,True
2021-08-01,1,Subcomp,0.1599999999999966,,,,
2021-08-01,1,Subcomp_Multi,0.1599999999999966,,,,
2021-08-01,1,Micro,0.1599999999999966,,,,
2021-08-01,2,Ridge,0.1599999999999966,0.07575677026750327,0.08424322973249332,0.08424322973249332,True
2021-08-01,2,Ridge_Ext,0.1599999999999966,,,,
2021-08-01,2,Bayes_Ridge,0.1599999999999966,,,,
2021-08-01,2,ElasticNet,0.1599999999999966,,,,
2021-08-01,2,Huber,0.1599999999999966,,,,
2021-08-01,2,Ridge_Shock,0.1599999999999966,,,,
2021-08-01,2,EBM,0.1599999999999966,-0.015000000000000568,0.17499999999999716,0.17499999999999716,True
2021-08-01,2,LightGBM,0.1599999999999966,0.19677034923064696,-0.03677034923065037,0.03677034923065037,True
2021-08-01,2,Prophet,0.1599999999999966,0.04554872816010286,0.11445127183989373,0.11445127183989373,True
2021-08-01,2,ETS,0.1599999999999966,0.20015433716307174,-0.04015433716307515,0.04015433716307515,True
2021-08-01,2,SARIMA,0.1599999999999966,0.3214062931974387,-0.1614062931974421,0.1614062931974421,True
2021-08-01,2,NGBoost,0.1599999999999966,0.09507729426005085,0.06492270573994574,0.06492270573994574,True
2021-08-01,2,CatBoost,0.1599999999999966,0.07755197810173797,0.08244802189825862,0.08244802189825862,True
2021-08-01,2,Subcomp,0.1599999999999966,,,,
2021-08-01,2,Subcomp_Multi,0.1599999999999966,,,,
2021-08-01,2,Micro,0.1599999999999966,,,,
2021-08-01,12,Ridge,0.1599999999999966,0.037831853490459366,0.12216814650953722,0.12216814650953722,True
2021-08-01,12,Ridge_Ext,0.1599999999999966,,,,
2021-08-01,12,Bayes_Ridge,0.1599999999999966,,,,
2021-08-01,12,ElasticNet,0.1599999999999966,,,,
2021-08-01,12,Huber,0.1599999999999966,,,,
2021-08-01,12,Ridge_Shock,0.1599999999999966,,,,
2021-08-01,12,EBM,0.1599999999999966,-0.015000000000000568,0.17499999999999716,0.17499999999999716,True
2021-08-01,12,LightGBM,0.1599999999999966,-0.05378974392051816,0.21378974392051475,0.21378974392051475,True
2021-08-01,12,Prophet,0.1599999999999966,-0.1942456916860134,0.35424569168601,0.35424569168601,True
2021-08-01,12,ETS,0.1599999999999966,-0.1130214136244706,0.2730214136244672,0.2730214136244672,True
2021-08-01,12,SARIMA,0.1599999999999966,0.030161434711139103,0.12983856528885748,0.12983856528885748,True
2021-08-01,12,NGBoost,0.1599999999999966,0.07972163373594299,0.0802783662640536,0.0802783662640536,True
2021-08-01,12,CatBoost,0.1599999999999966,0.3298052361453898,-0.16980523614539322,0.16980523614539322,True
2021-08-01,12,Subcomp,0.1599999999999966,,,,
2021-08-01,12,Subcomp_Multi,0.1599999999999966,,,,
2021-08-01,12,Micro,0.1599999999999966,,,,
2021-09-01,1,Ridge,0.730000000000004,0.29456845829706424,0.43543154170293974,0.43543154170293974,True
2021-09-01,1,Ridge_Ext,0.730000000000004,,,,
2021-09-01,1,Bayes_Ridge,0.730000000000004,,,,
2021-09-01,1,ElasticNet,0.730000000000004,,,,
2021-09-01,1,Huber,0.730000000000004,,,,
2021-09-01,1,Ridge_Shock,0.730000000000004,,,,
2021-09-01,1,EBM,0.730000000000004,0.2830001000000095,0.44699989999999445,0.44699989999999445,True
2021-09-01,1,LightGBM,0.730000000000004,0.5389686895037329,0.1910313104962711,0.1910313104962711,True
2021-09-01,1,Prophet,0.730000000000004,0.36651806887224575,0.36348193112775823,0.36348193112775823,True
2021-09-01,1,ETS,0.730000000000004,0.58979866417847,0.14020133582153393,0.14020133582153393,True
2021-09-01,1,SARIMA,0.730000000000004,0.13671519118090225,0.5932848088191017,0.5932848088191017,False
2021-09-01,1,NGBoost,0.730000000000004,0.30392622928346213,0.42607377071654184,0.42607377071654184,True
2021-09-01,1,CatBoost,0.730000000000004,0.4110153491841544,0.3189846508158496,0.3189846508158496,True
2021-09-01,1,Subcomp,0.730000000000004,,,,
2021-09-01,1,Subcomp_Multi,0.730000000000004,,,,
2021-09-01,1,Micro,0.730000000000004,,,,
2021-09-01,2,Ridge,0.730000000000004,0.2751455048574343,0.4548544951425697,0.4548544951425697,True
2021-09-01,2,Ridge_Ext,0.730000000000004,,,,
2021-09-01,2,Bayes_Ridge,0.730000000000004,,,,
2021-09-01,2,ElasticNet,0.730000000000004,,,,
2021-09-01,2,Huber,0.730000000000004,,,,
2021-09-01,2,Ridge_Shock,0.730000000000004,,,,
2021-09-01,2,EBM,0.730000000000004,0.2830001000000095,0.44699989999999445,0.44699989999999445,True
2021-09-01,2,LightGBM,0.730000000000004,0.21963434098098844,0.5103656590190155,0.5103656590190155,False
2021-09-01,2,Prophet,0.730000000000004,0.3729019887737672,0.3570980112262368,0.3570980112262368,True
2021-09-01,2,ETS,0.730000000000004,0.5864121612182435,0.1435878387817605,0.1435878387817605,True
2021-09-01,2,SARIMA,0.730000000000004,0.18083364308127098,0.5491663569187331,0.5491663569187331,False
2021-09-01,2,NGBoost,0.730000000000004,0.27652675474661237,0.4534732452533916,0.4534732452533916,True
2021-09-01,2,CatBoost,0.730000000000004,0.1972503154708818,0.5327496845291222,0.5327496845291222,False
2021-09-01,2,Subcomp,0.730000000000004,,,,
2021-09-01,2,Subcomp_Multi,0.730000000000004,,,,
2021-09-01,2,Micro,0.730000000000004,,,,
2021-09-01,12,Ridge,0.730000000000004,0.29057463066914124,0.43942536933086274,0.43942536933086274,True
2021-09-01,12,Ridge_Ext,0.730000000000004,,,,
2021-09-01,12,Bayes_Ridge,0.730000000000004,,,,
2021-09-01,12,ElasticNet,0.730000000000004,,,,
2021-09-01,12,Huber,0.730000000000004,,,,
2021-09-01,12,Ridge_Shock,0.730000000000004,,,,
2021-09-01,12,EBM,0.730000000000004,0.2830001000000095,0.44699989999999445,0.44699989999999445,True
2021-09-01,12,LightGBM,0.730000000000004,0.9804282077360114,-0.2504282077360074,0.2504282077360074,True
2021-09-01,12,Prophet,0.730000000000004,0.18829406306032537,0.5417059369396786,0.5417059369396786,False
2021-09-01,12,ETS,0.730000000000004,0.22398894090325716,0.5060110590967468,0.5060110590967468,False
2021-09-01,12,SARIMA,0.730000000000004,0.03795905761871025,0.6920409423812938,0.6920409423812938,False
2021-09-01,12,NGBoost,0.730000000000004,0.32221252301985714,0.40778747698014683,0.40778747698014683,True
2021-09-01,12,CatBoost,0.730000000000004,0.29787276917082295,0.43212723082918103,0.43212723082918103,True
2021-09-01,12,Subcomp,0.730000000000004,,,,
2021-09-01,12,Subcomp_Multi,0.730000000000004,,,,
2021-09-01,12,Micro,0.730000000000004,,,,
2021-10-01,1,Ridge,0.9200000000000017,0.5634434137268869,0.3565565862731148,0.3565565862731148,True
2021-10-01,1,Ridge_Ext,0.9200000000000017,,,,
2021-10-01,1,Bayes_Ridge,0.9200000000000017,,,,
2021-10-01,1,ElasticNet,0.9200000000000017,,,,
2021-10-01,1,Huber,0.9200000000000017,,,,
2021-10-01,1,Ridge_Shock,0.9200000000000017,,,,
2021-10-01,1,EBM,0.9200000000000017,0.5379999999999967,0.382000000000005,0.382000000000005,True
2021-10-01,1,LightGBM,0.9200000000000017,0.8860821931836256,0.03391780681637613,0.03391780681637613,True
2021-10-01,1,Prophet,0.9200000000000017,0.6503570701675274,0.2696429298324743,0.2696429298324743,True
2021-10-01,1,ETS,0.9200000000000017,0.711036456858362,0.20896354314163967,0.20896354314163967,True
2021-10-01,1,SARIMA,0.9200000000000017,0.5885966271304613,0.33140337286954036,0.33140337286954036,True
2021-10-01,1,NGBoost,0.9200000000000017,0.5960862809735659,0.32391371902643584,0.32391371902643584,True
2021-10-01,1,CatBoost,0.9200000000000017,0.7518075848936832,0.16819241510631855,0.16819241510631855,True
2021-10-01,1,Subcomp,0.9200000000000017,,,,
2021-10-01,1,Subcomp_Multi,0.9200000000000017,,,,
2021-10-01,1,Micro,0.9200000000000017,,,,
2021-10-01,2,Ridge,0.9200000000000017,0.5442162724855848,0.3757837275144169,0.3757837275144169,True
2021-10-01,2,Ridge_Ext,0.9200000000000017,,,,
2021-10-01,2,Bayes_Ridge,0.9200000000000017,,,,
2021-10-01,2,ElasticNet,0.9200000000000017,,,,
2021-10-01,2,Huber,0.9200000000000017,,,,
2021-10-01,2,Ridge_Shock,0.9200000000000017,,,,
2021-10-01,2,EBM,0.9200000000000017,0.5379999999999967,0.382000000000005,0.382000000000005,True
2021-10-01,2,LightGBM,0.9200000000000017,0.7779904482338935,0.1420095517661082,0.1420095517661082,True
2021-10-01,2,Prophet,0.9200000000000017,0.5511339855490185,0.3688660144509832,0.3688660144509832,True
2021-10-01,2,ETS,0.9200000000000017,0.658897463589226,0.26110253641077574,0.26110253641077574,True
2021-10-01,2,SARIMA,0.9200000000000017,0.18484278746799973,0.735157212532002,0.735157212532002,False
2021-10-01,2,NGBoost,0.9200000000000017,0.5498397068715803,0.37016029312842136,0.37016029312842136,True
2021-10-01,2,CatBoost,0.9200000000000017,0.4769332526112038,0.4430667473887979,0.4430667473887979,True
2021-10-01,2,Subcomp,0.9200000000000017,,,,
2021-10-01,2,Subcomp_Multi,0.9200000000000017,,,,
2021-10-01,2,Micro,0.9200000000000017,,,,
2021-10-01,12,Ridge,0.9200000000000017,0.5292737361044004,0.3907262638956013,0.3907262638956013,True
2021-10-01,12,Ridge_Ext,0.9200000000000017,,,,
2021-10-01,12,Bayes_Ridge,0.9200000000000017,,,,
2021-10-01,12,ElasticNet,0.9200000000000017,,,,
2021-10-01,12,Huber,0.9200000000000017,,,,
2021-10-01,12,Ridge_Shock,0.9200000000000017,,,,
2021-10-01,12,EBM,0.9200000000000017,0.5379999999999967,0.382000000000005,0.382000000000005,True
2021-10-01,12,LightGBM,0.9200000000000017,0.6362428925929464,0.2837571074070553,0.2837571074070553,True
2021-10-01,12,Prophet,0.9200000000000017,0.4041626502427345,0.5158373497572672,0.5158373497572672,False
2021-10-01,12,ETS,0.9200000000000017,0.3614614039427496,0.5585385960572521,0.5585385960572521,False
2021-10-01,12,SARIMA,0.9200000000000017,0.11907018066956825,0.8009298193304335,0.8009298193304335,False
2021-10-01,12,NGBoost,0.9200000000000017,0.5101102862835631,0.40988971371643856,0.40988971371643856,True
2021-10-01,12,CatBoost,0.9200000000000017,0.4468353184568912,0.47316468154311053,0.47316468154311053,True
2021-10-01,12,Subcomp,0.9200000000000017,,,,
2021-10-01,12,Subcomp_Multi,0.9200000000000017,,,,
2021-10-01,12,Micro,0.9200000000000017,,,,
2021-11-01,1,Ridge,0.8599999999999994,0.7426311729117856,0.11736882708821383,0.11736882708821383,True
2021-11-01,1,Ridge_Ext,0.8599999999999994,,,,
2021-11-01,1,Bayes_Ridge,0.8599999999999994,,,,
2021-11-01,1,ElasticNet,0.8599999999999994,,,,
2021-11-01,1,Huber,0.8599999999999994,,,,
2021-11-01,1,Ridge_Shock,0.8599999999999994,,,,
2021-11-01,1,EBM,0.8599999999999994,0.5600000000000023,0.29999999999999716,0.29999999999999716,True
2021-11-01,1,LightGBM,0.8599999999999994,0.8011207022681361,0.05887929773186329,0.05887929773186329,True
2021-11-01,1,Prophet,0.8599999999999994,0.5475348927980993,0.3124651072019001,0.3124651072019001,True
2021-11-01,1,ETS,0.8599999999999994,0.8474916563256452,0.012508343674354272,0.012508343674354272,True
2021-11-01,1,SARIMA,0.8599999999999994,0.7586963079737566,0.10130369202624279,0.10130369202624279,True
2021-11-01,1,NGBoost,0.8599999999999994,0.835139841706038,0.024860158293961376,0.024860158293961376,True
2021-11-01,1,CatBoost,0.8599999999999994,0.7873784642068813,0.07262153579311814,0.07262153579311814,True
2021-11-01,1,Subcomp,0.8599999999999994,,,,
2021-11-01,1,Subcomp_Multi,0.8599999999999994,,,,
2021-11-01,1,Micro,0.8599999999999994,,,,
2021-11-01,2,Ridge,0.8599999999999994,0.8587766056798074,0.0012233943201920283,0.0012233943201920283,True
2021-11-01,2,Ridge_Ext,0.8599999999999994,,,,
2021-11-01,2,Bayes_Ridge,0.8599999999999994,,,,
2021-11-01,2,ElasticNet,0.8599999999999994,,,,
2021-11-01,2,Huber,0.8599999999999994,,,,
2021-11-01,2,Ridge_Shock,0.8599999999999994,,,,
2021-11-01,2,EBM,0.8599999999999994,0.5600000000000023,0.29999999999999716,0.29999999999999716,True
2021-11-01,2,LightGBM,0.8599999999999994,0.8076741595823762,0.052325840417623226,0.052325840417623226,True
2021-11-01,2,Prophet,0.8599999999999994,0.5416596876857311,0.3183403123142683,0.3183403123142683,True
2021-11-01,2,ETS,0.8599999999999994,0.7692197962354398,0.09078020376455964,0.09078020376455964,True
2021-11-01,2,SARIMA,0.8599999999999994,0.5301653988523068,0.3298346011476926,0.3298346011476926,True
2021-11-01,2,NGBoost,0.8599999999999994,1.2138427951551733,-0.3538427951551739,0.3538427951551739,True
2021-11-01,2,CatBoost,0.8599999999999994,0.41863708768090646,0.44136291231909297,0.44136291231909297,True
2021-11-01,2,Subcomp,0.8599999999999994,,,,
2021-11-01,2,Subcomp_Multi,0.8599999999999994,,,,
2021-11-01,2,Micro,0.8599999999999994,,,,
2021-11-01,12,Ridge,0.8599999999999994,0.6431354599787795,0.2168645400212199,0.2168645400212199,True
2021-11-01,12,Ridge_Ext,0.8599999999999994,,,,
2021-11-01,12,Bayes_Ridge,0.8599999999999994,,,,
2021-11-01,12,ElasticNet,0.8599999999999994,,,,
2021-11-01,12,Huber,0.8599999999999994,,,,
2021-11-01,12,Ridge_Shock,0.8599999999999994,,,,
2021-11-01,12,EBM,0.8599999999999994,0.5600000000000023,0.29999999999999716,0.29999999999999716,True
2021-11-01,12,LightGBM,0.8599999999999994,0.14318237457354144,0.716817625426458,0.716817625426458,False
2021-11-01,12,Prophet,0.8599999999999994,0.48003439289218436,0.3799656071078151,0.3799656071078151,True
2021-11-01,12,ETS,0.8599999999999994,0.5566793143203167,0.30332068567968273,0.30332068567968273,True
2021-11-01,12,SARIMA,0.8599999999999994,0.18902065636645515,0.6709793436335443,0.6709793436335443,False
2021-11-01,12,NGBoost,0.8599999999999994,0.8814671567499488,-0.021467156749949368,0.021467156749949368,True
2021-11-01,12,CatBoost,0.8599999999999994,0.5671901737952396,0.2928098262047598,0.2928098262047598,True
2021-11-01,12,Subcomp,0.8599999999999994,,,,
2021-11-01,12,Subcomp_Multi,0.8599999999999994,,,,
2021-11-01,12,Micro,0.8599999999999994,,,,
2021-12-01,1,Ridge,0.20999999999999375,0.7576551957529887,-0.5476551957529949,0.5476551957529949,False
2021-12-01,1,Ridge_Ext,0.20999999999999375,,,,
2021-12-01,1,Bayes_Ridge,0.20999999999999375,,,,
2021-12-01,1,ElasticNet,0.20999999999999375,,,,
2021-12-01,1,Huber,0.20999999999999375,,,,
2021-12-01,1,Ridge_Shock,0.20999999999999375,,,,
2021-12-01,1,EBM,0.20999999999999375,0.8580000000000041,-0.6480000000000103,0.6480000000000103,False
2021-12-01,1,LightGBM,0.20999999999999375,1.0540336923833138,-0.84403369238332,0.84403369238332,False
2021-12-01,1,Prophet,0.20999999999999375,1.0744709416043023,-0.8644709416043086,0.8644709416043086,False
2021-12-01,1,ETS,0.20999999999999375,1.182185939910405,-0.9721859399104114,0.9721859399104114,False
2021-12-01,1,SARIMA,0.20999999999999375,0.7084949329404184,-0.4984949329404247,0.4984949329404247,True
2021-12-01,1,NGBoost,0.20999999999999375,0.6462671391786614,-0.43626713917866766,0.43626713917866766,True
2021-12-01,1,CatBoost,0.20999999999999375,0.6511363899247584,-0.44113638992476467,0.44113638992476467,True
2021-12-01,1,Subcomp,0.20999999999999375,,,,
2021-12-01,1,Subcomp_Multi,0.20999999999999375,,,,
2021-12-01,1,Micro,0.20999999999999375,,,,
2021-12-01,2,Ridge,0.20999999999999375,1.0186762461988934,-0.8086762461988997,0.8086762461988997,False
2021-12-01,2,Ridge_Ext,0.20999999999999375,,,,
2021-12-01,2,Bayes_Ridge,0.20999999999999375,,,,
2021-12-01,2,ElasticNet,0.20999999999999375,,,,
2021-12-01,2,Huber,0.20999999999999375,,,,
2021-12-01,2,Ridge_Shock,0.20999999999999375,,,,
2021-12-01,2,EBM,0.20999999999999375,0.8580000000000041,-0.6480000000000103,0.6480000000000103,False
2021-12-01,2,LightGBM,0.20999999999999375,1.0519512378214273,-0.8419512378214336,0.8419512378214336,False
2021-12-01,2,Prophet,0.20999999999999375,1.05350084179985,-0.8435008417998562,0.8435008417998562,False
2021-12-01,2,ETS,0.20999999999999375,1.177489761307911,-0.9674897613079172,0.9674897613079172,False
2021-12-01,2,SARIMA,0.20999999999999375,0.6380608083037389,-0.42806080830374516,0.42806080830374516,True
2021-12-01,2,NGBoost,0.20999999999999375,0.9114797104954562,-0.7014797104954624,0.7014797104954624,False
2021-12-01,2,CatBoost,0.20999999999999375,0.6052613096786672,-0.39526130967867346,0.39526130967867346,True
2021-12-01,2,Subcomp,0.20999999999999375,,,,
2021-12-01,2,Subcomp_Multi,0.20999999999999375,,,,
2021-12-01,2,Micro,0.20999999999999375,,,,
2021-12-01,12,Ridge,0.20999999999999375,0.7663953624476534,-0.5563953624476596,0.5563953624476596,False
2021-12-01,12,Ridge_Ext,0.20999999999999375,,,,
2021-12-01,12,Bayes_Ridge,0.20999999999999375,,,,
2021-12-01,12,ElasticNet,0.20999999999999375,,,,
2021-12-01,12,Huber,0.20999999999999375,,,,
2021-12-01,12,Ridge_Shock,0.20999999999999375,,,,
2021-12-01,12,EBM,0.20999999999999375,0.8580000000000041,-0.6480000000000103,0.6480000000000103,False
2021-12-01,12,LightGBM,0.20999999999999375,0.8138045095802653,-0.6038045095802715,0.6038045095802715,False
2021-12-01,12,Prophet,0.20999999999999375,0.9694000833228518,-0.759400083322858,0.759400083322858,False
2021-12-01,12,ETS,0.20999999999999375,0.8805519160083218,-0.6705519160083281,0.6705519160083281,False
2021-12-01,12,SARIMA,0.20999999999999375,0.2197084523103717,-0.009708452310377952,0.009708452310377952,True
2021-12-01,12,NGBoost,0.20999999999999375,0.8563510763663231,-0.6463510763663294,0.6463510763663294,False
2021-12-01,12,CatBoost,0.20999999999999375,0.5555041288698135,-0.34550412886981974,0.34550412886981974,True
2021-12-01,12,Subcomp,0.20999999999999375,,,,
2021-12-01,12,Subcomp_Multi,0.20999999999999375,,,,
2021-12-01,12,Micro,0.20999999999999375,,,,
2022-01-01,1,Ridge,1.2199999999999989,0.9734334288996678,0.2465665711003311,0.2465665711003311,True
2022-01-01,1,Ridge_Ext,1.2199999999999989,,,,
2022-01-01,1,Bayes_Ridge,1.2199999999999989,,,,
2022-01-01,1,ElasticNet,1.2199999999999989,,,,
2022-01-01,1,Huber,1.2199999999999989,,,,
2022-01-01,1,Ridge_Shock,1.2199999999999989,,,,
2022-01-01,1,EBM,1.2199999999999989,1.0190909999999889,0.20090900000001,0.20090900000001,True
2022-01-01,1,LightGBM,1.2199999999999989,0.5048261226824593,0.7151738773175396,0.7151738773175396,False
2022-01-01,1,Prophet,1.2199999999999989,0.9228342644332634,0.2971657355667354,0.2971657355667354,True
2022-01-01,1,ETS,1.2199999999999989,0.9377997132972908,0.282200286702708,0.282200286702708,True
2022-01-01,1,SARIMA,1.2199999999999989,0.16518265129880402,1.054817348701195,1.054817348701195,False
2022-01-01,1,NGBoost,1.2199999999999989,0.9823292997074162,0.23767070029258264,0.23767070029258264,True
2022-01-01,1,CatBoost,1.2199999999999989,0.5932831552149054,0.6267168447850935,0.6267168447850935,False
2022-01-01,1,Subcomp,1.2199999999999989,,,,
2022-01-01,1,Subcomp_Multi,1.2199999999999989,,,,
2022-01-01,1,Micro,1.2199999999999989,,,,
2022-01-01,2,Ridge,1.2199999999999989,1.0108916669959882,0.20910833300401066,0.20910833300401066,True
2022-01-01,2,Ridge_Ext,1.2199999999999989,,,,
2022-01-01,2,Bayes_Ridge,1.2199999999999989,,,,
2022-01-01,2,ElasticNet,1.2199999999999989,,,,
2022-01-01,2,Huber,1.2199999999999989,,,,
2022-01-01,2,Ridge_Shock,1.2199999999999989,,,,
2022-01-01,2,EBM,1.2199999999999989,1.0190909999999889,0.20090900000001,0.20090900000001,True
2022-01-01,2,LightGBM,1.2199999999999989,0.8857730438712821,0.3342269561287168,0.3342269561287168,True
2022-01-01,2,Prophet,1.2199999999999989,0.9682755605261124,0.25172443947388645,0.25172443947388645,True
2022-01-01,2,ETS,1.2199999999999989,1.2933735125688939,-0.07337351256889502,0.07337351256889502,True
2022-01-01,2,SARIMA,1.2199999999999989,0.5098883497877857,0.7101116502122131,0.7101116502122131,False
2022-01-01,2,NGBoost,1.2199999999999989,0.9686903409336907,0.2513096590663082,0.2513096590663082,True
2022-01-01,2,CatBoost,1.2199999999999989,0.6785362885108555,0.5414637114891434,0.5414637114891434,False
2022-01-01,2,Subcomp,1.2199999999999989,,,,
2022-01-01,2,Subcomp_Multi,1.2199999999999989,,,,
2022-01-01,2,Micro,1.2199999999999989,,,,
2022-01-01,12,Ridge,1.2199999999999989,0.9852414407185961,0.23475855928140277,0.23475855928140277,True
2022-01-01,12,Ridge_Ext,1.2199999999999989,,,,
2022-01-01,12,Bayes_Ridge,1.2199999999999989,,,,
2022-01-01,12,ElasticNet,1.2199999999999989,,,,
2022-01-01,12,Huber,1.2199999999999989,,,,
2022-01-01,12,Ridge_Shock,1.2199999999999989,,,,
2022-01-01,12,EBM,1.2199999999999989,1.0190909999999889,0.20090900000001,0.20090900000001,True
2022-01-01,12,LightGBM,1.2199999999999989,0.7185982884917479,0.501401711508251,0.501401711508251,False
2022-01-01,12,Prophet,1.2199999999999989,0.8032770379089804,0.41672296209101845,0.41672296209101845,True
2022-01-01,12,ETS,1.2199999999999989,0.8117001913699458,0.4082998086300531,0.4082998086300531,True
2022-01-01,12,SARIMA,1.2199999999999989,0.14292195927912604,1.0770780407208729,1.0770780407208729,False
2022-01-01,12,NGBoost,1.2199999999999989,0.9845113558061485,0.2354886441938504,0.2354886441938504,True
2022-01-01,12,CatBoost,1.2199999999999989,0.4893713566230531,0.7306286433769458,0.7306286433769458,False
2022-01-01,12,Subcomp,1.2199999999999989,,,,
2022-01-01,12,Subcomp_Multi,1.2199999999999989,,,,
2022-01-01,12,Micro,1.2199999999999989,,,,
2022-02-01,1,Ridge,0.9399999999999977,0.8939398979446622,0.046060102055335506,0.046060102055335506,True
2022-02-01,1,Ridge_Ext,0.9399999999999977,,,,
2022-02-01,1,Bayes_Ridge,0.9399999999999977,,,,
2022-02-01,1,ElasticNet,0.9399999999999977,,,,
2022-02-01,1,Huber,0.9399999999999977,,,,
2022-02-01,1,Ridge_Shock,0.9399999999999977,,,,
2022-02-01,1,EBM,0.9399999999999977,0.8772727272727394,0.06272727272725831,0.06272727272725831,True
2022-02-01,1,LightGBM,0.9399999999999977,1.2249477988468414,-0.2849477988468436,0.2849477988468436,True
2022-02-01,1,Prophet,0.9399999999999977,0.9228342644332634,0.017165735566734286,0.017165735566734286,True
2022-02-01,1,ETS,0.9399999999999977,0.8897659056053273,0.050234094394670414,0.050234094394670414,True
2022-02-01,1,SARIMA,0.9399999999999977,0.9593881723844054,-0.01938817238440771,0.01938817238440771,True
2022-02-01,1,NGBoost,0.9399999999999977,1.0834263865407507,-0.14342638654075301,0.14342638654075301,True
2022-02-01,1,CatBoost,0.9399999999999977,1.0458986551110598,-0.10589865511106211,0.10589865511106211,True
2022-02-01,1,Subcomp,0.9399999999999977,,,,
2022-02-01,1,Subcomp_Multi,0.9399999999999977,,,,
2022-02-01,1,Micro,0.9399999999999977,,,,
2022-02-01,2,Ridge,0.9399999999999977,0.5259990465684155,0.4140009534315823,0.4140009534315823,True
2022-02-01,2,Ridge_Ext,0.9399999999999977,,,,
2022-02-01,2,Bayes_Ridge,0.9399999999999977,,,,
2022-02-01,2,ElasticNet,0.9399999999999977,,,,
2022-02-01,2,Huber,0.9399999999999977,,,,
2022-02-01,2,Ridge_Shock,0.9399999999999977,,,,
2022-02-01,2,EBM,0.9399999999999977,0.8772727272727394,0.06272727272725831,0.06272727272725831,True
2022-02-01,2,LightGBM,0.9399999999999977,0.5205332696444316,0.41946673035556614,0.41946673035556614,True
2022-02-01,2,Prophet,0.9399999999999977,0.5919449683116916,0.3480550316883061,0.3480550316883061,True
2022-02-01,2,ETS,0.9399999999999977,0.7836263747011745,0.15637362529882326,0.15637362529882326,True
2022-02-01,2,SARIMA,0.9399999999999977,0.2558040299057758,0.684195970094222,0.684195970094222,False
2022-02-01,2,NGBoost,0.9399999999999977,0.6319734086858091,0.30802659131418864,0.30802659131418864,True
2022-02-01,2,CatBoost,0.9399999999999977,0.5373125608847431,0.4026874391152546,0.4026874391152546,True
2022-02-01,2,Subcomp,0.9399999999999977,,,,
2022-02-01,2,Subcomp_Multi,0.9399999999999977,,,,
2022-02-01,2,Micro,0.9399999999999977,,,,
2022-02-01,12,Ridge,0.9399999999999977,0.8483957607814432,0.09160423921855454,0.09160423921855454,True
2022-02-01,12,Ridge_Ext,0.9399999999999977,,,,
2022-02-01,12,Bayes_Ridge,0.9399999999999977,,,,
2022-02-01,12,ElasticNet,0.9399999999999977,,,,
2022-02-01,12,Huber,0.9399999999999977,,,,
2022-02-01,12,Ridge_Shock,0.9399999999999977,,,,
2022-02-01,12,EBM,0.9399999999999977,0.8772727272727394,0.06272727272725831,0.06272727272725831,True
2022-02-01,12,LightGBM,0.9399999999999977,0.19393115571351416,0.7460688442864836,0.7460688442864836,False
2022-02-01,12,Prophet,0.9399999999999977,0.5722988380270025,0.3677011619729952,0.3677011619729952,True
2022-02-01,12,ETS,0.9399999999999977,0.7952825841021757,0.14471741589782205,0.14471741589782205,True
2022-02-01,12,SARIMA,0.9399999999999977,0.2525874380247838,0.6874125619752139,0.6874125619752139,False
2022-02-01,12,NGBoost,0.9399999999999977,0.6833132454126201,0.25668675458737766,0.25668675458737766,True
2022-02-01,12,CatBoost,0.9399999999999977,0.5599669018259164,0.3800330981740814,0.3800330981740814,True
2022-02-01,12,Subcomp,0.9399999999999977,,,,
2022-02-01,12,Subcomp_Multi,0.9399999999999977,,,,
2022-02-01,12,Micro,0.9399999999999977,,,,
2022-03-01,1,Ridge,5.549999999999997,0.7938556685183329,4.756144331481664,4.756144331481664,False
2022-03-01,1,Ridge_Ext,5.549999999999997,,,,
2022-03-01,1,Bayes_Ridge,5.549999999999997,,,,
2022-03-01,1,ElasticNet,5.549999999999997,,,,
2022-03-01,1,Huber,5.549999999999997,,,,
2022-03-01,1,Ridge_Shock,5.549999999999997,,,,
2022-03-01,1,EBM,5.549999999999997,0.7490909090909099,4.800909090909087,4.800909090909087,False
2022-03-01,1,LightGBM,5.549999999999997,0.6912437888550045,4.858756211144993,4.858756211144993,False
2022-03-01,1,Prophet,5.549999999999997,0.9228342644332634,4.6271657355667335,4.6271657355667335,False
2022-03-01,1,ETS,5.549999999999997,0.7668855839882633,4.783114416011734,4.783114416011734,False
2022-03-01,1,SARIMA,5.549999999999997,0.8249372773713267,4.72506272262867,4.72506272262867,False
2022-03-01,1,NGBoost,5.549999999999997,0.7178300643858364,4.832169935614161,4.832169935614161,False
2022-03-01,1,CatBoost,5.549999999999997,0.7545616877972066,4.795438312202791,4.795438312202791,False
2022-03-01,1,Subcomp,5.549999999999997,,,,
2022-03-01,1,Subcomp_Multi,5.549999999999997,,,,
2022-03-01,1,Micro,5.549999999999997,,,,
2022-03-01,2,Ridge,5.549999999999997,0.7858589991256508,4.764141000874346,4.764141000874346,False
2022-03-01,2,Ridge_Ext,5.549999999999997,,,,
2022-03-01,2,Bayes_Ridge,5.549999999999997,,,,
2022-03-01,2,ElasticNet,5.549999999999997,,,,
2022-03-01,2,Huber,5.549999999999997,,,,
2022-03-01,2,Ridge_Shock,5.549999999999997,,,,
2022-03-01,2,EBM,5.549999999999997,0.7490909090909099,4.800909090909087,4.800909090909087,False
2022-03-01,2,LightGBM,5.549999999999997,1.1417020844223202,4.408297915577677,4.408297915577677,False
2022-03-01,2,Prophet,5.549999999999997,0.5919449683116916,4.958055031688305,4.958055031688305,False
2022-03-01,2,ETS,5.549999999999997,0.7489351414810079,4.8010648585189895,4.8010648585189895,False
2022-03-01,2,SARIMA,5.549999999999997,0.8380523384334889,4.711947661566509,4.711947661566509,False
2022-03-01,2,NGBoost,5.549999999999997,0.9694842853847518,4.580515714615245,4.580515714615245,False
2022-03-01,2,CatBoost,5.549999999999997,0.5624010413710891,4.987598958628908,4.987598958628908,False
2022-03-01,2,Subcomp,5.549999999999997,,,,
2022-03-01,2,Subcomp_Multi,5.549999999999997,,,,
2022-03-01,2,Micro,5.549999999999997,,,,
2022-03-01,12,Ridge,5.549999999999997,0.9072381940452487,4.642761805954748,4.642761805954748,False
2022-03-01,12,Ridge_Ext,5.549999999999997,,,,
2022-03-01,12,Bayes_Ridge,5.549999999999997,,,,
2022-03-01,12,ElasticNet,5.549999999999997,,,,
2022-03-01,12,Huber,5.549999999999997,,,,
2022-03-01,12,Ridge_Shock,5.549999999999997,,,,
2022-03-01,12,EBM,5.549999999999997,0.7490909090909099,4.800909090909087,4.800909090909087,False
2022-03-01,12,LightGBM,5.549999999999997,1.8160271451988592,3.733972854801138,3.733972854801138,False
2022-03-01,12,Prophet,5.549999999999997,1.3381830898909053,4.211816910109092,4.211816910109092,False
2022-03-01,12,ETS,5.549999999999997,0.917036482937143,4.632963517062854,4.632963517062854,False
2022-03-01,12,SARIMA,5.549999999999997,0.3244941551918301,5.225505844808167,5.225505844808167,False
2022-03-01,12,NGBoost,5.549999999999997,0.8856748142201667,4.6643251857798305,4.6643251857798305,False
2022-03-01,12,CatBoost,5.549999999999997,0.5389609158333428,5.011039084166654,5.011039084166654,False
2022-03-01,12,Subcomp,5.549999999999997,,,,
2022-03-01,12,Subcomp_Multi,5.549999999999997,,,,
2022-03-01,12,Micro,5.549999999999997,,,,
2022-04-01,1,Ridge,3.280000000000001,3.212040688169452,0.06795931183054904,0.06795931183054904,True
2022-04-01,1,Ridge_Ext,3.280000000000001,,,,
2022-04-01,1,Bayes_Ridge,3.280000000000001,,,,
2022-04-01,1,ElasticNet,3.280000000000001,,,,
2022-04-01,1,Huber,3.280000000000001,,,,
2022-04-01,1,Ridge_Shock,3.280000000000001,,,,
2022-04-01,1,EBM,3.280000000000001,0.8409090909090935,2.4390909090909076,2.4390909090909076,False
2022-04-01,1,LightGBM,3.280000000000001,2.307972414159508,0.9720275858404932,0.9720275858404932,False
2022-04-01,1,Prophet,3.280000000000001,0.9228342644332634,2.3571657355667375,2.3571657355667375,False
2022-04-01,1,ETS,3.280000000000001,2.3935933354751033,0.8864066645248978,0.8864066645248978,False
2022-04-01,1,SARIMA,3.280000000000001,3.813500489061511,-0.53350048906151,0.53350048906151,False
2022-04-01,1,NGBoost,3.280000000000001,1.6460417132358742,1.633958286764127,1.633958286764127,False
2022-04-01,1,CatBoost,3.280000000000001,2.0631673747432444,1.2168326252567567,1.2168326252567567,False
2022-04-01,1,Subcomp,3.280000000000001,,,,
2022-04-01,1,Subcomp_Multi,3.280000000000001,,,,
2022-04-01,1,Micro,3.280000000000001,,,,
2022-04-01,2,Ridge,3.280000000000001,0.8539518762726743,2.426048123727327,2.426048123727327,False
2022-04-01,2,Ridge_Ext,3.280000000000001,,,,
2022-04-01,2,Bayes_Ridge,3.280000000000001,,,,
2022-04-01,2,ElasticNet,3.280000000000001,,,,
2022-04-01,2,Huber,3.280000000000001,,,,
2022-04-01,2,Ridge_Shock,3.280000000000001,,,,
2022-04-01,2,EBM,3.280000000000001,0.8409090909090935,2.4390909090909076,2.4390909090909076,False
2022-04-01,2,LightGBM,3.280000000000001,0.7294413040389287,2.5505586959610724,2.5505586959610724,False
2022-04-01,2,Prophet,3.280000000000001,0.5919449683116916,2.6880550316883096,2.6880550316883096,False
2022-04-01,2,ETS,3.280000000000001,0.8235523058002758,2.456447694199725,2.456447694199725,False
2022-04-01,2,SARIMA,3.280000000000001,0.5844885070988445,2.6955114929011565,2.6955114929011565,False
2022-04-01,2,NGBoost,3.280000000000001,0.7010965779521001,2.578903422047901,2.578903422047901,False
2022-04-01,2,CatBoost,3.280000000000001,0.4678656133387449,2.8121343866612563,2.8121343866612563,False
2022-04-01,2,Subcomp,3.280000000000001,,,,
2022-04-01,2,Subcomp_Multi,3.280000000000001,,,,
2022-04-01,2,Micro,3.280000000000001,,,,
2022-04-01,12,Ridge,3.280000000000001,0.8139801415308483,2.466019858469153,2.466019858469153,False
2022-04-01,12,Ridge_Ext,3.280000000000001,,,,
2022-04-01,12,Bayes_Ridge,3.280000000000001,,,,
2022-04-01,12,ElasticNet,3.280000000000001,,,,
2022-04-01,12,Huber,3.280000000000001,,,,
2022-04-01,12,Ridge_Shock,3.280000000000001,,,,
2022-04-01,12,EBM,3.280000000000001,0.8409090909090935,2.4390909090909076,2.4390909090909076,False
2022-04-01,12,LightGBM,3.280000000000001,0.3513226019956619,2.9286773980043392,2.9286773980043392,False
2022-04-01,12,Prophet,3.280000000000001,1.1474925798813067,2.1325074201186944,2.1325074201186944,False
2022-04-01,12,ETS,3.280000000000001,0.9203486157788885,2.3596513842211126,2.3596513842211126,False
2022-04-01,12,SARIMA,3.280000000000001,0.19185906354749738,3.0881409364525036,3.0881409364525036,False
2022-04-01,12,NGBoost,3.280000000000001,0.7688690982363369,2.5111309017636643,2.5111309017636643,False
2022-04-01,12,CatBoost,3.280000000000001,0.7145087694698447,2.5654912305301565,2.5654912305301565,False
2022-04-01,12,Subcomp,3.280000000000001,,,,
2022-04-01,12,Subcomp_Multi,3.280000000000001,,,,
2022-04-01,12,Micro,3.280000000000001,,,,
2022-05-01,1,Ridge,0.6800000000000068,0.6796608105566975,0.0003391894433093512,0.0003391894433093512,True
2022-05-01,1,Ridge_Ext,0.6800000000000068,,,,
2022-05-01,1,Bayes_Ridge,0.6800000000000068,,,,
2022-05-01,1,ElasticNet,0.6800000000000068,,,,
2022-05-01,1,Huber,0.6800000000000068,,,,
2022-05-01,1,Ridge_Shock,0.6800000000000068,,,,
2022-05-01,1,EBM,0.6800000000000068,0.537272727272736,0.14272727272727082,0.14272727272727082,True
2022-05-01,1,LightGBM,0.6800000000000068,1.880987671029132,-1.2009876710291252,1.2009876710291252,False
2022-05-01,1,Prophet,0.6800000000000068,0.9228342644332634,-0.24283426443325662,0.24283426443325662,True
2022-05-01,1,ETS,0.6800000000000068,2.7782657505821584,-2.0982657505821516,2.0982657505821516,False
2022-05-01,1,SARIMA,0.6800000000000068,2.6483737337553297,-1.9683737337553229,1.9683737337553229,False
2022-05-01,1,NGBoost,0.6800000000000068,0.7067022086776973,-0.026702208677690464,0.026702208677690464,True
2022-05-01,1,CatBoost,0.6800000000000068,1.7989579400795037,-1.118957940079497,1.118957940079497,False
2022-05-01,1,Subcomp,0.6800000000000068,,,,
2022-05-01,1,Subcomp_Multi,0.6800000000000068,,,,
2022-05-01,1,Micro,0.6800000000000068,,,,
2022-05-01,2,Ridge,0.6800000000000068,0.88005478428164,-0.20005478428163315,0.20005478428163315,True
2022-05-01,2,Ridge_Ext,0.6800000000000068,,,,
2022-05-01,2,Bayes_Ridge,0.6800000000000068,,,,
2022-05-01,2,ElasticNet,0.6800000000000068,,,,
2022-05-01,2,Huber,0.6800000000000068,,,,
2022-05-01,2,Ridge_Shock,0.6800000000000068,,,,
2022-05-01,2,EBM,0.6800000000000068,0.537272727272736,0.14272727272727082,0.14272727272727082,True
2022-05-01,2,LightGBM,0.6800000000000068,1.880987671029132,-1.2009876710291252,1.2009876710291252,False
2022-05-01,2,Prophet,0.6800000000000068,0.5919449683116916,0.08805503168831519,0.08805503168831519,True
2022-05-01,2,ETS,0.6800000000000068,2.1194095668648454,-1.4394095668648386,1.4394095668648386,False
2022-05-01,2,SARIMA,0.6800000000000068,3.0539838451187142,-2.3739838451187074,2.3739838451187074,False
2022-05-01,2,NGBoost,0.6800000000000068,0.7310824156765108,-0.051082415676503956,0.051082415676503956,True
2022-05-01,2,CatBoost,0.6800000000000068,0.9999306909329988,-0.319930690932992,0.319930690932992,True
2022-05-01,2,Subcomp,0.6800000000000068,,,,
2022-05-01,2,Subcomp_Multi,0.6800000000000068,,,,
2022-05-01,2,Micro,0.6800000000000068,,,,
2022-05-01,12,Ridge,0.6800000000000068,0.5320249097675145,0.14797509023249233,0.14797509023249233,True
2022-05-01,12,Ridge_Ext,0.6800000000000068,,,,
2022-05-01,12,Bayes_Ridge,0.6800000000000068,,,,
2022-05-01,12,ElasticNet,0.6800000000000068,,,,
2022-05-01,12,Huber,0.6800000000000068,,,,
2022-05-01,12,Ridge_Shock,0.6800000000000068,,,,
2022-05-01,12,EBM,0.6800000000000068,0.537272727272736,0.14272727272727082,0.14272727272727082,True
2022-05-01,12,LightGBM,0.6800000000000068,0.7011893153907209,-0.021189315390714114,0.021189315390714114,True
2022-05-01,12,Prophet,0.6800000000000068,0.5200927089504035,0.15990729104960333,0.15990729104960333,True
2022-05-01,12,ETS,0.6800000000000068,0.5428814216456426,0.13711857835436425,0.13711857835436425,True
2022-05-01,12,SARIMA,0.6800000000000068,0.10261155534494437,0.5773884446550624,0.5773884446550624,False
2022-05-01,12,NGBoost,0.6800000000000068,0.5427509860363813,0.13724901396362554,0.13724901396362554,True
2022-05-01,12,CatBoost,0.6800000000000068,0.5045241136601533,0.17547588633985356,0.17547588633985356,True
2022-05-01,12,Subcomp,0.6800000000000068,,,,
2022-05-01,12,Subcomp_Multi,0.6800000000000068,,,,
2022-05-01,12,Micro,0.6800000000000068,,,,
2022-06-01,1,Ridge,-0.6800000000000068,0.028359111965954753,-0.7083591119659616,0.7083591119659616,False
2022-06-01,1,Ridge_Ext,-0.6800000000000068,,,,
2022-06-01,1,Bayes_Ridge,-0.6800000000000068,,,,
2022-06-01,1,ElasticNet,-0.6800000000000068,,,,
2022-06-01,1,Huber,-0.6800000000000068,,,,
2022-06-01,1,Ridge_Shock,-0.6800000000000068,,,,
2022-06-01,1,EBM,-0.6800000000000068,0.12545418181819912,-0.8054541818182059,0.8054541818182059,False
2022-06-01,1,LightGBM,-0.6800000000000068,0.16218691954914277,-0.8421869195491496,0.8421869195491496,False
2022-06-01,1,Prophet,-0.6800000000000068,0.9228342644332634,-1.6028342644332703,1.6028342644332703,False
2022-06-01,1,ETS,-0.6800000000000068,1.4011117389964656,-2.0811117389964724,2.0811117389964724,False
2022-06-01,1,SARIMA,-0.6800000000000068,0.5768518200548939,-1.2568518200549006,1.2568518200549006,False
2022-06-01,1,NGBoost,-0.6800000000000068,0.3237384509737353,-1.0037384509737421,1.0037384509737421,False
2022-06-01,1,CatBoost,-0.6800000000000068,0.5431682265405726,-1.2231682265405794,1.2231682265405794,False
2022-06-01,1,Subcomp,-0.6800000000000068,,,,
2022-06-01,1,Subcomp_Multi,-0.6800000000000068,,,,
2022-06-01,1,Micro,-0.6800000000000068,,,,
2022-06-01,2,Ridge,-0.6800000000000068,0.869545793583228,-1.5495457935832349,1.5495457935832349,False
2022-06-01,2,Ridge_Ext,-0.6800000000000068,,,,
2022-06-01,2,Bayes_Ridge,-0.6800000000000068,,,,
2022-06-01,2,ElasticNet,-0.6800000000000068,,,,
2022-06-01,2,Huber,-0.6800000000000068,,,,
2022-06-01,2,Ridge_Shock,-0.6800000000000068,,,,
2022-06-01,2,EBM,-0.6800000000000068,0.12545418181819912,-0.8054541818182059,0.8054541818182059,False
2022-06-01,2,LightGBM,-0.6800000000000068,1.59474264296297,-2.274742642962977,2.274742642962977,False
2022-06-01,2,Prophet,-0.6800000000000068,0.5919449683116916,-1.2719449683116983,1.2719449683116983,False
2022-06-01,2,ETS,-0.6800000000000068,2.4082649013160844,-3.088264901316091,3.088264901316091,False
2022-06-01,2,SARIMA,-0.6800000000000068,2.2009396992200605,-2.8809396992200673,2.8809396992200673,False
2022-06-01,2,NGBoost,-0.6800000000000068,0.8399600915348344,-1.5199600915348412,1.5199600915348412,False
2022-06-01,2,CatBoost,-0.6800000000000068,0.6739727706654861,-1.353972770665493,1.353972770665493,False
2022-06-01,2,Subcomp,-0.6800000000000068,,,,
2022-06-01,2,Subcomp_Multi,-0.6800000000000068,,,,
2022-06-01,2,Micro,-0.6800000000000068,,,,
2022-06-01,12,Ridge,-0.6800000000000068,0.25093722505050664,-0.9309372250505135,0.9309372250505135,False
2022-06-01,12,Ridge_Ext,-0.6800000000000068,,,,
2022-06-01,12,Bayes_Ridge,-0.6800000000000068,,,,
2022-06-01,12,ElasticNet,-0.6800000000000068,,,,
2022-06-01,12,Huber,-0.6800000000000068,,,,
2022-06-01,12,Ridge_Shock,-0.6800000000000068,,,,
2022-06-01,12,EBM,-0.6800000000000068,0.12545418181819912,-0.8054541818182059,0.8054541818182059,False
2022-06-01,12,LightGBM,-0.6800000000000068,-0.13088696816900836,-0.5491130318309985,0.5491130318309985,False
2022-06-01,12,Prophet,-0.6800000000000068,0.31591967156226886,-0.9959196715622757,0.9959196715622757,False
2022-06-01,12,ETS,-0.6800000000000068,0.32157943916238424,-1.0015794391623911,1.0015794391623911,False
2022-06-01,12,SARIMA,-0.6800000000000068,0.14138539708295178,-0.8213853970829585,0.8213853970829585,False
2022-06-01,12,NGBoost,-0.6800000000000068,0.19994184063264697,-0.8799418406326538,0.8799418406326538,False
2022-06-01,12,CatBoost,-0.6800000000000068,0.2841420066571487,-0.9641420066571555,0.9641420066571555,False
2022-06-01,12,Subcomp,-0.6800000000000068,,,,
2022-06-01,12,Subcomp_Multi,-0.6800000000000068,,,,
2022-06-01,12,Micro,-0.6800000000000068,,,,
2022-07-01,1,Ridge,-0.769999999999996,-0.4472043437109363,-0.3227956562890597,0.3227956562890597,True
2022-07-01,1,Ridge_Ext,-0.769999999999996,,,,
2022-07-01,1,Bayes_Ridge,-0.769999999999996,,,,
2022-07-01,1,ElasticNet,-0.769999999999996,,,,
2022-07-01,1,Huber,-0.769999999999996,,,,
2022-07-01,1,Ridge_Shock,-0.769999999999996,,,,
2022-07-01,1,EBM,-0.769999999999996,0.24545409090909232,-1.0154540909090883,1.0154540909090883,False
2022-07-01,1,LightGBM,-0.769999999999996,0.36049303737814853,-1.1304930373781445,1.1304930373781445,False
2022-07-01,1,Prophet,-0.769999999999996,0.9228342644332634,-1.6928342644332595,1.6928342644332595,False
2022-07-01,1,ETS,-0.769999999999996,0.852496517429688,-1.622496517429684,1.622496517429684,False
2022-07-01,1,SARIMA,-0.769999999999996,-0.5036989166658142,-0.2663010833341818,0.2663010833341818,True
2022-07-01,1,NGBoost,-0.769999999999996,0.24349547336895228,-1.0134954733689483,1.0134954733689483,False
2022-07-01,1,CatBoost,-0.769999999999996,0.2612645565124012,-1.0312645565123972,1.0312645565123972,False
2022-07-01,1,Subcomp,-0.769999999999996,,,,
2022-07-01,1,Subcomp_Multi,-0.769999999999996,,,,
2022-07-01,1,Micro,-0.769999999999996,,,,
2022-07-01,2,Ridge,-0.769999999999996,-0.07520389405995331,-0.6947961059400427,0.6947961059400427,False
2022-07-01,2,Ridge_Ext,-0.769999999999996,,,,
2022-07-01,2,Bayes_Ridge,-0.769999999999996,,,,
2022-07-01,2,ElasticNet,-0.769999999999996,,,,
2022-07-01,2,Huber,-0.769999999999996,,,,
2022-07-01,2,Ridge_Shock,-0.769999999999996,,,,
2022-07-01,2,EBM,-0.769999999999996,0.24545409090909232,-1.0154540909090883,1.0154540909090883,False
2022-07-01,2,LightGBM,-0.769999999999996,0.7794270310848646,-1.5494270310848606,1.5494270310848606,False
2022-07-01,2,Prophet,-0.769999999999996,0.5919449683116916,-1.3619449683116875,1.3619449683116875,False
2022-07-01,2,ETS,-0.769999999999996,1.4094874804743929,-2.179487480474389,2.179487480474389,False
2022-07-01,2,SARIMA,-0.769999999999996,0.3319266336749969,-1.1019266336749929,1.1019266336749929,False
2022-07-01,2,NGBoost,-0.769999999999996,0.886828918060786,-1.656828918060782,1.656828918060782,False
2022-07-01,2,CatBoost,-0.769999999999996,0.23515826089614222,-1.0051582608961382,1.0051582608961382,False
2022-07-01,2,Subcomp,-0.769999999999996,,,,
2022-07-01,2,Subcomp_Multi,-0.769999999999996,,,,
2022-07-01,2,Micro,-0.769999999999996,,,,
2022-07-01,12,Ridge,-0.769999999999996,0.23541127514596383,-1.0054112751459598,1.0054112751459598,False
2022-07-01,12,Ridge_Ext,-0.769999999999996,,,,
2022-07-01,12,Bayes_Ridge,-0.769999999999996,,,,
2022-07-01,12,ElasticNet,-0.769999999999996,,,,
2022-07-01,12,Huber,-0.769999999999996,,,,
2022-07-01,12,Ridge_Shock,-0.769999999999996,,,,
2022-07-01,12,EBM,-0.769999999999996,0.24545409090909232,-1.0154540909090883,1.0154540909090883,False
2022-07-01,12,LightGBM,-0.769999999999996,0.06033967351831393,-0.83033967351831,0.83033967351831,False
2022-07-01,12,Prophet,-0.769999999999996,0.1574385230883802,-0.9274385230883762,0.9274385230883762,False
2022-07-01,12,ETS,-0.769999999999996,0.28072215262159156,-1.0507221526215875,1.0507221526215875,False
2022-07-01,12,SARIMA,-0.769999999999996,0.05992720960997971,-0.8299272096099757,0.8299272096099757,False
2022-07-01,12,NGBoost,-0.769999999999996,0.23946120633097223,-1.0094612063309683,1.0094612063309683,False
2022-07-01,12,CatBoost,-0.769999999999996,0.3191200981272999,-1.089120098127296,1.089120098127296,False
2022-07-01,12,Subcomp,-0.769999999999996,,,,
2022-07-01,12,Subcomp_Multi,-0.769999999999996,,,,
2022-07-01,12,Micro,-0.769999999999996,,,,
2022-08-01,1,Ridge,-0.5699999999999932,-0.4487449064338449,-0.12125509356614828,0.12125509356614828,True
2022-08-01,1,Ridge_Ext,-0.5699999999999932,,,,
2022-08-01,1,Bayes_Ridge,-0.5699999999999932,,,,
2022-08-01,1,ElasticNet,-0.5699999999999932,,,,
2022-08-01,1,Huber,-0.5699999999999932,,,,
2022-08-01,1,Ridge_Shock,-0.5699999999999932,,,,
2022-08-01,1,EBM,-0.5699999999999932,0.0009090909090900823,-0.5709090909090833,0.5709090909090833,False
2022-08-01,1,LightGBM,-0.5699999999999932,-0.08564155882091029,-0.4843584411790829,0.4843584411790829,True
2022-08-01,1,Prophet,-0.5699999999999932,0.9228342644332634,-1.4928342644332566,1.4928342644332566,False
2022-08-01,1,ETS,-0.5699999999999932,0.4003418373669504,-0.9703418373669436,0.9703418373669436,False
2022-08-01,1,SARIMA,-0.5699999999999932,-0.4720938147971807,-0.09790618520281247,0.09790618520281247,True
2022-08-01,1,NGBoost,-0.5699999999999932,-0.059538470900349694,-0.5104615290996435,0.5104615290996435,False
2022-08-01,1,CatBoost,-0.5699999999999932,0.03777921566324949,-0.6077792156632427,0.6077792156632427,False
2022-08-01,1,Subcomp,-0.5699999999999932,,,,
2022-08-01,1,Subcomp_Multi,-0.5699999999999932,,,,
2022-08-01,1,Micro,-0.5699999999999932,,,,
2022-08-01,2,Ridge,-0.5699999999999932,-0.3260902103661607,-0.24390978963383247,0.24390978963383247,True
2022-08-01,2,Ridge_Ext,-0.5699999999999932,,,,
2022-08-01,2,Bayes_Ridge,-0.5699999999999932,,,,
2022-08-01,2,ElasticNet,-0.5699999999999932,,,,
2022-08-01,2,Huber,-0.5699999999999932,,,,
2022-08-01,2,Ridge_Shock,-0.5699999999999932,,,,
2022-08-01,2,EBM,-0.5699999999999932,0.0009090909090900823,-0.5709090909090833,0.5709090909090833,False
2022-08-01,2,LightGBM,-0.5699999999999932,0.40574112067828594,-0.9757411206782791,0.9757411206782791,False
2022-08-01,2,Prophet,-0.5699999999999932,0.5919449683116916,-1.1619449683116847,1.1619449683116847,False
2022-08-01,2,ETS,-0.5699999999999932,0.7091707413371081,-1.2791707413371012,1.2791707413371012,False
2022-08-01,2,SARIMA,-0.5699999999999932,-0.2974117756163802,-0.27258822438361296,0.27258822438361296,True
2022-08-01,2,NGBoost,-0.5699999999999932,0.01086845388901736,-0.5808684538890105,0.5808684538890105,False
2022-08-01,2,CatBoost,-0.5699999999999932,0.3570706959102523,-0.9270706959102455,0.9270706959102455,False
2022-08-01,2,Subcomp,-0.5699999999999932,,,,
2022-08-01,2,Subcomp_Multi,-0.5699999999999932,,,,
2022-08-01,2,Micro,-0.5699999999999932,,,,
2022-08-01,12,Ridge,-0.5699999999999932,0.10684977371514037,-0.6768497737151336,0.6768497737151336,False
2022-08-01,12,Ridge_Ext,-0.5699999999999932,,,,
2022-08-01,12,Bayes_Ridge,-0.5699999999999932,,,,
2022-08-01,12,ElasticNet,-0.5699999999999932,,,,
2022-08-01,12,Huber,-0.5699999999999932,,,,
2022-08-01,12,Ridge_Shock,-0.5699999999999932,,,,
2022-08-01,12,EBM,-0.5699999999999932,0.0009090909090900823,-0.5709090909090833,0.5709090909090833,False
2022-08-01,12,LightGBM,-0.5699999999999932,0.44352684123074937,-1.0135268412307425,1.0135268412307425,False
2022-08-01,12,Prophet,-0.5699999999999932,0.09364417264063078,-0.6636441726406239,0.6636441726406239,False
2022-08-01,12,ETS,-0.5699999999999932,0.14078300294505142,-0.7107830029450446,0.7107830029450446,False
2022-08-01,12,SARIMA,-0.5699999999999932,0.03827215348003956,-0.6082721534800327,0.6082721534800327,False
2022-08-01,12,NGBoost,-0.5699999999999932,0.23819748475185065,-0.8081974847518438,0.8081974847518438,False
2022-08-01,12,CatBoost,-0.5699999999999932,0.4538824272332249,-1.023882427233218,1.023882427233218,False
2022-08-01,12,Subcomp,-0.5699999999999932,,,,
2022-08-01,12,Subcomp_Multi,-0.5699999999999932,,,,
2022-08-01,12,Micro,-0.5699999999999932,,,,
2022-09-01,1,Ridge,0.3299999999999983,0.3162941634743959,0.013705836525602422,0.013705836525602422,True
2022-09-01,1,Ridge_Ext,0.3299999999999983,,,,
2022-09-01,1,Bayes_Ridge,0.3299999999999983,,,,
2022-09-01,1,ElasticNet,0.3299999999999983,,,,
2022-09-01,1,Huber,0.3299999999999983,,,,
2022-09-01,1,Ridge_Shock,0.3299999999999983,,,,
2022-09-01,1,EBM,0.3299999999999983,0.32363645454546486,0.006363545454533437,0.006363545454533437,True
2022-09-01,1,LightGBM,0.3299999999999983,0.02994318825351172,0.3000568117464866,0.3000568117464866,True
2022-09-01,1,Prophet,0.3299999999999983,0.9228342644332634,-0.5928342644332651,0.5928342644332651,False
2022-09-01,1,ETS,0.3299999999999983,0.6021062784203928,-0.2721062784203945,0.2721062784203945,True
2022-09-01,1,SARIMA,0.3299999999999983,-0.14153783961545607,0.47153783961545437,0.47153783961545437,True
2022-09-01,1,NGBoost,0.3299999999999983,0.32515747343323653,0.004842526566761762,0.004842526566761762,True
2022-09-01,1,CatBoost,0.3299999999999983,0.39519716907331315,-0.06519716907331485,0.06519716907331485,True
2022-09-01,1,Subcomp,0.3299999999999983,,,,
2022-09-01,1,Subcomp_Multi,0.3299999999999983,,,,
2022-09-01,1,Micro,0.3299999999999983,,,,
2022-09-01,2,Ridge,0.3299999999999983,0.22076984073979133,0.10923015926020696,0.10923015926020696,True
2022-09-01,2,Ridge_Ext,0.3299999999999983,,,,
2022-09-01,2,Bayes_Ridge,0.3299999999999983,,,,
2022-09-01,2,ElasticNet,0.3299999999999983,,,,
2022-09-01,2,Huber,0.3299999999999983,,,,
2022-09-01,2,Ridge_Shock,0.3299999999999983,,,,
2022-09-01,2,EBM,0.3299999999999983,0.32363645454546486,0.006363545454533437,0.006363545454533437,True
2022-09-01,2,LightGBM,0.3299999999999983,-0.09685444482441596,0.42685444482441426,0.42685444482441426,True
2022-09-01,2,Prophet,0.3299999999999983,0.5919449683116916,-0.26194496831169334,0.26194496831169334,True
2022-09-01,2,ETS,0.3299999999999983,0.8469625595574133,-0.516962559557415,0.516962559557415,False
2022-09-01,2,SARIMA,0.3299999999999983,-0.0760038762711989,0.40600387627119716,0.40600387627119716,True
2022-09-01,2,NGBoost,0.3299999999999983,0.30284741078585853,0.027152589214139766,0.027152589214139766,True
2022-09-01,2,CatBoost,0.3299999999999983,0.32185292054423087,0.008147079455767425,0.008147079455767425,True
2022-09-01,2,Subcomp,0.3299999999999983,,,,
2022-09-01,2,Subcomp_Multi,0.3299999999999983,,,,
2022-09-01,2,Micro,0.3299999999999983,,,,
2022-09-01,12,Ridge,0.3299999999999983,0.3531094734879616,-0.023109473487963328,0.023109473487963328,True
2022-09-01,12,Ridge_Ext,0.3299999999999983,,,,
2022-09-01,12,Bayes_Ridge,0.3299999999999983,,,,
2022-09-01,12,ElasticNet,0.3299999999999983,,,,
2022-09-01,12,Huber,0.3299999999999983,,,,
2022-09-01,12,Ridge_Shock,0.3299999999999983,,,,
2022-09-01,12,EBM,0.3299999999999983,0.32363645454546486,0.006363545454533437,0.006363545454533437,True
2022-09-01,12,LightGBM,0.3299999999999983,0.4821680006492386,-0.1521680006492403,0.1521680006492403,True
2022-09-01,12,Prophet,0.3299999999999983,0.7200924937095519,-0.39009249370955357,0.39009249370955357,True
2022-09-01,12,ETS,0.3299999999999983,0.6396040789935488,-0.30960407899355047,0.30960407899355047,True
2022-09-01,12,SARIMA,0.3299999999999983,0.1828015771196707,0.14719842288032758,0.14719842288032758,True
2022-09-01,12,NGBoost,0.3299999999999983,0.3786287440674414,-0.04862874406744311,0.04862874406744311,True
2022-09-01,12,CatBoost,0.3299999999999983,0.3745102300358383,-0.04451023003583998,0.04451023003583998,True
2022-09-01,12,Subcomp,0.3299999999999983,,,,
2022-09-01,12,Subcomp_Multi,0.3299999999999983,,,,
2022-09-01,12,Micro,0.3299999999999983,,,,
2022-10-01,1,Ridge,0.6599999999999966,0.5842412697622166,0.07575873023778001,0.07575873023778001,True
2022-10-01,1,Ridge_Ext,0.6599999999999966,,,,
2022-10-01,1,Bayes_Ridge,0.6599999999999966,,,,
2022-10-01,1,ElasticNet,0.6599999999999966,,,,
2022-10-01,1,Huber,0.6599999999999966,,,,
2022-10-01,1,Ridge_Shock,0.6599999999999966,,,,
2022-10-01,1,EBM,0.6599999999999966,0.5727272727272634,0.08727272727273316,0.08727272727273316,True
2022-10-01,1,LightGBM,0.6599999999999966,0.5953194722032578,0.06468052779673883,0.06468052779673883,True
2022-10-01,1,Prophet,0.6599999999999966,0.9228342644332634,-0.26283426443326685,0.26283426443326685,True
2022-10-01,1,ETS,0.6599999999999966,0.5492180255187072,0.11078197448128935,0.11078197448128935,True
2022-10-01,1,SARIMA,0.6599999999999966,0.3844691256772964,0.2755308743227002,0.2755308743227002,True
2022-10-01,1,NGBoost,0.6599999999999966,0.5775669885485968,0.0824330114513998,0.0824330114513998,True
2022-10-01,1,CatBoost,0.6599999999999966,0.6300350810078328,0.029964918992163803,0.029964918992163803,True
2022-10-01,1,Subcomp,0.6599999999999966,,,,
2022-10-01,1,Subcomp_Multi,0.6599999999999966,,,,
2022-10-01,1,Micro,0.6599999999999966,,,,
2022-10-01,2,Ridge,0.6599999999999966,0.5597721526539488,0.10022784734604784,0.10022784734604784,True
2022-10-01,2,Ridge_Ext,0.6599999999999966,,,,
2022-10-01,2,Bayes_Ridge,0.6599999999999966,,,,
2022-10-01,2,ElasticNet,0.6599999999999966,,,,
2022-10-01,2,Huber,0.6599999999999966,,,,
2022-10-01,2,Ridge_Shock,0.6599999999999966,,,,
2022-10-01,2,EBM,0.6599999999999966,0.5727272727272634,0.08727272727273316,0.08727272727273316,True
2022-10-01,2,LightGBM,0.6599999999999966,0.19142685361241263,0.46857314638758396,0.46857314638758396,True
2022-10-01,2,Prophet,0.6599999999999966,0.5919449683116916,0.06805503168830496,0.06805503168830496,True
2022-10-01,2,ETS,0.6599999999999966,0.6812754005975774,-0.021275400597580818,0.021275400597580818,True
2022-10-01,2,SARIMA,0.6599999999999966,0.0686792373522115,0.5913207626477851,0.5913207626477851,False
2022-10-01,2,NGBoost,0.6599999999999966,0.5659022080497778,0.09409779195021883,0.09409779195021883,True
2022-10-01,2,CatBoost,0.6599999999999966,0.5550111367182353,0.10498886328176127,0.10498886328176127,True
2022-10-01,2,Subcomp,0.6599999999999966,,,,
2022-10-01,2,Subcomp_Multi,0.6599999999999966,,,,
2022-10-01,2,Micro,0.6599999999999966,,,,
2022-10-01,12,Ridge,0.6599999999999966,0.584857540485018,0.07514245951497855,0.07514245951497855,True
2022-10-01,12,Ridge_Ext,0.6599999999999966,,,,
2022-10-01,12,Bayes_Ridge,0.6599999999999966,,,,
2022-10-01,12,ElasticNet,0.6599999999999966,,,,
2022-10-01,12,Huber,0.6599999999999966,,,,
2022-10-01,12,Ridge_Shock,0.6599999999999966,,,,
2022-10-01,12,EBM,0.6599999999999966,0.5727272727272634,0.08727272727273316,0.08727272727273316,True
2022-10-01,12,LightGBM,0.6599999999999966,0.3789465763082518,0.2810534236917448,0.2810534236917448,True
2022-10-01,12,Prophet,0.6599999999999966,0.9192170973608853,-0.2592170973608887,0.2592170973608887,True
2022-10-01,12,ETS,0.6599999999999966,0.7970070059726085,-0.13700700597261195,0.13700700597261195,True
2022-10-01,12,SARIMA,0.6599999999999966,0.22715293741190234,0.43284706258809424,0.43284706258809424,True
2022-10-01,12,NGBoost,0.6599999999999966,0.5879407648702966,0.07205923512970003,0.07205923512970003,True
2022-10-01,12,CatBoost,0.6599999999999966,0.6312346812054841,0.028765318794512496,0.028765318794512496,True
2022-10-01,12,Subcomp,0.6599999999999966,,,,
2022-10-01,12,Subcomp_Multi,0.6599999999999966,,,,
2022-10-01,12,Micro,0.6599999999999966,,,,
2022-11-01,1,Ridge,0.2600000000000051,0.6679807438040797,-0.40798074380407456,0.40798074380407456,True
2022-11-01,1,Ridge_Ext,0.2600000000000051,,,,
2022-11-01,1,Bayes_Ridge,0.2600000000000051,,,,
2022-11-01,1,ElasticNet,0.2600000000000051,,,,
2022-11-01,1,Huber,0.2600000000000051,,,,
2022-11-01,1,Ridge_Shock,0.2600000000000051,,,,
2022-11-01,1,EBM,0.2600000000000051,0.5872727272727332,-0.32727272727272805,0.32727272727272805,True
2022-11-01,1,LightGBM,0.2600000000000051,0.34344776077516315,-0.08344776077515803,0.08344776077515803,True
2022-11-01,1,Prophet,0.2600000000000051,0.9228342644332634,-0.6628342644332583,0.6628342644332583,False
2022-11-01,1,ETS,0.2600000000000051,0.6427756472758882,-0.3827756472758831,0.3827756472758831,True
2022-11-01,1,SARIMA,0.2600000000000051,0.5124051528964946,-0.25240515289648946,0.25240515289648946,True
2022-11-01,1,NGBoost,0.2600000000000051,0.2967643483931397,-0.03676434839313458,0.03676434839313458,True
2022-11-01,1,CatBoost,0.2600000000000051,0.48705636050640067,-0.22705636050639555,0.22705636050639555,True
2022-11-01,1,Subcomp,0.2600000000000051,,,,
2022-11-01,1,Subcomp_Multi,0.2600000000000051,,,,
2022-11-01,1,Micro,0.2600000000000051,,,,
2022-11-01,2,Ridge,0.2600000000000051,0.7696404285742915,-0.5096404285742864,0.5096404285742864,False
2022-11-01,2,Ridge_Ext,0.2600000000000051,,,,
2022-11-01,2,Bayes_Ridge,0.2600000000000051,,,,
2022-11-01,2,ElasticNet,0.2600000000000051,,,,
2022-11-01,2,Huber,0.2600000000000051,,,,
2022-11-01,2,Ridge_Shock,0.2600000000000051,,,,
2022-11-01,2,EBM,0.2600000000000051,0.5872727272727332,-0.32727272727272805,0.32727272727272805,True
2022-11-01,2,LightGBM,0.2600000000000051,0.5903974063708972,-0.3303974063708921,0.3303974063708921,True
2022-11-01,2,Prophet,0.2600000000000051,0.5919449683116916,-0.3319449683116865,0.3319449683116865,True
2022-11-01,2,ETS,0.2600000000000051,0.59756011934941,-0.3375601193494049,0.3375601193494049,True
2022-11-01,2,SARIMA,0.2600000000000051,0.3310809788717053,-0.07108097887170017,0.07108097887170017,True
2022-11-01,2,NGBoost,0.2600000000000051,0.5677660344748716,-0.3077660344748665,0.3077660344748665,True
2022-11-01,2,CatBoost,0.2600000000000051,0.385620836390018,-0.12562083639001287,0.12562083639001287,True
2022-11-01,2,Subcomp,0.2600000000000051,,,,
2022-11-01,2,Subcomp_Multi,0.2600000000000051,,,,
2022-11-01,2,Micro,0.2600000000000051,,,,
2022-11-01,12,Ridge,0.2600000000000051,0.4978583048409746,-0.23785830484096948,0.23785830484096948,True
2022-11-01,12,Ridge_Ext,0.2600000000000051,,,,
2022-11-01,12,Bayes_Ridge,0.2600000000000051,,,,
2022-11-01,12,ElasticNet,0.2600000000000051,,,,
2022-11-01,12,Huber,0.2600000000000051,,,,
2022-11-01,12,Ridge_Shock,0.2600000000000051,,,,
2022-11-01,12,EBM,0.2600000000000051,0.5872727272727332,-0.32727272727272805,0.32727272727272805,True
2022-11-01,12,LightGBM,0.2600000000000051,0.21677779144167175,0.043222208558333364,0.043222208558333364,True
2022-11-01,12,Prophet,0.2600000000000051,0.9026773685338929,-0.6426773685338878,0.6426773685338878,False
2022-11-01,12,ETS,0.2600000000000051,0.85004405936128,-0.5900440593612749,0.5900440593612749,False
2022-11-01,12,SARIMA,0.2600000000000051,0.2062169450388202,0.053783054961184906,0.053783054961184906,True
2022-11-01,12,NGBoost,0.2600000000000051,0.5102102613114994,-0.25021026131149426,0.25021026131149426,True
2022-11-01,12,CatBoost,0.2600000000000051,0.47460255036455123,-0.21460255036454612,0.21460255036454612,True
2022-11-01,12,Subcomp,0.2600000000000051,,,,
2022-11-01,12,Subcomp_Multi,0.2600000000000051,,,,
2022-11-01,12,Micro,0.2600000000000051,,,,
2022-12-01,1,Ridge,0.5699999999999932,0.5517802960740568,0.018219703925936415,0.018219703925936415,True
2022-12-01,1,Ridge_Ext,0.5699999999999932,,,,
2022-12-01,1,Bayes_Ridge,0.5699999999999932,,,,
2022-12-01,1,ElasticNet,0.5699999999999932,,,,
2022-12-01,1,Huber,0.5699999999999932,,,,
2022-12-01,1,Ridge_Shock,0.5699999999999932,,,,
2022-12-01,1,EBM,0.5699999999999932,0.7990909090909071,-0.2290909090909139,0.2290909090909139,True
2022-12-01,1,LightGBM,0.5699999999999932,0.6414706024012418,-0.07147060240124858,0.07147060240124858,True
2022-12-01,1,Prophet,0.5699999999999932,0.9228342644332634,-0.35283426443327026,0.35283426443327026,True
2022-12-01,1,ETS,0.5699999999999932,0.7624661267501619,-0.19246612675016872,0.19246612675016872,True
2022-12-01,1,SARIMA,0.5699999999999932,0.03195476146509219,0.5380452385349009,0.5380452385349009,False
2022-12-01,1,NGBoost,0.5699999999999932,0.3621491204091001,0.2078508795908931,0.2078508795908931,True
2022-12-01,1,CatBoost,0.5699999999999932,0.3589290799134517,0.2110709200865415,0.2110709200865415,True
2022-12-01,1,Subcomp,0.5699999999999932,,,,
2022-12-01,1,Subcomp_Multi,0.5699999999999932,,,,
2022-12-01,1,Micro,0.5699999999999932,,,,
2022-12-01,2,Ridge,0.5699999999999932,0.8900181752010212,-0.32001817520102804,0.32001817520102804,True
2022-12-01,2,Ridge_Ext,0.5699999999999932,,,,
2022-12-01,2,Bayes_Ridge,0.5699999999999932,,,,
2022-12-01,2,ElasticNet,0.5699999999999932,,,,
2022-12-01,2,Huber,0.5699999999999932,,,,
2022-12-01,2,Ridge_Shock,0.5699999999999932,,,,
2022-12-01,2,EBM,0.5699999999999932,0.7990909090909071,-0.2290909090909139,0.2290909090909139,True
2022-12-01,2,LightGBM,0.5699999999999932,0.6588403646519794,-0.08884036465198619,0.08884036465198619,True
2022-12-01,2,Prophet,0.5699999999999932,0.5919449683116916,-0.021944968311698454,0.021944968311698454,True
2022-12-01,2,ETS,0.5699999999999932,0.8911163873742043,-0.3211163873742111,0.3211163873742111,True
2022-12-01,2,SARIMA,0.5699999999999932,0.19717308069520076,0.3728269193047924,0.3728269193047924,True
2022-12-01,2,NGBoost,0.5699999999999932,0.3897800527806652,0.180219947219328,0.180219947219328,True
2022-12-01,2,CatBoost,0.5699999999999932,0.36174882393767405,0.20825117606231913,0.20825117606231913,True
2022-12-01,2,Subcomp,0.5699999999999932,,,,
2022-12-01,2,Subcomp_Multi,0.5699999999999932,,,,
2022-12-01,2,Micro,0.5699999999999932,,,,
2022-12-01,12,Ridge,0.5699999999999932,0.342733910941746,0.2272660890582472,0.2272660890582472,True
2022-12-01,12,Ridge_Ext,0.5699999999999932,,,,
2022-12-01,12,Bayes_Ridge,0.5699999999999932,,,,
2022-12-01,12,ElasticNet,0.5699999999999932,,,,
2022-12-01,12,Huber,0.5699999999999932,,,,
2022-12-01,12,Ridge_Shock,0.5699999999999932,,,,
2022-12-01,12,EBM,0.5699999999999932,0.7990909090909071,-0.2290909090909139,0.2290909090909139,True
2022-12-01,12,LightGBM,0.5699999999999932,0.8295352671570413,-0.2595352671570481,0.2595352671570481,True
2022-12-01,12,Prophet,0.5699999999999932,0.9694047267111443,-0.3994047267111511,0.3994047267111511,True
2022-12-01,12,ETS,0.5699999999999932,0.7428034833499659,-0.17280348334997275,0.17280348334997275,True
2022-12-01,12,SARIMA,0.5699999999999932,0.03484762278427476,0.5351523772157184,0.5351523772157184,False
2022-12-01,12,NGBoost,0.5699999999999932,0.7804411635127053,-0.21044116351271214,0.21044116351271214,True
2022-12-01,12,CatBoost,0.5699999999999932,0.5053119001889002,0.06468809981109302,0.06468809981109302,True
2022-12-01,12,Subcomp,0.5699999999999932,,,,
2022-12-01,12,Subcomp_Multi,0.5699999999999932,,,,
2022-12-01,12,Micro,0.5699999999999932,,,,
2023-01-01,1,Ridge,1.1299999999999955,0.9606066779401772,0.16939332205981827,0.16939332205981827,True
2023-01-01,1,Ridge_Ext,1.1299999999999955,,,,
2023-01-01,1,Bayes_Ridge,1.1299999999999955,,,,
2023-01-01,1,ElasticNet,1.1299999999999955,,,,
2023-01-01,1,Huber,1.1299999999999955,,,,
2023-01-01,1,Ridge_Shock,1.1299999999999955,,,,
2023-01-01,1,EBM,1.1299999999999955,1.0190909999999889,0.11090900000000659,0.11090900000000659,True
2023-01-01,1,LightGBM,1.1299999999999955,0.4609226678226861,0.6690773321773094,0.6690773321773094,False
2023-01-01,1,Prophet,1.1299999999999955,0.9228342644332634,0.207165735566732,0.207165735566732,True
2023-01-01,1,ETS,1.1299999999999955,0.890470289663297,0.23952971033669845,0.23952971033669845,True
2023-01-01,1,SARIMA,1.1299999999999955,0.7391768274293242,0.39082317257067123,0.39082317257067123,True
2023-01-01,1,NGBoost,1.1299999999999955,0.9484708963457535,0.1815291036542419,0.1815291036542419,True
2023-01-01,1,CatBoost,1.1299999999999955,0.3389103892593113,0.7910896107406842,0.7910896107406842,False
2023-01-01,1,Subcomp,1.1299999999999955,,,,
2023-01-01,1,Subcomp_Multi,1.1299999999999955,,,,
2023-01-01,1,Micro,1.1299999999999955,,,,
2023-01-01,2,Ridge,1.1299999999999955,0.9943380674128974,0.13566193258709802,0.13566193258709802,True
2023-01-01,2,Ridge_Ext,1.1299999999999955,,,,
2023-01-01,2,Bayes_Ridge,1.1299999999999955,,,,
2023-01-01,2,ElasticNet,1.1299999999999955,,,,
2023-01-01,2,Huber,1.1299999999999955,,,,
2023-01-01,2,Ridge_Shock,1.1299999999999955,,,,
2023-01-01,2,EBM,1.1299999999999955,1.0190909999999889,0.11090900000000659,0.11090900000000659,True
2023-01-01,2,LightGBM,1.1299999999999955,0.46800581487811144,0.661994185121884,0.661994185121884,False
2023-01-01,2,Prophet,1.1299999999999955,0.5919449683116916,0.5380550316883038,0.5380550316883038,False
2023-01-01,2,ETS,1.1299999999999955,0.9546904998186422,0.17530950018135327,0.17530950018135327,True
2023-01-01,2,SARIMA,1.1299999999999955,0.39412514766993706,0.7358748523300584,0.7358748523300584,False
2023-01-01,2,NGBoost,1.1299999999999955,0.945624260248735,0.18437573975126043,0.18437573975126043,True
2023-01-01,2,CatBoost,1.1299999999999955,0.33540326416070343,0.794596735839292,0.794596735839292,False
2023-01-01,2,Subcomp,1.1299999999999955,,,,
2023-01-01,2,Subcomp_Multi,1.1299999999999955,,,,
2023-01-01,2,Micro,1.1299999999999955,,,,
2023-01-01,12,Ridge,1.1299999999999955,1.0102275140372967,0.11977248596269874,0.11977248596269874,True
2023-01-01,12,Ridge_Ext,1.1299999999999955,,,,
2023-01-01,12,Bayes_Ridge,1.1299999999999955,,,,
2023-01-01,12,ElasticNet,1.1299999999999955,,,,
2023-01-01,12,Huber,1.1299999999999955,,,,
2023-01-01,12,Ridge_Shock,1.1299999999999955,,,,
2023-01-01,12,EBM,1.1299999999999955,1.0190909999999889,0.11090900000000659,0.11090900000000659,True
2023-01-01,12,LightGBM,1.1299999999999955,1.479729030477401,-0.34972903047740544,0.34972903047740544,True
2023-01-01,12,Prophet,1.1299999999999955,0.9694047267111443,0.16059527328885115,0.16059527328885115,True
2023-01-01,12,ETS,1.1299999999999955,1.0346230380550743,0.09537696194492118,0.09537696194492118,True
2023-01-01,12,SARIMA,1.1299999999999955,0.2954906931583733,0.8345093068416222,0.8345093068416222,False
2023-01-01,12,NGBoost,1.1299999999999955,1.0297228735203703,0.10027712647962517,0.10027712647962517,True
2023-01-01,12,CatBoost,1.1299999999999955,0.5598928850987619,0.5701071149012336,0.5701071149012336,False
2023-01-01,12,Subcomp,1.1299999999999955,,,,
2023-01-01,12,Subcomp_Multi,1.1299999999999955,,,,
2023-01-01,12,Micro,1.1299999999999955,,,,
2023-02-01,1,Ridge,0.75,0.7977292777238176,-0.04772927772381763,0.04772927772381763,True
2023-02-01,1,Ridge_Ext,0.75,,,,
2023-02-01,1,Bayes_Ridge,0.75,,,,
2023-02-01,1,ElasticNet,0.75,,,,
2023-02-01,1,Huber,0.75,,,,
2023-02-01,1,Ridge_Shock,0.75,,,,
2023-02-01,1,EBM,0.75,0.8772727272727394,-0.12727272727273942,0.12727272727273942,True
2023-02-01,1,LightGBM,0.75,0.3378966281312614,0.4121033718687386,0.4121033718687386,True
2023-02-01,1,Prophet,0.75,0.8829952021704752,-0.13299520217047522,0.13299520217047522,True
2023-02-01,1,ETS,0.75,0.8009342505305317,-0.05093425053053169,0.05093425053053169,True
2023-02-01,1,SARIMA,0.75,0.7635853317924521,-0.013585331792452138,0.013585331792452138,True
2023-02-01,1,NGBoost,0.75,0.6751347530038458,0.07486524699615416,0.07486524699615416,True
2023-02-01,1,CatBoost,0.75,0.7592234449824531,-0.009223444982453088,0.009223444982453088,True
2023-02-01,1,Subcomp,0.75,,,,
2023-02-01,1,Subcomp_Multi,0.75,,,,
2023-02-01,1,Micro,0.75,,,,
2023-02-01,2,Ridge,0.75,0.39773153697359476,0.35226846302640524,0.35226846302640524,True
2023-02-01,2,Ridge_Ext,0.75,,,,
2023-02-01,2,Bayes_Ridge,0.75,,,,
2023-02-01,2,ElasticNet,0.75,,,,
2023-02-01,2,Huber,0.75,,,,
2023-02-01,2,Ridge_Shock,0.75,,,,
2023-02-01,2,EBM,0.75,0.8772727272727394,-0.12727272727273942,0.12727272727273942,True
2023-02-01,2,LightGBM,0.75,0.556584811055373,0.19341518894462695,0.19341518894462695,True
2023-02-01,2,Prophet,0.75,0.5919449683116916,0.15805503168830837,0.15805503168830837,True
2023-02-01,2,ETS,0.75,0.7266117199384386,0.02338828006156135,0.02338828006156135,True
2023-02-01,2,SARIMA,0.75,0.508333774568872,0.24166622543112803,0.24166622543112803,True
2023-02-01,2,NGBoost,0.75,0.40784023599690045,0.34215976400309955,0.34215976400309955,True
2023-02-01,2,CatBoost,0.75,0.33934411956212784,0.41065588043787216,0.41065588043787216,True
2023-02-01,2,Subcomp,0.75,,,,
2023-02-01,2,Subcomp_Multi,0.75,,,,
2023-02-01,2,Micro,0.75,,,,
2023-02-01,12,Ridge,0.75,0.9099332367300264,-0.15993323673002635,0.15993323673002635,True
2023-02-01,12,Ridge_Ext,0.75,,,,
2023-02-01,12,Bayes_Ridge,0.75,,,,
2023-02-01,12,ElasticNet,0.75,,,,
2023-02-01,12,Huber,0.75,,,,
2023-02-01,12,Ridge_Shock,0.75,,,,
2023-02-01,12,EBM,0.75,0.8772727272727394,-0.12727272727273942,0.12727272727273942,True
2023-02-01,12,LightGBM,0.75,0.5360067365071188,0.21399326349288117,0.21399326349288117,True
2023-02-01,12,Prophet,0.75,0.9694047267111443,-0.2194047267111443,0.2194047267111443,True
2023-02-01,12,ETS,0.75,0.8888548854779047,-0.1388548854779047,0.1388548854779047,True
2023-02-01,12,SARIMA,0.75,0.2184414448741945,0.5315585551258055,0.5315585551258055,False
2023-02-01,12,NGBoost,0.75,0.6028957922993357,0.14710420770066435,0.14710420770066435,True
2023-02-01,12,CatBoost,0.75,0.5621167554614885,0.18788324453851146,0.18788324453851146,True
2023-02-01,12,Subcomp,0.75,,,,
2023-02-01,12,Subcomp_Multi,0.75,,,,
2023-02-01,12,Micro,0.75,,,,
2023-03-01,1,Ridge,0.39000000000000057,0.6297058084556113,-0.23970580845561074,0.23970580845561074,True
2023-03-01,1,Ridge_Ext,0.39000000000000057,,,,
2023-03-01,1,Bayes_Ridge,0.39000000000000057,,,,
2023-03-01,1,ElasticNet,0.39000000000000057,,,,
2023-03-01,1,Huber,0.39000000000000057,,,,
2023-03-01,1,Ridge_Shock,0.39000000000000057,,,,
2023-03-01,1,EBM,0.39000000000000057,0.7490909090909099,-0.35909090909090935,0.35909090909090935,True
2023-03-01,1,LightGBM,0.39000000000000057,0.49445454086158236,-0.10445454086158179,0.10445454086158179,True
2023-03-01,1,Prophet,0.39000000000000057,0.8122700505932371,-0.4222700505932365,0.4222700505932365,True
2023-03-01,1,ETS,0.39000000000000057,1.0111651997804088,-0.6211651997804082,0.6211651997804082,False
2023-03-01,1,SARIMA,0.39000000000000057,2.1742222448011956,-1.784222244801195,1.784222244801195,False
2023-03-01,1,NGBoost,0.39000000000000057,0.6264264107309714,-0.23642641073097082,0.23642641073097082,True
2023-03-01,1,CatBoost,0.39000000000000057,0.6424807521618874,-0.2524807521618868,0.2524807521618868,True
2023-03-01,1,Subcomp,0.39000000000000057,,,,
2023-03-01,1,Subcomp_Multi,0.39000000000000057,,,,
2023-03-01,1,Micro,0.39000000000000057,,,,
2023-03-01,2,Ridge,0.39000000000000057,0.7334822567777053,-0.3434822567777047,0.3434822567777047,True
2023-03-01,2,Ridge_Ext,0.39000000000000057,,,,
2023-03-01,2,Bayes_Ridge,0.39000000000000057,,,,
2023-03-01,2,ElasticNet,0.39000000000000057,,,,
2023-03-01,2,Huber,0.39000000000000057,,,,
2023-03-01,2,Ridge_Shock,0.39000000000000057,,,,
2023-03-01,2,EBM,0.39000000000000057,0.7490909090909099,-0.35909090909090935,0.35909090909090935,True
2023-03-01,2,LightGBM,0.39000000000000057,0.38481177001014544,0.005188229989855131,0.005188229989855131,True
2023-03-01,2,Prophet,0.39000000000000057,1.0832840828931054,-0.6932840828931048,0.6932840828931048,False
2023-03-01,2,ETS,0.39000000000000057,1.0255656818169063,-0.6355656818169058,0.6355656818169058,False
2023-03-01,2,SARIMA,0.39000000000000057,2.1830102960423066,-1.793010296042306,1.793010296042306,False
2023-03-01,2,NGBoost,0.39000000000000057,0.7084611954655315,-0.318461195465531,0.318461195465531,True
2023-03-01,2,CatBoost,0.39000000000000057,0.5631924687870793,-0.17319246878707872,0.17319246878707872,True
2023-03-01,2,Subcomp,0.39000000000000057,,,,
2023-03-01,2,Subcomp_Multi,0.39000000000000057,,,,
2023-03-01,2,Micro,0.39000000000000057,,,,
2023-03-01,12,Ridge,0.39000000000000057,2.47820481987317,-2.0882048198731695,2.0882048198731695,False
2023-03-01,12,Ridge_Ext,0.39000000000000057,,,,
2023-03-01,12,Bayes_Ridge,0.39000000000000057,,,,
2023-03-01,12,ElasticNet,0.39000000000000057,,,,
2023-03-01,12,Huber,0.39000000000000057,,,,
2023-03-01,12,Ridge_Shock,0.39000000000000057,,,,
2023-03-01,12,EBM,0.39000000000000057,0.7490909090909099,-0.35909090909090935,0.35909090909090935,True
2023-03-01,12,LightGBM,0.39000000000000057,2.2142716534157074,-1.8242716534157069,1.8242716534157069,False
2023-03-01,12,Prophet,0.39000000000000057,0.9694047267111443,-0.5794047267111437,0.5794047267111437,False
2023-03-01,12,ETS,0.39000000000000057,2.691585192855915,-2.3015851928559146,2.3015851928559146,False
2023-03-01,12,SARIMA,0.39000000000000057,1.7793831061802272,-1.3893831061802266,1.3893831061802266,False
2023-03-01,12,NGBoost,0.39000000000000057,1.6277029262585074,-1.2377029262585069,1.2377029262585069,False
2023-03-01,12,CatBoost,0.39000000000000057,0.5852166792030005,-0.1952166792029999,0.1952166792029999,True
2023-03-01,12,Subcomp,0.39000000000000057,,,,
2023-03-01,12,Subcomp_Multi,0.39000000000000057,,,,
2023-03-01,12,Micro,0.39000000000000057,,,,
2023-04-01,1,Ridge,0.7199999999999989,0.5392177267535487,0.18078227324645013,0.18078227324645013,True
2023-04-01,1,Ridge_Ext,0.7199999999999989,,,,
2023-04-01,1,Bayes_Ridge,0.7199999999999989,,,,
2023-04-01,1,ElasticNet,0.7199999999999989,,,,
2023-04-01,1,Huber,0.7199999999999989,,,,
2023-04-01,1,Ridge_Shock,0.7199999999999989,,,,
2023-04-01,1,EBM,0.7199999999999989,0.8409090909090935,-0.12090909090909463,0.12090909090909463,True
2023-04-01,1,LightGBM,0.7199999999999989,0.7723356801549386,-0.05233568015493972,0.05233568015493972,True
2023-04-01,1,Prophet,0.7199999999999989,0.7618448852288928,-0.04184488522889396,0.04184488522889396,True
2023-04-01,1,ETS,0.7199999999999989,0.7096059659851048,0.010394034014894027,0.010394034014894027,True
2023-04-01,1,SARIMA,0.7199999999999989,0.14926769446666424,0.5707323055333346,0.5707323055333346,False
2023-04-01,1,NGBoost,0.7199999999999989,0.7437645152640897,-0.023764515264090846,0.023764515264090846,True
2023-04-01,1,CatBoost,0.7199999999999989,0.5628913974260001,0.15710860257399872,0.15710860257399872,True
2023-04-01,1,Subcomp,0.7199999999999989,,,,
2023-04-01,1,Subcomp_Multi,0.7199999999999989,,,,
2023-04-01,1,Micro,0.7199999999999989,,,,
2023-04-01,2,Ridge,0.7199999999999989,0.6336456663696879,0.08635433363031098,0.08635433363031098,True
2023-04-01,2,Ridge_Ext,0.7199999999999989,,,,
2023-04-01,2,Bayes_Ridge,0.7199999999999989,,,,
2023-04-01,2,ElasticNet,0.7199999999999989,,,,
2023-04-01,2,Huber,0.7199999999999989,,,,
2023-04-01,2,Ridge_Shock,0.7199999999999989,,,,
2023-04-01,2,EBM,0.7199999999999989,0.8409090909090935,-0.12090909090909463,0.12090909090909463,True
2023-04-01,2,LightGBM,0.7199999999999989,0.5920875688162965,0.12791243118370232,0.12791243118370232,True
2023-04-01,2,Prophet,0.7199999999999989,0.9875196547782545,-0.2675196547782557,0.2675196547782557,True
2023-04-01,2,ETS,0.7199999999999989,0.8888576803156811,-0.16885768031568227,0.16885768031568227,True
2023-04-01,2,SARIMA,0.7199999999999989,1.2854710903333006,-0.5654710903333018,0.5654710903333018,False
2023-04-01,2,NGBoost,0.7199999999999989,0.5921854315506323,0.12781456844936656,0.12781456844936656,True
2023-04-01,2,CatBoost,0.7199999999999989,0.6051903417041871,0.1148096582958118,0.1148096582958118,True
2023-04-01,2,Subcomp,0.7199999999999989,,,,
2023-04-01,2,Subcomp_Multi,0.7199999999999989,,,,
2023-04-01,2,Micro,0.7199999999999989,,,,
2023-04-01,12,Ridge,0.7199999999999989,1.8092828720947836,-1.0892828720947847,1.0892828720947847,False
2023-04-01,12,Ridge_Ext,0.7199999999999989,,,,
2023-04-01,12,Bayes_Ridge,0.7199999999999989,,,,
2023-04-01,12,ElasticNet,0.7199999999999989,,,,
2023-04-01,12,Huber,0.7199999999999989,,,,
2023-04-01,12,Ridge_Shock,0.7199999999999989,,,,
2023-04-01,12,EBM,0.7199999999999989,0.8409090909090935,-0.12090909090909463,0.12090909090909463,True
2023-04-01,12,LightGBM,0.7199999999999989,2.2142716534157074,-1.4942716534157086,1.4942716534157086,False
2023-04-01,12,Prophet,0.7199999999999989,0.9694047267111443,-0.24940472671114544,0.24940472671114544,True
2023-04-01,12,ETS,0.7199999999999989,3.2255134287448373,-2.5055134287448384,2.5055134287448384,False
2023-04-01,12,SARIMA,0.7199999999999989,1.0958427621742155,-0.37584276217421664,0.37584276217421664,True
2023-04-01,12,NGBoost,0.7199999999999989,1.7072599032089784,-0.9872599032089795,0.9872599032089795,False
2023-04-01,12,CatBoost,0.7199999999999989,0.6222445816462709,0.09775541835372792,0.09775541835372792,True
2023-04-01,12,Subcomp,0.7199999999999989,,,,
2023-04-01,12,Subcomp_Multi,0.7199999999999989,,,,
2023-04-01,12,Micro,0.7199999999999989,,,,
2023-05-01,1,Ridge,-0.25,0.5294343891561653,-0.7794343891561653,0.7794343891561653,False
2023-05-01,1,Ridge_Ext,-0.25,,,,
2023-05-01,1,Bayes_Ridge,-0.25,,,,
2023-05-01,1,ElasticNet,-0.25,,,,
2023-05-01,1,Huber,-0.25,,,,
2023-05-01,1,Ridge_Shock,-0.25,,,,
2023-05-01,1,EBM,-0.25,0.537272727272736,-0.787272727272736,0.787272727272736,False
2023-05-01,1,LightGBM,-0.25,0.34669736658463535,-0.5966973665846353,0.5966973665846353,False
2023-05-01,1,Prophet,-0.25,0.43028544265193674,-0.6802854426519367,0.6802854426519367,False
2023-05-01,1,ETS,-0.25,0.2597194385028011,-0.5097194385028011,0.5097194385028011,False
2023-05-01,1,SARIMA,-0.25,0.18304359611741944,-0.43304359611741944,0.43304359611741944,True
2023-05-01,1,NGBoost,-0.25,0.5350361492895104,-0.7850361492895104,0.7850361492895104,False
2023-05-01,1,CatBoost,-0.25,0.46790207470273515,-0.7179020747027351,0.7179020747027351,False
2023-05-01,1,Subcomp,-0.25,,,,
2023-05-01,1,Subcomp_Multi,-0.25,,,,
2023-05-01,1,Micro,-0.25,,,,
2023-05-01,2,Ridge,-0.25,0.49694761154304956,-0.7469476115430496,0.7469476115430496,False
2023-05-01,2,Ridge_Ext,-0.25,,,,
2023-05-01,2,Bayes_Ridge,-0.25,,,,
2023-05-01,2,ElasticNet,-0.25,,,,
2023-05-01,2,Huber,-0.25,,,,
2023-05-01,2,Ridge_Shock,-0.25,,,,
2023-05-01,2,EBM,-0.25,0.537272727272736,-0.787272727272736,0.787272727272736,False
2023-05-01,2,LightGBM,-0.25,0.5467335921119059,-0.7967335921119059,0.7967335921119059,False
2023-05-01,2,Prophet,-0.25,0.302793352731263,-0.552793352731263,0.552793352731263,False
2023-05-01,2,ETS,-0.25,0.25655200358922253,-0.5065520035892226,0.5065520035892226,False
2023-05-01,2,SARIMA,-0.25,-0.1994944845086299,-0.05050551549137011,0.05050551549137011,True
2023-05-01,2,NGBoost,-0.25,0.5366736737067868,-0.7866736737067868,0.7866736737067868,False
2023-05-01,2,CatBoost,-0.25,0.37696867798970857,-0.6269686779897086,0.6269686779897086,False
2023-05-01,2,Subcomp,-0.25,,,,
2023-05-01,2,Subcomp_Multi,-0.25,,,,
2023-05-01,2,Micro,-0.25,,,,
2023-05-01,12,Ridge,-0.25,0.5114234742332258,-0.7614234742332258,0.7614234742332258,False
2023-05-01,12,Ridge_Ext,-0.25,,,,
2023-05-01,12,Bayes_Ridge,-0.25,,,,
2023-05-01,12,ElasticNet,-0.25,,,,
2023-05-01,12,Huber,-0.25,,,,
2023-05-01,12,Ridge_Shock,-0.25,,,,
2023-05-01,12,EBM,-0.25,0.537272727272736,-0.787272727272736,0.787272727272736,False
2023-05-01,12,LightGBM,-0.25,0.44264454912418216,-0.6926445491241822,0.6926445491241822,False
2023-05-01,12,Prophet,-0.25,0.9694047267111443,-1.2194047267111443,1.2194047267111443,False
2023-05-01,12,ETS,-0.25,1.7686887075216988,-2.018688707521699,2.018688707521699,False
2023-05-01,12,SARIMA,-0.25,0.22135917991679008,-0.4713591799167901,0.4713591799167901,True
2023-05-01,12,NGBoost,-0.25,0.582051856786336,-0.832051856786336,0.832051856786336,False
2023-05-01,12,CatBoost,-0.25,0.4058440187748147,-0.6558440187748147,0.6558440187748147,False
2023-05-01,12,Subcomp,-0.25,,,,
2023-05-01,12,Subcomp_Multi,-0.25,,,,
2023-05-01,12,Micro,-0.25,,,,
2023-06-01,1,Ridge,0.4300000000000068,0.09221076487671098,0.33778923512329584,0.33778923512329584,True
2023-06-01,1,Ridge_Ext,0.4300000000000068,,,,
2023-06-01,1,Bayes_Ridge,0.4300000000000068,,,,
2023-06-01,1,ElasticNet,0.4300000000000068,,,,
2023-06-01,1,Huber,0.4300000000000068,,,,
2023-06-01,1,Ridge_Shock,0.4300000000000068,,,,
2023-06-01,1,EBM,0.4300000000000068,0.12545418181819912,0.3045458181818077,0.3045458181818077,True
2023-06-01,1,LightGBM,0.4300000000000068,0.308439325802496,0.12156067419751082,0.12156067419751082,True
2023-06-01,1,Prophet,0.4300000000000068,-0.11114646944994735,0.5411464694499541,0.5411464694499541,False
2023-06-01,1,ETS,0.4300000000000068,-0.34138313170604395,0.7713831317060508,0.7713831317060508,False
2023-06-01,1,SARIMA,0.4300000000000068,-0.41052439902377014,0.840524399023777,0.840524399023777,False
2023-06-01,1,NGBoost,0.4300000000000068,0.030011352128980207,0.3999886478710266,0.3999886478710266,True
2023-06-01,1,CatBoost,0.4300000000000068,0.17868202405531974,0.2513179759446871,0.2513179759446871,True
2023-06-01,1,Subcomp,0.4300000000000068,,,,
2023-06-01,1,Subcomp_Multi,0.4300000000000068,,,,
2023-06-01,1,Micro,0.4300000000000068,,,,
2023-06-01,2,Ridge,0.4300000000000068,0.10521627809850997,0.32478372190149685,0.32478372190149685,True
2023-06-01,2,Ridge_Ext,0.4300000000000068,,,,
2023-06-01,2,Bayes_Ridge,0.4300000000000068,,,,
2023-06-01,2,ElasticNet,0.4300000000000068,,,,
2023-06-01,2,Huber,0.4300000000000068,,,,
2023-06-01,2,Ridge_Shock,0.4300000000000068,,,,
2023-06-01,2,EBM,0.4300000000000068,0.12545418181819912,0.3045458181818077,0.3045458181818077,True
2023-06-01,2,LightGBM,0.4300000000000068,0.22406169381460472,0.2059383061854021,0.2059383061854021,True
2023-06-01,2,Prophet,0.4300000000000068,0.19760784232543405,0.23239215767457277,0.23239215767457277,True
2023-06-01,2,ETS,0.4300000000000068,-0.18644917788933474,0.6164491778893415,0.6164491778893415,False
2023-06-01,2,SARIMA,0.4300000000000068,-0.11491743705567546,0.5449174370556823,0.5449174370556823,False
2023-06-01,2,NGBoost,0.4300000000000068,0.14780936592541138,0.28219063407459544,0.28219063407459544,True
2023-06-01,2,CatBoost,0.4300000000000068,0.22053897072485995,0.20946102927514687,0.20946102927514687,True
2023-06-01,2,Subcomp,0.4300000000000068,,,,
2023-06-01,2,Subcomp_Multi,0.4300000000000068,,,,
2023-06-01,2,Micro,0.4300000000000068,,,,
2023-06-01,12,Ridge,0.4300000000000068,-0.15764111285952254,0.5876411128595294,0.5876411128595294,False
2023-06-01,12,Ridge_Ext,0.4300000000000068,,,,
2023-06-01,12,Bayes_Ridge,0.4300000000000068,,,,
2023-06-01,12,ElasticNet,0.4300000000000068,,,,
2023-06-01,12,Huber,0.4300000000000068,,,,
2023-06-01,12,Ridge_Shock,0.4300000000000068,,,,
2023-06-01,12,EBM,0.4300000000000068,0.12545418181819912,0.3045458181818077,0.3045458181818077,True
2023-06-01,12,LightGBM,0.4300000000000068,0.12837643475647553,0.3016235652435313,0.3016235652435313,True
2023-06-01,12,Prophet,0.4300000000000068,0.9694047267111443,-0.5394047267111375,0.5394047267111375,False
2023-06-01,12,ETS,0.4300000000000068,0.7645700868470008,-0.33457008684699396,0.33457008684699396,True
2023-06-01,12,SARIMA,0.4300000000000068,-0.23230352428880463,0.6623035242888115,0.6623035242888115,False
2023-06-01,12,NGBoost,0.4300000000000068,0.07138738231972752,0.3586126176802793,0.3586126176802793,True
2023-06-01,12,CatBoost,0.4300000000000068,0.2544153035973693,0.17558469640263752,0.17558469640263752,True
2023-06-01,12,Subcomp,0.4300000000000068,,,,
2023-06-01,12,Subcomp_Multi,0.4300000000000068,,,,
2023-06-01,12,Micro,0.4300000000000068,,,,
2023-07-01,1,Ridge,0.5,0.317563549486124,0.18243645051387603,0.18243645051387603,True
2023-07-01,1,Ridge_Ext,0.5,,,,
2023-07-01,1,Bayes_Ridge,0.5,,,,
2023-07-01,1,ElasticNet,0.5,,,,
2023-07-01,1,Huber,0.5,,,,
2023-07-01,1,Ridge_Shock,0.5,,,,
2023-07-01,1,EBM,0.5,0.24545409090909232,0.2545459090909077,0.2545459090909077,True
2023-07-01,1,LightGBM,0.5,0.5092789127308208,-0.00927891273082082,0.00927891273082082,True
2023-07-01,1,Prophet,0.5,-0.21715834558545388,0.7171583455854539,0.7171583455854539,False
2023-07-01,1,ETS,0.5,-0.11540658478514454,0.6154065847851445,0.6154065847851445,False
2023-07-01,1,SARIMA,0.5,0.22206293242331254,0.27793706757668746,0.27793706757668746,True
2023-07-01,1,NGBoost,0.5,0.45886121899508225,0.041138781004917746,0.041138781004917746,True
2023-07-01,1,CatBoost,0.5,0.29441096447217774,0.20558903552782226,0.20558903552782226,True
2023-07-01,1,Subcomp,0.5,,,,
2023-07-01,1,Subcomp_Multi,0.5,,,,
2023-07-01,1,Micro,0.5,,,,
2023-07-01,2,Ridge,0.5,0.08824095489175932,0.4117590451082407,0.4117590451082407,True
2023-07-01,2,Ridge_Ext,0.5,,,,
2023-07-01,2,Bayes_Ridge,0.5,,,,
2023-07-01,2,ElasticNet,0.5,,,,
2023-07-01,2,Huber,0.5,,,,
2023-07-01,2,Ridge_Shock,0.5,,,,
2023-07-01,2,EBM,0.5,0.24545409090909232,0.2545459090909077,0.2545459090909077,True
2023-07-01,2,LightGBM,0.5,0.5707812298061441,-0.0707812298061441,0.0707812298061441,True
2023-07-01,2,Prophet,0.5,-0.3913005823677365,0.8913005823677365,0.8913005823677365,False
2023-07-01,2,ETS,0.5,-0.3405957246094944,0.8405957246094944,0.8405957246094944,False
2023-07-01,2,SARIMA,0.5,-0.33383031920263023,0.8338303192026302,0.8338303192026302,False
2023-07-01,2,NGBoost,0.5,0.2099075661474359,0.2900924338525641,0.2900924338525641,True
2023-07-01,2,CatBoost,0.5,0.3062396148728368,0.1937603851271632,0.1937603851271632,True
2023-07-01,2,Subcomp,0.5,,,,
2023-07-01,2,Subcomp_Multi,0.5,,,,
2023-07-01,2,Micro,0.5,,,,
2023-07-01,12,Ridge,0.5,-0.6925137358463189,1.192513735846319,1.192513735846319,False
2023-07-01,12,Ridge_Ext,0.5,,,,
2023-07-01,12,Bayes_Ridge,0.5,,,,
2023-07-01,12,ElasticNet,0.5,,,,
2023-07-01,12,Huber,0.5,,,,
2023-07-01,12,Ridge_Shock,0.5,,,,
2023-07-01,12,EBM,0.5,0.24545409090909232,0.2545459090909077,0.2545459090909077,True
2023-07-01,12,LightGBM,0.5,-0.02603387227229348,0.5260338722722935,0.5260338722722935,False
2023-07-01,12,Prophet,0.5,0.9694047267111443,-0.4694047267111443,0.4694047267111443,True
2023-07-01,12,ETS,0.5,0.45546892857161614,0.04453107142838386,0.04453107142838386,True
2023-07-01,12,SARIMA,0.5,-0.2594252765127568,0.7594252765127568,0.7594252765127568,False
2023-07-01,12,NGBoost,0.5,-0.04030316065664863,0.5403031606566486,0.5403031606566486,False
2023-07-01,12,CatBoost,0.5,0.25115613868945275,0.24884386131054725,0.24884386131054725,True
2023-07-01,12,Subcomp,0.5,,,,
2023-07-01,12,Subcomp_Multi,0.5,,,,
2023-07-01,12,Micro,0.5,,,,
2023-08-01,1,Ridge,-0.06999999999999318,0.154030403806928,-0.22403040380692119,0.22403040380692119,True
2023-08-01,1,Ridge_Ext,-0.06999999999999318,,,,
2023-08-01,1,Bayes_Ridge,-0.06999999999999318,,,,
2023-08-01,1,ElasticNet,-0.06999999999999318,,,,
2023-08-01,1,Huber,-0.06999999999999318,,,,
2023-08-01,1,Ridge_Shock,-0.06999999999999318,,,,
2023-08-01,1,EBM,-0.06999999999999318,0.0009090909090900823,-0.07090909090908326,0.07090909090908326,True
2023-08-01,1,LightGBM,-0.06999999999999318,0.39311745516192786,-0.46311745516192104,0.46311745516192104,True
2023-08-01,1,Prophet,-0.06999999999999318,-0.0016091592069092664,-0.06839084079308391,0.06839084079308391,True
2023-08-01,1,ETS,-0.06999999999999318,-0.06866893236061533,-0.0013310676393778476,0.0013310676393778476,True
2023-08-01,1,SARIMA,-0.06999999999999318,0.3087912541043162,-0.37879125410430936,0.37879125410430936,True
2023-08-01,1,NGBoost,-0.06999999999999318,0.2549217391195242,-0.3249217391195174,0.3249217391195174,True
2023-08-01,1,CatBoost,-0.06999999999999318,0.6071349386795362,-0.6771349386795293,0.6771349386795293,False
2023-08-01,1,Subcomp,-0.06999999999999318,,,,
2023-08-01,1,Subcomp_Multi,-0.06999999999999318,,,,
2023-08-01,1,Micro,-0.06999999999999318,,,,
2023-08-01,2,Ridge,-0.06999999999999318,0.04411635379969425,-0.11411635379968743,0.11411635379968743,True
2023-08-01,2,Ridge_Ext,-0.06999999999999318,,,,
2023-08-01,2,Bayes_Ridge,-0.06999999999999318,,,,
2023-08-01,2,ElasticNet,-0.06999999999999318,,,,
2023-08-01,2,Huber,-0.06999999999999318,,,,
2023-08-01,2,Ridge_Shock,-0.06999999999999318,,,,
2023-08-01,2,EBM,-0.06999999999999318,0.0009090909090900823,-0.07090909090908326,0.07090909090908326,True
2023-08-01,2,LightGBM,-0.06999999999999318,0.3217513923186033,-0.39175139231859646,0.39175139231859646,True
2023-08-01,2,Prophet,-0.06999999999999318,-0.10151392417918151,0.03151392417918833,0.03151392417918833,True
2023-08-01,2,ETS,-0.06999999999999318,-0.23233037130284923,0.16233037130285605,0.16233037130285605,True
2023-08-01,2,SARIMA,-0.06999999999999318,0.12492268854564315,-0.19492268854563632,0.19492268854563632,True
2023-08-01,2,NGBoost,-0.06999999999999318,0.20882744536552877,-0.27882744536552195,0.27882744536552195,True
2023-08-01,2,CatBoost,-0.06999999999999318,0.19548331951042996,-0.26548331951042314,0.26548331951042314,True
2023-08-01,2,Subcomp,-0.06999999999999318,,,,
2023-08-01,2,Subcomp_Multi,-0.06999999999999318,,,,
2023-08-01,2,Micro,-0.06999999999999318,,,,
2023-08-01,12,Ridge,-0.06999999999999318,0.02887670723916358,-0.09887670723915676,0.09887670723915676,True
2023-08-01,12,Ridge_Ext,-0.06999999999999318,,,,
2023-08-01,12,Bayes_Ridge,-0.06999999999999318,,,,
2023-08-01,12,ElasticNet,-0.06999999999999318,,,,
2023-08-01,12,Huber,-0.06999999999999318,,,,
2023-08-01,12,Ridge_Shock,-0.06999999999999318,,,,
2023-08-01,12,EBM,-0.06999999999999318,0.0009090909090900823,-0.07090909090908326,0.07090909090908326,True
2023-08-01,12,LightGBM,-0.06999999999999318,0.20539630030398826,-0.27539630030398143,0.27539630030398143,True
2023-08-01,12,Prophet,-0.06999999999999318,0.9694047267111443,-1.0394047267111375,1.0394047267111375,False
2023-08-01,12,ETS,-0.06999999999999318,0.09319838765275401,-0.1631983876527472,0.1631983876527472,True
2023-08-01,12,SARIMA,-0.06999999999999318,-0.19171817659654736,0.12171817659655418,0.12171817659655418,True
2023-08-01,12,NGBoost,-0.06999999999999318,0.12306260036343986,-0.19306260036343303,0.19306260036343303,True
2023-08-01,12,CatBoost,-0.06999999999999318,0.10375627576490842,-0.1737562757649016,0.1737562757649016,True
2023-08-01,12,Subcomp,-0.06999999999999318,,,,
2023-08-01,12,Subcomp_Multi,-0.06999999999999318,,,,
2023-08-01,12,Micro,-0.06999999999999318,,,,
2023-09-01,1,Ridge,1.75,0.3275030318628751,1.422496968137125,1.422496968137125,False
2023-09-01,1,Ridge_Ext,1.75,,,,
2023-09-01,1,Bayes_Ridge,1.75,,,,
2023-09-01,1,ElasticNet,1.75,,,,
2023-09-01,1,Huber,1.75,,,,
2023-09-01,1,Ridge_Shock,1.75,,,,
2023-09-01,1,EBM,1.75,0.32363645454546486,1.4263635454545351,1.4263635454545351,False
2023-09-01,1,LightGBM,1.75,0.5654455879989797,1.1845544120010203,1.1845544120010203,False
2023-09-01,1,Prophet,1.75,0.6117299175082651,1.138270082491735,1.138270082491735,False
2023-09-01,1,ETS,1.75,0.4124932776479162,1.3375067223520838,1.3375067223520838,False
2023-09-01,1,SARIMA,1.75,0.08989978987701883,1.6601002101229811,1.6601002101229811,False
2023-09-01,1,NGBoost,1.75,0.3403496872494145,1.4096503127505855,1.4096503127505855,False
2023-09-01,1,CatBoost,1.75,0.4520907074347065,1.2979092925652935,1.2979092925652935,False
2023-09-01,1,Subcomp,1.75,,,,
2023-09-01,1,Subcomp_Multi,1.75,,,,
2023-09-01,1,Micro,1.75,,,,
2023-09-01,2,Ridge,1.75,0.34519718426597024,1.4048028157340298,1.4048028157340298,False
2023-09-01,2,Ridge_Ext,1.75,,,,
2023-09-01,2,Bayes_Ridge,1.75,,,,
2023-09-01,2,ElasticNet,1.75,,,,
2023-09-01,2,Huber,1.75,,,,
2023-09-01,2,Ridge_Shock,1.75,,,,
2023-09-01,2,EBM,1.75,0.32363645454546486,1.4263635454545351,1.4263635454545351,False
2023-09-01,2,LightGBM,1.75,0.8021073011937148,0.9478926988062852,0.9478926988062852,False
2023-09-01,2,Prophet,1.75,0.56366967012685,1.18633032987315,1.18633032987315,False
2023-09-01,2,ETS,1.75,0.4128497882535984,1.3371502117464016,1.3371502117464016,False
2023-09-01,2,SARIMA,1.75,0.33994049184558817,1.4100595081544118,1.4100595081544118,False
2023-09-01,2,NGBoost,1.75,0.3527087626874703,1.3972912373125297,1.3972912373125297,False
2023-09-01,2,CatBoost,1.75,0.14974349577597934,1.6002565042240207,1.6002565042240207,False
2023-09-01,2,Subcomp,1.75,,,,
2023-09-01,2,Subcomp_Multi,1.75,,,,
2023-09-01,2,Micro,1.75,,,,
2023-09-01,12,Ridge,1.75,0.3407632805826495,1.4092367194173505,1.4092367194173505,False
2023-09-01,12,Ridge_Ext,1.75,,,,
2023-09-01,12,Bayes_Ridge,1.75,,,,
2023-09-01,12,ElasticNet,1.75,,,,
2023-09-01,12,Huber,1.75,,,,
2023-09-01,12,Ridge_Shock,1.75,,,,
2023-09-01,12,EBM,1.75,0.32363645454546486,1.4263635454545351,1.4263635454545351,False
2023-09-01,12,LightGBM,1.75,1.0651957519889663,0.6848042480110337,0.6848042480110337,False
2023-09-01,12,Prophet,1.75,0.9694047267111443,0.7805952732888557,0.7805952732888557,False
2023-09-01,12,ETS,1.75,0.4426873969848631,1.307312603015137,1.307312603015137,False
2023-09-01,12,SARIMA,1.75,0.10596381767864368,1.6440361823213563,1.6440361823213563,False
2023-09-01,12,NGBoost,1.75,0.35381735182816954,1.3961826481718305,1.3961826481718305,False
2023-09-01,12,CatBoost,1.75,0.23268684428295217,1.5173131557170478,1.5173131557170478,False
2023-09-01,12,Subcomp,1.75,,,,
2023-09-01,12,Subcomp_Multi,1.75,,,,
2023-09-01,12,Micro,1.75,,,,
2023-10-01,1,Ridge,0.45999999999999375,0.6352502146911405,-0.17525021469114677,0.17525021469114677,True
2023-10-01,1,Ridge_Ext,0.45999999999999375,,,,
2023-10-01,1,Bayes_Ridge,0.45999999999999375,,,,
2023-10-01,1,ElasticNet,0.45999999999999375,,,,
2023-10-01,1,Huber,0.45999999999999375,,,,
2023-10-01,1,Ridge_Shock,0.45999999999999375,,,,
2023-10-01,1,EBM,0.45999999999999375,0.5727272727272634,-0.11272727272726968,0.11272727272726968,True
2023-10-01,1,LightGBM,0.45999999999999375,1.8567914754934947,-1.396791475493501,1.396791475493501,False
2023-10-01,1,Prophet,0.45999999999999375,0.6051940041262487,-0.14519400412625494,0.14519400412625494,True
2023-10-01,1,ETS,0.45999999999999375,0.9129400975052778,-0.4529400975052841,0.4529400975052841,True
2023-10-01,1,SARIMA,0.45999999999999375,1.2359315269639646,-0.7759315269639708,0.7759315269639708,False
2023-10-01,1,NGBoost,0.45999999999999375,0.6658082686027313,-0.2058082686027376,0.2058082686027376,True
2023-10-01,1,CatBoost,0.45999999999999375,1.0038475955634993,-0.5438475955635056,0.5438475955635056,False
2023-10-01,1,Subcomp,0.45999999999999375,,,,
2023-10-01,1,Subcomp_Multi,0.45999999999999375,,,,
2023-10-01,1,Micro,0.45999999999999375,,,,
2023-10-01,2,Ridge,0.45999999999999375,0.5732219777435006,-0.11322197774350684,0.11322197774350684,True
2023-10-01,2,Ridge_Ext,0.45999999999999375,,,,
2023-10-01,2,Bayes_Ridge,0.45999999999999375,,,,
2023-10-01,2,ElasticNet,0.45999999999999375,,,,
2023-10-01,2,Huber,0.45999999999999375,,,,
2023-10-01,2,Ridge_Shock,0.45999999999999375,,,,
2023-10-01,2,EBM,0.45999999999999375,0.5727272727272634,-0.11272727272726968,0.11272727272726968,True
2023-10-01,2,LightGBM,0.45999999999999375,0.7032688007839027,-0.243268800783909,0.243268800783909,True
2023-10-01,2,Prophet,0.45999999999999375,0.5230143558765302,-0.06301435587653648,0.06301435587653648,True
2023-10-01,2,ETS,0.45999999999999375,0.5109837619367825,-0.050983761936788774,0.050983761936788774,True
2023-10-01,2,SARIMA,0.45999999999999375,0.15158023627955913,0.3084197637204346,0.3084197637204346,True
2023-10-01,2,NGBoost,0.45999999999999375,0.5612808946446961,-0.10128089464470236,0.10128089464470236,True
2023-10-01,2,CatBoost,0.45999999999999375,0.4515670084950614,0.008432991504932374,0.008432991504932374,True
2023-10-01,2,Subcomp,0.45999999999999375,,,,
2023-10-01,2,Subcomp_Multi,0.45999999999999375,,,,
2023-10-01,2,Micro,0.45999999999999375,,,,
2023-10-01,12,Ridge,0.45999999999999375,0.5740753012851911,-0.11407530128519738,0.11407530128519738,True
2023-10-01,12,Ridge_Ext,0.45999999999999375,,,,
2023-10-01,12,Bayes_Ridge,0.45999999999999375,,,,
2023-10-01,12,ElasticNet,0.45999999999999375,,,,
2023-10-01,12,Huber,0.45999999999999375,,,,
2023-10-01,12,Ridge_Shock,0.45999999999999375,,,,
2023-10-01,12,EBM,0.45999999999999375,0.5727272727272634,-0.11272727272726968,0.11272727272726968,True
2023-10-01,12,LightGBM,0.45999999999999375,0.5695505626908499,-0.10955056269085617,0.10955056269085617,True
2023-10-01,12,Prophet,0.45999999999999375,0.9694047267111443,-0.5094047267111506,0.5094047267111506,False
2023-10-01,12,ETS,0.45999999999999375,0.5864161457066738,-0.12641614570668003,0.12641614570668003,True
2023-10-01,12,SARIMA,0.45999999999999375,0.21955552619914942,0.24044447380084433,0.24044447380084433,True
2023-10-01,12,NGBoost,0.45999999999999375,0.5423393517408215,-0.08233935174082774,0.08233935174082774,True
2023-10-01,12,CatBoost,0.45999999999999375,0.3629475066530574,0.09705249334693633,0.09705249334693633,True
2023-10-01,12,Subcomp,0.45999999999999375,,,,
2023-10-01,12,Subcomp_Multi,0.45999999999999375,,,,
2023-10-01,12,Micro,0.45999999999999375,,,,
2023-11-01,1,Ridge,0.7399999999999949,0.5402397780036807,0.19976022199631416,0.19976022199631416,True
2023-11-01,1,Ridge_Ext,0.7399999999999949,,,,
2023-11-01,1,Bayes_Ridge,0.7399999999999949,,,,
2023-11-01,1,ElasticNet,0.7399999999999949,,,,
2023-11-01,1,Huber,0.7399999999999949,,,,
2023-11-01,1,Ridge_Shock,0.7399999999999949,,,,
2023-11-01,1,EBM,0.7399999999999949,0.5872727272727332,0.15272727272726172,0.15272727272726172,True
2023-11-01,1,LightGBM,0.7399999999999949,0.3153521410797566,0.42464785892023826,0.42464785892023826,True
2023-11-01,1,Prophet,0.7399999999999949,0.7996139616096076,-0.05961396160961274,0.05961396160961274,True
2023-11-01,1,ETS,0.7399999999999949,0.7691737073565772,-0.029173707356582312,0.029173707356582312,True
2023-11-01,1,SARIMA,0.7399999999999949,0.261570584473409,0.4784294155265859,0.4784294155265859,True
2023-11-01,1,NGBoost,0.7399999999999949,0.5948620126197852,0.14513798738020967,0.14513798738020967,True
2023-11-01,1,CatBoost,0.7399999999999949,0.5292485118424537,0.2107514881575412,0.2107514881575412,True
2023-11-01,1,Subcomp,0.7399999999999949,,,,
2023-11-01,1,Subcomp_Multi,0.7399999999999949,,,,
2023-11-01,1,Micro,0.7399999999999949,,,,
2023-11-01,2,Ridge,0.7399999999999949,1.255130054359185,-0.5151300543591901,0.5151300543591901,False
2023-11-01,2,Ridge_Ext,0.7399999999999949,,,,
2023-11-01,2,Bayes_Ridge,0.7399999999999949,,,,
2023-11-01,2,ElasticNet,0.7399999999999949,,,,
2023-11-01,2,Huber,0.7399999999999949,,,,
2023-11-01,2,Ridge_Shock,0.7399999999999949,,,,
2023-11-01,2,EBM,0.7399999999999949,0.5872727272727332,0.15272727272726172,0.15272727272726172,True
2023-11-01,2,LightGBM,0.7399999999999949,1.9502160786140905,-1.2102160786140956,1.2102160786140956,False
2023-11-01,2,Prophet,0.7399999999999949,0.764181964495355,-0.024181964495360142,0.024181964495360142,True
2023-11-01,2,ETS,0.7399999999999949,0.9267749860622466,-0.18677498606225174,0.18677498606225174,True
2023-11-01,2,SARIMA,0.7399999999999949,0.7538029570767969,-0.013802957076802014,0.013802957076802014,True
2023-11-01,2,NGBoost,0.7399999999999949,1.8309426211931452,-1.0909426211931503,1.0909426211931503,False
2023-11-01,2,CatBoost,0.7399999999999949,0.4951736811593008,0.24482631884069406,0.24482631884069406,True
2023-11-01,2,Subcomp,0.7399999999999949,,,,
2023-11-01,2,Subcomp_Multi,0.7399999999999949,,,,
2023-11-01,2,Micro,0.7399999999999949,,,,
2023-11-01,12,Ridge,0.7399999999999949,0.3297428646771152,0.41025713532287966,0.41025713532287966,True
2023-11-01,12,Ridge_Ext,0.7399999999999949,,,,
2023-11-01,12,Bayes_Ridge,0.7399999999999949,,,,
2023-11-01,12,ElasticNet,0.7399999999999949,,,,
2023-11-01,12,Huber,0.7399999999999949,,,,
2023-11-01,12,Ridge_Shock,0.7399999999999949,,,,
2023-11-01,12,EBM,0.7399999999999949,0.5872727272727332,0.15272727272726172,0.15272727272726172,True
2023-11-01,12,LightGBM,0.7399999999999949,0.612501012654306,0.12749898734568887,0.12749898734568887,True
2023-11-01,12,Prophet,0.7399999999999949,0.9694047267111443,-0.22940472671114942,0.22940472671114942,True
2023-11-01,12,ETS,0.7399999999999949,0.4716268480582022,0.2683731519417927,0.2683731519417927,True
2023-11-01,12,SARIMA,0.7399999999999949,0.08102203086087736,0.6589779691391175,0.6589779691391175,False
2023-11-01,12,NGBoost,0.7399999999999949,0.28890971076924643,0.45109028923074845,0.45109028923074845,True
2023-11-01,12,CatBoost,0.7399999999999949,0.4017296206856571,0.3382703793143378,0.3382703793143378,True
2023-11-01,12,Subcomp,0.7399999999999949,,,,
2023-11-01,12,Subcomp_Multi,0.7399999999999949,,,,
2023-11-01,12,Micro,0.7399999999999949,,,,
2023-12-01,1,Ridge,0.29000000000000625,0.5489190987908472,-0.25891909879084096,0.25891909879084096,True
2023-12-01,1,Ridge_Ext,0.29000000000000625,,,,
2023-12-01,1,Bayes_Ridge,0.29000000000000625,,,,
2023-12-01,1,ElasticNet,0.29000000000000625,,,,
2023-12-01,1,Huber,0.29000000000000625,,,,
2023-12-01,1,Ridge_Shock,0.29000000000000625,,,,
2023-12-01,1,EBM,0.29000000000000625,0.7990909090909071,-0.5090909090909008,0.5090909090909008,False
2023-12-01,1,LightGBM,0.29000000000000625,0.5643729273139257,-0.2743729273139195,0.2743729273139195,True
2023-12-01,1,Prophet,0.29000000000000625,0.928007237911255,-0.6380072379112487,0.6380072379112487,False
2023-12-01,1,ETS,0.29000000000000625,1.0140806133071818,-0.7240806133071755,0.7240806133071755,False
2023-12-01,1,SARIMA,0.29000000000000625,0.5523252945670577,-0.26232529456705145,0.26232529456705145,True
2023-12-01,1,NGBoost,0.29000000000000625,0.45191179190015873,-0.16191179190015248,0.16191179190015248,True
2023-12-01,1,CatBoost,0.29000000000000625,0.6017315997838892,-0.311731599783883,0.311731599783883,True
2023-12-01,1,Subcomp,0.29000000000000625,,,,
2023-12-01,1,Subcomp_Multi,0.29000000000000625,,,,
2023-12-01,1,Micro,0.29000000000000625,,,,
2023-12-01,2,Ridge,0.29000000000000625,0.7694748310635475,-0.4794748310635413,0.4794748310635413,True
2023-12-01,2,Ridge_Ext,0.29000000000000625,,,,
2023-12-01,2,Bayes_Ridge,0.29000000000000625,,,,
2023-12-01,2,ElasticNet,0.29000000000000625,,,,
2023-12-01,2,Huber,0.29000000000000625,,,,
2023-12-01,2,Ridge_Shock,0.29000000000000625,,,,
2023-12-01,2,EBM,0.29000000000000625,0.7990909090909071,-0.5090909090909008,0.5090909090909008,False
2023-12-01,2,LightGBM,0.29000000000000625,0.5359934397463206,-0.24599343974631438,0.24599343974631438,True
2023-12-01,2,Prophet,0.29000000000000625,0.9194833401758883,-0.629483340175882,0.629483340175882,False
2023-12-01,2,ETS,0.29000000000000625,1.0222557032593174,-0.7322557032593111,0.7322557032593111,False
2023-12-01,2,SARIMA,0.29000000000000625,0.2509575608913924,0.03904243910861388,0.03904243910861388,True
2023-12-01,2,NGBoost,0.29000000000000625,0.6246769048456997,-0.33467690484569346,0.33467690484569346,True
2023-12-01,2,CatBoost,0.29000000000000625,0.5032547770548348,-0.21325477705482854,0.21325477705482854,True
2023-12-01,2,Subcomp,0.29000000000000625,,,,
2023-12-01,2,Subcomp_Multi,0.29000000000000625,,,,
2023-12-01,2,Micro,0.29000000000000625,,,,
2023-12-01,12,Ridge,0.29000000000000625,0.2144664013469253,0.07553359865308096,0.07553359865308096,True
2023-12-01,12,Ridge_Ext,0.29000000000000625,,,,
2023-12-01,12,Bayes_Ridge,0.29000000000000625,,,,
2023-12-01,12,ElasticNet,0.29000000000000625,,,,
2023-12-01,12,Huber,0.29000000000000625,,,,
2023-12-01,12,Ridge_Shock,0.29000000000000625,,,,
2023-12-01,12,EBM,0.29000000000000625,0.7990909090909071,-0.5090909090909008,0.5090909090909008,False
2023-12-01,12,LightGBM,0.29000000000000625,0.5753433986423175,-0.2853433986423113,0.2853433986423113,True
2023-12-01,12,Prophet,0.29000000000000625,0.9694047267111443,-0.679404726711138,0.679404726711138,False
2023-12-01,12,ETS,0.29000000000000625,0.6605004940242868,-0.37050049402428054,0.37050049402428054,True
2023-12-01,12,SARIMA,0.29000000000000625,0.1920713901281178,0.09792860987188845,0.09792860987188845,True
2023-12-01,12,NGBoost,0.29000000000000625,0.3754699999379625,-0.08546999993795623,0.08546999993795623,True
2023-12-01,12,CatBoost,0.29000000000000625,0.5147270817179646,-0.2247270817179583,0.2247270817179583,True
2023-12-01,12,Subcomp,0.29000000000000625,,,,
2023-12-01,12,Subcomp_Multi,0.29000000000000625,,,,
2023-12-01,12,Micro,0.29000000000000625,,,,
2024-01-01,1,Ridge,0.8700000000000045,0.9982389287344944,-0.12823892873448983,0.12823892873448983,True
2024-01-01,1,Ridge_Ext,0.8700000000000045,,,,
2024-01-01,1,Bayes_Ridge,0.8700000000000045,,,,
2024-01-01,1,ElasticNet,0.8700000000000045,,,,
2024-01-01,1,Huber,0.8700000000000045,,,,
2024-01-01,1,Ridge_Shock,0.8700000000000045,,,,
2024-01-01,1,EBM,0.8700000000000045,1.028333416666669,-0.15833341666666456,0.15833341666666456,True
2024-01-01,1,LightGBM,0.8700000000000045,0.6032036238061949,0.2667963761938097,0.2667963761938097,True
2024-01-01,1,Prophet,0.8700000000000045,1.1354333163532344,-0.26543331635322986,0.26543331635322986,True
2024-01-01,1,ETS,0.8700000000000045,1.048755214388045,-0.17875521438804043,0.17875521438804043,True
2024-01-01,1,SARIMA,0.8700000000000045,0.36310384017402036,0.5068961598259842,0.5068961598259842,False
2024-01-01,1,NGBoost,0.8700000000000045,0.9879786764070531,-0.11797867640704851,0.11797867640704851,True
2024-01-01,1,CatBoost,0.8700000000000045,0.5115536538348522,0.35844634616515236,0.35844634616515236,True
2024-01-01,1,Subcomp,0.8700000000000045,,,,
2024-01-01,1,Subcomp_Multi,0.8700000000000045,,,,
2024-01-01,1,Micro,0.8700000000000045,,,,
2024-01-01,2,Ridge,0.8700000000000045,1.0039064123173205,-0.13390641231731593,0.13390641231731593,True
2024-01-01,2,Ridge_Ext,0.8700000000000045,,,,
2024-01-01,2,Bayes_Ridge,0.8700000000000045,,,,
2024-01-01,2,ElasticNet,0.8700000000000045,,,,
2024-01-01,2,Huber,0.8700000000000045,,,,
2024-01-01,2,Ridge_Shock,0.8700000000000045,,,,
2024-01-01,2,EBM,0.8700000000000045,1.028333416666669,-0.15833341666666456,0.15833341666666456,True
2024-01-01,2,LightGBM,0.8700000000000045,0.5551172092024075,0.31488279079759707,0.31488279079759707,True
2024-01-01,2,Prophet,0.8700000000000045,1.1809035986540768,-0.31090359865407224,0.31090359865407224,True
2024-01-01,2,ETS,0.8700000000000045,1.2334347902182543,-0.36343479021824976,0.36343479021824976,True
2024-01-01,2,SARIMA,0.8700000000000045,0.5281339819723667,0.34186601802763783,0.34186601802763783,True
2024-01-01,2,NGBoost,0.8700000000000045,0.9801017436184054,-0.11010174361840086,0.11010174361840086,True
2024-01-01,2,CatBoost,0.8700000000000045,0.41033632141844123,0.4596636785815633,0.4596636785815633,True
2024-01-01,2,Subcomp,0.8700000000000045,,,,
2024-01-01,2,Subcomp_Multi,0.8700000000000045,,,,
2024-01-01,2,Micro,0.8700000000000045,,,,
2024-01-01,12,Ridge,0.8700000000000045,1.0108609638610346,-0.1408609638610301,0.1408609638610301,True
2024-01-01,12,Ridge_Ext,0.8700000000000045,,,,
2024-01-01,12,Bayes_Ridge,0.8700000000000045,,,,
2024-01-01,12,ElasticNet,0.8700000000000045,,,,
2024-01-01,12,Huber,0.8700000000000045,,,,
2024-01-01,12,Ridge_Shock,0.8700000000000045,,,,
2024-01-01,12,EBM,0.8700000000000045,1.028333416666669,-0.15833341666666456,0.15833341666666456,True
2024-01-01,12,LightGBM,0.8700000000000045,0.6714687837196749,0.19853121628032966,0.19853121628032966,True
2024-01-01,12,Prophet,0.8700000000000045,1.3895295370777223,-0.5195295370777178,0.5195295370777178,False
2024-01-01,12,ETS,0.8700000000000045,0.9546564525438832,-0.08465645254387866,0.08465645254387866,True
2024-01-01,12,SARIMA,0.8700000000000045,0.38338376482075237,0.4866162351792522,0.4866162351792522,True
2024-01-01,12,NGBoost,0.8700000000000045,0.99690025962758,-0.12690025962757545,0.12690025962757545,True
2024-01-01,12,CatBoost,0.8700000000000045,0.5374043933430954,0.3325956066569091,0.3325956066569091,True
2024-01-01,12,Subcomp,0.8700000000000045,,,,
2024-01-01,12,Subcomp_Multi,0.8700000000000045,,,,
2024-01-01,12,Micro,0.8700000000000045,,,,
2024-02-01,1,Ridge,0.5300000000000011,0.6166766349374768,-0.08667663493747568,0.08667663493747568,True
2024-02-01,1,Ridge_Ext,0.5300000000000011,,,,
2024-02-01,1,Bayes_Ridge,0.5300000000000011,,,,
2024-02-01,1,ElasticNet,0.5300000000000011,,,,
2024-02-01,1,Huber,0.5300000000000011,,,,
2024-02-01,1,Ridge_Shock,0.5300000000000011,,,,
2024-02-01,1,EBM,0.5300000000000011,0.8666666666666742,-0.3366666666666731,0.3366666666666731,True
2024-02-01,1,LightGBM,0.5300000000000011,0.2309086885241527,0.29909131147584844,0.29909131147584844,True
2024-02-01,1,Prophet,0.5300000000000011,0.9555998658323771,-0.42559986583237597,0.42559986583237597,True
2024-02-01,1,ETS,0.5300000000000011,0.824860544255108,-0.2948605442551069,0.2948605442551069,True
2024-02-01,1,SARIMA,0.5300000000000011,0.5570982476641565,-0.02709824766415536,0.02709824766415536,True
2024-02-01,1,NGBoost,0.5300000000000011,0.45873549334194763,0.0712645066580535,0.0712645066580535,True
2024-02-01,1,CatBoost,0.5300000000000011,0.6337822933824384,-0.10378229338243727,0.10378229338243727,True
2024-02-01,1,Subcomp,0.5300000000000011,,,,
2024-02-01,1,Subcomp_Multi,0.5300000000000011,,,,
2024-02-01,1,Micro,0.5300000000000011,,,,
2024-02-01,2,Ridge,0.5300000000000011,0.649563089177704,-0.11956308917770286,0.11956308917770286,True
2024-02-01,2,Ridge_Ext,0.5300000000000011,,,,
2024-02-01,2,Bayes_Ridge,0.5300000000000011,,,,
2024-02-01,2,ElasticNet,0.5300000000000011,,,,
2024-02-01,2,Huber,0.5300000000000011,,,,
2024-02-01,2,Ridge_Shock,0.5300000000000011,,,,
2024-02-01,2,EBM,0.5300000000000011,0.8666666666666742,-0.3366666666666731,0.3366666666666731,True
2024-02-01,2,LightGBM,0.5300000000000011,0.5574632310030836,-0.027463231003082456,0.027463231003082456,True
2024-02-01,2,Prophet,0.5300000000000011,0.9862825892863775,-0.4562825892863763,0.4562825892863763,True
2024-02-01,2,ETS,0.5300000000000011,0.8694954290318664,-0.33949542903186525,0.33949542903186525,True
2024-02-01,2,SARIMA,0.5300000000000011,0.24013970340935445,0.2898602965906467,0.2898602965906467,True
2024-02-01,2,NGBoost,0.5300000000000011,0.6806322850304127,-0.1506322850304116,0.1506322850304116,True
2024-02-01,2,CatBoost,0.5300000000000011,0.588143471674357,-0.05814347167435585,0.05814347167435585,True
2024-02-01,2,Subcomp,0.5300000000000011,,,,
2024-02-01,2,Subcomp_Multi,0.5300000000000011,,,,
2024-02-01,2,Micro,0.5300000000000011,,,,
2024-02-01,12,Ridge,0.5300000000000011,0.5834948596758807,-0.053494859675879525,0.053494859675879525,True
2024-02-01,12,Ridge_Ext,0.5300000000000011,,,,
2024-02-01,12,Bayes_Ridge,0.5300000000000011,,,,
2024-02-01,12,ElasticNet,0.5300000000000011,,,,
2024-02-01,12,Huber,0.5300000000000011,,,,
2024-02-01,12,Ridge_Shock,0.5300000000000011,,,,
2024-02-01,12,EBM,0.5300000000000011,0.8666666666666742,-0.3366666666666731,0.3366666666666731,True
2024-02-01,12,LightGBM,0.5300000000000011,0.3802383387792503,0.14976166122075085,0.14976166122075085,True
2024-02-01,12,Prophet,0.5300000000000011,0.9973277924451162,-0.467327792445115,0.467327792445115,True
2024-02-01,12,ETS,0.5300000000000011,0.7608672370704046,-0.23086723707040346,0.23086723707040346,True
2024-02-01,12,SARIMA,0.5300000000000011,0.2532595580883894,0.27674044191161173,0.27674044191161173,True
2024-02-01,12,NGBoost,0.5300000000000011,0.4439832947119271,0.08601670528807404,0.08601670528807404,True
2024-02-01,12,CatBoost,0.5300000000000011,0.4753246935809017,0.054675306419099456,0.054675306419099456,True
2024-02-01,12,Subcomp,0.5300000000000011,,,,
2024-02-01,12,Subcomp_Multi,0.5300000000000011,,,,
2024-02-01,12,Micro,0.5300000000000011,,,,
2024-03-01,1,Ridge,0.5300000000000011,0.6568213515510308,-0.1268213515510297,0.1268213515510297,True
2024-03-01,1,Ridge_Ext,0.5300000000000011,,,,
2024-03-01,1,Bayes_Ridge,0.5300000000000011,,,,
2024-03-01,1,ElasticNet,0.5300000000000011,,,,
2024-03-01,1,Huber,0.5300000000000011,,,,
2024-03-01,1,Ridge_Shock,0.5300000000000011,,,,
2024-03-01,1,EBM,0.5300000000000011,0.7191666666666805,-0.18916666666667936,0.18916666666667936,True
2024-03-01,1,LightGBM,0.5300000000000011,0.6476336400260436,-0.11763364002604249,0.11763364002604249,True
2024-03-01,1,Prophet,0.5300000000000011,0.3871009359369181,0.14289906406308306,0.14289906406308306,True
2024-03-01,1,ETS,0.5300000000000011,0.9323938431978627,-0.40239384319786153,0.40239384319786153,True
2024-03-01,1,SARIMA,0.5300000000000011,0.37697731037101234,0.1530226896289888,0.1530226896289888,True
2024-03-01,1,NGBoost,0.5300000000000011,0.652708225175644,-0.12270822517564284,0.12270822517564284,True
2024-03-01,1,CatBoost,0.5300000000000011,0.5228522296717415,0.007147770328259639,0.007147770328259639,True
2024-03-01,1,Subcomp,0.5300000000000011,,,,
2024-03-01,1,Subcomp_Multi,0.5300000000000011,,,,
2024-03-01,1,Micro,0.5300000000000011,,,,
2024-03-01,2,Ridge,0.5300000000000011,0.615278241123761,-0.08527824112375981,0.08527824112375981,True
2024-03-01,2,Ridge_Ext,0.5300000000000011,,,,
2024-03-01,2,Bayes_Ridge,0.5300000000000011,,,,
2024-03-01,2,ElasticNet,0.5300000000000011,,,,
2024-03-01,2,Huber,0.5300000000000011,,,,
2024-03-01,2,Ridge_Shock,0.5300000000000011,,,,
2024-03-01,2,EBM,0.5300000000000011,0.7191666666666805,-0.18916666666667936,0.18916666666667936,True
2024-03-01,2,LightGBM,0.5300000000000011,0.32166806454182506,0.20833193545817608,0.20833193545817608,True
2024-03-01,2,Prophet,0.5300000000000011,0.4394118769411652,0.09058812305883596,0.09058812305883596,True
2024-03-01,2,ETS,0.5300000000000011,1.0077185131186064,-0.47771851311860525,0.47771851311860525,True
2024-03-01,2,SARIMA,0.5300000000000011,0.3937774940714571,0.136222505928544,0.136222505928544,True
2024-03-01,2,NGBoost,0.5300000000000011,0.673854532252733,-0.14385453225273181,0.14385453225273181,True
2024-03-01,2,CatBoost,0.5300000000000011,0.4907115070344048,0.03928849296559633,0.03928849296559633,True
2024-03-01,2,Subcomp,0.5300000000000011,,,,
2024-03-01,2,Subcomp_Multi,0.5300000000000011,,,,
2024-03-01,2,Micro,0.5300000000000011,,,,
2024-03-01,12,Ridge,0.5300000000000011,0.5403117866114258,-0.010311786611424623,0.010311786611424623,True
2024-03-01,12,Ridge_Ext,0.5300000000000011,,,,
2024-03-01,12,Bayes_Ridge,0.5300000000000011,,,,
2024-03-01,12,ElasticNet,0.5300000000000011,,,,
2024-03-01,12,Huber,0.5300000000000011,,,,
2024-03-01,12,Ridge_Shock,0.5300000000000011,,,,
2024-03-01,12,EBM,0.5300000000000011,0.7191666666666805,-0.18916666666667936,0.18916666666667936,True
2024-03-01,12,LightGBM,0.5300000000000011,0.7573902491042475,-0.22739024910424632,0.22739024910424632,True
2024-03-01,12,Prophet,0.5300000000000011,0.4175860906633382,0.11241390933666295,0.11241390933666295,True
2024-03-01,12,ETS,0.5300000000000011,0.7636308622605792,-0.23363086226057805,0.23363086226057805,True
2024-03-01,12,SARIMA,0.5300000000000011,0.09596261977679267,0.4340373802232085,0.4340373802232085,True
2024-03-01,12,NGBoost,0.5300000000000011,0.7076327977800929,-0.17763279778009178,0.17763279778009178,True
2024-03-01,12,CatBoost,0.5300000000000011,0.5892773837160803,-0.05927738371607916,0.05927738371607916,True
2024-03-01,12,Subcomp,0.5300000000000011,,,,
2024-03-01,12,Subcomp_Multi,0.5300000000000011,,,,
2024-03-01,12,Micro,0.5300000000000011,,,,
2024-04-01,1,Ridge,0.37999999999999545,0.6183287325077345,-0.238328732507739,0.238328732507739,True
2024-04-01,1,Ridge_Ext,0.37999999999999545,,,,
2024-04-01,1,Bayes_Ridge,0.37999999999999545,,,,
2024-04-01,1,ElasticNet,0.37999999999999545,,,,
2024-04-01,1,Huber,0.37999999999999545,,,,
2024-04-01,1,Ridge_Shock,0.37999999999999545,,,,
2024-04-01,1,EBM,0.37999999999999545,0.8308333333333309,-0.4508333333333354,0.4508333333333354,True
2024-04-01,1,LightGBM,0.37999999999999545,0.48626019388902364,-0.10626019388902819,0.10626019388902819,True
2024-04-01,1,Prophet,0.37999999999999545,0.7012055678102735,-0.3212055678102781,0.3212055678102781,True
2024-04-01,1,ETS,0.37999999999999545,0.7333706894252692,-0.3533706894252737,0.3533706894252737,True
2024-04-01,1,SARIMA,0.37999999999999545,0.43593877858695246,-0.055938778586957005,0.055938778586957005,True
2024-04-01,1,NGBoost,0.37999999999999545,0.5699463792065842,-0.18994637920658874,0.18994637920658874,True
2024-04-01,1,CatBoost,0.37999999999999545,0.37250024393732417,0.007499756062671281,0.007499756062671281,True
2024-04-01,1,Subcomp,0.37999999999999545,,,,
2024-04-01,1,Subcomp_Multi,0.37999999999999545,,,,
2024-04-01,1,Micro,0.37999999999999545,,,,
2024-04-01,2,Ridge,0.37999999999999545,0.7031420642673538,-0.32314206426735836,0.32314206426735836,True
2024-04-01,2,Ridge_Ext,0.37999999999999545,,,,
2024-04-01,2,Bayes_Ridge,0.37999999999999545,,,,
2024-04-01,2,ElasticNet,0.37999999999999545,,,,
2024-04-01,2,Huber,0.37999999999999545,,,,
2024-04-01,2,Ridge_Shock,0.37999999999999545,,,,
2024-04-01,2,EBM,0.37999999999999545,0.8308333333333309,-0.4508333333333354,0.4508333333333354,True
2024-04-01,2,LightGBM,0.37999999999999545,0.42780039599892916,-0.04780039599893371,0.04780039599893371,True
2024-04-01,2,Prophet,0.37999999999999545,0.6831891641712864,-0.30318916417129094,0.30318916417129094,True
2024-04-01,2,ETS,0.37999999999999545,0.8423993343611634,-0.462399334361168,0.462399334361168,True
2024-04-01,2,SARIMA,0.37999999999999545,0.34130577001780155,0.038694229982193906,0.038694229982193906,True
2024-04-01,2,NGBoost,0.37999999999999545,0.703905264820321,-0.32390526482032556,0.32390526482032556,True
2024-04-01,2,CatBoost,0.37999999999999545,0.5639557312824621,-0.18395573128246667,0.18395573128246667,True
2024-04-01,2,Subcomp,0.37999999999999545,,,,
2024-04-01,2,Subcomp_Multi,0.37999999999999545,,,,
2024-04-01,2,Micro,0.37999999999999545,,,,
2024-04-01,12,Ridge,0.37999999999999545,0.7617493928458998,-0.38174939284590437,0.38174939284590437,True
2024-04-01,12,Ridge_Ext,0.37999999999999545,,,,
2024-04-01,12,Bayes_Ridge,0.37999999999999545,,,,
2024-04-01,12,ElasticNet,0.37999999999999545,,,,
2024-04-01,12,Huber,0.37999999999999545,,,,
2024-04-01,12,Ridge_Shock,0.37999999999999545,,,,
2024-04-01,12,EBM,0.37999999999999545,0.8308333333333309,-0.4508333333333354,0.4508333333333354,True
2024-04-01,12,LightGBM,0.37999999999999545,0.41183625979572014,-0.031836259795724686,0.031836259795724686,True
2024-04-01,12,Prophet,0.37999999999999545,0.7681053825884409,-0.3881053825884454,0.3881053825884454,True
2024-04-01,12,ETS,0.37999999999999545,0.6767842291764947,-0.29678422917649927,0.29678422917649927,True
2024-04-01,12,SARIMA,0.37999999999999545,0.16315699703274417,0.21684300296725129,0.21684300296725129,True
2024-04-01,12,NGBoost,0.37999999999999545,0.6943734441818208,-0.31437344418182533,0.31437344418182533,True
2024-04-01,12,CatBoost,0.37999999999999545,0.6032322715862506,-0.22323227158625514,0.22323227158625514,True
2024-04-01,12,Subcomp,0.37999999999999545,,,,
2024-04-01,12,Subcomp_Multi,0.37999999999999545,,,,
2024-04-01,12,Micro,0.37999999999999545,,,,
2024-05-01,1,Ridge,0.9399999999999977,0.45829270436593106,0.48170729563406667,0.48170729563406667,True
2024-05-01,1,Ridge_Ext,0.9399999999999977,,,,
2024-05-01,1,Bayes_Ridge,0.9399999999999977,,,,
2024-05-01,1,ElasticNet,0.9399999999999977,,,,
2024-05-01,1,Huber,0.9399999999999977,,,,
2024-05-01,1,Ridge_Shock,0.9399999999999977,,,,
2024-05-01,1,EBM,0.9399999999999977,0.4716666666666782,0.4683333333333195,0.4683333333333195,True
2024-05-01,1,LightGBM,0.9399999999999977,0.6092505067939413,0.3307494932060564,0.3307494932060564,True
2024-05-01,1,Prophet,0.9399999999999977,0.19661585843821844,0.7433841415617792,0.7433841415617792,False
2024-05-01,1,ETS,0.9399999999999977,0.13929763031867196,0.8007023696813258,0.8007023696813258,False
2024-05-01,1,SARIMA,0.9399999999999977,0.07109754858499964,0.8689024514149981,0.8689024514149981,False
2024-05-01,1,NGBoost,0.9399999999999977,0.46199206206881627,0.47800793793118146,0.47800793793118146,True
2024-05-01,1,CatBoost,0.9399999999999977,0.2939815363273368,0.6460184636726609,0.6460184636726609,False
2024-05-01,1,Subcomp,0.9399999999999977,,,,
2024-05-01,1,Subcomp_Multi,0.9399999999999977,,,,
2024-05-01,1,Micro,0.9399999999999977,,,,
2024-05-01,2,Ridge,0.9399999999999977,0.44448526875649463,0.4955147312435031,0.4955147312435031,True
2024-05-01,2,Ridge_Ext,0.9399999999999977,,,,
2024-05-01,2,Bayes_Ridge,0.9399999999999977,,,,
2024-05-01,2,ElasticNet,0.9399999999999977,,,,
2024-05-01,2,Huber,0.9399999999999977,,,,
2024-05-01,2,Ridge_Shock,0.9399999999999977,,,,
2024-05-01,2,EBM,0.9399999999999977,0.4716666666666782,0.4683333333333195,0.4683333333333195,True
2024-05-01,2,LightGBM,0.9399999999999977,0.31888203100119483,0.6211179689988029,0.6211179689988029,False
2024-05-01,2,Prophet,0.9399999999999977,0.20201002925717515,0.7379899707428226,0.7379899707428226,False
2024-05-01,2,ETS,0.9399999999999977,0.2433421311349836,0.6966578688650141,0.6966578688650141,False
2024-05-01,2,SARIMA,0.9399999999999977,0.10591525537239004,0.8340847446276077,0.8340847446276077,False
2024-05-01,2,NGBoost,0.9399999999999977,0.44182004815525033,0.4981799518447474,0.4981799518447474,True
2024-05-01,2,CatBoost,0.9399999999999977,0.2391677153996028,0.7008322846003949,0.7008322846003949,False
2024-05-01,2,Subcomp,0.9399999999999977,,,,
2024-05-01,2,Subcomp_Multi,0.9399999999999977,,,,
2024-05-01,2,Micro,0.9399999999999977,,,,
2024-05-01,12,Ridge,0.9399999999999977,0.46364864863284083,0.4763513513671569,0.4763513513671569,True
2024-05-01,12,Ridge_Ext,0.9399999999999977,,,,
2024-05-01,12,Bayes_Ridge,0.9399999999999977,,,,
2024-05-01,12,ElasticNet,0.9399999999999977,,,,
2024-05-01,12,Huber,0.9399999999999977,,,,
2024-05-01,12,Ridge_Shock,0.9399999999999977,,,,
2024-05-01,12,EBM,0.9399999999999977,0.4716666666666782,0.4683333333333195,0.4683333333333195,True
2024-05-01,12,LightGBM,0.9399999999999977,0.6088879659795197,0.33111203402047806,0.33111203402047806,True
2024-05-01,12,Prophet,0.9399999999999977,-0.16060155245226246,1.10060155245226,1.10060155245226,False
2024-05-01,12,ETS,0.9399999999999977,0.03148575325038719,0.9085142467496106,0.9085142467496106,False
2024-05-01,12,SARIMA,0.9399999999999977,-0.05366963936161913,0.9936696393616169,0.9936696393616169,False
2024-05-01,12,NGBoost,0.9399999999999977,0.44936891314891625,0.4906310868510815,0.4906310868510815,True
2024-05-01,12,CatBoost,0.9399999999999977,0.457368755484012,0.4826312445159857,0.4826312445159857,True
2024-05-01,12,Subcomp,0.9399999999999977,,,,
2024-05-01,12,Subcomp_Multi,0.9399999999999977,,,,
2024-05-01,12,Micro,0.9399999999999977,,,,
2024-06-01,1,Ridge,0.18000000000000682,0.23278493817831247,-0.05278493817830565,0.05278493817830565,True
2024-06-01,1,Ridge_Ext,0.18000000000000682,,,,
2024-06-01,1,Bayes_Ridge,0.18000000000000682,,,,
2024-06-01,1,ElasticNet,0.18000000000000682,,,,
2024-06-01,1,Huber,0.18000000000000682,,,,
2024-06-01,1,Ridge_Shock,0.18000000000000682,,,,
2024-06-01,1,EBM,0.18000000000000682,0.15083299999999156,0.029167000000015264,0.029167000000015264,True
2024-06-01,1,LightGBM,0.18000000000000682,-0.048749761619873766,0.2287497616198806,0.2287497616198806,True
2024-06-01,1,Prophet,0.18000000000000682,0.15407616076143632,0.0259238392385705,0.0259238392385705,True
2024-06-01,1,ETS,0.18000000000000682,-0.009900709843197075,0.1899007098432039,0.1899007098432039,True
2024-06-01,1,SARIMA,0.18000000000000682,0.7030160510167238,-0.523016051016717,0.523016051016717,False
2024-06-01,1,NGBoost,0.18000000000000682,0.1955900182290975,-0.015590018229090674,0.015590018229090674,True
2024-06-01,1,CatBoost,0.18000000000000682,0.46444057180578113,-0.2844405718057743,0.2844405718057743,True
2024-06-01,1,Subcomp,0.18000000000000682,,,,
2024-06-01,1,Subcomp_Multi,0.18000000000000682,,,,
2024-06-01,1,Micro,0.18000000000000682,,,,
2024-06-01,2,Ridge,0.18000000000000682,0.08647755665086265,0.09352244334914417,0.09352244334914417,True
2024-06-01,2,Ridge_Ext,0.18000000000000682,,,,
2024-06-01,2,Bayes_Ridge,0.18000000000000682,,,,
2024-06-01,2,ElasticNet,0.18000000000000682,,,,
2024-06-01,2,Huber,0.18000000000000682,,,,
2024-06-01,2,Ridge_Shock,0.18000000000000682,,,,
2024-06-01,2,EBM,0.18000000000000682,0.15083299999999156,0.029167000000015264,0.029167000000015264,True
2024-06-01,2,LightGBM,0.18000000000000682,0.017565785135488454,0.16243421486451837,0.16243421486451837,True
2024-06-01,2,Prophet,0.18000000000000682,0.07557110391669772,0.1044288960833091,0.1044288960833091,True
2024-06-01,2,ETS,0.18000000000000682,-0.22640836531944297,0.4064083653194498,0.4064083653194498,True
2024-06-01,2,SARIMA,0.18000000000000682,0.15858760597181065,0.02141239402819617,0.02141239402819617,True
2024-06-01,2,NGBoost,0.18000000000000682,0.14925638037854583,0.030743619621460994,0.030743619621460994,True
2024-06-01,2,CatBoost,0.18000000000000682,0.2680486950093979,-0.08804869500939105,0.08804869500939105,True
2024-06-01,2,Subcomp,0.18000000000000682,,,,
2024-06-01,2,Subcomp_Multi,0.18000000000000682,,,,
2024-06-01,2,Micro,0.18000000000000682,,,,
2024-06-01,12,Ridge,0.18000000000000682,0.23172819764675978,-0.05172819764675296,0.05172819764675296,True
2024-06-01,12,Ridge_Ext,0.18000000000000682,,,,
2024-06-01,12,Bayes_Ridge,0.18000000000000682,,,,
2024-06-01,12,ElasticNet,0.18000000000000682,,,,
2024-06-01,12,Huber,0.18000000000000682,,,,
2024-06-01,12,Ridge_Shock,0.18000000000000682,,,,
2024-06-01,12,EBM,0.18000000000000682,0.15083299999999156,0.029167000000015264,0.029167000000015264,True
2024-06-01,12,LightGBM,0.18000000000000682,-0.11920112944665107,0.2992011294466579,0.2992011294466579,True
2024-06-01,12,Prophet,0.18000000000000682,-0.02079809565513706,0.2007980956551439,0.2007980956551439,True
2024-06-01,12,ETS,0.18000000000000682,-0.10865772164262044,0.28865772164262726,0.28865772164262726,True
2024-06-01,12,SARIMA,0.18000000000000682,0.08672650695893765,0.09327349304106917,0.09327349304106917,True
2024-06-01,12,NGBoost,0.18000000000000682,0.24195719891940826,-0.061957198919401435,0.061957198919401435,True
2024-06-01,12,CatBoost,0.18000000000000682,0.4030291052574171,-0.22302910525741027,0.22302910525741027,True
2024-06-01,12,Subcomp,0.18000000000000682,,,,
2024-06-01,12,Subcomp_Multi,0.18000000000000682,,,,
2024-06-01,12,Micro,0.18000000000000682,,,,
2024-07-01,1,Ridge,1.0699999999999932,0.20652806561352577,0.8634719343864674,0.8634719343864674,False
2024-07-01,1,Ridge_Ext,1.0699999999999932,,,,
2024-07-01,1,Bayes_Ridge,1.0699999999999932,,,,
2024-07-01,1,ElasticNet,1.0699999999999932,,,,
2024-07-01,1,Huber,1.0699999999999932,,,,
2024-07-01,1,Ridge_Shock,1.0699999999999932,,,,
2024-07-01,1,EBM,1.0699999999999932,0.2666662500000001,0.8033337499999931,0.8033337499999931,False
2024-07-01,1,LightGBM,1.0699999999999932,0.43268031264037177,0.6373196873596214,0.6373196873596214,False
2024-07-01,1,Prophet,1.0699999999999932,-0.061522067610826306,1.1315220676108195,1.1315220676108195,False
2024-07-01,1,ETS,1.0699999999999932,0.04163357843542442,1.0283664215645687,1.0283664215645687,False
2024-07-01,1,SARIMA,1.0699999999999932,0.17416712043554244,0.8958328795644508,0.8958328795644508,False
2024-07-01,1,NGBoost,1.0699999999999932,0.39446423712105627,0.6755357628789369,0.6755357628789369,False
2024-07-01,1,CatBoost,1.0699999999999932,0.3636272185412679,0.7063727814587253,0.7063727814587253,False
2024-07-01,1,Subcomp,1.0699999999999932,,,,
2024-07-01,1,Subcomp_Multi,1.0699999999999932,,,,
2024-07-01,1,Micro,1.0699999999999932,,,,
2024-07-01,2,Ridge,1.0699999999999932,0.3308462871915623,0.7391537128084309,0.7391537128084309,False
2024-07-01,2,Ridge_Ext,1.0699999999999932,,,,
2024-07-01,2,Bayes_Ridge,1.0699999999999932,,,,
2024-07-01,2,ElasticNet,1.0699999999999932,,,,
2024-07-01,2,Huber,1.0699999999999932,,,,
2024-07-01,2,Ridge_Shock,1.0699999999999932,,,,
2024-07-01,2,EBM,1.0699999999999932,0.2666662500000001,0.8033337499999931,0.8033337499999931,False
2024-07-01,2,LightGBM,1.0699999999999932,-0.015748966905363204,1.0857489669053564,1.0857489669053564,False
2024-07-01,2,Prophet,1.0699999999999932,0.03796029005793339,1.0320397099420597,1.0320397099420597,False
2024-07-01,2,ETS,1.0699999999999932,-0.004148021847693473,1.0741480218476867,1.0741480218476867,False
2024-07-01,2,SARIMA,1.0699999999999932,0.5013790476911558,0.5686209523088374,0.5686209523088374,False
2024-07-01,2,NGBoost,1.0699999999999932,0.3028234152549203,0.7671765847450729,0.7671765847450729,False
2024-07-01,2,CatBoost,1.0699999999999932,0.46061098030740766,0.6093890196925855,0.6093890196925855,False
2024-07-01,2,Subcomp,1.0699999999999932,,,,
2024-07-01,2,Subcomp_Multi,1.0699999999999932,,,,
2024-07-01,2,Micro,1.0699999999999932,,,,
2024-07-01,12,Ridge,1.0699999999999932,0.5524154261240568,0.5175845738759364,0.5175845738759364,False
2024-07-01,12,Ridge_Ext,1.0699999999999932,,,,
2024-07-01,12,Bayes_Ridge,1.0699999999999932,,,,
2024-07-01,12,ElasticNet,1.0699999999999932,,,,
2024-07-01,12,Huber,1.0699999999999932,,,,
2024-07-01,12,Ridge_Shock,1.0699999999999932,,,,
2024-07-01,12,EBM,1.0699999999999932,0.2666662500000001,0.8033337499999931,0.8033337499999931,False
2024-07-01,12,LightGBM,1.0699999999999932,0.4775086184187387,0.5924913815812545,0.5924913815812545,False
2024-07-01,12,Prophet,1.0699999999999932,-0.06398700189014983,1.133987001890143,1.133987001890143,False
2024-07-01,12,ETS,1.0699999999999932,0.06095969025267045,1.0090403097473226,1.0090403097473226,False
2024-07-01,12,SARIMA,1.0699999999999932,0.1002151886568787,0.9697848113431145,0.9697848113431145,False
2024-07-01,12,NGBoost,1.0699999999999932,0.5416012641155845,0.5283987358844087,0.5283987358844087,False
2024-07-01,12,CatBoost,1.0699999999999932,0.27422582170416376,0.7957741782958294,0.7957741782958294,False
2024-07-01,12,Subcomp,1.0699999999999932,,,,
2024-07-01,12,Subcomp_Multi,1.0699999999999932,,,,
2024-07-01,12,Micro,1.0699999999999932,,,,
2024-08-01,1,Ridge,0.09000000000000341,0.0907917270904477,-0.000791727090444283,0.000791727090444283,True
2024-08-01,1,Ridge_Ext,0.09000000000000341,,,,
2024-08-01,1,Bayes_Ridge,0.09000000000000341,,,,
2024-08-01,1,ElasticNet,0.09000000000000341,,,,
2024-08-01,1,Huber,0.09000000000000341,,,,
2024-08-01,1,Ridge_Shock,0.09000000000000341,,,,
2024-08-01,1,EBM,0.09000000000000341,-0.0049999999999954525,0.09499999999999886,0.09499999999999886,True
2024-08-01,1,LightGBM,0.09000000000000341,-0.005852101134792065,0.09585210113479548,0.09585210113479548,True
2024-08-01,1,Prophet,0.09000000000000341,0.04825273095164062,0.04174726904836279,0.04174726904836279,True
2024-08-01,1,ETS,0.09000000000000341,0.15131376320728607,-0.06131376320728266,0.06131376320728266,True
2024-08-01,1,SARIMA,0.09000000000000341,0.5840945687319592,-0.4940945687319558,0.4940945687319558,True
2024-08-01,1,NGBoost,0.09000000000000341,0.11158723018419892,-0.021587230184195505,0.021587230184195505,True
2024-08-01,1,CatBoost,0.09000000000000341,0.2696258424728484,-0.17962584247284497,0.17962584247284497,True
2024-08-01,1,Subcomp,0.09000000000000341,,,,
2024-08-01,1,Subcomp_Multi,0.09000000000000341,,,,
2024-08-01,1,Micro,0.09000000000000341,,,,
2024-08-01,2,Ridge,0.09000000000000341,-0.02378444418559411,0.11378444418559752,0.11378444418559752,True
2024-08-01,2,Ridge_Ext,0.09000000000000341,,,,
2024-08-01,2,Bayes_Ridge,0.09000000000000341,,,,
2024-08-01,2,ElasticNet,0.09000000000000341,,,,
2024-08-01,2,Huber,0.09000000000000341,,,,
2024-08-01,2,Ridge_Shock,0.09000000000000341,,,,
2024-08-01,2,EBM,0.09000000000000341,-0.0049999999999954525,0.09499999999999886,0.09499999999999886,True
2024-08-01,2,LightGBM,0.09000000000000341,0.23182052811297638,-0.14182052811297297,0.14182052811297297,True
2024-08-01,2,Prophet,0.09000000000000341,-0.07064426550807144,0.16064426550807487,0.16064426550807487,True
2024-08-01,2,ETS,0.09000000000000341,-0.10764445001822254,0.19764445001822595,0.19764445001822595,True
2024-08-01,2,SARIMA,0.09000000000000341,0.03205209592195261,0.0579479040780508,0.0579479040780508,True
2024-08-01,2,NGBoost,0.09000000000000341,0.17085599303690913,-0.08085599303690572,0.08085599303690572,True
2024-08-01,2,CatBoost,0.09000000000000341,0.24450899226613387,-0.15450899226613046,0.15450899226613046,True
2024-08-01,2,Subcomp,0.09000000000000341,,,,
2024-08-01,2,Subcomp_Multi,0.09000000000000341,,,,
2024-08-01,2,Micro,0.09000000000000341,,,,
2024-08-01,12,Ridge,0.09000000000000341,0.05762446416903799,0.03237553583096542,0.03237553583096542,True
2024-08-01,12,Ridge_Ext,0.09000000000000341,,,,
2024-08-01,12,Bayes_Ridge,0.09000000000000341,,,,
2024-08-01,12,ElasticNet,0.09000000000000341,,,,
2024-08-01,12,Huber,0.09000000000000341,,,,
2024-08-01,12,Ridge_Shock,0.09000000000000341,,,,
2024-08-01,12,EBM,0.09000000000000341,-0.0049999999999954525,0.09499999999999886,0.09499999999999886,True
2024-08-01,12,LightGBM,0.09000000000000341,0.5261683090045182,-0.43616830900451475,0.43616830900451475,True
2024-08-01,12,Prophet,0.09000000000000341,-0.11639673704422698,0.2063967370442304,0.2063967370442304,True
2024-08-01,12,ETS,0.09000000000000341,-0.08870629227499405,0.17870629227499746,0.17870629227499746,True
2024-08-01,12,SARIMA,0.09000000000000341,-0.017275339188072586,0.107275339188076,0.107275339188076,True
2024-08-01,12,NGBoost,0.09000000000000341,0.16705546336383748,-0.07705546336383406,0.07705546336383406,True
2024-08-01,12,CatBoost,0.09000000000000341,0.33566889957207025,-0.24566889957206683,0.24566889957206683,True
2024-08-01,12,Subcomp,0.09000000000000341,,,,
2024-08-01,12,Subcomp_Multi,0.09000000000000341,,,,
2024-08-01,12,Micro,0.09000000000000341,,,,
2024-09-01,1,Ridge,0.6200000000000045,0.4463340465642318,0.17366595343577274,0.17366595343577274,True
2024-09-01,1,Ridge_Ext,0.6200000000000045,,,,
2024-09-01,1,Bayes_Ridge,0.6200000000000045,,,,
2024-09-01,1,ElasticNet,0.6200000000000045,,,,
2024-09-01,1,Huber,0.6200000000000045,,,,
2024-09-01,1,Ridge_Shock,0.6200000000000045,,,,
2024-09-01,1,EBM,0.6200000000000045,0.4425000833333428,0.17749991666666176,0.17749991666666176,True
2024-09-01,1,LightGBM,0.6200000000000045,0.15778905538222432,0.46221094461778023,0.46221094461778023,True
2024-09-01,1,Prophet,0.6200000000000045,0.665796856180499,-0.04579685618049445,0.04579685618049445,True
2024-09-01,1,ETS,0.6200000000000045,0.7104003154091612,-0.0904003154091566,0.0904003154091566,True
2024-09-01,1,SARIMA,0.6200000000000045,0.4659622064134306,0.15403779358657393,0.15403779358657393,True
2024-09-01,1,NGBoost,0.6200000000000045,0.41308111380854484,0.2069188861914597,0.2069188861914597,True
2024-09-01,1,CatBoost,0.6200000000000045,0.2669504654002708,0.35304953459973376,0.35304953459973376,True
2024-09-01,1,Subcomp,0.6200000000000045,,,,
2024-09-01,1,Subcomp_Multi,0.6200000000000045,,,,
2024-09-01,1,Micro,0.6200000000000045,,,,
2024-09-01,2,Ridge,0.6200000000000045,0.4511046762134896,0.16889532378651495,0.16889532378651495,True
2024-09-01,2,Ridge_Ext,0.6200000000000045,,,,
2024-09-01,2,Bayes_Ridge,0.6200000000000045,,,,
2024-09-01,2,ElasticNet,0.6200000000000045,,,,
2024-09-01,2,Huber,0.6200000000000045,,,,
2024-09-01,2,Ridge_Shock,0.6200000000000045,,,,
2024-09-01,2,EBM,0.6200000000000045,0.4425000833333428,0.17749991666666176,0.17749991666666176,True
2024-09-01,2,LightGBM,0.6200000000000045,0.6666034442707911,-0.046603444270786554,0.046603444270786554,True
2024-09-01,2,Prophet,0.6200000000000045,0.652758108089018,-0.03275810808901347,0.03275810808901347,True
2024-09-01,2,ETS,0.6200000000000045,0.7284344033237392,-0.10843440332373466,0.10843440332373466,True
2024-09-01,2,SARIMA,0.6200000000000045,0.7610640084643843,-0.14106400846437972,0.14106400846437972,True
2024-09-01,2,NGBoost,0.6200000000000045,0.45401629379337294,0.1659837062066316,0.1659837062066316,True
2024-09-01,2,CatBoost,0.6200000000000045,0.4322232576301559,0.18777674236984865,0.18777674236984865,True
2024-09-01,2,Subcomp,0.6200000000000045,,,,
2024-09-01,2,Subcomp_Multi,0.6200000000000045,,,,
2024-09-01,2,Micro,0.6200000000000045,,,,
2024-09-01,12,Ridge,0.6200000000000045,0.5057634807124742,0.11423651928753031,0.11423651928753031,True
2024-09-01,12,Ridge_Ext,0.6200000000000045,,,,
2024-09-01,12,Bayes_Ridge,0.6200000000000045,,,,
2024-09-01,12,ElasticNet,0.6200000000000045,,,,
2024-09-01,12,Huber,0.6200000000000045,,,,
2024-09-01,12,Ridge_Shock,0.6200000000000045,,,,
2024-09-01,12,EBM,0.6200000000000045,0.4425000833333428,0.17749991666666176,0.17749991666666176,True
2024-09-01,12,LightGBM,0.6200000000000045,1.9502160786140905,-1.330216078614086,1.330216078614086,False
2024-09-01,12,Prophet,0.6200000000000045,0.706989445069217,-0.08698944506921247,0.08698944506921247,True
2024-09-01,12,ETS,0.6200000000000045,0.8906406965898461,-0.2706406965898416,0.2706406965898416,True
2024-09-01,12,SARIMA,0.6200000000000045,0.39303042022828305,0.2269695797717215,0.2269695797717215,True
2024-09-01,12,NGBoost,0.6200000000000045,0.5457560731500166,0.07424392684998793,0.07424392684998793,True
2024-09-01,12,CatBoost,0.6200000000000045,0.3925853688070333,0.22741463119297123,0.22741463119297123,True
2024-09-01,12,Subcomp,0.6200000000000045,,,,
2024-09-01,12,Subcomp_Multi,0.6200000000000045,,,,
2024-09-01,12,Micro,0.6200000000000045,,,,
2024-10-01,1,Ridge,1.019999999999996,0.5558103394107263,0.4641896605892697,0.4641896605892697,True
2024-10-01,1,Ridge_Ext,1.019999999999996,,,,
2024-10-01,1,Bayes_Ridge,1.019999999999996,,,,
2024-10-01,1,ElasticNet,1.019999999999996,,,,
2024-10-01,1,Huber,1.019999999999996,,,,
2024-10-01,1,Ridge_Shock,1.019999999999996,,,,
2024-10-01,1,EBM,1.019999999999996,0.5633333333333326,0.45666666666666345,0.45666666666666345,True
2024-10-01,1,LightGBM,1.019999999999996,0.2729444937171337,0.7470555062828623,0.7470555062828623,False
2024-10-01,1,Prophet,1.019999999999996,0.6286426716039408,0.3913573283960552,0.3913573283960552,True
2024-10-01,1,ETS,1.019999999999996,0.6856364256202847,0.3343635743797113,0.3343635743797113,True
2024-10-01,1,SARIMA,1.019999999999996,0.2586930157521999,0.7613069842477962,0.7613069842477962,False
2024-10-01,1,NGBoost,1.019999999999996,0.5398188178369168,0.48018118216307926,0.48018118216307926,True
2024-10-01,1,CatBoost,1.019999999999996,0.5128245971007175,0.5071754028992785,0.5071754028992785,False
2024-10-01,1,Subcomp,1.019999999999996,,,,
2024-10-01,1,Subcomp_Multi,1.019999999999996,,,,
2024-10-01,1,Micro,1.019999999999996,,,,
2024-10-01,2,Ridge,1.019999999999996,0.56661066044623,0.45338933955376604,0.45338933955376604,True
2024-10-01,2,Ridge_Ext,1.019999999999996,,,,
2024-10-01,2,Bayes_Ridge,1.019999999999996,,,,
2024-10-01,2,ElasticNet,1.019999999999996,,,,
2024-10-01,2,Huber,1.019999999999996,,,,
2024-10-01,2,Ridge_Shock,1.019999999999996,,,,
2024-10-01,2,EBM,1.019999999999996,0.5633333333333326,0.45666666666666345,0.45666666666666345,True
2024-10-01,2,LightGBM,1.019999999999996,0.309579840930553,0.710420159069443,0.710420159069443,False
2024-10-01,2,Prophet,1.019999999999996,0.5545044920258293,0.4654955079741667,0.4654955079741667,True
2024-10-01,2,ETS,1.019999999999996,0.7096106770557582,0.3103893229442378,0.3103893229442378,True
2024-10-01,2,SARIMA,1.019999999999996,0.167053608320712,0.852946391679284,0.852946391679284,False
2024-10-01,2,NGBoost,1.019999999999996,0.5298443204674896,0.4901556795325064,0.4901556795325064,True
2024-10-01,2,CatBoost,1.019999999999996,0.42505914487365715,0.5949408551263389,0.5949408551263389,False
2024-10-01,2,Subcomp,1.019999999999996,,,,
2024-10-01,2,Subcomp_Multi,1.019999999999996,,,,
2024-10-01,2,Micro,1.019999999999996,,,,
2024-10-01,12,Ridge,1.019999999999996,0.5535645650742254,0.46643543492577066,0.46643543492577066,True
2024-10-01,12,Ridge_Ext,1.019999999999996,,,,
2024-10-01,12,Bayes_Ridge,1.019999999999996,,,,
2024-10-01,12,ElasticNet,1.019999999999996,,,,
2024-10-01,12,Huber,1.019999999999996,,,,
2024-10-01,12,Ridge_Shock,1.019999999999996,,,,
2024-10-01,12,EBM,1.019999999999996,0.5633333333333326,0.45666666666666345,0.45666666666666345,True
2024-10-01,12,LightGBM,1.019999999999996,0.23899509684666498,0.781004903153331,0.781004903153331,False
2024-10-01,12,Prophet,1.019999999999996,0.5483717078124242,0.47162829218757185,0.47162829218757185,True
2024-10-01,12,ETS,1.019999999999996,0.73228495163363,0.28771504836636597,0.28771504836636597,True
2024-10-01,12,SARIMA,1.019999999999996,0.10709551410748692,0.912904485892509,0.912904485892509,False
2024-10-01,12,NGBoost,1.019999999999996,0.5626794802135038,0.45732051978649224,0.45732051978649224,True
2024-10-01,12,CatBoost,1.019999999999996,0.733366206949313,0.28663379305068304,0.28663379305068304,True
2024-10-01,12,Subcomp,1.019999999999996,,,,
2024-10-01,12,Subcomp_Multi,1.019999999999996,,,,
2024-10-01,12,Micro,1.019999999999996,,,,
2024-11-01,1,Ridge,1.5,0.7684251452265443,0.7315748547734557,0.7315748547734557,False
2024-11-01,1,Ridge_Ext,1.5,,,,
2024-11-01,1,Bayes_Ridge,1.5,,,,
2024-11-01,1,ElasticNet,1.5,,,,
2024-11-01,1,Huber,1.5,,,,
2024-11-01,1,Ridge_Shock,1.5,,,,
2024-11-01,1,EBM,1.5,0.6000000000000085,0.8999999999999915,0.8999999999999915,False
2024-11-01,1,LightGBM,1.5,0.972791264915756,0.527208735084244,0.527208735084244,False
2024-11-01,1,Prophet,1.5,0.7220707781846496,0.7779292218153504,0.7779292218153504,False
2024-11-01,1,ETS,1.5,0.8054998651300538,0.6945001348699462,0.6945001348699462,False
2024-11-01,1,SARIMA,1.5,0.7229886048983831,0.7770113951016169,0.7770113951016169,False
2024-11-01,1,NGBoost,1.5,0.9470878937223688,0.5529121062776312,0.5529121062776312,False
2024-11-01,1,CatBoost,1.5,0.8840370347243294,0.6159629652756706,0.6159629652756706,False
2024-11-01,1,Subcomp,1.5,,,,
2024-11-01,1,Subcomp_Multi,1.5,,,,
2024-11-01,1,Micro,1.5,,,,
2024-11-01,2,Ridge,1.5,0.5590646138462745,0.9409353861537255,0.9409353861537255,False
2024-11-01,2,Ridge_Ext,1.5,,,,
2024-11-01,2,Bayes_Ridge,1.5,,,,
2024-11-01,2,ElasticNet,1.5,,,,
2024-11-01,2,Huber,1.5,,,,
2024-11-01,2,Ridge_Shock,1.5,,,,
2024-11-01,2,EBM,1.5,0.6000000000000085,0.8999999999999915,0.8999999999999915,False
2024-11-01,2,LightGBM,1.5,0.25573782081680463,1.2442621791831954,1.2442621791831954,False
2024-11-01,2,Prophet,1.5,0.7630787669919599,0.7369212330080401,0.7369212330080401,False
2024-11-01,2,ETS,1.5,0.7184578941899518,0.7815421058100482,0.7815421058100482,False
2024-11-01,2,SARIMA,1.5,0.2611674134906389,1.238832586509361,1.238832586509361,False
2024-11-01,2,NGBoost,1.5,0.5483183028821657,0.9516816971178343,0.9516816971178343,False
2024-11-01,2,CatBoost,1.5,0.5717750024854666,0.9282249975145334,0.9282249975145334,False
2024-11-01,2,Subcomp,1.5,,,,
2024-11-01,2,Subcomp_Multi,1.5,,,,
2024-11-01,2,Micro,1.5,,,,
2024-11-01,12,Ridge,1.5,0.3303632890694388,1.1696367109305612,1.1696367109305612,False
2024-11-01,12,Ridge_Ext,1.5,,,,
2024-11-01,12,Bayes_Ridge,1.5,,,,
2024-11-01,12,ElasticNet,1.5,,,,
2024-11-01,12,Huber,1.5,,,,
2024-11-01,12,Ridge_Shock,1.5,,,,
2024-11-01,12,EBM,1.5,0.6000000000000085,0.8999999999999915,0.8999999999999915,False
2024-11-01,12,LightGBM,1.5,0.1878463641309196,1.3121536358690804,1.3121536358690804,False
2024-11-01,12,Prophet,1.5,0.7508336299363583,0.7491663700636417,0.7491663700636417,False
2024-11-01,12,ETS,1.5,0.7569899476107451,0.7430100523892549,0.7430100523892549,False
2024-11-01,12,SARIMA,1.5,0.16404359920113054,1.3359564007988696,1.3359564007988696,False
2024-11-01,12,NGBoost,1.5,0.4961993351216165,1.0038006648783835,1.0038006648783835,False
2024-11-01,12,CatBoost,1.5,0.6150540200600574,0.8849459799399426,0.8849459799399426,False
2024-11-01,12,Subcomp,1.5,,,,
2024-11-01,12,Subcomp_Multi,1.5,,,,
2024-11-01,12,Micro,1.5,,,,
2024-12-01,1,Ridge,0.9099999999999966,0.9691604508778227,-0.059160450877826065,0.059160450877826065,True
2024-12-01,1,Ridge_Ext,0.9099999999999966,,,,
2024-12-01,1,Bayes_Ridge,0.9099999999999966,,,,
2024-12-01,1,ElasticNet,0.9099999999999966,,,,
2024-12-01,1,Huber,0.9099999999999966,,,,
2024-12-01,1,Ridge_Shock,0.9099999999999966,,,,
2024-12-01,1,EBM,0.9099999999999966,0.7566666666666606,0.15333333333333599,0.15333333333333599,True
2024-12-01,1,LightGBM,0.9099999999999966,1.1318608354999924,-0.2218608354999958,0.2218608354999958,True
2024-12-01,1,Prophet,0.9099999999999966,0.8801742736402871,0.02982572635970948,0.02982572635970948,True
2024-12-01,1,ETS,0.9099999999999966,1.2065389420394488,-0.2965389420394522,0.2965389420394522,True
2024-12-01,1,SARIMA,0.9099999999999966,0.9222105107954958,-0.012210510795499174,0.012210510795499174,True
2024-12-01,1,NGBoost,0.9099999999999966,1.2405281263233547,-0.33052812632335815,0.33052812632335815,True
2024-12-01,1,CatBoost,0.9099999999999966,1.058002435300935,-0.14800243530093837,0.14800243530093837,True
2024-12-01,1,Subcomp,0.9099999999999966,,,,
2024-12-01,1,Subcomp_Multi,0.9099999999999966,,,,
2024-12-01,1,Micro,0.9099999999999966,,,,
2024-12-01,2,Ridge,0.9099999999999966,0.9437313599278809,-0.03373135992788434,0.03373135992788434,True
2024-12-01,2,Ridge_Ext,0.9099999999999966,,,,
2024-12-01,2,Bayes_Ridge,0.9099999999999966,,,,
2024-12-01,2,ElasticNet,0.9099999999999966,,,,
2024-12-01,2,Huber,0.9099999999999966,,,,
2024-12-01,2,Ridge_Shock,0.9099999999999966,,,,
2024-12-01,2,EBM,0.9099999999999966,0.7566666666666606,0.15333333333333599,0.15333333333333599,True
2024-12-01,2,LightGBM,0.9099999999999966,1.3295407329705284,-0.41954073297053185,0.41954073297053185,True
2024-12-01,2,Prophet,0.9099999999999966,0.8576597188406239,0.052340281159372726,0.052340281159372726,True
2024-12-01,2,ETS,0.9099999999999966,1.008393761870992,-0.09839376187099536,0.09839376187099536,True
2024-12-01,2,SARIMA,0.9099999999999966,0.4415502193860877,0.4684497806139089,0.4684497806139089,True
2024-12-01,2,NGBoost,0.9099999999999966,0.9037710819239066,0.00622891807608994,0.00622891807608994,True
2024-12-01,2,CatBoost,0.9099999999999966,0.5383395195487708,0.3716604804512258,0.3716604804512258,True
2024-12-01,2,Subcomp,0.9099999999999966,,,,
2024-12-01,2,Subcomp_Multi,0.9099999999999966,,,,
2024-12-01,2,Micro,0.9099999999999966,,,,
2024-12-01,12,Ridge,0.9099999999999966,0.46081240192982875,0.44918759807016784,0.44918759807016784,True
2024-12-01,12,Ridge_Ext,0.9099999999999966,,,,
2024-12-01,12,Bayes_Ridge,0.9099999999999966,,,,
2024-12-01,12,ElasticNet,0.9099999999999966,,,,
2024-12-01,12,Huber,0.9099999999999966,,,,
2024-12-01,12,Ridge_Shock,0.9099999999999966,,,,
2024-12-01,12,EBM,0.9099999999999966,0.7566666666666606,0.15333333333333599,0.15333333333333599,True
2024-12-01,12,LightGBM,0.9099999999999966,0.9186696565837735,-0.008669656583776941,0.008669656583776941,True
2024-12-01,12,Prophet,0.9099999999999966,0.7335590002870371,0.17644099971295946,0.17644099971295946,True
2024-12-01,12,ETS,0.9099999999999966,0.7751687352217538,0.1348312647782428,0.1348312647782428,True
2024-12-01,12,SARIMA,0.9099999999999966,0.06799861868826641,0.8420013813117302,0.8420013813117302,False
2024-12-01,12,NGBoost,0.9099999999999966,0.7376286990161418,0.17237130098385478,0.17237130098385478,True
2024-12-01,12,CatBoost,0.9099999999999966,0.6417264965555631,0.26827350344443346,0.26827350344443346,True
2024-12-01,12,Subcomp,0.9099999999999966,,,,
2024-12-01,12,Subcomp_Multi,0.9099999999999966,,,,
2024-12-01,12,Micro,0.9099999999999966,,,,
2025-01-01,1,Ridge,0.8400000000000034,1.0210772963622077,-0.18107729636220427,0.18107729636220427,True
2025-01-01,1,Ridge_Ext,0.8400000000000034,,,,
2025-01-01,1,Bayes_Ridge,0.8400000000000034,,,,
2025-01-01,1,ElasticNet,0.8400000000000034,,,,
2025-01-01,1,Huber,0.8400000000000034,,,,
2025-01-01,1,Ridge_Shock,0.8400000000000034,,,,
2025-01-01,1,EBM,0.8400000000000034,1.0161539230769137,-0.17615392307691025,0.17615392307691025,True
2025-01-01,1,LightGBM,0.8400000000000034,1.1175078865739891,-0.27750788657398573,0.27750788657398573,True
2025-01-01,1,Prophet,0.8400000000000034,1.084667329488597,-0.2446673294885935,0.2446673294885935,True
2025-01-01,1,ETS,0.8400000000000034,1.3635659002280691,-0.5235659002280657,0.5235659002280657,False
2025-01-01,1,SARIMA,0.8400000000000034,0.7537285992935023,0.08627140070650108,0.08627140070650108,True
2025-01-01,1,NGBoost,0.8400000000000034,1.0189423676661136,-0.17894236766611016,0.17894236766611016,True
2025-01-01,1,CatBoost,0.8400000000000034,0.9321794120749871,-0.0921794120749837,0.0921794120749837,True
2025-01-01,1,Subcomp,0.8400000000000034,,,,
2025-01-01,1,Subcomp_Multi,0.8400000000000034,,,,
2025-01-01,1,Micro,0.8400000000000034,1.4300000000000068,-0.5900000000000034,0.5900000000000034,False
2025-01-01,2,Ridge,0.8400000000000034,1.0363121373219286,-0.1963121373219252,0.1963121373219252,True
2025-01-01,2,Ridge_Ext,0.8400000000000034,,,,
2025-01-01,2,Bayes_Ridge,0.8400000000000034,,,,
2025-01-01,2,ElasticNet,0.8400000000000034,,,,
2025-01-01,2,Huber,0.8400000000000034,,,,
2025-01-01,2,Ridge_Shock,0.8400000000000034,,,,
2025-01-01,2,EBM,0.8400000000000034,1.0161539230769137,-0.17615392307691025,0.17615392307691025,True
2025-01-01,2,LightGBM,0.8400000000000034,1.4038495349183933,-0.5638495349183898,0.5638495349183898,False
2025-01-01,2,Prophet,0.8400000000000034,1.1007871830447877,-0.2607871830447843,0.2607871830447843,True
2025-01-01,2,ETS,0.8400000000000034,1.4517867242057436,-0.6117867242057402,0.6117867242057402,False
2025-01-01,2,SARIMA,0.8400000000000034,0.7613430405788126,0.07865695942119078,0.07865695942119078,True
2025-01-01,2,NGBoost,0.8400000000000034,1.0564963421857385,-0.2164963421857351,0.2164963421857351,True
2025-01-01,2,CatBoost,0.8400000000000034,0.6976002277260278,0.1423997722739756,0.1423997722739756,True
2025-01-01,2,Subcomp,0.8400000000000034,,,,
2025-01-01,2,Subcomp_Multi,0.8400000000000034,,,,
2025-01-01,2,Micro,0.8400000000000034,,,,
2025-01-01,12,Ridge,0.8400000000000034,0.9831161865430715,-0.14311618654306812,0.14311618654306812,True
2025-01-01,12,Ridge_Ext,0.8400000000000034,,,,
2025-01-01,12,Bayes_Ridge,0.8400000000000034,,,,
2025-01-01,12,ElasticNet,0.8400000000000034,,,,
2025-01-01,12,Huber,0.8400000000000034,,,,
2025-01-01,12,Ridge_Shock,0.8400000000000034,,,,
2025-01-01,12,EBM,0.8400000000000034,1.0161539230769137,-0.17615392307691025,0.17615392307691025,True
2025-01-01,12,LightGBM,0.8400000000000034,0.361309711611824,0.4786902883881794,0.4786902883881794,True
2025-01-01,12,Prophet,0.8400000000000034,1.0274183124950396,-0.18741831249503615,0.18741831249503615,True
2025-01-01,12,ETS,0.8400000000000034,0.9760850653950235,-0.13608506539502008,0.13608506539502008,True
2025-01-01,12,SARIMA,0.8400000000000034,0.20543876028586736,0.634561239714136,0.634561239714136,False
2025-01-01,12,NGBoost,0.8400000000000034,0.986816997018579,-0.14681699701857553,0.14681699701857553,True
2025-01-01,12,CatBoost,0.8400000000000034,0.4838083973260723,0.35619160267393113,0.35619160267393113,True
2025-01-01,12,Subcomp,0.8400000000000034,,,,
2025-01-01,12,Subcomp_Multi,0.8400000000000034,,,,
2025-01-01,12,Micro,0.8400000000000034,,,,
2025-02-01,1,Ridge,1.3400000000000034,0.608716484876382,0.7312835151236214,0.7312835151236214,False
2025-02-01,1,Ridge_Ext,1.3400000000000034,,,,
2025-02-01,1,Bayes_Ridge,1.3400000000000034,,,,
2025-02-01,1,ElasticNet,1.3400000000000034,,,,
2025-02-01,1,Huber,1.3400000000000034,,,,
2025-02-01,1,Ridge_Shock,1.3400000000000034,,,,
2025-02-01,1,EBM,1.3400000000000034,0.84076923076924,0.49923076923076337,0.49923076923076337,True
2025-02-01,1,LightGBM,1.3400000000000034,0.7016008118815762,0.6383991881184272,0.6383991881184272,False
2025-02-01,1,Prophet,1.3400000000000034,0.899045052088346,0.44095494791165746,0.44095494791165746,True
2025-02-01,1,ETS,1.3400000000000034,1.0383429076370805,0.30165709236292293,0.30165709236292293,True
2025-02-01,1,SARIMA,1.3400000000000034,0.5441417084002789,0.7958582915997245,0.7958582915997245,False
2025-02-01,1,NGBoost,1.3400000000000034,0.5834792431188447,0.7565207568811587,0.7565207568811587,False
2025-02-01,1,CatBoost,1.3400000000000034,0.6100089409740121,0.7299910590259913,0.7299910590259913,False
2025-02-01,1,Subcomp,1.3400000000000034,,,,
2025-02-01,1,Subcomp_Multi,1.3400000000000034,,,,
2025-02-01,1,Micro,1.3400000000000034,0.8499999999999943,0.4900000000000091,0.4900000000000091,True
2025-02-01,2,Ridge,1.3400000000000034,0.9580899546263026,0.38191004537370077,0.38191004537370077,True
2025-02-01,2,Ridge_Ext,1.3400000000000034,,,,
2025-02-01,2,Bayes_Ridge,1.3400000000000034,,,,
2025-02-01,2,ElasticNet,1.3400000000000034,,,,
2025-02-01,2,Huber,1.3400000000000034,,,,
2025-02-01,2,Ridge_Shock,1.3400000000000034,,,,
2025-02-01,2,EBM,1.3400000000000034,0.84076923076924,0.49923076923076337,0.49923076923076337,True
2025-02-01,2,LightGBM,1.3400000000000034,1.1764274111529147,0.1635725888470887,0.1635725888470887,True
2025-02-01,2,Prophet,1.3400000000000034,0.9010956057721856,0.4389043942278178,0.4389043942278178,True
2025-02-01,2,ETS,1.3400000000000034,1.1735542755401571,0.1664457244598463,0.1664457244598463,True
2025-02-01,2,SARIMA,1.3400000000000034,0.49027104222753215,0.8497289577724713,0.8497289577724713,False
2025-02-01,2,NGBoost,1.3400000000000034,0.796700631331646,0.5432993686683574,0.5432993686683574,False
2025-02-01,2,CatBoost,1.3400000000000034,0.7595704580205052,0.5804295419794983,0.5804295419794983,False
2025-02-01,2,Subcomp,1.3400000000000034,,,,
2025-02-01,2,Subcomp_Multi,1.3400000000000034,,,,
2025-02-01,2,Micro,1.3400000000000034,0.6599999999999966,0.6800000000000068,0.6800000000000068,False
2025-02-01,12,Ridge,1.3400000000000034,0.6815041219064284,0.658495878093575,0.658495878093575,False
2025-02-01,12,Ridge_Ext,1.3400000000000034,,,,
2025-02-01,12,Bayes_Ridge,1.3400000000000034,,,,
2025-02-01,12,ElasticNet,1.3400000000000034,,,,
2025-02-01,12,Huber,1.3400000000000034,,,,
2025-02-01,12,Ridge_Shock,1.3400000000000034,,,,
2025-02-01,12,EBM,1.3400000000000034,0.84076923076924,0.49923076923076337,0.49923076923076337,True
2025-02-01,12,LightGBM,1.3400000000000034,0.6901454219738525,0.6498545780261509,0.6498545780261509,False
2025-02-01,12,Prophet,1.3400000000000034,0.8453045720770236,0.4946954279229798,0.4946954279229798,True
2025-02-01,12,ETS,1.3400000000000034,0.7102951881637688,0.6297048118362346,0.6297048118362346,False
2025-02-01,12,SARIMA,1.3400000000000034,0.12597831324694872,1.2140216867530547,1.2140216867530547,False
2025-02-01,12,NGBoost,1.3400000000000034,0.6774108271944925,0.6625891728055109,0.6625891728055109,False
2025-02-01,12,CatBoost,1.3400000000000034,0.6275548372386339,0.7124451627613695,0.7124451627613695,False
2025-02-01,12,Subcomp,1.3400000000000034,,,,
2025-02-01,12,Subcomp_Multi,1.3400000000000034,,,,
2025-02-01,12,Micro,1.3400000000000034,,,,
2025-03-01,1,Ridge,0.8100000000000023,0.7562576005077091,0.0537423994922932,0.0537423994922932,True
2025-03-01,1,Ridge_Ext,0.8100000000000023,,,,
2025-03-01,1,Bayes_Ridge,0.8100000000000023,,,,
2025-03-01,1,ElasticNet,0.8100000000000023,,,,
2025-03-01,1,Huber,0.8100000000000023,,,,
2025-03-01,1,Ridge_Shock,0.8100000000000023,,,,
2025-03-01,1,EBM,0.8100000000000023,0.7046153846153942,0.10538461538460808,0.10538461538460808,True
2025-03-01,1,LightGBM,0.8100000000000023,0.6388554784306137,0.17114452156938853,0.17114452156938853,True
2025-03-01,1,Prophet,0.8100000000000023,0.532922781186837,0.27707721881316527,0.27707721881316527,True
2025-03-01,1,ETS,0.8100000000000023,1.28305450242758,-0.47305450242757763,0.47305450242757763,True
2025-03-01,1,SARIMA,0.8100000000000023,0.8967264337419735,-0.0867264337419712,0.0867264337419712,True
2025-03-01,1,NGBoost,0.8100000000000023,0.8029299072349261,0.007070092765076197,0.007070092765076197,True
2025-03-01,1,CatBoost,0.8100000000000023,0.9212861088739572,-0.11128610887395496,0.11128610887395496,True
2025-03-01,1,Subcomp,0.8100000000000023,,,,
2025-03-01,1,Subcomp_Multi,0.8100000000000023,,,,
2025-03-01,1,Micro,0.8100000000000023,,,,
2025-03-01,2,Ridge,0.8100000000000023,0.6058921314659642,0.20410786853403806,0.20410786853403806,True
2025-03-01,2,Ridge_Ext,0.8100000000000023,,,,
2025-03-01,2,Bayes_Ridge,0.8100000000000023,,,,
2025-03-01,2,ElasticNet,0.8100000000000023,,,,
2025-03-01,2,Huber,0.8100000000000023,,,,
2025-03-01,2,Ridge_Shock,0.8100000000000023,,,,
2025-03-01,2,EBM,0.8100000000000023,0.7046153846153942,0.10538461538460808,0.10538461538460808,True
2025-03-01,2,LightGBM,0.8100000000000023,0.5010555945600004,0.3089444054400019,0.3089444054400019,True
2025-03-01,2,Prophet,0.8100000000000023,0.4464599055064545,0.3635400944935478,0.3635400944935478,True
2025-03-01,2,ETS,0.8100000000000023,1.2090046595550026,-0.3990046595550003,0.3990046595550003,True
2025-03-01,2,SARIMA,0.8100000000000023,0.400254011603588,0.4097459883964143,0.4097459883964143,True
2025-03-01,2,NGBoost,0.8100000000000023,0.6361384137670427,0.17386158623295955,0.17386158623295955,True
2025-03-01,2,CatBoost,0.8100000000000023,0.4268090633374868,0.38319093666251547,0.38319093666251547,True
2025-03-01,2,Subcomp,0.8100000000000023,,,,
2025-03-01,2,Subcomp_Multi,0.8100000000000023,,,,
2025-03-01,2,Micro,0.8100000000000023,0.7900000000000063,0.01999999999999602,0.01999999999999602,True
2025-03-01,12,Ridge,0.8100000000000023,0.5852000633933585,0.22479993660664377,0.22479993660664377,True
2025-03-01,12,Ridge_Ext,0.8100000000000023,,,,
2025-03-01,12,Bayes_Ridge,0.8100000000000023,,,,
2025-03-01,12,ElasticNet,0.8100000000000023,,,,
2025-03-01,12,Huber,0.8100000000000023,,,,
2025-03-01,12,Ridge_Shock,0.8100000000000023,,,,
2025-03-01,12,EBM,0.8100000000000023,0.7046153846153942,0.10538461538460808,0.10538461538460808,True
2025-03-01,12,LightGBM,0.8100000000000023,0.20371813867433275,0.6062818613256695,0.6062818613256695,False
2025-03-01,12,Prophet,0.8100000000000023,0.10408069130125151,0.7059193086987507,0.7059193086987507,False
2025-03-01,12,ETS,0.8100000000000023,0.7714562381697238,0.03854376183027852,0.03854376183027852,True
2025-03-01,12,SARIMA,0.8100000000000023,0.12703676929835156,0.6829632307016507,0.6829632307016507,False
2025-03-01,12,NGBoost,0.8100000000000023,0.4422285387944953,0.36777146120550697,0.36777146120550697,True
2025-03-01,12,CatBoost,0.8100000000000023,0.5818732194957903,0.22812678050421198,0.22812678050421198,True
2025-03-01,12,Subcomp,0.8100000000000023,,,,
2025-03-01,12,Subcomp_Multi,0.8100000000000023,,,,
2025-03-01,12,Micro,0.8100000000000023,,,,
2025-04-01,1,Ridge,0.5300000000000011,0.7907968929654601,-0.26079689296545894,0.26079689296545894,True
2025-04-01,1,Ridge_Ext,0.5300000000000011,,,,
2025-04-01,1,Bayes_Ridge,0.5300000000000011,,,,
2025-04-01,1,ElasticNet,0.5300000000000011,,,,
2025-04-01,1,Huber,0.5300000000000011,,,,
2025-04-01,1,Ridge_Shock,0.5300000000000011,,,,
2025-04-01,1,EBM,0.5300000000000011,0.7961538461538424,-0.2661538461538413,0.2661538461538413,True
2025-04-01,1,LightGBM,0.5300000000000011,0.5249780752673701,0.005021924732631078,0.005021924732631078,True
2025-04-01,1,Prophet,0.5300000000000011,0.8308456980558037,-0.3008456980558025,0.3008456980558025,True
2025-04-01,1,ETS,0.5300000000000011,1.0743489768056877,-0.5443489768056866,0.5443489768056866,False
2025-04-01,1,SARIMA,0.5300000000000011,0.5592233912299854,-0.029223391229984297,0.029223391229984297,True
2025-04-01,1,NGBoost,0.5300000000000011,0.6703770703181391,-0.14037707031813795,0.14037707031813795,True
2025-04-01,1,CatBoost,0.5300000000000011,0.5479337087945595,-0.017933708794558356,0.017933708794558356,True
2025-04-01,1,Subcomp,0.5300000000000011,,,,
2025-04-01,1,Subcomp_Multi,0.5300000000000011,,,,
2025-04-01,1,Micro,0.5300000000000011,0.7999999999999972,-0.269999999999996,0.269999999999996,True
2025-04-01,2,Ridge,0.5300000000000011,0.8337922484964082,-0.30379224849640707,0.30379224849640707,True
2025-04-01,2,Ridge_Ext,0.5300000000000011,,,,
2025-04-01,2,Bayes_Ridge,0.5300000000000011,,,,
2025-04-01,2,ElasticNet,0.5300000000000011,,,,
2025-04-01,2,Huber,0.5300000000000011,,,,
2025-04-01,2,Ridge_Shock,0.5300000000000011,,,,
2025-04-01,2,EBM,0.5300000000000011,0.7961538461538424,-0.2661538461538413,0.2661538461538413,True
2025-04-01,2,LightGBM,0.5300000000000011,0.7788193557575198,-0.24881935575751868,0.24881935575751868,True
2025-04-01,2,Prophet,0.5300000000000011,0.6448891710142075,-0.11488917101420637,0.11488917101420637,True
2025-04-01,2,ETS,0.5300000000000011,1.1890291923322514,-0.6590291923322502,0.6590291923322502,False
2025-04-01,2,SARIMA,0.5300000000000011,0.6135093039049642,-0.08350930390496303,0.08350930390496303,True
2025-04-01,2,NGBoost,0.5300000000000011,0.8145998645478585,-0.28459986454785735,0.28459986454785735,True
2025-04-01,2,CatBoost,0.5300000000000011,0.5547658228713175,-0.024765822871316345,0.024765822871316345,True
2025-04-01,2,Subcomp,0.5300000000000011,,,,
2025-04-01,2,Subcomp_Multi,0.5300000000000011,,,,
2025-04-01,2,Micro,0.5300000000000011,0.75,-0.21999999999999886,0.21999999999999886,True
2025-04-01,12,Ridge,0.5300000000000011,0.6901195101600308,-0.16011951016002968,0.16011951016002968,True
2025-04-01,12,Ridge_Ext,0.5300000000000011,,,,
2025-04-01,12,Bayes_Ridge,0.5300000000000011,,,,
2025-04-01,12,ElasticNet,0.5300000000000011,,,,
2025-04-01,12,Huber,0.5300000000000011,,,,
2025-04-01,12,Ridge_Shock,0.5300000000000011,,,,
2025-04-01,12,EBM,0.5300000000000011,0.7961538461538424,-0.2661538461538413,0.2661538461538413,True
2025-04-01,12,LightGBM,0.5300000000000011,0.6776189207952115,-0.14761892079521033,0.14761892079521033,True
2025-04-01,12,Prophet,0.5300000000000011,0.3201755261087009,0.2098244738913002,0.2098244738913002,True
2025-04-01,12,ETS,0.5300000000000011,0.5730819076503827,-0.04308190765038156,0.04308190765038156,True
2025-04-01,12,SARIMA,0.5300000000000011,0.09610066630988454,0.4338993336901166,0.4338993336901166,True
2025-04-01,12,NGBoost,0.5300000000000011,0.7123385825970843,-0.18233858259708313,0.18233858259708313,True
2025-04-01,12,CatBoost,0.5300000000000011,0.5722851724023883,-0.04228517240238716,0.04228517240238716,True
2025-04-01,12,Subcomp,0.5300000000000011,,,,
2025-04-01,12,Subcomp_Multi,0.5300000000000011,,,,
2025-04-01,12,Micro,0.5300000000000011,,,,
2025-05-01,1,Ridge,-0.06999999999999318,0.47724472321411326,-0.5472447232141064,0.5472447232141064,False
2025-05-01,1,Ridge_Ext,-0.06999999999999318,,,,
2025-05-01,1,Bayes_Ridge,-0.06999999999999318,,,,
2025-05-01,1,ElasticNet,-0.06999999999999318,,,,
2025-05-01,1,Huber,-0.06999999999999318,,,,
2025-05-01,1,Ridge_Shock,-0.06999999999999318,,,,
2025-05-01,1,EBM,-0.06999999999999318,0.5076923076922952,-0.5776923076922884,0.5776923076922884,False
2025-05-01,1,LightGBM,-0.06999999999999318,0.20706517431359828,-0.27706517431359146,0.27706517431359146,True
2025-05-01,1,Prophet,-0.06999999999999318,0.7056209834038899,-0.7756209834038831,0.7756209834038831,False
2025-05-01,1,ETS,-0.06999999999999318,0.6279628215698634,-0.6979628215698566,0.6979628215698566,False
2025-05-01,1,SARIMA,-0.06999999999999318,0.48977057776222754,-0.5597705777622207,0.5597705777622207,False
2025-05-01,1,NGBoost,-0.06999999999999318,0.49584177692081255,-0.5658417769208057,0.5658417769208057,False
2025-05-01,1,CatBoost,-0.06999999999999318,0.43209491434438974,-0.5020949143443829,0.5020949143443829,False
2025-05-01,1,Subcomp,-0.06999999999999318,,,,
2025-05-01,1,Subcomp_Multi,-0.06999999999999318,,,,
2025-05-01,1,Micro,-0.06999999999999318,-0.29000000000000625,0.22000000000001307,0.22000000000001307,True
2025-05-01,2,Ridge,-0.06999999999999318,0.5083835643154941,-0.5783835643154873,0.5783835643154873,False
2025-05-01,2,Ridge_Ext,-0.06999999999999318,,,,
2025-05-01,2,Bayes_Ridge,-0.06999999999999318,,,,
2025-05-01,2,ElasticNet,-0.06999999999999318,,,,
2025-05-01,2,Huber,-0.06999999999999318,,,,
2025-05-01,2,Ridge_Shock,-0.06999999999999318,,,,
2025-05-01,2,EBM,-0.06999999999999318,0.5076923076922952,-0.5776923076922884,0.5776923076922884,False
2025-05-01,2,LightGBM,-0.06999999999999318,0.27944335299052625,-0.34944335299051943,0.34944335299051943,True
2025-05-01,2,Prophet,-0.06999999999999318,0.8111593474264397,-0.8811593474264329,0.8811593474264329,False
2025-05-01,2,ETS,-0.06999999999999318,0.6543458701498819,-0.7243458701498751,0.7243458701498751,False
2025-05-01,2,SARIMA,-0.06999999999999318,0.5080144286057038,-0.578014428605697,0.578014428605697,False
2025-05-01,2,NGBoost,-0.06999999999999318,0.5050285486096016,-0.5750285486095947,0.5750285486095947,False
2025-05-01,2,CatBoost,-0.06999999999999318,0.47120082569638555,-0.5412008256963787,0.5412008256963787,False
2025-05-01,2,Subcomp,-0.06999999999999318,,,,
2025-05-01,2,Subcomp_Multi,-0.06999999999999318,,,,
2025-05-01,2,Micro,-0.06999999999999318,0.45000000000000284,-0.519999999999996,0.519999999999996,False
2025-05-01,12,Ridge,-0.06999999999999318,0.5227535697860333,-0.5927535697860264,0.5927535697860264,False
2025-05-01,12,Ridge_Ext,-0.06999999999999318,,,,
2025-05-01,12,Bayes_Ridge,-0.06999999999999318,,,,
2025-05-01,12,ElasticNet,-0.06999999999999318,,,,
2025-05-01,12,Huber,-0.06999999999999318,,,,
2025-05-01,12,Ridge_Shock,-0.06999999999999318,,,,
2025-05-01,12,EBM,-0.06999999999999318,0.5076923076922952,-0.5776923076922884,0.5776923076922884,False
2025-05-01,12,LightGBM,-0.06999999999999318,0.20730530959694704,-0.2773053095969402,0.2773053095969402,True
2025-05-01,12,Prophet,-0.06999999999999318,0.13382032656133663,-0.2038203265613298,0.2038203265613298,True
2025-05-01,12,ETS,-0.06999999999999318,0.370098341906257,-0.4400983419062502,0.4400983419062502,True
2025-05-01,12,SARIMA,-0.06999999999999318,0.1977323754345171,-0.2677323754345103,0.2677323754345103,True
2025-05-01,12,NGBoost,-0.06999999999999318,0.5253586104672081,-0.5953586104672013,0.5953586104672013,False
2025-05-01,12,CatBoost,-0.06999999999999318,0.5622728619750745,-0.6322728619750677,0.6322728619750677,False
2025-05-01,12,Subcomp,-0.06999999999999318,,,,
2025-05-01,12,Subcomp_Multi,-0.06999999999999318,,,,
2025-05-01,12,Micro,-0.06999999999999318,,,,
2025-06-01,1,Ridge,-0.04000000000000625,-0.01645743195679472,-0.02354256804321153,0.02354256804321153,True
2025-06-01,1,Ridge_Ext,-0.04000000000000625,,,,
2025-06-01,1,Bayes_Ridge,-0.04000000000000625,,,,
2025-06-01,1,ElasticNet,-0.04000000000000625,,,,
2025-06-01,1,Huber,-0.04000000000000625,,,,
2025-06-01,1,Ridge_Shock,-0.04000000000000625,,,,
2025-06-01,1,EBM,-0.04000000000000625,0.15307661538462014,-0.1930766153846264,0.1930766153846264,True
2025-06-01,1,LightGBM,-0.04000000000000625,-0.019956422224936432,-0.02004357777506982,0.02004357777506982,True
2025-06-01,1,Prophet,-0.04000000000000625,-0.07438635574233078,0.03438635574232453,0.03438635574232453,True
2025-06-01,1,ETS,-0.04000000000000625,-0.037850669634068024,-0.002149330365938229,0.002149330365938229,True
2025-06-01,1,SARIMA,-0.04000000000000625,-0.10262758919809387,0.06262758919808761,0.06262758919808761,True
2025-06-01,1,NGBoost,-0.04000000000000625,0.03572828986114018,-0.07572828986114644,0.07572828986114644,True
2025-06-01,1,CatBoost,-0.04000000000000625,0.027640102788993204,-0.06764010278899946,0.06764010278899946,True
2025-06-01,1,Subcomp,-0.04000000000000625,,,,
2025-06-01,1,Subcomp_Multi,-0.04000000000000625,,,,
2025-06-01,1,Micro,-0.04000000000000625,0.15000000000000568,-0.19000000000001194,0.19000000000001194,True
2025-06-01,2,Ridge,-0.04000000000000625,0.012433299570574263,-0.052433299570580516,0.052433299570580516,True
2025-06-01,2,Ridge_Ext,-0.04000000000000625,,,,
2025-06-01,2,Bayes_Ridge,-0.04000000000000625,,,,
2025-06-01,2,ElasticNet,-0.04000000000000625,,,,
2025-06-01,2,Huber,-0.04000000000000625,,,,
2025-06-01,2,Ridge_Shock,-0.04000000000000625,,,,
2025-06-01,2,EBM,-0.04000000000000625,0.15307661538462014,-0.1930766153846264,0.1930766153846264,True
2025-06-01,2,LightGBM,-0.04000000000000625,0.07681228049122524,-0.11681228049123149,0.11681228049123149,True
2025-06-01,2,Prophet,-0.04000000000000625,0.18911954860681757,-0.22911954860682382,0.22911954860682382,True
2025-06-01,2,ETS,-0.04000000000000625,-0.03610524142548627,-0.0038947585745199853,0.0038947585745199853,True
2025-06-01,2,SARIMA,-0.04000000000000625,0.24244066225018074,-0.282440662250187,0.282440662250187,True
2025-06-01,2,NGBoost,-0.04000000000000625,0.13365052770831198,-0.17365052770831824,0.17365052770831824,True
2025-06-01,2,CatBoost,-0.04000000000000625,0.27735036740695307,-0.3173503674069593,0.3173503674069593,True
2025-06-01,2,Subcomp,-0.04000000000000625,,,,
2025-06-01,2,Subcomp_Multi,-0.04000000000000625,,,,
2025-06-01,2,Micro,-0.04000000000000625,0.20999999999999375,-0.25,0.25,True
2025-06-01,12,Ridge,-0.04000000000000625,0.17103475619970254,-0.2110347561997088,0.2110347561997088,True
2025-06-01,12,Ridge_Ext,-0.04000000000000625,,,,
2025-06-01,12,Bayes_Ridge,-0.04000000000000625,,,,
2025-06-01,12,ElasticNet,-0.04000000000000625,,,,
2025-06-01,12,Huber,-0.04000000000000625,,,,
2025-06-01,12,Ridge_Shock,-0.04000000000000625,,,,
2025-06-01,12,EBM,-0.04000000000000625,0.15307661538462014,-0.1930766153846264,0.1930766153846264,True
2025-06-01,12,LightGBM,-0.04000000000000625,0.19370006766102676,-0.23370006766103302,0.23370006766103302,True
2025-06-01,12,Prophet,-0.04000000000000625,-0.2643097532304274,0.22430975323042113,0.22430975323042113,True
2025-06-01,12,ETS,-0.04000000000000625,0.023962893989246115,-0.06396289398925237,0.06396289398925237,True
2025-06-01,12,SARIMA,-0.04000000000000625,0.04197884636692361,-0.08197884636692987,0.08197884636692987,True
2025-06-01,12,NGBoost,-0.04000000000000625,0.22550891866224276,-0.265508918662249,0.265508918662249,True
2025-06-01,12,CatBoost,-0.04000000000000625,0.47656788038010234,-0.5165678803801086,0.5165678803801086,False
2025-06-01,12,Subcomp,-0.04000000000000625,,,,
2025-06-01,12,Subcomp_Multi,-0.04000000000000625,,,,
2025-06-01,12,Micro,-0.04000000000000625,,,,
2025-07-01,1,Ridge,0.35999999999999943,0.18747546086029843,0.172524539139701,0.172524539139701,True
2025-07-01,1,Ridge_Ext,0.35999999999999943,,,,
2025-07-01,1,Bayes_Ridge,0.35999999999999943,,,,
2025-07-01,1,ElasticNet,0.35999999999999943,,,,
2025-07-01,1,Huber,0.35999999999999943,,,,
2025-07-01,1,Ridge_Shock,0.35999999999999943,,,,
2025-07-01,1,EBM,0.35999999999999943,0.32846115384616326,0.031538846153836175,0.031538846153836175,True
2025-07-01,1,LightGBM,0.35999999999999943,0.167238794034958,0.19276120596504143,0.19276120596504143,True
2025-07-01,1,Prophet,0.35999999999999943,0.4422146327799326,-0.08221463277993318,0.08221463277993318,True
2025-07-01,1,ETS,0.35999999999999943,0.02624291010853602,0.3337570898914634,0.3337570898914634,True
2025-07-01,1,SARIMA,0.35999999999999943,0.16323877444273593,0.1967612255572635,0.1967612255572635,True
2025-07-01,1,NGBoost,0.35999999999999943,0.23695588666926426,0.12304411333073517,0.12304411333073517,True
2025-07-01,1,CatBoost,0.35999999999999943,0.1664110867095161,0.19358891329048333,0.19358891329048333,True
2025-07-01,1,Subcomp,0.35999999999999943,,,,
2025-07-01,1,Subcomp_Multi,0.35999999999999943,,,,
2025-07-01,1,Micro,0.35999999999999943,0.7800000000000011,-0.4200000000000017,0.4200000000000017,True
2025-07-01,2,Ridge,0.35999999999999943,-0.08812563361334469,0.4481256336133441,0.4481256336133441,True
2025-07-01,2,Ridge_Ext,0.35999999999999943,,,,
2025-07-01,2,Bayes_Ridge,0.35999999999999943,,,,
2025-07-01,2,ElasticNet,0.35999999999999943,,,,
2025-07-01,2,Huber,0.35999999999999943,,,,
2025-07-01,2,Ridge_Shock,0.35999999999999943,,,,
2025-07-01,2,EBM,0.35999999999999943,0.32846115384616326,0.031538846153836175,0.031538846153836175,True
2025-07-01,2,LightGBM,0.35999999999999943,0.10465668532852135,0.2553433146714781,0.2553433146714781,True
2025-07-01,2,Prophet,0.35999999999999943,-0.187558065812652,0.5475580658126514,0.5475580658126514,False
2025-07-01,2,ETS,0.35999999999999943,0.02682603390509858,0.33317396609490085,0.33317396609490085,True
2025-07-01,2,SARIMA,0.35999999999999943,0.12492272895496423,0.2350772710450352,0.2350772710450352,True
2025-07-01,2,NGBoost,0.35999999999999943,0.15183782750351327,0.20816217249648616,0.20816217249648616,True
2025-07-01,2,CatBoost,0.35999999999999943,0.31835158198248337,0.041648418017516065,0.041648418017516065,True
2025-07-01,2,Subcomp,0.35999999999999943,,,,
2025-07-01,2,Subcomp_Multi,0.35999999999999943,,,,
2025-07-01,2,Micro,0.35999999999999943,0.9099999999999966,-0.5499999999999972,0.5499999999999972,False
2025-07-01,12,Ridge,0.35999999999999943,0.48577406113247434,-0.1257740611324749,0.1257740611324749,True
2025-07-01,12,Ridge_Ext,0.35999999999999943,,,,
2025-07-01,12,Bayes_Ridge,0.35999999999999943,,,,
2025-07-01,12,ElasticNet,0.35999999999999943,,,,
2025-07-01,12,Huber,0.35999999999999943,,,,
2025-07-01,12,Ridge_Shock,0.35999999999999943,,,,
2025-07-01,12,EBM,0.35999999999999943,0.32846115384616326,0.031538846153836175,0.031538846153836175,True
2025-07-01,12,LightGBM,0.35999999999999943,0.7578315461926195,-0.39783154619262007,0.39783154619262007,True
2025-07-01,12,Prophet,0.35999999999999943,0.04059560879273644,0.319404391207263,0.319404391207263,True
2025-07-01,12,ETS,0.35999999999999943,0.3480068205813779,0.011993179418621547,0.011993179418621547,True
2025-07-01,12,SARIMA,0.35999999999999943,0.23012475088808165,0.12987524911191778,0.12987524911191778,True
2025-07-01,12,NGBoost,0.35999999999999943,0.41705354649397464,-0.057053546493975205,0.057053546493975205,True
2025-07-01,12,CatBoost,0.35999999999999943,0.5749416334780051,-0.21494163347800566,0.21494163347800566,True
2025-07-01,12,Subcomp,0.35999999999999943,,,,
2025-07-01,12,Subcomp_Multi,0.35999999999999943,,,,
2025-07-01,12,Micro,0.35999999999999943,,,,
2025-08-01,1,Ridge,-0.5699999999999932,-0.06655293846201005,-0.5034470615379831,0.5034470615379831,False
2025-08-01,1,Ridge_Ext,-0.5699999999999932,,,,
2025-08-01,1,Bayes_Ridge,-0.5699999999999932,,,,
2025-08-01,1,ElasticNet,-0.5699999999999932,,,,
2025-08-01,1,Huber,-0.5699999999999932,,,,
2025-08-01,1,Ridge_Shock,-0.5699999999999932,,,,
2025-08-01,1,EBM,-0.5699999999999932,0.0023076923076956746,-0.5723076923076889,0.5723076923076889,False
2025-08-01,1,LightGBM,-0.5699999999999932,0.07989943720525616,-0.6498994372052493,0.6498994372052493,False
2025-08-01,1,Prophet,-0.5699999999999932,-0.12378747386896072,-0.44621252613103246,0.44621252613103246,True
2025-08-01,1,ETS,-0.5699999999999932,-0.08676354104084238,-0.4832364589591508,0.4832364589591508,True
2025-08-01,1,SARIMA,-0.5699999999999932,0.09829351946679787,-0.668293519466791,0.668293519466791,False
2025-08-01,1,NGBoost,-0.5699999999999932,0.1578834158754887,-0.7278834158754819,0.7278834158754819,False
2025-08-01,1,CatBoost,-0.5699999999999932,0.141826110845102,-0.7118261108450952,0.7118261108450952,False
2025-08-01,1,Subcomp,-0.5699999999999932,,,,
2025-08-01,1,Subcomp_Multi,-0.5699999999999932,,,,
2025-08-01,1,Micro,-0.5699999999999932,0.10999999999999943,-0.6799999999999926,0.6799999999999926,False
2025-08-01,2,Ridge,-0.5699999999999932,-0.04782833414181198,-0.5221716658581812,0.5221716658581812,False
2025-08-01,2,Ridge_Ext,-0.5699999999999932,,,,
2025-08-01,2,Bayes_Ridge,-0.5699999999999932,,,,
2025-08-01,2,ElasticNet,-0.5699999999999932,,,,
2025-08-01,2,Huber,-0.5699999999999932,,,,
2025-08-01,2,Ridge_Shock,-0.5699999999999932,,,,
2025-08-01,2,EBM,-0.5699999999999932,0.0023076923076956746,-0.5723076923076889,0.5723076923076889,False
2025-08-01,2,LightGBM,-0.5699999999999932,0.14043474870180717,-0.7104347487018003,0.7104347487018003,False
2025-08-01,2,Prophet,-0.5699999999999932,-0.06364142889190105,-0.5063585711080921,0.5063585711080921,False
2025-08-01,2,ETS,-0.5699999999999932,-0.17848755673180589,-0.3915124432681873,0.3915124432681873,True
2025-08-01,2,SARIMA,-0.5699999999999932,-0.02163473030015883,-0.5483652696998343,0.5483652696998343,False
2025-08-01,2,NGBoost,-0.5699999999999932,0.028144885181148993,-0.5981448851811422,0.5981448851811422,False
2025-08-01,2,CatBoost,-0.5699999999999932,0.31259465396439623,-0.8825946539643894,0.8825946539643894,False
2025-08-01,2,Subcomp,-0.5699999999999932,,,,
2025-08-01,2,Subcomp_Multi,-0.5699999999999932,,,,
2025-08-01,2,Micro,-0.5699999999999932,0.23000000000000398,-0.7999999999999972,0.7999999999999972,False
2025-08-01,12,Ridge,-0.5699999999999932,0.07173532175866626,-0.6417353217586594,0.6417353217586594,False
2025-08-01,12,Ridge_Ext,-0.5699999999999932,,,,
2025-08-01,12,Bayes_Ridge,-0.5699999999999932,,,,
2025-08-01,12,ElasticNet,-0.5699999999999932,,,,
2025-08-01,12,Huber,-0.5699999999999932,,,,
2025-08-01,12,Ridge_Shock,-0.5699999999999932,,,,
2025-08-01,12,EBM,-0.5699999999999932,0.0023076923076956746,-0.5723076923076889,0.5723076923076889,False
2025-08-01,12,LightGBM,-0.5699999999999932,0.03153936851668959,-0.6015393685166828,0.6015393685166828,False
2025-08-01,12,Prophet,-0.5699999999999932,-0.33527566356683947,-0.2347243364331537,0.2347243364331537,True
2025-08-01,12,ETS,-0.5699999999999932,0.12528808838769923,-0.6952880883876924,0.6952880883876924,False
2025-08-01,12,SARIMA,-0.5699999999999932,0.018666783592710144,-0.5886667835927033,0.5886667835927033,False
2025-08-01,12,NGBoost,-0.5699999999999932,-0.009003446054023811,-0.5609965539459694,0.5609965539459694,False
2025-08-01,12,CatBoost,-0.5699999999999932,0.5031698588066718,-1.073169858806665,1.073169858806665,False
2025-08-01,12,Subcomp,-0.5699999999999932,,,,
2025-08-01,12,Subcomp_Multi,-0.5699999999999932,,,,
2025-08-01,12,Micro,-0.5699999999999932,,,,
2025-09-01,1,Ridge,1.0,0.4475476494835817,0.5524523505164183,0.5524523505164183,False
2025-09-01,1,Ridge_Ext,1.0,,,,
2025-09-01,1,Bayes_Ridge,1.0,,,,
2025-09-01,1,ElasticNet,1.0,,,,
2025-09-01,1,Huber,1.0,,,,
2025-09-01,1,Ridge_Shock,1.0,,,,
2025-09-01,1,EBM,1.0,0.4561539230769256,0.5438460769230744,0.5438460769230744,False
2025-09-01,1,LightGBM,1.0,0.1926816355107519,0.8073183644892481,0.8073183644892481,False
2025-09-01,1,Prophet,1.0,0.5069954839982236,0.4930045160017764,0.4930045160017764,True
2025-09-01,1,ETS,1.0,0.3612066535465622,0.6387933464534379,0.6387933464534379,False
2025-09-01,1,SARIMA,1.0,-0.2029167841485326,1.2029167841485326,1.2029167841485326,False
2025-09-01,1,NGBoost,1.0,0.4543311249178288,0.5456688750821712,0.5456688750821712,False
2025-09-01,1,CatBoost,1.0,0.2902483247724632,0.7097516752275368,0.7097516752275368,False
2025-09-01,1,Subcomp,1.0,,,,
2025-09-01,1,Subcomp_Multi,1.0,,,,
2025-09-01,1,Micro,1.0,0.7600000000000051,0.23999999999999488,0.23999999999999488,True
2025-09-01,2,Ridge,1.0,0.432092093290251,0.567907906709749,0.567907906709749,False
2025-09-01,2,Ridge_Ext,1.0,,,,
2025-09-01,2,Bayes_Ridge,1.0,,,,
2025-09-01,2,ElasticNet,1.0,,,,
2025-09-01,2,Huber,1.0,,,,
2025-09-01,2,Ridge_Shock,1.0,,,,
2025-09-01,2,EBM,1.0,0.4561539230769256,0.5438460769230744,0.5438460769230744,False
2025-09-01,2,LightGBM,1.0,0.1488185794263046,0.8511814205736954,0.8511814205736954,False
2025-09-01,2,Prophet,1.0,0.3190481429409754,0.6809518570590246,0.6809518570590246,False
2025-09-01,2,ETS,1.0,0.48723778256614675,0.5127622174338533,0.5127622174338533,False
2025-09-01,2,SARIMA,1.0,0.20310400293241446,0.7968959970675855,0.7968959970675855,False
2025-09-01,2,NGBoost,1.0,0.438275428430174,0.561724571569826,0.561724571569826,False
2025-09-01,2,CatBoost,1.0,0.5488071895136386,0.4511928104863614,0.4511928104863614,True
2025-09-01,2,Subcomp,1.0,,,,
2025-09-01,2,Subcomp_Multi,1.0,,,,
2025-09-01,2,Micro,1.0,0.7600000000000051,0.23999999999999488,0.23999999999999488,True
2025-09-01,12,Ridge,1.0,0.44901492526260256,0.5509850747373974,0.5509850747373974,False
2025-09-01,12,Ridge_Ext,1.0,,,,
2025-09-01,12,Bayes_Ridge,1.0,,,,
2025-09-01,12,ElasticNet,1.0,,,,
2025-09-01,12,Huber,1.0,,,,
2025-09-01,12,Ridge_Shock,1.0,,,,
2025-09-01,12,EBM,1.0,0.4561539230769256,0.5438460769230744,0.5438460769230744,False
2025-09-01,12,LightGBM,1.0,0.2916069645781363,0.7083930354218637,0.7083930354218637,False
2025-09-01,12,Prophet,1.0,0.503859121455666,0.496140878544334,0.496140878544334,True
2025-09-01,12,ETS,1.0,0.6752705429831075,0.3247294570168925,0.3247294570168925,True
2025-09-01,12,SARIMA,1.0,0.15323847577651964,0.8467615242234804,0.8467615242234804,False
2025-09-01,12,NGBoost,1.0,0.45583961727578526,0.5441603827242147,0.5441603827242147,False
2025-09-01,12,CatBoost,1.0,0.5702148922806174,0.4297851077193826,0.4297851077193826,True
2025-09-01,12,Subcomp,1.0,,,,
2025-09-01,12,Subcomp_Multi,1.0,,,,
2025-09-01,12,Micro,1.0,,,,
2025-10-01,1,Ridge,0.5300000000000011,0.6108807010647865,-0.0808807010647854,0.0808807010647854,True
2025-10-01,1,Ridge_Ext,0.5300000000000011,,,,
2025-10-01,1,Bayes_Ridge,0.5300000000000011,,,,
2025-10-01,1,ElasticNet,0.5300000000000011,,,,
2025-10-01,1,Huber,0.5300000000000011,,,,
2025-10-01,1,Ridge_Shock,0.5300000000000011,,,,
2025-10-01,1,EBM,0.5300000000000011,0.5984615384615353,-0.06846153846153413,0.06846153846153413,True
2025-10-01,1,LightGBM,0.5300000000000011,0.656415793275329,-0.12641579327532781,0.12641579327532781,True
2025-10-01,1,Prophet,0.5300000000000011,0.40028855051926715,0.129711449480734,0.129711449480734,True
2025-10-01,1,ETS,0.5300000000000011,0.5504015193775715,-0.0204015193775704,0.0204015193775704,True
2025-10-01,1,SARIMA,0.5300000000000011,0.7106354670049216,-0.1806354670049205,0.1806354670049205,True
2025-10-01,1,NGBoost,0.5300000000000011,0.5721910220351987,-0.042191022035197534,0.042191022035197534,True
2025-10-01,1,CatBoost,0.5300000000000011,0.5764851908971025,-0.04648519089710135,0.04648519089710135,True
2025-10-01,1,Subcomp,0.5300000000000011,,,,
2025-10-01,1,Subcomp_Multi,0.5300000000000011,,,,
2025-10-01,1,Micro,0.5300000000000011,0.7800000000000011,-0.25,0.25,True
2025-10-01,2,Ridge,0.5300000000000011,0.5889891300315071,-0.058989130031505965,0.058989130031505965,True
2025-10-01,2,Ridge_Ext,0.5300000000000011,,,,
2025-10-01,2,Bayes_Ridge,0.5300000000000011,,,,
2025-10-01,2,ElasticNet,0.5300000000000011,,,,
2025-10-01,2,Huber,0.5300000000000011,,,,
2025-10-01,2,Ridge_Shock,0.5300000000000011,,,,
2025-10-01,2,EBM,0.5300000000000011,0.5984615384615353,-0.06846153846153413,0.06846153846153413,True
2025-10-01,2,LightGBM,0.5300000000000011,0.3289192013149318,0.20108079868506934,0.20108079868506934,True
2025-10-01,2,Prophet,0.5300000000000011,0.3746080761695456,0.15539192383045553,0.15539192383045553,True
2025-10-01,2,ETS,0.5300000000000011,0.3872142584405924,0.14278574155940876,0.14278574155940876,True
2025-10-01,2,SARIMA,0.5300000000000011,-0.01729635809712992,0.5472963580971311,0.5472963580971311,False
2025-10-01,2,NGBoost,0.5300000000000011,0.5743235645176981,-0.04432356451769692,0.04432356451769692,True
2025-10-01,2,CatBoost,0.5300000000000011,0.4333133711315895,0.09668662886841162,0.09668662886841162,True
2025-10-01,2,Subcomp,0.5300000000000011,,,,
2025-10-01,2,Subcomp_Multi,0.5300000000000011,,,,
2025-10-01,2,Micro,0.5300000000000011,0.7800000000000011,-0.25,0.25,True
2025-10-01,12,Ridge,0.5300000000000011,0.6115122684461909,-0.08151226844618975,0.08151226844618975,True
2025-10-01,12,Ridge_Ext,0.5300000000000011,,,,
2025-10-01,12,Bayes_Ridge,0.5300000000000011,,,,
2025-10-01,12,ElasticNet,0.5300000000000011,,,,
2025-10-01,12,Huber,0.5300000000000011,,,,
2025-10-01,12,Ridge_Shock,0.5300000000000011,,,,
2025-10-01,12,EBM,0.5300000000000011,0.5984615384615353,-0.06846153846153413,0.06846153846153413,True
2025-10-01,12,LightGBM,0.5300000000000011,0.5087925955749029,0.021207404425098275,0.021207404425098275,True
2025-10-01,12,Prophet,0.5300000000000011,0.4364102335882888,0.09358976641171235,0.09358976641171235,True
2025-10-01,12,ETS,0.5300000000000011,0.7883720974917156,-0.2583720974917144,0.2583720974917144,True
2025-10-01,12,SARIMA,0.5300000000000011,0.22150320741017815,0.308496792589823,0.308496792589823,True
2025-10-01,12,NGBoost,0.5300000000000011,0.6249094270410751,-0.09490942704107397,0.09490942704107397,True
2025-10-01,12,CatBoost,0.5300000000000011,0.7137771195057354,-0.18377711950573428,0.18377711950573428,True
2025-10-01,12,Subcomp,0.5300000000000011,,,,
2025-10-01,12,Subcomp_Multi,0.5300000000000011,,,,
2025-10-01,12,Micro,0.5300000000000011,,,,
2025-11-01,1,Ridge,0.15000000000000568,0.7560164504064346,-0.6060164504064289,0.6060164504064289,False
2025-11-01,1,Ridge_Ext,0.15000000000000568,,,,
2025-11-01,1,Bayes_Ridge,0.15000000000000568,,,,
2025-11-01,1,ElasticNet,0.15000000000000568,,,,
2025-11-01,1,Huber,0.15000000000000568,,,,
2025-11-01,1,Ridge_Shock,0.15000000000000568,,,,
2025-11-01,1,EBM,0.15000000000000568,0.6692307692307793,-0.5192307692307736,0.5192307692307736,False
2025-11-01,1,LightGBM,0.15000000000000568,0.6663187310722378,-0.5163187310722321,0.5163187310722321,False
2025-11-01,1,Prophet,0.15000000000000568,0.6214211178594582,-0.4714211178594525,0.4714211178594525,True
2025-11-01,1,ETS,0.15000000000000568,0.608177677436045,-0.4581776774360393,0.4581776774360393,True
2025-11-01,1,SARIMA,0.15000000000000568,0.5507296327221554,-0.4007296327221497,0.4007296327221497,True
2025-11-01,1,NGBoost,0.15000000000000568,0.683449215143952,-0.5334492151439463,0.5334492151439463,False
2025-11-01,1,CatBoost,0.15000000000000568,0.6722132037095605,-0.5222132037095548,0.5222132037095548,False
2025-11-01,1,Subcomp,0.15000000000000568,,,,
2025-11-01,1,Subcomp_Multi,0.15000000000000568,,,,
2025-11-01,1,Micro,0.15000000000000568,0.9500000000000028,-0.7999999999999972,0.7999999999999972,False
2025-11-01,2,Ridge,0.15000000000000568,0.8257015737104041,-0.6757015737103984,0.6757015737103984,False
2025-11-01,2,Ridge_Ext,0.15000000000000568,,,,
2025-11-01,2,Bayes_Ridge,0.15000000000000568,,,,
2025-11-01,2,ElasticNet,0.15000000000000568,,,,
2025-11-01,2,Huber,0.15000000000000568,,,,
2025-11-01,2,Ridge_Shock,0.15000000000000568,,,,
2025-11-01,2,EBM,0.15000000000000568,0.6692307692307793,-0.5192307692307736,0.5192307692307736,False
2025-11-01,2,LightGBM,0.15000000000000568,0.6948515741186867,-0.544851574118681,0.544851574118681,False
2025-11-01,2,Prophet,0.15000000000000568,0.6094230118183128,-0.45942301181830714,0.45942301181830714,True
2025-11-01,2,ETS,0.15000000000000568,0.6130677778026762,-0.4630677778026705,0.4630677778026705,True
2025-11-01,2,SARIMA,0.15000000000000568,0.6592115591163384,-0.5092115591163328,0.5092115591163328,False
2025-11-01,2,NGBoost,0.15000000000000568,0.3520167689135718,-0.20201676891356612,0.20201676891356612,True
2025-11-01,2,CatBoost,0.15000000000000568,0.5160847397920492,-0.3660847397920435,0.3660847397920435,True
2025-11-01,2,Subcomp,0.15000000000000568,,,,
2025-11-01,2,Subcomp_Multi,0.15000000000000568,,,,
2025-11-01,2,Micro,0.15000000000000568,1.0100000000000051,-0.8599999999999994,0.8599999999999994,False
2025-11-01,12,Ridge,0.15000000000000568,0.8456054882674522,-0.6956054882674465,0.6956054882674465,False
2025-11-01,12,Ridge_Ext,0.15000000000000568,,,,
2025-11-01,12,Bayes_Ridge,0.15000000000000568,,,,
2025-11-01,12,ElasticNet,0.15000000000000568,,,,
2025-11-01,12,Huber,0.15000000000000568,,,,
2025-11-01,12,Ridge_Shock,0.15000000000000568,,,,
2025-11-01,12,EBM,0.15000000000000568,0.6692307692307793,-0.5192307692307736,0.5192307692307736,False
2025-11-01,12,LightGBM,0.15000000000000568,0.9103793332050429,-0.7603793332050373,0.7603793332050373,False
2025-11-01,12,Prophet,0.15000000000000568,0.6237345405304553,-0.4737345405304496,0.4737345405304496,True
2025-11-01,12,ETS,0.15000000000000568,1.049124622320385,-0.8991246223203793,0.8991246223203793,False
2025-11-01,12,SARIMA,0.15000000000000568,0.32886313751738205,-0.17886313751737637,0.17886313751737637,True
2025-11-01,12,NGBoost,0.15000000000000568,0.8876799047351369,-0.7376799047351312,0.7376799047351312,False
2025-11-01,12,CatBoost,0.15000000000000568,0.6488758987162981,-0.49887589871629245,0.49887589871629245,True
2025-11-01,12,Subcomp,0.15000000000000568,,,,
2025-11-01,12,Subcomp_Multi,0.15000000000000568,,,,
2025-11-01,12,Micro,0.15000000000000568,,,,
2025-12-01,1,Ridge,0.29000000000000625,0.4323641775081626,-0.14236417750815633,0.14236417750815633,True
2025-12-01,1,Ridge_Ext,0.29000000000000625,,,,
2025-12-01,1,Bayes_Ridge,0.29000000000000625,,,,
2025-12-01,1,ElasticNet,0.29000000000000625,,,,
2025-12-01,1,Huber,0.29000000000000625,,,,
2025-12-01,1,Ridge_Shock,0.29000000000000625,,,,
2025-12-01,1,EBM,0.29000000000000625,0.768461538461537,-0.4784615384615307,0.4784615384615307,True
2025-12-01,1,LightGBM,0.29000000000000625,0.7896459080471914,-0.4996459080471851,0.4996459080471851,True
2025-12-01,1,Prophet,0.29000000000000625,0.7399766442459312,-0.449976644245925,0.449976644245925,True
2025-12-01,1,ETS,0.29000000000000625,0.6486899732471957,-0.35868997324718943,0.35868997324718943,True
2025-12-01,1,SARIMA,0.29000000000000625,0.10166492354177378,0.18833507645823247,0.18833507645823247,True
2025-12-01,1,NGBoost,0.29000000000000625,0.6763750140206923,-0.3863750140206861,0.3863750140206861,True
2025-12-01,1,CatBoost,0.29000000000000625,0.6426399977887911,-0.35263999778878485,0.35263999778878485,True
2025-12-01,1,Subcomp,0.29000000000000625,,,,
2025-12-01,1,Subcomp_Multi,0.29000000000000625,,,,
2025-12-01,1,Micro,0.29000000000000625,,,,
2025-12-01,2,Ridge,0.29000000000000625,0.8865396168887543,-0.596539616888748,0.596539616888748,False
2025-12-01,2,Ridge_Ext,0.29000000000000625,,,,
2025-12-01,2,Bayes_Ridge,0.29000000000000625,,,,
2025-12-01,2,ElasticNet,0.29000000000000625,,,,
2025-12-01,2,Huber,0.29000000000000625,,,,
2025-12-01,2,Ridge_Shock,0.29000000000000625,,,,
2025-12-01,2,EBM,0.29000000000000625,0.768461538461537,-0.4784615384615307,0.4784615384615307,True
2025-12-01,2,LightGBM,0.29000000000000625,0.5838442295871715,-0.2938442295871653,0.2938442295871653,True
2025-12-01,2,Prophet,0.29000000000000625,0.7292571737629461,-0.4392571737629398,0.4392571737629398,True
2025-12-01,2,ETS,0.29000000000000625,0.7582212739824434,-0.4682212739824372,0.4682212739824372,True
2025-12-01,2,SARIMA,0.29000000000000625,0.3415739053863617,-0.05157390538635542,0.05157390538635542,True
2025-12-01,2,NGBoost,0.29000000000000625,0.6980434759276477,-0.40804347592764145,0.40804347592764145,True
2025-12-01,2,CatBoost,0.29000000000000625,0.48932690763656694,-0.1993269076365607,0.1993269076365607,True
2025-12-01,2,Subcomp,0.29000000000000625,,,,
2025-12-01,2,Subcomp_Multi,0.29000000000000625,,,,
2025-12-01,2,Micro,0.29000000000000625,0.8799999999999955,-0.5899999999999892,0.5899999999999892,False
2025-12-01,12,Ridge,0.29000000000000625,0.8231764749910013,-0.5331764749909951,0.5331764749909951,False
2025-12-01,12,Ridge_Ext,0.29000000000000625,,,,
2025-12-01,12,Bayes_Ridge,0.29000000000000625,,,,
2025-12-01,12,ElasticNet,0.29000000000000625,,,,
2025-12-01,12,Huber,0.29000000000000625,,,,
2025-12-01,12,Ridge_Shock,0.29000000000000625,,,,
2025-12-01,12,EBM,0.29000000000000625,0.768461538461537,-0.4784615384615307,0.4784615384615307,True
2025-12-01,12,LightGBM,0.29000000000000625,0.9851816439664987,-0.6951816439664924,0.6951816439664924,False
2025-12-01,12,Prophet,0.29000000000000625,0.6694409194775934,-0.3794409194775872,0.3794409194775872,True
2025-12-01,12,ETS,0.29000000000000625,1.1108792582413032,-0.8208792582412969,0.8208792582412969,False
2025-12-01,12,SARIMA,0.29000000000000625,0.1985098356427243,0.09149016435728194,0.09149016435728194,True
2025-12-01,12,NGBoost,0.29000000000000625,1.149223216963719,-0.8592232169637128,0.8592232169637128,False
2025-12-01,12,CatBoost,0.29000000000000625,0.7760271307170257,-0.4860271307170194,0.4860271307170194,True
2025-12-01,12,Subcomp,0.29000000000000625,,,,
2025-12-01,12,Subcomp_Multi,0.29000000000000625,,,,
2025-12-01,12,Micro,0.29000000000000625,0.6299999999999955,-0.3399999999999892,0.3399999999999892,True
2026-01-01,1,Ridge,1.5699999999999932,0.9623012268982905,0.6076987731017027,0.6076987731017027,False
2026-01-01,1,Ridge_Ext,1.5699999999999932,,,,
2026-01-01,1,Bayes_Ridge,1.5699999999999932,,,,
2026-01-01,1,ElasticNet,1.5699999999999932,,,,
2026-01-01,1,Huber,1.5699999999999932,,,,
2026-01-01,1,Ridge_Shock,1.5699999999999932,,,,
2026-01-01,1,EBM,1.5699999999999932,1.0035715000000067,0.5664284999999865,0.5664284999999865,False
2026-01-01,1,LightGBM,1.5699999999999932,0.3723157789968923,1.197684221003101,1.197684221003101,False
2026-01-01,1,Prophet,1.5699999999999932,0.7676406250018326,0.8023593749981606,0.8023593749981606,False
2026-01-01,1,ETS,1.5699999999999932,0.7835704926201805,0.7864295073798127,0.7864295073798127,False
2026-01-01,1,SARIMA,1.5699999999999932,0.24938177995408234,1.320618220045911,1.320618220045911,False
2026-01-01,1,NGBoost,1.5699999999999932,0.9271252183367551,0.6428747816632381,0.6428747816632381,False
2026-01-01,1,CatBoost,1.5699999999999932,0.3580704127016219,1.2119295872983713,1.2119295872983713,False
2026-01-01,1,Subcomp,1.5699999999999932,,,,
2026-01-01,1,Subcomp_Multi,1.5699999999999932,,,,
2026-01-01,1,Micro,1.5699999999999932,,,,
2026-01-01,2,Ridge,1.5699999999999932,0.9692615761443051,0.6007384238556881,0.6007384238556881,False
2026-01-01,2,Ridge_Ext,1.5699999999999932,,,,
2026-01-01,2,Bayes_Ridge,1.5699999999999932,,,,
2026-01-01,2,ElasticNet,1.5699999999999932,,,,
2026-01-01,2,Huber,1.5699999999999932,,,,
2026-01-01,2,Ridge_Shock,1.5699999999999932,,,,
2026-01-01,2,EBM,1.5699999999999932,1.0035715000000067,0.5664284999999865,0.5664284999999865,False
2026-01-01,2,LightGBM,1.5699999999999932,0.7537664457980782,0.816233554201915,0.816233554201915,False
2026-01-01,2,Prophet,1.5699999999999932,0.7751853582892222,0.794814641710771,0.794814641710771,False
2026-01-01,2,ETS,1.5699999999999932,0.8733998017469253,0.6966001982530678,0.6966001982530678,False
2026-01-01,2,SARIMA,1.5699999999999932,0.1369534756623812,1.433046524337612,1.433046524337612,False
2026-01-01,2,NGBoost,1.5699999999999932,0.9699683068843825,0.6000316931156107,0.6000316931156107,False
2026-01-01,2,CatBoost,1.5699999999999932,0.5148296623515733,1.0551703376484198,1.0551703376484198,False
2026-01-01,2,Subcomp,1.5699999999999932,,,,
2026-01-01,2,Subcomp_Multi,1.5699999999999932,,,,
2026-01-01,2,Micro,1.5699999999999932,,,,
2026-01-01,12,Ridge,1.5699999999999932,0.9735516932069004,0.5964483067930928,0.5964483067930928,False
2026-01-01,12,Ridge_Ext,1.5699999999999932,,,,
2026-01-01,12,Bayes_Ridge,1.5699999999999932,,,,
2026-01-01,12,ElasticNet,1.5699999999999932,,,,
2026-01-01,12,Huber,1.5699999999999932,,,,
2026-01-01,12,Ridge_Shock,1.5699999999999932,,,,
2026-01-01,12,EBM,1.5699999999999932,1.0035715000000067,0.5664284999999865,0.5664284999999865,False
2026-01-01,12,LightGBM,1.5699999999999932,0.23504392950843567,1.3349560704915575,1.3349560704915575,False
2026-01-01,12,Prophet,1.5699999999999932,0.9121767327297315,0.6578232672702616,0.6578232672702616,False
2026-01-01,12,ETS,1.5699999999999932,1.2011402470256674,0.3688597529743258,0.3688597529743258,True
2026-01-01,12,SARIMA,1.5699999999999932,0.1898218627601767,1.3801781372398165,1.3801781372398165,False
2026-01-01,12,NGBoost,1.5699999999999932,0.9554036300825999,0.6145963699173933,0.6145963699173933,False
2026-01-01,12,CatBoost,1.5699999999999932,0.5949014062512532,0.97509859374874,0.97509859374874,False
2026-01-01,12,Subcomp,1.5699999999999932,,,,
2026-01-01,12,Subcomp_Multi,1.5699999999999932,,,,
2026-01-01,12,Micro,1.5699999999999932,0.6500000000000057,0.9199999999999875,0.9199999999999875,False
2026-02-01,1,Ridge,1.0999999999999943,0.530547067960498,0.5694529320394963,0.5694529320394963,False
2026-02-01,1,Ridge_Ext,1.0999999999999943,,,,
2026-02-01,1,Bayes_Ridge,1.0999999999999943,,,,
2026-02-01,1,ElasticNet,1.0999999999999943,,,,
2026-02-01,1,Huber,1.0999999999999943,,,,
2026-02-01,1,Ridge_Shock,1.0999999999999943,,,,
2026-02-01,1,EBM,1.0999999999999943,1.0035715000000067,0.0964284999999876,0.0964284999999876,True
2026-02-01,1,LightGBM,1.0999999999999943,0.3723157789968923,0.727684221003102,0.727684221003102,False
2026-02-01,1,Prophet,1.0999999999999943,0.7676406250018326,0.3323593749981617,0.3323593749981617,True
2026-02-01,1,ETS,1.0999999999999943,0.7835704926201805,0.3164295073798138,0.3164295073798138,True
2026-02-01,1,SARIMA,1.0999999999999943,0.24938177995408234,0.850618220045912,0.850618220045912,False
2026-02-01,1,NGBoost,1.0999999999999943,0.39962552115211736,0.700374478847877,0.700374478847877,False
2026-02-01,1,CatBoost,1.0999999999999943,0.3580704127016219,0.7419295872983724,0.7419295872983724,False
2026-02-01,1,Subcomp,1.0999999999999943,,,,
2026-02-01,1,Subcomp_Multi,1.0999999999999943,,,,
2026-02-01,1,Micro,1.0999999999999943,,,,
2026-02-01,2,Ridge,1.0999999999999943,0.530547067960498,0.5694529320394963,0.5694529320394963,False
2026-02-01,2,Ridge_Ext,1.0999999999999943,,,,
2026-02-01,2,Bayes_Ridge,1.0999999999999943,,,,
2026-02-01,2,ElasticNet,1.0999999999999943,,,,
2026-02-01,2,Huber,1.0999999999999943,,,,
2026-02-01,2,Ridge_Shock,1.0999999999999943,,,,
2026-02-01,2,EBM,1.0999999999999943,0.8764285714285762,0.2235714285714181,0.2235714285714181,True
2026-02-01,2,LightGBM,1.0999999999999943,0.5380391795252564,0.5619608204747379,0.5619608204747379,False
2026-02-01,2,Prophet,1.0999999999999943,0.7850926418843915,0.3149073581156028,0.3149073581156028,True
2026-02-01,2,ETS,1.0999999999999943,0.6367209988939944,0.46327900110599995,0.46327900110599995,True
2026-02-01,2,SARIMA,1.0999999999999943,0.3326455193329018,0.7673544806670924,0.7673544806670924,False
2026-02-01,2,NGBoost,1.0999999999999943,0.3546388871188384,0.7453611128811559,0.7453611128811559,False
2026-02-01,2,CatBoost,1.0999999999999943,0.4763327049285948,0.6236672950713995,0.6236672950713995,False
2026-02-01,2,Subcomp,1.0999999999999943,,,,
2026-02-01,2,Subcomp_Multi,1.0999999999999943,,,,
2026-02-01,2,Micro,1.0999999999999943,,,,
2026-02-01,12,Ridge,1.0999999999999943,0.9403605034594733,0.159639496540521,0.159639496540521,True
2026-02-01,12,Ridge_Ext,1.0999999999999943,,,,
2026-02-01,12,Bayes_Ridge,1.0999999999999943,,,,
2026-02-01,12,ElasticNet,1.0999999999999943,,,,
2026-02-01,12,Huber,1.0999999999999943,,,,
2026-02-01,12,Ridge_Shock,1.0999999999999943,,,,
2026-02-01,12,EBM,1.0999999999999943,0.8764285714285762,0.2235714285714181,0.2235714285714181,True
2026-02-01,12,LightGBM,1.0999999999999943,0.8522271107558765,0.24777288924411778,0.24777288924411778,True
2026-02-01,12,Prophet,1.0999999999999943,0.8449645718859355,0.25503542811405877,0.25503542811405877,True
2026-02-01,12,ETS,1.0999999999999943,1.1288058527663538,-0.028805852766359497,0.028805852766359497,True
2026-02-01,12,SARIMA,1.0999999999999943,0.29043118882673113,0.8095688111732632,0.8095688111732632,False
2026-02-01,12,NGBoost,1.0999999999999943,1.0326982762990156,0.06730172370097876,0.06730172370097876,True
2026-02-01,12,CatBoost,1.0999999999999943,0.6532502917782352,0.4467497082217591,0.4467497082217591,True
2026-02-01,12,Subcomp,1.0999999999999943,,,,
2026-02-01,12,Subcomp_Multi,1.0999999999999943,,,,
2026-02-01,12,Micro,1.0999999999999943,0.5499999999999972,0.5499999999999972,0.5499999999999972,False
