model,observation_cutoff,status,reason,cutoff,weight_vintage,weight_policy,representation,parent_method,basket_items,observed_weight,native_model_weight,fallback_item_weight,residual_parent_weight,forecast_weight,fallback_items,residual_buckets,historical_classification,group_fallbacks,aggregation,cross_year_policy
Ridge,2023-08-01,available,,,,,,,,,,,,,,,,,,
Huber,2023-08-01,available,,,,,,,,,,,,,,,,,,
SeasonalNaive,2023-08-01,available,,,,,,,,,,,,,,,,,,
Micro,2023-08-01,available,,2023-08-01,2023-01-01,"latest vintage at cutoff, frozen through forecast horizon",raw,parent_seasonal,540.0,0.9927199999999986,0.8934299999999991,0.1044099999999995,0.002160000000001393,1.0,"[{'item_code': 786, 'name': 'Поездка на отдых в Турцию, поездка', 'weight': 0.00112, 'parent': 67, 'reason': 'insufficient_training_rows', 'offset': 1.1166668333333343, 'last_observation': '2023-08-01'}, {'item_code': 851, 'name': 'Активированный уголь, 250 мг, 10 таблеток', 'weight': 0.00048, 'parent': 21, 'reason': 'insufficient_training_rows', 'offset': 0.37777744444444433, 'last_observation': '2023-08-01'}, {'item_code': 852, 'name': 'Бисакодил, 5 мг, 10 таблеток', 'weight': 0.00044, 'parent': 21, 'reason': 'insufficient_training_rows', 'offset': 0.3261111111111106, 'last_observation': '2023-08-01'}, {'item_code': 970, 'name': 'Сливки питьевые, л', 'weight': 0.00127, 'parent': 24, 'reason': 'short_history', 'offset': 0.03777766666666496, 'last_observation': '2023-08-01'}, {'item_code': 971, 'name': 'Зелень свежая, кг', 'weight': 0.0009, 'parent': 33, 'reason': 'short_history', 'offset': 0.6666671111111123, 'last_observation': '2023-08-01'}, {'item_code': 972, 'name': 'Грибы свежие, кг', 'weight': 0.00196, 'parent': 33, 'reason': 'short_history', 'offset': 0.4033333333333352, 'last_observation': '2023-08-01'}, {'item_code': 973, 'name': 'Ягоды замороженные, кг', 'weight': 0.00034, 'parent': 33, 'reason': 'short_history', 'offset': 0.5683337222222238, 'last_observation': '2023-08-01'}, {'item_code': 975, 'name': 'Дезинфицирующее средство для поверхностей, л', 'weight': 0.00279, 'parent': 25, 'reason': 'short_history', 'offset': -0.46222244444444427, 'last_observation': '2023-08-01'}, {'item_code': 976, 'name': 'Гель для душа, 250 мл', 'weight': 0.00162, 'parent': 30, 'reason': 'short_history', 'offset': -0.2805554444444438, 'last_observation': '2023-08-01'}, {'item_code': 977, 'name': 'Мыло туалетное жидкое, 250 мл', 'weight': 0.00116, 'parent': 30, 'reason': 'short_history', 'offset': -0.11444394444444504, 'last_observation': '2023-08-01'}, {'item_code': 978, 'name': 'Дезодорант, 50 мл', 'weight': 0.00127, 'parent': 30, 'reason': 'short_history', 'offset': -0.5594441111111108, 'last_observation': '2023-08-01'}, {'item_code': 979, 'name': 'Кресло мягкое, шт.', 'weight': 0.00162, 'parent': 20, 'reason': 'short_history', 'offset': 0.006666277777777434, 'last_observation': '2023-08-01'}, {'item_code': 980, 'name': 'Матрас для взрослых, шт.', 'weight': 0.00095, 'parent': 20, 'reason': 'short_history', 'offset': -0.03500050000000085, 'last_observation': '2023-08-01'}, {'item_code': 981, 'name': 'Салфетки влажные, упаковка 20 шт.', 'weight': 0.00064, 'parent': 54, 'reason': 'short_history', 'offset': -0.47079627777777705, 'last_observation': '2023-08-01'}, {'item_code': 982, 'name': 'Бумажные столовые салфетки, упаковка 10 шт.', 'weight': 0.0018, 'parent': 54, 'reason': 'short_history', 'offset': 0.034203555555556084, 'last_observation': '2023-08-01'}, {'item_code': 983, 'name': 'Бумажные носовые платки, упаковка 10 шт.', 'weight': 0.0005999999999999, 'parent': 54, 'reason': 'short_history', 'offset': 0.1869815000000009, 'last_observation': '2023-08-01'}, {'item_code': 984, 'name': 'Прокладки женские гигиенические, 10 шт.', 'weight': 0.00124, 'parent': 54, 'reason': 'short_history', 'offset': -0.13246355555555547, 'last_observation': '2023-08-01'}, {'item_code': 985, 'name': 'Наушники беспроводные, шт.', 'weight': 0.00199, 'parent': 37, 'reason': 'short_history', 'offset': -0.5977777777777781, 'last_observation': '2023-08-01'}, {'item_code': 986, 'name': 'Азитромицин, 500 мг, 10 капсул (таблеток)', 'weight': 0.00036, 'parent': 21, 'reason': 'short_history', 'offset': -0.33222200000000157, 'last_observation': '2023-08-01'}, {'item_code': 987, 'name': 'Цефтриаксон, 1 г', 'weight': 0.00032, 'parent': 21, 'reason': 'short_history', 'offset': 0.34500022222222054, 'last_observation': '2023-08-01'}, {'item_code': 988, 'name': 'Осельтамивир (Номидес), 75 мг, 10 капсул', 'weight': 0.00047, 'parent': 21, 'reason': 'short_history', 'offset': -0.23388900000000096, 'last_observation': '2023-08-01'}, {'item_code': 990, 'name': 'Колекальциферол (Витамин Д3), 10 мл', 'weight': 0.00041, 'parent': 21, 'reason': 'short_history', 'offset': -0.04777811111111103, 'last_observation': '2023-08-01'}, {'item_code': 991, 'name': 'Умифеновир (Арбидол), 100 мг, 10 капсул (таблеток)', 'weight': 0.00045, 'parent': 21, 'reason': 'short_history', 'offset': -0.2822221111111113, 'last_observation': '2023-08-01'}, {'item_code': 992, 'name': 'Амлодипин, 10 мг, 10 таблеток', 'weight': 0.00042, 'parent': 21, 'reason': 'short_history', 'offset': -0.023333166666667973, 'last_observation': '2023-08-01'}, {'item_code': 993, 'name': 'Омепразол, 20 мг, 10 таблеток', 'weight': 0.00054, 'parent': 21, 'reason': 'short_history', 'offset': -0.019444611111111954, 'last_observation': '2023-08-01'}, {'item_code': 995, 'name': 'Амоксициллин с клавулановой кислотой, 500 мг+125мг, 10 таблеток', 'weight': 0.00046, 'parent': 21, 'reason': 'short_history', 'offset': -0.1955553888888891, 'last_observation': '2023-08-01'}, {'item_code': 996, 'name': 'Ибупрофен, 200 мг, 10 таблеток', 'weight': 0.00049, 'parent': 21, 'reason': 'short_history', 'offset': 0.18500005555555532, 'last_observation': '2023-08-01'}, {'item_code': 997, 'name': 'Шприцы одноразовые, шт.', 'weight': 0.00022, 'parent': 21, 'reason': 'short_history', 'offset': -0.2900003888888894, 'last_observation': '2023-08-01'}, {'item_code': 998, 'name': 'Санитарно-гигиеническая маска (медицинская), шт.', 'weight': 0.00037, 'parent': 21, 'reason': 'short_history', 'offset': -0.6972225000000015, 'last_observation': '2023-08-01'}, {'item_code': 999, 'name': 'Антисептик для рук, 100 мл', 'weight': 0.00036, 'parent': 21, 'reason': 'short_history', 'offset': -0.009444500000001533, 'last_observation': '2023-08-01'}, {'item_code': 1000, 'name': 'Термометр медицинский безртутный (галинстановый), шт.', 'weight': 0.0001, 'parent': 21, 'reason': 'short_history', 'offset': -0.31611094444444476, 'last_observation': '2023-08-01'}, {'item_code': 1001, 'name': 'Установка натяжного потолка, м2', 'weight': 0.00068, 'parent': 12, 'reason': 'short_history', 'offset': -0.15111111111111106, 'last_observation': '2023-08-01'}, {'item_code': 1002, 'name': 'Услуги аренды автомобилей, час', 'weight': 0.00022, 'parent': 47, 'reason': 'short_history', 'offset': -0.2155556111111107, 'last_observation': '2023-08-01'}, {'item_code': 1003, 'name': 'Подписка на онлайн-видеосервисы, месяц', 'weight': 0.00629, 'parent': 48, 'reason': 'short_history', 'offset': 0.38999983333333355, 'last_observation': '2023-08-01'}, {'item_code': 1004, 'name': 'Проживание в гостинице 1* или в мотеле, сутки с человека', 'weight': 0.0002, 'parent': 55, 'reason': 'short_history', 'offset': -0.30669827777777825, 'last_observation': '2023-08-01'}, {'item_code': 1005, 'name': 'Проживание в гостинице 2*, сутки с человека', 'weight': 0.00036, 'parent': 55, 'reason': 'short_history', 'offset': -0.30669827777777825, 'last_observation': '2023-08-01'}, {'item_code': 1006, 'name': 'Проживание в гостинице 3*, сутки с человека', 'weight': 0.0005999999999999, 'parent': 55, 'reason': 'short_history', 'offset': 0.6833017222222222, 'last_observation': '2023-08-01'}, {'item_code': 1007, 'name': 'Проживание в гостинице 4*-5*, сутки с человека', 'weight': 0.0005999999999999, 'parent': 55, 'reason': 'short_history', 'offset': -0.15225383333333375, 'last_observation': '2023-08-01'}, {'item_code': 1008, 'name': 'Проживание в хостеле, сутки с человека', 'weight': 9e-05, 'parent': 55, 'reason': 'short_history', 'offset': 0.40441283333333344, 'last_observation': '2023-08-01'}, {'item_code': 1009, 'name': 'Экскурсионные туры по России, поездка', 'weight': 0.00041, 'parent': 55, 'reason': 'short_history', 'offset': 0.23941283333333274, 'last_observation': '2023-08-01'}, {'item_code': 1011, 'name': 'Поездка на отдых в ОАЭ, поездка', 'weight': 0.00027, 'parent': 67, 'reason': 'short_history', 'offset': -2.0905559444444446, 'last_observation': '2023-08-01'}, {'item_code': 1012, 'name': 'Услуги сиделок, час', 'weight': 0.00094, 'parent': 22, 'reason': 'short_history', 'offset': -0.13166666666666613, 'last_observation': '2023-08-01'}, {'item_code': 1013, 'name': 'Диагностика на магнитно-резонансном или компьютерном томографе, услуга', 'weight': 0.0004, 'parent': 22, 'reason': 'short_history', 'offset': 0.10166666666666736, 'last_observation': '2023-08-01'}, {'item_code': 1014, 'name': 'Гастроскопия (ФГДС, ЭГДС), услуга', 'weight': 0.0005, 'parent': 22, 'reason': 'short_history', 'offset': -0.021666666666665908, 'last_observation': '2023-08-01'}, {'item_code': 1015, 'name': 'Комиссия банка за перевод средств с карты на карту клиенту другого банка на территории России, услуга', 'weight': 0.00032, 'parent': 55, 'reason': 'short_history', 'offset': -0.11225383333333383, 'last_observation': '2023-08-01'}, {'item_code': 1020, 'name': 'Аскорбиновая кислота, 50 мг, 100 драже', 'weight': 0.00049, 'parent': 21, 'reason': 'short_history', 'offset': 0.1883333888888888, 'last_observation': '2023-08-01'}, {'item_code': 1021, 'name': 'Афобазол, 10 мг, 30 таблеток', 'weight': 0.00042, 'parent': 21, 'reason': 'short_history', 'offset': 0.31111127777777625, 'last_observation': '2023-08-01'}, {'item_code': 1022, 'name': 'Ацетилцистеин (АЦЦ), 600 мг, 10 таблеток', 'weight': 0.00042, 'parent': 21, 'reason': 'short_history', 'offset': 0.4072223888888884, 'last_observation': '2023-08-01'}, {'item_code': 1023, 'name': 'Аципол, 30 капсул', 'weight': 0.00049, 'parent': 21, 'reason': 'short_history', 'offset': -0.052777666666668686, 'last_observation': '2023-08-01'}, {'item_code': 1024, 'name': 'Валерианы экстракт, 20 мг, 10 таблеток', 'weight': 0.00023, 'parent': 21, 'reason': 'short_history', 'offset': -0.565555722222223, 'last_observation': '2023-08-01'}, {'item_code': 1025, 'name': 'Газета в розницу, шт.', 'weight': 0.00055, 'parent': 32, 'reason': 'short_history', 'offset': -0.0433333333333334, 'last_observation': '2023-08-01'}, {'item_code': 1026, 'name': 'Гриппферон, 10000 МЕ/мл, 10 мл', 'weight': 0.00042, 'parent': 21, 'reason': 'short_history', 'offset': -0.19888861111111172, 'last_observation': '2023-08-01'}, {'item_code': 1027, 'name': 'Ингавирин, 90 мг, 10 капсул', 'weight': 0.00048, 'parent': 21, 'reason': 'short_history', 'offset': -0.15999977777777807, 'last_observation': '2023-08-01'}, {'item_code': 1028, 'name': 'Канефрон Н, 60 таблеток', 'weight': 0.00023, 'parent': 21, 'reason': 'short_history', 'offset': 0.3049997777777765, 'last_observation': '2023-08-01'}, {'item_code': 1029, 'name': 'Кеторол Экспресс, 10 мг, 10 таблеток', 'weight': 0.00047, 'parent': 21, 'reason': 'short_history', 'offset': 0.3449997777777764, 'last_observation': '2023-08-01'}, {'item_code': 1030, 'name': 'Клубная карта в фитнес-клуб, месяц', 'weight': 0.0008899999999999, 'parent': 55, 'reason': 'short_history', 'offset': -0.04114272222222266, 'last_observation': '2023-08-01'}, {'item_code': 1032, 'name': 'Кроссовые туфли для взрослых, пара', 'weight': 0.00332, 'parent': 27, 'reason': 'short_history', 'offset': 0.3205556666666662, 'last_observation': '2023-08-01'}, {'item_code': 1033, 'name': 'Ксарелто, 20 мг, 10 таблеток', 'weight': 0.00043, 'parent': 21, 'reason': 'short_history', 'offset': -0.10555555555555667, 'last_observation': '2023-08-01'}, {'item_code': 1034, 'name': 'Магне В6, 10 таблеток', 'weight': 0.00044, 'parent': 21, 'reason': 'short_history', 'offset': -0.2205556111111125, 'last_observation': '2023-08-01'}, {'item_code': 1035, 'name': 'Метилурацил, 10 % мазь, 25 г', 'weight': 0.00045, 'parent': 21, 'reason': 'short_history', 'offset': -0.2822227222222232, 'last_observation': '2023-08-01'}, {'item_code': 1036, 'name': 'Мидокалм, 150 мг, 30 таблеток', 'weight': 0.00047, 'parent': 21, 'reason': 'short_history', 'offset': 0.04166649999999884, 'last_observation': '2023-08-01'}, {'item_code': 1037, 'name': 'Мирамистин, 0,01%, 150 мл', 'weight': 0.00051, 'parent': 21, 'reason': 'short_history', 'offset': -0.07555594444444501, 'last_observation': '2023-08-01'}, {'item_code': 1038, 'name': 'Натрия хлорид, 0,9%, 100 мл', 'weight': 0.00045, 'parent': 21, 'reason': 'short_history', 'offset': 0.5894440555555549, 'last_observation': '2023-08-01'}, {'item_code': 1039, 'name': 'Нафазолин, 0,1%, 15 мл', 'weight': 0.00051, 'parent': 21, 'reason': 'short_history', 'offset': 0.6227777777777767, 'last_observation': '2023-08-01'}, {'item_code': 1040, 'name': 'Парацетамол, 500 мг, 10 таблеток', 'weight': 0.00049, 'parent': 21, 'reason': 'short_history', 'offset': -0.6738889444444456, 'last_observation': '2023-08-01'}, {'item_code': 1041, 'name': 'Перекись водорода, 3%, 100 мл', 'weight': 0.00052, 'parent': 21, 'reason': 'short_history', 'offset': -0.2955554444444459, 'last_observation': '2023-08-01'}, {'item_code': 1042, 'name': 'Пиво, л', 'weight': 0.00347, 'parent': 11, 'reason': 'short_history', 'offset': -0.18333305555555532, 'last_observation': '2023-08-01'}, {'item_code': 1043, 'name': 'Поездка на отдых в Египет, поездка', 'weight': 0.0002, 'parent': 67, 'reason': 'short_history', 'offset': -1.2199995555555547, 'last_observation': '2023-08-01'}, {'item_code': 1044, 'name': 'Поливитамины, 10 шт.', 'weight': 0.0005, 'parent': 21, 'reason': 'short_history', 'offset': 0.05222216666666589, 'last_observation': '2023-08-01'}, {'item_code': 1045, 'name': 'Ренгалин, 20 таблеток', 'weight': 0.00047, 'parent': 21, 'reason': 'short_history', 'offset': -0.15833316666666755, 'last_observation': '2023-08-01'}, {'item_code': 1046, 'name': 'Сигареты с фильтром, пачка', 'weight': 0.00743, 'parent': 40, 'reason': 'short_history', 'offset': 0.0, 'last_observation': '2023-08-01'}, {'item_code': 1047, 'name': 'Синупрет, 50 таблеток', 'weight': 0.00016, 'parent': 21, 'reason': 'short_history', 'offset': 0.3233332222222221, 'last_observation': '2023-08-01'}, {'item_code': 1048, 'name': 'Сумка женская, шт.', 'weight': 0.00159, 'parent': 13, 'reason': 'short_history', 'offset': 0.10777766666666604, 'last_observation': '2023-08-01'}, {'item_code': 1049, 'name': 'Творог, кг', 'weight': 0.00581, 'parent': 24, 'reason': 'short_history', 'offset': 0.09277761111111005, 'last_observation': '2023-08-01'}, {'item_code': 1050, 'name': 'Туфли женские закрытые, пара', 'weight': 0.00206, 'parent': 27, 'reason': 'short_history', 'offset': 0.18388894444444365, 'last_observation': '2023-08-01'}, {'item_code': 1051, 'name': 'Туфли женские летние, босоножки, пара', 'weight': 0.0019, 'parent': 27, 'reason': 'short_history', 'offset': 0.1677775555555559, 'last_observation': '2023-08-01'}, {'item_code': 1052, 'name': 'Фосфоглив, 10 капсул', 'weight': 0.0005, 'parent': 21, 'reason': 'short_history', 'offset': -0.30000011111111274, 'last_observation': '2023-08-01'}, {'item_code': 1053, 'name': 'Фуросемид, 40 мг, 10 таблеток', 'weight': 0.00044, 'parent': 21, 'reason': 'short_history', 'offset': 0.7211111111111106, 'last_observation': '2023-08-01'}, {'item_code': 1054, 'name': 'Хлеб и булочные изделия из пшеничной муки различных сортов, кг', 'weight': 0.00673, 'parent': 49, 'reason': 'short_history', 'offset': 0.07333372222222165, 'last_observation': '2023-08-01'}, {'item_code': 1055, 'name': 'Цитрамон, 10 таблеток', 'weight': 0.00047, 'parent': 21, 'reason': 'short_history', 'offset': -0.27111088888889, 'last_observation': '2023-08-01'}, {'item_code': 1056, 'name': 'Энтеросгель, 225 г', 'weight': 0.00044, 'parent': 21, 'reason': 'short_history', 'offset': 0.1905553888888889, 'last_observation': '2023-08-01'}, {'item_code': 1057, 'name': 'Эргоферон, 20 таблеток', 'weight': 0.00048, 'parent': 21, 'reason': 'short_history', 'offset': -0.14888877777777765, 'last_observation': '2023-08-01'}, {'item_code': 1058, 'name': 'Эуфиллин, 150 мг, 10 таблеток', 'weight': 0.00042, 'parent': 21, 'reason': 'short_history', 'offset': 0.6044442777777772, 'last_observation': '2023-08-01'}, {'item_code': 1060, 'name': 'Поездки в страны Закавказья, поездка', 'weight': 0.00088, 'parent': 67, 'reason': 'short_history', 'offset': -0.012778055555554287, 'last_observation': '2023-08-01'}, {'item_code': 1065, 'name': 'Поездки в отдельные страны Юго-Восточной Азии, поездка', 'weight': 0.00014, 'parent': 67, 'reason': 'short_history', 'offset': -0.8483333888888885, 'last_observation': '2023-08-01'}, {'item_code': 1066, 'name': 'Молоко питьевое цельное пастеризованное более 3,2% жирности, л', 'weight': 0.00234, 'parent': 24, 'reason': 'short_history', 'offset': -0.145555611111112, 'last_observation': '2023-08-01'}, {'item_code': 1067, 'name': 'Творожок детский, кг', 'weight': 9e-05, 'parent': 24, 'reason': 'short_history', 'offset': -0.11611105555555747, 'last_observation': '2023-08-01'}, {'item_code': 1068, 'name': 'Молоко для детей, л', 'weight': 5e-05, 'parent': 24, 'reason': 'short_history', 'offset': 0.06611138888888807, 'last_observation': '2023-08-01'}, {'item_code': 1069, 'name': 'Сухие приправы, специи, кг', 'weight': 0.00173, 'parent': 53, 'reason': 'short_history', 'offset': -0.35812344444444477, 'last_observation': '2023-08-01'}, {'item_code': 1070, 'name': 'Трикотажный головной убор для взрослых, шт.', 'weight': 0.0005999999999999, 'parent': 43, 'reason': 'short_history', 'offset': -0.1750003333333328, 'last_observation': '2023-08-01'}, {'item_code': 1071, 'name': 'Крем детский, 100 г (100 мл)', 'weight': 0.00227, 'parent': 30, 'reason': 'short_history', 'offset': 0.32999999999999907, 'last_observation': '2023-08-01'}, {'item_code': 1072, 'name': 'Чемодан, шт.', 'weight': 0.00123, 'parent': 13, 'reason': 'short_history', 'offset': -0.10111133333333476, 'last_observation': '2023-08-01'}, {'item_code': 1073, 'name': 'Бумага офисная, упаковка 500 листов', 'weight': 0.00042, 'parent': 54, 'reason': 'short_history', 'offset': 0.06753711111111234, 'last_observation': '2023-08-01'}, {'item_code': 1074, 'name': 'Смарт-часы, шт.', 'weight': 0.0002, 'parent': 37, 'reason': 'short_history', 'offset': 0.4466664999999992, 'last_observation': '2023-08-01'}, {'item_code': 1075, 'name': 'Коньки, пара', 'weight': 0.0009, 'parent': 54, 'reason': 'short_history', 'offset': 0.0897593333333341, 'last_observation': '2023-08-01'}, {'item_code': 1076, 'name': 'Гипсокартон, м2', 'weight': 0.00057, 'parent': 38, 'reason': 'short_history', 'offset': -0.25500027777777806, 'last_observation': '2023-08-01'}, {'item_code': 1077, 'name': 'Кресло детское автомобильное, шт.', 'weight': 0.00057, 'parent': 17, 'reason': 'short_history', 'offset': 0.001666500000000484, 'last_observation': '2023-08-01'}, {'item_code': 1078, 'name': 'Соска (пустышка) детская, шт.', 'weight': 0.00014, 'parent': 21, 'reason': 'short_history', 'offset': -0.489999944444445, 'last_observation': '2023-08-01'}, {'item_code': 1079, 'name': 'Бутылочка для кормления, шт.', 'weight': 0.00117, 'parent': 21, 'reason': 'short_history', 'offset': -0.03000033333333363, 'last_observation': '2023-08-01'}, {'item_code': 1080, 'name': 'Ингалипт, аэрозоль для местного применения, 30 мл', 'weight': 0.00056, 'parent': 21, 'reason': 'short_history', 'offset': -0.49777750000000115, 'last_observation': '2023-08-01'}, {'item_code': 1083, 'name': 'Поездка на отдых на Черноморское побережье России и в Крым, поездка', 'weight': 0.00064, 'parent': 55, 'reason': 'short_history', 'offset': 2.208857055555554, 'last_observation': '2023-08-01'}, {'item_code': 1105, 'name': 'Воздушный и железнодорожный транспорт', 'weight': 0.00512, 'parent': 47, 'reason': 'no_item_history', 'offset': 0.0, 'last_observation': None}]",{'53': 0.0021599999999999953},"revised source hierarchy, not real-time publication vintages",,,
GroupsFixed,2023-08-01,available,,,2023-01-01,,,,,1.0,,,,1.0,,,,[],fixed,freeze
GroupsDated,2023-08-01,available,,,2023-01-01,,,,,1.0,,,,1.0,,,,[],dated,freeze
Ridge,2023-09-01,available,,,,,,,,,,,,,,,,,,
Huber,2023-09-01,available,,,,,,,,,,,,,,,,,,
SeasonalNaive,2023-09-01,available,,,,,,,,,,,,,,,,,,
Micro,2023-09-01,available,,2023-09-01,2023-01-01,"latest vintage at cutoff, frozen through forecast horizon",raw,parent_seasonal,540.0,0.9920799999999986,0.8934299999999991,0.1044099999999995,0.002160000000001393,1.0,"[{'item_code': 786, 'name': 'Поездка на отдых в Турцию, поездка', 'weight': 0.00112, 'parent': 67, 'reason': 'insufficient_training_rows', 'offset': 0.9161112777777779, 'last_observation': '2023-09-01'}, {'item_code': 851, 'name': 'Активированный уголь, 250 мг, 10 таблеток', 'weight': 0.00048, 'parent': 21, 'reason': 'insufficient_training_rows', 'offset': 0.24555522222222237, 'last_observation': '2023-09-01'}, {'item_code': 852, 'name': 'Бисакодил, 5 мг, 10 таблеток', 'weight': 0.00044, 'parent': 21, 'reason': 'insufficient_training_rows', 'offset': 0.3605555555555553, 'last_observation': '2023-09-01'}, {'item_code': 970, 'name': 'Сливки питьевые, л', 'weight': 0.00127, 'parent': 24, 'reason': 'short_history', 'offset': 0.05388855555555397, 'last_observation': '2023-09-01'}, {'item_code': 971, 'name': 'Зелень свежая, кг', 'weight': 0.0009, 'parent': 33, 'reason': 'short_history', 'offset': -0.006110777777777009, 'last_observation': '2023-09-01'}, {'item_code': 972, 'name': 'Грибы свежие, кг', 'weight': 0.00196, 'parent': 33, 'reason': 'short_history', 'offset': -0.2227777777777757, 'last_observation': '2023-09-01'}, {'item_code': 973, 'name': 'Ягоды замороженные, кг', 'weight': 0.00034, 'parent': 33, 'reason': 'short_history', 'offset': 0.41166711111111215, 'last_observation': '2023-09-01'}, {'item_code': 975, 'name': 'Дезинфицирующее средство для поверхностей, л', 'weight': 0.00279, 'parent': 25, 'reason': 'short_history', 'offset': -0.48777800000000027, 'last_observation': '2023-09-01'}, {'item_code': 976, 'name': 'Гель для душа, 250 мл', 'weight': 0.00162, 'parent': 30, 'reason': 'short_history', 'offset': -0.5238891111111109, 'last_observation': '2023-09-01'}, {'item_code': 977, 'name': 'Мыло туалетное жидкое, 250 мл', 'weight': 0.00116, 'parent': 30, 'reason': 'short_history', 'offset': 0.23277794444444388, 'last_observation': '2023-09-01'}, {'item_code': 978, 'name': 'Дезодорант, 50 мл', 'weight': 0.00127, 'parent': 30, 'reason': 'short_history', 'offset': -0.5288889444444441, 'last_observation': '2023-09-01'}, {'item_code': 979, 'name': 'Кресло мягкое, шт.', 'weight': 0.00162, 'parent': 20, 'reason': 'short_history', 'offset': -0.02444466666666756, 'last_observation': '2023-09-01'}, {'item_code': 980, 'name': 'Матрас для взрослых, шт.', 'weight': 0.00095, 'parent': 20, 'reason': 'short_history', 'offset': -0.1316670555555564, 'last_observation': '2023-09-01'}, {'item_code': 981, 'name': 'Салфетки влажные, упаковка 20 шт.', 'weight': 0.00064, 'parent': 54, 'reason': 'short_history', 'offset': -0.3430733333333325, 'last_observation': '2023-09-01'}, {'item_code': 982, 'name': 'Бумажные столовые салфетки, упаковка 10 шт.', 'weight': 0.0018, 'parent': 54, 'reason': 'short_history', 'offset': -0.12529594444444334, 'last_observation': '2023-09-01'}, {'item_code': 983, 'name': 'Бумажные носовые платки, упаковка 10 шт.', 'weight': 0.0005999999999999, 'parent': 54, 'reason': 'short_history', 'offset': 0.24748205555555655, 'last_observation': '2023-09-01'}, {'item_code': 984, 'name': 'Прокладки женские гигиенические, 10 шт.', 'weight': 0.00124, 'parent': 54, 'reason': 'short_history', 'offset': -0.1391852222222225, 'last_observation': '2023-09-01'}, {'item_code': 985, 'name': 'Наушники беспроводные, шт.', 'weight': 0.00199, 'parent': 37, 'reason': 'short_history', 'offset': -0.44333327777777815, 'last_observation': '2023-09-01'}, {'item_code': 986, 'name': 'Азитромицин, 500 мг, 10 капсул (таблеток)', 'weight': 0.00036, 'parent': 21, 'reason': 'short_history', 'offset': -0.6372218888888896, 'last_observation': '2023-09-01'}, {'item_code': 987, 'name': 'Цефтриаксон, 1 г', 'weight': 0.00032, 'parent': 21, 'reason': 'short_history', 'offset': 0.381666888888887, 'last_observation': '2023-09-01'}, {'item_code': 988, 'name': 'Осельтамивир (Номидес), 75 мг, 10 капсул', 'weight': 0.00047, 'parent': 21, 'reason': 'short_history', 'offset': -0.5811111666666677, 'last_observation': '2023-09-01'}, {'item_code': 990, 'name': 'Колекальциферол (Витамин Д3), 10 мл', 'weight': 0.00041, 'parent': 21, 'reason': 'short_history', 'offset': -0.3172225555555552, 'last_observation': '2023-09-01'}, {'item_code': 991, 'name': 'Умифеновир (Арбидол), 100 мг, 10 капсул (таблеток)', 'weight': 0.00045, 'parent': 21, 'reason': 'short_history', 'offset': -0.1933334444444444, 'last_observation': '2023-09-01'}, {'item_code': 992, 'name': 'Амлодипин, 10 мг, 10 таблеток', 'weight': 0.00042, 'parent': 21, 'reason': 'short_history', 'offset': 0.07111122222222122, 'last_observation': '2023-09-01'}, {'item_code': 993, 'name': 'Омепразол, 20 мг, 10 таблеток', 'weight': 0.00054, 'parent': 21, 'reason': 'short_history', 'offset': -0.19055588888888922, 'last_observation': '2023-09-01'}, {'item_code': 995, 'name': 'Амоксициллин с клавулановой кислотой, 500 мг+125мг, 10 таблеток', 'weight': 0.00046, 'parent': 21, 'reason': 'short_history', 'offset': -0.3911109999999998, 'last_observation': '2023-09-01'}, {'item_code': 996, 'name': 'Ибупрофен, 200 мг, 10 таблеток', 'weight': 0.00049, 'parent': 21, 'reason': 'short_history', 'offset': 0.16166672222222267, 'last_observation': '2023-09-01'}, {'item_code': 997, 'name': 'Шприцы одноразовые, шт.', 'weight': 0.00022, 'parent': 21, 'reason': 'short_history', 'offset': -0.44000022222222257, 'last_observation': '2023-09-01'}, {'item_code': 998, 'name': 'Санитарно-гигиеническая маска (медицинская), шт.', 'weight': 0.00037, 'parent': 21, 'reason': 'short_history', 'offset': -0.8872224444444454, 'last_observation': '2023-09-01'}, {'item_code': 999, 'name': 'Антисептик для рук, 100 мл', 'weight': 0.00036, 'parent': 21, 'reason': 'short_history', 'offset': -0.21888894444444576, 'last_observation': '2023-09-01'}, {'item_code': 1000, 'name': 'Термометр медицинский безртутный (галинстановый), шт.', 'weight': 0.0001, 'parent': 21, 'reason': 'short_history', 'offset': -0.44277755555555603, 'last_observation': '2023-09-01'}, {'item_code': 1001, 'name': 'Установка натяжного потолка, м2', 'weight': 0.00068, 'parent': 12, 'reason': 'short_history', 'offset': -0.21277777777777768, 'last_observation': '2023-09-01'}, {'item_code': 1002, 'name': 'Услуги аренды автомобилей, час', 'weight': 0.00022, 'parent': 47, 'reason': 'short_history', 'offset': 0.237777666666667, 'last_observation': '2023-09-01'}, {'item_code': 1003, 'name': 'Подписка на онлайн-видеосервисы, месяц', 'weight': 0.00629, 'parent': 48, 'reason': 'short_history', 'offset': 0.2205555555555555, 'last_observation': '2023-09-01'}, {'item_code': 1004, 'name': 'Проживание в гостинице 1* или в мотеле, сутки с человека', 'weight': 0.0002, 'parent': 55, 'reason': 'short_history', 'offset': -0.19209633333333345, 'last_observation': '2023-09-01'}, {'item_code': 1005, 'name': 'Проживание в гостинице 2*, сутки с человека', 'weight': 0.00036, 'parent': 55, 'reason': 'short_history', 'offset': -0.19209633333333345, 'last_observation': '2023-09-01'}, {'item_code': 1006, 'name': 'Проживание в гостинице 3*, сутки с человека', 'weight': 0.0005999999999999, 'parent': 55, 'reason': 'short_history', 'offset': 0.4973481111111116, 'last_observation': '2023-09-01'}, {'item_code': 1007, 'name': 'Проживание в гостинице 4*-5*, сутки с человека', 'weight': 0.0005999999999999, 'parent': 55, 'reason': 'short_history', 'offset': 0.3840147777777779, 'last_observation': '2023-09-01'}, {'item_code': 1008, 'name': 'Проживание в хостеле, сутки с человека', 'weight': 9e-05, 'parent': 55, 'reason': 'short_history', 'offset': 0.16345922222222242, 'last_observation': '2023-09-01'}, {'item_code': 1009, 'name': 'Экскурсионные туры по России, поездка', 'weight': 0.00041, 'parent': 55, 'reason': 'short_history', 'offset': 0.35401477777777757, 'last_observation': '2023-09-01'}, {'item_code': 1011, 'name': 'Поездка на отдых в ОАЭ, поездка', 'weight': 0.00027, 'parent': 67, 'reason': 'short_history', 'offset': 1.096110722222222, 'last_observation': '2023-09-01'}, {'item_code': 1012, 'name': 'Услуги сиделок, час', 'weight': 0.00094, 'parent': 22, 'reason': 'short_history', 'offset': -0.17611111111111122, 'last_observation': '2023-09-01'}, {'item_code': 1013, 'name': 'Диагностика на магнитно-резонансном или компьютерном томографе, услуга', 'weight': 0.0004, 'parent': 22, 'reason': 'short_history', 'offset': 0.057222222222222285, 'last_observation': '2023-09-01'}, {'item_code': 1014, 'name': 'Гастроскопия (ФГДС, ЭГДС), услуга', 'weight': 0.0005, 'parent': 22, 'reason': 'short_history', 'offset': -0.06611111111111098, 'last_observation': '2023-09-01'}, {'item_code': 1015, 'name': 'Комиссия банка за перевод средств с карты на карту клиенту другого банка на территории России, услуга', 'weight': 0.00032, 'parent': 55, 'reason': 'short_history', 'offset': -0.19209633333333345, 'last_observation': '2023-09-01'}, {'item_code': 1020, 'name': 'Аскорбиновая кислота, 50 мг, 100 драже', 'weight': 0.00049, 'parent': 21, 'reason': 'short_history', 'offset': 0.5672222777777781, 'last_observation': '2023-09-01'}, {'item_code': 1021, 'name': 'Афобазол, 10 мг, 30 таблеток', 'weight': 0.00042, 'parent': 21, 'reason': 'short_history', 'offset': 0.40333349999999907, 'last_observation': '2023-09-01'}, {'item_code': 1022, 'name': 'Ацетилцистеин (АЦЦ), 600 мг, 10 таблеток', 'weight': 0.00042, 'parent': 21, 'reason': 'short_history', 'offset': 0.38611127777777754, 'last_observation': '2023-09-01'}, {'item_code': 1023, 'name': 'Аципол, 30 капсул', 'weight': 0.00049, 'parent': 21, 'reason': 'short_history', 'offset': -0.1494443333333343, 'last_observation': '2023-09-01'}, {'item_code': 1024, 'name': 'Валерианы экстракт, 20 мг, 10 таблеток', 'weight': 0.00023, 'parent': 21, 'reason': 'short_history', 'offset': -0.510000111111112, 'last_observation': '2023-09-01'}, {'item_code': 1025, 'name': 'Газета в розницу, шт.', 'weight': 0.00055, 'parent': 32, 'reason': 'short_history', 'offset': -0.09666666666666639, 'last_observation': '2023-09-01'}, {'item_code': 1026, 'name': 'Гриппферон, 10000 МЕ/мл, 10 мл', 'weight': 0.00042, 'parent': 21, 'reason': 'short_history', 'offset': -0.3711107222222228, 'last_observation': '2023-09-01'}, {'item_code': 1027, 'name': 'Ингавирин, 90 мг, 10 капсул', 'weight': 0.00048, 'parent': 21, 'reason': 'short_history', 'offset': -0.007222111111111139, 'last_observation': '2023-09-01'}, {'item_code': 1028, 'name': 'Канефрон Н, 60 таблеток', 'weight': 0.00023, 'parent': 21, 'reason': 'short_history', 'offset': 0.3533331111111109, 'last_observation': '2023-09-01'}, {'item_code': 1029, 'name': 'Кеторол Экспресс, 10 мг, 10 таблеток', 'weight': 0.00047, 'parent': 21, 'reason': 'short_history', 'offset': 0.30611111111110983, 'last_observation': '2023-09-01'}, {'item_code': 1030, 'name': 'Клубная карта в фитнес-клуб, месяц', 'weight': 0.0008899999999999, 'parent': 55, 'reason': 'short_history', 'offset': 0.11734811111111061, 'last_observation': '2023-09-01'}, {'item_code': 1032, 'name': 'Кроссовые туфли для взрослых, пара', 'weight': 0.00332, 'parent': 27, 'reason': 'short_history', 'offset': 0.3672222222222214, 'last_observation': '2023-09-01'}, {'item_code': 1033, 'name': 'Ксарелто, 20 мг, 10 таблеток', 'weight': 0.00043, 'parent': 21, 'reason': 'short_history', 'offset': 0.05388905555555428, 'last_observation': '2023-09-01'}, {'item_code': 1034, 'name': 'Магне В6, 10 таблеток', 'weight': 0.00044, 'parent': 21, 'reason': 'short_history', 'offset': -0.2016667222222234, 'last_observation': '2023-09-01'}, {'item_code': 1035, 'name': 'Метилурацил, 10 % мазь, 25 г', 'weight': 0.00045, 'parent': 21, 'reason': 'short_history', 'offset': -0.18722250000000035, 'last_observation': '2023-09-01'}, {'item_code': 1036, 'name': 'Мидокалм, 150 мг, 30 таблеток', 'weight': 0.00047, 'parent': 21, 'reason': 'short_history', 'offset': -0.1611114444444447, 'last_observation': '2023-09-01'}, {'item_code': 1037, 'name': 'Мирамистин, 0,01%, 150 мл', 'weight': 0.00051, 'parent': 21, 'reason': 'short_history', 'offset': -0.28388927777777834, 'last_observation': '2023-09-01'}, {'item_code': 1038, 'name': 'Натрия хлорид, 0,9%, 100 мл', 'weight': 0.00045, 'parent': 21, 'reason': 'short_history', 'offset': 0.46666627777777747, 'last_observation': '2023-09-01'}, {'item_code': 1039, 'name': 'Нафазолин, 0,1%, 15 мл', 'weight': 0.00051, 'parent': 21, 'reason': 'short_history', 'offset': 0.5061111111111103, 'last_observation': '2023-09-01'}, {'item_code': 1040, 'name': 'Парацетамол, 500 мг, 10 таблеток', 'weight': 0.00049, 'parent': 21, 'reason': 'short_history', 'offset': -0.7055556111111119, 'last_observation': '2023-09-01'}, {'item_code': 1041, 'name': 'Перекись водорода, 3%, 100 мл', 'weight': 0.00052, 'parent': 21, 'reason': 'short_history', 'offset': -0.5055553333333344, 'last_observation': '2023-09-01'}, {'item_code': 1042, 'name': 'Пиво, л', 'weight': 0.00347, 'parent': 11, 'reason': 'short_history', 'offset': -0.2755555555555552, 'last_observation': '2023-09-01'}, {'item_code': 1043, 'name': 'Поездка на отдых в Египет, поездка', 'weight': 0.0002, 'parent': 67, 'reason': 'short_history', 'offset': -0.7861106666666657, 'last_observation': '2023-09-01'}, {'item_code': 1044, 'name': 'Поливитамины, 10 шт.', 'weight': 0.0005, 'parent': 21, 'reason': 'short_history', 'offset': -0.06388894444444462, 'last_observation': '2023-09-01'}, {'item_code': 1045, 'name': 'Ренгалин, 20 таблеток', 'weight': 0.00047, 'parent': 21, 'reason': 'short_history', 'offset': -0.06111094444444534, 'last_observation': '2023-09-01'}, {'item_code': 1046, 'name': 'Сигареты с фильтром, пачка', 'weight': 0.00743, 'parent': 40, 'reason': 'short_history', 'offset': 0.0, 'last_observation': '2023-09-01'}, {'item_code': 1047, 'name': 'Синупрет, 50 таблеток', 'weight': 0.00016, 'parent': 21, 'reason': 'short_history', 'offset': -0.05000016666666656, 'last_observation': '2023-09-01'}, {'item_code': 1048, 'name': 'Сумка женская, шт.', 'weight': 0.00159, 'parent': 13, 'reason': 'short_history', 'offset': -0.06333355555555581, 'last_observation': '2023-09-01'}, {'item_code': 1049, 'name': 'Творог, кг', 'weight': 0.00581, 'parent': 24, 'reason': 'short_history', 'offset': 0.00833322222222124, 'last_observation': '2023-09-01'}, {'item_code': 1050, 'name': 'Туфли женские закрытые, пара', 'weight': 0.00206, 'parent': 27, 'reason': 'short_history', 'offset': 0.05666672222222107, 'last_observation': '2023-09-01'}, {'item_code': 1051, 'name': 'Туфли женские летние, босоножки, пара', 'weight': 0.0019, 'parent': 27, 'reason': 'short_history', 'offset': 0.0899997777777778, 'last_observation': '2023-09-01'}, {'item_code': 1052, 'name': 'Фосфоглив, 10 капсул', 'weight': 0.0005, 'parent': 21, 'reason': 'short_history', 'offset': -0.4350002222222231, 'last_observation': '2023-09-01'}, {'item_code': 1053, 'name': 'Фуросемид, 40 мг, 10 таблеток', 'weight': 0.00044, 'parent': 21, 'reason': 'short_history', 'offset': 0.9383333333333334, 'last_observation': '2023-09-01'}, {'item_code': 1054, 'name': 'Хлеб и булочные изделия из пшеничной муки различных сортов, кг', 'weight': 0.00673, 'parent': 49, 'reason': 'short_history', 'offset': 0.0033337222222221564, 'last_observation': '2023-09-01'}, {'item_code': 1055, 'name': 'Цитрамон, 10 таблеток', 'weight': 0.00047, 'parent': 21, 'reason': 'short_history', 'offset': -0.4688890000000004, 'last_observation': '2023-09-01'}, {'item_code': 1056, 'name': 'Энтеросгель, 225 г', 'weight': 0.00044, 'parent': 21, 'reason': 'short_history', 'offset': 0.13111094444444482, 'last_observation': '2023-09-01'}, {'item_code': 1057, 'name': 'Эргоферон, 20 таблеток', 'weight': 0.00048, 'parent': 21, 'reason': 'short_history', 'offset': -0.04222227777777713, 'last_observation': '2023-09-01'}, {'item_code': 1058, 'name': 'Эуфиллин, 150 мг, 10 таблеток', 'weight': 0.00042, 'parent': 21, 'reason': 'short_history', 'offset': 0.6449998333333338, 'last_observation': '2023-09-01'}, {'item_code': 1060, 'name': 'Поездки в страны Закавказья, поездка', 'weight': 0.00088, 'parent': 67, 'reason': 'short_history', 'offset': -0.7511112777777771, 'last_observation': '2023-09-01'}, {'item_code': 1065, 'name': 'Поездки в отдельные страны Юго-Восточной Азии, поездка', 'weight': 0.00014, 'parent': 67, 'reason': 'short_history', 'offset': -1.8327776666666666, 'last_observation': '2023-09-01'}, {'item_code': 1066, 'name': 'Молоко питьевое цельное пастеризованное более 3,2% жирности, л', 'weight': 0.00234, 'parent': 24, 'reason': 'short_history', 'offset': 0.03500016666666599, 'last_observation': '2023-09-01'}, {'item_code': 1067, 'name': 'Творожок детский, кг', 'weight': 9e-05, 'parent': 24, 'reason': 'short_history', 'offset': 0.06444422222222101, 'last_observation': '2023-09-01'}, {'item_code': 1068, 'name': 'Молоко для детей, л', 'weight': 5e-05, 'parent': 24, 'reason': 'short_history', 'offset': 0.062222222222221686, 'last_observation': '2023-09-01'}, {'item_code': 1069, 'name': 'Сухие приправы, специи, кг', 'weight': 0.00173, 'parent': 53, 'reason': 'short_history', 'offset': -0.1532857222222227, 'last_observation': '2023-09-01'}, {'item_code': 1070, 'name': 'Трикотажный головной убор для взрослых, шт.', 'weight': 0.0005999999999999, 'parent': 43, 'reason': 'short_history', 'offset': -0.13611144444444376, 'last_observation': '2023-09-01'}, {'item_code': 1071, 'name': 'Крем детский, 100 г (100 мл)', 'weight': 0.00227, 'parent': 30, 'reason': 'short_history', 'offset': 0.6116664999999999, 'last_observation': '2023-09-01'}, {'item_code': 1072, 'name': 'Чемодан, шт.', 'weight': 0.00123, 'parent': 13, 'reason': 'short_history', 'offset': -0.19888911111111204, 'last_observation': '2023-09-01'}, {'item_code': 1073, 'name': 'Бумага офисная, упаковка 500 листов', 'weight': 0.00042, 'parent': 54, 'reason': 'short_history', 'offset': -0.09418461111111043, 'last_observation': '2023-09-01'}, {'item_code': 1074, 'name': 'Смарт-часы, шт.', 'weight': 0.0002, 'parent': 37, 'reason': 'short_history', 'offset': 0.42444438888888747, 'last_observation': '2023-09-01'}, {'item_code': 1075, 'name': 'Коньки, пара', 'weight': 0.0009, 'parent': 54, 'reason': 'short_history', 'offset': -0.2564068888888882, 'last_observation': '2023-09-01'}, {'item_code': 1076, 'name': 'Гипсокартон, м2', 'weight': 0.00057, 'parent': 38, 'reason': 'short_history', 'offset': -0.19555572222222317, 'last_observation': '2023-09-01'}, {'item_code': 1077, 'name': 'Кресло детское автомобильное, шт.', 'weight': 0.00057, 'parent': 17, 'reason': 'short_history', 'offset': 0.2161109444444449, 'last_observation': '2023-09-01'}, {'item_code': 1078, 'name': 'Соска (пустышка) детская, шт.', 'weight': 0.00014, 'parent': 21, 'reason': 'short_history', 'offset': -0.5399996111111113, 'last_observation': '2023-09-01'}, {'item_code': 1079, 'name': 'Бутылочка для кормления, шт.', 'weight': 0.00117, 'parent': 21, 'reason': 'short_history', 'offset': -0.1633337777777781, 'last_observation': '2023-09-01'}, {'item_code': 1080, 'name': 'Ингалипт, аэрозоль для местного применения, 30 мл', 'weight': 0.00056, 'parent': 21, 'reason': 'short_history', 'offset': -0.3161106666666669, 'last_observation': '2023-09-01'}, {'item_code': 1083, 'name': 'Поездка на отдых на Черноморское побережье России и в Крым, поездка', 'weight': 0.00064, 'parent': 55, 'reason': 'missing_current_observation', 'offset': 0.0, 'last_observation': '2023-08-01'}, {'item_code': 1105, 'name': 'Воздушный и железнодорожный транспорт', 'weight': 0.00512, 'parent': 47, 'reason': 'no_item_history', 'offset': 0.0, 'last_observation': None}]",{'53': 0.0021599999999999953},"revised source hierarchy, not real-time publication vintages",,,
GroupsFixed,2023-09-01,available,,,2023-01-01,,,,,1.0,,,,1.0,,,,[],fixed,freeze
GroupsDated,2023-09-01,available,,,2023-01-01,,,,,1.0,,,,1.0,,,,[],dated,freeze
Ridge,2023-10-01,available,,,,,,,,,,,,,,,,,,
Huber,2023-10-01,available,,,,,,,,,,,,,,,,,,
SeasonalNaive,2023-10-01,available,,,,,,,,,,,,,,,,,,
Micro,2023-10-01,available,,2023-10-01,2023-01-01,"latest vintage at cutoff, frozen through forecast horizon",raw,parent_seasonal,540.0,0.9927199999999986,0.8934299999999991,0.1044099999999995,0.002160000000001393,1.0,"[{'item_code': 786, 'name': 'Поездка на отдых в Турцию, поездка', 'weight': 0.00112, 'parent': 67, 'reason': 'insufficient_training_rows', 'offset': -0.4638887222222223, 'last_observation': '2023-10-01'}, {'item_code': 851, 'name': 'Активированный уголь, 250 мг, 10 таблеток', 'weight': 0.00048, 'parent': 21, 'reason': 'insufficient_training_rows', 'offset': 0.31555522222222343, 'last_observation': '2023-10-01'}, {'item_code': 852, 'name': 'Бисакодил, 5 мг, 10 таблеток', 'weight': 0.00044, 'parent': 21, 'reason': 'insufficient_training_rows', 'offset': 0.3838888888888887, 'last_observation': '2023-10-01'}, {'item_code': 970, 'name': 'Сливки питьевые, л', 'weight': 0.00127, 'parent': 24, 'reason': 'short_history', 'offset': -0.21500044444444594, 'last_observation': '2023-10-01'}, {'item_code': 971, 'name': 'Зелень свежая, кг', 'weight': 0.0009, 'parent': 33, 'reason': 'short_history', 'offset': -0.5494442777777775, 'last_observation': '2023-10-01'}, {'item_code': 972, 'name': 'Грибы свежие, кг', 'weight': 0.00196, 'parent': 33, 'reason': 'short_history', 'offset': 0.40666655555555703, 'last_observation': '2023-10-01'}, {'item_code': 973, 'name': 'Ягоды замороженные, кг', 'weight': 0.00034, 'parent': 33, 'reason': 'short_history', 'offset': 0.6105561111111117, 'last_observation': '2023-10-01'}, {'item_code': 975, 'name': 'Дезинфицирующее средство для поверхностей, л', 'weight': 0.00279, 'parent': 25, 'reason': 'short_history', 'offset': -0.3422224444444453, 'last_observation': '2023-10-01'}, {'item_code': 976, 'name': 'Гель для душа, 250 мл', 'weight': 0.00162, 'parent': 30, 'reason': 'short_history', 'offset': -0.287222444444444, 'last_observation': '2023-10-01'}, {'item_code': 977, 'name': 'Мыло туалетное жидкое, 250 мл', 'weight': 0.00116, 'parent': 30, 'reason': 'short_history', 'offset': -0.14611105555555623, 'last_observation': '2023-10-01'}, {'item_code': 978, 'name': 'Дезодорант, 50 мл', 'weight': 0.00127, 'parent': 30, 'reason': 'short_history', 'offset': -0.3916666666666665, 'last_observation': '2023-10-01'}, {'item_code': 979, 'name': 'Кресло мягкое, шт.', 'weight': 0.00162, 'parent': 20, 'reason': 'short_history', 'offset': -0.10888911111111178, 'last_observation': '2023-10-01'}, {'item_code': 980, 'name': 'Матрас для взрослых, шт.', 'weight': 0.00095, 'parent': 20, 'reason': 'short_history', 'offset': 0.1549997222222217, 'last_observation': '2023-10-01'}, {'item_code': 981, 'name': 'Салфетки влажные, упаковка 20 шт.', 'weight': 0.00064, 'parent': 54, 'reason': 'short_history', 'offset': -0.393105555555555, 'last_observation': '2023-10-01'}, {'item_code': 982, 'name': 'Бумажные столовые салфетки, упаковка 10 шт.', 'weight': 0.0018, 'parent': 54, 'reason': 'short_history', 'offset': -0.16810594444444307, 'last_observation': '2023-10-01'}, {'item_code': 983, 'name': 'Бумажные носовые платки, упаковка 10 шт.', 'weight': 0.0005999999999999, 'parent': 54, 'reason': 'short_history', 'offset': 0.06800550000000054, 'last_observation': '2023-10-01'}, {'item_code': 984, 'name': 'Прокладки женские гигиенические, 10 шт.', 'weight': 0.00124, 'parent': 54, 'reason': 'short_history', 'offset': 0.018004944444444487, 'last_observation': '2023-10-01'}, {'item_code': 985, 'name': 'Наушники беспроводные, шт.', 'weight': 0.00199, 'parent': 37, 'reason': 'short_history', 'offset': -0.5327780000000004, 'last_observation': '2023-10-01'}, {'item_code': 986, 'name': 'Азитромицин, 500 мг, 10 капсул (таблеток)', 'weight': 0.00036, 'parent': 21, 'reason': 'short_history', 'offset': -0.8327774999999996, 'last_observation': '2023-10-01'}, {'item_code': 987, 'name': 'Цефтриаксон, 1 г', 'weight': 0.00032, 'parent': 21, 'reason': 'short_history', 'offset': 0.41222233333333236, 'last_observation': '2023-10-01'}, {'item_code': 988, 'name': 'Осельтамивир (Номидес), 75 мг, 10 капсул', 'weight': 0.00047, 'parent': 21, 'reason': 'short_history', 'offset': -0.4594443888888896, 'last_observation': '2023-10-01'}, {'item_code': 990, 'name': 'Колекальциферол (Витамин Д3), 10 мл', 'weight': 0.00041, 'parent': 21, 'reason': 'short_history', 'offset': -0.4944446666666664, 'last_observation': '2023-10-01'}, {'item_code': 991, 'name': 'Умифеновир (Арбидол), 100 мг, 10 капсул (таблеток)', 'weight': 0.00045, 'parent': 21, 'reason': 'short_history', 'offset': -0.0755558333333326, 'last_observation': '2023-10-01'}, {'item_code': 992, 'name': 'Амлодипин, 10 мг, 10 таблеток', 'weight': 0.00042, 'parent': 21, 'reason': 'short_history', 'offset': -0.021111000000000817, 'last_observation': '2023-10-01'}, {'item_code': 993, 'name': 'Омепразол, 20 мг, 10 таблеток', 'weight': 0.00054, 'parent': 21, 'reason': 'short_history', 'offset': -0.3027781111111112, 'last_observation': '2023-10-01'}, {'item_code': 995, 'name': 'Амоксициллин с клавулановой кислотой, 500 мг+125мг, 10 таблеток', 'weight': 0.00046, 'parent': 21, 'reason': 'short_history', 'offset': -0.4338887777777774, 'last_observation': '2023-10-01'}, {'item_code': 996, 'name': 'Ибупрофен, 200 мг, 10 таблеток', 'weight': 0.00049, 'parent': 21, 'reason': 'short_history', 'offset': 0.01055577777777867, 'last_observation': '2023-10-01'}, {'item_code': 997, 'name': 'Шприцы одноразовые, шт.', 'weight': 0.00022, 'parent': 21, 'reason': 'short_history', 'offset': -0.3172224444444443, 'last_observation': '2023-10-01'}, {'item_code': 998, 'name': 'Санитарно-гигиеническая маска (медицинская), шт.', 'weight': 0.00037, 'parent': 21, 'reason': 'short_history', 'offset': -0.7527777777777784, 'last_observation': '2023-10-01'}, {'item_code': 999, 'name': 'Антисептик для рук, 100 мл', 'weight': 0.00036, 'parent': 21, 'reason': 'short_history', 'offset': -0.377222444444445, 'last_observation': '2023-10-01'}, {'item_code': 1000, 'name': 'Термометр медицинский безртутный (галинстановый), шт.', 'weight': 0.0001, 'parent': 21, 'reason': 'short_history', 'offset': -0.36611100000000046, 'last_observation': '2023-10-01'}, {'item_code': 1001, 'name': 'Установка натяжного потолка, м2', 'weight': 0.00068, 'parent': 12, 'reason': 'short_history', 'offset': -0.23777777777777706, 'last_observation': '2023-10-01'}, {'item_code': 1002, 'name': 'Услуги аренды автомобилей, час', 'weight': 0.00022, 'parent': 47, 'reason': 'short_history', 'offset': 0.02555550000000058, 'last_observation': '2023-10-01'}, {'item_code': 1003, 'name': 'Подписка на онлайн-видеосервисы, месяц', 'weight': 0.00629, 'parent': 48, 'reason': 'short_history', 'offset': 0.16388888888888906, 'last_observation': '2023-10-01'}, {'item_code': 1004, 'name': 'Проживание в гостинице 1* или в мотеле, сутки с человека', 'weight': 0.0002, 'parent': 55, 'reason': 'short_history', 'offset': -0.15987911111111133, 'last_observation': '2023-10-01'}, {'item_code': 1005, 'name': 'Проживание в гостинице 2*, сутки с человека', 'weight': 0.00036, 'parent': 55, 'reason': 'short_history', 'offset': -0.05765688888888892, 'last_observation': '2023-10-01'}, {'item_code': 1006, 'name': 'Проживание в гостинице 3*, сутки с человека', 'weight': 0.0005999999999999, 'parent': 55, 'reason': 'short_history', 'offset': 0.24956533333333336, 'last_observation': '2023-10-01'}, {'item_code': 1007, 'name': 'Проживание в гостинице 4*-5*, сутки с человека', 'weight': 0.0005999999999999, 'parent': 55, 'reason': 'short_history', 'offset': 0.2784540555555558, 'last_observation': '2023-10-01'}, {'item_code': 1008, 'name': 'Проживание в хостеле, сутки с человека', 'weight': 9e-05, 'parent': 55, 'reason': 'short_history', 'offset': -0.15987911111111133, 'last_observation': '2023-10-01'}, {'item_code': 1009, 'name': 'Экскурсионные туры по России, поездка', 'weight': 0.00041, 'parent': 55, 'reason': 'short_history', 'offset': 0.3862319999999997, 'last_observation': '2023-10-01'}, {'item_code': 1011, 'name': 'Поездка на отдых в ОАЭ, поездка', 'weight': 0.00027, 'parent': 67, 'reason': 'short_history', 'offset': 2.5677775555555553, 'last_observation': '2023-10-01'}, {'item_code': 1012, 'name': 'Услуги сиделок, час', 'weight': 0.00094, 'parent': 22, 'reason': 'short_history', 'offset': -0.12833344444444428, 'last_observation': '2023-10-01'}, {'item_code': 1013, 'name': 'Диагностика на магнитно-резонансном или компьютерном томографе, услуга', 'weight': 0.0004, 'parent': 22, 'reason': 'short_history', 'offset': 0.1049998888888892, 'last_observation': '2023-10-01'}, {'item_code': 1014, 'name': 'Гастроскопия (ФГДС, ЭГДС), услуга', 'weight': 0.0005, 'parent': 22, 'reason': 'short_history', 'offset': 0.13444433333333372, 'last_observation': '2023-10-01'}, {'item_code': 1015, 'name': 'Комиссия банка за перевод средств с карты на карту клиенту другого банка на территории России, услуга', 'weight': 0.00032, 'parent': 55, 'reason': 'short_history', 'offset': -0.15987911111111133, 'last_observation': '2023-10-01'}, {'item_code': 1020, 'name': 'Аскорбиновая кислота, 50 мг, 100 драже', 'weight': 0.00049, 'parent': 21, 'reason': 'short_history', 'offset': 0.8311109444444453, 'last_observation': '2023-10-01'}, {'item_code': 1021, 'name': 'Афобазол, 10 мг, 30 таблеток', 'weight': 0.00042, 'parent': 21, 'reason': 'short_history', 'offset': 0.24777794444444368, 'last_observation': '2023-10-01'}, {'item_code': 1022, 'name': 'Ацетилцистеин (АЦЦ), 600 мг, 10 таблеток', 'weight': 0.00042, 'parent': 21, 'reason': 'short_history', 'offset': 0.3794446111111114, 'last_observation': '2023-10-01'}, {'item_code': 1023, 'name': 'Аципол, 30 капсул', 'weight': 0.00049, 'parent': 21, 'reason': 'short_history', 'offset': -0.17055544444444434, 'last_observation': '2023-10-01'}, {'item_code': 1024, 'name': 'Валерианы экстракт, 20 мг, 10 таблеток', 'weight': 0.00023, 'parent': 21, 'reason': 'short_history', 'offset': -0.3644446111111116, 'last_observation': '2023-10-01'}, {'item_code': 1025, 'name': 'Газета в розницу, шт.', 'weight': 0.00055, 'parent': 32, 'reason': 'short_history', 'offset': 0.03888888888888905, 'last_observation': '2023-10-01'}, {'item_code': 1026, 'name': 'Гриппферон, 10000 МЕ/мл, 10 мл', 'weight': 0.00042, 'parent': 21, 'reason': 'short_history', 'offset': -0.4616662777777781, 'last_observation': '2023-10-01'}, {'item_code': 1027, 'name': 'Ингавирин, 90 мг, 10 капсул', 'weight': 0.00048, 'parent': 21, 'reason': 'short_history', 'offset': -0.1411108333333328, 'last_observation': '2023-10-01'}, {'item_code': 1028, 'name': 'Канефрон Н, 60 таблеток', 'weight': 0.00023, 'parent': 21, 'reason': 'short_history', 'offset': 0.007777555555555359, 'last_observation': '2023-10-01'}, {'item_code': 1029, 'name': 'Кеторол Экспресс, 10 мг, 10 таблеток', 'weight': 0.00047, 'parent': 21, 'reason': 'short_history', 'offset': 0.27555555555555444, 'last_observation': '2023-10-01'}, {'item_code': 1030, 'name': 'Клубная карта в фитнес-клуб, месяц', 'weight': 0.0008899999999999, 'parent': 55, 'reason': 'short_history', 'offset': 0.24400977777777733, 'last_observation': '2023-10-01'}, {'item_code': 1032, 'name': 'Кроссовые туфли для взрослых, пара', 'weight': 0.00332, 'parent': 27, 'reason': 'short_history', 'offset': 0.24888899999999914, 'last_observation': '2023-10-01'}, {'item_code': 1033, 'name': 'Ксарелто, 20 мг, 10 таблеток', 'weight': 0.00043, 'parent': 21, 'reason': 'short_history', 'offset': 0.027222388888888185, 'last_observation': '2023-10-01'}, {'item_code': 1034, 'name': 'Магне В6, 10 таблеток', 'weight': 0.00044, 'parent': 21, 'reason': 'short_history', 'offset': -0.3416666666666678, 'last_observation': '2023-10-01'}, {'item_code': 1035, 'name': 'Метилурацил, 10 % мазь, 25 г', 'weight': 0.00045, 'parent': 21, 'reason': 'short_history', 'offset': -0.26277783333333343, 'last_observation': '2023-10-01'}, {'item_code': 1036, 'name': 'Мидокалм, 150 мг, 30 таблеток', 'weight': 0.00047, 'parent': 21, 'reason': 'short_history', 'offset': -0.20500016666666612, 'last_observation': '2023-10-01'}, {'item_code': 1037, 'name': 'Мирамистин, 0,01%, 150 мл', 'weight': 0.00051, 'parent': 21, 'reason': 'short_history', 'offset': -0.2527781666666671, 'last_observation': '2023-10-01'}, {'item_code': 1038, 'name': 'Натрия хлорид, 0,9%, 100 мл', 'weight': 0.00045, 'parent': 21, 'reason': 'short_history', 'offset': 0.6211109444444445, 'last_observation': '2023-10-01'}, {'item_code': 1039, 'name': 'Нафазолин, 0,1%, 15 мл', 'weight': 0.00051, 'parent': 21, 'reason': 'short_history', 'offset': 0.4216666666666661, 'last_observation': '2023-10-01'}, {'item_code': 1040, 'name': 'Парацетамол, 500 мг, 10 таблеток', 'weight': 0.00049, 'parent': 21, 'reason': 'short_history', 'offset': -0.47111127777777756, 'last_observation': '2023-10-01'}, {'item_code': 1041, 'name': 'Перекись водорода, 3%, 100 мл', 'weight': 0.00052, 'parent': 21, 'reason': 'short_history', 'offset': -0.44388866666666693, 'last_observation': '2023-10-01'}, {'item_code': 1042, 'name': 'Пиво, л', 'weight': 0.00347, 'parent': 11, 'reason': 'short_history', 'offset': -0.1899999999999993, 'last_observation': '2023-10-01'}, {'item_code': 1043, 'name': 'Поездка на отдых в Египет, поездка', 'weight': 0.0002, 'parent': 67, 'reason': 'short_history', 'offset': 0.21222261111111212, 'last_observation': '2023-10-01'}, {'item_code': 1044, 'name': 'Поливитамины, 10 шт.', 'weight': 0.0005, 'parent': 21, 'reason': 'short_history', 'offset': 0.089444388888889, 'last_observation': '2023-10-01'}, {'item_code': 1045, 'name': 'Ренгалин, 20 таблеток', 'weight': 0.00047, 'parent': 21, 'reason': 'short_history', 'offset': -0.16666627777777798, 'last_observation': '2023-10-01'}, {'item_code': 1046, 'name': 'Сигареты с фильтром, пачка', 'weight': 0.00743, 'parent': 40, 'reason': 'short_history', 'offset': 0.0, 'last_observation': '2023-10-01'}, {'item_code': 1047, 'name': 'Синупрет, 50 таблеток', 'weight': 0.00016, 'parent': 21, 'reason': 'short_history', 'offset': -0.12111127777777694, 'last_observation': '2023-10-01'}, {'item_code': 1048, 'name': 'Сумка женская, шт.', 'weight': 0.00159, 'parent': 13, 'reason': 'short_history', 'offset': -0.11388900000000114, 'last_observation': '2023-10-01'}, {'item_code': 1049, 'name': 'Творог, кг', 'weight': 0.00581, 'parent': 24, 'reason': 'short_history', 'offset': 0.10222199999999917, 'last_observation': '2023-10-01'}, {'item_code': 1050, 'name': 'Туфли женские закрытые, пара', 'weight': 0.00206, 'parent': 27, 'reason': 'short_history', 'offset': -0.020555444444445767, 'last_observation': '2023-10-01'}, {'item_code': 1051, 'name': 'Туфли женские летние, босоножки, пара', 'weight': 0.0019, 'parent': 27, 'reason': 'short_history', 'offset': 0.08277766666666667, 'last_observation': '2023-10-01'}, {'item_code': 1052, 'name': 'Фосфоглив, 10 капсул', 'weight': 0.0005, 'parent': 21, 'reason': 'short_history', 'offset': -0.3322226111111111, 'last_observation': '2023-10-01'}, {'item_code': 1053, 'name': 'Фуросемид, 40 мг, 10 таблеток', 'weight': 0.00044, 'parent': 21, 'reason': 'short_history', 'offset': 1.1266666666666676, 'last_observation': '2023-10-01'}, {'item_code': 1054, 'name': 'Хлеб и булочные изделия из пшеничной муки различных сортов, кг', 'weight': 0.00673, 'parent': 49, 'reason': 'short_history', 'offset': 0.020555944444444505, 'last_observation': '2023-10-01'}, {'item_code': 1055, 'name': 'Цитрамон, 10 таблеток', 'weight': 0.00047, 'parent': 21, 'reason': 'short_history', 'offset': -0.4650001666666665, 'last_observation': '2023-10-01'}, {'item_code': 1056, 'name': 'Энтеросгель, 225 г', 'weight': 0.00044, 'parent': 21, 'reason': 'short_history', 'offset': -0.06722216666666567, 'last_observation': '2023-10-01'}, {'item_code': 1057, 'name': 'Эргоферон, 20 таблеток', 'weight': 0.00048, 'parent': 21, 'reason': 'short_history', 'offset': -0.22499994444444363, 'last_observation': '2023-10-01'}, {'item_code': 1058, 'name': 'Эуфиллин, 150 мг, 10 таблеток', 'weight': 0.00042, 'parent': 21, 'reason': 'short_history', 'offset': 0.7605555555555562, 'last_observation': '2023-10-01'}, {'item_code': 1060, 'name': 'Поездки в страны Закавказья, поездка', 'weight': 0.00088, 'parent': 67, 'reason': 'short_history', 'offset': 0.21222222222222265, 'last_observation': '2023-10-01'}, {'item_code': 1065, 'name': 'Поездки в отдельные страны Юго-Восточной Азии, поездка', 'weight': 0.00014, 'parent': 67, 'reason': 'short_history', 'offset': 0.3661111666666667, 'last_observation': '2023-10-01'}, {'item_code': 1066, 'name': 'Молоко питьевое цельное пастеризованное более 3,2% жирности, л', 'weight': 0.00234, 'parent': 24, 'reason': 'short_history', 'offset': -0.18888866666666676, 'last_observation': '2023-10-01'}, {'item_code': 1067, 'name': 'Творожок детский, кг', 'weight': 9e-05, 'parent': 24, 'reason': 'short_history', 'offset': 0.045555333333332726, 'last_observation': '2023-10-01'}, {'item_code': 1068, 'name': 'Молоко для детей, л', 'weight': 5e-05, 'parent': 24, 'reason': 'short_history', 'offset': -0.03277777777777876, 'last_observation': '2023-10-01'}, {'item_code': 1069, 'name': 'Сухие приправы, специи, кг', 'weight': 0.00173, 'parent': 53, 'reason': 'short_history', 'offset': 0.01687872222222116, 'last_observation': '2023-10-01'}, {'item_code': 1070, 'name': 'Трикотажный головной убор для взрослых, шт.', 'weight': 0.0005999999999999, 'parent': 43, 'reason': 'short_history', 'offset': 0.011110722222222572, 'last_observation': '2023-10-01'}, {'item_code': 1071, 'name': 'Крем детский, 100 г (100 мл)', 'weight': 0.00227, 'parent': 30, 'reason': 'short_history', 'offset': 0.6361109999999996, 'last_observation': '2023-10-01'}, {'item_code': 1072, 'name': 'Чемодан, шт.', 'weight': 0.00123, 'parent': 13, 'reason': 'short_history', 'offset': -0.1311112777777797, 'last_observation': '2023-10-01'}, {'item_code': 1073, 'name': 'Бумага офисная, упаковка 500 листов', 'weight': 0.00042, 'parent': 54, 'reason': 'short_history', 'offset': 0.043560944444444596, 'last_observation': '2023-10-01'}, {'item_code': 1074, 'name': 'Смарт-часы, шт.', 'weight': 0.0002, 'parent': 37, 'reason': 'short_history', 'offset': 0.45722211111111005, 'last_observation': '2023-10-01'}, {'item_code': 1075, 'name': 'Коньки, пара', 'weight': 0.0009, 'parent': 54, 'reason': 'short_history', 'offset': -0.36643916666666676, 'last_observation': '2023-10-01'}, {'item_code': 1076, 'name': 'Гипсокартон, м2', 'weight': 0.00057, 'parent': 38, 'reason': 'short_history', 'offset': -0.2000001666666675, 'last_observation': '2023-10-01'}, {'item_code': 1077, 'name': 'Кресло детское автомобильное, шт.', 'weight': 0.00057, 'parent': 17, 'reason': 'short_history', 'offset': 0.34055538888888903, 'last_observation': '2023-10-01'}, {'item_code': 1078, 'name': 'Соска (пустышка) детская, шт.', 'weight': 0.00014, 'parent': 21, 'reason': 'short_history', 'offset': -0.3811107222222216, 'last_observation': '2023-10-01'}, {'item_code': 1079, 'name': 'Бутылочка для кормления, шт.', 'weight': 0.00117, 'parent': 21, 'reason': 'short_history', 'offset': 0.11555511111111134, 'last_observation': '2023-10-01'}, {'item_code': 1080, 'name': 'Ингалипт, аэрозоль для местного применения, 30 мл', 'weight': 0.00056, 'parent': 21, 'reason': 'short_history', 'offset': -0.2761108333333332, 'last_observation': '2023-10-01'}, {'item_code': 1083, 'name': 'Поездка на отдых на Черноморское побережье России и в Крым, поездка', 'weight': 0.00064, 'parent': 55, 'reason': 'short_history', 'offset': -0.3406272352941182, 'last_observation': '2023-10-01'}, {'item_code': 1105, 'name': 'Воздушный и железнодорожный транспорт', 'weight': 0.00512, 'parent': 47, 'reason': 'no_item_history', 'offset': 0.0, 'last_observation': None}]",{'53': 0.0021599999999999953},"revised source hierarchy, not real-time publication vintages",,,
GroupsFixed,2023-10-01,available,,,2023-01-01,,,,,1.0,,,,1.0,,,,[],fixed,freeze
GroupsDated,2023-10-01,available,,,2023-01-01,,,,,1.0,,,,1.0,,,,[],dated,freeze
Ridge,2023-11-01,available,,,,,,,,,,,,,,,,,,
Huber,2023-11-01,available,,,,,,,,,,,,,,,,,,
SeasonalNaive,2023-11-01,available,,,,,,,,,,,,,,,,,,
Micro,2023-11-01,available,,2023-11-01,2023-01-01,"latest vintage at cutoff, frozen through forecast horizon",raw,parent_seasonal,540.0,0.9927199999999986,0.8934299999999991,0.1044099999999995,0.002160000000001393,1.0,"[{'item_code': 786, 'name': 'Поездка на отдых в Турцию, поездка', 'weight': 0.00112, 'parent': 67, 'reason': 'insufficient_training_rows', 'offset': -0.3566665000000005, 'last_observation': '2023-11-01'}, {'item_code': 851, 'name': 'Активированный уголь, 250 мг, 10 таблеток', 'weight': 0.00048, 'parent': 21, 'reason': 'insufficient_training_rows', 'offset': 0.4238887222222232, 'last_observation': '2023-11-01'}, {'item_code': 852, 'name': 'Бисакодил, 5 мг, 10 таблеток', 'weight': 0.00044, 'parent': 21, 'reason': 'insufficient_training_rows', 'offset': 0.3466666666666664, 'last_observation': '2023-11-01'}, {'item_code': 970, 'name': 'Сливки питьевые, л', 'weight': 0.00127, 'parent': 24, 'reason': 'short_history', 'offset': -0.29833366666666844, 'last_observation': '2023-11-01'}, {'item_code': 971, 'name': 'Зелень свежая, кг', 'weight': 0.0009, 'parent': 33, 'reason': 'short_history', 'offset': -0.2888888333333328, 'last_observation': '2023-11-01'}, {'item_code': 972, 'name': 'Грибы свежие, кг', 'weight': 0.00196, 'parent': 33, 'reason': 'short_history', 'offset': 0.15388883333333483, 'last_observation': '2023-11-01'}, {'item_code': 973, 'name': 'Ягоды замороженные, кг', 'weight': 0.00034, 'parent': 33, 'reason': 'short_history', 'offset': -0.2183328333333334, 'last_observation': '2023-11-01'}, {'item_code': 975, 'name': 'Дезинфицирующее средство для поверхностей, л', 'weight': 0.00279, 'parent': 25, 'reason': 'short_history', 'offset': -0.2688890000000007, 'last_observation': '2023-11-01'}, {'item_code': 976, 'name': 'Гель для душа, 250 мл', 'weight': 0.00162, 'parent': 30, 'reason': 'short_history', 'offset': -0.5155558333333327, 'last_observation': '2023-11-01'}, {'item_code': 977, 'name': 'Мыло туалетное жидкое, 250 мл', 'weight': 0.00116, 'parent': 30, 'reason': 'short_history', 'offset': -0.3444443888888892, 'last_observation': '2023-11-01'}, {'item_code': 978, 'name': 'Дезодорант, 50 мл', 'weight': 0.00127, 'parent': 30, 'reason': 'short_history', 'offset': 0.10777777777777765, 'last_observation': '2023-11-01'}, {'item_code': 979, 'name': 'Кресло мягкое, шт.', 'weight': 0.00162, 'parent': 20, 'reason': 'short_history', 'offset': -0.1383335555555563, 'last_observation': '2023-11-01'}, {'item_code': 980, 'name': 'Матрас для взрослых, шт.', 'weight': 0.00095, 'parent': 20, 'reason': 'short_history', 'offset': 0.08166638888888873, 'last_observation': '2023-11-01'}, {'item_code': 981, 'name': 'Салфетки влажные, упаковка 20 шт.', 'weight': 0.00064, 'parent': 54, 'reason': 'short_history', 'offset': -0.35645266666666625, 'last_observation': '2023-11-01'}, {'item_code': 982, 'name': 'Бумажные столовые салфетки, упаковка 10 шт.', 'weight': 0.0018, 'parent': 54, 'reason': 'short_history', 'offset': -0.1392306666666659, 'last_observation': '2023-11-01'}, {'item_code': 983, 'name': 'Бумажные носовые платки, упаковка 10 шт.', 'weight': 0.0005999999999999, 'parent': 54, 'reason': 'short_history', 'offset': 0.04076955555555549, 'last_observation': '2023-11-01'}, {'item_code': 984, 'name': 'Прокладки женские гигиенические, 10 шт.', 'weight': 0.00124, 'parent': 54, 'reason': 'short_history', 'offset': -0.24145327777777778, 'last_observation': '2023-11-01'}, {'item_code': 985, 'name': 'Наушники беспроводные, шт.', 'weight': 0.00199, 'parent': 37, 'reason': 'short_history', 'offset': -0.11277772222222164, 'last_observation': '2023-11-01'}, {'item_code': 986, 'name': 'Азитромицин, 500 мг, 10 капсул (таблеток)', 'weight': 0.00036, 'parent': 21, 'reason': 'short_history', 'offset': -0.9299999444444443, 'last_observation': '2023-11-01'}, {'item_code': 987, 'name': 'Цефтриаксон, 1 г', 'weight': 0.00032, 'parent': 21, 'reason': 'short_history', 'offset': 0.26555561111111026, 'last_observation': '2023-11-01'}, {'item_code': 988, 'name': 'Осельтамивир (Номидес), 75 мг, 10 капсул', 'weight': 0.00047, 'parent': 21, 'reason': 'short_history', 'offset': -0.5544443888888893, 'last_observation': '2023-11-01'}, {'item_code': 990, 'name': 'Колекальциферол (Витамин Д3), 10 мл', 'weight': 0.00041, 'parent': 21, 'reason': 'short_history', 'offset': -0.3983335555555551, 'last_observation': '2023-11-01'}, {'item_code': 991, 'name': 'Умифеновир (Арбидол), 100 мг, 10 капсул (таблеток)', 'weight': 0.00045, 'parent': 21, 'reason': 'short_history', 'offset': -0.04111116666666624, 'last_observation': '2023-11-01'}, {'item_code': 992, 'name': 'Амлодипин, 10 мг, 10 таблеток', 'weight': 0.00042, 'parent': 21, 'reason': 'short_history', 'offset': 0.029444444444443718, 'last_observation': '2023-11-01'}, {'item_code': 993, 'name': 'Омепразол, 20 мг, 10 таблеток', 'weight': 0.00054, 'parent': 21, 'reason': 'short_history', 'offset': -0.3133336666666666, 'last_observation': '2023-11-01'}, {'item_code': 995, 'name': 'Амоксициллин с клавулановой кислотой, 500 мг+125мг, 10 таблеток', 'weight': 0.00046, 'parent': 21, 'reason': 'short_history', 'offset': -0.24333333333333307, 'last_observation': '2023-11-01'}, {'item_code': 996, 'name': 'Ибупрофен, 200 мг, 10 таблеток', 'weight': 0.00049, 'parent': 21, 'reason': 'short_history', 'offset': -0.04333311111111095, 'last_observation': '2023-11-01'}, {'item_code': 997, 'name': 'Шприцы одноразовые, шт.', 'weight': 0.00022, 'parent': 21, 'reason': 'short_history', 'offset': -0.4000002222222218, 'last_observation': '2023-11-01'}, {'item_code': 998, 'name': 'Санитарно-гигиеническая маска (медицинская), шт.', 'weight': 0.00037, 'parent': 21, 'reason': 'short_history', 'offset': -0.3838888888888895, 'last_observation': '2023-11-01'}, {'item_code': 999, 'name': 'Антисептик для рук, 100 мл', 'weight': 0.00036, 'parent': 21, 'reason': 'short_history', 'offset': -0.30222244444444535, 'last_observation': '2023-11-01'}, {'item_code': 1000, 'name': 'Термометр медицинский безртутный (галинстановый), шт.', 'weight': 0.0001, 'parent': 21, 'reason': 'short_history', 'offset': 0.1338888888888887, 'last_observation': '2023-11-01'}, {'item_code': 1001, 'name': 'Установка натяжного потолка, м2', 'weight': 0.00068, 'parent': 12, 'reason': 'short_history', 'offset': -0.2949999999999993, 'last_observation': '2023-11-01'}, {'item_code': 1002, 'name': 'Услуги аренды автомобилей, час', 'weight': 0.00022, 'parent': 47, 'reason': 'short_history', 'offset': -0.33444449999999964, 'last_observation': '2023-11-01'}, {'item_code': 1003, 'name': 'Подписка на онлайн-видеосервисы, месяц', 'weight': 0.00629, 'parent': 48, 'reason': 'short_history', 'offset': 0.16388888888888906, 'last_observation': '2023-11-01'}, {'item_code': 1004, 'name': 'Проживание в гостинице 1* или в мотеле, сутки с человека', 'weight': 0.0002, 'parent': 55, 'reason': 'short_history', 'offset': -0.3763013333333329, 'last_observation': '2023-11-01'}, {'item_code': 1005, 'name': 'Проживание в гостинице 2*, сутки с человека', 'weight': 0.00036, 'parent': 55, 'reason': 'short_history', 'offset': -0.17185688888888803, 'last_observation': '2023-11-01'}, {'item_code': 1006, 'name': 'Проживание в гостинице 3*, сутки с человека', 'weight': 0.0005999999999999, 'parent': 55, 'reason': 'short_history', 'offset': -0.2374124999999994, 'last_observation': '2023-11-01'}, {'item_code': 1007, 'name': 'Проживание в гостинице 4*-5*, сутки с человека', 'weight': 0.0005999999999999, 'parent': 55, 'reason': 'short_history', 'offset': 0.6859207222222233, 'last_observation': '2023-11-01'}, {'item_code': 1008, 'name': 'Проживание в хостеле, сутки с человека', 'weight': 9e-05, 'parent': 55, 'reason': 'short_history', 'offset': -0.3763013333333329, 'last_observation': '2023-11-01'}, {'item_code': 1009, 'name': 'Экскурсионные туры по России, поездка', 'weight': 0.00041, 'parent': 55, 'reason': 'short_history', 'offset': -0.1801902222222217, 'last_observation': '2023-11-01'}, {'item_code': 1011, 'name': 'Поездка на отдых в ОАЭ, поездка', 'weight': 0.00027, 'parent': 67, 'reason': 'short_history', 'offset': 3.495555166666666, 'last_observation': '2023-11-01'}, {'item_code': 1012, 'name': 'Услуги сиделок, час', 'weight': 0.00094, 'parent': 22, 'reason': 'short_history', 'offset': -0.14166677777777814, 'last_observation': '2023-11-01'}, {'item_code': 1013, 'name': 'Диагностика на магнитно-резонансном или компьютерном томографе, услуга', 'weight': 0.0004, 'parent': 22, 'reason': 'short_history', 'offset': 0.09166655555555536, 'last_observation': '2023-11-01'}, {'item_code': 1014, 'name': 'Гастроскопия (ФГДС, ЭГДС), услуга', 'weight': 0.0005, 'parent': 22, 'reason': 'short_history', 'offset': 0.12111099999999987, 'last_observation': '2023-11-01'}, {'item_code': 1015, 'name': 'Комиссия банка за перевод средств с карты на карту клиенту другого банка на территории России, услуга', 'weight': 0.00032, 'parent': 55, 'reason': 'short_history', 'offset': -0.3763013333333329, 'last_observation': '2023-11-01'}, {'item_code': 1020, 'name': 'Аскорбиновая кислота, 50 мг, 100 драже', 'weight': 0.00049, 'parent': 21, 'reason': 'short_history', 'offset': 1.1522222222222227, 'last_observation': '2023-11-01'}, {'item_code': 1021, 'name': 'Афобазол, 10 мг, 30 таблеток', 'weight': 0.00042, 'parent': 21, 'reason': 'short_history', 'offset': 0.32277794444444335, 'last_observation': '2023-11-01'}, {'item_code': 1022, 'name': 'Ацетилцистеин (АЦЦ), 600 мг, 10 таблеток', 'weight': 0.00042, 'parent': 21, 'reason': 'short_history', 'offset': 0.4911111111111113, 'last_observation': '2023-11-01'}, {'item_code': 1023, 'name': 'Аципол, 30 капсул', 'weight': 0.00049, 'parent': 21, 'reason': 'short_history', 'offset': -0.13833344444444468, 'last_observation': '2023-11-01'}, {'item_code': 1024, 'name': 'Валерианы экстракт, 20 мг, 10 таблеток', 'weight': 0.00023, 'parent': 21, 'reason': 'short_history', 'offset': -0.35777794444444466, 'last_observation': '2023-11-01'}, {'item_code': 1025, 'name': 'Газета в розницу, шт.', 'weight': 0.00055, 'parent': 32, 'reason': 'short_history', 'offset': 0.01111111111111127, 'last_observation': '2023-11-01'}, {'item_code': 1026, 'name': 'Гриппферон, 10000 МЕ/мл, 10 мл', 'weight': 0.00042, 'parent': 21, 'reason': 'short_history', 'offset': -0.3527775000000012, 'last_observation': '2023-11-01'}, {'item_code': 1027, 'name': 'Ингавирин, 90 мг, 10 капсул', 'weight': 0.00048, 'parent': 21, 'reason': 'short_history', 'offset': -0.0977774999999994, 'last_observation': '2023-11-01'}, {'item_code': 1028, 'name': 'Канефрон Н, 60 таблеток', 'weight': 0.00023, 'parent': 21, 'reason': 'short_history', 'offset': 0.18611105555555538, 'last_observation': '2023-11-01'}, {'item_code': 1029, 'name': 'Кеторол Экспресс, 10 мг, 10 таблеток', 'weight': 0.00047, 'parent': 21, 'reason': 'short_history', 'offset': 0.17055555555555438, 'last_observation': '2023-11-01'}, {'item_code': 1030, 'name': 'Клубная карта в фитнес-клуб, месяц', 'weight': 0.0008899999999999, 'parent': 55, 'reason': 'short_history', 'offset': 0.02758755555555581, 'last_observation': '2023-11-01'}, {'item_code': 1032, 'name': 'Кроссовые туфли для взрослых, пара', 'weight': 0.00332, 'parent': 27, 'reason': 'short_history', 'offset': 0.07611133333333303, 'last_observation': '2023-11-01'}, {'item_code': 1033, 'name': 'Ксарелто, 20 мг, 10 таблеток', 'weight': 0.00043, 'parent': 21, 'reason': 'short_history', 'offset': -0.003333166666667214, 'last_observation': '2023-11-01'}, {'item_code': 1034, 'name': 'Магне В6, 10 таблеток', 'weight': 0.00044, 'parent': 21, 'reason': 'short_history', 'offset': -0.13611100000000043, 'last_observation': '2023-11-01'}, {'item_code': 1035, 'name': 'Метилурацил, 10 % мазь, 25 г', 'weight': 0.00045, 'parent': 21, 'reason': 'short_history', 'offset': -0.11388872222222249, 'last_observation': '2023-11-01'}, {'item_code': 1036, 'name': 'Мидокалм, 150 мг, 30 таблеток', 'weight': 0.00047, 'parent': 21, 'reason': 'short_history', 'offset': -0.28166694444444335, 'last_observation': '2023-11-01'}, {'item_code': 1037, 'name': 'Мирамистин, 0,01%, 150 мл', 'weight': 0.00051, 'parent': 21, 'reason': 'short_history', 'offset': -0.19500027777777815, 'last_observation': '2023-11-01'}, {'item_code': 1038, 'name': 'Натрия хлорид, 0,9%, 100 мл', 'weight': 0.00045, 'parent': 21, 'reason': 'short_history', 'offset': 0.5511111111111112, 'last_observation': '2023-11-01'}, {'item_code': 1039, 'name': 'Нафазолин, 0,1%, 15 мл', 'weight': 0.00051, 'parent': 21, 'reason': 'short_history', 'offset': 0.13333338888888827, 'last_observation': '2023-11-01'}, {'item_code': 1040, 'name': 'Парацетамол, 500 мг, 10 таблеток', 'weight': 0.00049, 'parent': 21, 'reason': 'short_history', 'offset': -0.04055566666666661, 'last_observation': '2023-11-01'}, {'item_code': 1041, 'name': 'Перекись водорода, 3%, 100 мл', 'weight': 0.00052, 'parent': 21, 'reason': 'short_history', 'offset': -0.38444422222222285, 'last_observation': '2023-11-01'}, {'item_code': 1042, 'name': 'Пиво, л', 'weight': 0.00347, 'parent': 11, 'reason': 'short_history', 'offset': -0.040000166666666975, 'last_observation': '2023-11-01'}, {'item_code': 1043, 'name': 'Поездка на отдых в Египет, поездка', 'weight': 0.0002, 'parent': 67, 'reason': 'short_history', 'offset': 0.6216669444444444, 'last_observation': '2023-11-01'}, {'item_code': 1044, 'name': 'Поливитамины, 10 шт.', 'weight': 0.0005, 'parent': 21, 'reason': 'short_history', 'offset': 0.029444388888889093, 'last_observation': '2023-11-01'}, {'item_code': 1045, 'name': 'Ренгалин, 20 таблеток', 'weight': 0.00047, 'parent': 21, 'reason': 'short_history', 'offset': -0.17555516666666668, 'last_observation': '2023-11-01'}, {'item_code': 1046, 'name': 'Сигареты с фильтром, пачка', 'weight': 0.00743, 'parent': 40, 'reason': 'short_history', 'offset': 0.0, 'last_observation': '2023-11-01'}, {'item_code': 1047, 'name': 'Синупрет, 50 таблеток', 'weight': 0.00016, 'parent': 21, 'reason': 'short_history', 'offset': -0.13888905555555514, 'last_observation': '2023-11-01'}, {'item_code': 1048, 'name': 'Сумка женская, шт.', 'weight': 0.00159, 'parent': 13, 'reason': 'short_history', 'offset': -0.18166722222222298, 'last_observation': '2023-11-01'}, {'item_code': 1049, 'name': 'Творог, кг', 'weight': 0.00581, 'parent': 24, 'reason': 'short_history', 'offset': 0.11722216666666599, 'last_observation': '2023-11-01'}, {'item_code': 1050, 'name': 'Туфли женские закрытые, пара', 'weight': 0.00206, 'parent': 27, 'reason': 'short_history', 'offset': -0.19722222222222285, 'last_observation': '2023-11-01'}, {'item_code': 1051, 'name': 'Туфли женские летние, босоножки, пара', 'weight': 0.0019, 'parent': 27, 'reason': 'short_history', 'offset': -0.15722233333333296, 'last_observation': '2023-11-01'}, {'item_code': 1052, 'name': 'Фосфоглив, 10 капсул', 'weight': 0.0005, 'parent': 21, 'reason': 'short_history', 'offset': -0.7327782222222218, 'last_observation': '2023-11-01'}, {'item_code': 1053, 'name': 'Фуросемид, 40 мг, 10 таблеток', 'weight': 0.00044, 'parent': 21, 'reason': 'short_history', 'offset': 1.071111111111112, 'last_observation': '2023-11-01'}, {'item_code': 1054, 'name': 'Хлеб и булочные изделия из пшеничной муки различных сортов, кг', 'weight': 0.00673, 'parent': 49, 'reason': 'short_history', 'offset': 0.07055588888888861, 'last_observation': '2023-11-01'}, {'item_code': 1055, 'name': 'Цитрамон, 10 таблеток', 'weight': 0.00047, 'parent': 21, 'reason': 'short_history', 'offset': -0.5038890555555555, 'last_observation': '2023-11-01'}, {'item_code': 1056, 'name': 'Энтеросгель, 225 г', 'weight': 0.00044, 'parent': 21, 'reason': 'short_history', 'offset': -0.3644444444444438, 'last_observation': '2023-11-01'}, {'item_code': 1057, 'name': 'Эргоферон, 20 таблеток', 'weight': 0.00048, 'parent': 21, 'reason': 'short_history', 'offset': -0.19944411111111057, 'last_observation': '2023-11-01'}, {'item_code': 1058, 'name': 'Эуфиллин, 150 мг, 10 таблеток', 'weight': 0.00042, 'parent': 21, 'reason': 'short_history', 'offset': 0.7811111111111112, 'last_observation': '2023-11-01'}, {'item_code': 1060, 'name': 'Поездки в страны Закавказья, поездка', 'weight': 0.00088, 'parent': 67, 'reason': 'short_history', 'offset': -0.43833333333333335, 'last_observation': '2023-11-01'}, {'item_code': 1065, 'name': 'Поездки в отдельные страны Юго-Восточной Азии, поездка', 'weight': 0.00014, 'parent': 67, 'reason': 'short_history', 'offset': 2.42833361111111, 'last_observation': '2023-11-01'}, {'item_code': 1066, 'name': 'Молоко питьевое цельное пастеризованное более 3,2% жирности, л', 'weight': 0.00234, 'parent': 24, 'reason': 'short_history', 'offset': -0.018333222222222407, 'last_observation': '2023-11-01'}, {'item_code': 1067, 'name': 'Творожок детский, кг', 'weight': 9e-05, 'parent': 24, 'reason': 'short_history', 'offset': -0.45888911111111164, 'last_observation': '2023-11-01'}, {'item_code': 1068, 'name': 'Молоко для детей, л', 'weight': 5e-05, 'parent': 24, 'reason': 'short_history', 'offset': -0.037777833333334364, 'last_observation': '2023-11-01'}, {'item_code': 1069, 'name': 'Сухие приправы, специи, кг', 'weight': 0.00173, 'parent': 53, 'reason': 'short_history', 'offset': 0.01786955555555478, 'last_observation': '2023-11-01'}, {'item_code': 1070, 'name': 'Трикотажный головной убор для взрослых, шт.', 'weight': 0.0005999999999999, 'parent': 43, 'reason': 'short_history', 'offset': 0.1333331666666674, 'last_observation': '2023-11-01'}, {'item_code': 1071, 'name': 'Крем детский, 100 г (100 мл)', 'weight': 0.00227, 'parent': 30, 'reason': 'short_history', 'offset': 0.6994447222222218, 'last_observation': '2023-11-01'}, {'item_code': 1072, 'name': 'Чемодан, шт.', 'weight': 0.00123, 'parent': 13, 'reason': 'short_history', 'offset': -0.09388927777777904, 'last_observation': '2023-11-01'}, {'item_code': 1073, 'name': 'Бумага офисная, упаковка 500 листов', 'weight': 0.00042, 'parent': 54, 'reason': 'short_history', 'offset': -0.20700822222222273, 'last_observation': '2023-11-01'}, {'item_code': 1074, 'name': 'Смарт-часы, шт.', 'weight': 0.0002, 'parent': 37, 'reason': 'short_history', 'offset': 0.570555944444444, 'last_observation': '2023-11-01'}, {'item_code': 1075, 'name': 'Коньки, пара', 'weight': 0.0009, 'parent': 54, 'reason': 'short_history', 'offset': 0.18132483333333246, 'last_observation': '2023-11-01'}, {'item_code': 1076, 'name': 'Гипсокартон, м2', 'weight': 0.00057, 'parent': 38, 'reason': 'short_history', 'offset': -0.19944461111111167, 'last_observation': '2023-11-01'}, {'item_code': 1077, 'name': 'Кресло детское автомобильное, шт.', 'weight': 0.00057, 'parent': 17, 'reason': 'short_history', 'offset': 0.3588887222222223, 'last_observation': '2023-11-01'}, {'item_code': 1078, 'name': 'Соска (пустышка) детская, шт.', 'weight': 0.00014, 'parent': 21, 'reason': 'short_history', 'offset': -0.40777766666666637, 'last_observation': '2023-11-01'}, {'item_code': 1079, 'name': 'Бутылочка для кормления, шт.', 'weight': 0.00117, 'parent': 21, 'reason': 'short_history', 'offset': -0.12333399999999983, 'last_observation': '2023-11-01'}, {'item_code': 1080, 'name': 'Ингалипт, аэрозоль для местного применения, 30 мл', 'weight': 0.00056, 'parent': 21, 'reason': 'short_history', 'offset': -0.1955553333333329, 'last_observation': '2023-11-01'}, {'item_code': 1083, 'name': 'Поездка на отдых на Черноморское побережье России и в Крым, поездка', 'weight': 0.00064, 'parent': 55, 'reason': 'short_history', 'offset': -0.6362507647058819, 'last_observation': '2023-11-01'}, {'item_code': 1105, 'name': 'Воздушный и железнодорожный транспорт', 'weight': 0.00512, 'parent': 47, 'reason': 'no_item_history', 'offset': 0.0, 'last_observation': None}]",{'53': 0.0021599999999999953},"revised source hierarchy, not real-time publication vintages",,,
GroupsFixed,2023-11-01,available,,,2023-01-01,,,,,1.0,,,,1.0,,,,[],fixed,freeze
GroupsDated,2023-11-01,available,,,2023-01-01,,,,,1.0,,,,1.0,,,,[],dated,freeze
Ridge,2023-12-01,available,,,,,,,,,,,,,,,,,,
Huber,2023-12-01,available,,,,,,,,,,,,,,,,,,
SeasonalNaive,2023-12-01,available,,,,,,,,,,,,,,,,,,
Micro,2023-12-01,available,,2023-12-01,2023-01-01,"latest vintage at cutoff, frozen through forecast horizon",raw,parent_seasonal,540.0,0.9920799999999986,0.8934299999999991,0.1044099999999995,0.002160000000001393,1.0,"[{'item_code': 786, 'name': 'Поездка на отдых в Турцию, поездка', 'weight': 0.00112, 'parent': 67, 'reason': 'insufficient_training_rows', 'offset': -0.8222217777777779, 'last_observation': '2023-12-01'}, {'item_code': 851, 'name': 'Активированный уголь, 250 мг, 10 таблеток', 'weight': 0.00048, 'parent': 21, 'reason': 'insufficient_training_rows', 'offset': 0.48611094444444564, 'last_observation': '2023-12-01'}, {'item_code': 852, 'name': 'Бисакодил, 5 мг, 10 таблеток', 'weight': 0.00044, 'parent': 21, 'reason': 'insufficient_training_rows', 'offset': 0.4888888888888887, 'last_observation': '2023-12-01'}, {'item_code': 970, 'name': 'Сливки питьевые, л', 'weight': 0.00127, 'parent': 24, 'reason': 'insufficient_training_rows', 'offset': -0.23055555555555746, 'last_observation': '2023-12-01'}, {'item_code': 971, 'name': 'Зелень свежая, кг', 'weight': 0.0009, 'parent': 33, 'reason': 'insufficient_training_rows', 'offset': 0.21666661111111157, 'last_observation': '2023-12-01'}, {'item_code': 972, 'name': 'Грибы свежие, кг', 'weight': 0.00196, 'parent': 33, 'reason': 'insufficient_training_rows', 'offset': 0.6233333333333341, 'last_observation': '2023-12-01'}, {'item_code': 973, 'name': 'Ягоды замороженные, кг', 'weight': 0.00034, 'parent': 33, 'reason': 'insufficient_training_rows', 'offset': -0.352777444444445, 'last_observation': '2023-12-01'}, {'item_code': 975, 'name': 'Дезинфицирующее средство для поверхностей, л', 'weight': 0.00279, 'parent': 25, 'reason': 'insufficient_training_rows', 'offset': -0.3711112222222231, 'last_observation': '2023-12-01'}, {'item_code': 976, 'name': 'Гель для душа, 250 мл', 'weight': 0.00162, 'parent': 30, 'reason': 'insufficient_training_rows', 'offset': -0.5577781111111114, 'last_observation': '2023-12-01'}, {'item_code': 977, 'name': 'Мыло туалетное жидкое, 250 мл', 'weight': 0.00116, 'parent': 30, 'reason': 'insufficient_training_rows', 'offset': -0.2522223888888896, 'last_observation': '2023-12-01'}, {'item_code': 978, 'name': 'Дезодорант, 50 мл', 'weight': 0.00127, 'parent': 30, 'reason': 'insufficient_training_rows', 'offset': -0.10777772222222302, 'last_observation': '2023-12-01'}, {'item_code': 979, 'name': 'Кресло мягкое, шт.', 'weight': 0.00162, 'parent': 20, 'reason': 'insufficient_training_rows', 'offset': -0.2761113888888897, 'last_observation': '2023-12-01'}, {'item_code': 980, 'name': 'Матрас для взрослых, шт.', 'weight': 0.00095, 'parent': 20, 'reason': 'insufficient_training_rows', 'offset': 0.2927776666666667, 'last_observation': '2023-12-01'}, {'item_code': 981, 'name': 'Салфетки влажные, упаковка 20 шт.', 'weight': 0.00064, 'parent': 54, 'reason': 'insufficient_training_rows', 'offset': -0.4942713888888888, 'last_observation': '2023-12-01'}, {'item_code': 982, 'name': 'Бумажные столовые салфетки, упаковка 10 шт.', 'weight': 0.0018, 'parent': 54, 'reason': 'insufficient_training_rows', 'offset': 0.027950500000000506, 'last_observation': '2023-12-01'}, {'item_code': 983, 'name': 'Бумажные носовые платки, упаковка 10 шт.', 'weight': 0.0005999999999999, 'parent': 54, 'reason': 'insufficient_training_rows', 'offset': 0.06850616666666633, 'last_observation': '2023-12-01'}, {'item_code': 984, 'name': 'Прокладки женские гигиенические, 10 шт.', 'weight': 0.00124, 'parent': 54, 'reason': 'insufficient_training_rows', 'offset': -0.3153834444444443, 'last_observation': '2023-12-01'}, {'item_code': 985, 'name': 'Наушники беспроводные, шт.', 'weight': 0.00199, 'parent': 37, 'reason': 'insufficient_training_rows', 'offset': 0.15722233333333374, 'last_observation': '2023-12-01'}, {'item_code': 986, 'name': 'Азитромицин, 500 мг, 10 капсул (таблеток)', 'weight': 0.00036, 'parent': 21, 'reason': 'insufficient_training_rows', 'offset': -0.7399999444444434, 'last_observation': '2023-12-01'}, {'item_code': 987, 'name': 'Цефтриаксон, 1 г', 'weight': 0.00032, 'parent': 21, 'reason': 'insufficient_training_rows', 'offset': 0.05777783333333275, 'last_observation': '2023-12-01'}, {'item_code': 988, 'name': 'Осельтамивир (Номидес), 75 мг, 10 капсул', 'weight': 0.00047, 'parent': 21, 'reason': 'insufficient_training_rows', 'offset': -0.6855552222222224, 'last_observation': '2023-12-01'}, {'item_code': 990, 'name': 'Колекальциферол (Витамин Д3), 10 мл', 'weight': 0.00041, 'parent': 21, 'reason': 'insufficient_training_rows', 'offset': -0.3305557777777774, 'last_observation': '2023-12-01'}, {'item_code': 991, 'name': 'Умифеновир (Арбидол), 100 мг, 10 капсул (таблеток)', 'weight': 0.00045, 'parent': 21, 'reason': 'insufficient_training_rows', 'offset': -0.11888872222222188, 'last_observation': '2023-12-01'}, {'item_code': 992, 'name': 'Амлодипин, 10 мг, 10 таблеток', 'weight': 0.00042, 'parent': 21, 'reason': 'insufficient_training_rows', 'offset': -0.12222216666666696, 'last_observation': '2023-12-01'}, {'item_code': 993, 'name': 'Омепразол, 20 мг, 10 таблеток', 'weight': 0.00054, 'parent': 21, 'reason': 'insufficient_training_rows', 'offset': -0.25444477777777763, 'last_observation': '2023-12-01'}, {'item_code': 995, 'name': 'Амоксициллин с клавулановой кислотой, 500 мг+125мг, 10 таблеток', 'weight': 0.00046, 'parent': 21, 'reason': 'insufficient_training_rows', 'offset': -0.3300000555555553, 'last_observation': '2023-12-01'}, {'item_code': 996, 'name': 'Ибупрофен, 200 мг, 10 таблеток', 'weight': 0.00049, 'parent': 21, 'reason': 'insufficient_training_rows', 'offset': 0.06333355555555581, 'last_observation': '2023-12-01'}, {'item_code': 997, 'name': 'Шприцы одноразовые, шт.', 'weight': 0.00022, 'parent': 21, 'reason': 'insufficient_training_rows', 'offset': -0.06777788888888854, 'last_observation': '2023-12-01'}, {'item_code': 998, 'name': 'Санитарно-гигиеническая маска (медицинская), шт.', 'weight': 0.00037, 'parent': 21, 'reason': 'insufficient_training_rows', 'offset': -0.4161113333333333, 'last_observation': '2023-12-01'}, {'item_code': 999, 'name': 'Антисептик для рук, 100 мл', 'weight': 0.00036, 'parent': 21, 'reason': 'insufficient_training_rows', 'offset': -0.23166694444444463, 'last_observation': '2023-12-01'}, {'item_code': 1000, 'name': 'Термометр медицинский безртутный (галинстановый), шт.', 'weight': 0.0001, 'parent': 21, 'reason': 'insufficient_training_rows', 'offset': 0.09388872222222251, 'last_observation': '2023-12-01'}, {'item_code': 1001, 'name': 'Установка натяжного потолка, м2', 'weight': 0.00068, 'parent': 12, 'reason': 'insufficient_training_rows', 'offset': -0.2949999999999993, 'last_observation': '2023-12-01'}, {'item_code': 1002, 'name': 'Услуги аренды автомобилей, час', 'weight': 0.00022, 'parent': 47, 'reason': 'insufficient_training_rows', 'offset': 0.06555561111111136, 'last_observation': '2023-12-01'}, {'item_code': 1003, 'name': 'Подписка на онлайн-видеосервисы, месяц', 'weight': 0.00629, 'parent': 48, 'reason': 'insufficient_training_rows', 'offset': -0.1694444444444443, 'last_observation': '2023-12-01'}, {'item_code': 1004, 'name': 'Проживание в гостинице 1* или в мотеле, сутки с человека', 'weight': 0.0002, 'parent': 55, 'reason': 'insufficient_training_rows', 'offset': -0.3237491111111102, 'last_observation': '2023-12-01'}, {'item_code': 1005, 'name': 'Проживание в гостинице 2*, сутки с человека', 'weight': 0.00036, 'parent': 55, 'reason': 'insufficient_training_rows', 'offset': -0.11930466666666541, 'last_observation': '2023-12-01'}, {'item_code': 1006, 'name': 'Проживание в гостинице 3*, сутки с человека', 'weight': 0.0005999999999999, 'parent': 55, 'reason': 'insufficient_training_rows', 'offset': -0.592638222222221, 'last_observation': '2023-12-01'}, {'item_code': 1007, 'name': 'Проживание в гостинице 4*-5*, сутки с человека', 'weight': 0.0005999999999999, 'parent': 55, 'reason': 'insufficient_training_rows', 'offset': 0.738472944444446, 'last_observation': '2023-12-01'}, {'item_code': 1008, 'name': 'Проживание в хостеле, сутки с человека', 'weight': 9e-05, 'parent': 55, 'reason': 'short_history', 'offset': -0.3237491111111102, 'last_observation': '2023-12-01'}, {'item_code': 1009, 'name': 'Экскурсионные туры по России, поездка', 'weight': 0.00041, 'parent': 55, 'reason': 'insufficient_training_rows', 'offset': -0.3237491111111102, 'last_observation': '2023-12-01'}, {'item_code': 1011, 'name': 'Поездка на отдых в ОАЭ, поездка', 'weight': 0.00027, 'parent': 67, 'reason': 'insufficient_training_rows', 'offset': 4.577777444444444, 'last_observation': '2023-12-01'}, {'item_code': 1012, 'name': 'Услуги сиделок, час', 'weight': 0.00094, 'parent': 22, 'reason': 'insufficient_training_rows', 'offset': -0.16611122222222244, 'last_observation': '2023-12-01'}, {'item_code': 1013, 'name': 'Диагностика на магнитно-резонансном или компьютерном томографе, услуга', 'weight': 0.0004, 'parent': 22, 'reason': 'insufficient_training_rows', 'offset': 0.06722211111111104, 'last_observation': '2023-12-01'}, {'item_code': 1014, 'name': 'Гастроскопия (ФГДС, ЭГДС), услуга', 'weight': 0.0005, 'parent': 22, 'reason': 'insufficient_training_rows', 'offset': 0.09666655555555555, 'last_observation': '2023-12-01'}, {'item_code': 1015, 'name': 'Комиссия банка за перевод средств с карты на карту клиенту другого банка на территории России, услуга', 'weight': 0.00032, 'parent': 55, 'reason': 'insufficient_training_rows', 'offset': -0.3237491111111102, 'last_observation': '2023-12-01'}, {'item_code': 1020, 'name': 'Аскорбиновая кислота, 50 мг, 100 драже', 'weight': 0.00049, 'parent': 21, 'reason': 'short_history', 'offset': 0.9544446111111119, 'last_observation': '2023-12-01'}, {'item_code': 1021, 'name': 'Афобазол, 10 мг, 30 таблеток', 'weight': 0.00042, 'parent': 21, 'reason': 'short_history', 'offset': -0.004444388888889724, 'last_observation': '2023-12-01'}, {'item_code': 1022, 'name': 'Ацетилцистеин (АЦЦ), 600 мг, 10 таблеток', 'weight': 0.00042, 'parent': 21, 'reason': 'short_history', 'offset': 0.6111111111111119, 'last_observation': '2023-12-01'}, {'item_code': 1023, 'name': 'Аципол, 30 капсул', 'weight': 0.00049, 'parent': 21, 'reason': 'short_history', 'offset': -0.10611116666666634, 'last_observation': '2023-12-01'}, {'item_code': 1024, 'name': 'Валерианы экстракт, 20 мг, 10 таблеток', 'weight': 0.00023, 'parent': 21, 'reason': 'short_history', 'offset': -0.04333338888888881, 'last_observation': '2023-12-01'}, {'item_code': 1025, 'name': 'Газета в розницу, шт.', 'weight': 0.00055, 'parent': 32, 'reason': 'short_history', 'offset': 0.03277777777777797, 'last_observation': '2023-12-01'}, {'item_code': 1026, 'name': 'Гриппферон, 10000 МЕ/мл, 10 мл', 'weight': 0.00042, 'parent': 21, 'reason': 'short_history', 'offset': -0.4255552777777791, 'last_observation': '2023-12-01'}, {'item_code': 1027, 'name': 'Ингавирин, 90 мг, 10 капсул', 'weight': 0.00048, 'parent': 21, 'reason': 'short_history', 'offset': 0.003333611111112115, 'last_observation': '2023-12-01'}, {'item_code': 1028, 'name': 'Канефрон Н, 60 таблеток', 'weight': 0.00023, 'parent': 21, 'reason': 'short_history', 'offset': 0.3577777777777784, 'last_observation': '2023-12-01'}, {'item_code': 1029, 'name': 'Кеторол Экспресс, 10 мг, 10 таблеток', 'weight': 0.00047, 'parent': 21, 'reason': 'short_history', 'offset': 0.18666666666666584, 'last_observation': '2023-12-01'}, {'item_code': 1030, 'name': 'Клубная карта в фитнес-клуб, месяц', 'weight': 0.0008899999999999, 'parent': 55, 'reason': 'short_history', 'offset': 0.08013977777777843, 'last_observation': '2023-12-01'}, {'item_code': 1032, 'name': 'Кроссовые туфли для взрослых, пара', 'weight': 0.00332, 'parent': 27, 'reason': 'short_history', 'offset': 0.006667111111111031, 'last_observation': '2023-12-01'}, {'item_code': 1033, 'name': 'Ксарелто, 20 мг, 10 таблеток', 'weight': 0.00043, 'parent': 21, 'reason': 'short_history', 'offset': 0.23777777777777784, 'last_observation': '2023-12-01'}, {'item_code': 1034, 'name': 'Магне В6, 10 таблеток', 'weight': 0.00044, 'parent': 21, 'reason': 'short_history', 'offset': -0.2761110000000002, 'last_observation': '2023-12-01'}, {'item_code': 1035, 'name': 'Метилурацил, 10 % мазь, 25 г', 'weight': 0.00045, 'parent': 21, 'reason': 'short_history', 'offset': -0.16888855555555596, 'last_observation': '2023-12-01'}, {'item_code': 1036, 'name': 'Мидокалм, 150 мг, 30 таблеток', 'weight': 0.00047, 'parent': 21, 'reason': 'short_history', 'offset': -0.22888916666666542, 'last_observation': '2023-12-01'}, {'item_code': 1037, 'name': 'Мирамистин, 0,01%, 150 мл', 'weight': 0.00051, 'parent': 21, 'reason': 'short_history', 'offset': -0.23277805555555553, 'last_observation': '2023-12-01'}, {'item_code': 1038, 'name': 'Натрия хлорид, 0,9%, 100 мл', 'weight': 0.00045, 'parent': 21, 'reason': 'short_history', 'offset': 0.3988888888888893, 'last_observation': '2023-12-01'}, {'item_code': 1039, 'name': 'Нафазолин, 0,1%, 15 мл', 'weight': 0.00051, 'parent': 21, 'reason': 'short_history', 'offset': 0.16611116666666625, 'last_observation': '2023-12-01'}, {'item_code': 1040, 'name': 'Парацетамол, 500 мг, 10 таблеток', 'weight': 0.00049, 'parent': 21, 'reason': 'short_history', 'offset': 0.08499988888889003, 'last_observation': '2023-12-01'}, {'item_code': 1041, 'name': 'Перекись водорода, 3%, 100 мл', 'weight': 0.00052, 'parent': 21, 'reason': 'short_history', 'offset': -0.4688886666666671, 'last_observation': '2023-12-01'}, {'item_code': 1042, 'name': 'Пиво, л', 'weight': 0.00347, 'parent': 11, 'reason': 'short_history', 'offset': 0.012777611111110964, 'last_observation': '2023-12-01'}, {'item_code': 1043, 'name': 'Поездка на отдых в Египет, поездка', 'weight': 0.0002, 'parent': 67, 'reason': 'short_history', 'offset': 0.1372227777777779, 'last_observation': '2023-12-01'}, {'item_code': 1044, 'name': 'Поливитамины, 10 шт.', 'weight': 0.0005, 'parent': 21, 'reason': 'short_history', 'offset': 0.0844443888888896, 'last_observation': '2023-12-01'}, {'item_code': 1045, 'name': 'Ренгалин, 20 таблеток', 'weight': 0.00047, 'parent': 21, 'reason': 'short_history', 'offset': -0.12388855555555583, 'last_observation': '2023-12-01'}, {'item_code': 1046, 'name': 'Сигареты с фильтром, пачка', 'weight': 0.00743, 'parent': 40, 'reason': 'short_history', 'offset': 0.0, 'last_observation': '2023-12-01'}, {'item_code': 1047, 'name': 'Синупрет, 50 таблеток', 'weight': 0.00016, 'parent': 21, 'reason': 'short_history', 'offset': 0.327222055555556, 'last_observation': '2023-12-01'}, {'item_code': 1048, 'name': 'Сумка женская, шт.', 'weight': 0.00159, 'parent': 13, 'reason': 'short_history', 'offset': -0.17666722222222356, 'last_observation': '2023-12-01'}, {'item_code': 1049, 'name': 'Творог, кг', 'weight': 0.00581, 'parent': 24, 'reason': 'short_history', 'offset': 0.2561111111111103, 'last_observation': '2023-12-01'}, {'item_code': 1050, 'name': 'Туфли женские закрытые, пара', 'weight': 0.00206, 'parent': 27, 'reason': 'short_history', 'offset': -0.2077773888888888, 'last_observation': '2023-12-01'}, {'item_code': 1051, 'name': 'Туфли женские летние, босоножки, пара', 'weight': 0.0019, 'parent': 27, 'reason': 'short_history', 'offset': -0.22777772222222126, 'last_observation': '2023-12-01'}, {'item_code': 1052, 'name': 'Фосфоглив, 10 капсул', 'weight': 0.0005, 'parent': 21, 'reason': 'short_history', 'offset': -0.6527781666666657, 'last_observation': '2023-12-01'}, {'item_code': 1053, 'name': 'Фуросемид, 40 мг, 10 таблеток', 'weight': 0.00044, 'parent': 21, 'reason': 'short_history', 'offset': 0.652222111111112, 'last_observation': '2023-12-01'}, {'item_code': 1054, 'name': 'Хлеб и булочные изделия из пшеничной муки различных сортов, кг', 'weight': 0.00673, 'parent': 49, 'reason': 'short_history', 'offset': 0.07722244444444391, 'last_observation': '2023-12-01'}, {'item_code': 1055, 'name': 'Цитрамон, 10 таблеток', 'weight': 0.00047, 'parent': 21, 'reason': 'short_history', 'offset': -0.5622222222222217, 'last_observation': '2023-12-01'}, {'item_code': 1056, 'name': 'Энтеросгель, 225 г', 'weight': 0.00044, 'parent': 21, 'reason': 'short_history', 'offset': -0.32999999999999907, 'last_observation': '2023-12-01'}, {'item_code': 1057, 'name': 'Эргоферон, 20 таблеток', 'weight': 0.00048, 'parent': 21, 'reason': 'short_history', 'offset': -0.12055522222222158, 'last_observation': '2023-12-01'}, {'item_code': 1058, 'name': 'Эуфиллин, 150 мг, 10 таблеток', 'weight': 0.00042, 'parent': 21, 'reason': 'short_history', 'offset': 0.7433333333333338, 'last_observation': '2023-12-01'}, {'item_code': 1060, 'name': 'Поездки в страны Закавказья, поездка', 'weight': 0.00088, 'parent': 67, 'reason': 'short_history', 'offset': 0.07111111111111118, 'last_observation': '2023-12-01'}, {'item_code': 1065, 'name': 'Поездки в отдельные страны Юго-Восточной Азии, поездка', 'weight': 0.00014, 'parent': 67, 'reason': 'short_history', 'offset': 2.8900004999999993, 'last_observation': '2023-12-01'}, {'item_code': 1066, 'name': 'Молоко питьевое цельное пастеризованное более 3,2% жирности, л', 'weight': 0.00234, 'parent': 24, 'reason': 'short_history', 'offset': -0.044999777777778464, 'last_observation': '2023-12-01'}, {'item_code': 1067, 'name': 'Творожок детский, кг', 'weight': 9e-05, 'parent': 24, 'reason': 'short_history', 'offset': -0.6066668333333338, 'last_observation': '2023-12-01'}, {'item_code': 1068, 'name': 'Молоко для детей, л', 'weight': 5e-05, 'parent': 24, 'reason': 'short_history', 'offset': -0.46722233333333446, 'last_observation': '2023-12-01'}, {'item_code': 1069, 'name': 'Сухие приправы, специи, кг', 'weight': 0.00173, 'parent': 53, 'reason': 'short_history', 'offset': 0.19704294444444376, 'last_observation': '2023-12-01'}, {'item_code': 1070, 'name': 'Трикотажный головной убор для взрослых, шт.', 'weight': 0.0005999999999999, 'parent': 43, 'reason': 'short_history', 'offset': 0.09888894444444515, 'last_observation': '2023-12-01'}, {'item_code': 1071, 'name': 'Крем детский, 100 г (100 мл)', 'weight': 0.00227, 'parent': 30, 'reason': 'short_history', 'offset': 0.5194445555555549, 'last_observation': '2023-12-01'}, {'item_code': 1072, 'name': 'Чемодан, шт.', 'weight': 0.00123, 'parent': 13, 'reason': 'short_history', 'offset': -0.14222261111111262, 'last_observation': '2023-12-01'}, {'item_code': 1073, 'name': 'Бумага офисная, упаковка 500 листов', 'weight': 0.00042, 'parent': 54, 'reason': 'short_history', 'offset': -0.11482711111111144, 'last_observation': '2023-12-01'}, {'item_code': 1074, 'name': 'Смарт-часы, шт.', 'weight': 0.0002, 'parent': 37, 'reason': 'short_history', 'offset': 0.4411116666666659, 'last_observation': '2023-12-01'}, {'item_code': 1075, 'name': 'Коньки, пара', 'weight': 0.0009, 'parent': 54, 'reason': 'short_history', 'offset': 0.19628372222222149, 'last_observation': '2023-12-01'}, {'item_code': 1076, 'name': 'Гипсокартон, м2', 'weight': 0.00057, 'parent': 38, 'reason': 'short_history', 'offset': -0.20000000000000126, 'last_observation': '2023-12-01'}, {'item_code': 1077, 'name': 'Кресло детское автомобильное, шт.', 'weight': 0.00057, 'parent': 17, 'reason': 'short_history', 'offset': 0.3394444444444452, 'last_observation': '2023-12-01'}, {'item_code': 1078, 'name': 'Соска (пустышка) детская, шт.', 'weight': 0.00014, 'parent': 21, 'reason': 'short_history', 'offset': -0.4500001111111105, 'last_observation': '2023-12-01'}, {'item_code': 1079, 'name': 'Бутылочка для кормления, шт.', 'weight': 0.00117, 'parent': 21, 'reason': 'short_history', 'offset': -0.10777816666666634, 'last_observation': '2023-12-01'}, {'item_code': 1080, 'name': 'Ингалипт, аэрозоль для местного применения, 30 мл', 'weight': 0.00056, 'parent': 21, 'reason': 'short_history', 'offset': -0.19611088888888795, 'last_observation': '2023-12-01'}, {'item_code': 1083, 'name': 'Поездка на отдых на Черноморское побережье России и в Крым, поездка', 'weight': 0.00064, 'parent': 55, 'reason': 'missing_current_observation', 'offset': 0.0, 'last_observation': '2023-11-01'}, {'item_code': 1105, 'name': 'Воздушный и железнодорожный транспорт', 'weight': 0.00512, 'parent': 47, 'reason': 'no_item_history', 'offset': 0.0, 'last_observation': None}]",{'53': 0.0021599999999999953},"revised source hierarchy, not real-time publication vintages",,,
GroupsFixed,2023-12-01,available,,,2023-01-01,,,,,1.0,,,,1.0,,,,[],fixed,freeze
GroupsDated,2023-12-01,available,,,2023-01-01,,,,,1.0,,,,1.0,,,,[],dated,freeze
Ridge,2024-01-01,available,,,,,,,,,,,,,,,,,,
Huber,2024-01-01,available,,,,,,,,,,,,,,,,,,
SeasonalNaive,2024-01-01,available,,,,,,,,,,,,,,,,,,
Micro,2024-01-01,available,,2024-01-01,2024-01-01,"latest vintage at cutoff, frozen through forecast horizon",raw,parent_seasonal,545.0,0.9922699999999991,0.9172299999999991,0.08075,0.0020200000000008935,1.0,"[{'item_code': 210, 'name': 'Дом отдыха, пансионат, день', 'weight': 0.00025, 'parent': 35, 'reason': 'short_history', 'offset': -0.9784616153846162, 'last_observation': '2024-01-01'}, {'item_code': 339, 'name': 'Легковой автомобиль иностранной марки новый, шт.', 'weight': 0.00555, 'parent': 17, 'reason': 'short_history', 'offset': -0.12307692307692264, 'last_observation': '2024-01-01'}, {'item_code': 340, 'name': 'Легковой автомобиль отечественный новый, шт.', 'weight': 0.00757, 'parent': 17, 'reason': 'calendar_gap_in_required_features', 'offset': -0.13846153846153825, 'last_observation': '2024-01-01'}, {'item_code': 851, 'name': 'Активированный уголь, 250 мг, 10 таблеток', 'weight': 0.00049, 'parent': 21, 'reason': 'insufficient_training_rows', 'offset': 0.11333316666666822, 'last_observation': '2024-01-01'}, {'item_code': 852, 'name': 'Бисакодил, 5 мг, 10 таблеток', 'weight': 0.00042, 'parent': 21, 'reason': 'insufficient_training_rows', 'offset': 0.4311111111111114, 'last_observation': '2024-01-01'}, {'item_code': 1008, 'name': 'Проживание в хостеле, сутки с человека', 'weight': 0.00025, 'parent': 55, 'reason': 'short_history', 'offset': -0.4135758333333328, 'last_observation': '2024-01-01'}, {'item_code': 1020, 'name': 'Аскорбиновая кислота, 50 мг, 100 драже', 'weight': 0.00047, 'parent': 21, 'reason': 'short_history', 'offset': 0.9127779444444459, 'last_observation': '2024-01-01'}, {'item_code': 1021, 'name': 'Афобазол, 10 мг, 30 таблеток', 'weight': 0.00039, 'parent': 21, 'reason': 'short_history', 'offset': -0.0022223333333334003, 'last_observation': '2024-01-01'}, {'item_code': 1022, 'name': 'Ацетилцистеин (АЦЦ), 600 мг, 10 таблеток', 'weight': 0.00039, 'parent': 21, 'reason': 'short_history', 'offset': 0.4222222222222235, 'last_observation': '2024-01-01'}, {'item_code': 1023, 'name': 'Аципол, 30 капсул', 'weight': 0.00039, 'parent': 21, 'reason': 'short_history', 'offset': -0.1750002777777766, 'last_observation': '2024-01-01'}, {'item_code': 1024, 'name': 'Валерианы экстракт, 20 мг, 10 таблеток', 'weight': 0.00019, 'parent': 21, 'reason': 'short_history', 'offset': 0.010000166666667414, 'last_observation': '2024-01-01'}, {'item_code': 1025, 'name': 'Газета в розницу, шт.', 'weight': 0.00049, 'parent': 32, 'reason': 'short_history', 'offset': 0.04500000000000012, 'last_observation': '2024-01-01'}, {'item_code': 1026, 'name': 'Гриппферон, 10000 МЕ/мл, 10 мл', 'weight': 0.00033, 'parent': 21, 'reason': 'short_history', 'offset': -0.1449997222222229, 'last_observation': '2024-01-01'}, {'item_code': 1027, 'name': 'Ингавирин, 90 мг, 10 капсул', 'weight': 0.00042, 'parent': 21, 'reason': 'short_history', 'offset': 0.17888905555555665, 'last_observation': '2024-01-01'}, {'item_code': 1028, 'name': 'Канефрон Н, 60 таблеток', 'weight': 0.00025, 'parent': 21, 'reason': 'short_history', 'offset': 0.1722222222222235, 'last_observation': '2024-01-01'}, {'item_code': 1029, 'name': 'Кеторол Экспресс, 10 мг, 10 таблеток', 'weight': 0.00041, 'parent': 21, 'reason': 'short_history', 'offset': 0.05888888888888902, 'last_observation': '2024-01-01'}, {'item_code': 1030, 'name': 'Клубная карта в фитнес-клуб, месяц', 'weight': 0.00094, 'parent': 55, 'reason': 'short_history', 'offset': -0.009686944444444142, 'last_observation': '2024-01-01'}, {'item_code': 1032, 'name': 'Кроссовые туфли для взрослых, пара', 'weight': 0.0048, 'parent': 27, 'reason': 'short_history', 'offset': -0.093888166666666, 'last_observation': '2024-01-01'}, {'item_code': 1033, 'name': 'Ксарелто, 20 мг, 10 таблеток', 'weight': 0.00038, 'parent': 21, 'reason': 'short_history', 'offset': 0.22666666666666735, 'last_observation': '2024-01-01'}, {'item_code': 1034, 'name': 'Магне В6, 10 таблеток', 'weight': 0.00036, 'parent': 21, 'reason': 'short_history', 'offset': -0.14444433333333329, 'last_observation': '2024-01-01'}, {'item_code': 1035, 'name': 'Метилурацил, 10 % мазь, 25 г', 'weight': 0.00039, 'parent': 21, 'reason': 'short_history', 'offset': -0.08722188888888856, 'last_observation': '2024-01-01'}, {'item_code': 1036, 'name': 'Мидокалм, 150 мг, 30 таблеток', 'weight': 0.00037, 'parent': 21, 'reason': 'short_history', 'offset': -0.11777805555555353, 'last_observation': '2024-01-01'}, {'item_code': 1037, 'name': 'Мирамистин, 0,01%, 150 мл', 'weight': 0.00041, 'parent': 21, 'reason': 'short_history', 'offset': -0.2694446666666658, 'last_observation': '2024-01-01'}, {'item_code': 1038, 'name': 'Натрия хлорид, 0,9%, 100 мл', 'weight': 0.00041, 'parent': 21, 'reason': 'short_history', 'offset': 0.007222222222222759, 'last_observation': '2024-01-01'}, {'item_code': 1039, 'name': 'Нафазолин, 0,1%, 15 мл', 'weight': 0.00049, 'parent': 21, 'reason': 'short_history', 'offset': 0.15888894444444507, 'last_observation': '2024-01-01'}, {'item_code': 1040, 'name': 'Парацетамол, 500 мг, 10 таблеток', 'weight': 0.00041, 'parent': 21, 'reason': 'short_history', 'offset': 0.10999988888889017, 'last_observation': '2024-01-01'}, {'item_code': 1041, 'name': 'Перекись водорода, 3%, 100 мл', 'weight': 0.00037, 'parent': 21, 'reason': 'short_history', 'offset': -0.47833305555555544, 'last_observation': '2024-01-01'}, {'item_code': 1042, 'name': 'Пиво, л', 'weight': 0.00357, 'parent': 11, 'reason': 'short_history', 'offset': 0.03833316666666617, 'last_observation': '2024-01-01'}, {'item_code': 1043, 'name': 'Поездка на отдых в Египет, поездка', 'weight': 0.00014, 'parent': 67, 'reason': 'short_history', 'offset': 1.215000388888888, 'last_observation': '2024-01-01'}, {'item_code': 1044, 'name': 'Поливитамины, 10 шт.', 'weight': 0.00042, 'parent': 21, 'reason': 'short_history', 'offset': 0.13000000000000098, 'last_observation': '2024-01-01'}, {'item_code': 1045, 'name': 'Ренгалин, 20 таблеток', 'weight': 0.00037, 'parent': 21, 'reason': 'short_history', 'offset': 0.11111133333333356, 'last_observation': '2024-01-01'}, {'item_code': 1046, 'name': 'Сигареты с фильтром, пачка', 'weight': 0.00786, 'parent': 40, 'reason': 'short_history', 'offset': 0.0, 'last_observation': '2024-01-01'}, {'item_code': 1047, 'name': 'Синупрет, 50 таблеток', 'weight': 0.00016, 'parent': 21, 'reason': 'short_history', 'offset': 0.8116665000000004, 'last_observation': '2024-01-01'}, {'item_code': 1048, 'name': 'Сумка женская, шт.', 'weight': 0.00158, 'parent': 13, 'reason': 'short_history', 'offset': -0.17611150000000148, 'last_observation': '2024-01-01'}, {'item_code': 1049, 'name': 'Творог, кг', 'weight': 0.00559, 'parent': 24, 'reason': 'short_history', 'offset': 0.17444455555555452, 'last_observation': '2024-01-01'}, {'item_code': 1050, 'name': 'Туфли женские закрытые, пара', 'weight': 0.00215, 'parent': 27, 'reason': 'short_history', 'offset': -0.19111055555555526, 'last_observation': '2024-01-01'}, {'item_code': 1051, 'name': 'Туфли женские летние, босоножки, пара', 'weight': 0.00248, 'parent': 27, 'reason': 'short_history', 'offset': -0.2777774444444437, 'last_observation': '2024-01-01'}, {'item_code': 1052, 'name': 'Фосфоглив, 10 капсул', 'weight': 0.00035, 'parent': 21, 'reason': 'short_history', 'offset': -0.7811116111111099, 'last_observation': '2024-01-01'}, {'item_code': 1053, 'name': 'Фуросемид, 40 мг, 10 таблеток', 'weight': 0.0005, 'parent': 21, 'reason': 'short_history', 'offset': 0.33944433333333435, 'last_observation': '2024-01-01'}, {'item_code': 1054, 'name': 'Хлеб и булочные изделия из пшеничной муки различных сортов, кг', 'weight': 0.00715, 'parent': 49, 'reason': 'short_history', 'offset': 0.0038886666666668487, 'last_observation': '2024-01-01'}, {'item_code': 1055, 'name': 'Цитрамон, 10 таблеток', 'weight': 0.00036, 'parent': 21, 'reason': 'short_history', 'offset': -0.21166666666666523, 'last_observation': '2024-01-01'}, {'item_code': 1056, 'name': 'Энтеросгель, 225 г', 'weight': 0.00036, 'parent': 21, 'reason': 'short_history', 'offset': -0.2822222222222213, 'last_observation': '2024-01-01'}, {'item_code': 1057, 'name': 'Эргоферон, 20 таблеток', 'weight': 0.00037, 'parent': 21, 'reason': 'short_history', 'offset': -0.044999666666666056, 'last_observation': '2024-01-01'}, {'item_code': 1058, 'name': 'Эуфиллин, 150 мг, 10 таблеток', 'weight': 0.00049, 'parent': 21, 'reason': 'short_history', 'offset': 0.6044444444444458, 'last_observation': '2024-01-01'}, {'item_code': 1060, 'name': 'Поездки в страны Закавказья, поездка', 'weight': 0.00055, 'parent': 67, 'reason': 'short_history', 'offset': -0.0877775000000006, 'last_observation': '2024-01-01'}, {'item_code': 1063, 'name': 'Поездки в отдельные страны Средней Азии, поездка', 'weight': 0.00014, 'parent': 67, 'reason': 'short_history', 'offset': -1.190000000000001, 'last_observation': '2024-01-01'}, {'item_code': 1064, 'name': 'Поездка в Беларусь, поездка', 'weight': 5e-05, 'parent': 67, 'reason': 'short_history', 'offset': -0.9284614615384623, 'last_observation': '2024-01-01'}, {'item_code': 1065, 'name': 'Поездки в отдельные страны Юго-Восточной Азии, поездка', 'weight': 5e-05, 'parent': 67, 'reason': 'short_history', 'offset': 2.3888894444444437, 'last_observation': '2024-01-01'}, {'item_code': 1066, 'name': 'Молоко питьевое цельное пастеризованное более 3,2% жирности, л', 'weight': 0.00184, 'parent': 24, 'reason': 'short_history', 'offset': -0.08111077777777827, 'last_observation': '2024-01-01'}, {'item_code': 1067, 'name': 'Творожок детский, кг', 'weight': 5e-05, 'parent': 24, 'reason': 'short_history', 'offset': -0.5661113333333334, 'last_observation': '2024-01-01'}, {'item_code': 1068, 'name': 'Молоко для детей, л', 'weight': 4e-05, 'parent': 24, 'reason': 'short_history', 'offset': -0.1811111666666676, 'last_observation': '2024-01-01'}, {'item_code': 1069, 'name': 'Сухие приправы, специи, кг', 'weight': 0.00167, 'parent': 53, 'reason': 'short_history', 'offset': 0.2612941111111095, 'last_observation': '2024-01-01'}, {'item_code': 1070, 'name': 'Трикотажный головной убор для взрослых, шт.', 'weight': 0.00053, 'parent': 43, 'reason': 'short_history', 'offset': 0.18611122222222243, 'last_observation': '2024-01-01'}, {'item_code': 1071, 'name': 'Крем детский, 100 г (100 мл)', 'weight': 0.00189, 'parent': 30, 'reason': 'short_history', 'offset': 0.3372224999999997, 'last_observation': '2024-01-01'}, {'item_code': 1072, 'name': 'Чемодан, шт.', 'weight': 0.00129, 'parent': 13, 'reason': 'short_history', 'offset': -0.17333344444444598, 'last_observation': '2024-01-01'}, {'item_code': 1073, 'name': 'Бумага офисная, упаковка 500 листов', 'weight': 0.0003, 'parent': 54, 'reason': 'short_history', 'offset': 0.006120055555555837, 'last_observation': '2024-01-01'}, {'item_code': 1074, 'name': 'Смарт-часы, шт.', 'weight': 0.00078, 'parent': 37, 'reason': 'short_history', 'offset': 0.16500044444444406, 'last_observation': '2024-01-01'}, {'item_code': 1075, 'name': 'Коньки, пара', 'weight': 0.00077, 'parent': 54, 'reason': 'short_history', 'offset': 0.1527864444444439, 'last_observation': '2024-01-01'}, {'item_code': 1076, 'name': 'Гипсокартон, м2', 'weight': 0.00048, 'parent': 38, 'reason': 'short_history', 'offset': -0.21888888888889035, 'last_observation': '2024-01-01'}, {'item_code': 1077, 'name': 'Кресло детское автомобильное, шт.', 'weight': 0.00048, 'parent': 17, 'reason': 'short_history', 'offset': 0.26833333333333403, 'last_observation': '2024-01-01'}, {'item_code': 1078, 'name': 'Соска (пустышка) детская, шт.', 'weight': 0.00014, 'parent': 21, 'reason': 'short_history', 'offset': -0.3644447777777763, 'last_observation': '2024-01-01'}, {'item_code': 1079, 'name': 'Бутылочка для кормления, шт.', 'weight': 0.00135, 'parent': 21, 'reason': 'short_history', 'offset': 0.06611083333333391, 'last_observation': '2024-01-01'}, {'item_code': 1080, 'name': 'Ингалипт, аэрозоль для местного применения, 30 мл', 'weight': 0.00037, 'parent': 21, 'reason': 'short_history', 'offset': -0.1088886666666653, 'last_observation': '2024-01-01'}, {'item_code': 1083, 'name': 'Поездка на отдых на Черноморское побережье России и в Крым, поездка', 'weight': 0.00078, 'parent': 55, 'reason': 'short_history', 'offset': -0.8658807499999996, 'last_observation': '2024-01-01'}, {'item_code': 1105, 'name': 'Воздушный и железнодорожный транспорт', 'weight': 0.00571, 'parent': 47, 'reason': 'no_item_history', 'offset': 0.0, 'last_observation': None}]",{'53': 0.002020000000000001},"revised source hierarchy, not real-time publication vintages",,,
GroupsFixed,2024-01-01,available,,,2024-01-01,,,,,1.0,,,,1.0,,,,[],fixed,freeze
GroupsDated,2024-01-01,available,,,2024-01-01,,,,,1.0,,,,1.0,,,,[],dated,freeze
Ridge,2024-02-01,available,,,,,,,,,,,,,,,,,,
Huber,2024-02-01,available,,,,,,,,,,,,,,,,,,
SeasonalNaive,2024-02-01,available,,,,,,,,,,,,,,,,,,
Micro,2024-02-01,available,,2024-02-01,2024-01-01,"latest vintage at cutoff, frozen through forecast horizon",raw,parent_seasonal,545.0,0.9922699999999991,0.9172299999999991,0.08075,0.0020200000000008935,1.0,"[{'item_code': 210, 'name': 'Дом отдыха, пансионат, день', 'weight': 0.00025, 'parent': 35, 'reason': 'short_history', 'offset': -0.8378572142857154, 'last_observation': '2024-02-01'}, {'item_code': 339, 'name': 'Легковой автомобиль иностранной марки новый, шт.', 'weight': 0.00555, 'parent': 17, 'reason': 'short_history', 'offset': -0.12428571428571392, 'last_observation': '2024-02-01'}, {'item_code': 340, 'name': 'Легковой автомобиль отечественный новый, шт.', 'weight': 0.00757, 'parent': 17, 'reason': 'calendar_gap_in_required_features', 'offset': -0.1585714285714285, 'last_observation': '2024-02-01'}, {'item_code': 851, 'name': 'Активированный уголь, 250 мг, 10 таблеток', 'weight': 0.00049, 'parent': 21, 'reason': 'insufficient_training_rows', 'offset': 0.4883333333333353, 'last_observation': '2024-02-01'}, {'item_code': 852, 'name': 'Бисакодил, 5 мг, 10 таблеток', 'weight': 0.00042, 'parent': 21, 'reason': 'insufficient_training_rows', 'offset': 0.13888872222222265, 'last_observation': '2024-02-01'}, {'item_code': 1008, 'name': 'Проживание в хостеле, сутки с человека', 'weight': 0.00025, 'parent': 55, 'reason': 'short_history', 'offset': -0.4092419444444444, 'last_observation': '2024-02-01'}, {'item_code': 1020, 'name': 'Аскорбиновая кислота, 50 мг, 100 драже', 'weight': 0.00047, 'parent': 21, 'reason': 'short_history', 'offset': 0.5805555555555573, 'last_observation': '2024-02-01'}, {'item_code': 1021, 'name': 'Афобазол, 10 мг, 30 таблеток', 'weight': 0.00039, 'parent': 21, 'reason': 'short_history', 'offset': -0.0888889999999994, 'last_observation': '2024-02-01'}, {'item_code': 1022, 'name': 'Ацетилцистеин (АЦЦ), 600 мг, 10 таблеток', 'weight': 0.00039, 'parent': 21, 'reason': 'short_history', 'offset': 0.21277777777777926, 'last_observation': '2024-02-01'}, {'item_code': 1023, 'name': 'Аципол, 30 капсул', 'weight': 0.00039, 'parent': 21, 'reason': 'short_history', 'offset': -0.11722249999999848, 'last_observation': '2024-02-01'}, {'item_code': 1024, 'name': 'Валерианы экстракт, 20 мг, 10 таблеток', 'weight': 0.00019, 'parent': 21, 'reason': 'short_history', 'offset': 0.3938890555555569, 'last_observation': '2024-02-01'}, {'item_code': 1025, 'name': 'Газета в розницу, шт.', 'weight': 0.00049, 'parent': 32, 'reason': 'short_history', 'offset': 0.08611111111111096, 'last_observation': '2024-02-01'}, {'item_code': 1026, 'name': 'Гриппферон, 10000 МЕ/мл, 10 мл', 'weight': 0.00033, 'parent': 21, 'reason': 'short_history', 'offset': -0.3033330555555559, 'last_observation': '2024-02-01'}, {'item_code': 1027, 'name': 'Ингавирин, 90 мг, 10 капсул', 'weight': 0.00042, 'parent': 21, 'reason': 'short_history', 'offset': -0.07277772222222091, 'last_observation': '2024-02-01'}, {'item_code': 1028, 'name': 'Канефрон Н, 60 таблеток', 'weight': 0.00025, 'parent': 21, 'reason': 'short_history', 'offset': 0.23277777777778003, 'last_observation': '2024-02-01'}, {'item_code': 1029, 'name': 'Кеторол Экспресс, 10 мг, 10 таблеток', 'weight': 0.00041, 'parent': 21, 'reason': 'short_history', 'offset': 0.2900000000000007, 'last_observation': '2024-02-01'}, {'item_code': 1030, 'name': 'Клубная карта в фитнес-клуб, месяц', 'weight': 0.00094, 'parent': 55, 'reason': 'short_history', 'offset': -0.24590861111111117, 'last_observation': '2024-02-01'}, {'item_code': 1032, 'name': 'Кроссовые туфли для взрослых, пара', 'weight': 0.0048, 'parent': 27, 'reason': 'short_history', 'offset': -0.3494437222222228, 'last_observation': '2024-02-01'}, {'item_code': 1033, 'name': 'Ксарелто, 20 мг, 10 таблеток', 'weight': 0.00038, 'parent': 21, 'reason': 'short_history', 'offset': 0.30555555555555636, 'last_observation': '2024-02-01'}, {'item_code': 1034, 'name': 'Магне В6, 10 таблеток', 'weight': 0.00036, 'parent': 21, 'reason': 'short_history', 'offset': 0.33055572222222274, 'last_observation': '2024-02-01'}, {'item_code': 1035, 'name': 'Метилурацил, 10 % мазь, 25 г', 'weight': 0.00039, 'parent': 21, 'reason': 'short_history', 'offset': 0.04055588888888985, 'last_observation': '2024-02-01'}, {'item_code': 1036, 'name': 'Мидокалм, 150 мг, 30 таблеток', 'weight': 0.00037, 'parent': 21, 'reason': 'short_history', 'offset': -0.30111155555555374, 'last_observation': '2024-02-01'}, {'item_code': 1037, 'name': 'Мирамистин, 0,01%, 150 мл', 'weight': 0.00041, 'parent': 21, 'reason': 'short_history', 'offset': -0.15555561111111002, 'last_observation': '2024-02-01'}, {'item_code': 1038, 'name': 'Натрия хлорид, 0,9%, 100 мл', 'weight': 0.00041, 'parent': 21, 'reason': 'short_history', 'offset': -0.234444499999999, 'last_observation': '2024-02-01'}, {'item_code': 1039, 'name': 'Нафазолин, 0,1%, 15 мл', 'weight': 0.00049, 'parent': 21, 'reason': 'short_history', 'offset': 0.04111105555555699, 'last_observation': '2024-02-01'}, {'item_code': 1040, 'name': 'Парацетамол, 500 мг, 10 таблеток', 'weight': 0.00041, 'parent': 21, 'reason': 'short_history', 'offset': 0.23055555555555746, 'last_observation': '2024-02-01'}, {'item_code': 1041, 'name': 'Перекись водорода, 3%, 100 мл', 'weight': 0.00037, 'parent': 21, 'reason': 'short_history', 'offset': 0.0044445555555559695, 'last_observation': '2024-02-01'}, {'item_code': 1042, 'name': 'Пиво, л', 'weight': 0.00357, 'parent': 11, 'reason': 'short_history', 'offset': 0.02444427777777807, 'last_observation': '2024-02-01'}, {'item_code': 1043, 'name': 'Поездка на отдых в Египет, поездка', 'weight': 0.00014, 'parent': 67, 'reason': 'short_history', 'offset': 0.6916670555555555, 'last_observation': '2024-02-01'}, {'item_code': 1044, 'name': 'Поливитамины, 10 шт.', 'weight': 0.00042, 'parent': 21, 'reason': 'short_history', 'offset': 0.10666666666666755, 'last_observation': '2024-02-01'}, {'item_code': 1045, 'name': 'Ренгалин, 20 таблеток', 'weight': 0.00037, 'parent': 21, 'reason': 'short_history', 'offset': 0.08166688888888984, 'last_observation': '2024-02-01'}, {'item_code': 1046, 'name': 'Сигареты с фильтром, пачка', 'weight': 0.00786, 'parent': 40, 'reason': 'short_history', 'offset': 0.0, 'last_observation': '2024-02-01'}, {'item_code': 1047, 'name': 'Синупрет, 50 таблеток', 'weight': 0.00016, 'parent': 21, 'reason': 'short_history', 'offset': 0.9855555000000007, 'last_observation': '2024-02-01'}, {'item_code': 1048, 'name': 'Сумка женская, шт.', 'weight': 0.00158, 'parent': 13, 'reason': 'short_history', 'offset': -0.21777816666666816, 'last_observation': '2024-02-01'}, {'item_code': 1049, 'name': 'Творог, кг', 'weight': 0.00559, 'parent': 24, 'reason': 'short_history', 'offset': 0.0288889999999995, 'last_observation': '2024-02-01'}, {'item_code': 1050, 'name': 'Туфли женские закрытые, пара', 'weight': 0.00215, 'parent': 27, 'reason': 'short_history', 'offset': 0.021111499999999554, 'last_observation': '2024-02-01'}, {'item_code': 1051, 'name': 'Туфли женские летние, босоножки, пара', 'weight': 0.00248, 'parent': 27, 'reason': 'short_history', 'offset': -0.07944399999999992, 'last_observation': '2024-02-01'}, {'item_code': 1052, 'name': 'Фосфоглив, 10 капсул', 'weight': 0.00035, 'parent': 21, 'reason': 'short_history', 'offset': -0.7438891666666652, 'last_observation': '2024-02-01'}, {'item_code': 1053, 'name': 'Фуросемид, 40 мг, 10 таблеток', 'weight': 0.0005, 'parent': 21, 'reason': 'short_history', 'offset': 0.05222188888889039, 'last_observation': '2024-02-01'}, {'item_code': 1054, 'name': 'Хлеб и булочные изделия из пшеничной муки различных сортов, кг', 'weight': 0.00715, 'parent': 49, 'reason': 'short_history', 'offset': 0.035555333333333924, 'last_observation': '2024-02-01'}, {'item_code': 1055, 'name': 'Цитрамон, 10 таблеток', 'weight': 0.00036, 'parent': 21, 'reason': 'short_history', 'offset': -0.29277777777777597, 'last_observation': '2024-02-01'}, {'item_code': 1056, 'name': 'Энтеросгель, 225 г', 'weight': 0.00036, 'parent': 21, 'reason': 'short_history', 'offset': -0.25055555555555503, 'last_observation': '2024-02-01'}, {'item_code': 1057, 'name': 'Эргоферон, 20 таблеток', 'weight': 0.00037, 'parent': 21, 'reason': 'short_history', 'offset': -0.1055552222222218, 'last_observation': '2024-02-01'}, {'item_code': 1058, 'name': 'Эуфиллин, 150 мг, 10 таблеток', 'weight': 0.00049, 'parent': 21, 'reason': 'short_history', 'offset': 0.22111122222222374, 'last_observation': '2024-02-01'}, {'item_code': 1060, 'name': 'Поездки в страны Закавказья, поездка', 'weight': 0.00055, 'parent': 67, 'reason': 'short_history', 'offset': -0.18333294444444526, 'last_observation': '2024-02-01'}, {'item_code': 1063, 'name': 'Поездки в отдельные страны Средней Азии, поездка', 'weight': 0.00014, 'parent': 67, 'reason': 'short_history', 'offset': -1.0535714285714295, 'last_observation': '2024-02-01'}, {'item_code': 1064, 'name': 'Поездка в Беларусь, поездка', 'weight': 5e-05, 'parent': 67, 'reason': 'short_history', 'offset': -1.087142785714286, 'last_observation': '2024-02-01'}, {'item_code': 1065, 'name': 'Поездки в отдельные страны Юго-Восточной Азии, поездка', 'weight': 5e-05, 'parent': 67, 'reason': 'short_history', 'offset': -0.2588883333333338, 'last_observation': '2024-02-01'}, {'item_code': 1066, 'name': 'Молоко питьевое цельное пастеризованное более 3,2% жирности, л', 'weight': 0.00184, 'parent': 24, 'reason': 'short_history', 'offset': -0.009444111111111257, 'last_observation': '2024-02-01'}, {'item_code': 1067, 'name': 'Творожок детский, кг', 'weight': 5e-05, 'parent': 24, 'reason': 'short_history', 'offset': -0.5955556666666671, 'last_observation': '2024-02-01'}, {'item_code': 1068, 'name': 'Молоко для детей, л', 'weight': 4e-05, 'parent': 24, 'reason': 'short_history', 'offset': -0.32055577777777855, 'last_observation': '2024-02-01'}, {'item_code': 1069, 'name': 'Сухие приправы, специи, кг', 'weight': 0.00167, 'parent': 53, 'reason': 'short_history', 'offset': 0.31128011111110965, 'last_observation': '2024-02-01'}, {'item_code': 1070, 'name': 'Трикотажный головной убор для взрослых, шт.', 'weight': 0.00053, 'parent': 43, 'reason': 'short_history', 'offset': -0.1677775555555559, 'last_observation': '2024-02-01'}, {'item_code': 1071, 'name': 'Крем детский, 100 г (100 мл)', 'weight': 0.00189, 'parent': 30, 'reason': 'short_history', 'offset': 0.34833350000000013, 'last_observation': '2024-02-01'}, {'item_code': 1072, 'name': 'Чемодан, шт.', 'weight': 0.00129, 'parent': 13, 'reason': 'short_history', 'offset': -0.11055566666666768, 'last_observation': '2024-02-01'}, {'item_code': 1073, 'name': 'Бумага офисная, упаковка 500 листов', 'weight': 0.0003, 'parent': 54, 'reason': 'short_history', 'offset': -0.13092988888888848, 'last_observation': '2024-02-01'}, {'item_code': 1074, 'name': 'Смарт-часы, шт.', 'weight': 0.00078, 'parent': 37, 'reason': 'short_history', 'offset': 0.3955561111111108, 'last_observation': '2024-02-01'}, {'item_code': 1075, 'name': 'Коньки, пара', 'weight': 0.00077, 'parent': 54, 'reason': 'short_history', 'offset': 0.3190697222222217, 'last_observation': '2024-02-01'}, {'item_code': 1076, 'name': 'Гипсокартон, м2', 'weight': 0.00048, 'parent': 38, 'reason': 'short_history', 'offset': -0.16333333333333477, 'last_observation': '2024-02-01'}, {'item_code': 1077, 'name': 'Кресло детское автомобильное, шт.', 'weight': 0.00048, 'parent': 17, 'reason': 'short_history', 'offset': 0.3838888888888895, 'last_observation': '2024-02-01'}, {'item_code': 1078, 'name': 'Соска (пустышка) детская, шт.', 'weight': 0.00014, 'parent': 21, 'reason': 'short_history', 'offset': -0.08833349999999819, 'last_observation': '2024-02-01'}, {'item_code': 1079, 'name': 'Бутылочка для кормления, шт.', 'weight': 0.00135, 'parent': 21, 'reason': 'short_history', 'offset': -0.25833361111111075, 'last_observation': '2024-02-01'}, {'item_code': 1080, 'name': 'Ингалипт, аэрозоль для местного применения, 30 мл', 'weight': 0.00037, 'parent': 21, 'reason': 'short_history', 'offset': 0.05722227777777928, 'last_observation': '2024-02-01'}, {'item_code': 1083, 'name': 'Поездка на отдых на Черноморское побережье России и в Крым, поездка', 'weight': 0.00078, 'parent': 55, 'reason': 'short_history', 'offset': 0.38337006250000005, 'last_observation': '2024-02-01'}, {'item_code': 1105, 'name': 'Воздушный и железнодорожный транспорт', 'weight': 0.00571, 'parent': 47, 'reason': 'no_item_history', 'offset': 0.0, 'last_observation': None}]",{'53': 0.002020000000000001},"revised source hierarchy, not real-time publication vintages",,,
GroupsFixed,2024-02-01,available,,,2024-01-01,,,,,1.0,,,,1.0,,,,[],fixed,freeze
GroupsDated,2024-02-01,available,,,2024-01-01,,,,,1.0,,,,1.0,,,,[],dated,freeze
Ridge,2024-03-01,available,,,,,,,,,,,,,,,,,,
Huber,2024-03-01,available,,,,,,,,,,,,,,,,,,
SeasonalNaive,2024-03-01,available,,,,,,,,,,,,,,,,,,
Micro,2024-03-01,available,,2024-03-01,2024-01-01,"latest vintage at cutoff, frozen through forecast horizon",raw,parent_seasonal,545.0,0.9922699999999991,0.9172299999999991,0.08075,0.0020200000000008935,1.0,"[{'item_code': 210, 'name': 'Дом отдыха, пансионат, день', 'weight': 0.00025, 'parent': 35, 'reason': 'short_history', 'offset': -1.0000000666666675, 'last_observation': '2024-03-01'}, {'item_code': 339, 'name': 'Легковой автомобиль иностранной марки новый, шт.', 'weight': 0.00555, 'parent': 17, 'reason': 'short_history', 'offset': -0.14866666666666598, 'last_observation': '2024-03-01'}, {'item_code': 340, 'name': 'Легковой автомобиль отечественный новый, шт.', 'weight': 0.00757, 'parent': 17, 'reason': 'calendar_gap_in_required_features', 'offset': -0.18066666666666625, 'last_observation': '2024-03-01'}, {'item_code': 851, 'name': 'Активированный уголь, 250 мг, 10 таблеток', 'weight': 0.00049, 'parent': 21, 'reason': 'insufficient_training_rows', 'offset': 0.7622222222222237, 'last_observation': '2024-03-01'}, {'item_code': 852, 'name': 'Бисакодил, 5 мг, 10 таблеток', 'weight': 0.00042, 'parent': 21, 'reason': 'insufficient_training_rows', 'offset': 0.04666650000000061, 'last_observation': '2024-03-01'}, {'item_code': 1008, 'name': 'Проживание в хостеле, сутки с человека', 'weight': 0.00025, 'parent': 55, 'reason': 'short_history', 'offset': -0.4378551111111114, 'last_observation': '2024-03-01'}, {'item_code': 1020, 'name': 'Аскорбиновая кислота, 50 мг, 100 драже', 'weight': 0.00047, 'parent': 21, 'reason': 'short_history', 'offset': -0.21277761111110907, 'last_observation': '2024-03-01'}, {'item_code': 1021, 'name': 'Афобазол, 10 мг, 30 таблеток', 'weight': 0.00039, 'parent': 21, 'reason': 'short_history', 'offset': -0.14555566666666664, 'last_observation': '2024-03-01'}, {'item_code': 1022, 'name': 'Ацетилцистеин (АЦЦ), 600 мг, 10 таблеток', 'weight': 0.00039, 'parent': 21, 'reason': 'short_history', 'offset': 0.6261111111111125, 'last_observation': '2024-03-01'}, {'item_code': 1023, 'name': 'Аципол, 30 капсул', 'weight': 0.00039, 'parent': 21, 'reason': 'short_history', 'offset': -0.18666694444444293, 'last_observation': '2024-03-01'}, {'item_code': 1024, 'name': 'Валерианы экстракт, 20 мг, 10 таблеток', 'weight': 0.00019, 'parent': 21, 'reason': 'short_history', 'offset': 0.8416668333333348, 'last_observation': '2024-03-01'}, {'item_code': 1025, 'name': 'Газета в розницу, шт.', 'weight': 0.00049, 'parent': 32, 'reason': 'short_history', 'offset': 0.10388888888888835, 'last_observation': '2024-03-01'}, {'item_code': 1026, 'name': 'Гриппферон, 10000 МЕ/мл, 10 мл', 'weight': 0.00033, 'parent': 21, 'reason': 'short_history', 'offset': -0.15277761111111074, 'last_observation': '2024-03-01'}, {'item_code': 1027, 'name': 'Ингавирин, 90 мг, 10 капсул', 'weight': 0.00042, 'parent': 21, 'reason': 'short_history', 'offset': -0.2461110555555545, 'last_observation': '2024-03-01'}, {'item_code': 1028, 'name': 'Канефрон Н, 60 таблеток', 'weight': 0.00025, 'parent': 21, 'reason': 'short_history', 'offset': 0.18444444444444644, 'last_observation': '2024-03-01'}, {'item_code': 1029, 'name': 'Кеторол Экспресс, 10 мг, 10 таблеток', 'weight': 0.00041, 'parent': 21, 'reason': 'short_history', 'offset': 0.5205555555555565, 'last_observation': '2024-03-01'}, {'item_code': 1030, 'name': 'Клубная карта в фитнес-клуб, месяц', 'weight': 0.00094, 'parent': 55, 'reason': 'short_history', 'offset': -0.17952177777777775, 'last_observation': '2024-03-01'}, {'item_code': 1032, 'name': 'Кроссовые туфли для взрослых, пара', 'weight': 0.0048, 'parent': 27, 'reason': 'short_history', 'offset': -0.18499938888888875, 'last_observation': '2024-03-01'}, {'item_code': 1033, 'name': 'Ксарелто, 20 мг, 10 таблеток', 'weight': 0.00038, 'parent': 21, 'reason': 'short_history', 'offset': 0.06388900000000082, 'last_observation': '2024-03-01'}, {'item_code': 1034, 'name': 'Магне В6, 10 таблеток', 'weight': 0.00036, 'parent': 21, 'reason': 'short_history', 'offset': 0.04166683333333449, 'last_observation': '2024-03-01'}, {'item_code': 1035, 'name': 'Метилурацил, 10 % мазь, 25 г', 'weight': 0.00039, 'parent': 21, 'reason': 'short_history', 'offset': 0.10777811111111173, 'last_observation': '2024-03-01'}, {'item_code': 1036, 'name': 'Мидокалм, 150 мг, 30 таблеток', 'weight': 0.00037, 'parent': 21, 'reason': 'short_history', 'offset': -0.1661113888888871, 'last_observation': '2024-03-01'}, {'item_code': 1037, 'name': 'Мирамистин, 0,01%, 150 мл', 'weight': 0.00041, 'parent': 21, 'reason': 'short_history', 'offset': -0.10944455555555442, 'last_observation': '2024-03-01'}, {'item_code': 1038, 'name': 'Натрия хлорид, 0,9%, 100 мл', 'weight': 0.00041, 'parent': 21, 'reason': 'short_history', 'offset': -0.15500005555555418, 'last_observation': '2024-03-01'}, {'item_code': 1039, 'name': 'Нафазолин, 0,1%, 15 мл', 'weight': 0.00049, 'parent': 21, 'reason': 'short_history', 'offset': -0.2466668333333312, 'last_observation': '2024-03-01'}, {'item_code': 1040, 'name': 'Парацетамол, 500 мг, 10 таблеток', 'weight': 0.00041, 'parent': 21, 'reason': 'short_history', 'offset': 0.06666683333333544, 'last_observation': '2024-03-01'}, {'item_code': 1041, 'name': 'Перекись водорода, 3%, 100 мл', 'weight': 0.00037, 'parent': 21, 'reason': 'short_history', 'offset': 0.07444427777777839, 'last_observation': '2024-03-01'}, {'item_code': 1042, 'name': 'Пиво, л', 'weight': 0.00357, 'parent': 11, 'reason': 'short_history', 'offset': 0.04777788888888937, 'last_observation': '2024-03-01'}, {'item_code': 1043, 'name': 'Поездка на отдых в Египет, поездка', 'weight': 0.00014, 'parent': 67, 'reason': 'short_history', 'offset': 0.9083331666666667, 'last_observation': '2024-03-01'}, {'item_code': 1044, 'name': 'Поливитамины, 10 шт.', 'weight': 0.00042, 'parent': 21, 'reason': 'short_history', 'offset': 0.0038890555555563346, 'last_observation': '2024-03-01'}, {'item_code': 1045, 'name': 'Ренгалин, 20 таблеток', 'weight': 0.00037, 'parent': 21, 'reason': 'short_history', 'offset': 0.19555577777777935, 'last_observation': '2024-03-01'}, {'item_code': 1046, 'name': 'Сигареты с фильтром, пачка', 'weight': 0.00786, 'parent': 40, 'reason': 'short_history', 'offset': 0.0, 'last_observation': '2024-03-01'}, {'item_code': 1047, 'name': 'Синупрет, 50 таблеток', 'weight': 0.00016, 'parent': 21, 'reason': 'short_history', 'offset': 1.0288888333333341, 'last_observation': '2024-03-01'}, {'item_code': 1048, 'name': 'Сумка женская, шт.', 'weight': 0.00158, 'parent': 13, 'reason': 'short_history', 'offset': -0.06222250000000192, 'last_observation': '2024-03-01'}, {'item_code': 1049, 'name': 'Творог, кг', 'weight': 0.00559, 'parent': 24, 'reason': 'short_history', 'offset': 0.17666672222222246, 'last_observation': '2024-03-01'}, {'item_code': 1050, 'name': 'Туфли женские закрытые, пара', 'weight': 0.00215, 'parent': 27, 'reason': 'short_history', 'offset': 0.15000033333333343, 'last_observation': '2024-03-01'}, {'item_code': 1051, 'name': 'Туфли женские летние, босоножки, пара', 'weight': 0.00248, 'parent': 27, 'reason': 'short_history', 'offset': 0.12611144444444497, 'last_observation': '2024-03-01'}, {'item_code': 1052, 'name': 'Фосфоглив, 10 капсул', 'weight': 0.00035, 'parent': 21, 'reason': 'short_history', 'offset': -0.5205557222222212, 'last_observation': '2024-03-01'}, {'item_code': 1053, 'name': 'Фуросемид, 40 мг, 10 таблеток', 'weight': 0.0005, 'parent': 21, 'reason': 'short_history', 'offset': 0.18833300000000086, 'last_observation': '2024-03-01'}, {'item_code': 1054, 'name': 'Хлеб и булочные изделия из пшеничной муки различных сортов, кг', 'weight': 0.00715, 'parent': 49, 'reason': 'short_history', 'offset': 0.0899997777777786, 'last_observation': '2024-03-01'}, {'item_code': 1055, 'name': 'Цитрамон, 10 таблеток', 'weight': 0.00036, 'parent': 21, 'reason': 'short_history', 'offset': -0.2449999444444428, 'last_observation': '2024-03-01'}, {'item_code': 1056, 'name': 'Энтеросгель, 225 г', 'weight': 0.00036, 'parent': 21, 'reason': 'short_history', 'offset': -0.1527777777777778, 'last_observation': '2024-03-01'}, {'item_code': 1057, 'name': 'Эргоферон, 20 таблеток', 'weight': 0.00037, 'parent': 21, 'reason': 'short_history', 'offset': -0.1411107777777774, 'last_observation': '2024-03-01'}, {'item_code': 1058, 'name': 'Эуфиллин, 150 мг, 10 таблеток', 'weight': 0.00049, 'parent': 21, 'reason': 'short_history', 'offset': 0.016666888888889748, 'last_observation': '2024-03-01'}, {'item_code': 1060, 'name': 'Поездки в страны Закавказья, поездка', 'weight': 0.00055, 'parent': 67, 'reason': 'short_history', 'offset': -0.011110833333333403, 'last_observation': '2024-03-01'}, {'item_code': 1063, 'name': 'Поездки в отдельные страны Средней Азии, поездка', 'weight': 0.00014, 'parent': 67, 'reason': 'short_history', 'offset': -1.6560000000000012, 'last_observation': '2024-03-01'}, {'item_code': 1064, 'name': 'Поездка в Беларусь, поездка', 'weight': 5e-05, 'parent': 67, 'reason': 'short_history', 'offset': -1.9259997333333332, 'last_observation': '2024-03-01'}, {'item_code': 1065, 'name': 'Поездки в отдельные страны Юго-Восточной Азии, поездка', 'weight': 5e-05, 'parent': 67, 'reason': 'short_history', 'offset': 0.8122227777777774, 'last_observation': '2024-03-01'}, {'item_code': 1066, 'name': 'Молоко питьевое цельное пастеризованное более 3,2% жирности, л', 'weight': 0.00184, 'parent': 24, 'reason': 'short_history', 'offset': -0.12499966666666593, 'last_observation': '2024-03-01'}, {'item_code': 1067, 'name': 'Творожок детский, кг', 'weight': 5e-05, 'parent': 24, 'reason': 'short_history', 'offset': -0.3555554999999997, 'last_observation': '2024-03-01'}, {'item_code': 1068, 'name': 'Молоко для детей, л', 'weight': 4e-05, 'parent': 24, 'reason': 'short_history', 'offset': -0.4355555000000003, 'last_observation': '2024-03-01'}, {'item_code': 1069, 'name': 'Сухие приправы, специи, кг', 'weight': 0.00167, 'parent': 53, 'reason': 'short_history', 'offset': 0.19005677777777663, 'last_observation': '2024-03-01'}, {'item_code': 1070, 'name': 'Трикотажный головной убор для взрослых, шт.', 'weight': 0.00053, 'parent': 43, 'reason': 'short_history', 'offset': -0.35444400000000087, 'last_observation': '2024-03-01'}, {'item_code': 1071, 'name': 'Крем детский, 100 г (100 мл)', 'weight': 0.00189, 'parent': 30, 'reason': 'short_history', 'offset': 0.013889277777777586, 'last_observation': '2024-03-01'}, {'item_code': 1072, 'name': 'Чемодан, шт.', 'weight': 0.00129, 'parent': 13, 'reason': 'short_history', 'offset': 0.2383333333333329, 'last_observation': '2024-03-01'}, {'item_code': 1073, 'name': 'Бумага офисная, упаковка 500 листов', 'weight': 0.0003, 'parent': 54, 'reason': 'short_history', 'offset': 0.031559055555556076, 'last_observation': '2024-03-01'}, {'item_code': 1074, 'name': 'Смарт-часы, шт.', 'weight': 0.00078, 'parent': 37, 'reason': 'short_history', 'offset': 0.2888891111111115, 'last_observation': '2024-03-01'}, {'item_code': 1075, 'name': 'Коньки, пара', 'weight': 0.00077, 'parent': 54, 'reason': 'short_history', 'offset': 0.28878088888888853, 'last_observation': '2024-03-01'}, {'item_code': 1076, 'name': 'Гипсокартон, м2', 'weight': 0.00048, 'parent': 38, 'reason': 'short_history', 'offset': -0.09666666666666718, 'last_observation': '2024-03-01'}, {'item_code': 1077, 'name': 'Кресло детское автомобильное, шт.', 'weight': 0.00048, 'parent': 17, 'reason': 'short_history', 'offset': 0.05722238888888932, 'last_observation': '2024-03-01'}, {'item_code': 1078, 'name': 'Соска (пустышка) детская, шт.', 'weight': 0.00014, 'parent': 21, 'reason': 'short_history', 'offset': -0.058889111111109095, 'last_observation': '2024-03-01'}, {'item_code': 1079, 'name': 'Бутылочка для кормления, шт.', 'weight': 0.00135, 'parent': 21, 'reason': 'short_history', 'offset': 0.21444433333333357, 'last_observation': '2024-03-01'}, {'item_code': 1080, 'name': 'Ингалипт, аэрозоль для местного применения, 30 мл', 'weight': 0.00037, 'parent': 21, 'reason': 'short_history', 'offset': 0.0038889444444455044, 'last_observation': '2024-03-01'}, {'item_code': 1083, 'name': 'Поездка на отдых на Черноморское побережье России и в Крым, поездка', 'weight': 0.00078, 'parent': 55, 'reason': 'short_history', 'offset': 0.9142187647058824, 'last_observation': '2024-03-01'}, {'item_code': 1105, 'name': 'Воздушный и железнодорожный транспорт', 'weight': 0.00571, 'parent': 47, 'reason': 'no_item_history', 'offset': 0.0, 'last_observation': None}]",{'53': 0.002020000000000001},"revised source hierarchy, not real-time publication vintages",,,
GroupsFixed,2024-03-01,available,,,2024-01-01,,,,,1.0,,,,1.0,,,,[],fixed,freeze
GroupsDated,2024-03-01,available,,,2024-01-01,,,,,1.0,,,,1.0,,,,[],dated,freeze
Ridge,2024-04-01,available,,,,,,,,,,,,,,,,,,
Huber,2024-04-01,available,,,,,,,,,,,,,,,,,,
SeasonalNaive,2024-04-01,available,,,,,,,,,,,,,,,,,,
Micro,2024-04-01,available,,2024-04-01,2024-01-01,"latest vintage at cutoff, frozen through forecast horizon",raw,parent_seasonal,545.0,0.9922699999999991,0.9172299999999991,0.08075,0.0020200000000008935,1.0,"[{'item_code': 210, 'name': 'Дом отдыха, пансионат, день', 'weight': 0.00025, 'parent': 35, 'reason': 'short_history', 'offset': -0.9375000625000007, 'last_observation': '2024-04-01'}, {'item_code': 339, 'name': 'Легковой автомобиль иностранной марки новый, шт.', 'weight': 0.00555, 'parent': 17, 'reason': 'short_history', 'offset': -0.2043750624999987, 'last_observation': '2024-04-01'}, {'item_code': 340, 'name': 'Легковой автомобиль отечественный новый, шт.', 'weight': 0.00757, 'parent': 17, 'reason': 'calendar_gap_in_required_features', 'offset': -0.1793749999999994, 'last_observation': '2024-04-01'}, {'item_code': 851, 'name': 'Активированный уголь, 250 мг, 10 таблеток', 'weight': 0.00049, 'parent': 21, 'reason': 'insufficient_training_rows', 'offset': 0.8555555555555566, 'last_observation': '2024-04-01'}, {'item_code': 852, 'name': 'Бисакодил, 5 мг, 10 таблеток', 'weight': 0.00042, 'parent': 21, 'reason': 'insufficient_training_rows', 'offset': -0.2577779444444441, 'last_observation': '2024-04-01'}, {'item_code': 1008, 'name': 'Проживание в хостеле, сутки с человека', 'weight': 0.00025, 'parent': 55, 'reason': 'short_history', 'offset': -0.44427733333333363, 'last_observation': '2024-04-01'}, {'item_code': 1020, 'name': 'Аскорбиновая кислота, 50 мг, 100 драже', 'weight': 0.00047, 'parent': 21, 'reason': 'short_history', 'offset': -0.37611094444444304, 'last_observation': '2024-04-01'}, {'item_code': 1021, 'name': 'Афобазол, 10 мг, 30 таблеток', 'weight': 0.00039, 'parent': 21, 'reason': 'short_history', 'offset': -0.5516668333333333, 'last_observation': '2024-04-01'}, {'item_code': 1022, 'name': 'Ацетилцистеин (АЦЦ), 600 мг, 10 таблеток', 'weight': 0.00039, 'parent': 21, 'reason': 'short_history', 'offset': 0.4105555555555564, 'last_observation': '2024-04-01'}, {'item_code': 1023, 'name': 'Аципол, 30 капсул', 'weight': 0.00039, 'parent': 21, 'reason': 'short_history', 'offset': -0.3294447222222211, 'last_observation': '2024-04-01'}, {'item_code': 1024, 'name': 'Валерианы экстракт, 20 мг, 10 таблеток', 'weight': 0.00019, 'parent': 21, 'reason': 'short_history', 'offset': 1.51222238888889, 'last_observation': '2024-04-01'}, {'item_code': 1025, 'name': 'Газета в розницу, шт.', 'weight': 0.00049, 'parent': 32, 'reason': 'short_history', 'offset': -0.005555555555556029, 'last_observation': '2024-04-01'}, {'item_code': 1026, 'name': 'Гриппферон, 10000 МЕ/мл, 10 мл', 'weight': 0.00033, 'parent': 21, 'reason': 'short_history', 'offset': -0.3011110555555558, 'last_observation': '2024-04-01'}, {'item_code': 1027, 'name': 'Ингавирин, 90 мг, 10 капсул', 'weight': 0.00042, 'parent': 21, 'reason': 'short_history', 'offset': -0.3394443888888882, 'last_observation': '2024-04-01'}, {'item_code': 1028, 'name': 'Канефрон Н, 60 таблеток', 'weight': 0.00025, 'parent': 21, 'reason': 'short_history', 'offset': 0.2688888888888907, 'last_observation': '2024-04-01'}, {'item_code': 1029, 'name': 'Кеторол Экспресс, 10 мг, 10 таблеток', 'weight': 0.00041, 'parent': 21, 'reason': 'short_history', 'offset': 0.8283333333333347, 'last_observation': '2024-04-01'}, {'item_code': 1030, 'name': 'Клубная карта в фитнес-клуб, месяц', 'weight': 0.00094, 'parent': 55, 'reason': 'short_history', 'offset': -0.2803884444444446, 'last_observation': '2024-04-01'}, {'item_code': 1032, 'name': 'Кроссовые туфли для взрослых, пара', 'weight': 0.0048, 'parent': 27, 'reason': 'short_history', 'offset': -0.024999388888889012, 'last_observation': '2024-04-01'}, {'item_code': 1033, 'name': 'Ксарелто, 20 мг, 10 таблеток', 'weight': 0.00038, 'parent': 21, 'reason': 'short_history', 'offset': -0.09611099999999892, 'last_observation': '2024-04-01'}, {'item_code': 1034, 'name': 'Магне В6, 10 таблеток', 'weight': 0.00036, 'parent': 21, 'reason': 'short_history', 'offset': 0.11944455555555639, 'last_observation': '2024-04-01'}, {'item_code': 1035, 'name': 'Метилурацил, 10 % мазь, 25 г', 'weight': 0.00039, 'parent': 21, 'reason': 'short_history', 'offset': 0.382222388888889, 'last_observation': '2024-04-01'}, {'item_code': 1036, 'name': 'Мидокалм, 150 мг, 30 таблеток', 'weight': 0.00037, 'parent': 21, 'reason': 'short_history', 'offset': -0.2922224999999988, 'last_observation': '2024-04-01'}, {'item_code': 1037, 'name': 'Мирамистин, 0,01%, 150 мл', 'weight': 0.00041, 'parent': 21, 'reason': 'short_history', 'offset': -0.30388899999999885, 'last_observation': '2024-04-01'}, {'item_code': 1038, 'name': 'Натрия хлорид, 0,9%, 100 мл', 'weight': 0.00041, 'parent': 21, 'reason': 'short_history', 'offset': -0.4700000555555543, 'last_observation': '2024-04-01'}, {'item_code': 1039, 'name': 'Нафазолин, 0,1%, 15 мл', 'weight': 0.00049, 'parent': 21, 'reason': 'short_history', 'offset': -0.1561112777777759, 'last_observation': '2024-04-01'}, {'item_code': 1040, 'name': 'Парацетамол, 500 мг, 10 таблеток', 'weight': 0.00041, 'parent': 21, 'reason': 'short_history', 'offset': -0.017777611111109575, 'last_observation': '2024-04-01'}, {'item_code': 1041, 'name': 'Перекись водорода, 3%, 100 мл', 'weight': 0.00037, 'parent': 21, 'reason': 'short_history', 'offset': -0.09944461111111104, 'last_observation': '2024-04-01'}, {'item_code': 1042, 'name': 'Пиво, л', 'weight': 0.00357, 'parent': 11, 'reason': 'short_history', 'offset': 0.08777788888888931, 'last_observation': '2024-04-01'}, {'item_code': 1043, 'name': 'Поездка на отдых в Египет, поездка', 'weight': 0.00014, 'parent': 67, 'reason': 'short_history', 'offset': 0.1638886111111112, 'last_observation': '2024-04-01'}, {'item_code': 1044, 'name': 'Поливитамины, 10 шт.', 'weight': 0.00042, 'parent': 21, 'reason': 'short_history', 'offset': -0.3605553888888882, 'last_observation': '2024-04-01'}, {'item_code': 1045, 'name': 'Ренгалин, 20 таблеток', 'weight': 0.00037, 'parent': 21, 'reason': 'short_history', 'offset': 0.28666666666666807, 'last_observation': '2024-04-01'}, {'item_code': 1046, 'name': 'Сигареты с фильтром, пачка', 'weight': 0.00786, 'parent': 40, 'reason': 'short_history', 'offset': 0.0, 'last_observation': '2024-04-01'}, {'item_code': 1047, 'name': 'Синупрет, 50 таблеток', 'weight': 0.00016, 'parent': 21, 'reason': 'short_history', 'offset': 0.5944442777777783, 'last_observation': '2024-04-01'}, {'item_code': 1048, 'name': 'Сумка женская, шт.', 'weight': 0.00158, 'parent': 13, 'reason': 'short_history', 'offset': -0.02611138888889049, 'last_observation': '2024-04-01'}, {'item_code': 1049, 'name': 'Творог, кг', 'weight': 0.00559, 'parent': 24, 'reason': 'short_history', 'offset': -0.0061109444444448335, 'last_observation': '2024-04-01'}, {'item_code': 1050, 'name': 'Туфли женские закрытые, пара', 'weight': 0.00215, 'parent': 27, 'reason': 'short_history', 'offset': 0.2605558333333333, 'last_observation': '2024-04-01'}, {'item_code': 1051, 'name': 'Туфли женские летние, босоножки, пара', 'weight': 0.00248, 'parent': 27, 'reason': 'short_history', 'offset': 0.34888922222222224, 'last_observation': '2024-04-01'}, {'item_code': 1052, 'name': 'Фосфоглив, 10 капсул', 'weight': 0.00035, 'parent': 21, 'reason': 'short_history', 'offset': -0.680000166666666, 'last_observation': '2024-04-01'}, {'item_code': 1053, 'name': 'Фуросемид, 40 мг, 10 таблеток', 'weight': 0.0005, 'parent': 21, 'reason': 'short_history', 'offset': 0.2499996666666675, 'last_observation': '2024-04-01'}, {'item_code': 1054, 'name': 'Хлеб и булочные изделия из пшеничной муки различных сортов, кг', 'weight': 0.00715, 'parent': 49, 'reason': 'short_history', 'offset': 0.053333111111111324, 'last_observation': '2024-04-01'}, {'item_code': 1055, 'name': 'Цитрамон, 10 таблеток', 'weight': 0.00036, 'parent': 21, 'reason': 'short_history', 'offset': 0.7816667222222233, 'last_observation': '2024-04-01'}, {'item_code': 1056, 'name': 'Энтеросгель, 225 г', 'weight': 0.00036, 'parent': 21, 'reason': 'short_history', 'offset': -0.13722227777777757, 'last_observation': '2024-04-01'}, {'item_code': 1057, 'name': 'Эргоферон, 20 таблеток', 'weight': 0.00037, 'parent': 21, 'reason': 'short_history', 'offset': -0.09333311111111048, 'last_observation': '2024-04-01'}, {'item_code': 1058, 'name': 'Эуфиллин, 150 мг, 10 таблеток', 'weight': 0.00049, 'parent': 21, 'reason': 'short_history', 'offset': -0.2572219999999995, 'last_observation': '2024-04-01'}, {'item_code': 1060, 'name': 'Поездки в страны Закавказья, поездка', 'weight': 0.00055, 'parent': 67, 'reason': 'short_history', 'offset': -0.25055561111111124, 'last_observation': '2024-04-01'}, {'item_code': 1063, 'name': 'Поездки в отдельные страны Средней Азии, поездка', 'weight': 0.00014, 'parent': 67, 'reason': 'short_history', 'offset': -1.325000062500001, 'last_observation': '2024-04-01'}, {'item_code': 1064, 'name': 'Поездка в Беларусь, поездка', 'weight': 5e-05, 'parent': 67, 'reason': 'short_history', 'offset': -1.9862497499999998, 'last_observation': '2024-04-01'}, {'item_code': 1065, 'name': 'Поездки в отдельные страны Юго-Восточной Азии, поездка', 'weight': 5e-05, 'parent': 67, 'reason': 'short_history', 'offset': -0.3277775000000002, 'last_observation': '2024-04-01'}, {'item_code': 1066, 'name': 'Молоко питьевое цельное пастеризованное более 3,2% жирности, л', 'weight': 0.00184, 'parent': 24, 'reason': 'short_history', 'offset': 0.11444472222222243, 'last_observation': '2024-04-01'}, {'item_code': 1067, 'name': 'Творожок детский, кг', 'weight': 5e-05, 'parent': 24, 'reason': 'short_history', 'offset': -0.7061111111111116, 'last_observation': '2024-04-01'}, {'item_code': 1068, 'name': 'Молоко для детей, л', 'weight': 4e-05, 'parent': 24, 'reason': 'short_history', 'offset': -0.7577778888888894, 'last_observation': '2024-04-01'}, {'item_code': 1069, 'name': 'Сухие приправы, специи, кг', 'weight': 0.00167, 'parent': 53, 'reason': 'short_history', 'offset': -0.009619888888889724, 'last_observation': '2024-04-01'}, {'item_code': 1070, 'name': 'Трикотажный головной убор для взрослых, шт.', 'weight': 0.00053, 'parent': 43, 'reason': 'short_history', 'offset': -0.5949993888888893, 'last_observation': '2024-04-01'}, {'item_code': 1071, 'name': 'Крем детский, 100 г (100 мл)', 'weight': 0.00189, 'parent': 30, 'reason': 'short_history', 'offset': -0.0838885555555559, 'last_observation': '2024-04-01'}, {'item_code': 1072, 'name': 'Чемодан, шт.', 'weight': 0.00129, 'parent': 13, 'reason': 'short_history', 'offset': 0.33722222222222265, 'last_observation': '2024-04-01'}, {'item_code': 1073, 'name': 'Бумага офисная, упаковка 500 листов', 'weight': 0.0003, 'parent': 54, 'reason': 'short_history', 'offset': -0.11579205555555443, 'last_observation': '2024-04-01'}, {'item_code': 1074, 'name': 'Смарт-часы, шт.', 'weight': 0.00078, 'parent': 37, 'reason': 'short_history', 'offset': -0.025555222222221927, 'last_observation': '2024-04-01'}, {'item_code': 1075, 'name': 'Коньки, пара', 'weight': 0.00077, 'parent': 54, 'reason': 'short_history', 'offset': 0.45754100000000064, 'last_observation': '2024-04-01'}, {'item_code': 1076, 'name': 'Гипсокартон, м2', 'weight': 0.00048, 'parent': 38, 'reason': 'short_history', 'offset': -0.26555566666666724, 'last_observation': '2024-04-01'}, {'item_code': 1077, 'name': 'Кресло детское автомобильное, шт.', 'weight': 0.00048, 'parent': 17, 'reason': 'short_history', 'offset': -0.11444438888888758, 'last_observation': '2024-04-01'}, {'item_code': 1078, 'name': 'Соска (пустышка) детская, шт.', 'weight': 0.00014, 'parent': 21, 'reason': 'short_history', 'offset': -0.31222244444444336, 'last_observation': '2024-04-01'}, {'item_code': 1079, 'name': 'Бутылочка для кормления, шт.', 'weight': 0.00135, 'parent': 21, 'reason': 'short_history', 'offset': -0.3644445555555562, 'last_observation': '2024-04-01'}, {'item_code': 1080, 'name': 'Ингалипт, аэрозоль для местного применения, 30 мл', 'weight': 0.00037, 'parent': 21, 'reason': 'short_history', 'offset': 0.09944444444444558, 'last_observation': '2024-04-01'}, {'item_code': 1083, 'name': 'Поездка на отдых на Черноморское побережье России и в Крым, поездка', 'weight': 0.00078, 'parent': 55, 'reason': 'short_history', 'offset': 3.1291834705882358, 'last_observation': '2024-04-01'}, {'item_code': 1105, 'name': 'Воздушный и железнодорожный транспорт', 'weight': 0.00571, 'parent': 47, 'reason': 'no_item_history', 'offset': 0.0, 'last_observation': None}]",{'53': 0.002020000000000001},"revised source hierarchy, not real-time publication vintages",,,
GroupsFixed,2024-04-01,available,,,2024-01-01,,,,,1.0,,,,1.0,,,,[],fixed,freeze
GroupsDated,2024-04-01,available,,,2024-01-01,,,,,1.0,,,,1.0,,,,[],dated,freeze
Ridge,2024-05-01,available,,,,,,,,,,,,,,,,,,
Huber,2024-05-01,available,,,,,,,,,,,,,,,,,,
SeasonalNaive,2024-05-01,available,,,,,,,,,,,,,,,,,,
Micro,2024-05-01,available,,2024-05-01,2024-01-01,"latest vintage at cutoff, frozen through forecast horizon",raw,parent_seasonal,545.0,0.9922699999999991,0.9172299999999991,0.08075,0.0020200000000008935,1.0,"[{'item_code': 210, 'name': 'Дом отдыха, пансионат, день', 'weight': 0.00025, 'parent': 35, 'reason': 'short_history', 'offset': -0.48176476470588375, 'last_observation': '2024-05-01'}, {'item_code': 339, 'name': 'Легковой автомобиль иностранной марки новый, шт.', 'weight': 0.00555, 'parent': 17, 'reason': 'short_history', 'offset': -0.2194118235294102, 'last_observation': '2024-05-01'}, {'item_code': 340, 'name': 'Легковой автомобиль отечественный новый, шт.', 'weight': 0.00757, 'parent': 17, 'reason': 'calendar_gap_in_required_features', 'offset': 0.005882352941176972, 'last_observation': '2024-05-01'}, {'item_code': 851, 'name': 'Активированный уголь, 250 мг, 10 таблеток', 'weight': 0.00049, 'parent': 21, 'reason': 'insufficient_training_rows', 'offset': 1.4550000000000014, 'last_observation': '2024-05-01'}, {'item_code': 852, 'name': 'Бисакодил, 5 мг, 10 таблеток', 'weight': 0.00042, 'parent': 21, 'reason': 'insufficient_training_rows', 'offset': 0.9172220555555562, 'last_observation': '2024-05-01'}, {'item_code': 1008, 'name': 'Проживание в хостеле, сутки с человека', 'weight': 0.00025, 'parent': 55, 'reason': 'short_history', 'offset': -0.26594900000000066, 'last_observation': '2024-05-01'}, {'item_code': 1020, 'name': 'Аскорбиновая кислота, 50 мг, 100 драже', 'weight': 0.00047, 'parent': 21, 'reason': 'short_history', 'offset': -0.5111108333333318, 'last_observation': '2024-05-01'}, {'item_code': 1021, 'name': 'Афобазол, 10 мг, 30 таблеток', 'weight': 0.00039, 'parent': 21, 'reason': 'short_history', 'offset': -0.7216668333333326, 'last_observation': '2024-05-01'}, {'item_code': 1022, 'name': 'Ацетилцистеин (АЦЦ), 600 мг, 10 таблеток', 'weight': 0.00039, 'parent': 21, 'reason': 'short_history', 'offset': 0.3077776666666673, 'last_observation': '2024-05-01'}, {'item_code': 1023, 'name': 'Аципол, 30 капсул', 'weight': 0.00039, 'parent': 21, 'reason': 'short_history', 'offset': -0.38000027777777645, 'last_observation': '2024-05-01'}, {'item_code': 1024, 'name': 'Валерианы экстракт, 20 мг, 10 таблеток', 'weight': 0.00019, 'parent': 21, 'reason': 'short_history', 'offset': 1.3333335555555565, 'last_observation': '2024-05-01'}, {'item_code': 1025, 'name': 'Газета в розницу, шт.', 'weight': 0.00049, 'parent': 32, 'reason': 'short_history', 'offset': 0.01722222222222156, 'last_observation': '2024-05-01'}, {'item_code': 1026, 'name': 'Гриппферон, 10000 МЕ/мл, 10 мл', 'weight': 0.00033, 'parent': 21, 'reason': 'short_history', 'offset': -0.26888883333333286, 'last_observation': '2024-05-01'}, {'item_code': 1027, 'name': 'Ингавирин, 90 мг, 10 капсул', 'weight': 0.00042, 'parent': 21, 'reason': 'short_history', 'offset': -0.4033332777777774, 'last_observation': '2024-05-01'}, {'item_code': 1028, 'name': 'Канефрон Н, 60 таблеток', 'weight': 0.00025, 'parent': 21, 'reason': 'short_history', 'offset': 0.45722222222222403, 'last_observation': '2024-05-01'}, {'item_code': 1029, 'name': 'Кеторол Экспресс, 10 мг, 10 таблеток', 'weight': 0.00041, 'parent': 21, 'reason': 'short_history', 'offset': 1.0200000000000016, 'last_observation': '2024-05-01'}, {'item_code': 1030, 'name': 'Клубная карта в фитнес-клуб, месяц', 'weight': 0.00094, 'parent': 55, 'reason': 'short_history', 'offset': -0.10206011111111163, 'last_observation': '2024-05-01'}, {'item_code': 1032, 'name': 'Кроссовые туфли для взрослых, пара', 'weight': 0.0048, 'parent': 27, 'reason': 'short_history', 'offset': 0.05444466666666711, 'last_observation': '2024-05-01'}, {'item_code': 1033, 'name': 'Ксарелто, 20 мг, 10 таблеток', 'weight': 0.00038, 'parent': 21, 'reason': 'short_history', 'offset': -0.09666661111111018, 'last_observation': '2024-05-01'}, {'item_code': 1034, 'name': 'Магне В6, 10 таблеток', 'weight': 0.00036, 'parent': 21, 'reason': 'short_history', 'offset': 0.2905555555555558, 'last_observation': '2024-05-01'}, {'item_code': 1035, 'name': 'Метилурацил, 10 % мазь, 25 г', 'weight': 0.00039, 'parent': 21, 'reason': 'short_history', 'offset': 0.21555583333333395, 'last_observation': '2024-05-01'}, {'item_code': 1036, 'name': 'Мидокалм, 150 мг, 30 таблеток', 'weight': 0.00037, 'parent': 21, 'reason': 'short_history', 'offset': -0.24777794444444368, 'last_observation': '2024-05-01'}, {'item_code': 1037, 'name': 'Мирамистин, 0,01%, 150 мл', 'weight': 0.00041, 'parent': 21, 'reason': 'short_history', 'offset': -0.34666677777777644, 'last_observation': '2024-05-01'}, {'item_code': 1038, 'name': 'Натрия хлорид, 0,9%, 100 мл', 'weight': 0.00041, 'parent': 21, 'reason': 'short_history', 'offset': -0.3916669444444436, 'last_observation': '2024-05-01'}, {'item_code': 1039, 'name': 'Нафазолин, 0,1%, 15 мл', 'weight': 0.00049, 'parent': 21, 'reason': 'short_history', 'offset': 0.18333311111111308, 'last_observation': '2024-05-01'}, {'item_code': 1040, 'name': 'Парацетамол, 500 мг, 10 таблеток', 'weight': 0.00041, 'parent': 21, 'reason': 'short_history', 'offset': 0.4083335000000016, 'last_observation': '2024-05-01'}, {'item_code': 1041, 'name': 'Перекись водорода, 3%, 100 мл', 'weight': 0.00037, 'parent': 21, 'reason': 'short_history', 'offset': -0.2727779444444438, 'last_observation': '2024-05-01'}, {'item_code': 1042, 'name': 'Пиво, л', 'weight': 0.00357, 'parent': 11, 'reason': 'short_history', 'offset': 0.05277761111111248, 'last_observation': '2024-05-01'}, {'item_code': 1043, 'name': 'Поездка на отдых в Египет, поездка', 'weight': 0.00014, 'parent': 67, 'reason': 'short_history', 'offset': 0.12333288888888995, 'last_observation': '2024-05-01'}, {'item_code': 1044, 'name': 'Поливитамины, 10 шт.', 'weight': 0.00042, 'parent': 21, 'reason': 'short_history', 'offset': -0.35166649999999955, 'last_observation': '2024-05-01'}, {'item_code': 1045, 'name': 'Ренгалин, 20 таблеток', 'weight': 0.00037, 'parent': 21, 'reason': 'short_history', 'offset': 0.2694444444444457, 'last_observation': '2024-05-01'}, {'item_code': 1046, 'name': 'Сигареты с фильтром, пачка', 'weight': 0.00786, 'parent': 40, 'reason': 'short_history', 'offset': 0.0, 'last_observation': '2024-05-01'}, {'item_code': 1047, 'name': 'Синупрет, 50 таблеток', 'weight': 0.00016, 'parent': 21, 'reason': 'short_history', 'offset': 0.3238887222222233, 'last_observation': '2024-05-01'}, {'item_code': 1048, 'name': 'Сумка женская, шт.', 'weight': 0.00158, 'parent': 13, 'reason': 'short_history', 'offset': 0.007222388888887426, 'last_observation': '2024-05-01'}, {'item_code': 1049, 'name': 'Творог, кг', 'weight': 0.00559, 'parent': 24, 'reason': 'short_history', 'offset': 0.026666833333332345, 'last_observation': '2024-05-01'}, {'item_code': 1050, 'name': 'Туфли женские закрытые, пара', 'weight': 0.00215, 'parent': 27, 'reason': 'short_history', 'offset': 0.28888927777777773, 'last_observation': '2024-05-01'}, {'item_code': 1051, 'name': 'Туфли женские летние, босоножки, пара', 'weight': 0.00248, 'parent': 27, 'reason': 'short_history', 'offset': 0.5000002222222224, 'last_observation': '2024-05-01'}, {'item_code': 1052, 'name': 'Фосфоглив, 10 капсул', 'weight': 0.00035, 'parent': 21, 'reason': 'short_history', 'offset': -0.3905557777777773, 'last_observation': '2024-05-01'}, {'item_code': 1053, 'name': 'Фуросемид, 40 мг, 10 таблеток', 'weight': 0.0005, 'parent': 21, 'reason': 'short_history', 'offset': 0.034999666666667255, 'last_observation': '2024-05-01'}, {'item_code': 1054, 'name': 'Хлеб и булочные изделия из пшеничной муки различных сортов, кг', 'weight': 0.00715, 'parent': 49, 'reason': 'short_history', 'offset': -0.01611155555555557, 'last_observation': '2024-05-01'}, {'item_code': 1055, 'name': 'Цитрамон, 10 таблеток', 'weight': 0.00036, 'parent': 21, 'reason': 'short_history', 'offset': 1.1088889444444456, 'last_observation': '2024-05-01'}, {'item_code': 1056, 'name': 'Энтеросгель, 225 г', 'weight': 0.00036, 'parent': 21, 'reason': 'short_history', 'offset': -0.01055566666666626, 'last_observation': '2024-05-01'}, {'item_code': 1057, 'name': 'Эргоферон, 20 таблеток', 'weight': 0.00037, 'parent': 21, 'reason': 'short_history', 'offset': -0.03499999999999975, 'last_observation': '2024-05-01'}, {'item_code': 1058, 'name': 'Эуфиллин, 150 мг, 10 таблеток', 'weight': 0.00049, 'parent': 21, 'reason': 'short_history', 'offset': -0.1905553333333327, 'last_observation': '2024-05-01'}, {'item_code': 1060, 'name': 'Поездки в страны Закавказья, поездка', 'weight': 0.00055, 'parent': 67, 'reason': 'short_history', 'offset': -0.27333344444444424, 'last_observation': '2024-05-01'}, {'item_code': 1063, 'name': 'Поездки в отдельные страны Средней Азии, поездка', 'weight': 0.00014, 'parent': 67, 'reason': 'short_history', 'offset': -1.3582353529411773, 'last_observation': '2024-05-01'}, {'item_code': 1064, 'name': 'Поездка в Беларусь, поездка', 'weight': 5e-05, 'parent': 67, 'reason': 'short_history', 'offset': -1.492352705882352, 'last_observation': '2024-05-01'}, {'item_code': 1065, 'name': 'Поездки в отдельные страны Юго-Восточной Азии, поездка', 'weight': 5e-05, 'parent': 67, 'reason': 'short_history', 'offset': -2.5438884444444434, 'last_observation': '2024-05-01'}, {'item_code': 1066, 'name': 'Молоко питьевое цельное пастеризованное более 3,2% жирности, л', 'weight': 0.00184, 'parent': 24, 'reason': 'short_history', 'offset': -0.02555527777777813, 'last_observation': '2024-05-01'}, {'item_code': 1067, 'name': 'Творожок детский, кг', 'weight': 5e-05, 'parent': 24, 'reason': 'short_history', 'offset': 0.21388894444444398, 'last_observation': '2024-05-01'}, {'item_code': 1068, 'name': 'Молоко для детей, л', 'weight': 4e-05, 'parent': 24, 'reason': 'short_history', 'offset': -0.28444461111111174, 'last_observation': '2024-05-01'}, {'item_code': 1069, 'name': 'Сухие приправы, специи, кг', 'weight': 0.00167, 'parent': 53, 'reason': 'short_history', 'offset': -0.18455627777777847, 'last_observation': '2024-05-01'}, {'item_code': 1070, 'name': 'Трикотажный головной убор для взрослых, шт.', 'weight': 0.00053, 'parent': 43, 'reason': 'short_history', 'offset': -0.648332722222223, 'last_observation': '2024-05-01'}, {'item_code': 1071, 'name': 'Крем детский, 100 г (100 мл)', 'weight': 0.00189, 'parent': 30, 'reason': 'short_history', 'offset': 0.05444450000000008, 'last_observation': '2024-05-01'}, {'item_code': 1072, 'name': 'Чемодан, шт.', 'weight': 0.00129, 'parent': 13, 'reason': 'short_history', 'offset': 0.23333350000000053, 'last_observation': '2024-05-01'}, {'item_code': 1073, 'name': 'Бумага офисная, упаковка 500 листов', 'weight': 0.0003, 'parent': 54, 'reason': 'short_history', 'offset': 0.20208277777777855, 'last_observation': '2024-05-01'}, {'item_code': 1074, 'name': 'Смарт-часы, шт.', 'weight': 0.00078, 'parent': 37, 'reason': 'short_history', 'offset': 0.09777755555555562, 'last_observation': '2024-05-01'}, {'item_code': 1075, 'name': 'Коньки, пара', 'weight': 0.00077, 'parent': 54, 'reason': 'short_history', 'offset': -0.23569505555555517, 'last_observation': '2024-05-01'}, {'item_code': 1076, 'name': 'Гипсокартон, м2', 'weight': 0.00048, 'parent': 38, 'reason': 'short_history', 'offset': -0.23111122222222255, 'last_observation': '2024-05-01'}, {'item_code': 1077, 'name': 'Кресло детское автомобильное, шт.', 'weight': 0.00048, 'parent': 17, 'reason': 'short_history', 'offset': -0.09666661111110939, 'last_observation': '2024-05-01'}, {'item_code': 1078, 'name': 'Соска (пустышка) детская, шт.', 'weight': 0.00014, 'parent': 21, 'reason': 'short_history', 'offset': -0.3477779999999989, 'last_observation': '2024-05-01'}, {'item_code': 1079, 'name': 'Бутылочка для кормления, шт.', 'weight': 0.00135, 'parent': 21, 'reason': 'short_history', 'offset': -0.3322222222222224, 'last_observation': '2024-05-01'}, {'item_code': 1080, 'name': 'Ингалипт, аэрозоль для местного применения, 30 мл', 'weight': 0.00037, 'parent': 21, 'reason': 'short_history', 'offset': 0.009444500000000744, 'last_observation': '2024-05-01'}, {'item_code': 1083, 'name': 'Поездка на отдых на Черноморское побережье России и в Крым, поездка', 'weight': 0.00078, 'parent': 55, 'reason': 'short_history', 'offset': 3.067413470588236, 'last_observation': '2024-05-01'}, {'item_code': 1105, 'name': 'Воздушный и железнодорожный транспорт', 'weight': 0.00571, 'parent': 47, 'reason': 'no_item_history', 'offset': 0.0, 'last_observation': None}]",{'53': 0.002020000000000001},"revised source hierarchy, not real-time publication vintages",,,
GroupsFixed,2024-05-01,available,,,2024-01-01,,,,,1.0,,,,1.0,,,,[],fixed,freeze
GroupsDated,2024-05-01,available,,,2024-01-01,,,,,1.0,,,,1.0,,,,[],dated,freeze
Ridge,2024-06-01,available,,,,,,,,,,,,,,,,,,
Huber,2024-06-01,available,,,,,,,,,,,,,,,,,,
SeasonalNaive,2024-06-01,available,,,,,,,,,,,,,,,,,,
Micro,2024-06-01,available,,2024-06-01,2024-01-01,"latest vintage at cutoff, frozen through forecast horizon",raw,parent_seasonal,545.0,0.9922699999999991,0.9172299999999991,0.08075,0.0020200000000008935,1.0,"[{'item_code': 210, 'name': 'Дом отдыха, пансионат, день', 'weight': 0.00025, 'parent': 35, 'reason': 'short_history', 'offset': -0.4550000555555569, 'last_observation': '2024-06-01'}, {'item_code': 339, 'name': 'Легковой автомобиль иностранной марки новый, шт.', 'weight': 0.00555, 'parent': 17, 'reason': 'short_history', 'offset': -0.13500005555555422, 'last_observation': '2024-06-01'}, {'item_code': 340, 'name': 'Легковой автомобиль отечественный новый, шт.', 'weight': 0.00757, 'parent': 17, 'reason': 'calendar_gap_in_required_features', 'offset': -0.027221999999999486, 'last_observation': '2024-06-01'}, {'item_code': 851, 'name': 'Активированный уголь, 250 мг, 10 таблеток', 'weight': 0.00049, 'parent': 21, 'reason': 'insufficient_training_rows', 'offset': 1.1722222222222234, 'last_observation': '2024-06-01'}, {'item_code': 852, 'name': 'Бисакодил, 5 мг, 10 таблеток', 'weight': 0.00042, 'parent': 21, 'reason': 'insufficient_training_rows', 'offset': 0.8666668888888895, 'last_observation': '2024-06-01'}, {'item_code': 1008, 'name': 'Проживание в хостеле, сутки с человека', 'weight': 0.00025, 'parent': 55, 'reason': 'short_history', 'offset': -0.29622288888889003, 'last_observation': '2024-06-01'}, {'item_code': 1020, 'name': 'Аскорбиновая кислота, 50 мг, 100 драже', 'weight': 0.00047, 'parent': 21, 'reason': 'short_history', 'offset': -0.3105552777777763, 'last_observation': '2024-06-01'}, {'item_code': 1021, 'name': 'Афобазол, 10 мг, 30 таблеток', 'weight': 0.00039, 'parent': 21, 'reason': 'short_history', 'offset': -0.25333322222222104, 'last_observation': '2024-06-01'}, {'item_code': 1022, 'name': 'Ацетилцистеин (АЦЦ), 600 мг, 10 таблеток', 'weight': 0.00039, 'parent': 21, 'reason': 'short_history', 'offset': 0.26111105555555586, 'last_observation': '2024-06-01'}, {'item_code': 1023, 'name': 'Аципол, 30 капсул', 'weight': 0.00039, 'parent': 21, 'reason': 'short_history', 'offset': -0.5611110555555546, 'last_observation': '2024-06-01'}, {'item_code': 1024, 'name': 'Валерианы экстракт, 20 мг, 10 таблеток', 'weight': 0.00019, 'parent': 21, 'reason': 'short_history', 'offset': 0.8038892222222229, 'last_observation': '2024-06-01'}, {'item_code': 1025, 'name': 'Газета в розницу, шт.', 'weight': 0.00049, 'parent': 32, 'reason': 'short_history', 'offset': 0.1427777777777774, 'last_observation': '2024-06-01'}, {'item_code': 1026, 'name': 'Гриппферон, 10000 МЕ/мл, 10 мл', 'weight': 0.00033, 'parent': 21, 'reason': 'short_history', 'offset': -0.23166627777777726, 'last_observation': '2024-06-01'}, {'item_code': 1027, 'name': 'Ингавирин, 90 мг, 10 капсул', 'weight': 0.00042, 'parent': 21, 'reason': 'short_history', 'offset': -0.4833331666666665, 'last_observation': '2024-06-01'}, {'item_code': 1028, 'name': 'Канефрон Н, 60 таблеток', 'weight': 0.00025, 'parent': 21, 'reason': 'short_history', 'offset': 0.21000027777777872, 'last_observation': '2024-06-01'}, {'item_code': 1029, 'name': 'Кеторол Экспресс, 10 мг, 10 таблеток', 'weight': 0.00041, 'parent': 21, 'reason': 'short_history', 'offset': 0.5722224444444453, 'last_observation': '2024-06-01'}, {'item_code': 1030, 'name': 'Клубная карта в фитнес-клуб, месяц', 'weight': 0.00094, 'parent': 55, 'reason': 'short_history', 'offset': -0.13233400000000095, 'last_observation': '2024-06-01'}, {'item_code': 1032, 'name': 'Кроссовые туфли для взрослых, пара', 'weight': 0.0048, 'parent': 27, 'reason': 'short_history', 'offset': -0.033888888888888066, 'last_observation': '2024-06-01'}, {'item_code': 1033, 'name': 'Ксарелто, 20 мг, 10 таблеток', 'weight': 0.00038, 'parent': 21, 'reason': 'short_history', 'offset': -0.35499972222222137, 'last_observation': '2024-06-01'}, {'item_code': 1034, 'name': 'Магне В6, 10 таблеток', 'weight': 0.00036, 'parent': 21, 'reason': 'short_history', 'offset': 0.32166683333333407, 'last_observation': '2024-06-01'}, {'item_code': 1035, 'name': 'Метилурацил, 10 % мазь, 25 г', 'weight': 0.00039, 'parent': 21, 'reason': 'short_history', 'offset': -0.13166638888888826, 'last_observation': '2024-06-01'}, {'item_code': 1036, 'name': 'Мидокалм, 150 мг, 30 таблеток', 'weight': 0.00037, 'parent': 21, 'reason': 'short_history', 'offset': -0.2638888333333327, 'last_observation': '2024-06-01'}, {'item_code': 1037, 'name': 'Мирамистин, 0,01%, 150 мл', 'weight': 0.00041, 'parent': 21, 'reason': 'short_history', 'offset': -0.2922221666666655, 'last_observation': '2024-06-01'}, {'item_code': 1038, 'name': 'Натрия хлорид, 0,9%, 100 мл', 'weight': 0.00041, 'parent': 21, 'reason': 'short_history', 'offset': -0.3305556666666665, 'last_observation': '2024-06-01'}, {'item_code': 1039, 'name': 'Нафазолин, 0,1%, 15 мл', 'weight': 0.00049, 'parent': 21, 'reason': 'short_history', 'offset': -0.1305557777777761, 'last_observation': '2024-06-01'}, {'item_code': 1040, 'name': 'Парацетамол, 500 мг, 10 таблеток', 'weight': 0.00041, 'parent': 21, 'reason': 'short_history', 'offset': 0.1627780555555568, 'last_observation': '2024-06-01'}, {'item_code': 1041, 'name': 'Перекись водорода, 3%, 100 мл', 'weight': 0.00037, 'parent': 21, 'reason': 'short_history', 'offset': -0.11111111111111033, 'last_observation': '2024-06-01'}, {'item_code': 1042, 'name': 'Пиво, л', 'weight': 0.00357, 'parent': 11, 'reason': 'short_history', 'offset': 0.16833316666666795, 'last_observation': '2024-06-01'}, {'item_code': 1043, 'name': 'Поездка на отдых в Египет, поездка', 'weight': 0.00014, 'parent': 67, 'reason': 'short_history', 'offset': 0.6066659444444455, 'last_observation': '2024-06-01'}, {'item_code': 1044, 'name': 'Поливитамины, 10 шт.', 'weight': 0.00042, 'parent': 21, 'reason': 'short_history', 'offset': -0.3983328888888893, 'last_observation': '2024-06-01'}, {'item_code': 1045, 'name': 'Ренгалин, 20 таблеток', 'weight': 0.00037, 'parent': 21, 'reason': 'short_history', 'offset': 0.08944455555555682, 'last_observation': '2024-06-01'}, {'item_code': 1046, 'name': 'Сигареты с фильтром, пачка', 'weight': 0.00786, 'parent': 40, 'reason': 'short_history', 'offset': 0.0, 'last_observation': '2024-06-01'}, {'item_code': 1047, 'name': 'Синупрет, 50 таблеток', 'weight': 0.00016, 'parent': 21, 'reason': 'short_history', 'offset': 0.08722222222222342, 'last_observation': '2024-06-01'}, {'item_code': 1048, 'name': 'Сумка женская, шт.', 'weight': 0.00158, 'parent': 13, 'reason': 'short_history', 'offset': 0.026666888888887758, 'last_observation': '2024-06-01'}, {'item_code': 1049, 'name': 'Творог, кг', 'weight': 0.00559, 'parent': 24, 'reason': 'short_history', 'offset': 0.10222233333333246, 'last_observation': '2024-06-01'}, {'item_code': 1050, 'name': 'Туфли женские закрытые, пара', 'weight': 0.00215, 'parent': 27, 'reason': 'short_history', 'offset': 0.22999966666666674, 'last_observation': '2024-06-01'}, {'item_code': 1051, 'name': 'Туфли женские летние, босоножки, пара', 'weight': 0.00248, 'parent': 27, 'reason': 'short_history', 'offset': 0.4999998888888892, 'last_observation': '2024-06-01'}, {'item_code': 1052, 'name': 'Фосфоглив, 10 капсул', 'weight': 0.00035, 'parent': 21, 'reason': 'short_history', 'offset': -0.34833338888888854, 'last_observation': '2024-06-01'}, {'item_code': 1053, 'name': 'Фуросемид, 40 мг, 10 таблеток', 'weight': 0.0005, 'parent': 21, 'reason': 'short_history', 'offset': 0.5577777222222227, 'last_observation': '2024-06-01'}, {'item_code': 1054, 'name': 'Хлеб и булочные изделия из пшеничной муки различных сортов, кг', 'weight': 0.00715, 'parent': 49, 'reason': 'short_history', 'offset': -0.07444483333333254, 'last_observation': '2024-06-01'}, {'item_code': 1055, 'name': 'Цитрамон, 10 таблеток', 'weight': 0.00036, 'parent': 21, 'reason': 'short_history', 'offset': 1.0633334444444449, 'last_observation': '2024-06-01'}, {'item_code': 1056, 'name': 'Энтеросгель, 225 г', 'weight': 0.00036, 'parent': 21, 'reason': 'short_history', 'offset': -0.06999983333333325, 'last_observation': '2024-06-01'}, {'item_code': 1057, 'name': 'Эргоферон, 20 таблеток', 'weight': 0.00037, 'parent': 21, 'reason': 'short_history', 'offset': -0.09444416666666673, 'last_observation': '2024-06-01'}, {'item_code': 1058, 'name': 'Эуфиллин, 150 мг, 10 таблеток', 'weight': 0.00049, 'parent': 21, 'reason': 'short_history', 'offset': -0.16388849999999955, 'last_observation': '2024-06-01'}, {'item_code': 1060, 'name': 'Поездки в страны Закавказья, поездка', 'weight': 0.00055, 'parent': 67, 'reason': 'short_history', 'offset': -0.5433334444444442, 'last_observation': '2024-06-01'}, {'item_code': 1063, 'name': 'Поездки в отдельные страны Средней Азии, поездка', 'weight': 0.00014, 'parent': 67, 'reason': 'short_history', 'offset': -1.5450000555555563, 'last_observation': '2024-06-01'}, {'item_code': 1064, 'name': 'Поездка в Беларусь, поездка', 'weight': 5e-05, 'parent': 67, 'reason': 'short_history', 'offset': -1.85222211111111, 'last_observation': '2024-06-01'}, {'item_code': 1065, 'name': 'Поездки в отдельные страны Юго-Восточной Азии, поездка', 'weight': 5e-05, 'parent': 67, 'reason': 'short_history', 'offset': -2.324444222222221, 'last_observation': '2024-06-01'}, {'item_code': 1066, 'name': 'Молоко питьевое цельное пастеризованное более 3,2% жирности, л', 'weight': 0.00184, 'parent': 24, 'reason': 'short_history', 'offset': -0.23777772222222243, 'last_observation': '2024-06-01'}, {'item_code': 1067, 'name': 'Творожок детский, кг', 'weight': 5e-05, 'parent': 24, 'reason': 'short_history', 'offset': 0.22777761111111042, 'last_observation': '2024-06-01'}, {'item_code': 1068, 'name': 'Молоко для детей, л', 'weight': 4e-05, 'parent': 24, 'reason': 'short_history', 'offset': -0.4494444444444454, 'last_observation': '2024-06-01'}, {'item_code': 1069, 'name': 'Сухие приправы, специи, кг', 'weight': 0.00167, 'parent': 53, 'reason': 'short_history', 'offset': -0.33763905555555596, 'last_observation': '2024-06-01'}, {'item_code': 1070, 'name': 'Трикотажный головной убор для взрослых, шт.', 'weight': 0.00053, 'parent': 43, 'reason': 'short_history', 'offset': -0.5333327222222226, 'last_observation': '2024-06-01'}, {'item_code': 1071, 'name': 'Крем детский, 100 г (100 мл)', 'weight': 0.00189, 'parent': 30, 'reason': 'short_history', 'offset': 0.03444438888888928, 'last_observation': '2024-06-01'}, {'item_code': 1072, 'name': 'Чемодан, шт.', 'weight': 0.00129, 'parent': 13, 'reason': 'short_history', 'offset': 0.16722233333333414, 'last_observation': '2024-06-01'}, {'item_code': 1073, 'name': 'Бумага офисная, упаковка 500 листов', 'weight': 0.0003, 'parent': 54, 'reason': 'short_history', 'offset': 0.1544605555555552, 'last_observation': '2024-06-01'}, {'item_code': 1074, 'name': 'Смарт-часы, шт.', 'weight': 0.00078, 'parent': 37, 'reason': 'short_history', 'offset': -0.005555888888888521, 'last_observation': '2024-06-01'}, {'item_code': 1075, 'name': 'Коньки, пара', 'weight': 0.00077, 'parent': 54, 'reason': 'short_history', 'offset': -0.6794284444444448, 'last_observation': '2024-06-01'}, {'item_code': 1076, 'name': 'Гипсокартон, м2', 'weight': 0.00048, 'parent': 38, 'reason': 'short_history', 'offset': -0.00388900000000013, 'last_observation': '2024-06-01'}, {'item_code': 1077, 'name': 'Кресло детское автомобильное, шт.', 'weight': 0.00048, 'parent': 17, 'reason': 'short_history', 'offset': -0.22333344444444314, 'last_observation': '2024-06-01'}, {'item_code': 1078, 'name': 'Соска (пустышка) детская, шт.', 'weight': 0.00014, 'parent': 21, 'reason': 'short_history', 'offset': -0.2555553888888882, 'last_observation': '2024-06-01'}, {'item_code': 1079, 'name': 'Бутылочка для кормления, шт.', 'weight': 0.00135, 'parent': 21, 'reason': 'short_history', 'offset': -0.024444388888889692, 'last_observation': '2024-06-01'}, {'item_code': 1080, 'name': 'Ингалипт, аэрозоль для местного применения, 30 мл', 'weight': 0.00037, 'parent': 21, 'reason': 'short_history', 'offset': -0.030555444444443778, 'last_observation': '2024-06-01'}, {'item_code': 1083, 'name': 'Поездка на отдых на Черноморское побережье России и в Крым, поездка', 'weight': 0.00078, 'parent': 55, 'reason': 'short_history', 'offset': 4.504888277777778, 'last_observation': '2024-06-01'}, {'item_code': 1105, 'name': 'Воздушный и железнодорожный транспорт', 'weight': 0.00571, 'parent': 47, 'reason': 'no_item_history', 'offset': 0.0, 'last_observation': None}]",{'53': 0.002020000000000001},"revised source hierarchy, not real-time publication vintages",,,
GroupsFixed,2024-06-01,available,,,2024-01-01,,,,,1.0,,,,1.0,,,,[],fixed,freeze
GroupsDated,2024-06-01,available,,,2024-01-01,,,,,1.0,,,,1.0,,,,[],dated,freeze
Ridge,2024-07-01,available,,,,,,,,,,,,,,,,,,
Huber,2024-07-01,available,,,,,,,,,,,,,,,,,,
SeasonalNaive,2024-07-01,available,,,,,,,,,,,,,,,,,,
Micro,2024-07-01,available,,2024-07-01,2024-01-01,"latest vintage at cutoff, frozen through forecast horizon",raw,parent_seasonal,545.0,0.9922699999999991,0.9172299999999991,0.08075,0.0020200000000008935,1.0,"[{'item_code': 210, 'name': 'Дом отдыха, пансионат, день', 'weight': 0.00025, 'parent': 35, 'reason': 'short_history', 'offset': 0.25166666666666593, 'last_observation': '2024-07-01'}, {'item_code': 339, 'name': 'Легковой автомобиль иностранной марки новый, шт.', 'weight': 0.00555, 'parent': 17, 'reason': 'short_history', 'offset': -0.0838889444444438, 'last_observation': '2024-07-01'}, {'item_code': 340, 'name': 'Легковой автомобиль отечественный новый, шт.', 'weight': 0.00757, 'parent': 17, 'reason': 'calendar_gap_in_required_features', 'offset': 0.035000222222222196, 'last_observation': '2024-07-01'}, {'item_code': 851, 'name': 'Активированный уголь, 250 мг, 10 таблеток', 'weight': 0.00049, 'parent': 21, 'reason': 'insufficient_training_rows', 'offset': 1.3438888888888902, 'last_observation': '2024-07-01'}, {'item_code': 852, 'name': 'Бисакодил, 5 мг, 10 таблеток', 'weight': 0.00042, 'parent': 21, 'reason': 'insufficient_training_rows', 'offset': 1.411666888888889, 'last_observation': '2024-07-01'}, {'item_code': 1008, 'name': 'Проживание в хостеле, сутки с человека', 'weight': 0.00025, 'parent': 55, 'reason': 'short_history', 'offset': -0.26149677777777847, 'last_observation': '2024-07-01'}, {'item_code': 1020, 'name': 'Аскорбиновая кислота, 50 мг, 100 драже', 'weight': 0.00047, 'parent': 21, 'reason': 'short_history', 'offset': -0.44333283333333245, 'last_observation': '2024-07-01'}, {'item_code': 1021, 'name': 'Афобазол, 10 мг, 30 таблеток', 'weight': 0.00039, 'parent': 21, 'reason': 'short_history', 'offset': -0.22277766666666565, 'last_observation': '2024-07-01'}, {'item_code': 1022, 'name': 'Ацетилцистеин (АЦЦ), 600 мг, 10 таблеток', 'weight': 0.00039, 'parent': 21, 'reason': 'short_history', 'offset': 0.24222216666666677, 'last_observation': '2024-07-01'}, {'item_code': 1023, 'name': 'Аципол, 30 капсул', 'weight': 0.00039, 'parent': 21, 'reason': 'short_history', 'offset': -0.49666638888888787, 'last_observation': '2024-07-01'}, {'item_code': 1024, 'name': 'Валерианы экстракт, 20 мг, 10 таблеток', 'weight': 0.00019, 'parent': 21, 'reason': 'short_history', 'offset': 0.9927779444444442, 'last_observation': '2024-07-01'}, {'item_code': 1025, 'name': 'Газета в розницу, шт.', 'weight': 0.00049, 'parent': 32, 'reason': 'short_history', 'offset': 0.13166644444444367, 'last_observation': '2024-07-01'}, {'item_code': 1026, 'name': 'Гриппферон, 10000 МЕ/мл, 10 мл', 'weight': 0.00033, 'parent': 21, 'reason': 'short_history', 'offset': -0.5327775555555555, 'last_observation': '2024-07-01'}, {'item_code': 1027, 'name': 'Ингавирин, 90 мг, 10 капсул', 'weight': 0.00042, 'parent': 21, 'reason': 'short_history', 'offset': -0.46666649999999993, 'last_observation': '2024-07-01'}, {'item_code': 1028, 'name': 'Канефрон Н, 60 таблеток', 'weight': 0.00025, 'parent': 21, 'reason': 'short_history', 'offset': 0.1994447222222225, 'last_observation': '2024-07-01'}, {'item_code': 1029, 'name': 'Кеторол Экспресс, 10 мг, 10 таблеток', 'weight': 0.00041, 'parent': 21, 'reason': 'short_history', 'offset': 0.5738891111111113, 'last_observation': '2024-07-01'}, {'item_code': 1030, 'name': 'Клубная карта в фитнес-клуб, месяц', 'weight': 0.00094, 'parent': 55, 'reason': 'short_history', 'offset': -0.09760788888888941, 'last_observation': '2024-07-01'}, {'item_code': 1032, 'name': 'Кроссовые туфли для взрослых, пара', 'weight': 0.0048, 'parent': 27, 'reason': 'short_history', 'offset': 0.012221944444445083, 'last_observation': '2024-07-01'}, {'item_code': 1033, 'name': 'Ксарелто, 20 мг, 10 таблеток', 'weight': 0.00038, 'parent': 21, 'reason': 'short_history', 'offset': -0.3949997222222221, 'last_observation': '2024-07-01'}, {'item_code': 1034, 'name': 'Магне В6, 10 таблеток', 'weight': 0.00036, 'parent': 21, 'reason': 'short_history', 'offset': -0.15166638888888823, 'last_observation': '2024-07-01'}, {'item_code': 1035, 'name': 'Метилурацил, 10 % мазь, 25 г', 'weight': 0.00039, 'parent': 21, 'reason': 'short_history', 'offset': -0.1805552777777777, 'last_observation': '2024-07-01'}, {'item_code': 1036, 'name': 'Мидокалм, 150 мг, 30 таблеток', 'weight': 0.00037, 'parent': 21, 'reason': 'short_history', 'offset': -0.33611105555555554, 'last_observation': '2024-07-01'}, {'item_code': 1037, 'name': 'Мирамистин, 0,01%, 150 мл', 'weight': 0.00041, 'parent': 21, 'reason': 'short_history', 'offset': -0.2566665555555545, 'last_observation': '2024-07-01'}, {'item_code': 1038, 'name': 'Натрия хлорид, 0,9%, 100 мл', 'weight': 0.00041, 'parent': 21, 'reason': 'short_history', 'offset': -0.47722233333333325, 'last_observation': '2024-07-01'}, {'item_code': 1039, 'name': 'Нафазолин, 0,1%, 15 мл', 'weight': 0.00049, 'parent': 21, 'reason': 'short_history', 'offset': -0.13277799999999867, 'last_observation': '2024-07-01'}, {'item_code': 1040, 'name': 'Парацетамол, 500 мг, 10 таблеток', 'weight': 0.00041, 'parent': 21, 'reason': 'short_history', 'offset': 0.6133336111111123, 'last_observation': '2024-07-01'}, {'item_code': 1041, 'name': 'Перекись водорода, 3%, 100 мл', 'weight': 0.00037, 'parent': 21, 'reason': 'short_history', 'offset': 0.058333333333333966, 'last_observation': '2024-07-01'}, {'item_code': 1042, 'name': 'Пиво, л', 'weight': 0.00357, 'parent': 11, 'reason': 'short_history', 'offset': 0.13222216666666814, 'last_observation': '2024-07-01'}, {'item_code': 1043, 'name': 'Поездка на отдых в Египет, поездка', 'weight': 0.00014, 'parent': 67, 'reason': 'short_history', 'offset': 0.1338881666666683, 'last_observation': '2024-07-01'}, {'item_code': 1044, 'name': 'Поливитамины, 10 шт.', 'weight': 0.00042, 'parent': 21, 'reason': 'short_history', 'offset': -0.17944400000000055, 'last_observation': '2024-07-01'}, {'item_code': 1045, 'name': 'Ренгалин, 20 таблеток', 'weight': 0.00037, 'parent': 21, 'reason': 'short_history', 'offset': -0.1566667222222217, 'last_observation': '2024-07-01'}, {'item_code': 1046, 'name': 'Сигареты с фильтром, пачка', 'weight': 0.00786, 'parent': 40, 'reason': 'short_history', 'offset': 0.0, 'last_observation': '2024-07-01'}, {'item_code': 1047, 'name': 'Синупрет, 50 таблеток', 'weight': 0.00016, 'parent': 21, 'reason': 'short_history', 'offset': -0.772777944444443, 'last_observation': '2024-07-01'}, {'item_code': 1048, 'name': 'Сумка женская, шт.', 'weight': 0.00158, 'parent': 13, 'reason': 'short_history', 'offset': 0.0622222777777771, 'last_observation': '2024-07-01'}, {'item_code': 1049, 'name': 'Творог, кг', 'weight': 0.00559, 'parent': 24, 'reason': 'short_history', 'offset': 0.24611133333333315, 'last_observation': '2024-07-01'}, {'item_code': 1050, 'name': 'Туфли женские закрытые, пара', 'weight': 0.00215, 'parent': 27, 'reason': 'short_history', 'offset': 0.3449995000000001, 'last_observation': '2024-07-01'}, {'item_code': 1051, 'name': 'Туфли женские летние, босоножки, пара', 'weight': 0.00248, 'parent': 27, 'reason': 'short_history', 'offset': 0.4661109444444449, 'last_observation': '2024-07-01'}, {'item_code': 1052, 'name': 'Фосфоглив, 10 капсул', 'weight': 0.00035, 'parent': 21, 'reason': 'short_history', 'offset': -0.2372221666666666, 'last_observation': '2024-07-01'}, {'item_code': 1053, 'name': 'Фуросемид, 40 мг, 10 таблеток', 'weight': 0.0005, 'parent': 21, 'reason': 'short_history', 'offset': 0.826111055555556, 'last_observation': '2024-07-01'}, {'item_code': 1054, 'name': 'Хлеб и булочные изделия из пшеничной муки различных сортов, кг', 'weight': 0.00715, 'parent': 49, 'reason': 'short_history', 'offset': -0.0011112777777779253, 'last_observation': '2024-07-01'}, {'item_code': 1055, 'name': 'Цитрамон, 10 таблеток', 'weight': 0.00036, 'parent': 21, 'reason': 'short_history', 'offset': 0.8527778888888891, 'last_observation': '2024-07-01'}, {'item_code': 1056, 'name': 'Энтеросгель, 225 г', 'weight': 0.00036, 'parent': 21, 'reason': 'short_history', 'offset': -0.17944427777777763, 'last_observation': '2024-07-01'}, {'item_code': 1057, 'name': 'Эргоферон, 20 таблеток', 'weight': 0.00037, 'parent': 21, 'reason': 'short_history', 'offset': -0.2505550555555555, 'last_observation': '2024-07-01'}, {'item_code': 1058, 'name': 'Эуфиллин, 150 мг, 10 таблеток', 'weight': 0.00049, 'parent': 21, 'reason': 'short_history', 'offset': -0.20111072222222187, 'last_observation': '2024-07-01'}, {'item_code': 1060, 'name': 'Поездки в страны Закавказья, поездка', 'weight': 0.00055, 'parent': 67, 'reason': 'short_history', 'offset': -0.6261111666666663, 'last_observation': '2024-07-01'}, {'item_code': 1063, 'name': 'Поездки в отдельные страны Средней Азии, поездка', 'weight': 0.00014, 'parent': 67, 'reason': 'short_history', 'offset': -0.5844445000000005, 'last_observation': '2024-07-01'}, {'item_code': 1064, 'name': 'Поездка в Беларусь, поездка', 'weight': 5e-05, 'parent': 67, 'reason': 'short_history', 'offset': -0.8666666111111093, 'last_observation': '2024-07-01'}, {'item_code': 1065, 'name': 'Поездки в отдельные страны Юго-Восточной Азии, поездка', 'weight': 5e-05, 'parent': 67, 'reason': 'short_history', 'offset': -2.41944422222222, 'last_observation': '2024-07-01'}, {'item_code': 1066, 'name': 'Молоко питьевое цельное пастеризованное более 3,2% жирности, л', 'weight': 0.00184, 'parent': 24, 'reason': 'short_history', 'offset': -0.1461107777777776, 'last_observation': '2024-07-01'}, {'item_code': 1067, 'name': 'Творожок детский, кг', 'weight': 5e-05, 'parent': 24, 'reason': 'short_history', 'offset': 0.22111099999999972, 'last_observation': '2024-07-01'}, {'item_code': 1068, 'name': 'Молоко для детей, л', 'weight': 4e-05, 'parent': 24, 'reason': 'short_history', 'offset': -0.3872221111111113, 'last_observation': '2024-07-01'}, {'item_code': 1069, 'name': 'Сухие приправы, специи, кг', 'weight': 0.00167, 'parent': 53, 'reason': 'short_history', 'offset': -0.19484250000000003, 'last_observation': '2024-07-01'}, {'item_code': 1070, 'name': 'Трикотажный головной убор для взрослых, шт.', 'weight': 0.00053, 'parent': 43, 'reason': 'short_history', 'offset': -0.5488883333333336, 'last_observation': '2024-07-01'}, {'item_code': 1071, 'name': 'Крем детский, 100 г (100 мл)', 'weight': 0.00189, 'parent': 30, 'reason': 'short_history', 'offset': -0.036111111111110636, 'last_observation': '2024-07-01'}, {'item_code': 1072, 'name': 'Чемодан, шт.', 'weight': 0.00129, 'parent': 13, 'reason': 'short_history', 'offset': 0.13222222222222277, 'last_observation': '2024-07-01'}, {'item_code': 1073, 'name': 'Бумага офисная, упаковка 500 листов', 'weight': 0.0003, 'parent': 54, 'reason': 'short_history', 'offset': -0.003886611111111746, 'last_observation': '2024-07-01'}, {'item_code': 1074, 'name': 'Смарт-часы, шт.', 'weight': 0.00078, 'parent': 37, 'reason': 'short_history', 'offset': -0.9805558888888883, 'last_observation': '2024-07-01'}, {'item_code': 1075, 'name': 'Коньки, пара', 'weight': 0.00077, 'parent': 54, 'reason': 'short_history', 'offset': -0.8505533888888898, 'last_observation': '2024-07-01'}, {'item_code': 1076, 'name': 'Гипсокартон, м2', 'weight': 0.00048, 'parent': 38, 'reason': 'short_history', 'offset': 0.0705554444444445, 'last_observation': '2024-07-01'}, {'item_code': 1077, 'name': 'Кресло детское автомобильное, шт.', 'weight': 0.00048, 'parent': 17, 'reason': 'short_history', 'offset': -0.15666677777777713, 'last_observation': '2024-07-01'}, {'item_code': 1078, 'name': 'Соска (пустышка) детская, шт.', 'weight': 0.00014, 'parent': 21, 'reason': 'short_history', 'offset': -0.21499983333333322, 'last_observation': '2024-07-01'}, {'item_code': 1079, 'name': 'Бутылочка для кормления, шт.', 'weight': 0.00135, 'parent': 21, 'reason': 'short_history', 'offset': -0.37222216666666774, 'last_observation': '2024-07-01'}, {'item_code': 1080, 'name': 'Ингалипт, аэрозоль для местного применения, 30 мл', 'weight': 0.00037, 'parent': 21, 'reason': 'short_history', 'offset': -0.28055538888888837, 'last_observation': '2024-07-01'}, {'item_code': 1083, 'name': 'Поездка на отдых на Черноморское побережье России и в Крым, поездка', 'weight': 0.00078, 'parent': 55, 'reason': 'short_history', 'offset': 4.1640586666666675, 'last_observation': '2024-07-01'}, {'item_code': 1105, 'name': 'Воздушный и железнодорожный транспорт', 'weight': 0.00571, 'parent': 47, 'reason': 'no_item_history', 'offset': 0.0, 'last_observation': None}]",{'53': 0.002020000000000001},"revised source hierarchy, not real-time publication vintages",,,
GroupsFixed,2024-07-01,available,,,2024-01-01,,,,,1.0,,,,1.0,,,,[],fixed,freeze
GroupsDated,2024-07-01,available,,,2024-01-01,,,,,1.0,,,,1.0,,,,[],dated,freeze
Ridge,2024-08-01,available,,,,,,,,,,,,,,,,,,
Huber,2024-08-01,available,,,,,,,,,,,,,,,,,,
SeasonalNaive,2024-08-01,available,,,,,,,,,,,,,,,,,,
Micro,2024-08-01,available,,2024-08-01,2024-01-01,"latest vintage at cutoff, frozen through forecast horizon",raw,parent_seasonal,545.0,0.9922699999999991,0.9172299999999991,0.08075,0.0020200000000008935,1.0,"[{'item_code': 210, 'name': 'Дом отдыха, пансионат, день', 'weight': 0.00025, 'parent': 35, 'reason': 'short_history', 'offset': 0.1966666666666662, 'last_observation': '2024-08-01'}, {'item_code': 339, 'name': 'Легковой автомобиль иностранной марки новый, шт.', 'weight': 0.00555, 'parent': 17, 'reason': 'short_history', 'offset': -0.08333338888888796, 'last_observation': '2024-08-01'}, {'item_code': 340, 'name': 'Легковой автомобиль отечественный новый, шт.', 'weight': 0.00757, 'parent': 17, 'reason': 'calendar_gap_in_required_features', 'offset': 0.1116668888888894, 'last_observation': '2024-08-01'}, {'item_code': 851, 'name': 'Активированный уголь, 250 мг, 10 таблеток', 'weight': 0.00049, 'parent': 21, 'reason': 'insufficient_training_rows', 'offset': 0.8099998333333337, 'last_observation': '2024-08-01'}, {'item_code': 852, 'name': 'Бисакодил, 5 мг, 10 таблеток', 'weight': 0.00042, 'parent': 21, 'reason': 'insufficient_training_rows', 'offset': 2.4277781111111114, 'last_observation': '2024-08-01'}, {'item_code': 1008, 'name': 'Проживание в хостеле, сутки с человека', 'weight': 0.00025, 'parent': 55, 'reason': 'short_history', 'offset': -0.4873951111111118, 'last_observation': '2024-08-01'}, {'item_code': 1020, 'name': 'Аскорбиновая кислота, 50 мг, 100 драже', 'weight': 0.00047, 'parent': 21, 'reason': 'short_history', 'offset': -0.131666055555555, 'last_observation': '2024-08-01'}, {'item_code': 1021, 'name': 'Афобазол, 10 мг, 30 таблеток', 'weight': 0.00039, 'parent': 21, 'reason': 'short_history', 'offset': -0.15444449999999912, 'last_observation': '2024-08-01'}, {'item_code': 1022, 'name': 'Ацетилцистеин (АЦЦ), 600 мг, 10 таблеток', 'weight': 0.00039, 'parent': 21, 'reason': 'short_history', 'offset': 0.22666649999999955, 'last_observation': '2024-08-01'}, {'item_code': 1023, 'name': 'Аципол, 30 капсул', 'weight': 0.00039, 'parent': 21, 'reason': 'short_history', 'offset': -0.6522221666666658, 'last_observation': '2024-08-01'}, {'item_code': 1024, 'name': 'Валерианы экстракт, 20 мг, 10 таблеток', 'weight': 0.00019, 'parent': 21, 'reason': 'short_history', 'offset': 0.6194445555555548, 'last_observation': '2024-08-01'}, {'item_code': 1025, 'name': 'Газета в розницу, шт.', 'weight': 0.00049, 'parent': 32, 'reason': 'short_history', 'offset': -0.01388911111111134, 'last_observation': '2024-08-01'}, {'item_code': 1026, 'name': 'Гриппферон, 10000 МЕ/мл, 10 мл', 'weight': 0.00033, 'parent': 21, 'reason': 'short_history', 'offset': -0.2577776111111116, 'last_observation': '2024-08-01'}, {'item_code': 1027, 'name': 'Ингавирин, 90 мг, 10 капсул', 'weight': 0.00042, 'parent': 21, 'reason': 'short_history', 'offset': -0.5861108333333339, 'last_observation': '2024-08-01'}, {'item_code': 1028, 'name': 'Канефрон Н, 60 таблеток', 'weight': 0.00025, 'parent': 21, 'reason': 'short_history', 'offset': -0.12055516666666695, 'last_observation': '2024-08-01'}, {'item_code': 1029, 'name': 'Кеторол Экспресс, 10 мг, 10 таблеток', 'weight': 0.00041, 'parent': 21, 'reason': 'short_history', 'offset': 0.5461112777777772, 'last_observation': '2024-08-01'}, {'item_code': 1030, 'name': 'Клубная карта в фитнес-клуб, месяц', 'weight': 0.00094, 'parent': 55, 'reason': 'short_history', 'offset': -0.3235062222222227, 'last_observation': '2024-08-01'}, {'item_code': 1032, 'name': 'Кроссовые туфли для взрослых, пара', 'weight': 0.0048, 'parent': 27, 'reason': 'short_history', 'offset': 0.19333305555555727, 'last_observation': '2024-08-01'}, {'item_code': 1033, 'name': 'Ксарелто, 20 мг, 10 таблеток', 'weight': 0.00038, 'parent': 21, 'reason': 'short_history', 'offset': -0.49111088888888965, 'last_observation': '2024-08-01'}, {'item_code': 1034, 'name': 'Магне В6, 10 таблеток', 'weight': 0.00036, 'parent': 21, 'reason': 'short_history', 'offset': -0.3949997777777775, 'last_observation': '2024-08-01'}, {'item_code': 1035, 'name': 'Метилурацил, 10 % мазь, 25 г', 'weight': 0.00039, 'parent': 21, 'reason': 'short_history', 'offset': -0.43499972222222283, 'last_observation': '2024-08-01'}, {'item_code': 1036, 'name': 'Мидокалм, 150 мг, 30 таблеток', 'weight': 0.00037, 'parent': 21, 'reason': 'short_history', 'offset': -0.23333322222222266, 'last_observation': '2024-08-01'}, {'item_code': 1037, 'name': 'Мирамистин, 0,01%, 150 мл', 'weight': 0.00041, 'parent': 21, 'reason': 'short_history', 'offset': -0.3383332222222219, 'last_observation': '2024-08-01'}, {'item_code': 1038, 'name': 'Натрия хлорид, 0,9%, 100 мл', 'weight': 0.00041, 'parent': 21, 'reason': 'short_history', 'offset': -0.16777788888888917, 'last_observation': '2024-08-01'}, {'item_code': 1039, 'name': 'Нафазолин, 0,1%, 15 мл', 'weight': 0.00049, 'parent': 21, 'reason': 'short_history', 'offset': -0.09666666666666639, 'last_observation': '2024-08-01'}, {'item_code': 1040, 'name': 'Парацетамол, 500 мг, 10 таблеток', 'weight': 0.00041, 'parent': 21, 'reason': 'short_history', 'offset': 1.1427780000000007, 'last_observation': '2024-08-01'}, {'item_code': 1041, 'name': 'Перекись водорода, 3%, 100 мл', 'weight': 0.00037, 'parent': 21, 'reason': 'short_history', 'offset': 0.23555550000000064, 'last_observation': '2024-08-01'}, {'item_code': 1042, 'name': 'Пиво, л', 'weight': 0.00357, 'parent': 11, 'reason': 'short_history', 'offset': -0.04555572222222063, 'last_observation': '2024-08-01'}, {'item_code': 1043, 'name': 'Поездка на отдых в Египет, поездка', 'weight': 0.00014, 'parent': 67, 'reason': 'short_history', 'offset': 0.6811103888888902, 'last_observation': '2024-08-01'}, {'item_code': 1044, 'name': 'Поливитамины, 10 шт.', 'weight': 0.00042, 'parent': 21, 'reason': 'short_history', 'offset': -0.1922219444444448, 'last_observation': '2024-08-01'}, {'item_code': 1045, 'name': 'Ренгалин, 20 таблеток', 'weight': 0.00037, 'parent': 21, 'reason': 'short_history', 'offset': 0.0194443333333333, 'last_observation': '2024-08-01'}, {'item_code': 1046, 'name': 'Сигареты с фильтром, пачка', 'weight': 0.00786, 'parent': 40, 'reason': 'short_history', 'offset': 0.0, 'last_observation': '2024-08-01'}, {'item_code': 1047, 'name': 'Синупрет, 50 таблеток', 'weight': 0.00016, 'parent': 21, 'reason': 'short_history', 'offset': -0.8283337222222218, 'last_observation': '2024-08-01'}, {'item_code': 1048, 'name': 'Сумка женская, шт.', 'weight': 0.00158, 'parent': 13, 'reason': 'short_history', 'offset': 0.16777783333333296, 'last_observation': '2024-08-01'}, {'item_code': 1049, 'name': 'Творог, кг', 'weight': 0.00559, 'parent': 24, 'reason': 'short_history', 'offset': 0.020555611111111222, 'last_observation': '2024-08-01'}, {'item_code': 1050, 'name': 'Туфли женские закрытые, пара', 'weight': 0.00215, 'parent': 27, 'reason': 'short_history', 'offset': 0.27777738888888986, 'last_observation': '2024-08-01'}, {'item_code': 1051, 'name': 'Туфли женские летние, босоножки, пара', 'weight': 0.00248, 'parent': 27, 'reason': 'short_history', 'offset': 0.2388888888888895, 'last_observation': '2024-08-01'}, {'item_code': 1052, 'name': 'Фосфоглив, 10 капсул', 'weight': 0.00035, 'parent': 21, 'reason': 'short_history', 'offset': -0.11055555555555606, 'last_observation': '2024-08-01'}, {'item_code': 1053, 'name': 'Фуросемид, 40 мг, 10 таблеток', 'weight': 0.0005, 'parent': 21, 'reason': 'short_history', 'offset': 1.3627778888888886, 'last_observation': '2024-08-01'}, {'item_code': 1054, 'name': 'Хлеб и булочные изделия из пшеничной муки различных сортов, кг', 'weight': 0.00715, 'parent': 49, 'reason': 'short_history', 'offset': -0.09888883333333354, 'last_observation': '2024-08-01'}, {'item_code': 1055, 'name': 'Цитрамон, 10 таблеток', 'weight': 0.00036, 'parent': 21, 'reason': 'short_history', 'offset': 1.128333388888888, 'last_observation': '2024-08-01'}, {'item_code': 1056, 'name': 'Энтеросгель, 225 г', 'weight': 0.00036, 'parent': 21, 'reason': 'short_history', 'offset': -0.15277766666666695, 'last_observation': '2024-08-01'}, {'item_code': 1057, 'name': 'Эргоферон, 20 таблеток', 'weight': 0.00037, 'parent': 21, 'reason': 'short_history', 'offset': -0.2883329444444445, 'last_observation': '2024-08-01'}, {'item_code': 1058, 'name': 'Эуфиллин, 150 мг, 10 таблеток', 'weight': 0.00049, 'parent': 21, 'reason': 'short_history', 'offset': -0.1277777222222222, 'last_observation': '2024-08-01'}, {'item_code': 1060, 'name': 'Поездки в страны Закавказья, поездка', 'weight': 0.00055, 'parent': 67, 'reason': 'short_history', 'offset': -0.8888888888888888, 'last_observation': '2024-08-01'}, {'item_code': 1063, 'name': 'Поездки в отдельные страны Средней Азии, поездка', 'weight': 0.00014, 'parent': 67, 'reason': 'short_history', 'offset': -0.8144445000000005, 'last_observation': '2024-08-01'}, {'item_code': 1064, 'name': 'Поездка в Беларусь, поездка', 'weight': 5e-05, 'parent': 67, 'reason': 'short_history', 'offset': -0.9616666111111098, 'last_observation': '2024-08-01'}, {'item_code': 1065, 'name': 'Поездки в отдельные страны Юго-Восточной Азии, поездка', 'weight': 5e-05, 'parent': 67, 'reason': 'short_history', 'offset': -1.2855553333333316, 'last_observation': '2024-08-01'}, {'item_code': 1066, 'name': 'Молоко питьевое цельное пастеризованное более 3,2% жирности, л', 'weight': 0.00184, 'parent': 24, 'reason': 'short_history', 'offset': -0.02222188888888847, 'last_observation': '2024-08-01'}, {'item_code': 1067, 'name': 'Творожок детский, кг', 'weight': 5e-05, 'parent': 24, 'reason': 'short_history', 'offset': 0.102222166666667, 'last_observation': '2024-08-01'}, {'item_code': 1068, 'name': 'Молоко для детей, л', 'weight': 4e-05, 'parent': 24, 'reason': 'short_history', 'offset': -0.40611083333333337, 'last_observation': '2024-08-01'}, {'item_code': 1069, 'name': 'Сухие приправы, специи, кг', 'weight': 0.00167, 'parent': 53, 'reason': 'short_history', 'offset': -0.33808855555555556, 'last_observation': '2024-08-01'}, {'item_code': 1070, 'name': 'Трикотажный головной убор для взрослых, шт.', 'weight': 0.00053, 'parent': 43, 'reason': 'short_history', 'offset': -0.14833300000000016, 'last_observation': '2024-08-01'}, {'item_code': 1071, 'name': 'Крем детский, 100 г (100 мл)', 'weight': 0.00189, 'parent': 30, 'reason': 'short_history', 'offset': 0.012222222222222948, 'last_observation': '2024-08-01'}, {'item_code': 1072, 'name': 'Чемодан, шт.', 'weight': 0.00129, 'parent': 13, 'reason': 'short_history', 'offset': 0.10166666666666736, 'last_observation': '2024-08-01'}, {'item_code': 1073, 'name': 'Бумага офисная, упаковка 500 листов', 'weight': 0.0003, 'parent': 54, 'reason': 'short_history', 'offset': 0.0596283333333329, 'last_observation': '2024-08-01'}, {'item_code': 1074, 'name': 'Смарт-часы, шт.', 'weight': 0.00078, 'parent': 37, 'reason': 'short_history', 'offset': -0.16500055555555487, 'last_observation': '2024-08-01'}, {'item_code': 1075, 'name': 'Коньки, пара', 'weight': 0.00077, 'parent': 54, 'reason': 'short_history', 'offset': -0.9592604444444454, 'last_observation': '2024-08-01'}, {'item_code': 1076, 'name': 'Гипсокартон, м2', 'weight': 0.00048, 'parent': 38, 'reason': 'short_history', 'offset': 0.13111100000000026, 'last_observation': '2024-08-01'}, {'item_code': 1077, 'name': 'Кресло детское автомобильное, шт.', 'weight': 0.00048, 'parent': 17, 'reason': 'short_history', 'offset': -0.5150001111111098, 'last_observation': '2024-08-01'}, {'item_code': 1078, 'name': 'Соска (пустышка) детская, шт.', 'weight': 0.00014, 'parent': 21, 'reason': 'short_history', 'offset': -0.4555555555555565, 'last_observation': '2024-08-01'}, {'item_code': 1079, 'name': 'Бутылочка для кормления, шт.', 'weight': 0.00135, 'parent': 21, 'reason': 'short_history', 'offset': -0.4738888333333343, 'last_observation': '2024-08-01'}, {'item_code': 1080, 'name': 'Ингалипт, аэрозоль для местного применения, 30 мл', 'weight': 0.00037, 'parent': 21, 'reason': 'short_history', 'offset': -0.37722227777777717, 'last_observation': '2024-08-01'}, {'item_code': 1083, 'name': 'Поездка на отдых на Черноморское побережье России и в Крым, поездка', 'weight': 0.00078, 'parent': 55, 'reason': 'short_history', 'offset': 2.8664936666666674, 'last_observation': '2024-08-01'}, {'item_code': 1105, 'name': 'Воздушный и железнодорожный транспорт', 'weight': 0.00571, 'parent': 47, 'reason': 'no_item_history', 'offset': 0.0, 'last_observation': None}]",{'53': 0.002020000000000001},"revised source hierarchy, not real-time publication vintages",,,
GroupsFixed,2024-08-01,available,,,2024-01-01,,,,,1.0,,,,1.0,,,,[],fixed,freeze
GroupsDated,2024-08-01,available,,,2024-01-01,,,,,1.0,,,,1.0,,,,[],dated,freeze
Ridge,2024-09-01,available,,,,,,,,,,,,,,,,,,
Huber,2024-09-01,available,,,,,,,,,,,,,,,,,,
SeasonalNaive,2024-09-01,available,,,,,,,,,,,,,,,,,,
Micro,2024-09-01,available,,2024-09-01,2024-01-01,"latest vintage at cutoff, frozen through forecast horizon",raw,parent_seasonal,545.0,0.9922699999999991,0.9172299999999991,0.08075,0.0020200000000008935,1.0,"[{'item_code': 210, 'name': 'Дом отдыха, пансионат, день', 'weight': 0.00025, 'parent': 35, 'reason': 'short_history', 'offset': 0.2755555555555552, 'last_observation': '2024-09-01'}, {'item_code': 339, 'name': 'Легковой автомобиль иностранной марки новый, шт.', 'weight': 0.00555, 'parent': 17, 'reason': 'short_history', 'offset': -0.07055561111110996, 'last_observation': '2024-09-01'}, {'item_code': 340, 'name': 'Легковой автомобиль отечественный новый, шт.', 'weight': 0.00757, 'parent': 17, 'reason': 'calendar_gap_in_required_features', 'offset': 0.11777800000000048, 'last_observation': '2024-09-01'}, {'item_code': 851, 'name': 'Активированный уголь, 250 мг, 10 таблеток', 'weight': 0.00049, 'parent': 21, 'reason': 'insufficient_training_rows', 'offset': 0.7272220555555562, 'last_observation': '2024-09-01'}, {'item_code': 852, 'name': 'Бисакодил, 5 мг, 10 таблеток', 'weight': 0.00042, 'parent': 21, 'reason': 'insufficient_training_rows', 'offset': 2.3311112777777776, 'last_observation': '2024-09-01'}, {'item_code': 1008, 'name': 'Проживание в хостеле, сутки с человека', 'weight': 0.00025, 'parent': 55, 'reason': 'short_history', 'offset': -0.5506811111111113, 'last_observation': '2024-09-01'}, {'item_code': 1020, 'name': 'Аскорбиновая кислота, 50 мг, 100 драже', 'weight': 0.00047, 'parent': 21, 'reason': 'short_history', 'offset': -0.061666222222222525, 'last_observation': '2024-09-01'}, {'item_code': 1021, 'name': 'Афобазол, 10 мг, 30 таблеток', 'weight': 0.00039, 'parent': 21, 'reason': 'short_history', 'offset': -0.19055561111111055, 'last_observation': '2024-09-01'}, {'item_code': 1022, 'name': 'Ацетилцистеин (АЦЦ), 600 мг, 10 таблеток', 'weight': 0.00039, 'parent': 21, 'reason': 'short_history', 'offset': -0.38833338888888924, 'last_observation': '2024-09-01'}, {'item_code': 1023, 'name': 'Аципол, 30 капсул', 'weight': 0.00039, 'parent': 21, 'reason': 'short_history', 'offset': -0.32111105555555497, 'last_observation': '2024-09-01'}, {'item_code': 1024, 'name': 'Валерианы экстракт, 20 мг, 10 таблеток', 'weight': 0.00019, 'parent': 21, 'reason': 'short_history', 'offset': 0.1538889999999995, 'last_observation': '2024-09-01'}, {'item_code': 1025, 'name': 'Газета в розницу, шт.', 'weight': 0.00049, 'parent': 32, 'reason': 'short_history', 'offset': -0.024444666666666767, 'last_observation': '2024-09-01'}, {'item_code': 1026, 'name': 'Гриппферон, 10000 МЕ/мл, 10 мл', 'weight': 0.00033, 'parent': 21, 'reason': 'short_history', 'offset': -0.06611094444444553, 'last_observation': '2024-09-01'}, {'item_code': 1027, 'name': 'Ингавирин, 90 мг, 10 капсул', 'weight': 0.00042, 'parent': 21, 'reason': 'short_history', 'offset': -0.03277750000000089, 'last_observation': '2024-09-01'}, {'item_code': 1028, 'name': 'Канефрон Н, 60 таблеток', 'weight': 0.00025, 'parent': 21, 'reason': 'short_history', 'offset': -0.03777738888888946, 'last_observation': '2024-09-01'}, {'item_code': 1029, 'name': 'Кеторол Экспресс, 10 мг, 10 таблеток', 'weight': 0.00041, 'parent': 21, 'reason': 'short_history', 'offset': 0.0577780555555552, 'last_observation': '2024-09-01'}, {'item_code': 1030, 'name': 'Клубная карта в фитнес-клуб, месяц', 'weight': 0.00094, 'parent': 55, 'reason': 'short_history', 'offset': -0.5506811111111113, 'last_observation': '2024-09-01'}, {'item_code': 1032, 'name': 'Кроссовые туфли для взрослых, пара', 'weight': 0.0048, 'parent': 27, 'reason': 'short_history', 'offset': 0.07944427777777857, 'last_observation': '2024-09-01'}, {'item_code': 1033, 'name': 'Ксарелто, 20 мг, 10 таблеток', 'weight': 0.00038, 'parent': 21, 'reason': 'short_history', 'offset': -0.3066665555555564, 'last_observation': '2024-09-01'}, {'item_code': 1034, 'name': 'Магне В6, 10 таблеток', 'weight': 0.00036, 'parent': 21, 'reason': 'short_history', 'offset': 0.00722244444444442, 'last_observation': '2024-09-01'}, {'item_code': 1035, 'name': 'Метилурацил, 10 % мазь, 25 г', 'weight': 0.00039, 'parent': 21, 'reason': 'short_history', 'offset': -0.38944416666666765, 'last_observation': '2024-09-01'}, {'item_code': 1036, 'name': 'Мидокалм, 150 мг, 30 таблеток', 'weight': 0.00037, 'parent': 21, 'reason': 'short_history', 'offset': -0.3338886666666675, 'last_observation': '2024-09-01'}, {'item_code': 1037, 'name': 'Мирамистин, 0,01%, 150 мл', 'weight': 0.00041, 'parent': 21, 'reason': 'short_history', 'offset': -0.15388872222222164, 'last_observation': '2024-09-01'}, {'item_code': 1038, 'name': 'Натрия хлорид, 0,9%, 100 мл', 'weight': 0.00041, 'parent': 21, 'reason': 'short_history', 'offset': -0.20555566666666733, 'last_observation': '2024-09-01'}, {'item_code': 1039, 'name': 'Нафазолин, 0,1%, 15 мл', 'weight': 0.00049, 'parent': 21, 'reason': 'short_history', 'offset': 0.13833344444444387, 'last_observation': '2024-09-01'}, {'item_code': 1040, 'name': 'Парацетамол, 500 мг, 10 таблеток', 'weight': 0.00041, 'parent': 21, 'reason': 'short_history', 'offset': 1.2544444999999997, 'last_observation': '2024-09-01'}, {'item_code': 1041, 'name': 'Перекись водорода, 3%, 100 мл', 'weight': 0.00037, 'parent': 21, 'reason': 'short_history', 'offset': 0.28222233333333374, 'last_observation': '2024-09-01'}, {'item_code': 1042, 'name': 'Пиво, л', 'weight': 0.00357, 'parent': 11, 'reason': 'short_history', 'offset': -0.07777783333333271, 'last_observation': '2024-09-01'}, {'item_code': 1043, 'name': 'Поездка на отдых в Египет, поездка', 'weight': 0.00014, 'parent': 67, 'reason': 'short_history', 'offset': 0.6049998333333346, 'last_observation': '2024-09-01'}, {'item_code': 1044, 'name': 'Поливитамины, 10 шт.', 'weight': 0.00042, 'parent': 21, 'reason': 'short_history', 'offset': 0.0038889999999993405, 'last_observation': '2024-09-01'}, {'item_code': 1045, 'name': 'Ренгалин, 20 таблеток', 'weight': 0.00037, 'parent': 21, 'reason': 'short_history', 'offset': -0.2772222222222227, 'last_observation': '2024-09-01'}, {'item_code': 1046, 'name': 'Сигареты с фильтром, пачка', 'weight': 0.00786, 'parent': 40, 'reason': 'short_history', 'offset': 0.0, 'last_observation': '2024-09-01'}, {'item_code': 1047, 'name': 'Синупрет, 50 таблеток', 'weight': 0.00016, 'parent': 21, 'reason': 'short_history', 'offset': -1.1550001111111112, 'last_observation': '2024-09-01'}, {'item_code': 1048, 'name': 'Сумка женская, шт.', 'weight': 0.00158, 'parent': 13, 'reason': 'short_history', 'offset': 0.2627778333333326, 'last_observation': '2024-09-01'}, {'item_code': 1049, 'name': 'Творог, кг', 'weight': 0.00559, 'parent': 24, 'reason': 'short_history', 'offset': -0.0627777222222229, 'last_observation': '2024-09-01'}, {'item_code': 1050, 'name': 'Туфли женские закрытые, пара', 'weight': 0.00215, 'parent': 27, 'reason': 'short_history', 'offset': 0.1555552222222229, 'last_observation': '2024-09-01'}, {'item_code': 1051, 'name': 'Туфли женские летние, босоножки, пара', 'weight': 0.00248, 'parent': 27, 'reason': 'short_history', 'offset': 0.022222333333333368, 'last_observation': '2024-09-01'}, {'item_code': 1052, 'name': 'Фосфоглив, 10 капсул', 'weight': 0.00035, 'parent': 21, 'reason': 'short_history', 'offset': -0.42777788888888957, 'last_observation': '2024-09-01'}, {'item_code': 1053, 'name': 'Фуросемид, 40 мг, 10 таблеток', 'weight': 0.0005, 'parent': 21, 'reason': 'short_history', 'offset': 0.7388888333333333, 'last_observation': '2024-09-01'}, {'item_code': 1054, 'name': 'Хлеб и булочные изделия из пшеничной муки различных сортов, кг', 'weight': 0.00715, 'parent': 49, 'reason': 'short_history', 'offset': -0.11333327777777827, 'last_observation': '2024-09-01'}, {'item_code': 1055, 'name': 'Цитрамон, 10 таблеток', 'weight': 0.00036, 'parent': 21, 'reason': 'short_history', 'offset': 0.9794446111111097, 'last_observation': '2024-09-01'}, {'item_code': 1056, 'name': 'Энтеросгель, 225 г', 'weight': 0.00036, 'parent': 21, 'reason': 'short_history', 'offset': -0.3377777777777777, 'last_observation': '2024-09-01'}, {'item_code': 1057, 'name': 'Эргоферон, 20 таблеток', 'weight': 0.00037, 'parent': 21, 'reason': 'short_history', 'offset': -0.12222183333333368, 'last_observation': '2024-09-01'}, {'item_code': 1058, 'name': 'Эуфиллин, 150 мг, 10 таблеток', 'weight': 0.00049, 'parent': 21, 'reason': 'short_history', 'offset': 0.1799999444444443, 'last_observation': '2024-09-01'}, {'item_code': 1060, 'name': 'Поездки в страны Закавказья, поездка', 'weight': 0.00055, 'parent': 67, 'reason': 'short_history', 'offset': -0.6644444444444448, 'last_observation': '2024-09-01'}, {'item_code': 1063, 'name': 'Поездки в отдельные страны Средней Азии, поездка', 'weight': 0.00014, 'parent': 67, 'reason': 'short_history', 'offset': -0.5650000555555555, 'last_observation': '2024-09-01'}, {'item_code': 1064, 'name': 'Поездка в Беларусь, поездка', 'weight': 5e-05, 'parent': 67, 'reason': 'short_history', 'offset': -0.7327778888888877, 'last_observation': '2024-09-01'}, {'item_code': 1065, 'name': 'Поездки в отдельные страны Юго-Восточной Азии, поездка', 'weight': 5e-05, 'parent': 67, 'reason': 'short_history', 'offset': -0.7049999444444429, 'last_observation': '2024-09-01'}, {'item_code': 1066, 'name': 'Молоко питьевое цельное пастеризованное более 3,2% жирности, л', 'weight': 0.00184, 'parent': 24, 'reason': 'short_history', 'offset': 0.01888922222222236, 'last_observation': '2024-09-01'}, {'item_code': 1067, 'name': 'Творожок детский, кг', 'weight': 5e-05, 'parent': 24, 'reason': 'short_history', 'offset': -0.5672220555555556, 'last_observation': '2024-09-01'}, {'item_code': 1068, 'name': 'Молоко для детей, л', 'weight': 4e-05, 'parent': 24, 'reason': 'short_history', 'offset': 0.18611116666666622, 'last_observation': '2024-09-01'}, {'item_code': 1069, 'name': 'Сухие приправы, специи, кг', 'weight': 0.00167, 'parent': 53, 'reason': 'short_history', 'offset': -0.6059622777777783, 'last_observation': '2024-09-01'}, {'item_code': 1070, 'name': 'Трикотажный головной убор для взрослых, шт.', 'weight': 0.00053, 'parent': 43, 'reason': 'short_history', 'offset': 0.03555566666666721, 'last_observation': '2024-09-01'}, {'item_code': 1071, 'name': 'Крем детский, 100 г (100 мл)', 'weight': 0.00189, 'parent': 30, 'reason': 'short_history', 'offset': 0.11666661111111172, 'last_observation': '2024-09-01'}, {'item_code': 1072, 'name': 'Чемодан, шт.', 'weight': 0.00129, 'parent': 13, 'reason': 'short_history', 'offset': -0.28499988888888894, 'last_observation': '2024-09-01'}, {'item_code': 1073, 'name': 'Бумага офисная, упаковка 500 листов', 'weight': 0.0003, 'parent': 54, 'reason': 'short_history', 'offset': 0.024004888888888506, 'last_observation': '2024-09-01'}, {'item_code': 1074, 'name': 'Смарт-часы, шт.', 'weight': 0.00078, 'parent': 37, 'reason': 'short_history', 'offset': -0.001666888888888391, 'last_observation': '2024-09-01'}, {'item_code': 1075, 'name': 'Коньки, пара', 'weight': 0.00077, 'parent': 54, 'reason': 'short_history', 'offset': -0.8143283888888904, 'last_observation': '2024-09-01'}, {'item_code': 1076, 'name': 'Гипсокартон, м2', 'weight': 0.00048, 'parent': 38, 'reason': 'short_history', 'offset': 0.00722211111111035, 'last_observation': '2024-09-01'}, {'item_code': 1077, 'name': 'Кресло детское автомобильное, шт.', 'weight': 0.00048, 'parent': 17, 'reason': 'short_history', 'offset': -0.10444472222222048, 'last_observation': '2024-09-01'}, {'item_code': 1078, 'name': 'Соска (пустышка) детская, шт.', 'weight': 0.00014, 'parent': 21, 'reason': 'short_history', 'offset': -0.17444455555555688, 'last_observation': '2024-09-01'}, {'item_code': 1079, 'name': 'Бутылочка для кормления, шт.', 'weight': 0.00135, 'parent': 21, 'reason': 'short_history', 'offset': -0.5422221666666679, 'last_observation': '2024-09-01'}, {'item_code': 1080, 'name': 'Ингалипт, аэрозоль для местного применения, 30 мл', 'weight': 0.00037, 'parent': 21, 'reason': 'short_history', 'offset': -0.2588889444444441, 'last_observation': '2024-09-01'}, {'item_code': 1083, 'name': 'Поездка на отдых на Черноморское побережье России и в Крым, поездка', 'weight': 0.00078, 'parent': 55, 'reason': 'short_history', 'offset': 1.122096500000001, 'last_observation': '2024-09-01'}, {'item_code': 1105, 'name': 'Воздушный и железнодорожный транспорт', 'weight': 0.00571, 'parent': 47, 'reason': 'no_item_history', 'offset': 0.0, 'last_observation': None}]",{'53': 0.002020000000000001},"revised source hierarchy, not real-time publication vintages",,,
GroupsFixed,2024-09-01,available,,,2024-01-01,,,,,1.0,,,,1.0,,,,[],fixed,freeze
GroupsDated,2024-09-01,available,,,2024-01-01,,,,,1.0,,,,1.0,,,,[],dated,freeze
Ridge,2024-10-01,available,,,,,,,,,,,,,,,,,,
Huber,2024-10-01,available,,,,,,,,,,,,,,,,,,
SeasonalNaive,2024-10-01,available,,,,,,,,,,,,,,,,,,
Micro,2024-10-01,available,,2024-10-01,2024-01-01,"latest vintage at cutoff, frozen through forecast horizon",raw,parent_seasonal,545.0,0.9922699999999991,0.9172299999999991,0.08075,0.0020200000000008935,1.0,"[{'item_code': 210, 'name': 'Дом отдыха, пансионат, день', 'weight': 0.00025, 'parent': 35, 'reason': 'short_history', 'offset': 0.2755555555555552, 'last_observation': '2024-10-01'}, {'item_code': 339, 'name': 'Легковой автомобиль иностранной марки новый, шт.', 'weight': 0.00555, 'parent': 17, 'reason': 'short_history', 'offset': -0.05222222222222131, 'last_observation': '2024-10-01'}, {'item_code': 340, 'name': 'Легковой автомобиль отечественный новый, шт.', 'weight': 0.00757, 'parent': 17, 'reason': 'calendar_gap_in_required_features', 'offset': 0.09277800000000032, 'last_observation': '2024-10-01'}, {'item_code': 851, 'name': 'Активированный уголь, 250 мг, 10 таблеток', 'weight': 0.00049, 'parent': 21, 'reason': 'insufficient_training_rows', 'offset': 0.5144442777777785, 'last_observation': '2024-10-01'}, {'item_code': 852, 'name': 'Бисакодил, 5 мг, 10 таблеток', 'weight': 0.00042, 'parent': 21, 'reason': 'insufficient_training_rows', 'offset': 2.3527781111111117, 'last_observation': '2024-10-01'}, {'item_code': 1008, 'name': 'Проживание в хостеле, сутки с человека', 'weight': 0.00025, 'parent': 55, 'reason': 'short_history', 'offset': -0.6954311111111117, 'last_observation': '2024-10-01'}, {'item_code': 1020, 'name': 'Аскорбиновая кислота, 50 мг, 100 драже', 'weight': 0.00047, 'parent': 21, 'reason': 'short_history', 'offset': 0.17444488888888937, 'last_observation': '2024-10-01'}, {'item_code': 1021, 'name': 'Афобазол, 10 мг, 30 таблеток', 'weight': 0.00039, 'parent': 21, 'reason': 'short_history', 'offset': 0.19166666666666682, 'last_observation': '2024-10-01'}, {'item_code': 1022, 'name': 'Ацетилцистеин (АЦЦ), 600 мг, 10 таблеток', 'weight': 0.00039, 'parent': 21, 'reason': 'short_history', 'offset': -0.2694446111111112, 'last_observation': '2024-10-01'}, {'item_code': 1023, 'name': 'Аципол, 30 капсул', 'weight': 0.00039, 'parent': 21, 'reason': 'short_history', 'offset': -0.4927775555555548, 'last_observation': '2024-10-01'}, {'item_code': 1024, 'name': 'Валерианы экстракт, 20 мг, 10 таблеток', 'weight': 0.00019, 'parent': 21, 'reason': 'short_history', 'offset': -0.49277788888888885, 'last_observation': '2024-10-01'}, {'item_code': 1025, 'name': 'Газета в розницу, шт.', 'weight': 0.00049, 'parent': 32, 'reason': 'short_history', 'offset': -0.00777799999999947, 'last_observation': '2024-10-01'}, {'item_code': 1026, 'name': 'Гриппферон, 10000 МЕ/мл, 10 мл', 'weight': 0.00033, 'parent': 21, 'reason': 'short_history', 'offset': 0.16611138888888868, 'last_observation': '2024-10-01'}, {'item_code': 1027, 'name': 'Ингавирин, 90 мг, 10 капсул', 'weight': 0.00042, 'parent': 21, 'reason': 'short_history', 'offset': 0.2672223333333332, 'last_observation': '2024-10-01'}, {'item_code': 1028, 'name': 'Канефрон Н, 60 таблеток', 'weight': 0.00025, 'parent': 21, 'reason': 'short_history', 'offset': -0.0561107222222227, 'last_observation': '2024-10-01'}, {'item_code': 1029, 'name': 'Кеторол Экспресс, 10 мг, 10 таблеток', 'weight': 0.00041, 'parent': 21, 'reason': 'short_history', 'offset': -0.11777750000000016, 'last_observation': '2024-10-01'}, {'item_code': 1030, 'name': 'Клубная карта в фитнес-клуб, месяц', 'weight': 0.00094, 'parent': 55, 'reason': 'short_history', 'offset': -0.6620977777777787, 'last_observation': '2024-10-01'}, {'item_code': 1032, 'name': 'Кроссовые туфли для взрослых, пара', 'weight': 0.0048, 'parent': 27, 'reason': 'short_history', 'offset': 0.02055527777777873, 'last_observation': '2024-10-01'}, {'item_code': 1033, 'name': 'Ксарелто, 20 мг, 10 таблеток', 'weight': 0.00038, 'parent': 21, 'reason': 'short_history', 'offset': -0.1294443333333343, 'last_observation': '2024-10-01'}, {'item_code': 1034, 'name': 'Магне В6, 10 таблеток', 'weight': 0.00036, 'parent': 21, 'reason': 'short_history', 'offset': -0.14666633333333343, 'last_observation': '2024-10-01'}, {'item_code': 1035, 'name': 'Метилурацил, 10 % мазь, 25 г', 'weight': 0.00039, 'parent': 21, 'reason': 'short_history', 'offset': -0.6922221111111119, 'last_observation': '2024-10-01'}, {'item_code': 1036, 'name': 'Мидокалм, 150 мг, 30 таблеток', 'weight': 0.00037, 'parent': 21, 'reason': 'short_history', 'offset': -0.15999977777777888, 'last_observation': '2024-10-01'}, {'item_code': 1037, 'name': 'Мирамистин, 0,01%, 150 мл', 'weight': 0.00041, 'parent': 21, 'reason': 'short_history', 'offset': 0.1655557222222228, 'last_observation': '2024-10-01'}, {'item_code': 1038, 'name': 'Натрия хлорид, 0,9%, 100 мл', 'weight': 0.00041, 'parent': 21, 'reason': 'short_history', 'offset': -0.036666777777778096, 'last_observation': '2024-10-01'}, {'item_code': 1039, 'name': 'Нафазолин, 0,1%, 15 мл', 'weight': 0.00049, 'parent': 21, 'reason': 'short_history', 'offset': -0.008888777777777869, 'last_observation': '2024-10-01'}, {'item_code': 1040, 'name': 'Парацетамол, 500 мг, 10 таблеток', 'weight': 0.00041, 'parent': 21, 'reason': 'short_history', 'offset': 1.2677778333333336, 'last_observation': '2024-10-01'}, {'item_code': 1041, 'name': 'Перекись водорода, 3%, 100 мл', 'weight': 0.00037, 'parent': 21, 'reason': 'short_history', 'offset': 0.7961112222222226, 'last_observation': '2024-10-01'}, {'item_code': 1042, 'name': 'Пиво, л', 'weight': 0.00357, 'parent': 11, 'reason': 'short_history', 'offset': -0.061111277777777834, 'last_observation': '2024-10-01'}, {'item_code': 1043, 'name': 'Поездка на отдых в Египет, поездка', 'weight': 0.00014, 'parent': 67, 'reason': 'short_history', 'offset': 1.031110833333335, 'last_observation': '2024-10-01'}, {'item_code': 1044, 'name': 'Поливитамины, 10 шт.', 'weight': 0.00042, 'parent': 21, 'reason': 'short_history', 'offset': 0.09500011111111048, 'last_observation': '2024-10-01'}, {'item_code': 1045, 'name': 'Ренгалин, 20 таблеток', 'weight': 0.00037, 'parent': 21, 'reason': 'short_history', 'offset': -0.03388888888888965, 'last_observation': '2024-10-01'}, {'item_code': 1046, 'name': 'Сигареты с фильтром, пачка', 'weight': 0.00786, 'parent': 40, 'reason': 'short_history', 'offset': 0.0, 'last_observation': '2024-10-01'}, {'item_code': 1047, 'name': 'Синупрет, 50 таблеток', 'weight': 0.00016, 'parent': 21, 'reason': 'short_history', 'offset': -1.1822219999999999, 'last_observation': '2024-10-01'}, {'item_code': 1048, 'name': 'Сумка женская, шт.', 'weight': 0.00158, 'parent': 13, 'reason': 'short_history', 'offset': 0.24055561111111087, 'last_observation': '2024-10-01'}, {'item_code': 1049, 'name': 'Творог, кг', 'weight': 0.00559, 'parent': 24, 'reason': 'short_history', 'offset': 0.10555549999999966, 'last_observation': '2024-10-01'}, {'item_code': 1050, 'name': 'Туфли женские закрытые, пара', 'weight': 0.00215, 'parent': 27, 'reason': 'short_history', 'offset': 0.001666500000000484, 'last_observation': '2024-10-01'}, {'item_code': 1051, 'name': 'Туфли женские летние, босоножки, пара', 'weight': 0.00248, 'parent': 27, 'reason': 'short_history', 'offset': -0.27333333333333343, 'last_observation': '2024-10-01'}, {'item_code': 1052, 'name': 'Фосфоглив, 10 капсул', 'weight': 0.00035, 'parent': 21, 'reason': 'short_history', 'offset': -0.16000011111111215, 'last_observation': '2024-10-01'}, {'item_code': 1053, 'name': 'Фуросемид, 40 мг, 10 таблеток', 'weight': 0.0005, 'parent': 21, 'reason': 'short_history', 'offset': 0.43444438888888864, 'last_observation': '2024-10-01'}, {'item_code': 1054, 'name': 'Хлеб и булочные изделия из пшеничной муки различных сортов, кг', 'weight': 0.00715, 'parent': 49, 'reason': 'short_history', 'offset': -0.03666661111111185, 'last_observation': '2024-10-01'}, {'item_code': 1055, 'name': 'Цитрамон, 10 таблеток', 'weight': 0.00036, 'parent': 21, 'reason': 'short_history', 'offset': -0.2955553888888905, 'last_observation': '2024-10-01'}, {'item_code': 1056, 'name': 'Энтеросгель, 225 г', 'weight': 0.00036, 'parent': 21, 'reason': 'short_history', 'offset': -0.057222222222222285, 'last_observation': '2024-10-01'}, {'item_code': 1057, 'name': 'Эргоферон, 20 таблеток', 'weight': 0.00037, 'parent': 21, 'reason': 'short_history', 'offset': 0.1338892777777774, 'last_observation': '2024-10-01'}, {'item_code': 1058, 'name': 'Эуфиллин, 150 мг, 10 таблеток', 'weight': 0.00049, 'parent': 21, 'reason': 'short_history', 'offset': 0.49944438888888876, 'last_observation': '2024-10-01'}, {'item_code': 1060, 'name': 'Поездки в страны Закавказья, поездка', 'weight': 0.00055, 'parent': 67, 'reason': 'short_history', 'offset': -0.5049998888888886, 'last_observation': '2024-10-01'}, {'item_code': 1063, 'name': 'Поездки в отдельные страны Средней Азии, поездка', 'weight': 0.00014, 'parent': 67, 'reason': 'short_history', 'offset': -0.16388888888888906, 'last_observation': '2024-10-01'}, {'item_code': 1064, 'name': 'Поездка в Беларусь, поездка', 'weight': 5e-05, 'parent': 67, 'reason': 'short_history', 'offset': 0.2899996666666682, 'last_observation': '2024-10-01'}, {'item_code': 1065, 'name': 'Поездки в отдельные страны Юго-Восточной Азии, поездка', 'weight': 5e-05, 'parent': 67, 'reason': 'short_history', 'offset': 0.7072221666666686, 'last_observation': '2024-10-01'}, {'item_code': 1066, 'name': 'Молоко питьевое цельное пастеризованное более 3,2% жирности, л', 'weight': 0.00184, 'parent': 24, 'reason': 'short_history', 'offset': 0.11222255555555607, 'last_observation': '2024-10-01'}, {'item_code': 1067, 'name': 'Творожок детский, кг', 'weight': 5e-05, 'parent': 24, 'reason': 'short_history', 'offset': -0.4361108888888883, 'last_observation': '2024-10-01'}, {'item_code': 1068, 'name': 'Молоко для детей, л', 'weight': 4e-05, 'parent': 24, 'reason': 'short_history', 'offset': 0.05888911111111068, 'last_observation': '2024-10-01'}, {'item_code': 1069, 'name': 'Сухие приправы, специи, кг', 'weight': 0.00167, 'parent': 53, 'reason': 'short_history', 'offset': -0.5986889444444449, 'last_observation': '2024-10-01'}, {'item_code': 1070, 'name': 'Трикотажный головной убор для взрослых, шт.', 'weight': 0.00053, 'parent': 43, 'reason': 'short_history', 'offset': 0.22555550000000027, 'last_observation': '2024-10-01'}, {'item_code': 1071, 'name': 'Крем детский, 100 г (100 мл)', 'weight': 0.00189, 'parent': 30, 'reason': 'short_history', 'offset': 0.05666661111111182, 'last_observation': '2024-10-01'}, {'item_code': 1072, 'name': 'Чемодан, шт.', 'weight': 0.00129, 'parent': 13, 'reason': 'short_history', 'offset': -0.3227776666666671, 'last_observation': '2024-10-01'}, {'item_code': 1073, 'name': 'Бумага офисная, упаковка 500 листов', 'weight': 0.0003, 'parent': 54, 'reason': 'short_history', 'offset': -0.03292461111111164, 'last_observation': '2024-10-01'}, {'item_code': 1074, 'name': 'Смарт-часы, шт.', 'weight': 0.00078, 'parent': 37, 'reason': 'short_history', 'offset': -0.7400006666666662, 'last_observation': '2024-10-01'}, {'item_code': 1075, 'name': 'Коньки, пара', 'weight': 0.00077, 'parent': 54, 'reason': 'short_history', 'offset': -0.8318133333333356, 'last_observation': '2024-10-01'}, {'item_code': 1076, 'name': 'Гипсокартон, м2', 'weight': 0.00048, 'parent': 38, 'reason': 'short_history', 'offset': 0.20444444444444404, 'last_observation': '2024-10-01'}, {'item_code': 1077, 'name': 'Кресло детское автомобильное, шт.', 'weight': 0.00048, 'parent': 17, 'reason': 'short_history', 'offset': 0.2416665000000009, 'last_observation': '2024-10-01'}, {'item_code': 1078, 'name': 'Соска (пустышка) детская, шт.', 'weight': 0.00014, 'parent': 21, 'reason': 'short_history', 'offset': -0.16666683333333449, 'last_observation': '2024-10-01'}, {'item_code': 1079, 'name': 'Бутылочка для кормления, шт.', 'weight': 0.00135, 'parent': 21, 'reason': 'short_history', 'offset': -0.34444438888888995, 'last_observation': '2024-10-01'}, {'item_code': 1080, 'name': 'Ингалипт, аэрозоль для местного применения, 30 мл', 'weight': 0.00037, 'parent': 21, 'reason': 'short_history', 'offset': -0.2638888333333327, 'last_observation': '2024-10-01'}, {'item_code': 1083, 'name': 'Поездка на отдых на Черноморское побережье России и в Крым, поездка', 'weight': 0.00078, 'parent': 55, 'reason': 'short_history', 'offset': -1.628208888888889, 'last_observation': '2024-10-01'}, {'item_code': 1105, 'name': 'Воздушный и железнодорожный транспорт', 'weight': 0.00571, 'parent': 47, 'reason': 'no_item_history', 'offset': 0.0, 'last_observation': None}]",{'53': 0.002020000000000001},"revised source hierarchy, not real-time publication vintages",,,
GroupsFixed,2024-10-01,available,,,2024-01-01,,,,,1.0,,,,1.0,,,,[],fixed,freeze
GroupsDated,2024-10-01,available,,,2024-01-01,,,,,1.0,,,,1.0,,,,[],dated,freeze
Ridge,2024-11-01,available,,,,,,,,,,,,,,,,,,
Huber,2024-11-01,available,,,,,,,,,,,,,,,,,,
SeasonalNaive,2024-11-01,available,,,,,,,,,,,,,,,,,,
Micro,2024-11-01,available,,2024-11-01,2024-01-01,"latest vintage at cutoff, frozen through forecast horizon",raw,parent_seasonal,545.0,0.9922699999999991,0.9172299999999991,0.08075,0.0020200000000008935,1.0,"[{'item_code': 210, 'name': 'Дом отдыха, пансионат, день', 'weight': 0.00025, 'parent': 35, 'reason': 'short_history', 'offset': 0.9977779444444452, 'last_observation': '2024-11-01'}, {'item_code': 339, 'name': 'Легковой автомобиль иностранной марки новый, шт.', 'weight': 0.00555, 'parent': 17, 'reason': 'short_history', 'offset': -0.00833333333333286, 'last_observation': '2024-11-01'}, {'item_code': 340, 'name': 'Легковой автомобиль отечественный новый, шт.', 'weight': 0.00757, 'parent': 17, 'reason': 'calendar_gap_in_required_features', 'offset': -0.07944422222222158, 'last_observation': '2024-11-01'}, {'item_code': 851, 'name': 'Активированный уголь, 250 мг, 10 таблеток', 'weight': 0.00049, 'parent': 21, 'reason': 'insufficient_training_rows', 'offset': -0.9638890000000002, 'last_observation': '2024-11-01'}, {'item_code': 852, 'name': 'Бисакодил, 5 мг, 10 таблеток', 'weight': 0.00042, 'parent': 21, 'reason': 'insufficient_training_rows', 'offset': 1.1016671666666669, 'last_observation': '2024-11-01'}, {'item_code': 1008, 'name': 'Проживание в хостеле, сутки с человека', 'weight': 0.00025, 'parent': 55, 'reason': 'short_history', 'offset': 0.39881722222222116, 'last_observation': '2024-11-01'}, {'item_code': 1020, 'name': 'Аскорбиновая кислота, 50 мг, 100 драже', 'weight': 0.00047, 'parent': 21, 'reason': 'short_history', 'offset': 0.908333666666667, 'last_observation': '2024-11-01'}, {'item_code': 1021, 'name': 'Афобазол, 10 мг, 30 таблеток', 'weight': 0.00039, 'parent': 21, 'reason': 'short_history', 'offset': 0.12499999999999921, 'last_observation': '2024-11-01'}, {'item_code': 1022, 'name': 'Ацетилцистеин (АЦЦ), 600 мг, 10 таблеток', 'weight': 0.00039, 'parent': 21, 'reason': 'short_history', 'offset': -0.24666655555555572, 'last_observation': '2024-11-01'}, {'item_code': 1023, 'name': 'Аципол, 30 капсул', 'weight': 0.00039, 'parent': 21, 'reason': 'short_history', 'offset': -0.14777755555555513, 'last_observation': '2024-11-01'}, {'item_code': 1024, 'name': 'Валерианы экстракт, 20 мг, 10 таблеток', 'weight': 0.00019, 'parent': 21, 'reason': 'short_history', 'offset': -0.5783333888888893, 'last_observation': '2024-11-01'}, {'item_code': 1025, 'name': 'Газета в розницу, шт.', 'weight': 0.00049, 'parent': 32, 'reason': 'short_history', 'offset': -0.08055577777777738, 'last_observation': '2024-11-01'}, {'item_code': 1026, 'name': 'Гриппферон, 10000 МЕ/мл, 10 мл', 'weight': 0.00033, 'parent': 21, 'reason': 'short_history', 'offset': 0.10555583333333216, 'last_observation': '2024-11-01'}, {'item_code': 1027, 'name': 'Ингавирин, 90 мг, 10 капсул', 'weight': 0.00042, 'parent': 21, 'reason': 'short_history', 'offset': 0.22833349999999955, 'last_observation': '2024-11-01'}, {'item_code': 1028, 'name': 'Канефрон Н, 60 таблеток', 'weight': 0.00025, 'parent': 21, 'reason': 'short_history', 'offset': -0.3116662777777787, 'last_observation': '2024-11-01'}, {'item_code': 1029, 'name': 'Кеторол Экспресс, 10 мг, 10 таблеток', 'weight': 0.00041, 'parent': 21, 'reason': 'short_history', 'offset': -0.3133330555555563, 'last_observation': '2024-11-01'}, {'item_code': 1030, 'name': 'Клубная карта в фитнес-клуб, месяц', 'weight': 0.00094, 'parent': 55, 'reason': 'short_history', 'offset': -0.5856272222222232, 'last_observation': '2024-11-01'}, {'item_code': 1032, 'name': 'Кроссовые туфли для взрослых, пара', 'weight': 0.0048, 'parent': 27, 'reason': 'short_history', 'offset': 0.3088888888888898, 'last_observation': '2024-11-01'}, {'item_code': 1033, 'name': 'Ксарелто, 20 мг, 10 таблеток', 'weight': 0.00038, 'parent': 21, 'reason': 'short_history', 'offset': -0.09333316666666747, 'last_observation': '2024-11-01'}, {'item_code': 1034, 'name': 'Магне В6, 10 таблеток', 'weight': 0.00036, 'parent': 21, 'reason': 'short_history', 'offset': 0.18000033333333298, 'last_observation': '2024-11-01'}, {'item_code': 1035, 'name': 'Метилурацил, 10 % мазь, 25 г', 'weight': 0.00039, 'parent': 21, 'reason': 'short_history', 'offset': -0.6588887777777788, 'last_observation': '2024-11-01'}, {'item_code': 1036, 'name': 'Мидокалм, 150 мг, 30 таблеток', 'weight': 0.00037, 'parent': 21, 'reason': 'short_history', 'offset': -0.1566664444444454, 'last_observation': '2024-11-01'}, {'item_code': 1037, 'name': 'Мирамистин, 0,01%, 150 мл', 'weight': 0.00041, 'parent': 21, 'reason': 'short_history', 'offset': 0.15333350000000065, 'last_observation': '2024-11-01'}, {'item_code': 1038, 'name': 'Натрия хлорид, 0,9%, 100 мл', 'weight': 0.00041, 'parent': 21, 'reason': 'short_history', 'offset': 0.39333344444444407, 'last_observation': '2024-11-01'}, {'item_code': 1039, 'name': 'Нафазолин, 0,1%, 15 мл', 'weight': 0.00049, 'parent': 21, 'reason': 'short_history', 'offset': -0.7611108888888896, 'last_observation': '2024-11-01'}, {'item_code': 1040, 'name': 'Парацетамол, 500 мг, 10 таблеток', 'weight': 0.00041, 'parent': 21, 'reason': 'short_history', 'offset': 0.5066667222222215, 'last_observation': '2024-11-01'}, {'item_code': 1041, 'name': 'Перекись водорода, 3%, 100 мл', 'weight': 0.00037, 'parent': 21, 'reason': 'short_history', 'offset': 0.9327778888888889, 'last_observation': '2024-11-01'}, {'item_code': 1042, 'name': 'Пиво, л', 'weight': 0.00357, 'parent': 11, 'reason': 'short_history', 'offset': -0.04388877777777762, 'last_observation': '2024-11-01'}, {'item_code': 1043, 'name': 'Поездка на отдых в Египет, поездка', 'weight': 0.00014, 'parent': 67, 'reason': 'short_history', 'offset': 0.6366666666666679, 'last_observation': '2024-11-01'}, {'item_code': 1044, 'name': 'Поливитамины, 10 шт.', 'weight': 0.00042, 'parent': 21, 'reason': 'short_history', 'offset': 0.25277788888888847, 'last_observation': '2024-11-01'}, {'item_code': 1045, 'name': 'Ренгалин, 20 таблеток', 'weight': 0.00037, 'parent': 21, 'reason': 'short_history', 'offset': -0.04944444444444526, 'last_observation': '2024-11-01'}, {'item_code': 1046, 'name': 'Сигареты с фильтром, пачка', 'weight': 0.00786, 'parent': 40, 'reason': 'short_history', 'offset': 0.0, 'last_observation': '2024-11-01'}, {'item_code': 1047, 'name': 'Синупрет, 50 таблеток', 'weight': 0.00016, 'parent': 21, 'reason': 'short_history', 'offset': -1.0561108888888897, 'last_observation': '2024-11-01'}, {'item_code': 1048, 'name': 'Сумка женская, шт.', 'weight': 0.00158, 'parent': 13, 'reason': 'short_history', 'offset': 0.27722238888888895, 'last_observation': '2024-11-01'}, {'item_code': 1049, 'name': 'Творог, кг', 'weight': 0.00559, 'parent': 24, 'reason': 'short_history', 'offset': 0.2694443888888895, 'last_observation': '2024-11-01'}, {'item_code': 1050, 'name': 'Туфли женские закрытые, пара', 'weight': 0.00215, 'parent': 27, 'reason': 'short_history', 'offset': -0.05444461111111091, 'last_observation': '2024-11-01'}, {'item_code': 1051, 'name': 'Туфли женские летние, босоножки, пара', 'weight': 0.00248, 'parent': 27, 'reason': 'short_history', 'offset': -0.3088887777777782, 'last_observation': '2024-11-01'}, {'item_code': 1052, 'name': 'Фосфоглив, 10 капсул', 'weight': 0.00035, 'parent': 21, 'reason': 'short_history', 'offset': -0.12000000000000138, 'last_observation': '2024-11-01'}, {'item_code': 1053, 'name': 'Фуросемид, 40 мг, 10 таблеток', 'weight': 0.0005, 'parent': 21, 'reason': 'short_history', 'offset': 0.43444438888888864, 'last_observation': '2024-11-01'}, {'item_code': 1054, 'name': 'Хлеб и булочные изделия из пшеничной муки различных сортов, кг', 'weight': 0.00715, 'parent': 49, 'reason': 'short_history', 'offset': 0.08166694444444368, 'last_observation': '2024-11-01'}, {'item_code': 1055, 'name': 'Цитрамон, 10 таблеток', 'weight': 0.00036, 'parent': 21, 'reason': 'short_history', 'offset': -0.7388888888888903, 'last_observation': '2024-11-01'}, {'item_code': 1056, 'name': 'Энтеросгель, 225 г', 'weight': 0.00036, 'parent': 21, 'reason': 'short_history', 'offset': -0.029444388888889093, 'last_observation': '2024-11-01'}, {'item_code': 1057, 'name': 'Эргоферон, 20 таблеток', 'weight': 0.00037, 'parent': 21, 'reason': 'short_history', 'offset': 0.021666833333332945, 'last_observation': '2024-11-01'}, {'item_code': 1058, 'name': 'Эуфиллин, 150 мг, 10 таблеток', 'weight': 0.00049, 'parent': 21, 'reason': 'short_history', 'offset': 0.3877777222222218, 'last_observation': '2024-11-01'}, {'item_code': 1060, 'name': 'Поездки в страны Закавказья, поездка', 'weight': 0.00055, 'parent': 67, 'reason': 'short_history', 'offset': 0.17277794444444478, 'last_observation': '2024-11-01'}, {'item_code': 1063, 'name': 'Поездки в отдельные страны Средней Азии, поездка', 'weight': 0.00014, 'parent': 67, 'reason': 'short_history', 'offset': 0.3738888888888891, 'last_observation': '2024-11-01'}, {'item_code': 1064, 'name': 'Поездка в Беларусь, поездка', 'weight': 5e-05, 'parent': 67, 'reason': 'short_history', 'offset': 0.1988885555555563, 'last_observation': '2024-11-01'}, {'item_code': 1065, 'name': 'Поездки в отдельные страны Юго-Восточной Азии, поездка', 'weight': 5e-05, 'parent': 67, 'reason': 'short_history', 'offset': 2.7466664444444464, 'last_observation': '2024-11-01'}, {'item_code': 1066, 'name': 'Молоко питьевое цельное пастеризованное более 3,2% жирности, л', 'weight': 0.00184, 'parent': 24, 'reason': 'short_history', 'offset': 0.08500033333333493, 'last_observation': '2024-11-01'}, {'item_code': 1067, 'name': 'Творожок детский, кг', 'weight': 5e-05, 'parent': 24, 'reason': 'short_history', 'offset': -1.4622218888888885, 'last_observation': '2024-11-01'}, {'item_code': 1068, 'name': 'Молоко для детей, л', 'weight': 4e-05, 'parent': 24, 'reason': 'short_history', 'offset': -0.4344442222222224, 'last_observation': '2024-11-01'}, {'item_code': 1069, 'name': 'Сухие приправы, специи, кг', 'weight': 0.00167, 'parent': 53, 'reason': 'short_history', 'offset': -0.504164055555556, 'last_observation': '2024-11-01'}, {'item_code': 1070, 'name': 'Трикотажный головной убор для взрослых, шт.', 'weight': 0.00053, 'parent': 43, 'reason': 'short_history', 'offset': 0.23833327777777827, 'last_observation': '2024-11-01'}, {'item_code': 1071, 'name': 'Крем детский, 100 г (100 мл)', 'weight': 0.00189, 'parent': 30, 'reason': 'short_history', 'offset': 0.004999722222222324, 'last_observation': '2024-11-01'}, {'item_code': 1072, 'name': 'Чемодан, шт.', 'weight': 0.00129, 'parent': 13, 'reason': 'short_history', 'offset': -0.30388866666666714, 'last_observation': '2024-11-01'}, {'item_code': 1073, 'name': 'Бумага офисная, упаковка 500 листов', 'weight': 0.0003, 'parent': 54, 'reason': 'short_history', 'offset': -0.12422605555555559, 'last_observation': '2024-11-01'}, {'item_code': 1074, 'name': 'Смарт-часы, шт.', 'weight': 0.00078, 'parent': 37, 'reason': 'short_history', 'offset': -0.9061116111111107, 'last_observation': '2024-11-01'}, {'item_code': 1075, 'name': 'Коньки, пара', 'weight': 0.00077, 'parent': 54, 'reason': 'short_history', 'offset': -0.5047812777777799, 'last_observation': '2024-11-01'}, {'item_code': 1076, 'name': 'Гипсокартон, м2', 'weight': 0.00048, 'parent': 38, 'reason': 'short_history', 'offset': 0.1911111111111102, 'last_observation': '2024-11-01'}, {'item_code': 1077, 'name': 'Кресло детское автомобильное, шт.', 'weight': 0.00048, 'parent': 17, 'reason': 'short_history', 'offset': 0.327222055555556, 'last_observation': '2024-11-01'}, {'item_code': 1078, 'name': 'Соска (пустышка) детская, шт.', 'weight': 0.00014, 'parent': 21, 'reason': 'short_history', 'offset': 0.047222166666664914, 'last_observation': '2024-11-01'}, {'item_code': 1079, 'name': 'Бутылочка для кормления, шт.', 'weight': 0.00135, 'parent': 21, 'reason': 'short_history', 'offset': -0.17055538888889052, 'last_observation': '2024-11-01'}, {'item_code': 1080, 'name': 'Ингалипт, аэрозоль для местного применения, 30 мл', 'weight': 0.00037, 'parent': 21, 'reason': 'short_history', 'offset': -0.14666666666666592, 'last_observation': '2024-11-01'}, {'item_code': 1083, 'name': 'Поездка на отдых на Черноморское побережье России и в Крым, поездка', 'weight': 0.00078, 'parent': 55, 'reason': 'short_history', 'offset': -2.7156272222222224, 'last_observation': '2024-11-01'}, {'item_code': 1105, 'name': 'Воздушный и железнодорожный транспорт', 'weight': 0.00571, 'parent': 47, 'reason': 'no_item_history', 'offset': 0.0, 'last_observation': None}]",{'53': 0.002020000000000001},"revised source hierarchy, not real-time publication vintages",,,
GroupsFixed,2024-11-01,available,,,2024-01-01,,,,,1.0,,,,1.0,,,,[],fixed,freeze
GroupsDated,2024-11-01,available,,,2024-01-01,,,,,1.0,,,,1.0,,,,[],dated,freeze
Ridge,2024-12-01,available,,,,,,,,,,,,,,,,,,
Huber,2024-12-01,available,,,,,,,,,,,,,,,,,,
SeasonalNaive,2024-12-01,available,,,,,,,,,,,,,,,,,,
Micro,2024-12-01,available,,2024-12-01,2024-01-01,"latest vintage at cutoff, frozen through forecast horizon",raw,parent_seasonal,545.0,0.9922699999999991,0.9172299999999991,0.08075,0.0020200000000008935,1.0,"[{'item_code': 210, 'name': 'Дом отдыха, пансионат, день', 'weight': 0.00025, 'parent': 35, 'reason': 'short_history', 'offset': 0.9977779444444452, 'last_observation': '2024-12-01'}, {'item_code': 339, 'name': 'Легковой автомобиль иностранной марки новый, шт.', 'weight': 0.00555, 'parent': 17, 'reason': 'short_history', 'offset': -0.05999999999999991, 'last_observation': '2024-12-01'}, {'item_code': 340, 'name': 'Легковой автомобиль отечественный новый, шт.', 'weight': 0.00757, 'parent': 17, 'reason': 'calendar_gap_in_required_features', 'offset': -0.032222222222222124, 'last_observation': '2024-12-01'}, {'item_code': 851, 'name': 'Активированный уголь, 250 мг, 10 таблеток', 'weight': 0.00049, 'parent': 21, 'reason': 'insufficient_training_rows', 'offset': -0.8044445555555555, 'last_observation': '2024-12-01'}, {'item_code': 852, 'name': 'Бисакодил, 5 мг, 10 таблеток', 'weight': 0.00042, 'parent': 21, 'reason': 'insufficient_training_rows', 'offset': 1.1755556666666669, 'last_observation': '2024-12-01'}, {'item_code': 1008, 'name': 'Проживание в хостеле, сутки с человека', 'weight': 0.00025, 'parent': 55, 'reason': 'insufficient_training_rows', 'offset': 1.4481266666666655, 'last_observation': '2024-12-01'}, {'item_code': 1020, 'name': 'Аскорбиновая кислота, 50 мг, 100 драже', 'weight': 0.00047, 'parent': 21, 'reason': 'insufficient_training_rows', 'offset': 0.6422225555555556, 'last_observation': '2024-12-01'}, {'item_code': 1021, 'name': 'Афобазол, 10 мг, 30 таблеток', 'weight': 0.00039, 'parent': 21, 'reason': 'insufficient_training_rows', 'offset': -0.09166705555555647, 'last_observation': '2024-12-01'}, {'item_code': 1022, 'name': 'Ацетилцистеин (АЦЦ), 600 мг, 10 таблеток', 'weight': 0.00039, 'parent': 21, 'reason': 'insufficient_training_rows', 'offset': -0.40444455555555536, 'last_observation': '2024-12-01'}, {'item_code': 1023, 'name': 'Аципол, 30 капсул', 'weight': 0.00039, 'parent': 21, 'reason': 'insufficient_training_rows', 'offset': 0.12999994444444476, 'last_observation': '2024-12-01'}, {'item_code': 1024, 'name': 'Валерианы экстракт, 20 мг, 10 таблеток', 'weight': 0.00019, 'parent': 21, 'reason': 'insufficient_training_rows', 'offset': -0.30722244444444474, 'last_observation': '2024-12-01'}, {'item_code': 1025, 'name': 'Газета в розницу, шт.', 'weight': 0.00049, 'parent': 32, 'reason': 'insufficient_training_rows', 'offset': -0.1933335555555552, 'last_observation': '2024-12-01'}, {'item_code': 1026, 'name': 'Гриппферон, 10000 МЕ/мл, 10 мл', 'weight': 0.00033, 'parent': 21, 'reason': 'insufficient_training_rows', 'offset': 0.15666661111111008, 'last_observation': '2024-12-01'}, {'item_code': 1027, 'name': 'Ингавирин, 90 мг, 10 капсул', 'weight': 0.00042, 'parent': 21, 'reason': 'insufficient_training_rows', 'offset': 0.11388877777777712, 'last_observation': '2024-12-01'}, {'item_code': 1028, 'name': 'Канефрон Н, 60 таблеток', 'weight': 0.00025, 'parent': 21, 'reason': 'insufficient_training_rows', 'offset': -0.018333222222222407, 'last_observation': '2024-12-01'}, {'item_code': 1029, 'name': 'Кеторол Экспресс, 10 мг, 10 таблеток', 'weight': 0.00041, 'parent': 21, 'reason': 'insufficient_training_rows', 'offset': 0.03500005555555516, 'last_observation': '2024-12-01'}, {'item_code': 1030, 'name': 'Клубная карта в фитнес-клуб, месяц', 'weight': 0.00094, 'parent': 55, 'reason': 'insufficient_training_rows', 'offset': -0.5540955555555563, 'last_observation': '2024-12-01'}, {'item_code': 1032, 'name': 'Кроссовые туфли для взрослых, пара', 'weight': 0.0048, 'parent': 27, 'reason': 'insufficient_training_rows', 'offset': 0.39611111111111164, 'last_observation': '2024-12-01'}, {'item_code': 1033, 'name': 'Ксарелто, 20 мг, 10 таблеток', 'weight': 0.00038, 'parent': 21, 'reason': 'insufficient_training_rows', 'offset': 0.009444388888888334, 'last_observation': '2024-12-01'}, {'item_code': 1034, 'name': 'Магне В6, 10 таблеток', 'weight': 0.00036, 'parent': 21, 'reason': 'insufficient_training_rows', 'offset': -0.2605555555555562, 'last_observation': '2024-12-01'}, {'item_code': 1035, 'name': 'Метилурацил, 10 % мазь, 25 г', 'weight': 0.00039, 'parent': 21, 'reason': 'insufficient_training_rows', 'offset': -0.2155556111111123, 'last_observation': '2024-12-01'}, {'item_code': 1036, 'name': 'Мидокалм, 150 мг, 30 таблеток', 'weight': 0.00037, 'parent': 21, 'reason': 'insufficient_training_rows', 'offset': -0.09277777777777867, 'last_observation': '2024-12-01'}, {'item_code': 1037, 'name': 'Мирамистин, 0,01%, 150 мл', 'weight': 0.00041, 'parent': 21, 'reason': 'insufficient_training_rows', 'offset': 0.1455555555555558, 'last_observation': '2024-12-01'}, {'item_code': 1038, 'name': 'Натрия хлорид, 0,9%, 100 мл', 'weight': 0.00041, 'parent': 21, 'reason': 'insufficient_training_rows', 'offset': -0.041110999999999995, 'last_observation': '2024-12-01'}, {'item_code': 1039, 'name': 'Нафазолин, 0,1%, 15 мл', 'weight': 0.00049, 'parent': 21, 'reason': 'insufficient_training_rows', 'offset': -0.5988887777777782, 'last_observation': '2024-12-01'}, {'item_code': 1040, 'name': 'Парацетамол, 500 мг, 10 таблеток', 'weight': 0.00041, 'parent': 21, 'reason': 'insufficient_training_rows', 'offset': 0.7361110555555549, 'last_observation': '2024-12-01'}, {'item_code': 1041, 'name': 'Перекись водорода, 3%, 100 мл', 'weight': 0.00037, 'parent': 21, 'reason': 'insufficient_training_rows', 'offset': 0.6544442222222221, 'last_observation': '2024-12-01'}, {'item_code': 1042, 'name': 'Пиво, л', 'weight': 0.00357, 'parent': 11, 'reason': 'insufficient_training_rows', 'offset': -0.12833322222222104, 'last_observation': '2024-12-01'}, {'item_code': 1043, 'name': 'Поездка на отдых в Египет, поездка', 'weight': 0.00014, 'parent': 67, 'reason': 'insufficient_training_rows', 'offset': 0.02722183333333403, 'last_observation': '2024-12-01'}, {'item_code': 1044, 'name': 'Поливитамины, 10 шт.', 'weight': 0.00042, 'parent': 21, 'reason': 'insufficient_training_rows', 'offset': 0.2877776111111111, 'last_observation': '2024-12-01'}, {'item_code': 1045, 'name': 'Ренгалин, 20 таблеток', 'weight': 0.00037, 'parent': 21, 'reason': 'insufficient_training_rows', 'offset': 0.15499988888888871, 'last_observation': '2024-12-01'}, {'item_code': 1046, 'name': 'Сигареты с фильтром, пачка', 'weight': 0.00786, 'parent': 40, 'reason': 'insufficient_training_rows', 'offset': 0.0, 'last_observation': '2024-12-01'}, {'item_code': 1047, 'name': 'Синупрет, 50 таблеток', 'weight': 0.00016, 'parent': 21, 'reason': 'insufficient_training_rows', 'offset': -1.4099998888888896, 'last_observation': '2024-12-01'}, {'item_code': 1048, 'name': 'Сумка женская, шт.', 'weight': 0.00158, 'parent': 13, 'reason': 'insufficient_training_rows', 'offset': 0.0405556666666674, 'last_observation': '2024-12-01'}, {'item_code': 1049, 'name': 'Творог, кг', 'weight': 0.00559, 'parent': 24, 'reason': 'insufficient_training_rows', 'offset': 0.09833327777777849, 'last_observation': '2024-12-01'}, {'item_code': 1050, 'name': 'Туфли женские закрытые, пара', 'weight': 0.00215, 'parent': 27, 'reason': 'insufficient_training_rows', 'offset': 0.021111388888888725, 'last_observation': '2024-12-01'}, {'item_code': 1051, 'name': 'Туфли женские летние, босоножки, пара', 'weight': 0.00248, 'parent': 27, 'reason': 'insufficient_training_rows', 'offset': -0.2461107222222228, 'last_observation': '2024-12-01'}, {'item_code': 1052, 'name': 'Фосфоглив, 10 капсул', 'weight': 0.00035, 'parent': 21, 'reason': 'insufficient_training_rows', 'offset': -0.21611133333333438, 'last_observation': '2024-12-01'}, {'item_code': 1053, 'name': 'Фуросемид, 40 мг, 10 таблеток', 'weight': 0.0005, 'parent': 21, 'reason': 'insufficient_training_rows', 'offset': 0.2611108333333334, 'last_observation': '2024-12-01'}, {'item_code': 1054, 'name': 'Хлеб и булочные изделия из пшеничной муки различных сортов, кг', 'weight': 0.00715, 'parent': 49, 'reason': 'insufficient_training_rows', 'offset': 0.13111133333333275, 'last_observation': '2024-12-01'}, {'item_code': 1055, 'name': 'Цитрамон, 10 таблеток', 'weight': 0.00036, 'parent': 21, 'reason': 'insufficient_training_rows', 'offset': -0.3850001666666682, 'last_observation': '2024-12-01'}, {'item_code': 1056, 'name': 'Энтеросгель, 225 г', 'weight': 0.00036, 'parent': 21, 'reason': 'insufficient_training_rows', 'offset': 0.05444422222222221, 'last_observation': '2024-12-01'}, {'item_code': 1057, 'name': 'Эргоферон, 20 таблеток', 'weight': 0.00037, 'parent': 21, 'reason': 'insufficient_training_rows', 'offset': 0.31999988888888864, 'last_observation': '2024-12-01'}, {'item_code': 1058, 'name': 'Эуфиллин, 150 мг, 10 таблеток', 'weight': 0.00049, 'parent': 21, 'reason': 'insufficient_training_rows', 'offset': 0.19999988888888887, 'last_observation': '2024-12-01'}, {'item_code': 1060, 'name': 'Поездки в страны Закавказья, поездка', 'weight': 0.00055, 'parent': 67, 'reason': 'short_history', 'offset': 0.18111083333333353, 'last_observation': '2024-12-01'}, {'item_code': 1063, 'name': 'Поездки в отдельные страны Средней Азии, поездка', 'weight': 0.00014, 'parent': 67, 'reason': 'short_history', 'offset': 0.23555516666666657, 'last_observation': '2024-12-01'}, {'item_code': 1064, 'name': 'Поездка в Беларусь, поездка', 'weight': 5e-05, 'parent': 67, 'reason': 'short_history', 'offset': 0.8627772777777784, 'last_observation': '2024-12-01'}, {'item_code': 1065, 'name': 'Поездки в отдельные страны Юго-Восточной Азии, поездка', 'weight': 5e-05, 'parent': 67, 'reason': 'short_history', 'offset': 2.776110833333335, 'last_observation': '2024-12-01'}, {'item_code': 1066, 'name': 'Молоко питьевое цельное пастеризованное более 3,2% жирности, л', 'weight': 0.00184, 'parent': 24, 'reason': 'short_history', 'offset': 0.17777794444444575, 'last_observation': '2024-12-01'}, {'item_code': 1067, 'name': 'Творожок детский, кг', 'weight': 5e-05, 'parent': 24, 'reason': 'short_history', 'offset': -1.4072216666666657, 'last_observation': '2024-12-01'}, {'item_code': 1068, 'name': 'Молоко для детей, л', 'weight': 4e-05, 'parent': 24, 'reason': 'short_history', 'offset': -0.34277755555555545, 'last_observation': '2024-12-01'}, {'item_code': 1069, 'name': 'Сухие приправы, специи, кг', 'weight': 0.00167, 'parent': 53, 'reason': 'short_history', 'offset': -0.45384233333333335, 'last_observation': '2024-12-01'}, {'item_code': 1070, 'name': 'Трикотажный головной убор для взрослых, шт.', 'weight': 0.00053, 'parent': 43, 'reason': 'short_history', 'offset': 0.2044443888888894, 'last_observation': '2024-12-01'}, {'item_code': 1071, 'name': 'Крем детский, 100 г (100 мл)', 'weight': 0.00189, 'parent': 30, 'reason': 'short_history', 'offset': -0.04722227777777811, 'last_observation': '2024-12-01'}, {'item_code': 1072, 'name': 'Чемодан, шт.', 'weight': 0.00129, 'parent': 13, 'reason': 'short_history', 'offset': -0.3744440555555555, 'last_observation': '2024-12-01'}, {'item_code': 1073, 'name': 'Бумага офисная, упаковка 500 листов', 'weight': 0.0003, 'parent': 54, 'reason': 'short_history', 'offset': -0.23754988888888878, 'last_observation': '2024-12-01'}, {'item_code': 1074, 'name': 'Смарт-часы, шт.', 'weight': 0.00078, 'parent': 37, 'reason': 'short_history', 'offset': -0.3388892777777773, 'last_observation': '2024-12-01'}, {'item_code': 1075, 'name': 'Коньки, пара', 'weight': 0.00077, 'parent': 54, 'reason': 'short_history', 'offset': -0.28088288888889124, 'last_observation': '2024-12-01'}, {'item_code': 1076, 'name': 'Гипсокартон, м2', 'weight': 0.00048, 'parent': 38, 'reason': 'short_history', 'offset': -0.06833333333333434, 'last_observation': '2024-12-01'}, {'item_code': 1077, 'name': 'Кресло детское автомобильное, шт.', 'weight': 0.00048, 'parent': 17, 'reason': 'short_history', 'offset': 0.27055566666666664, 'last_observation': '2024-12-01'}, {'item_code': 1078, 'name': 'Соска (пустышка) детская, шт.', 'weight': 0.00014, 'parent': 21, 'reason': 'short_history', 'offset': -0.1016668888888906, 'last_observation': '2024-12-01'}, {'item_code': 1079, 'name': 'Бутылочка для кормления, шт.', 'weight': 0.00135, 'parent': 21, 'reason': 'short_history', 'offset': -0.27000000000000074, 'last_observation': '2024-12-01'}, {'item_code': 1080, 'name': 'Ингалипт, аэрозоль для местного применения, 30 мл', 'weight': 0.00037, 'parent': 21, 'reason': 'short_history', 'offset': -0.11499999999999962, 'last_observation': '2024-12-01'}, {'item_code': 1083, 'name': 'Поездка на отдых на Черноморское побережье России и в Крым, поездка', 'weight': 0.00078, 'parent': 55, 'reason': 'short_history', 'offset': -4.665762166666667, 'last_observation': '2024-12-01'}, {'item_code': 1105, 'name': 'Воздушный и железнодорожный транспорт', 'weight': 0.00571, 'parent': 47, 'reason': 'no_item_history', 'offset': 0.0, 'last_observation': None}]",{'53': 0.002020000000000001},"revised source hierarchy, not real-time publication vintages",,,
GroupsFixed,2024-12-01,available,,,2024-01-01,,,,,1.0,,,,1.0,,,,[],fixed,freeze
GroupsDated,2024-12-01,available,,,2024-01-01,,,,,1.0,,,,1.0,,,,[],dated,freeze
Ridge,2025-01-01,available,,,,,,,,,,,,,,,,,,
Huber,2025-01-01,available,,,,,,,,,,,,,,,,,,
SeasonalNaive,2025-01-01,available,,,,,,,,,,,,,,,,,,
Micro,2025-01-01,available,,2025-01-01,2025-01-01,"latest vintage at cutoff, frozen through forecast horizon",raw,parent_seasonal,537.0,0.9920999999999995,0.9602999999999995,0.03748,0.002220000000000501,1.0,"[{'item_code': 159, 'name': 'Верошпирон, 100 мг, 10 капсул', 'weight': 0.00048, 'parent': 21, 'reason': 'calendar_gap_in_required_features', 'offset': -0.5230766923076927, 'last_observation': '2025-01-01'}, {'item_code': 210, 'name': 'Дом отдыха, пансионат, день', 'weight': 0.00141, 'parent': 35, 'reason': 'short_history', 'offset': 1.19722238888889, 'last_observation': '2025-01-01'}, {'item_code': 339, 'name': 'Легковой автомобиль иностранной марки новый, шт.', 'weight': 0.00415, 'parent': 17, 'reason': 'short_history', 'offset': -0.05222222222222131, 'last_observation': '2025-01-01'}, {'item_code': 347, 'name': 'Лоперамид, 2 мг, 10 капсул (таблеток)', 'weight': 0.0003, 'parent': 21, 'reason': 'calendar_gap_in_required_features', 'offset': 0.0030769230769224646, 'last_observation': '2025-01-01'}, {'item_code': 427, 'name': 'Обучение в негосударственных образовательных организациях высшего профессионального образования, семестр', 'weight': 0.00184, 'parent': 44, 'reason': 'calendar_gap_in_required_features', 'offset': -0.003076923076923558, 'last_observation': '2025-01-01'}, {'item_code': 994, 'name': 'Хлоргексидин, 100 мл', 'weight': 0.00043, 'parent': 21, 'reason': 'short_history', 'offset': -0.07230769230769213, 'last_observation': '2025-01-01'}, {'item_code': 1060, 'name': 'Поездки в страны Закавказья, поездка', 'weight': 0.00026, 'parent': 67, 'reason': 'short_history', 'offset': 0.2722214444444451, 'last_observation': '2025-01-01'}, {'item_code': 1063, 'name': 'Поездки в отдельные страны Средней Азии, поездка', 'weight': 6e-05, 'parent': 67, 'reason': 'short_history', 'offset': 0.8705549444444445, 'last_observation': '2025-01-01'}, {'item_code': 1064, 'name': 'Поездка в Беларусь, поездка', 'weight': 0.00011, 'parent': 67, 'reason': 'short_history', 'offset': 1.0622215000000006, 'last_observation': '2025-01-01'}, {'item_code': 1065, 'name': 'Поездки в отдельные страны Юго-Восточной Азии, поездка', 'weight': 0.00019, 'parent': 67, 'reason': 'short_history', 'offset': 2.4622218333333348, 'last_observation': '2025-01-01'}, {'item_code': 1066, 'name': 'Молоко питьевое цельное пастеризованное более 3,2% жирности, л', 'weight': 0.00146, 'parent': 24, 'reason': 'short_history', 'offset': 0.13888877777777886, 'last_observation': '2025-01-01'}, {'item_code': 1067, 'name': 'Творожок детский, кг', 'weight': 4e-05, 'parent': 24, 'reason': 'short_history', 'offset': -1.550555166666666, 'last_observation': '2025-01-01'}, {'item_code': 1068, 'name': 'Молоко для детей, л', 'weight': 3e-05, 'parent': 24, 'reason': 'short_history', 'offset': -0.1955554444444445, 'last_observation': '2025-01-01'}, {'item_code': 1069, 'name': 'Сухие приправы, специи, кг', 'weight': 0.00117, 'parent': 53, 'reason': 'short_history', 'offset': -0.3775698888888886, 'last_observation': '2025-01-01'}, {'item_code': 1070, 'name': 'Трикотажный головной убор для взрослых, шт.', 'weight': 0.00057, 'parent': 43, 'reason': 'short_history', 'offset': 0.14888894444444548, 'last_observation': '2025-01-01'}, {'item_code': 1071, 'name': 'Крем детский, 100 г (100 мл)', 'weight': 0.00159, 'parent': 30, 'reason': 'short_history', 'offset': 0.17722211111111047, 'last_observation': '2025-01-01'}, {'item_code': 1072, 'name': 'Чемодан, шт.', 'weight': 0.00105, 'parent': 13, 'reason': 'short_history', 'offset': 0.01611155555555557, 'last_observation': '2025-01-01'}, {'item_code': 1073, 'name': 'Бумага офисная, упаковка 500 листов', 'weight': 0.0002, 'parent': 54, 'reason': 'short_history', 'offset': -0.11332711111111138, 'last_observation': '2025-01-01'}, {'item_code': 1074, 'name': 'Смарт-часы, шт.', 'weight': 0.00088, 'parent': 37, 'reason': 'short_history', 'offset': 0.568332944444444, 'last_observation': '2025-01-01'}, {'item_code': 1075, 'name': 'Коньки, пара', 'weight': 0.00047, 'parent': 54, 'reason': 'short_history', 'offset': -0.16777122222222435, 'last_observation': '2025-01-01'}, {'item_code': 1076, 'name': 'Гипсокартон, м2', 'weight': 0.00061, 'parent': 38, 'reason': 'short_history', 'offset': -0.15666666666666706, 'last_observation': '2025-01-01'}, {'item_code': 1077, 'name': 'Кресло детское автомобильное, шт.', 'weight': 0.00056, 'parent': 17, 'reason': 'short_history', 'offset': 0.10944450000000058, 'last_observation': '2025-01-01'}, {'item_code': 1078, 'name': 'Соска (пустышка) детская, шт.', 'weight': 9e-05, 'parent': 21, 'reason': 'short_history', 'offset': -0.10055577777777971, 'last_observation': '2025-01-01'}, {'item_code': 1079, 'name': 'Бутылочка для кормления, шт.', 'weight': 0.00138, 'parent': 21, 'reason': 'short_history', 'offset': -0.12833322222222263, 'last_observation': '2025-01-01'}, {'item_code': 1080, 'name': 'Ингалипт, аэрозоль для местного применения, 30 мл', 'weight': 0.00037, 'parent': 21, 'reason': 'short_history', 'offset': -0.06055561111111116, 'last_observation': '2025-01-01'}, {'item_code': 1083, 'name': 'Поездка на отдых на Черноморское побережье России и в Крым, поездка', 'weight': 0.00138, 'parent': 55, 'reason': 'short_history', 'offset': -3.7987315000000006, 'last_observation': '2025-01-01'}, {'item_code': 1086, 'name': 'Горошек зеленый консервированный, кг', 'weight': 0.00086, 'parent': 53, 'reason': 'short_history', 'offset': -0.2572906153846147, 'last_observation': '2025-01-01'}, {'item_code': 1087, 'name': 'Перец сладкий свежий, кг', 'weight': 0.00363, 'parent': 33, 'reason': 'short_history', 'offset': -0.5715383846153853, 'last_observation': '2025-01-01'}, {'item_code': 1088, 'name': 'Робот-пылесос, шт.', 'weight': 0.0012, 'parent': 51, 'reason': 'short_history', 'offset': -0.10538469230769246, 'last_observation': '2025-01-01'}, {'item_code': 1089, 'name': 'Аскофен-П, 10 таблеток', 'weight': 0.00035, 'parent': 21, 'reason': 'short_history', 'offset': 0.12923076923076865, 'last_observation': '2025-01-01'}, {'item_code': 1090, 'name': 'Беталок ЗОК, 10 таблеток', 'weight': 0.00028, 'parent': 21, 'reason': 'short_history', 'offset': -0.14615384615384658, 'last_observation': '2025-01-01'}, {'item_code': 1091, 'name': 'Валосердин, 25 мл', 'weight': 0.00032, 'parent': 21, 'reason': 'short_history', 'offset': 0.2992307692307693, 'last_observation': '2025-01-01'}, {'item_code': 1092, 'name': 'Гепариновая мазь, 25 г', 'weight': 0.00036, 'parent': 21, 'reason': 'short_history', 'offset': 0.04615384615384572, 'last_observation': '2025-01-01'}, {'item_code': 1093, 'name': 'Граммидин, 10 таблеток', 'weight': 0.00034, 'parent': 21, 'reason': 'short_history', 'offset': -0.2315386923076921, 'last_observation': '2025-01-01'}, {'item_code': 1094, 'name': 'Диклофенак, 15 мл', 'weight': 0.00035, 'parent': 21, 'reason': 'short_history', 'offset': 0.030000000000000044, 'last_observation': '2025-01-01'}, {'item_code': 1095, 'name': 'Кардиомагнил, 100 таблеток', 'weight': 0.00038, 'parent': 21, 'reason': 'short_history', 'offset': -0.28384646153846166, 'last_observation': '2025-01-01'}, {'item_code': 1096, 'name': 'Лизобакт, 10 таблеток', 'weight': 0.00034, 'parent': 21, 'reason': 'short_history', 'offset': -0.16000023076923114, 'last_observation': '2025-01-01'}, {'item_code': 1097, 'name': 'Меновазин, 40 мл', 'weight': 0.00049, 'parent': 21, 'reason': 'short_history', 'offset': 0.42230769230769194, 'last_observation': '2025-01-01'}, {'item_code': 1098, 'name': 'Мукалтин, 10 таблеток', 'weight': 0.00014, 'parent': 21, 'reason': 'short_history', 'offset': 0.4230769230769231, 'last_observation': '2025-01-01'}, {'item_code': 1099, 'name': 'Пенталгин, 24 таблетки', 'weight': 0.00041, 'parent': 21, 'reason': 'short_history', 'offset': -0.14923076923076906, 'last_observation': '2025-01-01'}, {'item_code': 1100, 'name': 'Салициловая кислота, 40 мл', 'weight': 0.00034, 'parent': 21, 'reason': 'short_history', 'offset': -0.15076923076923138, 'last_observation': '2025-01-01'}, {'item_code': 1101, 'name': 'Спазмалгон, 10 таблеток', 'weight': 0.00032, 'parent': 21, 'reason': 'short_history', 'offset': -0.0992307692307697, 'last_observation': '2025-01-01'}, {'item_code': 1102, 'name': 'Трекрезан, 10 таблеток', 'weight': 0.00032, 'parent': 21, 'reason': 'short_history', 'offset': -0.3392305384615388, 'last_observation': '2025-01-01'}, {'item_code': 1103, 'name': 'Цетрин, 10 таблеток', 'weight': 0.00029, 'parent': 21, 'reason': 'short_history', 'offset': 0.14615384615384658, 'last_observation': '2025-01-01'}, {'item_code': 1105, 'name': 'Воздушный и железнодорожный транспорт', 'weight': 0.00568, 'parent': 47, 'reason': 'no_item_history', 'offset': 0.0, 'last_observation': None}]",{'53': 0.0022199999999999998},"revised source hierarchy, not real-time publication vintages",,,
GroupsFixed,2025-01-01,available,,,2025-01-01,,,,,1.0,,,,1.0,,,,[],fixed,freeze
GroupsDated,2025-01-01,available,,,2025-01-01,,,,,1.0,,,,1.0,,,,[],dated,freeze
Ridge,2025-02-01,available,,,,,,,,,,,,,,,,,,
Huber,2025-02-01,available,,,,,,,,,,,,,,,,,,
SeasonalNaive,2025-02-01,available,,,,,,,,,,,,,,,,,,
Micro,2025-02-01,available,,2025-02-01,2025-01-01,"latest vintage at cutoff, frozen through forecast horizon",raw,parent_seasonal,537.0,0.9977799999999996,0.9602999999999995,0.03748,0.002220000000000501,1.0,"[{'item_code': 159, 'name': 'Верошпирон, 100 мг, 10 капсул', 'weight': 0.00048, 'parent': 21, 'reason': 'calendar_gap_in_required_features', 'offset': -0.34357121428571497, 'last_observation': '2025-02-01'}, {'item_code': 210, 'name': 'Дом отдыха, пансионат, день', 'weight': 0.00141, 'parent': 35, 'reason': 'short_history', 'offset': 1.0883335000000014, 'last_observation': '2025-02-01'}, {'item_code': 339, 'name': 'Легковой автомобиль иностранной марки новый, шт.', 'weight': 0.00415, 'parent': 17, 'reason': 'short_history', 'offset': -0.01055555555555543, 'last_observation': '2025-02-01'}, {'item_code': 347, 'name': 'Лоперамид, 2 мг, 10 капсул (таблеток)', 'weight': 0.0003, 'parent': 21, 'reason': 'calendar_gap_in_required_features', 'offset': -0.17214307142857166, 'last_observation': '2025-02-01'}, {'item_code': 427, 'name': 'Обучение в негосударственных образовательных организациях высшего профессионального образования, семестр', 'weight': 0.00184, 'parent': 44, 'reason': 'calendar_gap_in_required_features', 'offset': -0.012142857142857264, 'last_observation': '2025-02-01'}, {'item_code': 994, 'name': 'Хлоргексидин, 100 мл', 'weight': 0.00043, 'parent': 21, 'reason': 'short_history', 'offset': -0.14785714285714238, 'last_observation': '2025-02-01'}, {'item_code': 1060, 'name': 'Поездки в страны Закавказья, поездка', 'weight': 0.00026, 'parent': 67, 'reason': 'short_history', 'offset': 0.07722138888888945, 'last_observation': '2025-02-01'}, {'item_code': 1063, 'name': 'Поездки в отдельные страны Средней Азии, поездка', 'weight': 6e-05, 'parent': 67, 'reason': 'short_history', 'offset': 0.8066660555555553, 'last_observation': '2025-02-01'}, {'item_code': 1064, 'name': 'Поездка в Беларусь, поездка', 'weight': 0.00011, 'parent': 67, 'reason': 'short_history', 'offset': 0.5483327777777779, 'last_observation': '2025-02-01'}, {'item_code': 1065, 'name': 'Поездки в отдельные страны Юго-Восточной Азии, поездка', 'weight': 0.00019, 'parent': 67, 'reason': 'short_history', 'offset': 1.191110722222223, 'last_observation': '2025-02-01'}, {'item_code': 1066, 'name': 'Молоко питьевое цельное пастеризованное более 3,2% жирности, л', 'weight': 0.00146, 'parent': 24, 'reason': 'short_history', 'offset': -0.07500011111111052, 'last_observation': '2025-02-01'}, {'item_code': 1067, 'name': 'Творожок детский, кг', 'weight': 4e-05, 'parent': 24, 'reason': 'short_history', 'offset': -1.0594440555555553, 'last_observation': '2025-02-01'}, {'item_code': 1068, 'name': 'Молоко для детей, л', 'weight': 3e-05, 'parent': 24, 'reason': 'short_history', 'offset': 0.03944455555555493, 'last_observation': '2025-02-01'}, {'item_code': 1069, 'name': 'Сухие приправы, специи, кг', 'weight': 0.00117, 'parent': 53, 'reason': 'short_history', 'offset': -0.13033216666666667, 'last_observation': '2025-02-01'}, {'item_code': 1070, 'name': 'Трикотажный головной убор для взрослых, шт.', 'weight': 0.00057, 'parent': 43, 'reason': 'short_history', 'offset': -0.08055561111111034, 'last_observation': '2025-02-01'}, {'item_code': 1071, 'name': 'Крем детский, 100 г (100 мл)', 'weight': 0.00159, 'parent': 30, 'reason': 'short_history', 'offset': 0.11222211111111038, 'last_observation': '2025-02-01'}, {'item_code': 1072, 'name': 'Чемодан, шт.', 'weight': 0.00105, 'parent': 13, 'reason': 'short_history', 'offset': -0.30333277777777806, 'last_observation': '2025-02-01'}, {'item_code': 1073, 'name': 'Бумага офисная, упаковка 500 листов', 'weight': 0.0002, 'parent': 54, 'reason': 'short_history', 'offset': -0.22786055555555704, 'last_observation': '2025-02-01'}, {'item_code': 1074, 'name': 'Смарт-часы, шт.', 'weight': 0.00088, 'parent': 37, 'reason': 'short_history', 'offset': -0.4838891666666672, 'last_observation': '2025-02-01'}, {'item_code': 1075, 'name': 'Коньки, пара', 'weight': 0.00047, 'parent': 54, 'reason': 'short_history', 'offset': -0.08341583333333584, 'last_observation': '2025-02-01'}, {'item_code': 1076, 'name': 'Гипсокартон, м2', 'weight': 0.00061, 'parent': 38, 'reason': 'short_history', 'offset': -0.2333333333333335, 'last_observation': '2025-02-01'}, {'item_code': 1077, 'name': 'Кресло детское автомобильное, шт.', 'weight': 0.00056, 'parent': 17, 'reason': 'short_history', 'offset': 0.2183336111111108, 'last_observation': '2025-02-01'}, {'item_code': 1078, 'name': 'Соска (пустышка) детская, шт.', 'weight': 9e-05, 'parent': 21, 'reason': 'short_history', 'offset': -0.033888777777778815, 'last_observation': '2025-02-01'}, {'item_code': 1079, 'name': 'Бутылочка для кормления, шт.', 'weight': 0.00138, 'parent': 21, 'reason': 'short_history', 'offset': -0.23999988888888957, 'last_observation': '2025-02-01'}, {'item_code': 1080, 'name': 'Ингалипт, аэрозоль для местного применения, 30 мл', 'weight': 0.00037, 'parent': 21, 'reason': 'short_history', 'offset': -0.12499972222222214, 'last_observation': '2025-02-01'}, {'item_code': 1083, 'name': 'Поездка на отдых на Черноморское побережье России и в Крым, поездка', 'weight': 0.00138, 'parent': 55, 'reason': 'short_history', 'offset': -0.5998392777777776, 'last_observation': '2025-02-01'}, {'item_code': 1086, 'name': 'Горошек зеленый консервированный, кг', 'weight': 0.00086, 'parent': 53, 'reason': 'short_history', 'offset': -0.18036271428571382, 'last_observation': '2025-02-01'}, {'item_code': 1087, 'name': 'Перец сладкий свежий, кг', 'weight': 0.00363, 'parent': 33, 'reason': 'short_history', 'offset': -1.4835714285714292, 'last_observation': '2025-02-01'}, {'item_code': 1088, 'name': 'Робот-пылесос, шт.', 'weight': 0.0012, 'parent': 51, 'reason': 'short_history', 'offset': -0.2200000000000009, 'last_observation': '2025-02-01'}, {'item_code': 1089, 'name': 'Аскофен-П, 10 таблеток', 'weight': 0.00035, 'parent': 21, 'reason': 'short_history', 'offset': 0.11857142857142833, 'last_observation': '2025-02-01'}, {'item_code': 1090, 'name': 'Беталок ЗОК, 10 таблеток', 'weight': 0.00028, 'parent': 21, 'reason': 'short_history', 'offset': -0.22142857142857203, 'last_observation': '2025-02-01'}, {'item_code': 1091, 'name': 'Валосердин, 25 мл', 'weight': 0.00032, 'parent': 21, 'reason': 'short_history', 'offset': 0.31571428571428584, 'last_observation': '2025-02-01'}, {'item_code': 1092, 'name': 'Гепариновая мазь, 25 г', 'weight': 0.00036, 'parent': 21, 'reason': 'short_history', 'offset': 0.33499999999999985, 'last_observation': '2025-02-01'}, {'item_code': 1093, 'name': 'Граммидин, 10 таблеток', 'weight': 0.00034, 'parent': 21, 'reason': 'short_history', 'offset': -0.051428785714285094, 'last_observation': '2025-02-01'}, {'item_code': 1094, 'name': 'Диклофенак, 15 мл', 'weight': 0.00035, 'parent': 21, 'reason': 'short_history', 'offset': -0.16928571428571462, 'last_observation': '2025-02-01'}, {'item_code': 1095, 'name': 'Кардиомагнил, 100 таблеток', 'weight': 0.00038, 'parent': 21, 'reason': 'short_history', 'offset': -0.13642885714285719, 'last_observation': '2025-02-01'}, {'item_code': 1096, 'name': 'Лизобакт, 10 таблеток', 'weight': 0.00034, 'parent': 21, 'reason': 'short_history', 'offset': -0.2792859285714288, 'last_observation': '2025-02-01'}, {'item_code': 1097, 'name': 'Меновазин, 40 мл', 'weight': 0.00049, 'parent': 21, 'reason': 'short_history', 'offset': 0.30428571428571366, 'last_observation': '2025-02-01'}, {'item_code': 1098, 'name': 'Мукалтин, 10 таблеток', 'weight': 0.00014, 'parent': 21, 'reason': 'short_history', 'offset': 0.422857142857143, 'last_observation': '2025-02-01'}, {'item_code': 1099, 'name': 'Пенталгин, 24 таблетки', 'weight': 0.00041, 'parent': 21, 'reason': 'short_history', 'offset': -0.21785714285714267, 'last_observation': '2025-02-01'}, {'item_code': 1100, 'name': 'Салициловая кислота, 40 мл', 'weight': 0.00034, 'parent': 21, 'reason': 'short_history', 'offset': -0.07928571428571425, 'last_observation': '2025-02-01'}, {'item_code': 1101, 'name': 'Спазмалгон, 10 таблеток', 'weight': 0.00032, 'parent': 21, 'reason': 'short_history', 'offset': -0.12000000000000048, 'last_observation': '2025-02-01'}, {'item_code': 1102, 'name': 'Трекрезан, 10 таблеток', 'weight': 0.00032, 'parent': 21, 'reason': 'short_history', 'offset': -0.43357135714285683, 'last_observation': '2025-02-01'}, {'item_code': 1103, 'name': 'Цетрин, 10 таблеток', 'weight': 0.00029, 'parent': 21, 'reason': 'short_history', 'offset': 0.05071428571428628, 'last_observation': '2025-02-01'}, {'item_code': 1105, 'name': 'Воздушный и железнодорожный транспорт', 'weight': 0.00568, 'parent': 47, 'reason': 'short_history', 'offset': -1.623118846153846, 'last_observation': '2025-02-01'}]",{'53': 0.0022199999999999998},"revised source hierarchy, not real-time publication vintages",,,
GroupsFixed,2025-02-01,available,,,2025-01-01,,,,,1.0,,,,1.0,,,,[],fixed,freeze
GroupsDated,2025-02-01,available,,,2025-01-01,,,,,1.0,,,,1.0,,,,[],dated,freeze
Ridge,2025-03-01,available,,,,,,,,,,,,,,,,,,
Huber,2025-03-01,available,,,,,,,,,,,,,,,,,,
SeasonalNaive,2025-03-01,available,,,,,,,,,,,,,,,,,,
Micro,2025-03-01,available,,2025-03-01,2025-01-01,"latest vintage at cutoff, frozen through forecast horizon",raw,parent_seasonal,537.0,0.9977799999999996,0.9602999999999995,0.03748,0.002220000000000501,1.0,"[{'item_code': 159, 'name': 'Верошпирон, 100 мг, 10 капсул', 'weight': 0.00048, 'parent': 21, 'reason': 'calendar_gap_in_required_features', 'offset': -0.6319998666666673, 'last_observation': '2025-03-01'}, {'item_code': 210, 'name': 'Дом отдыха, пансионат, день', 'weight': 0.00141, 'parent': 35, 'reason': 'short_history', 'offset': 1.301666833333334, 'last_observation': '2025-03-01'}, {'item_code': 339, 'name': 'Легковой автомобиль иностранной марки новый, шт.', 'weight': 0.00415, 'parent': 17, 'reason': 'short_history', 'offset': -0.0011110555555562643, 'last_observation': '2025-03-01'}, {'item_code': 347, 'name': 'Лоперамид, 2 мг, 10 капсул (таблеток)', 'weight': 0.0003, 'parent': 21, 'reason': 'calendar_gap_in_required_features', 'offset': -0.1820002000000007, 'last_observation': '2025-03-01'}, {'item_code': 427, 'name': 'Обучение в негосударственных образовательных организациях высшего профессионального образования, семестр', 'weight': 0.00184, 'parent': 44, 'reason': 'calendar_gap_in_required_features', 'offset': -0.011333333333333447, 'last_observation': '2025-03-01'}, {'item_code': 994, 'name': 'Хлоргексидин, 100 мл', 'weight': 0.00043, 'parent': 21, 'reason': 'short_history', 'offset': -0.21799999999999972, 'last_observation': '2025-03-01'}, {'item_code': 1060, 'name': 'Поездки в страны Закавказья, поездка', 'weight': 0.00026, 'parent': 67, 'reason': 'short_history', 'offset': 0.44222138888888984, 'last_observation': '2025-03-01'}, {'item_code': 1063, 'name': 'Поездки в отдельные страны Средней Азии, поездка', 'weight': 6e-05, 'parent': 67, 'reason': 'short_history', 'offset': 0.46666605555555507, 'last_observation': '2025-03-01'}, {'item_code': 1064, 'name': 'Поездка в Беларусь, поездка', 'weight': 0.00011, 'parent': 67, 'reason': 'short_history', 'offset': 1.0494438888888888, 'last_observation': '2025-03-01'}, {'item_code': 1065, 'name': 'Поездки в отдельные страны Юго-Восточной Азии, поездка', 'weight': 0.00019, 'parent': 67, 'reason': 'insufficient_training_rows', 'offset': 1.9194440555555563, 'last_observation': '2025-03-01'}, {'item_code': 1066, 'name': 'Молоко питьевое цельное пастеризованное более 3,2% жирности, л', 'weight': 0.00146, 'parent': 24, 'reason': 'short_history', 'offset': 0.022222111111111706, 'last_observation': '2025-03-01'}, {'item_code': 1067, 'name': 'Творожок детский, кг', 'weight': 4e-05, 'parent': 24, 'reason': 'short_history', 'offset': -0.5827776111111113, 'last_observation': '2025-03-01'}, {'item_code': 1068, 'name': 'Молоко для детей, л', 'weight': 3e-05, 'parent': 24, 'reason': 'short_history', 'offset': -0.2888887777777782, 'last_observation': '2025-03-01'}, {'item_code': 1069, 'name': 'Сухие приправы, специи, кг', 'weight': 0.00117, 'parent': 53, 'reason': 'short_history', 'offset': 0.28907766666666707, 'last_observation': '2025-03-01'}, {'item_code': 1070, 'name': 'Трикотажный головной убор для взрослых, шт.', 'weight': 0.00057, 'parent': 43, 'reason': 'short_history', 'offset': -0.1199999444444444, 'last_observation': '2025-03-01'}, {'item_code': 1071, 'name': 'Крем детский, 100 г (100 мл)', 'weight': 0.00159, 'parent': 30, 'reason': 'short_history', 'offset': 0.008333222222222028, 'last_observation': '2025-03-01'}, {'item_code': 1072, 'name': 'Чемодан, шт.', 'weight': 0.00105, 'parent': 13, 'reason': 'short_history', 'offset': -0.33944416666666655, 'last_observation': '2025-03-01'}, {'item_code': 1073, 'name': 'Бумага офисная, упаковка 500 листов', 'weight': 0.0002, 'parent': 54, 'reason': 'short_history', 'offset': -0.18276877777777953, 'last_observation': '2025-03-01'}, {'item_code': 1074, 'name': 'Смарт-часы, шт.', 'weight': 0.00088, 'parent': 37, 'reason': 'short_history', 'offset': -0.42888900000000124, 'last_observation': '2025-03-01'}, {'item_code': 1075, 'name': 'Коньки, пара', 'weight': 0.00047, 'parent': 54, 'reason': 'short_history', 'offset': 0.2105649444444424, 'last_observation': '2025-03-01'}, {'item_code': 1076, 'name': 'Гипсокартон, м2', 'weight': 0.00061, 'parent': 38, 'reason': 'short_history', 'offset': -0.06833316666666651, 'last_observation': '2025-03-01'}, {'item_code': 1077, 'name': 'Кресло детское автомобильное, шт.', 'weight': 0.00056, 'parent': 17, 'reason': 'short_history', 'offset': 0.09666694444444346, 'last_observation': '2025-03-01'}, {'item_code': 1078, 'name': 'Соска (пустышка) детская, шт.', 'weight': 9e-05, 'parent': 21, 'reason': 'short_history', 'offset': -0.061111000000000755, 'last_observation': '2025-03-01'}, {'item_code': 1079, 'name': 'Бутылочка для кормления, шт.', 'weight': 0.00138, 'parent': 21, 'reason': 'short_history', 'offset': -0.34111100000000033, 'last_observation': '2025-03-01'}, {'item_code': 1080, 'name': 'Ингалипт, аэрозоль для местного применения, 30 мл', 'weight': 0.00037, 'parent': 21, 'reason': 'short_history', 'offset': -0.24111083333333344, 'last_observation': '2025-03-01'}, {'item_code': 1083, 'name': 'Поездка на отдых на Черноморское побережье России и в Крым, поездка', 'weight': 0.00138, 'parent': 55, 'reason': 'short_history', 'offset': -0.5763280555555552, 'last_observation': '2025-03-01'}, {'item_code': 1086, 'name': 'Горошек зеленый консервированный, кг', 'weight': 0.00086, 'parent': 53, 'reason': 'short_history', 'offset': -0.5394910666666666, 'last_observation': '2025-03-01'}, {'item_code': 1087, 'name': 'Перец сладкий свежий, кг', 'weight': 0.00363, 'parent': 33, 'reason': 'short_history', 'offset': -1.7146668000000005, 'last_observation': '2025-03-01'}, {'item_code': 1088, 'name': 'Робот-пылесос, шт.', 'weight': 0.0012, 'parent': 51, 'reason': 'short_history', 'offset': -0.3386666666666675, 'last_observation': '2025-03-01'}, {'item_code': 1089, 'name': 'Аскофен-П, 10 таблеток', 'weight': 0.00035, 'parent': 21, 'reason': 'short_history', 'offset': 0.12799999999999917, 'last_observation': '2025-03-01'}, {'item_code': 1090, 'name': 'Беталок ЗОК, 10 таблеток', 'weight': 0.00028, 'parent': 21, 'reason': 'short_history', 'offset': -0.2913333333333336, 'last_observation': '2025-03-01'}, {'item_code': 1091, 'name': 'Валосердин, 25 мл', 'weight': 0.00032, 'parent': 21, 'reason': 'short_history', 'offset': 0.3199999999999998, 'last_observation': '2025-03-01'}, {'item_code': 1092, 'name': 'Гепариновая мазь, 25 г', 'weight': 0.00036, 'parent': 21, 'reason': 'short_history', 'offset': 0.3219999999999999, 'last_observation': '2025-03-01'}, {'item_code': 1093, 'name': 'Граммидин, 10 таблеток', 'weight': 0.00034, 'parent': 21, 'reason': 'short_history', 'offset': -0.20133339999999958, 'last_observation': '2025-03-01'}, {'item_code': 1094, 'name': 'Диклофенак, 15 мл', 'weight': 0.00035, 'parent': 21, 'reason': 'short_history', 'offset': -0.30000000000000093, 'last_observation': '2025-03-01'}, {'item_code': 1095, 'name': 'Кардиомагнил, 100 таблеток', 'weight': 0.00038, 'parent': 21, 'reason': 'short_history', 'offset': 0.16399973333333265, 'last_observation': '2025-03-01'}, {'item_code': 1096, 'name': 'Лизобакт, 10 таблеток', 'weight': 0.00034, 'parent': 21, 'reason': 'short_history', 'offset': -0.20533353333333365, 'last_observation': '2025-03-01'}, {'item_code': 1097, 'name': 'Меновазин, 40 мл', 'weight': 0.00049, 'parent': 21, 'reason': 'short_history', 'offset': 0.2613333333333325, 'last_observation': '2025-03-01'}, {'item_code': 1098, 'name': 'Мукалтин, 10 таблеток', 'weight': 0.00014, 'parent': 21, 'reason': 'short_history', 'offset': 0.7306666666666662, 'last_observation': '2025-03-01'}, {'item_code': 1099, 'name': 'Пенталгин, 24 таблетки', 'weight': 0.00041, 'parent': 21, 'reason': 'short_history', 'offset': -0.35866646666666685, 'last_observation': '2025-03-01'}, {'item_code': 1100, 'name': 'Салициловая кислота, 40 мл', 'weight': 0.00034, 'parent': 21, 'reason': 'short_history', 'offset': -0.24866653333333394, 'last_observation': '2025-03-01'}, {'item_code': 1101, 'name': 'Спазмалгон, 10 таблеток', 'weight': 0.00032, 'parent': 21, 'reason': 'short_history', 'offset': -0.0660000000000006, 'last_observation': '2025-03-01'}, {'item_code': 1102, 'name': 'Трекрезан, 10 таблеток', 'weight': 0.00032, 'parent': 21, 'reason': 'short_history', 'offset': -0.4546665999999997, 'last_observation': '2025-03-01'}, {'item_code': 1103, 'name': 'Цетрин, 10 таблеток', 'weight': 0.00029, 'parent': 21, 'reason': 'short_history', 'offset': -0.02466666666666602, 'last_observation': '2025-03-01'}, {'item_code': 1105, 'name': 'Воздушный и железнодорожный транспорт', 'weight': 0.00568, 'parent': 47, 'reason': 'short_history', 'offset': -1.5378603571428573, 'last_observation': '2025-03-01'}]",{'53': 0.0022199999999999998},"revised source hierarchy, not real-time publication vintages",,,
GroupsFixed,2025-03-01,available,,,2025-01-01,,,,,1.0,,,,1.0,,,,[],fixed,freeze
GroupsDated,2025-03-01,available,,,2025-01-01,,,,,1.0,,,,1.0,,,,[],dated,freeze
Ridge,2025-04-01,available,,,,,,,,,,,,,,,,,,
Huber,2025-04-01,available,,,,,,,,,,,,,,,,,,
SeasonalNaive,2025-04-01,available,,,,,,,,,,,,,,,,,,
Micro,2025-04-01,available,,2025-04-01,2025-01-01,"latest vintage at cutoff, frozen through forecast horizon",raw,parent_seasonal,537.0,0.9977799999999996,0.9604899999999995,0.03729,0.002220000000000501,1.0,"[{'item_code': 159, 'name': 'Верошпирон, 100 мг, 10 капсул', 'weight': 0.00048, 'parent': 21, 'reason': 'calendar_gap_in_required_features', 'offset': -0.3118748750000009, 'last_observation': '2025-04-01'}, {'item_code': 210, 'name': 'Дом отдыха, пансионат, день', 'weight': 0.00141, 'parent': 35, 'reason': 'short_history', 'offset': 1.3766668333333345, 'last_observation': '2025-04-01'}, {'item_code': 339, 'name': 'Легковой автомобиль иностранной марки новый, шт.', 'weight': 0.00415, 'parent': 17, 'reason': 'short_history', 'offset': 0.006111499999998987, 'last_observation': '2025-04-01'}, {'item_code': 347, 'name': 'Лоперамид, 2 мг, 10 капсул (таблеток)', 'weight': 0.0003, 'parent': 21, 'reason': 'calendar_gap_in_required_features', 'offset': -0.27375025000000086, 'last_observation': '2025-04-01'}, {'item_code': 427, 'name': 'Обучение в негосударственных образовательных организациях высшего профессионального образования, семестр', 'weight': 0.00184, 'parent': 44, 'reason': 'calendar_gap_in_required_features', 'offset': -0.023749999999999716, 'last_observation': '2025-04-01'}, {'item_code': 994, 'name': 'Хлоргексидин, 100 мл', 'weight': 0.00043, 'parent': 21, 'reason': 'short_history', 'offset': -0.18624999999999936, 'last_observation': '2025-04-01'}, {'item_code': 1060, 'name': 'Поездки в страны Закавказья, поездка', 'weight': 0.00026, 'parent': 67, 'reason': 'short_history', 'offset': 0.6316660000000012, 'last_observation': '2025-04-01'}, {'item_code': 1063, 'name': 'Поездки в отдельные страны Средней Азии, поездка', 'weight': 6e-05, 'parent': 67, 'reason': 'short_history', 'offset': 0.1472217222222222, 'last_observation': '2025-04-01'}, {'item_code': 1064, 'name': 'Поездка в Беларусь, поездка', 'weight': 0.00011, 'parent': 67, 'reason': 'short_history', 'offset': 0.5794442222222224, 'last_observation': '2025-04-01'}, {'item_code': 1066, 'name': 'Молоко питьевое цельное пастеризованное более 3,2% жирности, л', 'weight': 0.00146, 'parent': 24, 'reason': 'short_history', 'offset': -0.2244444999999994, 'last_observation': '2025-04-01'}, {'item_code': 1067, 'name': 'Творожок детский, кг', 'weight': 4e-05, 'parent': 24, 'reason': 'short_history', 'offset': -0.5088887222222225, 'last_observation': '2025-04-01'}, {'item_code': 1068, 'name': 'Молоко для детей, л', 'weight': 3e-05, 'parent': 24, 'reason': 'short_history', 'offset': -0.46277766666666686, 'last_observation': '2025-04-01'}, {'item_code': 1069, 'name': 'Сухие приправы, специи, кг', 'weight': 0.00117, 'parent': 53, 'reason': 'short_history', 'offset': 0.15404166666666677, 'last_observation': '2025-04-01'}, {'item_code': 1070, 'name': 'Трикотажный головной убор для взрослых, шт.', 'weight': 0.00057, 'parent': 43, 'reason': 'short_history', 'offset': -0.14388866666666664, 'last_observation': '2025-04-01'}, {'item_code': 1071, 'name': 'Крем детский, 100 г (100 мл)', 'weight': 0.00159, 'parent': 30, 'reason': 'short_history', 'offset': 0.28833322222222235, 'last_observation': '2025-04-01'}, {'item_code': 1072, 'name': 'Чемодан, шт.', 'weight': 0.00105, 'parent': 13, 'reason': 'short_history', 'offset': -0.5088885, 'last_observation': '2025-04-01'}, {'item_code': 1073, 'name': 'Бумага офисная, упаковка 500 листов', 'weight': 0.0002, 'parent': 54, 'reason': 'short_history', 'offset': -0.15934433333333528, 'last_observation': '2025-04-01'}, {'item_code': 1074, 'name': 'Смарт-часы, шт.', 'weight': 0.00088, 'parent': 37, 'reason': 'short_history', 'offset': 0.5100000555555542, 'last_observation': '2025-04-01'}, {'item_code': 1075, 'name': 'Коньки, пара', 'weight': 0.00047, 'parent': 54, 'reason': 'short_history', 'offset': 0.27621155555555377, 'last_observation': '2025-04-01'}, {'item_code': 1076, 'name': 'Гипсокартон, м2', 'weight': 0.00061, 'parent': 38, 'reason': 'short_history', 'offset': -0.05777761111111109, 'last_observation': '2025-04-01'}, {'item_code': 1077, 'name': 'Кресло детское автомобильное, шт.', 'weight': 0.00056, 'parent': 17, 'reason': 'short_history', 'offset': -0.0627773333333342, 'last_observation': '2025-04-01'}, {'item_code': 1078, 'name': 'Соска (пустышка) детская, шт.', 'weight': 9e-05, 'parent': 21, 'reason': 'short_history', 'offset': 0.03722238888888856, 'last_observation': '2025-04-01'}, {'item_code': 1079, 'name': 'Бутылочка для кормления, шт.', 'weight': 0.00138, 'parent': 21, 'reason': 'short_history', 'offset': -0.2649998888888889, 'last_observation': '2025-04-01'}, {'item_code': 1080, 'name': 'Ингалипт, аэрозоль для местного применения, 30 мл', 'weight': 0.00037, 'parent': 21, 'reason': 'short_history', 'offset': -0.2011108333333335, 'last_observation': '2025-04-01'}, {'item_code': 1083, 'name': 'Поездка на отдых на Черноморское побережье России и в Крым, поездка', 'weight': 0.00138, 'parent': 55, 'reason': 'short_history', 'offset': 1.1427204444444452, 'last_observation': '2025-04-01'}, {'item_code': 1086, 'name': 'Горошек зеленый консервированный, кг', 'weight': 0.00086, 'parent': 53, 'reason': 'short_history', 'offset': -0.44769662499999985, 'last_observation': '2025-04-01'}, {'item_code': 1087, 'name': 'Перец сладкий свежий, кг', 'weight': 0.00363, 'parent': 33, 'reason': 'short_history', 'offset': -2.2281249375000005, 'last_observation': '2025-04-01'}, {'item_code': 1088, 'name': 'Робот-пылесос, шт.', 'weight': 0.0012, 'parent': 51, 'reason': 'short_history', 'offset': -0.47437518750000063, 'last_observation': '2025-04-01'}, {'item_code': 1089, 'name': 'Аскофен-П, 10 таблеток', 'weight': 0.00035, 'parent': 21, 'reason': 'short_history', 'offset': 0.02062481249999948, 'last_observation': '2025-04-01'}, {'item_code': 1090, 'name': 'Беталок ЗОК, 10 таблеток', 'weight': 0.00028, 'parent': 21, 'reason': 'short_history', 'offset': -0.5887501250000007, 'last_observation': '2025-04-01'}, {'item_code': 1091, 'name': 'Валосердин, 25 мл', 'weight': 0.00032, 'parent': 21, 'reason': 'short_history', 'offset': 0.21312506249999963, 'last_observation': '2025-04-01'}, {'item_code': 1092, 'name': 'Гепариновая мазь, 25 г', 'weight': 0.00036, 'parent': 21, 'reason': 'short_history', 'offset': 0.36624999999999996, 'last_observation': '2025-04-01'}, {'item_code': 1093, 'name': 'Граммидин, 10 таблеток', 'weight': 0.00034, 'parent': 21, 'reason': 'short_history', 'offset': -0.3543751249999998, 'last_observation': '2025-04-01'}, {'item_code': 1094, 'name': 'Диклофенак, 15 мл', 'weight': 0.00035, 'parent': 21, 'reason': 'short_history', 'offset': -0.36562487500000085, 'last_observation': '2025-04-01'}, {'item_code': 1095, 'name': 'Кардиомагнил, 100 таблеток', 'weight': 0.00038, 'parent': 21, 'reason': 'short_history', 'offset': -0.27625006250000084, 'last_observation': '2025-04-01'}, {'item_code': 1096, 'name': 'Лизобакт, 10 таблеток', 'weight': 0.00034, 'parent': 21, 'reason': 'short_history', 'offset': -0.2787500000000005, 'last_observation': '2025-04-01'}, {'item_code': 1097, 'name': 'Меновазин, 40 мл', 'weight': 0.00049, 'parent': 21, 'reason': 'short_history', 'offset': 0.001249937499999021, 'last_observation': '2025-04-01'}, {'item_code': 1098, 'name': 'Мукалтин, 10 таблеток', 'weight': 0.00014, 'parent': 21, 'reason': 'short_history', 'offset': 0.7243749999999993, 'last_observation': '2025-04-01'}, {'item_code': 1099, 'name': 'Пенталгин, 24 таблетки', 'weight': 0.00041, 'parent': 21, 'reason': 'short_history', 'offset': -0.2981248125000002, 'last_observation': '2025-04-01'}, {'item_code': 1100, 'name': 'Салициловая кислота, 40 мл', 'weight': 0.00034, 'parent': 21, 'reason': 'short_history', 'offset': -0.28937493750000076, 'last_observation': '2025-04-01'}, {'item_code': 1101, 'name': 'Спазмалгон, 10 таблеток', 'weight': 0.00032, 'parent': 21, 'reason': 'short_history', 'offset': -0.10812500000000025, 'last_observation': '2025-04-01'}, {'item_code': 1102, 'name': 'Трекрезан, 10 таблеток', 'weight': 0.00032, 'parent': 21, 'reason': 'short_history', 'offset': -0.3006249374999994, 'last_observation': '2025-04-01'}, {'item_code': 1103, 'name': 'Цетрин, 10 таблеток', 'weight': 0.00029, 'parent': 21, 'reason': 'short_history', 'offset': -0.052499999999999325, 'last_observation': '2025-04-01'}, {'item_code': 1105, 'name': 'Воздушный и железнодорожный транспорт', 'weight': 0.00568, 'parent': 47, 'reason': 'short_history', 'offset': -1.415921666666667, 'last_observation': '2025-04-01'}]",{'53': 0.0022199999999999998},"revised source hierarchy, not real-time publication vintages",,,
GroupsFixed,2025-04-01,available,,,2025-01-01,,,,,1.0,,,,1.0,,,,[],fixed,freeze
GroupsDated,2025-04-01,available,,,2025-01-01,,,,,1.0,,,,1.0,,,,[],dated,freeze
Ridge,2025-05-01,available,,,,,,,,,,,,,,,,,,
Huber,2025-05-01,available,,,,,,,,,,,,,,,,,,
SeasonalNaive,2025-05-01,available,,,,,,,,,,,,,,,,,,
Micro,2025-05-01,available,,2025-05-01,2025-01-01,"latest vintage at cutoff, frozen through forecast horizon",raw,parent_seasonal,537.0,0.9977799999999996,0.9604899999999995,0.03729,0.002220000000000501,1.0,"[{'item_code': 159, 'name': 'Верошпирон, 100 мг, 10 капсул', 'weight': 0.00048, 'parent': 21, 'reason': 'calendar_gap_in_required_features', 'offset': -0.2523528235294124, 'last_observation': '2025-05-01'}, {'item_code': 210, 'name': 'Дом отдыха, пансионат, день', 'weight': 0.00141, 'parent': 35, 'reason': 'short_history', 'offset': 0.3438888888888896, 'last_observation': '2025-05-01'}, {'item_code': 339, 'name': 'Легковой автомобиль иностранной марки новый, шт.', 'weight': 0.00415, 'parent': 17, 'reason': 'short_history', 'offset': -0.008332944444445742, 'last_observation': '2025-05-01'}, {'item_code': 347, 'name': 'Лоперамид, 2 мг, 10 капсул (таблеток)', 'weight': 0.0003, 'parent': 21, 'reason': 'calendar_gap_in_required_features', 'offset': -0.33176488235294244, 'last_observation': '2025-05-01'}, {'item_code': 427, 'name': 'Обучение в негосударственных образовательных организациях высшего профессионального образования, семестр', 'weight': 0.00184, 'parent': 44, 'reason': 'calendar_gap_in_required_features', 'offset': -0.04411764705882353, 'last_observation': '2025-05-01'}, {'item_code': 994, 'name': 'Хлоргексидин, 100 мл', 'weight': 0.00043, 'parent': 21, 'reason': 'short_history', 'offset': -0.1711764705882351, 'last_observation': '2025-05-01'}, {'item_code': 1060, 'name': 'Поездки в страны Закавказья, поездка', 'weight': 0.00026, 'parent': 67, 'reason': 'short_history', 'offset': 0.5072215555555561, 'last_observation': '2025-05-01'}, {'item_code': 1063, 'name': 'Поездки в отдельные страны Средней Азии, поездка', 'weight': 6e-05, 'parent': 67, 'reason': 'short_history', 'offset': 0.353332833333333, 'last_observation': '2025-05-01'}, {'item_code': 1064, 'name': 'Поездка в Беларусь, поездка', 'weight': 0.00011, 'parent': 67, 'reason': 'short_history', 'offset': 0.24777755555555578, 'last_observation': '2025-05-01'}, {'item_code': 1066, 'name': 'Молоко питьевое цельное пастеризованное более 3,2% жирности, л', 'weight': 0.00146, 'parent': 24, 'reason': 'short_history', 'offset': -0.38222249999999985, 'last_observation': '2025-05-01'}, {'item_code': 1067, 'name': 'Творожок детский, кг', 'weight': 4e-05, 'parent': 24, 'reason': 'short_history', 'offset': -0.132777833333334, 'last_observation': '2025-05-01'}, {'item_code': 1068, 'name': 'Молоко для детей, л', 'weight': 3e-05, 'parent': 24, 'reason': 'short_history', 'offset': -0.061666666666666634, 'last_observation': '2025-05-01'}, {'item_code': 1069, 'name': 'Сухие приправы, специи, кг', 'weight': 0.00117, 'parent': 53, 'reason': 'short_history', 'offset': 0.236609777777778, 'last_observation': '2025-05-01'}, {'item_code': 1070, 'name': 'Трикотажный головной убор для взрослых, шт.', 'weight': 0.00057, 'parent': 43, 'reason': 'short_history', 'offset': -0.10388877777777752, 'last_observation': '2025-05-01'}, {'item_code': 1071, 'name': 'Крем детский, 100 г (100 мл)', 'weight': 0.00159, 'parent': 30, 'reason': 'short_history', 'offset': 0.32388866666666716, 'last_observation': '2025-05-01'}, {'item_code': 1072, 'name': 'Чемодан, шт.', 'weight': 0.00105, 'parent': 13, 'reason': 'short_history', 'offset': -0.7205549999999997, 'last_observation': '2025-05-01'}, {'item_code': 1073, 'name': 'Бумага офисная, упаковка 500 листов', 'weight': 0.0002, 'parent': 54, 'reason': 'short_history', 'offset': -0.28851855555555755, 'last_observation': '2025-05-01'}, {'item_code': 1074, 'name': 'Смарт-часы, шт.', 'weight': 0.00088, 'parent': 37, 'reason': 'short_history', 'offset': 0.3777778333333315, 'last_observation': '2025-05-01'}, {'item_code': 1075, 'name': 'Коньки, пара', 'weight': 0.00047, 'parent': 54, 'reason': 'short_history', 'offset': 0.21092611111110987, 'last_observation': '2025-05-01'}, {'item_code': 1076, 'name': 'Гипсокартон, м2', 'weight': 0.00061, 'parent': 38, 'reason': 'short_history', 'offset': -0.05333316666666674, 'last_observation': '2025-05-01'}, {'item_code': 1077, 'name': 'Кресло детское автомобильное, шт.', 'weight': 0.00056, 'parent': 17, 'reason': 'short_history', 'offset': -0.3299993888888903, 'last_observation': '2025-05-01'}, {'item_code': 1078, 'name': 'Соска (пустышка) детская, шт.', 'weight': 9e-05, 'parent': 21, 'reason': 'short_history', 'offset': -0.032222222222222124, 'last_observation': '2025-05-01'}, {'item_code': 1079, 'name': 'Бутылочка для кормления, шт.', 'weight': 0.00138, 'parent': 21, 'reason': 'short_history', 'offset': -0.4877776111111116, 'last_observation': '2025-05-01'}, {'item_code': 1080, 'name': 'Ингалипт, аэрозоль для местного применения, 30 мл', 'weight': 0.00037, 'parent': 21, 'reason': 'short_history', 'offset': -0.1883330555555563, 'last_observation': '2025-05-01'}, {'item_code': 1083, 'name': 'Поездка на отдых на Черноморское побережье России и в Крым, поездка', 'weight': 0.00138, 'parent': 55, 'reason': 'short_history', 'offset': 2.335956000000001, 'last_observation': '2025-05-01'}, {'item_code': 1086, 'name': 'Горошек зеленый консервированный, кг', 'weight': 0.00086, 'parent': 53, 'reason': 'short_history', 'offset': -0.2806209411764705, 'last_observation': '2025-05-01'}, {'item_code': 1087, 'name': 'Перец сладкий свежий, кг', 'weight': 0.00363, 'parent': 33, 'reason': 'short_history', 'offset': -2.2823529411764714, 'last_observation': '2025-05-01'}, {'item_code': 1088, 'name': 'Робот-пылесос, шт.', 'weight': 0.0012, 'parent': 51, 'reason': 'short_history', 'offset': -0.43705923529411783, 'last_observation': '2025-05-01'}, {'item_code': 1089, 'name': 'Аскофен-П, 10 таблеток', 'weight': 0.00035, 'parent': 21, 'reason': 'short_history', 'offset': -0.057647352941176795, 'last_observation': '2025-05-01'}, {'item_code': 1090, 'name': 'Беталок ЗОК, 10 таблеток', 'weight': 0.00028, 'parent': 21, 'reason': 'short_history', 'offset': -0.4964707058823542, 'last_observation': '2025-05-01'}, {'item_code': 1091, 'name': 'Валосердин, 25 мл', 'weight': 0.00032, 'parent': 21, 'reason': 'short_history', 'offset': 0.23647064705882315, 'last_observation': '2025-05-01'}, {'item_code': 1092, 'name': 'Гепариновая мазь, 25 г', 'weight': 0.00036, 'parent': 21, 'reason': 'short_history', 'offset': 0.3458823529411762, 'last_observation': '2025-05-01'}, {'item_code': 1093, 'name': 'Граммидин, 10 таблеток', 'weight': 0.00034, 'parent': 21, 'reason': 'short_history', 'offset': -0.07823541176470632, 'last_observation': '2025-05-01'}, {'item_code': 1094, 'name': 'Диклофенак, 15 мл', 'weight': 0.00035, 'parent': 21, 'reason': 'short_history', 'offset': -0.3599999411764718, 'last_observation': '2025-05-01'}, {'item_code': 1095, 'name': 'Кардиомагнил, 100 таблеток', 'weight': 0.00038, 'parent': 21, 'reason': 'short_history', 'offset': 0.048823470588234504, 'last_observation': '2025-05-01'}, {'item_code': 1096, 'name': 'Лизобакт, 10 таблеток', 'weight': 0.00034, 'parent': 21, 'reason': 'short_history', 'offset': -0.17647058823529496, 'last_observation': '2025-05-01'}, {'item_code': 1097, 'name': 'Меновазин, 40 мл', 'weight': 0.00049, 'parent': 21, 'reason': 'short_history', 'offset': -0.302941352941178, 'last_observation': '2025-05-01'}, {'item_code': 1098, 'name': 'Мукалтин, 10 таблеток', 'weight': 0.00014, 'parent': 21, 'reason': 'short_history', 'offset': 0.5876468823529405, 'last_observation': '2025-05-01'}, {'item_code': 1099, 'name': 'Пенталгин, 24 таблетки', 'weight': 0.00041, 'parent': 21, 'reason': 'short_history', 'offset': -0.3435290000000004, 'last_observation': '2025-05-01'}, {'item_code': 1100, 'name': 'Салициловая кислота, 40 мл', 'weight': 0.00034, 'parent': 21, 'reason': 'short_history', 'offset': -0.27529405882353, 'last_observation': '2025-05-01'}, {'item_code': 1101, 'name': 'Спазмалгон, 10 таблеток', 'weight': 0.00032, 'parent': 21, 'reason': 'short_history', 'offset': -0.1376468823529418, 'last_observation': '2025-05-01'}, {'item_code': 1102, 'name': 'Трекрезан, 10 таблеток', 'weight': 0.00032, 'parent': 21, 'reason': 'short_history', 'offset': -0.2394117058823527, 'last_observation': '2025-05-01'}, {'item_code': 1103, 'name': 'Цетрин, 10 таблеток', 'weight': 0.00029, 'parent': 21, 'reason': 'short_history', 'offset': -0.061176470588234826, 'last_observation': '2025-05-01'}, {'item_code': 1105, 'name': 'Воздушный и железнодорожный транспорт', 'weight': 0.00568, 'parent': 47, 'reason': 'short_history', 'offset': -1.8529280625000002, 'last_observation': '2025-05-01'}]",{'53': 0.0022199999999999998},"revised source hierarchy, not real-time publication vintages",,,
GroupsFixed,2025-05-01,available,,,2025-01-01,,,,,1.0,,,,1.0,,,,[],fixed,freeze
GroupsDated,2025-05-01,available,,,2025-01-01,,,,,1.0,,,,1.0,,,,[],dated,freeze
Ridge,2025-06-01,available,,,,,,,,,,,,,,,,,,
Huber,2025-06-01,available,,,,,,,,,,,,,,,,,,
SeasonalNaive,2025-06-01,available,,,,,,,,,,,,,,,,,,
Micro,2025-06-01,available,,2025-06-01,2025-01-01,"latest vintage at cutoff, frozen through forecast horizon",raw,parent_seasonal,537.0,0.9920999999999995,0.9604899999999995,0.03729,0.002220000000000501,1.0,"[{'item_code': 159, 'name': 'Верошпирон, 100 мг, 10 капсул', 'weight': 0.00048, 'parent': 21, 'reason': 'calendar_gap_in_required_features', 'offset': -0.20499988888888904, 'last_observation': '2025-06-01'}, {'item_code': 210, 'name': 'Дом отдыха, пансионат, день', 'weight': 0.00141, 'parent': 35, 'reason': 'short_history', 'offset': 0.3438888888888896, 'last_observation': '2025-06-01'}, {'item_code': 339, 'name': 'Легковой автомобиль иностранной марки новый, шт.', 'weight': 0.00415, 'parent': 17, 'reason': 'short_history', 'offset': -0.03055516666666749, 'last_observation': '2025-06-01'}, {'item_code': 347, 'name': 'Лоперамид, 2 мг, 10 капсул (таблеток)', 'weight': 0.0003, 'parent': 21, 'reason': 'calendar_gap_in_required_features', 'offset': -0.2866668333333343, 'last_observation': '2025-06-01'}, {'item_code': 427, 'name': 'Обучение в негосударственных образовательных организациях высшего профессионального образования, семестр', 'weight': 0.00184, 'parent': 44, 'reason': 'calendar_gap_in_required_features', 'offset': -0.045555555555555176, 'last_observation': '2025-06-01'}, {'item_code': 994, 'name': 'Хлоргексидин, 100 мл', 'weight': 0.00043, 'parent': 21, 'reason': 'short_history', 'offset': -0.20888888888888837, 'last_observation': '2025-06-01'}, {'item_code': 1060, 'name': 'Поездки в страны Закавказья, поездка', 'weight': 0.00026, 'parent': 67, 'reason': 'short_history', 'offset': 0.5988886666666681, 'last_observation': '2025-06-01'}, {'item_code': 1063, 'name': 'Поездки в отдельные страны Средней Азии, поездка', 'weight': 6e-05, 'parent': 67, 'reason': 'short_history', 'offset': 0.9488887777777779, 'last_observation': '2025-06-01'}, {'item_code': 1064, 'name': 'Поездка в Беларусь, поездка', 'weight': 0.00011, 'parent': 67, 'reason': 'short_history', 'offset': -0.37722205555555477, 'last_observation': '2025-06-01'}, {'item_code': 1066, 'name': 'Молоко питьевое цельное пастеризованное более 3,2% жирности, л', 'weight': 0.00146, 'parent': 24, 'reason': 'short_history', 'offset': 0.0038887222222230536, 'last_observation': '2025-06-01'}, {'item_code': 1067, 'name': 'Творожок детский, кг', 'weight': 4e-05, 'parent': 24, 'reason': 'short_history', 'offset': 0.5177775555555549, 'last_observation': '2025-06-01'}, {'item_code': 1068, 'name': 'Молоко для детей, л', 'weight': 3e-05, 'parent': 24, 'reason': 'short_history', 'offset': 0.2811110000000004, 'last_observation': '2025-06-01'}, {'item_code': 1069, 'name': 'Сухие приправы, специи, кг', 'weight': 0.00117, 'parent': 53, 'reason': 'short_history', 'offset': 0.32608044444444395, 'last_observation': '2025-06-01'}, {'item_code': 1070, 'name': 'Трикотажный головной убор для взрослых, шт.', 'weight': 0.00057, 'parent': 43, 'reason': 'short_history', 'offset': -0.042777777777777554, 'last_observation': '2025-06-01'}, {'item_code': 1071, 'name': 'Крем детский, 100 г (100 мл)', 'weight': 0.00159, 'parent': 30, 'reason': 'short_history', 'offset': 0.27444422222222264, 'last_observation': '2025-06-01'}, {'item_code': 1072, 'name': 'Чемодан, шт.', 'weight': 0.00105, 'parent': 13, 'reason': 'short_history', 'offset': -0.7066663888888888, 'last_observation': '2025-06-01'}, {'item_code': 1073, 'name': 'Бумага офисная, упаковка 500 листов', 'weight': 0.0002, 'parent': 54, 'reason': 'short_history', 'offset': -0.12580416666666772, 'last_observation': '2025-06-01'}, {'item_code': 1074, 'name': 'Смарт-часы, шт.', 'weight': 0.00088, 'parent': 37, 'reason': 'short_history', 'offset': 0.15499999999999797, 'last_observation': '2025-06-01'}, {'item_code': 1075, 'name': 'Коньки, пара', 'weight': 0.00047, 'parent': 54, 'reason': 'short_history', 'offset': -0.05802594444444509, 'last_observation': '2025-06-01'}, {'item_code': 1076, 'name': 'Гипсокартон, м2', 'weight': 0.00061, 'parent': 38, 'reason': 'short_history', 'offset': 0.020000166666667003, 'last_observation': '2025-06-01'}, {'item_code': 1077, 'name': 'Кресло детское автомобильное, шт.', 'weight': 0.00056, 'parent': 17, 'reason': 'short_history', 'offset': -0.09666616666666765, 'last_observation': '2025-06-01'}, {'item_code': 1078, 'name': 'Соска (пустышка) детская, шт.', 'weight': 9e-05, 'parent': 21, 'reason': 'short_history', 'offset': -0.009444444444443749, 'last_observation': '2025-06-01'}, {'item_code': 1079, 'name': 'Бутылочка для кормления, шт.', 'weight': 0.00138, 'parent': 21, 'reason': 'short_history', 'offset': -0.48611094444444486, 'last_observation': '2025-06-01'}, {'item_code': 1080, 'name': 'Ингалипт, аэрозоль для местного применения, 30 мл', 'weight': 0.00037, 'parent': 21, 'reason': 'short_history', 'offset': -0.23777755555555619, 'last_observation': '2025-06-01'}, {'item_code': 1083, 'name': 'Поездка на отдых на Черноморское побережье России и в Крым, поездка', 'weight': 0.00138, 'parent': 55, 'reason': 'short_history', 'offset': 3.0504265000000013, 'last_observation': '2025-06-01'}, {'item_code': 1086, 'name': 'Горошек зеленый консервированный, кг', 'weight': 0.00086, 'parent': 53, 'reason': 'short_history', 'offset': -0.23891966666666697, 'last_observation': '2025-06-01'}, {'item_code': 1087, 'name': 'Перец сладкий свежий, кг', 'weight': 0.00363, 'parent': 33, 'reason': 'short_history', 'offset': -2.2927773888888896, 'last_observation': '2025-06-01'}, {'item_code': 1088, 'name': 'Робот-пылесос, шт.', 'weight': 0.0012, 'parent': 51, 'reason': 'short_history', 'offset': -0.7227782777777776, 'last_observation': '2025-06-01'}, {'item_code': 1089, 'name': 'Аскофен-П, 10 таблеток', 'weight': 0.00035, 'parent': 21, 'reason': 'short_history', 'offset': -0.11333361111111155, 'last_observation': '2025-06-01'}, {'item_code': 1090, 'name': 'Беталок ЗОК, 10 таблеток', 'weight': 0.00028, 'parent': 21, 'reason': 'short_history', 'offset': -0.41611122222222324, 'last_observation': '2025-06-01'}, {'item_code': 1091, 'name': 'Валосердин, 25 мл', 'weight': 0.00032, 'parent': 21, 'reason': 'short_history', 'offset': 0.4272222777777775, 'last_observation': '2025-06-01'}, {'item_code': 1092, 'name': 'Гепариновая мазь, 25 г', 'weight': 0.00036, 'parent': 21, 'reason': 'short_history', 'offset': 0.46833333333333294, 'last_observation': '2025-06-01'}, {'item_code': 1093, 'name': 'Граммидин, 10 таблеток', 'weight': 0.00034, 'parent': 21, 'reason': 'short_history', 'offset': -0.05611122222222223, 'last_observation': '2025-06-01'}, {'item_code': 1094, 'name': 'Диклофенак, 15 мл', 'weight': 0.00035, 'parent': 21, 'reason': 'short_history', 'offset': -0.41166661111111186, 'last_observation': '2025-06-01'}, {'item_code': 1095, 'name': 'Кардиомагнил, 100 таблеток', 'weight': 0.00038, 'parent': 21, 'reason': 'short_history', 'offset': 0.024999944444443954, 'last_observation': '2025-06-01'}, {'item_code': 1096, 'name': 'Лизобакт, 10 таблеток', 'weight': 0.00034, 'parent': 21, 'reason': 'short_history', 'offset': -0.18888888888888922, 'last_observation': '2025-06-01'}, {'item_code': 1097, 'name': 'Меновазин, 40 мл', 'weight': 0.00049, 'parent': 21, 'reason': 'short_history', 'offset': -0.3727781111111123, 'last_observation': '2025-06-01'}, {'item_code': 1098, 'name': 'Мукалтин, 10 таблеток', 'weight': 0.00014, 'parent': 21, 'reason': 'short_history', 'offset': 0.6155553888888884, 'last_observation': '2025-06-01'}, {'item_code': 1099, 'name': 'Пенталгин, 24 таблетки', 'weight': 0.00041, 'parent': 21, 'reason': 'short_history', 'offset': -0.38833294444444433, 'last_observation': '2025-06-01'}, {'item_code': 1100, 'name': 'Салициловая кислота, 40 мл', 'weight': 0.00034, 'parent': 21, 'reason': 'short_history', 'offset': 0.04777783333333316, 'last_observation': '2025-06-01'}, {'item_code': 1101, 'name': 'Спазмалгон, 10 таблеток', 'weight': 0.00032, 'parent': 21, 'reason': 'short_history', 'offset': -0.22444444444444478, 'last_observation': '2025-06-01'}, {'item_code': 1102, 'name': 'Трекрезан, 10 таблеток', 'weight': 0.00032, 'parent': 21, 'reason': 'short_history', 'offset': -0.37555555555555503, 'last_observation': '2025-06-01'}, {'item_code': 1103, 'name': 'Цетрин, 10 таблеток', 'weight': 0.00029, 'parent': 21, 'reason': 'short_history', 'offset': -0.10555555555555508, 'last_observation': '2025-06-01'}, {'item_code': 1105, 'name': 'Воздушный и железнодорожный транспорт', 'weight': 0.00568, 'parent': 47, 'reason': 'missing_current_observation', 'offset': 0.0, 'last_observation': '2025-05-01'}]",{'53': 0.0022199999999999998},"revised source hierarchy, not real-time publication vintages",,,
GroupsFixed,2025-06-01,available,,,2025-01-01,,,,,1.0,,,,1.0,,,,[],fixed,freeze
GroupsDated,2025-06-01,available,,,2025-01-01,,,,,1.0,,,,1.0,,,,[],dated,freeze
Ridge,2025-07-01,available,,,,,,,,,,,,,,,,,,
Huber,2025-07-01,available,,,,,,,,,,,,,,,,,,
SeasonalNaive,2025-07-01,available,,,,,,,,,,,,,,,,,,
Micro,2025-07-01,available,,2025-07-01,2025-01-01,"latest vintage at cutoff, frozen through forecast horizon",raw,parent_seasonal,537.0,0.9920999999999995,0.9604899999999995,0.03729,0.002220000000000501,1.0,"[{'item_code': 159, 'name': 'Верошпирон, 100 мг, 10 капсул', 'weight': 0.00048, 'parent': 21, 'reason': 'calendar_gap_in_required_features', 'offset': 0.16444438888888868, 'last_observation': '2025-07-01'}, {'item_code': 210, 'name': 'Дом отдыха, пансионат, день', 'weight': 0.00141, 'parent': 35, 'reason': 'short_history', 'offset': 0.10000000000000063, 'last_observation': '2025-07-01'}, {'item_code': 339, 'name': 'Легковой автомобиль иностранной марки новый, шт.', 'weight': 0.00415, 'parent': 17, 'reason': 'short_history', 'offset': -0.14722177777777923, 'last_observation': '2025-07-01'}, {'item_code': 347, 'name': 'Лоперамид, 2 мг, 10 капсул (таблеток)', 'weight': 0.0003, 'parent': 21, 'reason': 'calendar_gap_in_required_features', 'offset': -0.3950000555555562, 'last_observation': '2025-07-01'}, {'item_code': 427, 'name': 'Обучение в негосударственных образовательных организациях высшего профессионального образования, семестр', 'weight': 0.00184, 'parent': 44, 'reason': 'calendar_gap_in_required_features', 'offset': -0.07222222222222127, 'last_observation': '2025-07-01'}, {'item_code': 994, 'name': 'Хлоргексидин, 100 мл', 'weight': 0.00043, 'parent': 21, 'reason': 'short_history', 'offset': 0.12611111111111167, 'last_observation': '2025-07-01'}, {'item_code': 1060, 'name': 'Поездки в страны Закавказья, поездка', 'weight': 0.00026, 'parent': 67, 'reason': 'short_history', 'offset': 0.9388890000000009, 'last_observation': '2025-07-01'}, {'item_code': 1063, 'name': 'Поездки в отдельные страны Средней Азии, поездка', 'weight': 6e-05, 'parent': 67, 'reason': 'short_history', 'offset': 0.6572223333333338, 'last_observation': '2025-07-01'}, {'item_code': 1064, 'name': 'Поездка в Беларусь, поездка', 'weight': 0.00011, 'parent': 67, 'reason': 'short_history', 'offset': -2.3549996111111104, 'last_observation': '2025-07-01'}, {'item_code': 1066, 'name': 'Молоко питьевое цельное пастеризованное более 3,2% жирности, л', 'weight': 0.00146, 'parent': 24, 'reason': 'short_history', 'offset': 0.08444411111111173, 'last_observation': '2025-07-01'}, {'item_code': 1067, 'name': 'Творожок детский, кг', 'weight': 4e-05, 'parent': 24, 'reason': 'short_history', 'offset': 0.6866663333333326, 'last_observation': '2025-07-01'}, {'item_code': 1068, 'name': 'Молоко для детей, л', 'weight': 3e-05, 'parent': 24, 'reason': 'short_history', 'offset': -0.20444461111111106, 'last_observation': '2025-07-01'}, {'item_code': 1069, 'name': 'Сухие приправы, специи, кг', 'weight': 0.00117, 'parent': 53, 'reason': 'short_history', 'offset': 0.41356822222222195, 'last_observation': '2025-07-01'}, {'item_code': 1070, 'name': 'Трикотажный головной убор для взрослых, шт.', 'weight': 0.00057, 'parent': 43, 'reason': 'short_history', 'offset': 0.007777666666666189, 'last_observation': '2025-07-01'}, {'item_code': 1071, 'name': 'Крем детский, 100 г (100 мл)', 'weight': 0.00159, 'parent': 30, 'reason': 'short_history', 'offset': 0.3222220000000004, 'last_observation': '2025-07-01'}, {'item_code': 1072, 'name': 'Чемодан, шт.', 'weight': 0.00105, 'parent': 13, 'reason': 'short_history', 'offset': -0.8783331666666664, 'last_observation': '2025-07-01'}, {'item_code': 1073, 'name': 'Бумага офисная, упаковка 500 листов', 'weight': 0.0002, 'parent': 54, 'reason': 'short_history', 'offset': -0.1490132222222229, 'last_observation': '2025-07-01'}, {'item_code': 1074, 'name': 'Смарт-часы, шт.', 'weight': 0.00088, 'parent': 37, 'reason': 'short_history', 'offset': -0.11888894444444592, 'last_observation': '2025-07-01'}, {'item_code': 1075, 'name': 'Коньки, пара', 'weight': 0.00047, 'parent': 54, 'reason': 'short_history', 'offset': 0.2704316666666663, 'last_observation': '2025-07-01'}, {'item_code': 1076, 'name': 'Гипсокартон, м2', 'weight': 0.00061, 'parent': 38, 'reason': 'short_history', 'offset': -0.017777444444444908, 'last_observation': '2025-07-01'}, {'item_code': 1077, 'name': 'Кресло детское автомобильное, шт.', 'weight': 0.00056, 'parent': 17, 'reason': 'short_history', 'offset': 0.010556444444443654, 'last_observation': '2025-07-01'}, {'item_code': 1078, 'name': 'Соска (пустышка) детская, шт.', 'weight': 9e-05, 'parent': 21, 'reason': 'short_history', 'offset': -0.05111111111111041, 'last_observation': '2025-07-01'}, {'item_code': 1079, 'name': 'Бутылочка для кормления, шт.', 'weight': 0.00138, 'parent': 21, 'reason': 'short_history', 'offset': -0.13944438888888933, 'last_observation': '2025-07-01'}, {'item_code': 1080, 'name': 'Ингалипт, аэрозоль для местного применения, 30 мл', 'weight': 0.00037, 'parent': 21, 'reason': 'short_history', 'offset': -0.13111088888888942, 'last_observation': '2025-07-01'}, {'item_code': 1083, 'name': 'Поездка на отдых на Черноморское побережье России и в Крым, поездка', 'weight': 0.00138, 'parent': 55, 'reason': 'short_history', 'offset': 3.29201538888889, 'last_observation': '2025-07-01'}, {'item_code': 1086, 'name': 'Горошек зеленый консервированный, кг', 'weight': 0.00086, 'parent': 53, 'reason': 'short_history', 'offset': -0.09587627777777799, 'last_observation': '2025-07-01'}, {'item_code': 1087, 'name': 'Перец сладкий свежий, кг', 'weight': 0.00363, 'parent': 33, 'reason': 'short_history', 'offset': -2.246666277777778, 'last_observation': '2025-07-01'}, {'item_code': 1088, 'name': 'Робот-пылесос, шт.', 'weight': 0.0012, 'parent': 51, 'reason': 'short_history', 'offset': -0.18666699999999992, 'last_observation': '2025-07-01'}, {'item_code': 1089, 'name': 'Аскофен-П, 10 таблеток', 'weight': 0.00035, 'parent': 21, 'reason': 'short_history', 'offset': -0.13222249999999983, 'last_observation': '2025-07-01'}, {'item_code': 1090, 'name': 'Беталок ЗОК, 10 таблеток', 'weight': 0.00028, 'parent': 21, 'reason': 'short_history', 'offset': -0.3666667777777788, 'last_observation': '2025-07-01'}, {'item_code': 1091, 'name': 'Валосердин, 25 мл', 'weight': 0.00032, 'parent': 21, 'reason': 'short_history', 'offset': 0.1488889444444439, 'last_observation': '2025-07-01'}, {'item_code': 1092, 'name': 'Гепариновая мазь, 25 г', 'weight': 0.00036, 'parent': 21, 'reason': 'short_history', 'offset': 0.5744444444444446, 'last_observation': '2025-07-01'}, {'item_code': 1093, 'name': 'Граммидин, 10 таблеток', 'weight': 0.00034, 'parent': 21, 'reason': 'short_history', 'offset': 0.14277783333333283, 'last_observation': '2025-07-01'}, {'item_code': 1094, 'name': 'Диклофенак, 15 мл', 'weight': 0.00035, 'parent': 21, 'reason': 'short_history', 'offset': -0.45111105555555675, 'last_observation': '2025-07-01'}, {'item_code': 1095, 'name': 'Кардиомагнил, 100 таблеток', 'weight': 0.00038, 'parent': 21, 'reason': 'short_history', 'offset': 0.2200001666666659, 'last_observation': '2025-07-01'}, {'item_code': 1096, 'name': 'Лизобакт, 10 таблеток', 'weight': 0.00034, 'parent': 21, 'reason': 'short_history', 'offset': -0.09944427777777776, 'last_observation': '2025-07-01'}, {'item_code': 1097, 'name': 'Меновазин, 40 мл', 'weight': 0.00049, 'parent': 21, 'reason': 'short_history', 'offset': -0.32888922222222305, 'last_observation': '2025-07-01'}, {'item_code': 1098, 'name': 'Мукалтин, 10 таблеток', 'weight': 0.00014, 'parent': 21, 'reason': 'short_history', 'offset': 0.19999994444444427, 'last_observation': '2025-07-01'}, {'item_code': 1099, 'name': 'Пенталгин, 24 таблетки', 'weight': 0.00041, 'parent': 21, 'reason': 'short_history', 'offset': -0.2972218333333332, 'last_observation': '2025-07-01'}, {'item_code': 1100, 'name': 'Салициловая кислота, 40 мл', 'weight': 0.00034, 'parent': 21, 'reason': 'short_history', 'offset': 0.14111116666666687, 'last_observation': '2025-07-01'}, {'item_code': 1101, 'name': 'Спазмалгон, 10 таблеток', 'weight': 0.00032, 'parent': 21, 'reason': 'short_history', 'offset': -0.24166666666666714, 'last_observation': '2025-07-01'}, {'item_code': 1102, 'name': 'Трекрезан, 10 таблеток', 'weight': 0.00032, 'parent': 21, 'reason': 'short_history', 'offset': -0.224444444444444, 'last_observation': '2025-07-01'}, {'item_code': 1103, 'name': 'Цетрин, 10 таблеток', 'weight': 0.00029, 'parent': 21, 'reason': 'short_history', 'offset': -0.2944445555555551, 'last_observation': '2025-07-01'}, {'item_code': 1105, 'name': 'Воздушный и железнодорожный транспорт', 'weight': 0.00568, 'parent': 47, 'reason': 'missing_current_observation', 'offset': 0.0, 'last_observation': '2025-05-01'}]",{'53': 0.0022199999999999998},"revised source hierarchy, not real-time publication vintages",,,
GroupsFixed,2025-07-01,available,,,2025-01-01,,,,,1.0,,,,1.0,,,,[],fixed,freeze
GroupsDated,2025-07-01,available,,,2025-01-01,,,,,1.0,,,,1.0,,,,[],dated,freeze
Ridge,2025-08-01,available,,,,,,,,,,,,,,,,,,
Huber,2025-08-01,available,,,,,,,,,,,,,,,,,,
SeasonalNaive,2025-08-01,available,,,,,,,,,,,,,,,,,,
Micro,2025-08-01,available,,2025-08-01,2025-01-01,"latest vintage at cutoff, frozen through forecast horizon",raw,parent_seasonal,537.0,0.9920999999999995,0.9604899999999995,0.03729,0.002220000000000501,1.0,"[{'item_code': 159, 'name': 'Верошпирон, 100 мг, 10 капсул', 'weight': 0.00048, 'parent': 21, 'reason': 'calendar_gap_in_required_features', 'offset': 0.07444438888888921, 'last_observation': '2025-08-01'}, {'item_code': 210, 'name': 'Дом отдыха, пансионат, день', 'weight': 0.00141, 'parent': 35, 'reason': 'short_history', 'offset': 0.05388927777777831, 'last_observation': '2025-08-01'}, {'item_code': 339, 'name': 'Легковой автомобиль иностранной марки новый, шт.', 'weight': 0.00415, 'parent': 17, 'reason': 'short_history', 'offset': -0.13944388888888978, 'last_observation': '2025-08-01'}, {'item_code': 347, 'name': 'Лоперамид, 2 мг, 10 капсул (таблеток)', 'weight': 0.0003, 'parent': 21, 'reason': 'calendar_gap_in_required_features', 'offset': -0.26777766666666736, 'last_observation': '2025-08-01'}, {'item_code': 427, 'name': 'Обучение в негосударственных образовательных организациях высшего профессионального образования, семестр', 'weight': 0.00184, 'parent': 44, 'reason': 'calendar_gap_in_required_features', 'offset': -0.06499999999999931, 'last_observation': '2025-08-01'}, {'item_code': 994, 'name': 'Хлоргексидин, 100 мл', 'weight': 0.00043, 'parent': 21, 'reason': 'short_history', 'offset': 0.4155555555555558, 'last_observation': '2025-08-01'}, {'item_code': 1060, 'name': 'Поездки в страны Закавказья, поездка', 'weight': 0.00026, 'parent': 67, 'reason': 'short_history', 'offset': 0.6400000000000013, 'last_observation': '2025-08-01'}, {'item_code': 1063, 'name': 'Поездки в отдельные страны Средней Азии, поездка', 'weight': 6e-05, 'parent': 67, 'reason': 'short_history', 'offset': -0.44333327777777737, 'last_observation': '2025-08-01'}, {'item_code': 1064, 'name': 'Поездка в Беларусь, поездка', 'weight': 0.00011, 'parent': 67, 'reason': 'short_history', 'offset': 0.1822218888888898, 'last_observation': '2025-08-01'}, {'item_code': 1066, 'name': 'Молоко питьевое цельное пастеризованное более 3,2% жирности, л', 'weight': 0.00146, 'parent': 24, 'reason': 'short_history', 'offset': 0.07499950000000094, 'last_observation': '2025-08-01'}, {'item_code': 1067, 'name': 'Творожок детский, кг', 'weight': 4e-05, 'parent': 24, 'reason': 'short_history', 'offset': 0.24944394444444462, 'last_observation': '2025-08-01'}, {'item_code': 1068, 'name': 'Молоко для детей, л', 'weight': 3e-05, 'parent': 24, 'reason': 'short_history', 'offset': -0.2588892222222212, 'last_observation': '2025-08-01'}, {'item_code': 1069, 'name': 'Сухие приправы, специи, кг', 'weight': 0.00117, 'parent': 53, 'reason': 'short_history', 'offset': 0.2546960000000003, 'last_observation': '2025-08-01'}, {'item_code': 1070, 'name': 'Трикотажный головной убор для взрослых, шт.', 'weight': 0.00057, 'parent': 43, 'reason': 'short_history', 'offset': 0.2333333333333327, 'last_observation': '2025-08-01'}, {'item_code': 1071, 'name': 'Крем детский, 100 г (100 мл)', 'weight': 0.00159, 'parent': 30, 'reason': 'short_history', 'offset': -0.02055566666666664, 'last_observation': '2025-08-01'}, {'item_code': 1072, 'name': 'Чемодан, шт.', 'weight': 0.00105, 'parent': 13, 'reason': 'short_history', 'offset': -0.6088888333333331, 'last_observation': '2025-08-01'}, {'item_code': 1073, 'name': 'Бумага офисная, упаковка 500 листов', 'weight': 0.0002, 'parent': 54, 'reason': 'short_history', 'offset': 0.2106589444444443, 'last_observation': '2025-08-01'}, {'item_code': 1074, 'name': 'Смарт-часы, шт.', 'weight': 0.00088, 'parent': 37, 'reason': 'short_history', 'offset': 0.15666644444444305, 'last_observation': '2025-08-01'}, {'item_code': 1075, 'name': 'Коньки, пара', 'weight': 0.00047, 'parent': 54, 'reason': 'short_history', 'offset': -0.067673888888889, 'last_observation': '2025-08-01'}, {'item_code': 1076, 'name': 'Гипсокартон, м2', 'weight': 0.00061, 'parent': 38, 'reason': 'short_history', 'offset': -0.023333000000000936, 'last_observation': '2025-08-01'}, {'item_code': 1077, 'name': 'Кресло детское автомобильное, шт.', 'weight': 0.00056, 'parent': 17, 'reason': 'short_history', 'offset': 0.1977785555555553, 'last_observation': '2025-08-01'}, {'item_code': 1078, 'name': 'Соска (пустышка) детская, шт.', 'weight': 9e-05, 'parent': 21, 'reason': 'short_history', 'offset': -0.055000277777776795, 'last_observation': '2025-08-01'}, {'item_code': 1079, 'name': 'Бутылочка для кормления, шт.', 'weight': 0.00138, 'parent': 21, 'reason': 'short_history', 'offset': 0.1438889444444445, 'last_observation': '2025-08-01'}, {'item_code': 1080, 'name': 'Ингалипт, аэрозоль для местного применения, 30 мл', 'weight': 0.00037, 'parent': 21, 'reason': 'short_history', 'offset': -0.02277766666666676, 'last_observation': '2025-08-01'}, {'item_code': 1083, 'name': 'Поездка на отдых на Черноморское побережье России и в Крым, поездка', 'weight': 0.00138, 'parent': 55, 'reason': 'short_history', 'offset': 0.10455350000000073, 'last_observation': '2025-08-01'}, {'item_code': 1086, 'name': 'Горошек зеленый консервированный, кг', 'weight': 0.00086, 'parent': 53, 'reason': 'short_history', 'offset': -0.21474833333333343, 'last_observation': '2025-08-01'}, {'item_code': 1087, 'name': 'Перец сладкий свежий, кг', 'weight': 0.00363, 'parent': 33, 'reason': 'short_history', 'offset': -1.3566662222222219, 'last_observation': '2025-08-01'}, {'item_code': 1088, 'name': 'Робот-пылесос, шт.', 'weight': 0.0012, 'parent': 51, 'reason': 'short_history', 'offset': -0.2627778333333326, 'last_observation': '2025-08-01'}, {'item_code': 1089, 'name': 'Аскофен-П, 10 таблеток', 'weight': 0.00035, 'parent': 21, 'reason': 'short_history', 'offset': -0.10055583333333355, 'last_observation': '2025-08-01'}, {'item_code': 1090, 'name': 'Беталок ЗОК, 10 таблеток', 'weight': 0.00028, 'parent': 21, 'reason': 'short_history', 'offset': -0.32222233333333367, 'last_observation': '2025-08-01'}, {'item_code': 1091, 'name': 'Валосердин, 25 мл', 'weight': 0.00032, 'parent': 21, 'reason': 'short_history', 'offset': 0.2572222777777774, 'last_observation': '2025-08-01'}, {'item_code': 1092, 'name': 'Гепариновая мазь, 25 г', 'weight': 0.00036, 'parent': 21, 'reason': 'short_history', 'offset': 0.4333333333333332, 'last_observation': '2025-08-01'}, {'item_code': 1093, 'name': 'Граммидин, 10 таблеток', 'weight': 0.00034, 'parent': 21, 'reason': 'short_history', 'offset': -0.06666655555555599, 'last_observation': '2025-08-01'}, {'item_code': 1094, 'name': 'Диклофенак, 15 мл', 'weight': 0.00035, 'parent': 21, 'reason': 'short_history', 'offset': -0.3383332777777781, 'last_observation': '2025-08-01'}, {'item_code': 1095, 'name': 'Кардиомагнил, 100 таблеток', 'weight': 0.00038, 'parent': 21, 'reason': 'short_history', 'offset': 0.09111127777777739, 'last_observation': '2025-08-01'}, {'item_code': 1096, 'name': 'Лизобакт, 10 таблеток', 'weight': 0.00034, 'parent': 21, 'reason': 'short_history', 'offset': 0.004444611111111385, 'last_observation': '2025-08-01'}, {'item_code': 1097, 'name': 'Меновазин, 40 мл', 'weight': 0.00049, 'parent': 21, 'reason': 'short_history', 'offset': -0.28833366666666727, 'last_observation': '2025-08-01'}, {'item_code': 1098, 'name': 'Мукалтин, 10 таблеток', 'weight': 0.00014, 'parent': 21, 'reason': 'short_history', 'offset': 0.10555538888888884, 'last_observation': '2025-08-01'}, {'item_code': 1099, 'name': 'Пенталгин, 24 таблетки', 'weight': 0.00041, 'parent': 21, 'reason': 'short_history', 'offset': -0.24111072222222182, 'last_observation': '2025-08-01'}, {'item_code': 1100, 'name': 'Салициловая кислота, 40 мл', 'weight': 0.00034, 'parent': 21, 'reason': 'short_history', 'offset': 0.08888894444444478, 'last_observation': '2025-08-01'}, {'item_code': 1101, 'name': 'Спазмалгон, 10 таблеток', 'weight': 0.00032, 'parent': 21, 'reason': 'short_history', 'offset': -0.3872221111111113, 'last_observation': '2025-08-01'}, {'item_code': 1102, 'name': 'Трекрезан, 10 таблеток', 'weight': 0.00032, 'parent': 21, 'reason': 'short_history', 'offset': -0.049444333333332854, 'last_observation': '2025-08-01'}, {'item_code': 1103, 'name': 'Цетрин, 10 таблеток', 'weight': 0.00029, 'parent': 21, 'reason': 'short_history', 'offset': -0.26277788888888803, 'last_observation': '2025-08-01'}, {'item_code': 1105, 'name': 'Воздушный и железнодорожный транспорт', 'weight': 0.00568, 'parent': 47, 'reason': 'missing_current_observation', 'offset': 0.0, 'last_observation': '2025-05-01'}]",{'53': 0.0022199999999999998},"revised source hierarchy, not real-time publication vintages",,,
GroupsFixed,2025-08-01,available,,,2025-01-01,,,,,1.0,,,,1.0,,,,[],fixed,freeze
GroupsDated,2025-08-01,available,,,2025-01-01,,,,,1.0,,,,1.0,,,,[],dated,freeze
Ridge,2025-09-01,available,,,,,,,,,,,,,,,,,,
Huber,2025-09-01,available,,,,,,,,,,,,,,,,,,
SeasonalNaive,2025-09-01,available,,,,,,,,,,,,,,,,,,
Micro,2025-09-01,available,,2025-09-01,2025-01-01,"latest vintage at cutoff, frozen through forecast horizon",raw,parent_seasonal,537.0,0.9920999999999995,0.9604899999999995,0.03729,0.002220000000000501,1.0,"[{'item_code': 159, 'name': 'Верошпирон, 100 мг, 10 капсул', 'weight': 0.00048, 'parent': 21, 'reason': 'calendar_gap_in_required_features', 'offset': 0.3311111111111116, 'last_observation': '2025-09-01'}, {'item_code': 210, 'name': 'Дом отдыха, пансионат, день', 'weight': 0.00141, 'parent': 35, 'reason': 'short_history', 'offset': 0.06555594444444542, 'last_observation': '2025-09-01'}, {'item_code': 339, 'name': 'Легковой автомобиль иностранной марки новый, шт.', 'weight': 0.00415, 'parent': 17, 'reason': 'short_history', 'offset': -0.12277733333333411, 'last_observation': '2025-09-01'}, {'item_code': 347, 'name': 'Лоперамид, 2 мг, 10 капсул (таблеток)', 'weight': 0.0003, 'parent': 21, 'reason': 'calendar_gap_in_required_features', 'offset': -0.3911108333333336, 'last_observation': '2025-09-01'}, {'item_code': 427, 'name': 'Обучение в негосударственных образовательных организациях высшего профессионального образования, семестр', 'weight': 0.00184, 'parent': 44, 'reason': 'calendar_gap_in_required_features', 'offset': 0.14000000000000057, 'last_observation': '2025-09-01'}, {'item_code': 994, 'name': 'Хлоргексидин, 100 мл', 'weight': 0.00043, 'parent': 21, 'reason': 'short_history', 'offset': 0.27111116666666707, 'last_observation': '2025-09-01'}, {'item_code': 1060, 'name': 'Поездки в страны Закавказья, поездка', 'weight': 0.00026, 'parent': 67, 'reason': 'short_history', 'offset': 0.5205555555555565, 'last_observation': '2025-09-01'}, {'item_code': 1063, 'name': 'Поездки в отдельные страны Средней Азии, поездка', 'weight': 6e-05, 'parent': 67, 'reason': 'short_history', 'offset': 0.13611116666666667, 'last_observation': '2025-09-01'}, {'item_code': 1064, 'name': 'Поездка в Беларусь, поездка', 'weight': 0.00011, 'parent': 67, 'reason': 'short_history', 'offset': -0.03111144444444373, 'last_observation': '2025-09-01'}, {'item_code': 1066, 'name': 'Молоко питьевое цельное пастеризованное более 3,2% жирности, л', 'weight': 0.00146, 'parent': 24, 'reason': 'short_history', 'offset': -0.12833372222222136, 'last_observation': '2025-09-01'}, {'item_code': 1067, 'name': 'Творожок детский, кг', 'weight': 4e-05, 'parent': 24, 'reason': 'short_history', 'offset': 0.24611061111111196, 'last_observation': '2025-09-01'}, {'item_code': 1068, 'name': 'Молоко для детей, л', 'weight': 3e-05, 'parent': 24, 'reason': 'short_history', 'offset': 0.022221888888890047, 'last_observation': '2025-09-01'}, {'item_code': 1069, 'name': 'Сухие приправы, специи, кг', 'weight': 0.00117, 'parent': 53, 'reason': 'short_history', 'offset': 0.24232338888888924, 'last_observation': '2025-09-01'}, {'item_code': 1070, 'name': 'Трикотажный головной убор для взрослых, шт.', 'weight': 0.00057, 'parent': 43, 'reason': 'short_history', 'offset': 0.3316665555555558, 'last_observation': '2025-09-01'}, {'item_code': 1071, 'name': 'Крем детский, 100 г (100 мл)', 'weight': 0.00159, 'parent': 30, 'reason': 'short_history', 'offset': 0.08388877777777755, 'last_observation': '2025-09-01'}, {'item_code': 1072, 'name': 'Чемодан, шт.', 'weight': 0.00105, 'parent': 13, 'reason': 'short_history', 'offset': -0.6961108888888887, 'last_observation': '2025-09-01'}, {'item_code': 1073, 'name': 'Бумага офисная, упаковка 500 листов', 'weight': 0.0002, 'parent': 54, 'reason': 'short_history', 'offset': 0.1526454444444446, 'last_observation': '2025-09-01'}, {'item_code': 1074, 'name': 'Смарт-часы, шт.', 'weight': 0.00088, 'parent': 37, 'reason': 'short_history', 'offset': -0.279444833333334, 'last_observation': '2025-09-01'}, {'item_code': 1075, 'name': 'Коньки, пара', 'weight': 0.00047, 'parent': 54, 'reason': 'short_history', 'offset': -0.4356870555555553, 'last_observation': '2025-09-01'}, {'item_code': 1076, 'name': 'Гипсокартон, м2', 'weight': 0.00061, 'parent': 38, 'reason': 'short_history', 'offset': -0.0644442777777788, 'last_observation': '2025-09-01'}, {'item_code': 1077, 'name': 'Кресло детское автомобильное, шт.', 'weight': 0.00056, 'parent': 17, 'reason': 'short_history', 'offset': -0.08555500000000017, 'last_observation': '2025-09-01'}, {'item_code': 1078, 'name': 'Соска (пустышка) детская, шт.', 'weight': 9e-05, 'parent': 21, 'reason': 'short_history', 'offset': -0.0005558333333321267, 'last_observation': '2025-09-01'}, {'item_code': 1079, 'name': 'Бутылочка для кормления, шт.', 'weight': 0.00138, 'parent': 21, 'reason': 'short_history', 'offset': -0.028333388888889033, 'last_observation': '2025-09-01'}, {'item_code': 1080, 'name': 'Ингалипт, аэрозоль для местного применения, 30 мл', 'weight': 0.00037, 'parent': 21, 'reason': 'short_history', 'offset': 0.0022223333333334003, 'last_observation': '2025-09-01'}, {'item_code': 1083, 'name': 'Поездка на отдых на Черноморское побережье России и в Крым, поездка', 'weight': 0.00138, 'parent': 55, 'reason': 'short_history', 'offset': 0.8650063888888889, 'last_observation': '2025-09-01'}, {'item_code': 1086, 'name': 'Горошек зеленый консервированный, кг', 'weight': 0.00086, 'parent': 53, 'reason': 'short_history', 'offset': 0.12065661111111108, 'last_observation': '2025-09-01'}, {'item_code': 1087, 'name': 'Перец сладкий свежий, кг', 'weight': 0.00363, 'parent': 33, 'reason': 'short_history', 'offset': -1.047777222222222, 'last_observation': '2025-09-01'}, {'item_code': 1088, 'name': 'Робот-пылесос, шт.', 'weight': 0.0012, 'parent': 51, 'reason': 'short_history', 'offset': -0.22500011111110987, 'last_observation': '2025-09-01'}, {'item_code': 1089, 'name': 'Аскофен-П, 10 таблеток', 'weight': 0.00035, 'parent': 21, 'reason': 'short_history', 'offset': -0.1227780555555553, 'last_observation': '2025-09-01'}, {'item_code': 1090, 'name': 'Беталок ЗОК, 10 таблеток', 'weight': 0.00028, 'parent': 21, 'reason': 'short_history', 'offset': -0.05222233333333372, 'last_observation': '2025-09-01'}, {'item_code': 1091, 'name': 'Валосердин, 25 мл', 'weight': 0.00032, 'parent': 21, 'reason': 'short_history', 'offset': 0.17666672222222246, 'last_observation': '2025-09-01'}, {'item_code': 1092, 'name': 'Гепариновая мазь, 25 г', 'weight': 0.00036, 'parent': 21, 'reason': 'short_history', 'offset': 0.11666655555555552, 'last_observation': '2025-09-01'}, {'item_code': 1093, 'name': 'Граммидин, 10 таблеток', 'weight': 0.00034, 'parent': 21, 'reason': 'short_history', 'offset': 0.3899999999999998, 'last_observation': '2025-09-01'}, {'item_code': 1094, 'name': 'Диклофенак, 15 мл', 'weight': 0.00035, 'parent': 21, 'reason': 'short_history', 'offset': -0.2627777222222218, 'last_observation': '2025-09-01'}, {'item_code': 1095, 'name': 'Кардиомагнил, 100 таблеток', 'weight': 0.00038, 'parent': 21, 'reason': 'short_history', 'offset': 0.0594446111111111, 'last_observation': '2025-09-01'}, {'item_code': 1096, 'name': 'Лизобакт, 10 таблеток', 'weight': 0.00034, 'parent': 21, 'reason': 'short_history', 'offset': 0.2816668333333341, 'last_observation': '2025-09-01'}, {'item_code': 1097, 'name': 'Меновазин, 40 мл', 'weight': 0.00049, 'parent': 21, 'reason': 'short_history', 'offset': -0.31833366666666685, 'last_observation': '2025-09-01'}, {'item_code': 1098, 'name': 'Мукалтин, 10 таблеток', 'weight': 0.00014, 'parent': 21, 'reason': 'short_history', 'offset': -0.26166705555555503, 'last_observation': '2025-09-01'}, {'item_code': 1099, 'name': 'Пенталгин, 24 таблетки', 'weight': 0.00041, 'parent': 21, 'reason': 'short_history', 'offset': -0.15666644444444383, 'last_observation': '2025-09-01'}, {'item_code': 1100, 'name': 'Салициловая кислота, 40 мл', 'weight': 0.00034, 'parent': 21, 'reason': 'short_history', 'offset': 0.2299999444444454, 'last_observation': '2025-09-01'}, {'item_code': 1101, 'name': 'Спазмалгон, 10 таблеток', 'weight': 0.00032, 'parent': 21, 'reason': 'short_history', 'offset': -0.4311109999999998, 'last_observation': '2025-09-01'}, {'item_code': 1102, 'name': 'Трекрезан, 10 таблеток', 'weight': 0.00032, 'parent': 21, 'reason': 'short_history', 'offset': -0.09055555555555451, 'last_observation': '2025-09-01'}, {'item_code': 1103, 'name': 'Цетрин, 10 таблеток', 'weight': 0.00029, 'parent': 21, 'reason': 'short_history', 'offset': -0.2544445555555544, 'last_observation': '2025-09-01'}, {'item_code': 1105, 'name': 'Воздушный и железнодорожный транспорт', 'weight': 0.00568, 'parent': 47, 'reason': 'missing_current_observation', 'offset': 0.0, 'last_observation': '2025-05-01'}]",{'53': 0.0022199999999999998},"revised source hierarchy, not real-time publication vintages",,,
GroupsFixed,2025-09-01,available,,,2025-01-01,,,,,1.0,,,,1.0,,,,[],fixed,freeze
GroupsDated,2025-09-01,available,,,2025-01-01,,,,,1.0,,,,1.0,,,,[],dated,freeze
Ridge,2025-10-01,available,,,,,,,,,,,,,,,,,,
Huber,2025-10-01,available,,,,,,,,,,,,,,,,,,
SeasonalNaive,2025-10-01,available,,,,,,,,,,,,,,,,,,
Micro,2025-10-01,available,,2025-10-01,2025-01-01,"latest vintage at cutoff, frozen through forecast horizon",raw,parent_seasonal,537.0,0.9920999999999995,0.9604899999999995,0.03729,0.002220000000000501,1.0,"[{'item_code': 159, 'name': 'Верошпирон, 100 мг, 10 капсул', 'weight': 0.00048, 'parent': 21, 'reason': 'calendar_gap_in_required_features', 'offset': 0.10277777777777825, 'last_observation': '2025-10-01'}, {'item_code': 210, 'name': 'Дом отдыха, пансионат, день', 'weight': 0.00141, 'parent': 35, 'reason': 'short_history', 'offset': 0.08166727777777855, 'last_observation': '2025-10-01'}, {'item_code': 339, 'name': 'Легковой автомобиль иностранной марки новый, шт.', 'weight': 0.00415, 'parent': 17, 'reason': 'short_history', 'offset': -0.06277766666666748, 'last_observation': '2025-10-01'}, {'item_code': 347, 'name': 'Лоперамид, 2 мг, 10 капсул (таблеток)', 'weight': 0.0003, 'parent': 21, 'reason': 'calendar_gap_in_required_features', 'offset': -0.07333299999999968, 'last_observation': '2025-10-01'}, {'item_code': 427, 'name': 'Обучение в негосударственных образовательных организациях высшего профессионального образования, семестр', 'weight': 0.00184, 'parent': 44, 'reason': 'calendar_gap_in_required_features', 'offset': 0.08277777777777828, 'last_observation': '2025-10-01'}, {'item_code': 994, 'name': 'Хлоргексидин, 100 мл', 'weight': 0.00043, 'parent': 21, 'reason': 'short_history', 'offset': 0.3794445000000006, 'last_observation': '2025-10-01'}, {'item_code': 1060, 'name': 'Поездки в страны Закавказья, поездка', 'weight': 0.00026, 'parent': 67, 'reason': 'short_history', 'offset': 0.15222205555555568, 'last_observation': '2025-10-01'}, {'item_code': 1063, 'name': 'Поездки в отдельные страны Средней Азии, поездка', 'weight': 6e-05, 'parent': 67, 'reason': 'short_history', 'offset': -0.007222333333334379, 'last_observation': '2025-10-01'}, {'item_code': 1064, 'name': 'Поездка в Беларусь, поездка', 'weight': 0.00011, 'parent': 67, 'reason': 'short_history', 'offset': 0.5394436666666667, 'last_observation': '2025-10-01'}, {'item_code': 1066, 'name': 'Молоко питьевое цельное пастеризованное более 3,2% жирности, л', 'weight': 0.00146, 'parent': 24, 'reason': 'short_history', 'offset': 0.030555222222222907, 'last_observation': '2025-10-01'}, {'item_code': 1067, 'name': 'Творожок детский, кг', 'weight': 4e-05, 'parent': 24, 'reason': 'short_history', 'offset': 0.5549996111111111, 'last_observation': '2025-10-01'}, {'item_code': 1068, 'name': 'Молоко для детей, л', 'weight': 3e-05, 'parent': 24, 'reason': 'short_history', 'offset': 0.5205553333333341, 'last_observation': '2025-10-01'}, {'item_code': 1069, 'name': 'Сухие приправы, специи, кг', 'weight': 0.00117, 'parent': 53, 'reason': 'short_history', 'offset': 0.37292216666666733, 'last_observation': '2025-10-01'}, {'item_code': 1070, 'name': 'Трикотажный головной убор для взрослых, шт.', 'weight': 0.00057, 'parent': 43, 'reason': 'short_history', 'offset': 0.5366663888888886, 'last_observation': '2025-10-01'}, {'item_code': 1071, 'name': 'Крем детский, 100 г (100 мл)', 'weight': 0.00159, 'parent': 30, 'reason': 'short_history', 'offset': -0.18055566666666717, 'last_observation': '2025-10-01'}, {'item_code': 1072, 'name': 'Чемодан, шт.', 'weight': 0.00105, 'parent': 13, 'reason': 'short_history', 'offset': -0.7883332777777778, 'last_observation': '2025-10-01'}, {'item_code': 1073, 'name': 'Бумага офисная, упаковка 500 листов', 'weight': 0.0002, 'parent': 54, 'reason': 'short_history', 'offset': 0.13458677777777853, 'last_observation': '2025-10-01'}, {'item_code': 1074, 'name': 'Смарт-часы, шт.', 'weight': 0.00088, 'parent': 37, 'reason': 'short_history', 'offset': -0.6288894444444451, 'last_observation': '2025-10-01'}, {'item_code': 1075, 'name': 'Коньки, пара', 'weight': 0.00047, 'parent': 54, 'reason': 'short_history', 'offset': -0.47819055555555523, 'last_observation': '2025-10-01'}, {'item_code': 1076, 'name': 'Гипсокартон, м2', 'weight': 0.00061, 'parent': 38, 'reason': 'short_history', 'offset': -0.04777761111111229, 'last_observation': '2025-10-01'}, {'item_code': 1077, 'name': 'Кресло детское автомобильное, шт.', 'weight': 0.00056, 'parent': 17, 'reason': 'short_history', 'offset': -0.08666627777777809, 'last_observation': '2025-10-01'}, {'item_code': 1078, 'name': 'Соска (пустышка) детская, шт.', 'weight': 9e-05, 'parent': 21, 'reason': 'short_history', 'offset': -0.05555583333333263, 'last_observation': '2025-10-01'}, {'item_code': 1079, 'name': 'Бутылочка для кормления, шт.', 'weight': 0.00138, 'parent': 21, 'reason': 'short_history', 'offset': -0.05944450000000027, 'last_observation': '2025-10-01'}, {'item_code': 1080, 'name': 'Ингалипт, аэрозоль для местного применения, 30 мл', 'weight': 0.00037, 'parent': 21, 'reason': 'short_history', 'offset': 0.3788888888888885, 'last_observation': '2025-10-01'}, {'item_code': 1083, 'name': 'Поездка на отдых на Черноморское побережье России и в Крым, поездка', 'weight': 0.00138, 'parent': 55, 'reason': 'short_history', 'offset': -0.8015961666666674, 'last_observation': '2025-10-01'}, {'item_code': 1086, 'name': 'Горошек зеленый консервированный, кг', 'weight': 0.00086, 'parent': 53, 'reason': 'short_history', 'offset': 0.05292216666666702, 'last_observation': '2025-10-01'}, {'item_code': 1087, 'name': 'Перец сладкий свежий, кг', 'weight': 0.00363, 'parent': 33, 'reason': 'short_history', 'offset': -0.4605551666666664, 'last_observation': '2025-10-01'}, {'item_code': 1088, 'name': 'Робот-пылесос, шт.', 'weight': 0.0012, 'parent': 51, 'reason': 'short_history', 'offset': 0.3155555000000013, 'last_observation': '2025-10-01'}, {'item_code': 1089, 'name': 'Аскофен-П, 10 таблеток', 'weight': 0.00035, 'parent': 21, 'reason': 'short_history', 'offset': -0.00666677777777775, 'last_observation': '2025-10-01'}, {'item_code': 1090, 'name': 'Беталок ЗОК, 10 таблеток', 'weight': 0.00028, 'parent': 21, 'reason': 'short_history', 'offset': 0.42388888888888865, 'last_observation': '2025-10-01'}, {'item_code': 1091, 'name': 'Валосердин, 25 мл', 'weight': 0.00032, 'parent': 21, 'reason': 'short_history', 'offset': 0.2411111111111113, 'last_observation': '2025-10-01'}, {'item_code': 1092, 'name': 'Гепариновая мазь, 25 г', 'weight': 0.00036, 'parent': 21, 'reason': 'short_history', 'offset': 0.012777555555555549, 'last_observation': '2025-10-01'}, {'item_code': 1093, 'name': 'Граммидин, 10 таблеток', 'weight': 0.00034, 'parent': 21, 'reason': 'short_history', 'offset': 0.44611133333333364, 'last_observation': '2025-10-01'}, {'item_code': 1094, 'name': 'Диклофенак, 15 мл', 'weight': 0.00035, 'parent': 21, 'reason': 'short_history', 'offset': -0.16611116666666625, 'last_observation': '2025-10-01'}, {'item_code': 1095, 'name': 'Кардиомагнил, 100 таблеток', 'weight': 0.00038, 'parent': 21, 'reason': 'short_history', 'offset': 0.4038890000000003, 'last_observation': '2025-10-01'}, {'item_code': 1096, 'name': 'Лизобакт, 10 таблеток', 'weight': 0.00034, 'parent': 21, 'reason': 'short_history', 'offset': 0.36055555555555685, 'last_observation': '2025-10-01'}, {'item_code': 1097, 'name': 'Меновазин, 40 мл', 'weight': 0.00049, 'parent': 21, 'reason': 'short_history', 'offset': -0.16222261111111103, 'last_observation': '2025-10-01'}, {'item_code': 1098, 'name': 'Мукалтин, 10 таблеток', 'weight': 0.00014, 'parent': 21, 'reason': 'short_history', 'offset': -0.2677781666666661, 'last_observation': '2025-10-01'}, {'item_code': 1099, 'name': 'Пенталгин, 24 таблетки', 'weight': 0.00041, 'parent': 21, 'reason': 'short_history', 'offset': -0.2099997777777768, 'last_observation': '2025-10-01'}, {'item_code': 1100, 'name': 'Салициловая кислота, 40 мл', 'weight': 0.00034, 'parent': 21, 'reason': 'short_history', 'offset': 0.3361111111111125, 'last_observation': '2025-10-01'}, {'item_code': 1101, 'name': 'Спазмалгон, 10 таблеток', 'weight': 0.00032, 'parent': 21, 'reason': 'short_history', 'offset': -0.24055544444444463, 'last_observation': '2025-10-01'}, {'item_code': 1102, 'name': 'Трекрезан, 10 таблеток', 'weight': 0.00032, 'parent': 21, 'reason': 'short_history', 'offset': -0.2305555555555543, 'last_observation': '2025-10-01'}, {'item_code': 1103, 'name': 'Цетрин, 10 таблеток', 'weight': 0.00029, 'parent': 21, 'reason': 'short_history', 'offset': -0.27500022222222104, 'last_observation': '2025-10-01'}, {'item_code': 1105, 'name': 'Воздушный и железнодорожный транспорт', 'weight': 0.00568, 'parent': 47, 'reason': 'missing_current_observation', 'offset': 0.0, 'last_observation': '2025-05-01'}]",{'53': 0.0022199999999999998},"revised source hierarchy, not real-time publication vintages",,,
GroupsFixed,2025-10-01,available,,,2025-01-01,,,,,1.0,,,,1.0,,,,[],fixed,freeze
GroupsDated,2025-10-01,available,,,2025-01-01,,,,,1.0,,,,1.0,,,,[],dated,freeze
Ridge,2025-11-01,available,,,,,,,,,,,,,,,,,,
Huber,2025-11-01,available,,,,,,,,,,,,,,,,,,
SeasonalNaive,2025-11-01,available,,,,,,,,,,,,,,,,,,
Micro,2025-11-01,available,,2025-11-01,2025-01-01,"latest vintage at cutoff, frozen through forecast horizon",raw,parent_seasonal,537.0,0.9920999999999995,0.9604899999999995,0.03729,0.002220000000000501,1.0,"[{'item_code': 159, 'name': 'Верошпирон, 100 мг, 10 капсул', 'weight': 0.00048, 'parent': 21, 'reason': 'calendar_gap_in_required_features', 'offset': 0.05111127777777824, 'last_observation': '2025-11-01'}, {'item_code': 210, 'name': 'Дом отдыха, пансионат, день', 'weight': 0.00141, 'parent': 35, 'reason': 'short_history', 'offset': 0.05722283333333422, 'last_observation': '2025-11-01'}, {'item_code': 339, 'name': 'Легковой автомобиль иностранной марки новый, шт.', 'weight': 0.00415, 'parent': 17, 'reason': 'short_history', 'offset': -0.0705554444444445, 'last_observation': '2025-11-01'}, {'item_code': 347, 'name': 'Лоперамид, 2 мг, 10 капсул (таблеток)', 'weight': 0.0003, 'parent': 21, 'reason': 'calendar_gap_in_required_features', 'offset': 0.28333361111111244, 'last_observation': '2025-11-01'}, {'item_code': 427, 'name': 'Обучение в негосударственных образовательных организациях высшего профессионального образования, семестр', 'weight': 0.00184, 'parent': 44, 'reason': 'calendar_gap_in_required_features', 'offset': 0.1033333333333341, 'last_observation': '2025-11-01'}, {'item_code': 994, 'name': 'Хлоргексидин, 100 мл', 'weight': 0.00043, 'parent': 21, 'reason': 'short_history', 'offset': 0.3388891111111126, 'last_observation': '2025-11-01'}, {'item_code': 1060, 'name': 'Поездки в страны Закавказья, поездка', 'weight': 0.00026, 'parent': 67, 'reason': 'short_history', 'offset': 0.14111066666666655, 'last_observation': '2025-11-01'}, {'item_code': 1063, 'name': 'Поездки в отдельные страны Средней Азии, поездка', 'weight': 6e-05, 'parent': 67, 'reason': 'short_history', 'offset': -0.15666688888889033, 'last_observation': '2025-11-01'}, {'item_code': 1064, 'name': 'Поездка в Беларусь, поездка', 'weight': 0.00011, 'parent': 67, 'reason': 'short_history', 'offset': 0.7755545555555554, 'last_observation': '2025-11-01'}, {'item_code': 1066, 'name': 'Молоко питьевое цельное пастеризованное более 3,2% жирности, л', 'weight': 0.00146, 'parent': 24, 'reason': 'short_history', 'offset': 0.18944455555555667, 'last_observation': '2025-11-01'}, {'item_code': 1067, 'name': 'Творожок детский, кг', 'weight': 4e-05, 'parent': 24, 'reason': 'short_history', 'offset': 0.6938886111111123, 'last_observation': '2025-11-01'}, {'item_code': 1068, 'name': 'Молоко для детей, л', 'weight': 3e-05, 'parent': 24, 'reason': 'short_history', 'offset': 0.3138887777777792, 'last_observation': '2025-11-01'}, {'item_code': 1069, 'name': 'Сухие приправы, специи, кг', 'weight': 0.00117, 'parent': 53, 'reason': 'short_history', 'offset': 0.46446200000000065, 'last_observation': '2025-11-01'}, {'item_code': 1070, 'name': 'Трикотажный головной убор для взрослых, шт.', 'weight': 0.00057, 'parent': 43, 'reason': 'short_history', 'offset': 0.43944444444444347, 'last_observation': '2025-11-01'}, {'item_code': 1071, 'name': 'Крем детский, 100 г (100 мл)', 'weight': 0.00159, 'parent': 30, 'reason': 'short_history', 'offset': -0.22777750000000038, 'last_observation': '2025-11-01'}, {'item_code': 1072, 'name': 'Чемодан, шт.', 'weight': 0.00105, 'parent': 13, 'reason': 'short_history', 'offset': -0.6033333888888895, 'last_observation': '2025-11-01'}, {'item_code': 1073, 'name': 'Бумага офисная, упаковка 500 листов', 'weight': 0.0002, 'parent': 54, 'reason': 'short_history', 'offset': 0.3465168888888894, 'last_observation': '2025-11-01'}, {'item_code': 1074, 'name': 'Смарт-часы, шт.', 'weight': 0.00088, 'parent': 37, 'reason': 'short_history', 'offset': -0.3794450000000001, 'last_observation': '2025-11-01'}, {'item_code': 1075, 'name': 'Коньки, пара', 'weight': 0.00047, 'parent': 54, 'reason': 'short_history', 'offset': -0.24570500000000017, 'last_observation': '2025-11-01'}, {'item_code': 1076, 'name': 'Гипсокартон, м2', 'weight': 0.00061, 'parent': 38, 'reason': 'short_history', 'offset': -0.05222205555555664, 'last_observation': '2025-11-01'}, {'item_code': 1077, 'name': 'Кресло детское автомобильное, шт.', 'weight': 0.00056, 'parent': 17, 'reason': 'short_history', 'offset': 0.11611133333333375, 'last_observation': '2025-11-01'}, {'item_code': 1078, 'name': 'Соска (пустышка) детская, шт.', 'weight': 9e-05, 'parent': 21, 'reason': 'short_history', 'offset': -0.02611122222222109, 'last_observation': '2025-11-01'}, {'item_code': 1079, 'name': 'Бутылочка для кормления, шт.', 'weight': 0.00138, 'parent': 21, 'reason': 'short_history', 'offset': -0.09666683333333263, 'last_observation': '2025-11-01'}, {'item_code': 1080, 'name': 'Ингалипт, аэрозоль для местного применения, 30 мл', 'weight': 0.00037, 'parent': 21, 'reason': 'short_history', 'offset': 0.21833344444444455, 'last_observation': '2025-11-01'}, {'item_code': 1083, 'name': 'Поездка на отдых на Черноморское побережье России и в Крым, поездка', 'weight': 0.00138, 'parent': 55, 'reason': 'short_history', 'offset': -1.9260306111111123, 'last_observation': '2025-11-01'}, {'item_code': 1086, 'name': 'Горошек зеленый консервированный, кг', 'weight': 0.00086, 'parent': 53, 'reason': 'short_history', 'offset': -0.09609327777777724, 'last_observation': '2025-11-01'}, {'item_code': 1087, 'name': 'Перец сладкий свежий, кг', 'weight': 0.00363, 'parent': 33, 'reason': 'short_history', 'offset': 0.9766671111111115, 'last_observation': '2025-11-01'}, {'item_code': 1088, 'name': 'Робот-пылесос, шт.', 'weight': 0.0012, 'parent': 51, 'reason': 'short_history', 'offset': 0.19388911111111184, 'last_observation': '2025-11-01'}, {'item_code': 1089, 'name': 'Аскофен-П, 10 таблеток', 'weight': 0.00035, 'parent': 21, 'reason': 'short_history', 'offset': 0.020555500000000393, 'last_observation': '2025-11-01'}, {'item_code': 1090, 'name': 'Беталок ЗОК, 10 таблеток', 'weight': 0.00028, 'parent': 21, 'reason': 'short_history', 'offset': 0.6922222222222226, 'last_observation': '2025-11-01'}, {'item_code': 1091, 'name': 'Валосердин, 25 мл', 'weight': 0.00032, 'parent': 21, 'reason': 'short_history', 'offset': 0.15611116666666744, 'last_observation': '2025-11-01'}, {'item_code': 1092, 'name': 'Гепариновая мазь, 25 г', 'weight': 0.00036, 'parent': 21, 'reason': 'short_history', 'offset': 0.3511108888888891, 'last_observation': '2025-11-01'}, {'item_code': 1093, 'name': 'Граммидин, 10 таблеток', 'weight': 0.00034, 'parent': 21, 'reason': 'short_history', 'offset': 0.3077780000000014, 'last_observation': '2025-11-01'}, {'item_code': 1094, 'name': 'Диклофенак, 15 мл', 'weight': 0.00035, 'parent': 21, 'reason': 'short_history', 'offset': -0.0877777777777769, 'last_observation': '2025-11-01'}, {'item_code': 1095, 'name': 'Кардиомагнил, 100 таблеток', 'weight': 0.00038, 'parent': 21, 'reason': 'short_history', 'offset': 0.13833344444444545, 'last_observation': '2025-11-01'}, {'item_code': 1096, 'name': 'Лизобакт, 10 таблеток', 'weight': 0.00034, 'parent': 21, 'reason': 'short_history', 'offset': 0.28277777777777957, 'last_observation': '2025-11-01'}, {'item_code': 1097, 'name': 'Меновазин, 40 мл', 'weight': 0.00049, 'parent': 21, 'reason': 'short_history', 'offset': 0.06222205555555623, 'last_observation': '2025-11-01'}, {'item_code': 1098, 'name': 'Мукалтин, 10 таблеток', 'weight': 0.00014, 'parent': 21, 'reason': 'short_history', 'offset': 0.3766664444444451, 'last_observation': '2025-11-01'}, {'item_code': 1099, 'name': 'Пенталгин, 24 таблетки', 'weight': 0.00041, 'parent': 21, 'reason': 'short_history', 'offset': -0.2233332222222207, 'last_observation': '2025-11-01'}, {'item_code': 1100, 'name': 'Салициловая кислота, 40 мл', 'weight': 0.00034, 'parent': 21, 'reason': 'short_history', 'offset': 0.25833344444444606, 'last_observation': '2025-11-01'}, {'item_code': 1101, 'name': 'Спазмалгон, 10 таблеток', 'weight': 0.00032, 'parent': 21, 'reason': 'short_history', 'offset': -0.2422222777777776, 'last_observation': '2025-11-01'}, {'item_code': 1102, 'name': 'Трекрезан, 10 таблеток', 'weight': 0.00032, 'parent': 21, 'reason': 'short_history', 'offset': -0.5627777222222206, 'last_observation': '2025-11-01'}, {'item_code': 1103, 'name': 'Цетрин, 10 таблеток', 'weight': 0.00029, 'parent': 21, 'reason': 'short_history', 'offset': -0.26611133333333153, 'last_observation': '2025-11-01'}, {'item_code': 1105, 'name': 'Воздушный и железнодорожный транспорт', 'weight': 0.00568, 'parent': 47, 'reason': 'missing_current_observation', 'offset': 0.0, 'last_observation': '2025-05-01'}]",{'53': 0.0022199999999999998},"revised source hierarchy, not real-time publication vintages",,,
GroupsFixed,2025-11-01,available,,,2025-01-01,,,,,1.0,,,,1.0,,,,[],fixed,freeze
GroupsDated,2025-11-01,available,,,2025-01-01,,,,,1.0,,,,1.0,,,,[],dated,freeze
Ridge,2025-12-01,available,,,,,,,,,,,,,,,,,,
Huber,2025-12-01,available,,,,,,,,,,,,,,,,,,
SeasonalNaive,2025-12-01,available,,,,,,,,,,,,,,,,,,
Micro,2025-12-01,available,,2025-12-01,2025-01-01,"latest vintage at cutoff, frozen through forecast horizon",raw,parent_seasonal,537.0,0.9920999999999995,0.9604899999999995,0.03729,0.002220000000000501,1.0,"[{'item_code': 159, 'name': 'Верошпирон, 100 мг, 10 капсул', 'weight': 0.00048, 'parent': 21, 'reason': 'calendar_gap_in_required_features', 'offset': 0.005555722222222275, 'last_observation': '2025-12-01'}, {'item_code': 210, 'name': 'Дом отдыха, пансионат, день', 'weight': 0.00141, 'parent': 35, 'reason': 'short_history', 'offset': 0.006667277777778856, 'last_observation': '2025-12-01'}, {'item_code': 339, 'name': 'Легковой автомобиль иностранной марки новый, шт.', 'weight': 0.00415, 'parent': 17, 'reason': 'insufficient_training_rows', 'offset': -0.08611100000000012, 'last_observation': '2025-12-01'}, {'item_code': 347, 'name': 'Лоперамид, 2 мг, 10 капсул (таблеток)', 'weight': 0.0003, 'parent': 21, 'reason': 'calendar_gap_in_required_features', 'offset': 0.19500027777777895, 'last_observation': '2025-12-01'}, {'item_code': 427, 'name': 'Обучение в негосударственных образовательных организациях высшего профессионального образования, семестр', 'weight': 0.00184, 'parent': 44, 'reason': 'calendar_gap_in_required_features', 'offset': 0.07500000000000047, 'last_observation': '2025-12-01'}, {'item_code': 994, 'name': 'Хлоргексидин, 100 мл', 'weight': 0.00043, 'parent': 21, 'reason': 'short_history', 'offset': 0.49722244444444563, 'last_observation': '2025-12-01'}, {'item_code': 1060, 'name': 'Поездки в страны Закавказья, поездка', 'weight': 0.00026, 'parent': 67, 'reason': 'insufficient_training_rows', 'offset': -0.16888933333333414, 'last_observation': '2025-12-01'}, {'item_code': 1063, 'name': 'Поездки в отдельные страны Средней Азии, поездка', 'weight': 6e-05, 'parent': 67, 'reason': 'short_history', 'offset': 0.49055538888888683, 'last_observation': '2025-12-01'}, {'item_code': 1064, 'name': 'Поездка в Беларусь, поездка', 'weight': 0.00011, 'parent': 67, 'reason': 'short_history', 'offset': 1.7366654999999993, 'last_observation': '2025-12-01'}, {'item_code': 1066, 'name': 'Молоко питьевое цельное пастеризованное более 3,2% жирности, л', 'weight': 0.00146, 'parent': 24, 'reason': 'insufficient_training_rows', 'offset': -0.049444333333332854, 'last_observation': '2025-12-01'}, {'item_code': 1067, 'name': 'Творожок детский, кг', 'weight': 4e-05, 'parent': 24, 'reason': 'insufficient_training_rows', 'offset': 0.09777733333333395, 'last_observation': '2025-12-01'}, {'item_code': 1068, 'name': 'Молоко для детей, л', 'weight': 3e-05, 'parent': 24, 'reason': 'insufficient_training_rows', 'offset': 0.19277766666666768, 'last_observation': '2025-12-01'}, {'item_code': 1069, 'name': 'Сухие приправы, специи, кг', 'weight': 0.00117, 'parent': 53, 'reason': 'insufficient_training_rows', 'offset': 0.5172252222222227, 'last_observation': '2025-12-01'}, {'item_code': 1070, 'name': 'Трикотажный головной убор для взрослых, шт.', 'weight': 0.00057, 'parent': 43, 'reason': 'insufficient_training_rows', 'offset': 0.18388894444444365, 'last_observation': '2025-12-01'}, {'item_code': 1071, 'name': 'Крем детский, 100 г (100 мл)', 'weight': 0.00159, 'parent': 30, 'reason': 'insufficient_training_rows', 'offset': -0.24166616666666682, 'last_observation': '2025-12-01'}, {'item_code': 1072, 'name': 'Чемодан, шт.', 'weight': 0.00105, 'parent': 13, 'reason': 'insufficient_training_rows', 'offset': -0.5044442222222235, 'last_observation': '2025-12-01'}, {'item_code': 1073, 'name': 'Бумага офисная, упаковка 500 листов', 'weight': 0.0002, 'parent': 54, 'reason': 'insufficient_training_rows', 'offset': 0.24534838888888938, 'last_observation': '2025-12-01'}, {'item_code': 1074, 'name': 'Смарт-часы, шт.', 'weight': 0.00088, 'parent': 37, 'reason': 'insufficient_training_rows', 'offset': -0.6638893888888886, 'last_observation': '2025-12-01'}, {'item_code': 1075, 'name': 'Коньки, пара', 'weight': 0.00047, 'parent': 54, 'reason': 'insufficient_training_rows', 'offset': 0.2647931666666668, 'last_observation': '2025-12-01'}, {'item_code': 1076, 'name': 'Гипсокартон, м2', 'weight': 0.00061, 'parent': 38, 'reason': 'insufficient_training_rows', 'offset': -0.04333316666666794, 'last_observation': '2025-12-01'}, {'item_code': 1077, 'name': 'Кресло детское автомобильное, шт.', 'weight': 0.00056, 'parent': 17, 'reason': 'insufficient_training_rows', 'offset': -0.08944433333333358, 'last_observation': '2025-12-01'}, {'item_code': 1078, 'name': 'Соска (пустышка) детская, шт.', 'weight': 9e-05, 'parent': 21, 'reason': 'insufficient_training_rows', 'offset': -0.051666888888887916, 'last_observation': '2025-12-01'}, {'item_code': 1079, 'name': 'Бутылочка для кормления, шт.', 'weight': 0.00138, 'parent': 21, 'reason': 'insufficient_training_rows', 'offset': -0.16611127777777707, 'last_observation': '2025-12-01'}, {'item_code': 1080, 'name': 'Ингалипт, аэрозоль для местного применения, 30 мл', 'weight': 0.00037, 'parent': 21, 'reason': 'insufficient_training_rows', 'offset': 0.3061112222222222, 'last_observation': '2025-12-01'}, {'item_code': 1083, 'name': 'Поездка на отдых на Черноморское побережье России и в Крым, поездка', 'weight': 0.00138, 'parent': 55, 'reason': 'short_history', 'offset': -2.2025811666666675, 'last_observation': '2025-12-01'}, {'item_code': 1086, 'name': 'Горошек зеленый консервированный, кг', 'weight': 0.00086, 'parent': 53, 'reason': 'short_history', 'offset': 0.11055883333333424, 'last_observation': '2025-12-01'}, {'item_code': 1087, 'name': 'Перец сладкий свежий, кг', 'weight': 0.00363, 'parent': 33, 'reason': 'short_history', 'offset': 1.4911111666666674, 'last_observation': '2025-12-01'}, {'item_code': 1088, 'name': 'Робот-пылесос, шт.', 'weight': 0.0012, 'parent': 51, 'reason': 'short_history', 'offset': 0.3450002777777783, 'last_observation': '2025-12-01'}, {'item_code': 1089, 'name': 'Аскофен-П, 10 таблеток', 'weight': 0.00035, 'parent': 21, 'reason': 'short_history', 'offset': -0.01666688888888817, 'last_observation': '2025-12-01'}, {'item_code': 1090, 'name': 'Беталок ЗОК, 10 таблеток', 'weight': 0.00028, 'parent': 21, 'reason': 'short_history', 'offset': 0.8155555555555559, 'last_observation': '2025-12-01'}, {'item_code': 1091, 'name': 'Валосердин, 25 мл', 'weight': 0.00032, 'parent': 21, 'reason': 'short_history', 'offset': 0.008333388888889855, 'last_observation': '2025-12-01'}, {'item_code': 1092, 'name': 'Гепариновая мазь, 25 г', 'weight': 0.00036, 'parent': 21, 'reason': 'short_history', 'offset': 0.03277755555555631, 'last_observation': '2025-12-01'}, {'item_code': 1093, 'name': 'Граммидин, 10 таблеток', 'weight': 0.00034, 'parent': 21, 'reason': 'short_history', 'offset': 0.09277788888888949, 'last_observation': '2025-12-01'}, {'item_code': 1094, 'name': 'Диклофенак, 15 мл', 'weight': 0.00035, 'parent': 21, 'reason': 'short_history', 'offset': -0.01499999999999978, 'last_observation': '2025-12-01'}, {'item_code': 1095, 'name': 'Кардиомагнил, 100 таблеток', 'weight': 0.00038, 'parent': 21, 'reason': 'short_history', 'offset': 0.1388890000000005, 'last_observation': '2025-12-01'}, {'item_code': 1096, 'name': 'Лизобакт, 10 таблеток', 'weight': 0.00034, 'parent': 21, 'reason': 'short_history', 'offset': 0.30833333333333474, 'last_observation': '2025-12-01'}, {'item_code': 1097, 'name': 'Меновазин, 40 мл', 'weight': 0.00049, 'parent': 21, 'reason': 'short_history', 'offset': 0.16500000000000073, 'last_observation': '2025-12-01'}, {'item_code': 1098, 'name': 'Мукалтин, 10 таблеток', 'weight': 0.00014, 'parent': 21, 'reason': 'short_history', 'offset': 0.43555533333333407, 'last_observation': '2025-12-01'}, {'item_code': 1099, 'name': 'Пенталгин, 24 таблетки', 'weight': 0.00041, 'parent': 21, 'reason': 'short_history', 'offset': -0.2466664999999987, 'last_observation': '2025-12-01'}, {'item_code': 1100, 'name': 'Салициловая кислота, 40 мл', 'weight': 0.00034, 'parent': 21, 'reason': 'short_history', 'offset': -0.053333222222220575, 'last_observation': '2025-12-01'}, {'item_code': 1101, 'name': 'Спазмалгон, 10 таблеток', 'weight': 0.00032, 'parent': 21, 'reason': 'short_history', 'offset': -0.16388877777777822, 'last_observation': '2025-12-01'}, {'item_code': 1102, 'name': 'Трекрезан, 10 таблеток', 'weight': 0.00032, 'parent': 21, 'reason': 'short_history', 'offset': -0.030555444444442987, 'last_observation': '2025-12-01'}, {'item_code': 1103, 'name': 'Цетрин, 10 таблеток', 'weight': 0.00029, 'parent': 21, 'reason': 'short_history', 'offset': -0.24222244444444227, 'last_observation': '2025-12-01'}, {'item_code': 1105, 'name': 'Воздушный и железнодорожный транспорт', 'weight': 0.00568, 'parent': 47, 'reason': 'missing_current_observation', 'offset': 0.0, 'last_observation': '2025-05-01'}]",{'53': 0.0022199999999999998},"revised source hierarchy, not real-time publication vintages",,,
GroupsFixed,2025-12-01,available,,,2025-01-01,,,,,1.0,,,,1.0,,,,[],fixed,freeze
GroupsDated,2025-12-01,available,,,2025-01-01,,,,,1.0,,,,1.0,,,,[],dated,freeze
Ridge,2026-01-01,available,,,,,,,,,,,,,,,,,,
Huber,2026-01-01,available,,,,,,,,,,,,,,,,,,
SeasonalNaive,2026-01-01,available,,,,,,,,,,,,,,,,,,
Micro,2026-01-01,available,,2026-01-01,2026-01-01,"latest vintage at cutoff, frozen through forecast horizon",raw,parent_seasonal,540.0,0.9943099999999996,0.9526099999999996,0.04739,2.0643209364124004e-16,0.9999999999999998,"[{'item_code': 210, 'name': 'Дом отдыха, пансионат, день', 'weight': 0.00177, 'parent': 35, 'reason': 'short_history', 'offset': -0.03166605555555514, 'last_observation': '2026-01-01'}, {'item_code': 244, 'name': 'Индапамид, 2,5 мг, 10 таблеток', 'weight': 0.00035, 'parent': 21, 'reason': 'calendar_gap_in_required_features', 'offset': 0.10769230769230813, 'last_observation': '2026-01-01'}, {'item_code': 339, 'name': 'Легковой автомобиль иностранной марки новый, шт.', 'weight': 0.00959, 'parent': 17, 'reason': 'insufficient_training_rows', 'offset': 0.11055561111111148, 'last_observation': '2026-01-01'}, {'item_code': 992, 'name': 'Амлодипин, 10 мг, 10 таблеток', 'weight': 0.00035, 'parent': 21, 'reason': 'calendar_gap_in_required_features', 'offset': 0.09000000000000014, 'last_observation': '2026-01-01'}, {'item_code': 994, 'name': 'Хлоргексидин, 100 мл', 'weight': 0.00033, 'parent': 21, 'reason': 'short_history', 'offset': 0.27333355555555666, 'last_observation': '2026-01-01'}, {'item_code': 1063, 'name': 'Поездки в отдельные страны Средней Азии, поездка', 'weight': 4e-05, 'parent': 67, 'reason': 'short_history', 'offset': -0.3361113888888904, 'last_observation': '2026-01-01'}, {'item_code': 1064, 'name': 'Поездка в Беларусь, поездка', 'weight': 0.0001, 'parent': 67, 'reason': 'short_history', 'offset': 2.7255544999999994, 'last_observation': '2026-01-01'}, {'item_code': 1083, 'name': 'Поездка на отдых на Черноморское побережье России и в Крым, поездка', 'weight': 0.00205, 'parent': 55, 'reason': 'short_history', 'offset': -3.110698444444445, 'last_observation': '2026-01-01'}, {'item_code': 1086, 'name': 'Горошек зеленый консервированный, кг', 'weight': 0.00081, 'parent': 53, 'reason': 'short_history', 'offset': 0.19175088888888958, 'last_observation': '2026-01-01'}, {'item_code': 1087, 'name': 'Перец сладкий свежий, кг', 'weight': 0.00266, 'parent': 33, 'reason': 'short_history', 'offset': 1.8494444444444456, 'last_observation': '2026-01-01'}, {'item_code': 1088, 'name': 'Робот-пылесос, шт.', 'weight': 0.00116, 'parent': 51, 'reason': 'short_history', 'offset': -0.1877776666666659, 'last_observation': '2026-01-01'}, {'item_code': 1091, 'name': 'Валосердин, 25 мл', 'weight': 0.00033, 'parent': 21, 'reason': 'short_history', 'offset': 0.12666672222222372, 'last_observation': '2026-01-01'}, {'item_code': 1094, 'name': 'Диклофенак, 15 мл', 'weight': 0.00038, 'parent': 21, 'reason': 'short_history', 'offset': 0.1522222222222235, 'last_observation': '2026-01-01'}, {'item_code': 1095, 'name': 'Кардиомагнил, 100 таблеток', 'weight': 0.0004, 'parent': 21, 'reason': 'short_history', 'offset': 0.07833350000000097, 'last_observation': '2026-01-01'}, {'item_code': 1097, 'name': 'Меновазин, 40 мл', 'weight': 0.00034, 'parent': 21, 'reason': 'short_history', 'offset': -0.3399999999999987, 'last_observation': '2026-01-01'}, {'item_code': 1099, 'name': 'Пенталгин, 24 таблетки', 'weight': 0.00035, 'parent': 21, 'reason': 'short_history', 'offset': -0.19888872222222098, 'last_observation': '2026-01-01'}, {'item_code': 1100, 'name': 'Салициловая кислота, 40 мл', 'weight': 0.00031, 'parent': 21, 'reason': 'short_history', 'offset': -0.05444422222221985, 'last_observation': '2026-01-01'}, {'item_code': 1101, 'name': 'Спазмалгон, 10 таблеток', 'weight': 0.0004, 'parent': 21, 'reason': 'short_history', 'offset': -0.06388877777777759, 'last_observation': '2026-01-01'}, {'item_code': 1105, 'name': 'Воздушный и железнодорожный транспорт', 'weight': 0.00569, 'parent': 47, 'reason': 'missing_current_observation', 'offset': 0.0, 'last_observation': '2025-05-01'}, {'item_code': 1107, 'name': 'Печень птицы, кг', 'weight': 0.00225, 'parent': 26, 'reason': 'short_history', 'offset': -0.016153846153845672, 'last_observation': '2026-01-01'}, {'item_code': 1108, 'name': 'Кефир, кг', 'weight': 0.00427, 'parent': 24, 'reason': 'short_history', 'offset': -0.016153846153846765, 'last_observation': '2026-01-01'}, {'item_code': 1109, 'name': 'Сырки творожные, глазированные, кг', 'weight': 0.00124, 'parent': 24, 'reason': 'short_history', 'offset': -0.07538461538461569, 'last_observation': '2026-01-01'}, {'item_code': 1110, 'name': 'Вода питьевая, л', 'weight': 0.00157, 'parent': 53, 'reason': 'short_history', 'offset': -0.013733846153846012, 'last_observation': '2026-01-01'}, {'item_code': 1111, 'name': 'Жидкие средства для стирки, л', 'weight': 0.00146, 'parent': 25, 'reason': 'short_history', 'offset': -0.30538476923076874, 'last_observation': '2026-01-01'}, {'item_code': 1112, 'name': 'Помада, шт.', 'weight': 0.00092, 'parent': 30, 'reason': 'short_history', 'offset': -0.11000000000000053, 'last_observation': '2026-01-01'}, {'item_code': 1113, 'name': 'Блоки строительные, 1000 шт.', 'weight': 0.00028, 'parent': 38, 'reason': 'short_history', 'offset': 0.015384384615384324, 'last_observation': '2026-01-01'}, {'item_code': 1114, 'name': 'Компримированный природный газ, м3', 'weight': 0.00189, 'parent': 42, 'reason': 'short_history', 'offset': -0.013846153846153278, 'last_observation': '2026-01-01'}, {'item_code': 1115, 'name': 'Хлоропирамин, 10 таблеток', 'weight': 0.00036, 'parent': 21, 'reason': 'short_history', 'offset': 0.18692307692307744, 'last_observation': '2026-01-01'}, {'item_code': 1116, 'name': 'Цетиризин, 10 таблеток', 'weight': 0.00037, 'parent': 21, 'reason': 'short_history', 'offset': -0.026923153846153215, 'last_observation': '2026-01-01'}, {'item_code': 1117, 'name': 'Интерферон альфа-2В, 10 мл', 'weight': 0.00039, 'parent': 21, 'reason': 'short_history', 'offset': 0.21846153846153873, 'last_observation': '2026-01-01'}, {'item_code': 1118, 'name': 'Метопролол, 10 таблеток', 'weight': 0.00046, 'parent': 21, 'reason': 'short_history', 'offset': 0.06923076923076966, 'last_observation': '2026-01-01'}, {'item_code': 1119, 'name': 'Спиронолактон, 10 таблеток', 'weight': 0.00035, 'parent': 21, 'reason': 'short_history', 'offset': -0.009230769230768487, 'last_observation': '2026-01-01'}, {'item_code': 1120, 'name': 'Лозартан, 10 таблеток', 'weight': 0.0004, 'parent': 21, 'reason': 'short_history', 'offset': 0.028461538461538812, 'last_observation': '2026-01-01'}, {'item_code': 1121, 'name': 'Аторвастатин, 10 таблеток', 'weight': 0.0004, 'parent': 21, 'reason': 'short_history', 'offset': -0.01538461538461451, 'last_observation': '2026-01-01'}, {'item_code': 1122, 'name': 'Мелоксикам, 10 таблеток', 'weight': 0.00038, 'parent': 21, 'reason': 'short_history', 'offset': -0.2015382307692306, 'last_observation': '2026-01-01'}, {'item_code': 1123, 'name': 'Кеторолак, 10 таблеток', 'weight': 0.00042, 'parent': 21, 'reason': 'short_history', 'offset': -0.11538476923076885, 'last_observation': '2026-01-01'}, {'item_code': 1124, 'name': 'Розувастатин, 10 таблеток', 'weight': 0.00034, 'parent': 21, 'reason': 'short_history', 'offset': 0.03692307692307723, 'last_observation': '2026-01-01'}, {'item_code': 1125, 'name': 'Алтея лекарственного травы экстракт, 10 таблеток', 'weight': 0.00041, 'parent': 21, 'reason': 'short_history', 'offset': 0.07923076923076931, 'last_observation': '2026-01-01'}, {'item_code': 1126, 'name': 'Римантадин, 10 таблеток', 'weight': 0.00032, 'parent': 21, 'reason': 'short_history', 'offset': 0.12000000000000018, 'last_observation': '2026-01-01'}, {'item_code': 1127, 'name': 'Погребение, услуга', 'weight': 0.00034, 'parent': 12, 'reason': 'short_history', 'offset': 1.3123076923076924, 'last_observation': '2026-01-01'}, {'item_code': 1128, 'name': 'Курьерская доставка, услуга', 'weight': 0.00012, 'parent': 55, 'reason': 'short_history', 'offset': 0.6956838461538465, 'last_observation': '2026-01-01'}, {'item_code': 1129, 'name': 'Междугородная телефонная связь, минута', 'weight': 0.00019, 'parent': 48, 'reason': 'short_history', 'offset': -0.05230769230769283, 'last_observation': '2026-01-01'}, {'item_code': 1131, 'name': 'Вода минеральная, л', 'weight': 0.00085, 'parent': 53, 'reason': 'short_history', 'offset': -0.08604153846153814, 'last_observation': '2026-01-01'}]",{},"revised source hierarchy, not real-time publication vintages",,,
GroupsFixed,2026-01-01,available,,,2026-01-01,,,,,1.0,,,,1.0,,,,[],fixed,freeze
GroupsDated,2026-01-01,available,,,2026-01-01,,,,,1.0,,,,1.0,,,,[],dated,freeze
Ridge,2026-02-01,available,,,,,,,,,,,,,,,,,,
Huber,2026-02-01,available,,,,,,,,,,,,,,,,,,
SeasonalNaive,2026-02-01,available,,,,,,,,,,,,,,,,,,
Micro,2026-02-01,available,,2026-02-01,2026-01-01,"latest vintage at cutoff, frozen through forecast horizon",raw,parent_seasonal,540.0,0.9943099999999996,0.9526099999999996,0.04739,2.0643209364124004e-16,0.9999999999999998,"[{'item_code': 210, 'name': 'Дом отдыха, пансионат, день', 'weight': 0.00177, 'parent': 35, 'reason': 'short_history', 'offset': 0.09444466666666705, 'last_observation': '2026-02-01'}, {'item_code': 244, 'name': 'Индапамид, 2,5 мг, 10 таблеток', 'weight': 0.00035, 'parent': 21, 'reason': 'calendar_gap_in_required_features', 'offset': 0.0628573571428573, 'last_observation': '2026-02-01'}, {'item_code': 339, 'name': 'Легковой автомобиль иностранной марки новый, шт.', 'weight': 0.00959, 'parent': 17, 'reason': 'insufficient_training_rows', 'offset': 0.0755555000000009, 'last_observation': '2026-02-01'}, {'item_code': 992, 'name': 'Амлодипин, 10 мг, 10 таблеток', 'weight': 0.00035, 'parent': 21, 'reason': 'calendar_gap_in_required_features', 'offset': 0.1064286428571423, 'last_observation': '2026-02-01'}, {'item_code': 994, 'name': 'Хлоргексидин, 100 мл', 'weight': 0.00033, 'parent': 21, 'reason': 'short_history', 'offset': 0.05666688888888968, 'last_observation': '2026-02-01'}, {'item_code': 1063, 'name': 'Поездки в отдельные страны Средней Азии, поездка', 'weight': 4e-05, 'parent': 67, 'reason': 'short_history', 'offset': -0.4516667222222234, 'last_observation': '2026-02-01'}, {'item_code': 1064, 'name': 'Поездка в Беларусь, поездка', 'weight': 0.0001, 'parent': 67, 'reason': 'short_history', 'offset': -0.31388938888888873, 'last_observation': '2026-02-01'}, {'item_code': 1083, 'name': 'Поездка на отдых на Черноморское побережье России и в Крым, поездка', 'weight': 0.00205, 'parent': 55, 'reason': 'insufficient_training_rows', 'offset': -0.5710332222222232, 'last_observation': '2026-02-01'}, {'item_code': 1086, 'name': 'Горошек зеленый консервированный, кг', 'weight': 0.00081, 'parent': 53, 'reason': 'short_history', 'offset': 0.23719405555555617, 'last_observation': '2026-02-01'}, {'item_code': 1087, 'name': 'Перец сладкий свежий, кг', 'weight': 0.00266, 'parent': 33, 'reason': 'short_history', 'offset': 1.8588888888888893, 'last_observation': '2026-02-01'}, {'item_code': 1088, 'name': 'Робот-пылесос, шт.', 'weight': 0.00116, 'parent': 51, 'reason': 'short_history', 'offset': -0.1544448333333332, 'last_observation': '2026-02-01'}, {'item_code': 1091, 'name': 'Валосердин, 25 мл', 'weight': 0.00033, 'parent': 21, 'reason': 'short_history', 'offset': 0.213889000000001, 'last_observation': '2026-02-01'}, {'item_code': 1094, 'name': 'Диклофенак, 15 мл', 'weight': 0.00038, 'parent': 21, 'reason': 'short_history', 'offset': 0.22833338888888952, 'last_observation': '2026-02-01'}, {'item_code': 1095, 'name': 'Кардиомагнил, 100 таблеток', 'weight': 0.0004, 'parent': 21, 'reason': 'short_history', 'offset': 0.21555577777777776, 'last_observation': '2026-02-01'}, {'item_code': 1097, 'name': 'Меновазин, 40 мл', 'weight': 0.00034, 'parent': 21, 'reason': 'short_history', 'offset': -0.24888883333333212, 'last_observation': '2026-02-01'}, {'item_code': 1099, 'name': 'Пенталгин, 24 таблетки', 'weight': 0.00035, 'parent': 21, 'reason': 'short_history', 'offset': -0.21388844444444366, 'last_observation': '2026-02-01'}, {'item_code': 1100, 'name': 'Салициловая кислота, 40 мл', 'weight': 0.00031, 'parent': 21, 'reason': 'short_history', 'offset': -0.104999777777776, 'last_observation': '2026-02-01'}, {'item_code': 1101, 'name': 'Спазмалгон, 10 таблеток', 'weight': 0.0004, 'parent': 21, 'reason': 'short_history', 'offset': 0.17000005555555553, 'last_observation': '2026-02-01'}, {'item_code': 1105, 'name': 'Воздушный и железнодорожный транспорт', 'weight': 0.00569, 'parent': 47, 'reason': 'missing_current_observation', 'offset': 0.0, 'last_observation': '2025-05-01'}, {'item_code': 1107, 'name': 'Печень птицы, кг', 'weight': 0.00225, 'parent': 26, 'reason': 'short_history', 'offset': -0.06285714285714253, 'last_observation': '2026-02-01'}, {'item_code': 1108, 'name': 'Кефир, кг', 'weight': 0.00427, 'parent': 24, 'reason': 'short_history', 'offset': -0.03071457142857221, 'last_observation': '2026-02-01'}, {'item_code': 1109, 'name': 'Сырки творожные, глазированные, кг', 'weight': 0.00124, 'parent': 24, 'reason': 'short_history', 'offset': 0.18071428571428477, 'last_observation': '2026-02-01'}, {'item_code': 1110, 'name': 'Вода питьевая, л', 'weight': 0.00157, 'parent': 53, 'reason': 'short_history', 'offset': 0.16138857142857127, 'last_observation': '2026-02-01'}, {'item_code': 1111, 'name': 'Жидкие средства для стирки, л', 'weight': 0.00146, 'parent': 25, 'reason': 'short_history', 'offset': -0.4042857857142853, 'last_observation': '2026-02-01'}, {'item_code': 1112, 'name': 'Помада, шт.', 'weight': 0.00092, 'parent': 30, 'reason': 'short_history', 'offset': 0.2557142857142856, 'last_observation': '2026-02-01'}, {'item_code': 1113, 'name': 'Блоки строительные, 1000 шт.', 'weight': 0.00028, 'parent': 38, 'reason': 'short_history', 'offset': 0.014285499999999729, 'last_observation': '2026-02-01'}, {'item_code': 1114, 'name': 'Компримированный природный газ, м3', 'weight': 0.00189, 'parent': 42, 'reason': 'short_history', 'offset': 0.018571428571428936, 'last_observation': '2026-02-01'}, {'item_code': 1115, 'name': 'Хлоропирамин, 10 таблеток', 'weight': 0.00036, 'parent': 21, 'reason': 'short_history', 'offset': -0.1464282857142852, 'last_observation': '2026-02-01'}, {'item_code': 1116, 'name': 'Цетиризин, 10 таблеток', 'weight': 0.00037, 'parent': 21, 'reason': 'short_history', 'offset': -0.04928557142857061, 'last_observation': '2026-02-01'}, {'item_code': 1117, 'name': 'Интерферон альфа-2В, 10 мл', 'weight': 0.00039, 'parent': 21, 'reason': 'short_history', 'offset': -0.08714271428571456, 'last_observation': '2026-02-01'}, {'item_code': 1118, 'name': 'Метопролол, 10 таблеток', 'weight': 0.00046, 'parent': 21, 'reason': 'short_history', 'offset': -0.005000071428571776, 'last_observation': '2026-02-01'}, {'item_code': 1119, 'name': 'Спиронолактон, 10 таблеток', 'weight': 0.00035, 'parent': 21, 'reason': 'short_history', 'offset': 0.0378572142857152, 'last_observation': '2026-02-01'}, {'item_code': 1120, 'name': 'Лозартан, 10 таблеток', 'weight': 0.0004, 'parent': 21, 'reason': 'short_history', 'offset': -0.0635715714285711, 'last_observation': '2026-02-01'}, {'item_code': 1121, 'name': 'Аторвастатин, 10 таблеток', 'weight': 0.0004, 'parent': 21, 'reason': 'short_history', 'offset': 0.015714357142857897, 'last_observation': '2026-02-01'}, {'item_code': 1122, 'name': 'Мелоксикам, 10 таблеток', 'weight': 0.00038, 'parent': 21, 'reason': 'short_history', 'offset': 0.7935717142857145, 'last_observation': '2026-02-01'}, {'item_code': 1123, 'name': 'Кеторолак, 10 таблеток', 'weight': 0.00042, 'parent': 21, 'reason': 'short_history', 'offset': -0.10928578571428561, 'last_observation': '2026-02-01'}, {'item_code': 1124, 'name': 'Розувастатин, 10 таблеток', 'weight': 0.00034, 'parent': 21, 'reason': 'short_history', 'offset': -0.09928535714285706, 'last_observation': '2026-02-01'}, {'item_code': 1125, 'name': 'Алтея лекарственного травы экстракт, 10 таблеток', 'weight': 0.00041, 'parent': 21, 'reason': 'short_history', 'offset': 0.03928600000000009, 'last_observation': '2026-02-01'}, {'item_code': 1126, 'name': 'Римантадин, 10 таблеток', 'weight': 0.00032, 'parent': 21, 'reason': 'short_history', 'offset': -0.12999978571428578, 'last_observation': '2026-02-01'}, {'item_code': 1127, 'name': 'Погребение, услуга', 'weight': 0.00034, 'parent': 12, 'reason': 'short_history', 'offset': 1.0842857142857147, 'last_observation': '2026-02-01'}, {'item_code': 1128, 'name': 'Курьерская доставка, услуга', 'weight': 0.00012, 'parent': 55, 'reason': 'short_history', 'offset': 0.42984714285714276, 'last_observation': '2026-02-01'}, {'item_code': 1129, 'name': 'Междугородная телефонная связь, минута', 'weight': 0.00019, 'parent': 48, 'reason': 'short_history', 'offset': 0.6714285714285708, 'last_observation': '2026-02-01'}, {'item_code': 1131, 'name': 'Вода минеральная, л', 'weight': 0.00085, 'parent': 53, 'reason': 'short_history', 'offset': 0.1806742857142863, 'last_observation': '2026-02-01'}]",{},"revised source hierarchy, not real-time publication vintages",,,
GroupsFixed,2026-02-01,available,,,2026-01-01,,,,,1.0,,,,1.0,,,,[],fixed,freeze
GroupsDated,2026-02-01,available,,,2026-01-01,,,,,1.0,,,,1.0,,,,[],dated,freeze
Ridge,2026-03-01,available,,,,,,,,,,,,,,,,,,
Huber,2026-03-01,available,,,,,,,,,,,,,,,,,,
SeasonalNaive,2026-03-01,available,,,,,,,,,,,,,,,,,,
Micro,2026-03-01,available,,2026-03-01,2026-01-01,"latest vintage at cutoff, frozen through forecast horizon",raw,parent_seasonal,540.0,0.9939099999999996,0.9522099999999996,0.04779,2.0643209364124004e-16,0.9999999999999998,"[{'item_code': 210, 'name': 'Дом отдыха, пансионат, день', 'weight': 0.00177, 'parent': 35, 'reason': 'short_history', 'offset': -0.009999777777777928, 'last_observation': '2026-03-01'}, {'item_code': 244, 'name': 'Индапамид, 2,5 мг, 10 таблеток', 'weight': 0.00035, 'parent': 21, 'reason': 'calendar_gap_in_required_features', 'offset': -0.18199999999999933, 'last_observation': '2026-03-01'}, {'item_code': 339, 'name': 'Легковой автомобиль иностранной марки новый, шт.', 'weight': 0.00959, 'parent': 17, 'reason': 'insufficient_training_rows', 'offset': 0.11833327777777845, 'last_observation': '2026-03-01'}, {'item_code': 992, 'name': 'Амлодипин, 10 мг, 10 таблеток', 'weight': 0.00035, 'parent': 21, 'reason': 'calendar_gap_in_required_features', 'offset': 0.08666673333333298, 'last_observation': '2026-03-01'}, {'item_code': 994, 'name': 'Хлоргексидин, 100 мл', 'weight': 0.00033, 'parent': 21, 'reason': 'short_history', 'offset': 0.1444444444444457, 'last_observation': '2026-03-01'}, {'item_code': 1011, 'name': 'Поездка на отдых в ОАЭ, поездка', 'weight': 0.0004, 'parent': 67, 'reason': 'missing_current_observation', 'offset': 0.0, 'last_observation': '2026-02-01'}, {'item_code': 1063, 'name': 'Поездки в отдельные страны Средней Азии, поездка', 'weight': 4e-05, 'parent': 67, 'reason': 'short_history', 'offset': 1.248333833333332, 'last_observation': '2026-03-01'}, {'item_code': 1064, 'name': 'Поездка в Беларусь, поездка', 'weight': 0.0001, 'parent': 67, 'reason': 'short_history', 'offset': -0.3594449444444447, 'last_observation': '2026-03-01'}, {'item_code': 1083, 'name': 'Поездка на отдых на Черноморское побережье России и в Крым, поездка', 'weight': 0.00205, 'parent': 55, 'reason': 'insufficient_training_rows', 'offset': 0.5019021666666659, 'last_observation': '2026-03-01'}, {'item_code': 1086, 'name': 'Горошек зеленый консервированный, кг', 'weight': 0.00081, 'parent': 53, 'reason': 'short_history', 'offset': 0.05442044444444526, 'last_observation': '2026-03-01'}, {'item_code': 1087, 'name': 'Перец сладкий свежий, кг', 'weight': 0.00266, 'parent': 33, 'reason': 'short_history', 'offset': 2.065000000000001, 'last_observation': '2026-03-01'}, {'item_code': 1088, 'name': 'Робот-пылесос, шт.', 'weight': 0.00116, 'parent': 51, 'reason': 'short_history', 'offset': -0.40888927777777834, 'last_observation': '2026-03-01'}, {'item_code': 1091, 'name': 'Валосердин, 25 мл', 'weight': 0.00033, 'parent': 21, 'reason': 'short_history', 'offset': 0.35611122222222336, 'last_observation': '2026-03-01'}, {'item_code': 1094, 'name': 'Диклофенак, 15 мл', 'weight': 0.00038, 'parent': 21, 'reason': 'short_history', 'offset': 0.3572222777777788, 'last_observation': '2026-03-01'}, {'item_code': 1095, 'name': 'Кардиомагнил, 100 таблеток', 'weight': 0.0004, 'parent': 21, 'reason': 'short_history', 'offset': -0.0722219444444442, 'last_observation': '2026-03-01'}, {'item_code': 1097, 'name': 'Меновазин, 40 мл', 'weight': 0.00034, 'parent': 21, 'reason': 'short_history', 'offset': -0.203888833333332, 'last_observation': '2026-03-01'}, {'item_code': 1099, 'name': 'Пенталгин, 24 таблетки', 'weight': 0.00035, 'parent': 21, 'reason': 'short_history', 'offset': -0.10666622222222107, 'last_observation': '2026-03-01'}, {'item_code': 1100, 'name': 'Салициловая кислота, 40 мл', 'weight': 0.00031, 'parent': 21, 'reason': 'short_history', 'offset': -0.14499977777777595, 'last_observation': '2026-03-01'}, {'item_code': 1101, 'name': 'Спазмалгон, 10 таблеток', 'weight': 0.0004, 'parent': 21, 'reason': 'short_history', 'offset': 0.1438889444444445, 'last_observation': '2026-03-01'}, {'item_code': 1105, 'name': 'Воздушный и железнодорожный транспорт', 'weight': 0.00569, 'parent': 47, 'reason': 'missing_current_observation', 'offset': 0.0, 'last_observation': '2025-05-01'}, {'item_code': 1107, 'name': 'Печень птицы, кг', 'weight': 0.00225, 'parent': 26, 'reason': 'short_history', 'offset': -0.05133333333333307, 'last_observation': '2026-03-01'}, {'item_code': 1108, 'name': 'Кефир, кг', 'weight': 0.00427, 'parent': 24, 'reason': 'short_history', 'offset': -0.0940004666666681, 'last_observation': '2026-03-01'}, {'item_code': 1109, 'name': 'Сырки творожные, глазированные, кг', 'weight': 0.00124, 'parent': 24, 'reason': 'short_history', 'offset': 0.23666646666666508, 'last_observation': '2026-03-01'}, {'item_code': 1110, 'name': 'Вода питьевая, л', 'weight': 0.00157, 'parent': 53, 'reason': 'short_history', 'offset': 0.18196759999999965, 'last_observation': '2026-03-01'}, {'item_code': 1111, 'name': 'Жидкие средства для стирки, л', 'weight': 0.00146, 'parent': 25, 'reason': 'short_history', 'offset': -0.41000019999999987, 'last_observation': '2026-03-01'}, {'item_code': 1112, 'name': 'Помада, шт.', 'weight': 0.00092, 'parent': 30, 'reason': 'short_history', 'offset': -0.4540000000000001, 'last_observation': '2026-03-01'}, {'item_code': 1113, 'name': 'Блоки строительные, 1000 шт.', 'weight': 0.00028, 'parent': 38, 'reason': 'short_history', 'offset': 0.011999800000000012, 'last_observation': '2026-03-01'}, {'item_code': 1114, 'name': 'Компримированный природный газ, м3', 'weight': 0.00189, 'parent': 42, 'reason': 'short_history', 'offset': -0.05466666666666621, 'last_observation': '2026-03-01'}, {'item_code': 1115, 'name': 'Хлоропирамин, 10 таблеток', 'weight': 0.00036, 'parent': 21, 'reason': 'short_history', 'offset': -0.11933306666666586, 'last_observation': '2026-03-01'}, {'item_code': 1116, 'name': 'Цетиризин, 10 таблеток', 'weight': 0.00037, 'parent': 21, 'reason': 'short_history', 'offset': -0.1033331999999992, 'last_observation': '2026-03-01'}, {'item_code': 1117, 'name': 'Интерферон альфа-2В, 10 мл', 'weight': 0.00039, 'parent': 21, 'reason': 'short_history', 'offset': -0.19066666666666662, 'last_observation': '2026-03-01'}, {'item_code': 1118, 'name': 'Метопролол, 10 таблеток', 'weight': 0.00046, 'parent': 21, 'reason': 'short_history', 'offset': -0.0700000666666663, 'last_observation': '2026-03-01'}, {'item_code': 1119, 'name': 'Спиронолактон, 10 таблеток', 'weight': 0.00035, 'parent': 21, 'reason': 'short_history', 'offset': -0.05733339999999885, 'last_observation': '2026-03-01'}, {'item_code': 1120, 'name': 'Лозартан, 10 таблеток', 'weight': 0.0004, 'parent': 21, 'reason': 'short_history', 'offset': -0.09133346666666568, 'last_observation': '2026-03-01'}, {'item_code': 1121, 'name': 'Аторвастатин, 10 таблеток', 'weight': 0.0004, 'parent': 21, 'reason': 'short_history', 'offset': 0.13533340000000085, 'last_observation': '2026-03-01'}, {'item_code': 1122, 'name': 'Мелоксикам, 10 таблеток', 'weight': 0.00038, 'parent': 21, 'reason': 'short_history', 'offset': 0.5000000666666674, 'last_observation': '2026-03-01'}, {'item_code': 1123, 'name': 'Кеторолак, 10 таблеток', 'weight': 0.00042, 'parent': 21, 'reason': 'short_history', 'offset': 0.23866660000000006, 'last_observation': '2026-03-01'}, {'item_code': 1124, 'name': 'Розувастатин, 10 таблеток', 'weight': 0.00034, 'parent': 21, 'reason': 'short_history', 'offset': -0.060666333333333, 'last_observation': '2026-03-01'}, {'item_code': 1125, 'name': 'Алтея лекарственного травы экстракт, 10 таблеток', 'weight': 0.00041, 'parent': 21, 'reason': 'short_history', 'offset': 0.004000266666667093, 'last_observation': '2026-03-01'}, {'item_code': 1126, 'name': 'Римантадин, 10 таблеток', 'weight': 0.00032, 'parent': 21, 'reason': 'short_history', 'offset': -0.03333313333333289, 'last_observation': '2026-03-01'}, {'item_code': 1127, 'name': 'Погребение, услуга', 'weight': 0.00034, 'parent': 12, 'reason': 'short_history', 'offset': 0.977333333333334, 'last_observation': '2026-03-01'}, {'item_code': 1128, 'name': 'Курьерская доставка, услуга', 'weight': 0.00012, 'parent': 55, 'reason': 'short_history', 'offset': -0.34395313333333394, 'last_observation': '2026-03-01'}, {'item_code': 1129, 'name': 'Междугородная телефонная связь, минута', 'weight': 0.00019, 'parent': 48, 'reason': 'short_history', 'offset': 0.5453333333333329, 'last_observation': '2026-03-01'}, {'item_code': 1131, 'name': 'Вода минеральная, л', 'weight': 0.00085, 'parent': 53, 'reason': 'short_history', 'offset': 0.31863426666666705, 'last_observation': '2026-03-01'}]",{},"revised source hierarchy, not real-time publication vintages",,,
GroupsFixed,2026-03-01,available,,,2026-01-01,,,,,1.0,,,,1.0,,,,[],fixed,freeze
GroupsDated,2026-03-01,available,,,2026-01-01,,,,,1.0,,,,1.0,,,,[],dated,freeze
Ridge,2026-04-01,available,,,,,,,,,,,,,,,,,,
Huber,2026-04-01,available,,,,,,,,,,,,,,,,,,
SeasonalNaive,2026-04-01,available,,,,,,,,,,,,,,,,,,
Micro,2026-04-01,available,,2026-04-01,2026-01-01,"latest vintage at cutoff, frozen through forecast horizon",raw,parent_seasonal,540.0,0.9939099999999996,0.9522099999999996,0.04779,2.0643209364124004e-16,0.9999999999999998,"[{'item_code': 210, 'name': 'Дом отдыха, пансионат, день', 'weight': 0.00177, 'parent': 35, 'reason': 'short_history', 'offset': -0.08333333333333412, 'last_observation': '2026-04-01'}, {'item_code': 244, 'name': 'Индапамид, 2,5 мг, 10 таблеток', 'weight': 0.00035, 'parent': 21, 'reason': 'calendar_gap_in_required_features', 'offset': -0.368750187499999, 'last_observation': '2026-04-01'}, {'item_code': 339, 'name': 'Легковой автомобиль иностранной марки новый, шт.', 'weight': 0.00959, 'parent': 17, 'reason': 'insufficient_training_rows', 'offset': 0.09555527777777842, 'last_observation': '2026-04-01'}, {'item_code': 992, 'name': 'Амлодипин, 10 мг, 10 таблеток', 'weight': 0.00035, 'parent': 21, 'reason': 'calendar_gap_in_required_features', 'offset': -0.07437512500000043, 'last_observation': '2026-04-01'}, {'item_code': 994, 'name': 'Хлоргексидин, 100 мл', 'weight': 0.00033, 'parent': 21, 'reason': 'short_history', 'offset': -0.026111055555554843, 'last_observation': '2026-04-01'}, {'item_code': 1011, 'name': 'Поездка на отдых в ОАЭ, поездка', 'weight': 0.0004, 'parent': 67, 'reason': 'missing_current_observation', 'offset': 0.0, 'last_observation': '2026-02-01'}, {'item_code': 1063, 'name': 'Поездки в отдельные страны Средней Азии, поездка', 'weight': 4e-05, 'parent': 67, 'reason': 'short_history', 'offset': 1.607222666666666, 'last_observation': '2026-04-01'}, {'item_code': 1064, 'name': 'Поездка в Беларусь, поездка', 'weight': 0.0001, 'parent': 67, 'reason': 'short_history', 'offset': -0.6961114444444445, 'last_observation': '2026-04-01'}, {'item_code': 1083, 'name': 'Поездка на отдых на Черноморское побережье России и в Крым, поездка', 'weight': 0.00205, 'parent': 55, 'reason': 'insufficient_training_rows', 'offset': 1.1925342777777783, 'last_observation': '2026-04-01'}, {'item_code': 1086, 'name': 'Горошек зеленый консервированный, кг', 'weight': 0.00081, 'parent': 53, 'reason': 'short_history', 'offset': 0.20761377777777787, 'last_observation': '2026-04-01'}, {'item_code': 1087, 'name': 'Перец сладкий свежий, кг', 'weight': 0.00266, 'parent': 33, 'reason': 'short_history', 'offset': 1.8922221111111124, 'last_observation': '2026-04-01'}, {'item_code': 1088, 'name': 'Робот-пылесос, шт.', 'weight': 0.00116, 'parent': 51, 'reason': 'short_history', 'offset': -0.8633335555555569, 'last_observation': '2026-04-01'}, {'item_code': 1091, 'name': 'Валосердин, 25 мл', 'weight': 0.00033, 'parent': 21, 'reason': 'short_history', 'offset': 0.2905556111111128, 'last_observation': '2026-04-01'}, {'item_code': 1094, 'name': 'Диклофенак, 15 мл', 'weight': 0.00038, 'parent': 21, 'reason': 'short_history', 'offset': 0.46888894444444573, 'last_observation': '2026-04-01'}, {'item_code': 1095, 'name': 'Кардиомагнил, 100 таблеток', 'weight': 0.0004, 'parent': 21, 'reason': 'short_history', 'offset': -0.022222055555555502, 'last_observation': '2026-04-01'}, {'item_code': 1097, 'name': 'Меновазин, 40 мл', 'weight': 0.00034, 'parent': 21, 'reason': 'short_history', 'offset': -0.23388883333333232, 'last_observation': '2026-04-01'}, {'item_code': 1099, 'name': 'Пенталгин, 24 таблетки', 'weight': 0.00035, 'parent': 21, 'reason': 'short_history', 'offset': -0.06444399999999935, 'last_observation': '2026-04-01'}, {'item_code': 1100, 'name': 'Салициловая кислота, 40 мл', 'weight': 0.00031, 'parent': 21, 'reason': 'short_history', 'offset': -0.2383332777777759, 'last_observation': '2026-04-01'}, {'item_code': 1101, 'name': 'Спазмалгон, 10 таблеток', 'weight': 0.0004, 'parent': 21, 'reason': 'short_history', 'offset': 0.0955556111111117, 'last_observation': '2026-04-01'}, {'item_code': 1105, 'name': 'Воздушный и железнодорожный транспорт', 'weight': 0.00569, 'parent': 47, 'reason': 'missing_current_observation', 'offset': 0.0, 'last_observation': '2025-05-01'}, {'item_code': 1107, 'name': 'Печень птицы, кг', 'weight': 0.00225, 'parent': 26, 'reason': 'short_history', 'offset': 0.23062500000000075, 'last_observation': '2026-04-01'}, {'item_code': 1108, 'name': 'Кефир, кг', 'weight': 0.00427, 'parent': 24, 'reason': 'short_history', 'offset': -0.08625043750000216, 'last_observation': '2026-04-01'}, {'item_code': 1109, 'name': 'Сырки творожные, глазированные, кг', 'weight': 0.00124, 'parent': 24, 'reason': 'short_history', 'offset': 0.37937481249999827, 'last_observation': '2026-04-01'}, {'item_code': 1110, 'name': 'Вода питьевая, л', 'weight': 0.00157, 'parent': 53, 'reason': 'short_history', 'offset': 0.20981212500000002, 'last_observation': '2026-04-01'}, {'item_code': 1111, 'name': 'Жидкие средства для стирки, л', 'weight': 0.00146, 'parent': 25, 'reason': 'short_history', 'offset': -0.3806253125000003, 'last_observation': '2026-04-01'}, {'item_code': 1112, 'name': 'Помада, шт.', 'weight': 0.00092, 'parent': 30, 'reason': 'short_history', 'offset': -0.12937499999999957, 'last_observation': '2026-04-01'}, {'item_code': 1113, 'name': 'Блоки строительные, 1000 шт.', 'weight': 0.00028, 'parent': 38, 'reason': 'short_history', 'offset': -0.013749812500000402, 'last_observation': '2026-04-01'}, {'item_code': 1114, 'name': 'Компримированный природный газ, м3', 'weight': 0.00189, 'parent': 42, 'reason': 'short_history', 'offset': -0.09937499999999932, 'last_observation': '2026-04-01'}, {'item_code': 1115, 'name': 'Хлоропирамин, 10 таблеток', 'weight': 0.00036, 'parent': 21, 'reason': 'short_history', 'offset': -0.05687474999999953, 'last_observation': '2026-04-01'}, {'item_code': 1116, 'name': 'Цетиризин, 10 таблеток', 'weight': 0.00037, 'parent': 21, 'reason': 'short_history', 'offset': -0.10937487499999943, 'last_observation': '2026-04-01'}, {'item_code': 1117, 'name': 'Интерферон альфа-2В, 10 мл', 'weight': 0.00039, 'parent': 21, 'reason': 'short_history', 'offset': -0.20187500000000025, 'last_observation': '2026-04-01'}, {'item_code': 1118, 'name': 'Метопролол, 10 таблеток', 'weight': 0.00046, 'parent': 21, 'reason': 'short_history', 'offset': -0.2656251874999995, 'last_observation': '2026-04-01'}, {'item_code': 1119, 'name': 'Спиронолактон, 10 таблеток', 'weight': 0.00035, 'parent': 21, 'reason': 'short_history', 'offset': -0.08375012499999901, 'last_observation': '2026-04-01'}, {'item_code': 1120, 'name': 'Лозартан, 10 таблеток', 'weight': 0.0004, 'parent': 21, 'reason': 'short_history', 'offset': -0.11687499999999851, 'last_observation': '2026-04-01'}, {'item_code': 1121, 'name': 'Аторвастатин, 10 таблеток', 'weight': 0.0004, 'parent': 21, 'reason': 'short_history', 'offset': 0.12000006250000084, 'last_observation': '2026-04-01'}, {'item_code': 1122, 'name': 'Мелоксикам, 10 таблеток', 'weight': 0.00038, 'parent': 21, 'reason': 'short_history', 'offset': 0.5025000625000011, 'last_observation': '2026-04-01'}, {'item_code': 1123, 'name': 'Кеторолак, 10 таблеток', 'weight': 0.00042, 'parent': 21, 'reason': 'short_history', 'offset': 0.16249987499999996, 'last_observation': '2026-04-01'}, {'item_code': 1124, 'name': 'Розувастатин, 10 таблеток', 'weight': 0.00034, 'parent': 21, 'reason': 'short_history', 'offset': 0.0625003125000001, 'last_observation': '2026-04-01'}, {'item_code': 1125, 'name': 'Алтея лекарственного травы экстракт, 10 таблеток', 'weight': 0.00041, 'parent': 21, 'reason': 'short_history', 'offset': 0.05000025000000097, 'last_observation': '2026-04-01'}, {'item_code': 1126, 'name': 'Римантадин, 10 таблеток', 'weight': 0.00032, 'parent': 21, 'reason': 'short_history', 'offset': -0.12874999999999925, 'last_observation': '2026-04-01'}, {'item_code': 1127, 'name': 'Погребение, услуга', 'weight': 0.00034, 'parent': 12, 'reason': 'short_history', 'offset': 0.910000000000001, 'last_observation': '2026-04-01'}, {'item_code': 1128, 'name': 'Курьерская доставка, услуга', 'weight': 0.00012, 'parent': 55, 'reason': 'short_history', 'offset': -0.3442448125000004, 'last_observation': '2026-04-01'}, {'item_code': 1129, 'name': 'Междугородная телефонная связь, минута', 'weight': 0.00019, 'parent': 48, 'reason': 'short_history', 'offset': 0.5112499999999995, 'last_observation': '2026-04-01'}, {'item_code': 1131, 'name': 'Вода минеральная, л', 'weight': 0.00085, 'parent': 53, 'reason': 'short_history', 'offset': 0.27856212500000055, 'last_observation': '2026-04-01'}]",{},"revised source hierarchy, not real-time publication vintages",,,
GroupsFixed,2026-04-01,available,,,2026-01-01,,,,,1.0,,,,1.0,,,,[],fixed,freeze
GroupsDated,2026-04-01,available,,,2026-01-01,,,,,1.0,,,,1.0,,,,[],dated,freeze
Ridge,2026-05-01,available,,,,,,,,,,,,,,,,,,
Huber,2026-05-01,available,,,,,,,,,,,,,,,,,,
SeasonalNaive,2026-05-01,available,,,,,,,,,,,,,,,,,,
Micro,2026-05-01,available,,2026-05-01,2026-01-01,"latest vintage at cutoff, frozen through forecast horizon",raw,parent_seasonal,540.0,0.9939099999999996,0.9522099999999996,0.04779,2.0643209364124004e-16,0.9999999999999998,"[{'item_code': 210, 'name': 'Дом отдыха, пансионат, день', 'weight': 0.00177, 'parent': 35, 'reason': 'short_history', 'offset': -0.1266666666666675, 'last_observation': '2026-05-01'}, {'item_code': 244, 'name': 'Индапамид, 2,5 мг, 10 таблеток', 'weight': 0.00035, 'parent': 21, 'reason': 'calendar_gap_in_required_features', 'offset': -0.49647094117646956, 'last_observation': '2026-05-01'}, {'item_code': 339, 'name': 'Легковой автомобиль иностранной марки новый, шт.', 'weight': 0.00959, 'parent': 17, 'reason': 'insufficient_training_rows', 'offset': 0.09444416666666673, 'last_observation': '2026-05-01'}, {'item_code': 992, 'name': 'Амлодипин, 10 мг, 10 таблеток', 'weight': 0.00035, 'parent': 21, 'reason': 'calendar_gap_in_required_features', 'offset': -0.019411882352941615, 'last_observation': '2026-05-01'}, {'item_code': 994, 'name': 'Хлоргексидин, 100 мл', 'weight': 0.00033, 'parent': 21, 'reason': 'short_history', 'offset': 0.013333222222222219, 'last_observation': '2026-05-01'}, {'item_code': 1011, 'name': 'Поездка на отдых в ОАЭ, поездка', 'weight': 0.0004, 'parent': 67, 'reason': 'missing_current_observation', 'offset': 0.0, 'last_observation': '2026-02-01'}, {'item_code': 1063, 'name': 'Поездки в отдельные страны Средней Азии, поездка', 'weight': 4e-05, 'parent': 67, 'reason': 'short_history', 'offset': 0.9177781666666662, 'last_observation': '2026-05-01'}, {'item_code': 1064, 'name': 'Поездка в Беларусь, поездка', 'weight': 0.0001, 'parent': 67, 'reason': 'short_history', 'offset': -1.1127779999999996, 'last_observation': '2026-05-01'}, {'item_code': 1083, 'name': 'Поездка на отдых на Черноморское побережье России и в Крым, поездка', 'weight': 0.00205, 'parent': 55, 'reason': 'insufficient_training_rows', 'offset': 2.523388722222223, 'last_observation': '2026-05-01'}, {'item_code': 1086, 'name': 'Горошек зеленый консервированный, кг', 'weight': 0.00081, 'parent': 53, 'reason': 'short_history', 'offset': 0.2143526111111108, 'last_observation': '2026-05-01'}, {'item_code': 1087, 'name': 'Перец сладкий свежий, кг', 'weight': 0.00266, 'parent': 33, 'reason': 'short_history', 'offset': 0.06666655555555757, 'last_observation': '2026-05-01'}, {'item_code': 1088, 'name': 'Робот-пылесос, шт.', 'weight': 0.00116, 'parent': 51, 'reason': 'short_history', 'offset': -0.6272225555555566, 'last_observation': '2026-05-01'}, {'item_code': 1091, 'name': 'Валосердин, 25 мл', 'weight': 0.00033, 'parent': 21, 'reason': 'short_history', 'offset': 0.3300000000000007, 'last_observation': '2026-05-01'}, {'item_code': 1094, 'name': 'Диклофенак, 15 мл', 'weight': 0.00038, 'parent': 21, 'reason': 'short_history', 'offset': 0.3444444444444454, 'last_observation': '2026-05-01'}, {'item_code': 1095, 'name': 'Кардиомагнил, 100 таблеток', 'weight': 0.0004, 'parent': 21, 'reason': 'short_history', 'offset': 0.010000166666665835, 'last_observation': '2026-05-01'}, {'item_code': 1097, 'name': 'Меновазин, 40 мл', 'weight': 0.00034, 'parent': 21, 'reason': 'short_history', 'offset': -0.30666655555555483, 'last_observation': '2026-05-01'}, {'item_code': 1099, 'name': 'Пенталгин, 24 таблетки', 'weight': 0.00035, 'parent': 21, 'reason': 'short_history', 'offset': -0.20499961111111117, 'last_observation': '2026-05-01'}, {'item_code': 1100, 'name': 'Салициловая кислота, 40 мл', 'weight': 0.00031, 'parent': 21, 'reason': 'short_history', 'offset': -0.20277783333333194, 'last_observation': '2026-05-01'}, {'item_code': 1101, 'name': 'Спазмалгон, 10 таблеток', 'weight': 0.0004, 'parent': 21, 'reason': 'short_history', 'offset': 0.10888894444444475, 'last_observation': '2026-05-01'}, {'item_code': 1105, 'name': 'Воздушный и железнодорожный транспорт', 'weight': 0.00569, 'parent': 47, 'reason': 'missing_current_observation', 'offset': 0.0, 'last_observation': '2025-05-01'}, {'item_code': 1107, 'name': 'Печень птицы, кг', 'weight': 0.00225, 'parent': 26, 'reason': 'short_history', 'offset': 0.26882352941176596, 'last_observation': '2026-05-01'}, {'item_code': 1108, 'name': 'Кефир, кг', 'weight': 0.00427, 'parent': 24, 'reason': 'short_history', 'offset': -0.16647094117647293, 'last_observation': '2026-05-01'}, {'item_code': 1109, 'name': 'Сырки творожные, глазированные, кг', 'weight': 0.00124, 'parent': 24, 'reason': 'short_history', 'offset': 0.3470586470588218, 'last_observation': '2026-05-01'}, {'item_code': 1110, 'name': 'Вода питьевая, л', 'weight': 0.00157, 'parent': 53, 'reason': 'short_history', 'offset': 0.23050629411764673, 'last_observation': '2026-05-01'}, {'item_code': 1111, 'name': 'Жидкие средства для стирки, л', 'weight': 0.00146, 'parent': 25, 'reason': 'short_history', 'offset': -0.22764735294117683, 'last_observation': '2026-05-01'}, {'item_code': 1112, 'name': 'Помада, шт.', 'weight': 0.00092, 'parent': 30, 'reason': 'short_history', 'offset': -0.04882364705882313, 'last_observation': '2026-05-01'}, {'item_code': 1113, 'name': 'Блоки строительные, 1000 шт.', 'weight': 0.00028, 'parent': 38, 'reason': 'short_history', 'offset': -0.023529235294118427, 'last_observation': '2026-05-01'}, {'item_code': 1114, 'name': 'Компримированный природный газ, м3', 'weight': 0.00189, 'parent': 42, 'reason': 'short_history', 'offset': -0.1264705882352936, 'last_observation': '2026-05-01'}, {'item_code': 1115, 'name': 'Хлоропирамин, 10 таблеток', 'weight': 0.00036, 'parent': 21, 'reason': 'short_history', 'offset': -0.06941152941176403, 'last_observation': '2026-05-01'}, {'item_code': 1116, 'name': 'Цетиризин, 10 таблеток', 'weight': 0.00037, 'parent': 21, 'reason': 'short_history', 'offset': -0.12352929411764701, 'last_observation': '2026-05-01'}, {'item_code': 1117, 'name': 'Интерферон альфа-2В, 10 мл', 'weight': 0.00039, 'parent': 21, 'reason': 'short_history', 'offset': -0.28941158823529467, 'last_observation': '2026-05-01'}, {'item_code': 1118, 'name': 'Метопролол, 10 таблеток', 'weight': 0.00046, 'parent': 21, 'reason': 'short_history', 'offset': -0.30235323529411695, 'last_observation': '2026-05-01'}, {'item_code': 1119, 'name': 'Спиронолактон, 10 таблеток', 'weight': 0.00035, 'parent': 21, 'reason': 'short_history', 'offset': -0.15941176470588114, 'last_observation': '2026-05-01'}, {'item_code': 1120, 'name': 'Лозартан, 10 таблеток', 'weight': 0.0004, 'parent': 21, 'reason': 'short_history', 'offset': 0.012352941176471892, 'last_observation': '2026-05-01'}, {'item_code': 1121, 'name': 'Аторвастатин, 10 таблеток', 'weight': 0.0004, 'parent': 21, 'reason': 'short_history', 'offset': 0.09117652941176523, 'last_observation': '2026-05-01'}, {'item_code': 1122, 'name': 'Мелоксикам, 10 таблеток', 'weight': 0.00038, 'parent': 21, 'reason': 'short_history', 'offset': 0.748235352941177, 'last_observation': '2026-05-01'}, {'item_code': 1123, 'name': 'Кеторолак, 10 таблеток', 'weight': 0.00042, 'parent': 21, 'reason': 'short_history', 'offset': 0.26529399999999975, 'last_observation': '2026-05-01'}, {'item_code': 1124, 'name': 'Розувастатин, 10 таблеток', 'weight': 0.00034, 'parent': 21, 'reason': 'short_history', 'offset': -0.1094116470588238, 'last_observation': '2026-05-01'}, {'item_code': 1125, 'name': 'Алтея лекарственного травы экстракт, 10 таблеток', 'weight': 0.00041, 'parent': 21, 'reason': 'short_history', 'offset': -0.15588205882352882, 'last_observation': '2026-05-01'}, {'item_code': 1126, 'name': 'Римантадин, 10 таблеток', 'weight': 0.00032, 'parent': 21, 'reason': 'short_history', 'offset': -0.018823529411764305, 'last_observation': '2026-05-01'}, {'item_code': 1127, 'name': 'Погребение, услуга', 'weight': 0.00034, 'parent': 12, 'reason': 'short_history', 'offset': 0.8270588235294127, 'last_observation': '2026-05-01'}, {'item_code': 1128, 'name': 'Курьерская доставка, услуга', 'weight': 0.00012, 'parent': 55, 'reason': 'short_history', 'offset': -0.49771100000000035, 'last_observation': '2026-05-01'}, {'item_code': 1129, 'name': 'Междугородная телефонная связь, минута', 'weight': 0.00019, 'parent': 48, 'reason': 'short_history', 'offset': 0.5029413529411758, 'last_observation': '2026-05-01'}, {'item_code': 1131, 'name': 'Вода минеральная, л', 'weight': 0.00085, 'parent': 53, 'reason': 'short_history', 'offset': 0.30227100000000046, 'last_observation': '2026-05-01'}]",{},"revised source hierarchy, not real-time publication vintages",,,
GroupsFixed,2026-05-01,available,,,2026-01-01,,,,,1.0,,,,1.0,,,,[],fixed,freeze
GroupsDated,2026-05-01,available,,,2026-01-01,,,,,1.0,,,,1.0,,,,[],dated,freeze
Ridge,2026-06-01,available,,,,,,,,,,,,,,,,,,
Huber,2026-06-01,available,,,,,,,,,,,,,,,,,,
SeasonalNaive,2026-06-01,available,,,,,,,,,,,,,,,,,,
Micro,2026-06-01,available,,2026-06-01,2026-01-01,"latest vintage at cutoff, frozen through forecast horizon",raw,parent_seasonal,540.0,0.9939099999999996,0.9522099999999996,0.04779,2.0643209364124004e-16,0.9999999999999998,"[{'item_code': 210, 'name': 'Дом отдыха, пансионат, день', 'weight': 0.00177, 'parent': 35, 'reason': 'short_history', 'offset': -0.07611111111111216, 'last_observation': '2026-06-01'}, {'item_code': 244, 'name': 'Индапамид, 2,5 мг, 10 таблеток', 'weight': 0.00035, 'parent': 21, 'reason': 'calendar_gap_in_required_features', 'offset': -0.5033336666666659, 'last_observation': '2026-06-01'}, {'item_code': 339, 'name': 'Легковой автомобиль иностранной марки новый, шт.', 'weight': 0.00959, 'parent': 17, 'reason': 'insufficient_training_rows', 'offset': 0.15499988888888952, 'last_observation': '2026-06-01'}, {'item_code': 992, 'name': 'Амлодипин, 10 мг, 10 таблеток', 'weight': 0.00035, 'parent': 21, 'reason': 'calendar_gap_in_required_features', 'offset': 0.22888877777777752, 'last_observation': '2026-06-01'}, {'item_code': 994, 'name': 'Хлоргексидин, 100 мл', 'weight': 0.00033, 'parent': 21, 'reason': 'short_history', 'offset': -0.02111122222222248, 'last_observation': '2026-06-01'}, {'item_code': 1011, 'name': 'Поездка на отдых в ОАЭ, поездка', 'weight': 0.0004, 'parent': 67, 'reason': 'missing_current_observation', 'offset': 0.0, 'last_observation': '2026-02-01'}, {'item_code': 1063, 'name': 'Поездки в отдельные страны Средней Азии, поездка', 'weight': 4e-05, 'parent': 67, 'reason': 'short_history', 'offset': 0.38000033333333266, 'last_observation': '2026-06-01'}, {'item_code': 1064, 'name': 'Поездка в Беларусь, поездка', 'weight': 0.0001, 'parent': 67, 'reason': 'short_history', 'offset': -2.1272225000000002, 'last_observation': '2026-06-01'}, {'item_code': 1083, 'name': 'Поездка на отдых на Черноморское побережье России и в Крым, поездка', 'weight': 0.00205, 'parent': 55, 'reason': 'insufficient_training_rows', 'offset': 2.34416838888889, 'last_observation': '2026-06-01'}, {'item_code': 1086, 'name': 'Горошек зеленый консервированный, кг', 'weight': 0.00081, 'parent': 53, 'reason': 'short_history', 'offset': 0.05453872222222205, 'last_observation': '2026-06-01'}, {'item_code': 1087, 'name': 'Перец сладкий свежий, кг', 'weight': 0.00266, 'parent': 33, 'reason': 'short_history', 'offset': -0.24388899999999816, 'last_observation': '2026-06-01'}, {'item_code': 1088, 'name': 'Робот-пылесос, шт.', 'weight': 0.00116, 'parent': 51, 'reason': 'short_history', 'offset': -0.5172224444444455, 'last_observation': '2026-06-01'}, {'item_code': 1091, 'name': 'Валосердин, 25 мл', 'weight': 0.00033, 'parent': 21, 'reason': 'short_history', 'offset': 0.47611111111111154, 'last_observation': '2026-06-01'}, {'item_code': 1094, 'name': 'Диклофенак, 15 мл', 'weight': 0.00038, 'parent': 21, 'reason': 'short_history', 'offset': 0.3344444444444458, 'last_observation': '2026-06-01'}, {'item_code': 1095, 'name': 'Кардиомагнил, 100 таблеток', 'weight': 0.0004, 'parent': 21, 'reason': 'short_history', 'offset': -0.028333333333333616, 'last_observation': '2026-06-01'}, {'item_code': 1097, 'name': 'Меновазин, 40 мл', 'weight': 0.00034, 'parent': 21, 'reason': 'short_history', 'offset': -0.38388899999999954, 'last_observation': '2026-06-01'}, {'item_code': 1099, 'name': 'Пенталгин, 24 таблетки', 'weight': 0.00035, 'parent': 21, 'reason': 'short_history', 'offset': 0.06444477777777753, 'last_observation': '2026-06-01'}, {'item_code': 1100, 'name': 'Салициловая кислота, 40 мл', 'weight': 0.00031, 'parent': 21, 'reason': 'short_history', 'offset': 0.06222216666666785, 'last_observation': '2026-06-01'}, {'item_code': 1101, 'name': 'Спазмалгон, 10 таблеток', 'weight': 0.0004, 'parent': 21, 'reason': 'short_history', 'offset': 0.04611100000000098, 'last_observation': '2026-06-01'}, {'item_code': 1105, 'name': 'Воздушный и железнодорожный транспорт', 'weight': 0.00569, 'parent': 47, 'reason': 'missing_current_observation', 'offset': 0.0, 'last_observation': '2025-05-01'}, {'item_code': 1107, 'name': 'Печень птицы, кг', 'weight': 0.00225, 'parent': 26, 'reason': 'short_history', 'offset': 0.3211112222222236, 'last_observation': '2026-06-01'}, {'item_code': 1108, 'name': 'Кефир, кг', 'weight': 0.00427, 'parent': 24, 'reason': 'short_history', 'offset': -0.12277805555555767, 'last_observation': '2026-06-01'}, {'item_code': 1109, 'name': 'Сырки творожные, глазированные, кг', 'weight': 0.00124, 'parent': 24, 'reason': 'short_history', 'offset': 0.3461109999999981, 'last_observation': '2026-06-01'}, {'item_code': 1110, 'name': 'Вода питьевая, л', 'weight': 0.00157, 'parent': 53, 'reason': 'short_history', 'offset': 0.20898316666666655, 'last_observation': '2026-06-01'}, {'item_code': 1111, 'name': 'Жидкие средства для стирки, л', 'weight': 0.00146, 'parent': 25, 'reason': 'short_history', 'offset': -0.2544446666666676, 'last_observation': '2026-06-01'}, {'item_code': 1112, 'name': 'Помада, шт.', 'weight': 0.00092, 'parent': 30, 'reason': 'short_history', 'offset': -0.0961108888888881, 'last_observation': '2026-06-01'}, {'item_code': 1113, 'name': 'Блоки строительные, 1000 шт.', 'weight': 0.00028, 'parent': 38, 'reason': 'short_history', 'offset': -0.09333311111111126, 'last_observation': '2026-06-01'}, {'item_code': 1114, 'name': 'Компримированный природный газ, м3', 'weight': 0.00189, 'parent': 42, 'reason': 'short_history', 'offset': -1.0883333333333327, 'last_observation': '2026-06-01'}, {'item_code': 1115, 'name': 'Хлоропирамин, 10 таблеток', 'weight': 0.00036, 'parent': 21, 'reason': 'short_history', 'offset': -0.040555333333332534, 'last_observation': '2026-06-01'}, {'item_code': 1116, 'name': 'Цетиризин, 10 таблеток', 'weight': 0.00037, 'parent': 21, 'reason': 'short_history', 'offset': -0.153333222222222, 'last_observation': '2026-06-01'}, {'item_code': 1117, 'name': 'Интерферон альфа-2В, 10 мл', 'weight': 0.00039, 'parent': 21, 'reason': 'short_history', 'offset': -0.2616665000000001, 'last_observation': '2026-06-01'}, {'item_code': 1118, 'name': 'Метопролол, 10 таблеток', 'weight': 0.00046, 'parent': 21, 'reason': 'short_history', 'offset': -0.14611138888888794, 'last_observation': '2026-06-01'}, {'item_code': 1119, 'name': 'Спиронолактон, 10 таблеток', 'weight': 0.00035, 'parent': 21, 'reason': 'short_history', 'offset': -0.1566666666666655, 'last_observation': '2026-06-01'}, {'item_code': 1120, 'name': 'Лозартан, 10 таблеток', 'weight': 0.0004, 'parent': 21, 'reason': 'short_history', 'offset': 0.04555555555555676, 'last_observation': '2026-06-01'}, {'item_code': 1121, 'name': 'Аторвастатин, 10 таблеток', 'weight': 0.0004, 'parent': 21, 'reason': 'short_history', 'offset': -0.06333327777777716, 'last_observation': '2026-06-01'}, {'item_code': 1122, 'name': 'Мелоксикам, 10 таблеток', 'weight': 0.00038, 'parent': 21, 'reason': 'short_history', 'offset': 0.6677778333333337, 'last_observation': '2026-06-01'}, {'item_code': 1123, 'name': 'Кеторолак, 10 таблеток', 'weight': 0.00042, 'parent': 21, 'reason': 'short_history', 'offset': 0.3366665555555552, 'last_observation': '2026-06-01'}, {'item_code': 1124, 'name': 'Розувастатин, 10 таблеток', 'weight': 0.00034, 'parent': 21, 'reason': 'short_history', 'offset': -0.08055544444444489, 'last_observation': '2026-06-01'}, {'item_code': 1125, 'name': 'Алтея лекарственного травы экстракт, 10 таблеток', 'weight': 0.00041, 'parent': 21, 'reason': 'short_history', 'offset': -0.14499972222222132, 'last_observation': '2026-06-01'}, {'item_code': 1126, 'name': 'Римантадин, 10 таблеток', 'weight': 0.00032, 'parent': 21, 'reason': 'short_history', 'offset': -0.285000166666666, 'last_observation': '2026-06-01'}, {'item_code': 1127, 'name': 'Погребение, услуга', 'weight': 0.00034, 'parent': 12, 'reason': 'short_history', 'offset': 0.696111111111112, 'last_observation': '2026-06-01'}, {'item_code': 1128, 'name': 'Курьерская доставка, услуга', 'weight': 0.00012, 'parent': 55, 'reason': 'short_history', 'offset': -0.9630536111111118, 'last_observation': '2026-06-01'}, {'item_code': 1129, 'name': 'Междугородная телефонная связь, минута', 'weight': 0.00019, 'parent': 48, 'reason': 'short_history', 'offset': 0.3411112777777774, 'last_observation': '2026-06-01'}, {'item_code': 1131, 'name': 'Вода минеральная, л', 'weight': 0.00085, 'parent': 53, 'reason': 'short_history', 'offset': 0.43787205555555647, 'last_observation': '2026-06-01'}]",{},"revised source hierarchy, not real-time publication vintages",,,
GroupsFixed,2026-06-01,available,,,2026-01-01,,,,,1.0,,,,1.0,,,,[],fixed,freeze
GroupsDated,2026-06-01,available,,,2026-01-01,,,,,1.0,,,,1.0,,,,[],dated,freeze
