run_id,model,model_version,calculated_at,origin_asof,observation_cutoff,target_month,horizon,representation,units,evidence_level,basket_vintage_id,last_required_observation,prediction,actual,fact_vintage_id,fact_policy,nature,status,reason,fit_and_path_seconds
20260909_m1_01,Ridge,56ffec5c80e5062543e1445f867f5b14a112c60fc42c7a9ed8585e9760902519,2026-09-09T06:50:43.306315+00:00,,2023-08-01,2024-08-01,12,raw,mom_percent,C,,2023-08-01,0.23494128571343253,0.09000000000000341,fb58a27c1ab60175de109f352bde24b256f4deb4ca43954aa6647bc493796998,current_revised_raw,model,available,,0.04059010200217017
20260909_m1_01,Huber,56ffec5c80e5062543e1445f867f5b14a112c60fc42c7a9ed8585e9760902519,2026-09-09T06:50:43.306315+00:00,,2023-08-01,2024-08-01,12,raw,mom_percent,C,,2023-08-01,0.1756775051506736,0.09000000000000341,fb58a27c1ab60175de109f352bde24b256f4deb4ca43954aa6647bc493796998,current_revised_raw,model,available,,0.0812903699988965
20260909_m1_01,SeasonalNaive,56ffec5c80e5062543e1445f867f5b14a112c60fc42c7a9ed8585e9760902519,2026-09-09T06:50:43.306315+00:00,,2023-08-01,2024-08-01,12,raw,mom_percent,C,,2023-08-01,-0.06999999999999318,0.09000000000000341,fb58a27c1ab60175de109f352bde24b256f4deb4ca43954aa6647bc493796998,current_revised_raw,model,available,,9.175299783237278e-05
20260909_m1_01,Micro,56ffec5c80e5062543e1445f867f5b14a112c60fc42c7a9ed8585e9760902519,2026-09-09T06:50:43.306315+00:00,,2023-08-01,2024-08-01,12,raw,mom_percent,C,2023-01-01,2023-08-01,0.22582564565866145,0.09000000000000341,fb58a27c1ab60175de109f352bde24b256f4deb4ca43954aa6647bc493796998,current_revised_raw,model,available,,1.858880436000618
20260909_m1_01,GroupsFixed,56ffec5c80e5062543e1445f867f5b14a112c60fc42c7a9ed8585e9760902519,2026-09-09T06:50:43.306315+00:00,,2023-08-01,2024-08-01,12,raw,mom_percent,C,2023-01-01,2023-08-01,0.28936044367333136,0.09000000000000341,fb58a27c1ab60175de109f352bde24b256f4deb4ca43954aa6647bc493796998,current_revised_raw,model,available,,0.048329593999369536
20260909_m1_01,GroupsDated,56ffec5c80e5062543e1445f867f5b14a112c60fc42c7a9ed8585e9760902519,2026-09-09T06:50:43.306315+00:00,,2023-08-01,2024-08-01,12,raw,mom_percent,C,2023-01-01,2023-08-01,0.28322884731573494,0.09000000000000341,fb58a27c1ab60175de109f352bde24b256f4deb4ca43954aa6647bc493796998,current_revised_raw,model,available,,0.00781963299959898
20260909_m1_01,Ridge,56ffec5c80e5062543e1445f867f5b14a112c60fc42c7a9ed8585e9760902519,2026-09-09T06:50:43.306315+00:00,,2023-09-01,2024-09-01,12,raw,mom_percent,C,,2023-09-01,0.42827983570978745,0.6200000000000045,fb58a27c1ab60175de109f352bde24b256f4deb4ca43954aa6647bc493796998,current_revised_raw,model,available,,0.03963145200032159
20260909_m1_01,Huber,56ffec5c80e5062543e1445f867f5b14a112c60fc42c7a9ed8585e9760902519,2026-09-09T06:50:43.306315+00:00,,2023-09-01,2024-09-01,12,raw,mom_percent,C,,2023-09-01,0.4767662474421286,0.6200000000000045,fb58a27c1ab60175de109f352bde24b256f4deb4ca43954aa6647bc493796998,current_revised_raw,model,available,,0.07931447200098773
20260909_m1_01,SeasonalNaive,56ffec5c80e5062543e1445f867f5b14a112c60fc42c7a9ed8585e9760902519,2026-09-09T06:50:43.306315+00:00,,2023-09-01,2024-09-01,12,raw,mom_percent,C,,2023-09-01,1.75,0.6200000000000045,fb58a27c1ab60175de109f352bde24b256f4deb4ca43954aa6647bc493796998,current_revised_raw,model,available,,9.282599785365164e-05
20260909_m1_01,Micro,56ffec5c80e5062543e1445f867f5b14a112c60fc42c7a9ed8585e9760902519,2026-09-09T06:50:43.306315+00:00,,2023-09-01,2024-09-01,12,raw,mom_percent,C,2023-01-01,2023-09-01,0.41100435861258094,0.6200000000000045,fb58a27c1ab60175de109f352bde24b256f4deb4ca43954aa6647bc493796998,current_revised_raw,model,available,,1.7244352559973777
20260909_m1_01,GroupsFixed,56ffec5c80e5062543e1445f867f5b14a112c60fc42c7a9ed8585e9760902519,2026-09-09T06:50:43.306315+00:00,,2023-09-01,2024-09-01,12,raw,mom_percent,C,2023-01-01,2023-09-01,0.29810038666904487,0.6200000000000045,fb58a27c1ab60175de109f352bde24b256f4deb4ca43954aa6647bc493796998,current_revised_raw,model,available,,0.04724250300205313
20260909_m1_01,GroupsDated,56ffec5c80e5062543e1445f867f5b14a112c60fc42c7a9ed8585e9760902519,2026-09-09T06:50:43.306315+00:00,,2023-09-01,2024-09-01,12,raw,mom_percent,C,2023-01-01,2023-09-01,0.28243219024379596,0.6200000000000045,fb58a27c1ab60175de109f352bde24b256f4deb4ca43954aa6647bc493796998,current_revised_raw,model,available,,0.007649612001841888
20260909_m1_01,Ridge,56ffec5c80e5062543e1445f867f5b14a112c60fc42c7a9ed8585e9760902519,2026-09-09T06:50:43.306315+00:00,,2023-10-01,2024-10-01,12,raw,mom_percent,C,,2023-10-01,0.5453579325782414,1.019999999999996,fb58a27c1ab60175de109f352bde24b256f4deb4ca43954aa6647bc493796998,current_revised_raw,model,available,,0.03906825000012759
20260909_m1_01,Huber,56ffec5c80e5062543e1445f867f5b14a112c60fc42c7a9ed8585e9760902519,2026-09-09T06:50:43.306315+00:00,,2023-10-01,2024-10-01,12,raw,mom_percent,C,,2023-10-01,0.5448463040856097,1.019999999999996,fb58a27c1ab60175de109f352bde24b256f4deb4ca43954aa6647bc493796998,current_revised_raw,model,available,,0.07790331000069273
20260909_m1_01,SeasonalNaive,56ffec5c80e5062543e1445f867f5b14a112c60fc42c7a9ed8585e9760902519,2026-09-09T06:50:43.306315+00:00,,2023-10-01,2024-10-01,12,raw,mom_percent,C,,2023-10-01,0.45999999999999375,1.019999999999996,fb58a27c1ab60175de109f352bde24b256f4deb4ca43954aa6647bc493796998,current_revised_raw,model,available,,9.06409986782819e-05
20260909_m1_01,Micro,56ffec5c80e5062543e1445f867f5b14a112c60fc42c7a9ed8585e9760902519,2026-09-09T06:50:43.306315+00:00,,2023-10-01,2024-10-01,12,raw,mom_percent,C,2023-01-01,2023-10-01,0.4826840643196437,1.019999999999996,fb58a27c1ab60175de109f352bde24b256f4deb4ca43954aa6647bc493796998,current_revised_raw,model,available,,1.672037611999258
20260909_m1_01,GroupsFixed,56ffec5c80e5062543e1445f867f5b14a112c60fc42c7a9ed8585e9760902519,2026-09-09T06:50:43.306315+00:00,,2023-10-01,2024-10-01,12,raw,mom_percent,C,2023-01-01,2023-10-01,0.4643267498441009,1.019999999999996,fb58a27c1ab60175de109f352bde24b256f4deb4ca43954aa6647bc493796998,current_revised_raw,model,available,,0.04842091899990919
20260909_m1_01,GroupsDated,56ffec5c80e5062543e1445f867f5b14a112c60fc42c7a9ed8585e9760902519,2026-09-09T06:50:43.306315+00:00,,2023-10-01,2024-10-01,12,raw,mom_percent,C,2023-01-01,2023-10-01,0.4764318639191319,1.019999999999996,fb58a27c1ab60175de109f352bde24b256f4deb4ca43954aa6647bc493796998,current_revised_raw,model,available,,0.007868845998018514
20260909_m1_01,Ridge,56ffec5c80e5062543e1445f867f5b14a112c60fc42c7a9ed8585e9760902519,2026-09-09T06:50:43.306315+00:00,,2023-11-01,2024-11-01,12,raw,mom_percent,C,,2023-11-01,0.44826357858663357,1.5,fb58a27c1ab60175de109f352bde24b256f4deb4ca43954aa6647bc493796998,current_revised_raw,model,available,,0.039790114999050274
20260909_m1_01,Huber,56ffec5c80e5062543e1445f867f5b14a112c60fc42c7a9ed8585e9760902519,2026-09-09T06:50:43.306315+00:00,,2023-11-01,2024-11-01,12,raw,mom_percent,C,,2023-11-01,0.4258155877660954,1.5,fb58a27c1ab60175de109f352bde24b256f4deb4ca43954aa6647bc493796998,current_revised_raw,model,available,,0.08013621799909743
20260909_m1_01,SeasonalNaive,56ffec5c80e5062543e1445f867f5b14a112c60fc42c7a9ed8585e9760902519,2026-09-09T06:50:43.306315+00:00,,2023-11-01,2024-11-01,12,raw,mom_percent,C,,2023-11-01,0.7399999999999949,1.5,fb58a27c1ab60175de109f352bde24b256f4deb4ca43954aa6647bc493796998,current_revised_raw,model,available,,9.223400047631003e-05
20260909_m1_01,Micro,56ffec5c80e5062543e1445f867f5b14a112c60fc42c7a9ed8585e9760902519,2026-09-09T06:50:43.306315+00:00,,2023-11-01,2024-11-01,12,raw,mom_percent,C,2023-01-01,2023-11-01,0.684516718792156,1.5,fb58a27c1ab60175de109f352bde24b256f4deb4ca43954aa6647bc493796998,current_revised_raw,model,available,,1.6593718099975376
20260909_m1_01,GroupsFixed,56ffec5c80e5062543e1445f867f5b14a112c60fc42c7a9ed8585e9760902519,2026-09-09T06:50:43.306315+00:00,,2023-11-01,2024-11-01,12,raw,mom_percent,C,2023-01-01,2023-11-01,0.5246746037453439,1.5,fb58a27c1ab60175de109f352bde24b256f4deb4ca43954aa6647bc493796998,current_revised_raw,model,available,,0.04723546199966222
20260909_m1_01,GroupsDated,56ffec5c80e5062543e1445f867f5b14a112c60fc42c7a9ed8585e9760902519,2026-09-09T06:50:43.306315+00:00,,2023-11-01,2024-11-01,12,raw,mom_percent,C,2023-01-01,2023-11-01,0.5509042202712491,1.5,fb58a27c1ab60175de109f352bde24b256f4deb4ca43954aa6647bc493796998,current_revised_raw,model,available,,0.007637859998794738
20260909_m1_01,Ridge,56ffec5c80e5062543e1445f867f5b14a112c60fc42c7a9ed8585e9760902519,2026-09-09T06:50:43.306315+00:00,,2023-12-01,2024-12-01,12,raw,mom_percent,C,,2023-12-01,0.7367524260899216,0.9099999999999966,fb58a27c1ab60175de109f352bde24b256f4deb4ca43954aa6647bc493796998,current_revised_raw,model,available,,0.0387325689989666
20260909_m1_01,Huber,56ffec5c80e5062543e1445f867f5b14a112c60fc42c7a9ed8585e9760902519,2026-09-09T06:50:43.306315+00:00,,2023-12-01,2024-12-01,12,raw,mom_percent,C,,2023-12-01,0.6743460573695614,0.9099999999999966,fb58a27c1ab60175de109f352bde24b256f4deb4ca43954aa6647bc493796998,current_revised_raw,model,available,,0.08574694300114061
20260909_m1_01,SeasonalNaive,56ffec5c80e5062543e1445f867f5b14a112c60fc42c7a9ed8585e9760902519,2026-09-09T06:50:43.306315+00:00,,2023-12-01,2024-12-01,12,raw,mom_percent,C,,2023-12-01,0.29000000000000625,0.9099999999999966,fb58a27c1ab60175de109f352bde24b256f4deb4ca43954aa6647bc493796998,current_revised_raw,model,available,,9.117199806496501e-05
20260909_m1_01,Micro,56ffec5c80e5062543e1445f867f5b14a112c60fc42c7a9ed8585e9760902519,2026-09-09T06:50:43.306315+00:00,,2023-12-01,2024-12-01,12,raw,mom_percent,C,2023-01-01,2023-12-01,0.5686251829334469,0.9099999999999966,fb58a27c1ab60175de109f352bde24b256f4deb4ca43954aa6647bc493796998,current_revised_raw,model,available,,1.760616856001434
20260909_m1_01,GroupsFixed,56ffec5c80e5062543e1445f867f5b14a112c60fc42c7a9ed8585e9760902519,2026-09-09T06:50:43.306315+00:00,,2023-12-01,2024-12-01,12,raw,mom_percent,C,2023-01-01,2023-12-01,0.613455284989513,0.9099999999999966,fb58a27c1ab60175de109f352bde24b256f4deb4ca43954aa6647bc493796998,current_revised_raw,model,available,,0.04725751500154729
20260909_m1_01,GroupsDated,56ffec5c80e5062543e1445f867f5b14a112c60fc42c7a9ed8585e9760902519,2026-09-09T06:50:43.306315+00:00,,2023-12-01,2024-12-01,12,raw,mom_percent,C,2023-01-01,2023-12-01,0.6589758696553006,0.9099999999999966,fb58a27c1ab60175de109f352bde24b256f4deb4ca43954aa6647bc493796998,current_revised_raw,model,available,,0.007653469998331275
20260909_m1_01,Ridge,56ffec5c80e5062543e1445f867f5b14a112c60fc42c7a9ed8585e9760902519,2026-09-09T06:50:43.306315+00:00,,2024-01-01,2025-01-01,12,raw,mom_percent,C,,2024-01-01,0.9726858770151665,0.8400000000000034,fb58a27c1ab60175de109f352bde24b256f4deb4ca43954aa6647bc493796998,current_revised_raw,model,available,,0.03957279599853791
20260909_m1_01,Huber,56ffec5c80e5062543e1445f867f5b14a112c60fc42c7a9ed8585e9760902519,2026-09-09T06:50:43.306315+00:00,,2024-01-01,2025-01-01,12,raw,mom_percent,C,,2024-01-01,0.9901497363565284,0.8400000000000034,fb58a27c1ab60175de109f352bde24b256f4deb4ca43954aa6647bc493796998,current_revised_raw,model,available,,0.08103530899825273
20260909_m1_01,SeasonalNaive,56ffec5c80e5062543e1445f867f5b14a112c60fc42c7a9ed8585e9760902519,2026-09-09T06:50:43.306315+00:00,,2024-01-01,2025-01-01,12,raw,mom_percent,C,,2024-01-01,0.8700000000000045,0.8400000000000034,fb58a27c1ab60175de109f352bde24b256f4deb4ca43954aa6647bc493796998,current_revised_raw,model,available,,9.062100070877932e-05
20260909_m1_01,Micro,56ffec5c80e5062543e1445f867f5b14a112c60fc42c7a9ed8585e9760902519,2026-09-09T06:50:43.306315+00:00,,2024-01-01,2025-01-01,12,raw,mom_percent,C,2024-01-01,2024-01-01,0.8085801012484475,0.8400000000000034,fb58a27c1ab60175de109f352bde24b256f4deb4ca43954aa6647bc493796998,current_revised_raw,model,available,,1.8263001359991904
20260909_m1_01,GroupsFixed,56ffec5c80e5062543e1445f867f5b14a112c60fc42c7a9ed8585e9760902519,2026-09-09T06:50:43.306315+00:00,,2024-01-01,2025-01-01,12,raw,mom_percent,C,2024-01-01,2024-01-01,0.7055568265396597,0.8400000000000034,fb58a27c1ab60175de109f352bde24b256f4deb4ca43954aa6647bc493796998,current_revised_raw,model,available,,0.047385427002154756
20260909_m1_01,GroupsDated,56ffec5c80e5062543e1445f867f5b14a112c60fc42c7a9ed8585e9760902519,2026-09-09T06:50:43.306315+00:00,,2024-01-01,2025-01-01,12,raw,mom_percent,C,2024-01-01,2024-01-01,0.721264784599146,0.8400000000000034,fb58a27c1ab60175de109f352bde24b256f4deb4ca43954aa6647bc493796998,current_revised_raw,model,available,,0.0077495620025729295
20260909_m1_01,Ridge,56ffec5c80e5062543e1445f867f5b14a112c60fc42c7a9ed8585e9760902519,2026-09-09T06:50:43.306315+00:00,,2024-02-01,2025-02-01,12,raw,mom_percent,C,,2024-02-01,0.8345269918055465,1.3400000000000034,fb58a27c1ab60175de109f352bde24b256f4deb4ca43954aa6647bc493796998,current_revised_raw,model,available,,0.039471654999942984
20260909_m1_01,Huber,56ffec5c80e5062543e1445f867f5b14a112c60fc42c7a9ed8585e9760902519,2026-09-09T06:50:43.306315+00:00,,2024-02-01,2025-02-01,12,raw,mom_percent,C,,2024-02-01,0.7357243471535782,1.3400000000000034,fb58a27c1ab60175de109f352bde24b256f4deb4ca43954aa6647bc493796998,current_revised_raw,model,available,,0.08063690900235088
20260909_m1_01,SeasonalNaive,56ffec5c80e5062543e1445f867f5b14a112c60fc42c7a9ed8585e9760902519,2026-09-09T06:50:43.306315+00:00,,2024-02-01,2025-02-01,12,raw,mom_percent,C,,2024-02-01,0.5300000000000011,1.3400000000000034,fb58a27c1ab60175de109f352bde24b256f4deb4ca43954aa6647bc493796998,current_revised_raw,model,available,,9.059100193553604e-05
20260909_m1_01,Micro,56ffec5c80e5062543e1445f867f5b14a112c60fc42c7a9ed8585e9760902519,2026-09-09T06:50:43.306315+00:00,,2024-02-01,2025-02-01,12,raw,mom_percent,C,2024-01-01,2024-02-01,0.7896868654375588,1.3400000000000034,fb58a27c1ab60175de109f352bde24b256f4deb4ca43954aa6647bc493796998,current_revised_raw,model,available,,1.8732851759996265
20260909_m1_01,GroupsFixed,56ffec5c80e5062543e1445f867f5b14a112c60fc42c7a9ed8585e9760902519,2026-09-09T06:50:43.306315+00:00,,2024-02-01,2025-02-01,12,raw,mom_percent,C,2024-01-01,2024-02-01,0.7131210704036268,1.3400000000000034,fb58a27c1ab60175de109f352bde24b256f4deb4ca43954aa6647bc493796998,current_revised_raw,model,available,,0.047271883999201236
20260909_m1_01,GroupsDated,56ffec5c80e5062543e1445f867f5b14a112c60fc42c7a9ed8585e9760902519,2026-09-09T06:50:43.306315+00:00,,2024-02-01,2025-02-01,12,raw,mom_percent,C,2024-01-01,2024-02-01,0.7355559559969789,1.3400000000000034,fb58a27c1ab60175de109f352bde24b256f4deb4ca43954aa6647bc493796998,current_revised_raw,model,available,,0.007628824001585599
20260909_m1_01,Ridge,56ffec5c80e5062543e1445f867f5b14a112c60fc42c7a9ed8585e9760902519,2026-09-09T06:50:43.306315+00:00,,2024-03-01,2025-03-01,12,raw,mom_percent,C,,2024-03-01,0.6850626310663586,0.8100000000000023,fb58a27c1ab60175de109f352bde24b256f4deb4ca43954aa6647bc493796998,current_revised_raw,model,available,,0.039595860998815624
20260909_m1_01,Huber,56ffec5c80e5062543e1445f867f5b14a112c60fc42c7a9ed8585e9760902519,2026-09-09T06:50:43.306315+00:00,,2024-03-01,2025-03-01,12,raw,mom_percent,C,,2024-03-01,0.6512123837840136,0.8100000000000023,fb58a27c1ab60175de109f352bde24b256f4deb4ca43954aa6647bc493796998,current_revised_raw,model,available,,0.0800467370027036
20260909_m1_01,SeasonalNaive,56ffec5c80e5062543e1445f867f5b14a112c60fc42c7a9ed8585e9760902519,2026-09-09T06:50:43.306315+00:00,,2024-03-01,2025-03-01,12,raw,mom_percent,C,,2024-03-01,0.5300000000000011,0.8100000000000023,fb58a27c1ab60175de109f352bde24b256f4deb4ca43954aa6647bc493796998,current_revised_raw,model,available,,9.49889981711749e-05
20260909_m1_01,Micro,56ffec5c80e5062543e1445f867f5b14a112c60fc42c7a9ed8585e9760902519,2026-09-09T06:50:43.306315+00:00,,2024-03-01,2025-03-01,12,raw,mom_percent,C,2024-01-01,2024-03-01,0.7376055216380141,0.8100000000000023,fb58a27c1ab60175de109f352bde24b256f4deb4ca43954aa6647bc493796998,current_revised_raw,model,available,,1.8326639169972623
20260909_m1_01,GroupsFixed,56ffec5c80e5062543e1445f867f5b14a112c60fc42c7a9ed8585e9760902519,2026-09-09T06:50:43.306315+00:00,,2024-03-01,2025-03-01,12,raw,mom_percent,C,2024-01-01,2024-03-01,0.6558094479792216,0.8100000000000023,fb58a27c1ab60175de109f352bde24b256f4deb4ca43954aa6647bc493796998,current_revised_raw,model,available,,0.04772950899860007
20260909_m1_01,GroupsDated,56ffec5c80e5062543e1445f867f5b14a112c60fc42c7a9ed8585e9760902519,2026-09-09T06:50:43.306315+00:00,,2024-03-01,2025-03-01,12,raw,mom_percent,C,2024-01-01,2024-03-01,0.6787273230301986,0.8100000000000023,fb58a27c1ab60175de109f352bde24b256f4deb4ca43954aa6647bc493796998,current_revised_raw,model,available,,0.007787894999637501
20260909_m1_01,Ridge,56ffec5c80e5062543e1445f867f5b14a112c60fc42c7a9ed8585e9760902519,2026-09-09T06:50:43.306315+00:00,,2024-04-01,2025-04-01,12,raw,mom_percent,C,,2024-04-01,0.8765825515816061,0.5300000000000011,fb58a27c1ab60175de109f352bde24b256f4deb4ca43954aa6647bc493796998,current_revised_raw,model,available,,0.03946851200089441
20260909_m1_01,Huber,56ffec5c80e5062543e1445f867f5b14a112c60fc42c7a9ed8585e9760902519,2026-09-09T06:50:43.306315+00:00,,2024-04-01,2025-04-01,12,raw,mom_percent,C,,2024-04-01,0.7732972549808466,0.5300000000000011,fb58a27c1ab60175de109f352bde24b256f4deb4ca43954aa6647bc493796998,current_revised_raw,model,available,,0.08217383499868447
20260909_m1_01,SeasonalNaive,56ffec5c80e5062543e1445f867f5b14a112c60fc42c7a9ed8585e9760902519,2026-09-09T06:50:43.306315+00:00,,2024-04-01,2025-04-01,12,raw,mom_percent,C,,2024-04-01,0.37999999999999545,0.5300000000000011,fb58a27c1ab60175de109f352bde24b256f4deb4ca43954aa6647bc493796998,current_revised_raw,model,available,,9.230400246451609e-05
20260909_m1_01,Micro,56ffec5c80e5062543e1445f867f5b14a112c60fc42c7a9ed8585e9760902519,2026-09-09T06:50:43.306315+00:00,,2024-04-01,2025-04-01,12,raw,mom_percent,C,2024-01-01,2024-04-01,0.6318844948022216,0.5300000000000011,fb58a27c1ab60175de109f352bde24b256f4deb4ca43954aa6647bc493796998,current_revised_raw,model,available,,1.8790702469996177
20260909_m1_01,GroupsFixed,56ffec5c80e5062543e1445f867f5b14a112c60fc42c7a9ed8585e9760902519,2026-09-09T06:50:43.306315+00:00,,2024-04-01,2025-04-01,12,raw,mom_percent,C,2024-01-01,2024-04-01,0.563796988405129,0.5300000000000011,fb58a27c1ab60175de109f352bde24b256f4deb4ca43954aa6647bc493796998,current_revised_raw,model,available,,0.04778378400078509
20260909_m1_01,GroupsDated,56ffec5c80e5062543e1445f867f5b14a112c60fc42c7a9ed8585e9760902519,2026-09-09T06:50:43.306315+00:00,,2024-04-01,2025-04-01,12,raw,mom_percent,C,2024-01-01,2024-04-01,0.5820553014739036,0.5300000000000011,fb58a27c1ab60175de109f352bde24b256f4deb4ca43954aa6647bc493796998,current_revised_raw,model,available,,0.007730195997282863
20260909_m1_01,Ridge,56ffec5c80e5062543e1445f867f5b14a112c60fc42c7a9ed8585e9760902519,2026-09-09T06:50:43.306315+00:00,,2024-05-01,2025-05-01,12,raw,mom_percent,C,,2024-05-01,0.496288114185063,-0.06999999999999318,fb58a27c1ab60175de109f352bde24b256f4deb4ca43954aa6647bc493796998,current_revised_raw,model,available,,0.039704198999970686
20260909_m1_01,Huber,56ffec5c80e5062543e1445f867f5b14a112c60fc42c7a9ed8585e9760902519,2026-09-09T06:50:43.306315+00:00,,2024-05-01,2025-05-01,12,raw,mom_percent,C,,2024-05-01,0.49225250225784123,-0.06999999999999318,fb58a27c1ab60175de109f352bde24b256f4deb4ca43954aa6647bc493796998,current_revised_raw,model,available,,0.08670103599797585
20260909_m1_01,SeasonalNaive,56ffec5c80e5062543e1445f867f5b14a112c60fc42c7a9ed8585e9760902519,2026-09-09T06:50:43.306315+00:00,,2024-05-01,2025-05-01,12,raw,mom_percent,C,,2024-05-01,0.9399999999999977,-0.06999999999999318,fb58a27c1ab60175de109f352bde24b256f4deb4ca43954aa6647bc493796998,current_revised_raw,model,available,,9.053099711309187e-05
20260909_m1_01,Micro,56ffec5c80e5062543e1445f867f5b14a112c60fc42c7a9ed8585e9760902519,2026-09-09T06:50:43.306315+00:00,,2024-05-01,2025-05-01,12,raw,mom_percent,C,2024-01-01,2024-05-01,0.5320898646676674,-0.06999999999999318,fb58a27c1ab60175de109f352bde24b256f4deb4ca43954aa6647bc493796998,current_revised_raw,model,available,,1.834934009002609
20260909_m1_01,GroupsFixed,56ffec5c80e5062543e1445f867f5b14a112c60fc42c7a9ed8585e9760902519,2026-09-09T06:50:43.306315+00:00,,2024-05-01,2025-05-01,12,raw,mom_percent,C,2024-01-01,2024-05-01,0.44859557602624023,-0.06999999999999318,fb58a27c1ab60175de109f352bde24b256f4deb4ca43954aa6647bc493796998,current_revised_raw,model,available,,0.048114490000443766
20260909_m1_01,GroupsDated,56ffec5c80e5062543e1445f867f5b14a112c60fc42c7a9ed8585e9760902519,2026-09-09T06:50:43.306315+00:00,,2024-05-01,2025-05-01,12,raw,mom_percent,C,2024-01-01,2024-05-01,0.4567725253759032,-0.06999999999999318,fb58a27c1ab60175de109f352bde24b256f4deb4ca43954aa6647bc493796998,current_revised_raw,model,available,,0.007949629998620367
20260909_m1_01,Ridge,56ffec5c80e5062543e1445f867f5b14a112c60fc42c7a9ed8585e9760902519,2026-09-09T06:50:43.306315+00:00,,2024-06-01,2024-08-01,2,raw,mom_percent,C,,2024-06-01,-0.13285851280576821,0.09000000000000341,fb58a27c1ab60175de109f352bde24b256f4deb4ca43954aa6647bc493796998,current_revised_raw,model,available,,0.03950253799848724
20260909_m1_01,Ridge,56ffec5c80e5062543e1445f867f5b14a112c60fc42c7a9ed8585e9760902519,2026-09-09T06:50:43.306315+00:00,,2024-06-01,2025-06-01,12,raw,mom_percent,C,,2024-06-01,0.21238149642019266,-0.04000000000000625,fb58a27c1ab60175de109f352bde24b256f4deb4ca43954aa6647bc493796998,current_revised_raw,model,available,,0.03950866000013775
20260909_m1_01,Huber,56ffec5c80e5062543e1445f867f5b14a112c60fc42c7a9ed8585e9760902519,2026-09-09T06:50:43.306315+00:00,,2024-06-01,2024-08-01,2,raw,mom_percent,C,,2024-06-01,-0.07374601795643798,0.09000000000000341,fb58a27c1ab60175de109f352bde24b256f4deb4ca43954aa6647bc493796998,current_revised_raw,model,available,,0.08052896399749443
20260909_m1_01,Huber,56ffec5c80e5062543e1445f867f5b14a112c60fc42c7a9ed8585e9760902519,2026-09-09T06:50:43.306315+00:00,,2024-06-01,2025-06-01,12,raw,mom_percent,C,,2024-06-01,0.10602013571997304,-0.04000000000000625,fb58a27c1ab60175de109f352bde24b256f4deb4ca43954aa6647bc493796998,current_revised_raw,model,available,,0.08053509499950451
20260909_m1_01,SeasonalNaive,56ffec5c80e5062543e1445f867f5b14a112c60fc42c7a9ed8585e9760902519,2026-09-09T06:50:43.306315+00:00,,2024-06-01,2024-08-01,2,raw,mom_percent,C,,2024-06-01,-0.06999999999999318,0.09000000000000341,fb58a27c1ab60175de109f352bde24b256f4deb4ca43954aa6647bc493796998,current_revised_raw,model,available,,8.894799975678325e-05
20260909_m1_01,SeasonalNaive,56ffec5c80e5062543e1445f867f5b14a112c60fc42c7a9ed8585e9760902519,2026-09-09T06:50:43.306315+00:00,,2024-06-01,2025-06-01,12,raw,mom_percent,C,,2024-06-01,0.18000000000000682,-0.04000000000000625,fb58a27c1ab60175de109f352bde24b256f4deb4ca43954aa6647bc493796998,current_revised_raw,model,available,,9.472899910178967e-05
20260909_m1_01,Micro,56ffec5c80e5062543e1445f867f5b14a112c60fc42c7a9ed8585e9760902519,2026-09-09T06:50:43.306315+00:00,,2024-06-01,2024-08-01,2,raw,mom_percent,C,2024-01-01,2024-06-01,0.24776060574049702,0.09000000000000341,fb58a27c1ab60175de109f352bde24b256f4deb4ca43954aa6647bc493796998,current_revised_raw,model,available,,1.865234851000423
20260909_m1_01,Micro,56ffec5c80e5062543e1445f867f5b14a112c60fc42c7a9ed8585e9760902519,2026-09-09T06:50:43.306315+00:00,,2024-06-01,2025-06-01,12,raw,mom_percent,C,2024-01-01,2024-06-01,0.39158573044490175,-0.04000000000000625,fb58a27c1ab60175de109f352bde24b256f4deb4ca43954aa6647bc493796998,current_revised_raw,model,available,,1.8652422750019468
20260909_m1_01,GroupsFixed,56ffec5c80e5062543e1445f867f5b14a112c60fc42c7a9ed8585e9760902519,2026-09-09T06:50:43.306315+00:00,,2024-06-01,2024-08-01,2,raw,mom_percent,C,2024-01-01,2024-06-01,0.2617761287672703,0.09000000000000341,fb58a27c1ab60175de109f352bde24b256f4deb4ca43954aa6647bc493796998,current_revised_raw,model,available,,0.047909834000165574
20260909_m1_01,GroupsFixed,56ffec5c80e5062543e1445f867f5b14a112c60fc42c7a9ed8585e9760902519,2026-09-09T06:50:43.306315+00:00,,2024-06-01,2025-06-01,12,raw,mom_percent,C,2024-01-01,2024-06-01,0.4118925458892925,-0.04000000000000625,fb58a27c1ab60175de109f352bde24b256f4deb4ca43954aa6647bc493796998,current_revised_raw,model,available,,0.04791531499722623
20260909_m1_01,GroupsDated,56ffec5c80e5062543e1445f867f5b14a112c60fc42c7a9ed8585e9760902519,2026-09-09T06:50:43.306315+00:00,,2024-06-01,2024-08-01,2,raw,mom_percent,C,2024-01-01,2024-06-01,0.24436765312336792,0.09000000000000341,fb58a27c1ab60175de109f352bde24b256f4deb4ca43954aa6647bc493796998,current_revised_raw,model,available,,0.007860161997086834
20260909_m1_01,GroupsDated,56ffec5c80e5062543e1445f867f5b14a112c60fc42c7a9ed8585e9760902519,2026-09-09T06:50:43.306315+00:00,,2024-06-01,2025-06-01,12,raw,mom_percent,C,2024-01-01,2024-06-01,0.41673699259939123,-0.04000000000000625,fb58a27c1ab60175de109f352bde24b256f4deb4ca43954aa6647bc493796998,current_revised_raw,model,available,,0.00786575199890649
20260909_m1_01,Ridge,56ffec5c80e5062543e1445f867f5b14a112c60fc42c7a9ed8585e9760902519,2026-09-09T06:50:43.306315+00:00,,2024-07-01,2024-08-01,1,raw,mom_percent,C,,2024-07-01,0.10053483233792804,0.09000000000000341,fb58a27c1ab60175de109f352bde24b256f4deb4ca43954aa6647bc493796998,current_revised_raw,model,available,,0.039323110999248456
20260909_m1_01,Ridge,56ffec5c80e5062543e1445f867f5b14a112c60fc42c7a9ed8585e9760902519,2026-09-09T06:50:43.306315+00:00,,2024-07-01,2024-09-01,2,raw,mom_percent,C,,2024-07-01,0.4187856752004535,0.6200000000000045,fb58a27c1ab60175de109f352bde24b256f4deb4ca43954aa6647bc493796998,current_revised_raw,model,available,,0.03932909200011636
20260909_m1_01,Ridge,56ffec5c80e5062543e1445f867f5b14a112c60fc42c7a9ed8585e9760902519,2026-09-09T06:50:43.306315+00:00,,2024-07-01,2025-07-01,12,raw,mom_percent,C,,2024-07-01,0.09388823395225643,0.35999999999999943,fb58a27c1ab60175de109f352bde24b256f4deb4ca43954aa6647bc493796998,current_revised_raw,model,available,,0.0393333200008783
20260909_m1_01,Huber,56ffec5c80e5062543e1445f867f5b14a112c60fc42c7a9ed8585e9760902519,2026-09-09T06:50:43.306315+00:00,,2024-07-01,2024-08-01,1,raw,mom_percent,C,,2024-07-01,0.07927718867316003,0.09000000000000341,fb58a27c1ab60175de109f352bde24b256f4deb4ca43954aa6647bc493796998,current_revised_raw,model,available,,0.07514763499784749
20260909_m1_01,Huber,56ffec5c80e5062543e1445f867f5b14a112c60fc42c7a9ed8585e9760902519,2026-09-09T06:50:43.306315+00:00,,2024-07-01,2024-09-01,2,raw,mom_percent,C,,2024-07-01,0.43872601180200377,0.6200000000000045,fb58a27c1ab60175de109f352bde24b256f4deb4ca43954aa6647bc493796998,current_revised_raw,model,available,,0.07515355600116891
20260909_m1_01,Huber,56ffec5c80e5062543e1445f867f5b14a112c60fc42c7a9ed8585e9760902519,2026-09-09T06:50:43.306315+00:00,,2024-07-01,2025-07-01,12,raw,mom_percent,C,,2024-07-01,0.3658140446710547,0.35999999999999943,fb58a27c1ab60175de109f352bde24b256f4deb4ca43954aa6647bc493796998,current_revised_raw,model,available,,0.07515830500051379
20260909_m1_01,SeasonalNaive,56ffec5c80e5062543e1445f867f5b14a112c60fc42c7a9ed8585e9760902519,2026-09-09T06:50:43.306315+00:00,,2024-07-01,2024-08-01,1,raw,mom_percent,C,,2024-07-01,-0.06999999999999318,0.09000000000000341,fb58a27c1ab60175de109f352bde24b256f4deb4ca43954aa6647bc493796998,current_revised_raw,model,available,,8.999000056064688e-05
20260909_m1_01,SeasonalNaive,56ffec5c80e5062543e1445f867f5b14a112c60fc42c7a9ed8585e9760902519,2026-09-09T06:50:43.306315+00:00,,2024-07-01,2024-09-01,2,raw,mom_percent,C,,2024-07-01,1.75,0.6200000000000045,fb58a27c1ab60175de109f352bde24b256f4deb4ca43954aa6647bc493796998,current_revised_raw,model,available,,9.533000047667883e-05
20260909_m1_01,SeasonalNaive,56ffec5c80e5062543e1445f867f5b14a112c60fc42c7a9ed8585e9760902519,2026-09-09T06:50:43.306315+00:00,,2024-07-01,2025-07-01,12,raw,mom_percent,C,,2024-07-01,1.0699999999999932,0.35999999999999943,fb58a27c1ab60175de109f352bde24b256f4deb4ca43954aa6647bc493796998,current_revised_raw,model,available,,9.977800073102117e-05
20260909_m1_01,Micro,56ffec5c80e5062543e1445f867f5b14a112c60fc42c7a9ed8585e9760902519,2026-09-09T06:50:43.306315+00:00,,2024-07-01,2024-08-01,1,raw,mom_percent,C,2024-01-01,2024-07-01,0.27583689421154944,0.09000000000000341,fb58a27c1ab60175de109f352bde24b256f4deb4ca43954aa6647bc493796998,current_revised_raw,model,available,,1.8147477569982584
20260909_m1_01,Micro,56ffec5c80e5062543e1445f867f5b14a112c60fc42c7a9ed8585e9760902519,2026-09-09T06:50:43.306315+00:00,,2024-07-01,2024-09-01,2,raw,mom_percent,C,2024-01-01,2024-07-01,0.3348624989457731,0.6200000000000045,fb58a27c1ab60175de109f352bde24b256f4deb4ca43954aa6647bc493796998,current_revised_raw,model,available,,1.8147551209985977
20260909_m1_01,Micro,56ffec5c80e5062543e1445f867f5b14a112c60fc42c7a9ed8585e9760902519,2026-09-09T06:50:43.306315+00:00,,2024-07-01,2025-07-01,12,raw,mom_percent,C,2024-01-01,2024-07-01,0.41814011492677106,0.35999999999999943,fb58a27c1ab60175de109f352bde24b256f4deb4ca43954aa6647bc493796998,current_revised_raw,model,available,,1.8147601310010941
20260909_m1_01,GroupsFixed,56ffec5c80e5062543e1445f867f5b14a112c60fc42c7a9ed8585e9760902519,2026-09-09T06:50:43.306315+00:00,,2024-07-01,2024-08-01,1,raw,mom_percent,C,2024-01-01,2024-07-01,0.32362743026990065,0.09000000000000341,fb58a27c1ab60175de109f352bde24b256f4deb4ca43954aa6647bc493796998,current_revised_raw,model,available,,0.04793291899841279
20260909_m1_01,GroupsFixed,56ffec5c80e5062543e1445f867f5b14a112c60fc42c7a9ed8585e9760902519,2026-09-09T06:50:43.306315+00:00,,2024-07-01,2024-09-01,2,raw,mom_percent,C,2024-01-01,2024-07-01,0.18089016060905705,0.6200000000000045,fb58a27c1ab60175de109f352bde24b256f4deb4ca43954aa6647bc493796998,current_revised_raw,model,available,,0.047938510000676615
20260909_m1_01,GroupsFixed,56ffec5c80e5062543e1445f867f5b14a112c60fc42c7a9ed8585e9760902519,2026-09-09T06:50:43.306315+00:00,,2024-07-01,2025-07-01,12,raw,mom_percent,C,2024-01-01,2024-07-01,0.3491768103548184,0.35999999999999943,fb58a27c1ab60175de109f352bde24b256f4deb4ca43954aa6647bc493796998,current_revised_raw,model,available,,0.04794275799940806
20260909_m1_01,GroupsDated,56ffec5c80e5062543e1445f867f5b14a112c60fc42c7a9ed8585e9760902519,2026-09-09T06:50:43.306315+00:00,,2024-07-01,2024-08-01,1,raw,mom_percent,C,2024-01-01,2024-07-01,0.30788366091124264,0.09000000000000341,fb58a27c1ab60175de109f352bde24b256f4deb4ca43954aa6647bc493796998,current_revised_raw,model,available,,0.007777425002132077
20260909_m1_01,GroupsDated,56ffec5c80e5062543e1445f867f5b14a112c60fc42c7a9ed8585e9760902519,2026-09-09T06:50:43.306315+00:00,,2024-07-01,2024-09-01,2,raw,mom_percent,C,2024-01-01,2024-07-01,0.16367173350636907,0.6200000000000045,fb58a27c1ab60175de109f352bde24b256f4deb4ca43954aa6647bc493796998,current_revised_raw,model,available,,0.007782805001625093
20260909_m1_01,GroupsDated,56ffec5c80e5062543e1445f867f5b14a112c60fc42c7a9ed8585e9760902519,2026-09-09T06:50:43.306315+00:00,,2024-07-01,2025-07-01,12,raw,mom_percent,C,2024-01-01,2024-07-01,0.34357133628070835,0.35999999999999943,fb58a27c1ab60175de109f352bde24b256f4deb4ca43954aa6647bc493796998,current_revised_raw,model,available,,0.0077868930020486005
20260909_m1_01,Ridge,56ffec5c80e5062543e1445f867f5b14a112c60fc42c7a9ed8585e9760902519,2026-09-09T06:50:43.306315+00:00,,2024-08-01,2024-09-01,1,raw,mom_percent,C,,2024-08-01,0.491852498414886,0.6200000000000045,fb58a27c1ab60175de109f352bde24b256f4deb4ca43954aa6647bc493796998,current_revised_raw,model,available,,0.039253549999557436
20260909_m1_01,Ridge,56ffec5c80e5062543e1445f867f5b14a112c60fc42c7a9ed8585e9760902519,2026-09-09T06:50:43.306315+00:00,,2024-08-01,2024-10-01,2,raw,mom_percent,C,,2024-08-01,0.5465670497539463,1.019999999999996,fb58a27c1ab60175de109f352bde24b256f4deb4ca43954aa6647bc493796998,current_revised_raw,model,available,,0.039259561999642756
20260909_m1_01,Ridge,56ffec5c80e5062543e1445f867f5b14a112c60fc42c7a9ed8585e9760902519,2026-09-09T06:50:43.306315+00:00,,2024-08-01,2025-08-01,12,raw,mom_percent,C,,2024-08-01,0.08114734513932831,-0.5699999999999932,fb58a27c1ab60175de109f352bde24b256f4deb4ca43954aa6647bc493796998,current_revised_raw,model,available,,0.039263859998754924
20260909_m1_01,Huber,56ffec5c80e5062543e1445f867f5b14a112c60fc42c7a9ed8585e9760902519,2026-09-09T06:50:43.306315+00:00,,2024-08-01,2024-09-01,1,raw,mom_percent,C,,2024-08-01,0.46872859104772147,0.6200000000000045,fb58a27c1ab60175de109f352bde24b256f4deb4ca43954aa6647bc493796998,current_revised_raw,model,available,,0.0784559839994472
20260909_m1_01,Huber,56ffec5c80e5062543e1445f867f5b14a112c60fc42c7a9ed8585e9760902519,2026-09-09T06:50:43.306315+00:00,,2024-08-01,2024-10-01,2,raw,mom_percent,C,,2024-08-01,0.530407505097088,1.019999999999996,fb58a27c1ab60175de109f352bde24b256f4deb4ca43954aa6647bc493796998,current_revised_raw,model,available,,0.07846212500226102
20260909_m1_01,Huber,56ffec5c80e5062543e1445f867f5b14a112c60fc42c7a9ed8585e9760902519,2026-09-09T06:50:43.306315+00:00,,2024-08-01,2025-08-01,12,raw,mom_percent,C,,2024-08-01,0.05294060961102787,-0.5699999999999932,fb58a27c1ab60175de109f352bde24b256f4deb4ca43954aa6647bc493796998,current_revised_raw,model,available,,0.07846663400050602
20260909_m1_01,SeasonalNaive,56ffec5c80e5062543e1445f867f5b14a112c60fc42c7a9ed8585e9760902519,2026-09-09T06:50:43.306315+00:00,,2024-08-01,2024-09-01,1,raw,mom_percent,C,,2024-08-01,1.75,0.6200000000000045,fb58a27c1ab60175de109f352bde24b256f4deb4ca43954aa6647bc493796998,current_revised_raw,model,available,,8.834699838189408e-05
20260909_m1_01,SeasonalNaive,56ffec5c80e5062543e1445f867f5b14a112c60fc42c7a9ed8585e9760902519,2026-09-09T06:50:43.306315+00:00,,2024-08-01,2024-10-01,2,raw,mom_percent,C,,2024-08-01,0.45999999999999375,1.019999999999996,fb58a27c1ab60175de109f352bde24b256f4deb4ca43954aa6647bc493796998,current_revised_raw,model,available,,9.342699922854081e-05
20260909_m1_01,SeasonalNaive,56ffec5c80e5062543e1445f867f5b14a112c60fc42c7a9ed8585e9760902519,2026-09-09T06:50:43.306315+00:00,,2024-08-01,2025-08-01,12,raw,mom_percent,C,,2024-08-01,0.09000000000000341,-0.5699999999999932,fb58a27c1ab60175de109f352bde24b256f4deb4ca43954aa6647bc493796998,current_revised_raw,model,available,,9.765499999048188e-05
20260909_m1_01,Micro,56ffec5c80e5062543e1445f867f5b14a112c60fc42c7a9ed8585e9760902519,2026-09-09T06:50:43.306315+00:00,,2024-08-01,2024-09-01,1,raw,mom_percent,C,2024-01-01,2024-08-01,0.3364595988943715,0.6200000000000045,fb58a27c1ab60175de109f352bde24b256f4deb4ca43954aa6647bc493796998,current_revised_raw,model,available,,1.8160817419993691
20260909_m1_01,Micro,56ffec5c80e5062543e1445f867f5b14a112c60fc42c7a9ed8585e9760902519,2026-09-09T06:50:43.306315+00:00,,2024-08-01,2024-10-01,2,raw,mom_percent,C,2024-01-01,2024-08-01,0.5294923462877613,1.019999999999996,fb58a27c1ab60175de109f352bde24b256f4deb4ca43954aa6647bc493796998,current_revised_raw,model,available,,1.8160894169996027
20260909_m1_01,Micro,56ffec5c80e5062543e1445f867f5b14a112c60fc42c7a9ed8585e9760902519,2026-09-09T06:50:43.306315+00:00,,2024-08-01,2025-08-01,12,raw,mom_percent,C,2024-01-01,2024-08-01,0.3154921526718351,-0.5699999999999932,fb58a27c1ab60175de109f352bde24b256f4deb4ca43954aa6647bc493796998,current_revised_raw,model,available,,1.8160944559967902
20260909_m1_01,GroupsFixed,56ffec5c80e5062543e1445f867f5b14a112c60fc42c7a9ed8585e9760902519,2026-09-09T06:50:43.306315+00:00,,2024-08-01,2024-09-01,1,raw,mom_percent,C,2024-01-01,2024-08-01,0.18154041909750168,0.6200000000000045,fb58a27c1ab60175de109f352bde24b256f4deb4ca43954aa6647bc493796998,current_revised_raw,model,available,,0.04709585900127422
20260909_m1_01,GroupsFixed,56ffec5c80e5062543e1445f867f5b14a112c60fc42c7a9ed8585e9760902519,2026-09-09T06:50:43.306315+00:00,,2024-08-01,2024-10-01,2,raw,mom_percent,C,2024-01-01,2024-08-01,0.45664323355756226,1.019999999999996,fb58a27c1ab60175de109f352bde24b256f4deb4ca43954aa6647bc493796998,current_revised_raw,model,available,,0.04710125999918091
20260909_m1_01,GroupsFixed,56ffec5c80e5062543e1445f867f5b14a112c60fc42c7a9ed8585e9760902519,2026-09-09T06:50:43.306315+00:00,,2024-08-01,2025-08-01,12,raw,mom_percent,C,2024-01-01,2024-08-01,0.2823406512192988,-0.5699999999999932,fb58a27c1ab60175de109f352bde24b256f4deb4ca43954aa6647bc493796998,current_revised_raw,model,available,,0.04710586800138117
20260909_m1_01,GroupsDated,56ffec5c80e5062543e1445f867f5b14a112c60fc42c7a9ed8585e9760902519,2026-09-09T06:50:43.306315+00:00,,2024-08-01,2024-09-01,1,raw,mom_percent,C,2024-01-01,2024-08-01,0.17011090931131811,0.6200000000000045,fb58a27c1ab60175de109f352bde24b256f4deb4ca43954aa6647bc493796998,current_revised_raw,model,available,,0.007762288001686102
20260909_m1_01,GroupsDated,56ffec5c80e5062543e1445f867f5b14a112c60fc42c7a9ed8585e9760902519,2026-09-09T06:50:43.306315+00:00,,2024-08-01,2024-10-01,2,raw,mom_percent,C,2024-01-01,2024-08-01,0.4437736196005666,1.019999999999996,fb58a27c1ab60175de109f352bde24b256f4deb4ca43954aa6647bc493796998,current_revised_raw,model,available,,0.007767597999190912
20260909_m1_01,GroupsDated,56ffec5c80e5062543e1445f867f5b14a112c60fc42c7a9ed8585e9760902519,2026-09-09T06:50:43.306315+00:00,,2024-08-01,2025-08-01,12,raw,mom_percent,C,2024-01-01,2024-08-01,0.2738964962913496,-0.5699999999999932,fb58a27c1ab60175de109f352bde24b256f4deb4ca43954aa6647bc493796998,current_revised_raw,model,available,,0.007771745000354713
20260909_m1_01,Ridge,56ffec5c80e5062543e1445f867f5b14a112c60fc42c7a9ed8585e9760902519,2026-09-09T06:50:43.306315+00:00,,2024-09-01,2024-10-01,1,raw,mom_percent,C,,2024-09-01,0.5625737140205729,1.019999999999996,fb58a27c1ab60175de109f352bde24b256f4deb4ca43954aa6647bc493796998,current_revised_raw,model,available,,0.03908421100277337
20260909_m1_01,Ridge,56ffec5c80e5062543e1445f867f5b14a112c60fc42c7a9ed8585e9760902519,2026-09-09T06:50:43.306315+00:00,,2024-09-01,2024-11-01,2,raw,mom_percent,C,,2024-09-01,0.4009227627421126,1.5,fb58a27c1ab60175de109f352bde24b256f4deb4ca43954aa6647bc493796998,current_revised_raw,model,available,,0.03909238699998241
20260909_m1_01,Ridge,56ffec5c80e5062543e1445f867f5b14a112c60fc42c7a9ed8585e9760902519,2026-09-09T06:50:43.306315+00:00,,2024-09-01,2025-09-01,12,raw,mom_percent,C,,2024-09-01,0.4495385303913082,1.0,fb58a27c1ab60175de109f352bde24b256f4deb4ca43954aa6647bc493796998,current_revised_raw,model,available,,0.03909685500184423
20260909_m1_01,Huber,56ffec5c80e5062543e1445f867f5b14a112c60fc42c7a9ed8585e9760902519,2026-09-09T06:50:43.306315+00:00,,2024-09-01,2024-10-01,1,raw,mom_percent,C,,2024-09-01,0.5592171012429787,1.019999999999996,fb58a27c1ab60175de109f352bde24b256f4deb4ca43954aa6647bc493796998,current_revised_raw,model,available,,0.08018690399694606
20260909_m1_01,Huber,56ffec5c80e5062543e1445f867f5b14a112c60fc42c7a9ed8585e9760902519,2026-09-09T06:50:43.306315+00:00,,2024-09-01,2024-11-01,2,raw,mom_percent,C,,2024-09-01,0.43790696055619094,1.5,fb58a27c1ab60175de109f352bde24b256f4deb4ca43954aa6647bc493796998,current_revised_raw,model,available,,0.08019288499781396
20260909_m1_01,Huber,56ffec5c80e5062543e1445f867f5b14a112c60fc42c7a9ed8585e9760902519,2026-09-09T06:50:43.306315+00:00,,2024-09-01,2025-09-01,12,raw,mom_percent,C,,2024-09-01,0.461635109240774,1.0,fb58a27c1ab60175de109f352bde24b256f4deb4ca43954aa6647bc493796998,current_revised_raw,model,available,,0.08019749399682041
20260909_m1_01,SeasonalNaive,56ffec5c80e5062543e1445f867f5b14a112c60fc42c7a9ed8585e9760902519,2026-09-09T06:50:43.306315+00:00,,2024-09-01,2024-10-01,1,raw,mom_percent,C,,2024-09-01,0.45999999999999375,1.019999999999996,fb58a27c1ab60175de109f352bde24b256f4deb4ca43954aa6647bc493796998,current_revised_raw,model,available,,8.910799806471914e-05
20260909_m1_01,SeasonalNaive,56ffec5c80e5062543e1445f867f5b14a112c60fc42c7a9ed8585e9760902519,2026-09-09T06:50:43.306315+00:00,,2024-09-01,2024-11-01,2,raw,mom_percent,C,,2024-09-01,0.7399999999999949,1.5,fb58a27c1ab60175de109f352bde24b256f4deb4ca43954aa6647bc493796998,current_revised_raw,model,available,,9.436799882678315e-05
20260909_m1_01,SeasonalNaive,56ffec5c80e5062543e1445f867f5b14a112c60fc42c7a9ed8585e9760902519,2026-09-09T06:50:43.306315+00:00,,2024-09-01,2025-09-01,12,raw,mom_percent,C,,2024-09-01,0.6200000000000045,1.0,fb58a27c1ab60175de109f352bde24b256f4deb4ca43954aa6647bc493796998,current_revised_raw,model,available,,9.87860003078822e-05
20260909_m1_01,Micro,56ffec5c80e5062543e1445f867f5b14a112c60fc42c7a9ed8585e9760902519,2026-09-09T06:50:43.306315+00:00,,2024-09-01,2024-10-01,1,raw,mom_percent,C,2024-01-01,2024-09-01,0.5724308103046853,1.019999999999996,fb58a27c1ab60175de109f352bde24b256f4deb4ca43954aa6647bc493796998,current_revised_raw,model,available,,1.8638793940008327
20260909_m1_01,Micro,56ffec5c80e5062543e1445f867f5b14a112c60fc42c7a9ed8585e9760902519,2026-09-09T06:50:43.306315+00:00,,2024-09-01,2024-11-01,2,raw,mom_percent,C,2024-01-01,2024-09-01,0.6773713805096869,1.5,fb58a27c1ab60175de109f352bde24b256f4deb4ca43954aa6647bc493796998,current_revised_raw,model,available,,1.8638867679983377
20260909_m1_01,Micro,56ffec5c80e5062543e1445f867f5b14a112c60fc42c7a9ed8585e9760902519,2026-09-09T06:50:43.306315+00:00,,2024-09-01,2025-09-01,12,raw,mom_percent,C,2024-01-01,2024-09-01,0.40812284080288963,1.0,fb58a27c1ab60175de109f352bde24b256f4deb4ca43954aa6647bc493796998,current_revised_raw,model,available,,1.8638919479999458
20260909_m1_01,GroupsFixed,56ffec5c80e5062543e1445f867f5b14a112c60fc42c7a9ed8585e9760902519,2026-09-09T06:50:43.306315+00:00,,2024-09-01,2024-10-01,1,raw,mom_percent,C,2024-01-01,2024-09-01,0.5312515032184253,1.019999999999996,fb58a27c1ab60175de109f352bde24b256f4deb4ca43954aa6647bc493796998,current_revised_raw,model,available,,0.048167585002374835
20260909_m1_01,GroupsFixed,56ffec5c80e5062543e1445f867f5b14a112c60fc42c7a9ed8585e9760902519,2026-09-09T06:50:43.306315+00:00,,2024-09-01,2024-11-01,2,raw,mom_percent,C,2024-01-01,2024-09-01,0.5627327084095959,1.5,fb58a27c1ab60175de109f352bde24b256f4deb4ca43954aa6647bc493796998,current_revised_raw,model,available,,0.04817325499971048
20260909_m1_01,GroupsFixed,56ffec5c80e5062543e1445f867f5b14a112c60fc42c7a9ed8585e9760902519,2026-09-09T06:50:43.306315+00:00,,2024-09-01,2025-09-01,12,raw,mom_percent,C,2024-01-01,2024-09-01,0.3209548431840374,1.0,fb58a27c1ab60175de109f352bde24b256f4deb4ca43954aa6647bc493796998,current_revised_raw,model,available,,0.048177724002016475
20260909_m1_01,GroupsDated,56ffec5c80e5062543e1445f867f5b14a112c60fc42c7a9ed8585e9760902519,2026-09-09T06:50:43.306315+00:00,,2024-09-01,2024-10-01,1,raw,mom_percent,C,2024-01-01,2024-09-01,0.5193111696211351,1.019999999999996,fb58a27c1ab60175de109f352bde24b256f4deb4ca43954aa6647bc493796998,current_revised_raw,model,available,,0.007831548002286581
20260909_m1_01,GroupsDated,56ffec5c80e5062543e1445f867f5b14a112c60fc42c7a9ed8585e9760902519,2026-09-09T06:50:43.306315+00:00,,2024-09-01,2024-11-01,2,raw,mom_percent,C,2024-01-01,2024-09-01,0.5520123035680005,1.5,fb58a27c1ab60175de109f352bde24b256f4deb4ca43954aa6647bc493796998,current_revised_raw,model,available,,0.007836828001018148
20260909_m1_01,GroupsDated,56ffec5c80e5062543e1445f867f5b14a112c60fc42c7a9ed8585e9760902519,2026-09-09T06:50:43.306315+00:00,,2024-09-01,2025-09-01,12,raw,mom_percent,C,2024-01-01,2024-09-01,0.31072528757381485,1.0,fb58a27c1ab60175de109f352bde24b256f4deb4ca43954aa6647bc493796998,current_revised_raw,model,available,,0.007840926002245396
20260909_m1_01,Ridge,56ffec5c80e5062543e1445f867f5b14a112c60fc42c7a9ed8585e9760902519,2026-09-09T06:50:43.306315+00:00,,2024-10-01,2024-11-01,1,raw,mom_percent,C,,2024-10-01,0.607538405310251,1.5,fb58a27c1ab60175de109f352bde24b256f4deb4ca43954aa6647bc493796998,current_revised_raw,model,available,,0.039175014000647934
20260909_m1_01,Ridge,56ffec5c80e5062543e1445f867f5b14a112c60fc42c7a9ed8585e9760902519,2026-09-09T06:50:43.306315+00:00,,2024-10-01,2024-12-01,2,raw,mom_percent,C,,2024-10-01,0.6109224754356575,0.9099999999999966,fb58a27c1ab60175de109f352bde24b256f4deb4ca43954aa6647bc493796998,current_revised_raw,model,available,,0.03918201700071222
20260909_m1_01,Ridge,56ffec5c80e5062543e1445f867f5b14a112c60fc42c7a9ed8585e9760902519,2026-09-09T06:50:43.306315+00:00,,2024-10-01,2025-10-01,12,raw,mom_percent,C,,2024-10-01,0.5720801023915953,0.5300000000000011,fb58a27c1ab60175de109f352bde24b256f4deb4ca43954aa6647bc493796998,current_revised_raw,model,available,,0.039189480998174986
20260909_m1_01,Huber,56ffec5c80e5062543e1445f867f5b14a112c60fc42c7a9ed8585e9760902519,2026-09-09T06:50:43.306315+00:00,,2024-10-01,2024-11-01,1,raw,mom_percent,C,,2024-10-01,0.5648722423125463,1.5,fb58a27c1ab60175de109f352bde24b256f4deb4ca43954aa6647bc493796998,current_revised_raw,model,available,,0.08016542599943932
20260909_m1_01,Huber,56ffec5c80e5062543e1445f867f5b14a112c60fc42c7a9ed8585e9760902519,2026-09-09T06:50:43.306315+00:00,,2024-10-01,2024-12-01,2,raw,mom_percent,C,,2024-10-01,0.8965527536076934,0.9099999999999966,fb58a27c1ab60175de109f352bde24b256f4deb4ca43954aa6647bc493796998,current_revised_raw,model,available,,0.08017112699963036
20260909_m1_01,Huber,56ffec5c80e5062543e1445f867f5b14a112c60fc42c7a9ed8585e9760902519,2026-09-09T06:50:43.306315+00:00,,2024-10-01,2025-10-01,12,raw,mom_percent,C,,2024-10-01,0.5955638830390342,0.5300000000000011,fb58a27c1ab60175de109f352bde24b256f4deb4ca43954aa6647bc493796998,current_revised_raw,model,available,,0.0801755749998847
20260909_m1_01,SeasonalNaive,56ffec5c80e5062543e1445f867f5b14a112c60fc42c7a9ed8585e9760902519,2026-09-09T06:50:43.306315+00:00,,2024-10-01,2024-11-01,1,raw,mom_percent,C,,2024-10-01,0.7399999999999949,1.5,fb58a27c1ab60175de109f352bde24b256f4deb4ca43954aa6647bc493796998,current_revised_raw,model,available,,8.959899787441827e-05
20260909_m1_01,SeasonalNaive,56ffec5c80e5062543e1445f867f5b14a112c60fc42c7a9ed8585e9760902519,2026-09-09T06:50:43.306315+00:00,,2024-10-01,2024-12-01,2,raw,mom_percent,C,,2024-10-01,0.29000000000000625,0.9099999999999966,fb58a27c1ab60175de109f352bde24b256f4deb4ca43954aa6647bc493796998,current_revised_raw,model,available,,9.478900028625503e-05
20260909_m1_01,SeasonalNaive,56ffec5c80e5062543e1445f867f5b14a112c60fc42c7a9ed8585e9760902519,2026-09-09T06:50:43.306315+00:00,,2024-10-01,2025-10-01,12,raw,mom_percent,C,,2024-10-01,1.019999999999996,0.5300000000000011,fb58a27c1ab60175de109f352bde24b256f4deb4ca43954aa6647bc493796998,current_revised_raw,model,available,,9.89559994195588e-05
20260909_m1_01,Micro,56ffec5c80e5062543e1445f867f5b14a112c60fc42c7a9ed8585e9760902519,2026-09-09T06:50:43.306315+00:00,,2024-10-01,2024-11-01,1,raw,mom_percent,C,2024-01-01,2024-10-01,0.700777644272566,1.5,fb58a27c1ab60175de109f352bde24b256f4deb4ca43954aa6647bc493796998,current_revised_raw,model,available,,1.8139111060008872
20260909_m1_01,Micro,56ffec5c80e5062543e1445f867f5b14a112c60fc42c7a9ed8585e9760902519,2026-09-09T06:50:43.306315+00:00,,2024-10-01,2024-12-01,2,raw,mom_percent,C,2024-01-01,2024-10-01,0.6703343790422134,0.9099999999999966,fb58a27c1ab60175de109f352bde24b256f4deb4ca43954aa6647bc493796998,current_revised_raw,model,available,,1.813920724001946
20260909_m1_01,Micro,56ffec5c80e5062543e1445f867f5b14a112c60fc42c7a9ed8585e9760902519,2026-09-09T06:50:43.306315+00:00,,2024-10-01,2025-10-01,12,raw,mom_percent,C,2024-01-01,2024-10-01,0.5273401759082587,0.5300000000000011,fb58a27c1ab60175de109f352bde24b256f4deb4ca43954aa6647bc493796998,current_revised_raw,model,available,,1.8139266250000219
20260909_m1_01,GroupsFixed,56ffec5c80e5062543e1445f867f5b14a112c60fc42c7a9ed8585e9760902519,2026-09-09T06:50:43.306315+00:00,,2024-10-01,2024-11-01,1,raw,mom_percent,C,2024-01-01,2024-10-01,0.656784522565623,1.5,fb58a27c1ab60175de109f352bde24b256f4deb4ca43954aa6647bc493796998,current_revised_raw,model,available,,0.046617347998108016
20260909_m1_01,GroupsFixed,56ffec5c80e5062543e1445f867f5b14a112c60fc42c7a9ed8585e9760902519,2026-09-09T06:50:43.306315+00:00,,2024-10-01,2024-12-01,2,raw,mom_percent,C,2024-01-01,2024-10-01,0.6569150141168063,0.9099999999999966,fb58a27c1ab60175de109f352bde24b256f4deb4ca43954aa6647bc493796998,current_revised_raw,model,available,,0.04662279900003341
20260909_m1_01,GroupsFixed,56ffec5c80e5062543e1445f867f5b14a112c60fc42c7a9ed8585e9760902519,2026-09-09T06:50:43.306315+00:00,,2024-10-01,2025-10-01,12,raw,mom_percent,C,2024-01-01,2024-10-01,0.41779953799006053,0.5300000000000011,fb58a27c1ab60175de109f352bde24b256f4deb4ca43954aa6647bc493796998,current_revised_raw,model,available,,0.046627157000330044
20260909_m1_01,GroupsDated,56ffec5c80e5062543e1445f867f5b14a112c60fc42c7a9ed8585e9760902519,2026-09-09T06:50:43.306315+00:00,,2024-10-01,2024-11-01,1,raw,mom_percent,C,2024-01-01,2024-10-01,0.6557788067406609,1.5,fb58a27c1ab60175de109f352bde24b256f4deb4ca43954aa6647bc493796998,current_revised_raw,model,available,,0.007827741999790305
20260909_m1_01,GroupsDated,56ffec5c80e5062543e1445f867f5b14a112c60fc42c7a9ed8585e9760902519,2026-09-09T06:50:43.306315+00:00,,2024-10-01,2024-12-01,2,raw,mom_percent,C,2024-01-01,2024-10-01,0.6557149228663328,0.9099999999999966,fb58a27c1ab60175de109f352bde24b256f4deb4ca43954aa6647bc493796998,current_revised_raw,model,available,,0.00783331200000248
20260909_m1_01,GroupsDated,56ffec5c80e5062543e1445f867f5b14a112c60fc42c7a9ed8585e9760902519,2026-09-09T06:50:43.306315+00:00,,2024-10-01,2025-10-01,12,raw,mom_percent,C,2024-01-01,2024-10-01,0.4106340087242836,0.5300000000000011,fb58a27c1ab60175de109f352bde24b256f4deb4ca43954aa6647bc493796998,current_revised_raw,model,available,,0.007837559998733923
20260909_m1_01,Ridge,56ffec5c80e5062543e1445f867f5b14a112c60fc42c7a9ed8585e9760902519,2026-09-09T06:50:43.306315+00:00,,2024-11-01,2024-12-01,1,raw,mom_percent,C,,2024-11-01,1.3414984125563194,0.9099999999999966,fb58a27c1ab60175de109f352bde24b256f4deb4ca43954aa6647bc493796998,current_revised_raw,model,available,,0.03847345000031055
20260909_m1_01,Ridge,56ffec5c80e5062543e1445f867f5b14a112c60fc42c7a9ed8585e9760902519,2026-09-09T06:50:43.306315+00:00,,2024-11-01,2025-01-01,2,raw,mom_percent,C,,2024-11-01,1.0056700019018479,0.8400000000000034,fb58a27c1ab60175de109f352bde24b256f4deb4ca43954aa6647bc493796998,current_revised_raw,model,available,,0.038479451002785936
20260909_m1_01,Ridge,56ffec5c80e5062543e1445f867f5b14a112c60fc42c7a9ed8585e9760902519,2026-09-09T06:50:43.306315+00:00,,2024-11-01,2025-11-01,12,raw,mom_percent,C,,2024-11-01,0.39312425475183943,0.15000000000000568,fb58a27c1ab60175de109f352bde24b256f4deb4ca43954aa6647bc493796998,current_revised_raw,model,available,,0.0384841699997196
20260909_m1_01,Huber,56ffec5c80e5062543e1445f867f5b14a112c60fc42c7a9ed8585e9760902519,2026-09-09T06:50:43.306315+00:00,,2024-11-01,2024-12-01,1,raw,mom_percent,C,,2024-11-01,1.2471708564907829,0.9099999999999966,fb58a27c1ab60175de109f352bde24b256f4deb4ca43954aa6647bc493796998,current_revised_raw,model,available,,0.07676253200042993
20260909_m1_01,Huber,56ffec5c80e5062543e1445f867f5b14a112c60fc42c7a9ed8585e9760902519,2026-09-09T06:50:43.306315+00:00,,2024-11-01,2025-01-01,2,raw,mom_percent,C,,2024-11-01,1.0134900480488795,0.8400000000000034,fb58a27c1ab60175de109f352bde24b256f4deb4ca43954aa6647bc493796998,current_revised_raw,model,available,,0.07676865299799829
20260909_m1_01,Huber,56ffec5c80e5062543e1445f867f5b14a112c60fc42c7a9ed8585e9760902519,2026-09-09T06:50:43.306315+00:00,,2024-11-01,2025-11-01,12,raw,mom_percent,C,,2024-11-01,0.6164645273919263,0.15000000000000568,fb58a27c1ab60175de109f352bde24b256f4deb4ca43954aa6647bc493796998,current_revised_raw,model,available,,0.0767748649996065
20260909_m1_01,SeasonalNaive,56ffec5c80e5062543e1445f867f5b14a112c60fc42c7a9ed8585e9760902519,2026-09-09T06:50:43.306315+00:00,,2024-11-01,2024-12-01,1,raw,mom_percent,C,,2024-11-01,0.29000000000000625,0.9099999999999966,fb58a27c1ab60175de109f352bde24b256f4deb4ca43954aa6647bc493796998,current_revised_raw,model,available,,8.925799920689315e-05
20260909_m1_01,SeasonalNaive,56ffec5c80e5062543e1445f867f5b14a112c60fc42c7a9ed8585e9760902519,2026-09-09T06:50:43.306315+00:00,,2024-11-01,2025-01-01,2,raw,mom_percent,C,,2024-11-01,0.8700000000000045,0.8400000000000034,fb58a27c1ab60175de109f352bde24b256f4deb4ca43954aa6647bc493796998,current_revised_raw,model,available,,9.420800051884726e-05
20260909_m1_01,SeasonalNaive,56ffec5c80e5062543e1445f867f5b14a112c60fc42c7a9ed8585e9760902519,2026-09-09T06:50:43.306315+00:00,,2024-11-01,2025-11-01,12,raw,mom_percent,C,,2024-11-01,1.5,0.15000000000000568,fb58a27c1ab60175de109f352bde24b256f4deb4ca43954aa6647bc493796998,current_revised_raw,model,available,,9.837600009632297e-05
20260909_m1_01,Micro,56ffec5c80e5062543e1445f867f5b14a112c60fc42c7a9ed8585e9760902519,2026-09-09T06:50:43.306315+00:00,,2024-11-01,2024-12-01,1,raw,mom_percent,C,2024-01-01,2024-11-01,0.7475525593426326,0.9099999999999966,fb58a27c1ab60175de109f352bde24b256f4deb4ca43954aa6647bc493796998,current_revised_raw,model,available,,1.84187120900242
20260909_m1_01,Micro,56ffec5c80e5062543e1445f867f5b14a112c60fc42c7a9ed8585e9760902519,2026-09-09T06:50:43.306315+00:00,,2024-11-01,2025-01-01,2,raw,mom_percent,C,2024-01-01,2024-11-01,0.7466504114324135,0.8400000000000034,fb58a27c1ab60175de109f352bde24b256f4deb4ca43954aa6647bc493796998,current_revised_raw,model,available,,1.8418786430011096
20260909_m1_01,Micro,56ffec5c80e5062543e1445f867f5b14a112c60fc42c7a9ed8585e9760902519,2026-09-09T06:50:43.306315+00:00,,2024-11-01,2025-11-01,12,raw,mom_percent,C,2024-01-01,2024-11-01,0.7109703692071414,0.15000000000000568,fb58a27c1ab60175de109f352bde24b256f4deb4ca43954aa6647bc493796998,current_revised_raw,model,available,,1.8418835119991854
20260909_m1_01,GroupsFixed,56ffec5c80e5062543e1445f867f5b14a112c60fc42c7a9ed8585e9760902519,2026-09-09T06:50:43.306315+00:00,,2024-11-01,2024-12-01,1,raw,mom_percent,C,2024-01-01,2024-11-01,0.7509552267660614,0.9099999999999966,fb58a27c1ab60175de109f352bde24b256f4deb4ca43954aa6647bc493796998,current_revised_raw,model,available,,0.047083368997846264
20260909_m1_01,GroupsFixed,56ffec5c80e5062543e1445f867f5b14a112c60fc42c7a9ed8585e9760902519,2026-09-09T06:50:43.306315+00:00,,2024-11-01,2025-01-01,2,raw,mom_percent,C,2024-01-01,2024-11-01,0.7086191951500509,0.8400000000000034,fb58a27c1ab60175de109f352bde24b256f4deb4ca43954aa6647bc493796998,current_revised_raw,model,available,,0.04708933099755086
20260909_m1_01,GroupsFixed,56ffec5c80e5062543e1445f867f5b14a112c60fc42c7a9ed8585e9760902519,2026-09-09T06:50:43.306315+00:00,,2024-11-01,2025-11-01,12,raw,mom_percent,C,2024-01-01,2024-11-01,0.5741390274691409,0.15000000000000568,fb58a27c1ab60175de109f352bde24b256f4deb4ca43954aa6647bc493796998,current_revised_raw,model,available,,0.04709363899746677
20260909_m1_01,GroupsDated,56ffec5c80e5062543e1445f867f5b14a112c60fc42c7a9ed8585e9760902519,2026-09-09T06:50:43.306315+00:00,,2024-11-01,2024-12-01,1,raw,mom_percent,C,2024-01-01,2024-11-01,0.768371201207157,0.9099999999999966,fb58a27c1ab60175de109f352bde24b256f4deb4ca43954aa6647bc493796998,current_revised_raw,model,available,,0.007844783998734783
20260909_m1_01,GroupsDated,56ffec5c80e5062543e1445f867f5b14a112c60fc42c7a9ed8585e9760902519,2026-09-09T06:50:43.306315+00:00,,2024-11-01,2025-01-01,2,raw,mom_percent,C,2024-01-01,2024-11-01,0.7304759344827652,0.8400000000000034,fb58a27c1ab60175de109f352bde24b256f4deb4ca43954aa6647bc493796998,current_revised_raw,model,available,,0.007850234000216005
20260909_m1_01,GroupsDated,56ffec5c80e5062543e1445f867f5b14a112c60fc42c7a9ed8585e9760902519,2026-09-09T06:50:43.306315+00:00,,2024-11-01,2025-11-01,12,raw,mom_percent,C,2024-01-01,2024-11-01,0.5804345215214085,0.15000000000000568,fb58a27c1ab60175de109f352bde24b256f4deb4ca43954aa6647bc493796998,current_revised_raw,model,available,,0.007854551997297676
20260909_m1_01,Ridge,56ffec5c80e5062543e1445f867f5b14a112c60fc42c7a9ed8585e9760902519,2026-09-09T06:50:43.306315+00:00,,2024-12-01,2025-01-01,1,raw,mom_percent,C,,2024-12-01,1.0169458929670725,0.8400000000000034,fb58a27c1ab60175de109f352bde24b256f4deb4ca43954aa6647bc493796998,current_revised_raw,model,available,,0.03916265299994848
20260909_m1_01,Ridge,56ffec5c80e5062543e1445f867f5b14a112c60fc42c7a9ed8585e9760902519,2026-09-09T06:50:43.306315+00:00,,2024-12-01,2025-02-01,2,raw,mom_percent,C,,2024-12-01,0.7515062947451412,1.3400000000000034,fb58a27c1ab60175de109f352bde24b256f4deb4ca43954aa6647bc493796998,current_revised_raw,model,available,,0.039168674000393366
20260909_m1_01,Ridge,56ffec5c80e5062543e1445f867f5b14a112c60fc42c7a9ed8585e9760902519,2026-09-09T06:50:43.306315+00:00,,2024-12-01,2025-12-01,12,raw,mom_percent,C,,2024-12-01,0.6489845333985329,0.29000000000000625,fb58a27c1ab60175de109f352bde24b256f4deb4ca43954aa6647bc493796998,current_revised_raw,model,available,,0.03917318299863837
20260909_m1_01,Huber,56ffec5c80e5062543e1445f867f5b14a112c60fc42c7a9ed8585e9760902519,2026-09-09T06:50:43.306315+00:00,,2024-12-01,2025-01-01,1,raw,mom_percent,C,,2024-12-01,1.023235890537407,0.8400000000000034,fb58a27c1ab60175de109f352bde24b256f4deb4ca43954aa6647bc493796998,current_revised_raw,model,available,,0.08148640400031582
20260909_m1_01,Huber,56ffec5c80e5062543e1445f867f5b14a112c60fc42c7a9ed8585e9760902519,2026-09-09T06:50:43.306315+00:00,,2024-12-01,2025-02-01,2,raw,mom_percent,C,,2024-12-01,0.8544837800701117,1.3400000000000034,fb58a27c1ab60175de109f352bde24b256f4deb4ca43954aa6647bc493796998,current_revised_raw,model,available,,0.0814924059995974
20260909_m1_01,Huber,56ffec5c80e5062543e1445f867f5b14a112c60fc42c7a9ed8585e9760902519,2026-09-09T06:50:43.306315+00:00,,2024-12-01,2025-12-01,12,raw,mom_percent,C,,2024-12-01,0.84792152877489,0.29000000000000625,fb58a27c1ab60175de109f352bde24b256f4deb4ca43954aa6647bc493796998,current_revised_raw,model,available,,0.08149702399896341
20260909_m1_01,SeasonalNaive,56ffec5c80e5062543e1445f867f5b14a112c60fc42c7a9ed8585e9760902519,2026-09-09T06:50:43.306315+00:00,,2024-12-01,2025-01-01,1,raw,mom_percent,C,,2024-12-01,0.8700000000000045,0.8400000000000034,fb58a27c1ab60175de109f352bde24b256f4deb4ca43954aa6647bc493796998,current_revised_raw,model,available,,8.915799844544381e-05
20260909_m1_01,SeasonalNaive,56ffec5c80e5062543e1445f867f5b14a112c60fc42c7a9ed8585e9760902519,2026-09-09T06:50:43.306315+00:00,,2024-12-01,2025-02-01,2,raw,mom_percent,C,,2024-12-01,0.5300000000000011,1.3400000000000034,fb58a27c1ab60175de109f352bde24b256f4deb4ca43954aa6647bc493796998,current_revised_raw,model,available,,9.46079999266658e-05
20260909_m1_01,SeasonalNaive,56ffec5c80e5062543e1445f867f5b14a112c60fc42c7a9ed8585e9760902519,2026-09-09T06:50:43.306315+00:00,,2024-12-01,2025-12-01,12,raw,mom_percent,C,,2024-12-01,0.9099999999999966,0.29000000000000625,fb58a27c1ab60175de109f352bde24b256f4deb4ca43954aa6647bc493796998,current_revised_raw,model,available,,9.880599827738479e-05
20260909_m1_01,Micro,56ffec5c80e5062543e1445f867f5b14a112c60fc42c7a9ed8585e9760902519,2026-09-09T06:50:43.306315+00:00,,2024-12-01,2025-01-01,1,raw,mom_percent,C,2024-01-01,2024-12-01,0.77344505801637,0.8400000000000034,fb58a27c1ab60175de109f352bde24b256f4deb4ca43954aa6647bc493796998,current_revised_raw,model,available,,1.8839137670001946
20260909_m1_01,Micro,56ffec5c80e5062543e1445f867f5b14a112c60fc42c7a9ed8585e9760902519,2026-09-09T06:50:43.306315+00:00,,2024-12-01,2025-02-01,2,raw,mom_percent,C,2024-01-01,2024-12-01,0.6901049329135194,1.3400000000000034,fb58a27c1ab60175de109f352bde24b256f4deb4ca43954aa6647bc493796998,current_revised_raw,model,available,,1.883921332002501
20260909_m1_01,Micro,56ffec5c80e5062543e1445f867f5b14a112c60fc42c7a9ed8585e9760902519,2026-09-09T06:50:43.306315+00:00,,2024-12-01,2025-12-01,12,raw,mom_percent,C,2024-01-01,2024-12-01,0.7245249379886037,0.29000000000000625,fb58a27c1ab60175de109f352bde24b256f4deb4ca43954aa6647bc493796998,current_revised_raw,model,available,,1.8839272030018037
20260909_m1_01,GroupsFixed,56ffec5c80e5062543e1445f867f5b14a112c60fc42c7a9ed8585e9760902519,2026-09-09T06:50:43.306315+00:00,,2024-12-01,2025-01-01,1,raw,mom_percent,C,2024-01-01,2024-12-01,0.7571784503615708,0.8400000000000034,fb58a27c1ab60175de109f352bde24b256f4deb4ca43954aa6647bc493796998,current_revised_raw,model,available,,0.04763228700176114
20260909_m1_01,GroupsFixed,56ffec5c80e5062543e1445f867f5b14a112c60fc42c7a9ed8585e9760902519,2026-09-09T06:50:43.306315+00:00,,2024-12-01,2025-02-01,2,raw,mom_percent,C,2024-01-01,2024-12-01,0.6213194446944047,1.3400000000000034,fb58a27c1ab60175de109f352bde24b256f4deb4ca43954aa6647bc493796998,current_revised_raw,model,available,,0.04763768700286164
20260909_m1_01,GroupsFixed,56ffec5c80e5062543e1445f867f5b14a112c60fc42c7a9ed8585e9760902519,2026-09-09T06:50:43.306315+00:00,,2024-12-01,2025-12-01,12,raw,mom_percent,C,2024-01-01,2024-12-01,0.701757687999061,0.29000000000000625,fb58a27c1ab60175de109f352bde24b256f4deb4ca43954aa6647bc493796998,current_revised_raw,model,available,,0.047642135999922175
20260909_m1_01,GroupsDated,56ffec5c80e5062543e1445f867f5b14a112c60fc42c7a9ed8585e9760902519,2026-09-09T06:50:43.306315+00:00,,2024-12-01,2025-01-01,1,raw,mom_percent,C,2024-01-01,2024-12-01,0.784855027923593,0.8400000000000034,fb58a27c1ab60175de109f352bde24b256f4deb4ca43954aa6647bc493796998,current_revised_raw,model,available,,0.007752981000521686
20260909_m1_01,GroupsDated,56ffec5c80e5062543e1445f867f5b14a112c60fc42c7a9ed8585e9760902519,2026-09-09T06:50:43.306315+00:00,,2024-12-01,2025-02-01,2,raw,mom_percent,C,2024-01-01,2024-12-01,0.6534036148565346,1.3400000000000034,fb58a27c1ab60175de109f352bde24b256f4deb4ca43954aa6647bc493796998,current_revised_raw,model,available,,0.007758361000014702
20260909_m1_01,GroupsDated,56ffec5c80e5062543e1445f867f5b14a112c60fc42c7a9ed8585e9760902519,2026-09-09T06:50:43.306315+00:00,,2024-12-01,2025-12-01,12,raw,mom_percent,C,2024-01-01,2024-12-01,0.7356455452545647,0.29000000000000625,fb58a27c1ab60175de109f352bde24b256f4deb4ca43954aa6647bc493796998,current_revised_raw,model,available,,0.007762539000395918
20260909_m1_01,Ridge,56ffec5c80e5062543e1445f867f5b14a112c60fc42c7a9ed8585e9760902519,2026-09-09T06:50:43.306315+00:00,,2025-01-01,2025-02-01,1,raw,mom_percent,C,,2025-01-01,0.5357303575424908,1.3400000000000034,fb58a27c1ab60175de109f352bde24b256f4deb4ca43954aa6647bc493796998,current_revised_raw,model,available,,0.039215102999150986
20260909_m1_01,Ridge,56ffec5c80e5062543e1445f867f5b14a112c60fc42c7a9ed8585e9760902519,2026-09-09T06:50:43.306315+00:00,,2025-01-01,2025-03-01,2,raw,mom_percent,C,,2025-01-01,0.5398740651284442,0.8100000000000023,fb58a27c1ab60175de109f352bde24b256f4deb4ca43954aa6647bc493796998,current_revised_raw,model,available,,0.039220913997269236
20260909_m1_01,Ridge,56ffec5c80e5062543e1445f867f5b14a112c60fc42c7a9ed8585e9760902519,2026-09-09T06:50:43.306315+00:00,,2025-01-01,2026-01-01,12,raw,mom_percent,C,,2025-01-01,0.9752331541712067,1.5699999999999932,fb58a27c1ab60175de109f352bde24b256f4deb4ca43954aa6647bc493796998,current_revised_raw,model,available,,0.03922531199714285
20260909_m1_01,Huber,56ffec5c80e5062543e1445f867f5b14a112c60fc42c7a9ed8585e9760902519,2026-09-09T06:50:43.306315+00:00,,2025-01-01,2025-02-01,1,raw,mom_percent,C,,2025-01-01,0.6693756427497846,1.3400000000000034,fb58a27c1ab60175de109f352bde24b256f4deb4ca43954aa6647bc493796998,current_revised_raw,model,available,,0.07457336099832901
20260909_m1_01,Huber,56ffec5c80e5062543e1445f867f5b14a112c60fc42c7a9ed8585e9760902519,2026-09-09T06:50:43.306315+00:00,,2025-01-01,2025-03-01,2,raw,mom_percent,C,,2025-01-01,0.6304919775218707,0.8100000000000023,fb58a27c1ab60175de109f352bde24b256f4deb4ca43954aa6647bc493796998,current_revised_raw,model,available,,0.07457947299917578
20260909_m1_01,Huber,56ffec5c80e5062543e1445f867f5b14a112c60fc42c7a9ed8585e9760902519,2026-09-09T06:50:43.306315+00:00,,2025-01-01,2026-01-01,12,raw,mom_percent,C,,2025-01-01,0.9785357827125267,1.5699999999999932,fb58a27c1ab60175de109f352bde24b256f4deb4ca43954aa6647bc493796998,current_revised_raw,model,available,,0.07458384100027615
20260909_m1_01,SeasonalNaive,56ffec5c80e5062543e1445f867f5b14a112c60fc42c7a9ed8585e9760902519,2026-09-09T06:50:43.306315+00:00,,2025-01-01,2025-02-01,1,raw,mom_percent,C,,2025-01-01,0.5300000000000011,1.3400000000000034,fb58a27c1ab60175de109f352bde24b256f4deb4ca43954aa6647bc493796998,current_revised_raw,model,available,,8.988899935502559e-05
20260909_m1_01,SeasonalNaive,56ffec5c80e5062543e1445f867f5b14a112c60fc42c7a9ed8585e9760902519,2026-09-09T06:50:43.306315+00:00,,2025-01-01,2025-03-01,2,raw,mom_percent,C,,2025-01-01,0.5300000000000011,0.8100000000000023,fb58a27c1ab60175de109f352bde24b256f4deb4ca43954aa6647bc493796998,current_revised_raw,model,available,,9.505900015938096e-05
20260909_m1_01,SeasonalNaive,56ffec5c80e5062543e1445f867f5b14a112c60fc42c7a9ed8585e9760902519,2026-09-09T06:50:43.306315+00:00,,2025-01-01,2026-01-01,12,raw,mom_percent,C,,2025-01-01,0.8400000000000034,1.5699999999999932,fb58a27c1ab60175de109f352bde24b256f4deb4ca43954aa6647bc493796998,current_revised_raw,model,available,,9.929700172506273e-05
20260909_m1_01,Micro,56ffec5c80e5062543e1445f867f5b14a112c60fc42c7a9ed8585e9760902519,2026-09-09T06:50:43.306315+00:00,,2025-01-01,2025-02-01,1,raw,mom_percent,C,2025-01-01,2025-01-01,0.7085018493931635,1.3400000000000034,fb58a27c1ab60175de109f352bde24b256f4deb4ca43954aa6647bc493796998,current_revised_raw,model,available,,1.914105779997044
20260909_m1_01,Micro,56ffec5c80e5062543e1445f867f5b14a112c60fc42c7a9ed8585e9760902519,2026-09-09T06:50:43.306315+00:00,,2025-01-01,2025-03-01,2,raw,mom_percent,C,2025-01-01,2025-01-01,0.749105187469405,0.8100000000000023,fb58a27c1ab60175de109f352bde24b256f4deb4ca43954aa6647bc493796998,current_revised_raw,model,available,,1.9141134040000907
20260909_m1_01,Micro,56ffec5c80e5062543e1445f867f5b14a112c60fc42c7a9ed8585e9760902519,2026-09-09T06:50:43.306315+00:00,,2025-01-01,2026-01-01,12,raw,mom_percent,C,2025-01-01,2025-01-01,0.8231288944416529,1.5699999999999932,fb58a27c1ab60175de109f352bde24b256f4deb4ca43954aa6647bc493796998,current_revised_raw,model,available,,1.9141189339970879
20260909_m1_01,GroupsFixed,56ffec5c80e5062543e1445f867f5b14a112c60fc42c7a9ed8585e9760902519,2026-09-09T06:50:43.306315+00:00,,2025-01-01,2025-02-01,1,raw,mom_percent,C,2025-01-01,2025-01-01,0.6655212086515462,1.3400000000000034,fb58a27c1ab60175de109f352bde24b256f4deb4ca43954aa6647bc493796998,current_revised_raw,model,available,,0.047683845998108154
20260909_m1_01,GroupsFixed,56ffec5c80e5062543e1445f867f5b14a112c60fc42c7a9ed8585e9760902519,2026-09-09T06:50:43.306315+00:00,,2025-01-01,2025-03-01,2,raw,mom_percent,C,2025-01-01,2025-01-01,0.6518042011901297,0.8100000000000023,fb58a27c1ab60175de109f352bde24b256f4deb4ca43954aa6647bc493796998,current_revised_raw,model,available,,0.04768951699952595
20260909_m1_01,GroupsFixed,56ffec5c80e5062543e1445f867f5b14a112c60fc42c7a9ed8585e9760902519,2026-09-09T06:50:43.306315+00:00,,2025-01-01,2026-01-01,12,raw,mom_percent,C,2025-01-01,2025-01-01,0.7591135282050968,1.5699999999999932,fb58a27c1ab60175de109f352bde24b256f4deb4ca43954aa6647bc493796998,current_revised_raw,model,available,,0.047694295997644076
20260909_m1_01,GroupsDated,56ffec5c80e5062543e1445f867f5b14a112c60fc42c7a9ed8585e9760902519,2026-09-09T06:50:43.306315+00:00,,2025-01-01,2025-02-01,1,raw,mom_percent,C,2025-01-01,2025-01-01,0.6688185631068767,1.3400000000000034,fb58a27c1ab60175de109f352bde24b256f4deb4ca43954aa6647bc493796998,current_revised_raw,model,available,,0.007884088001446798
20260909_m1_01,GroupsDated,56ffec5c80e5062543e1445f867f5b14a112c60fc42c7a9ed8585e9760902519,2026-09-09T06:50:43.306315+00:00,,2025-01-01,2025-03-01,2,raw,mom_percent,C,2025-01-01,2025-01-01,0.6554976645458993,0.8100000000000023,fb58a27c1ab60175de109f352bde24b256f4deb4ca43954aa6647bc493796998,current_revised_raw,model,available,,0.007889689000876388
20260909_m1_01,GroupsDated,56ffec5c80e5062543e1445f867f5b14a112c60fc42c7a9ed8585e9760902519,2026-09-09T06:50:43.306315+00:00,,2025-01-01,2026-01-01,12,raw,mom_percent,C,2025-01-01,2025-01-01,0.7641610353256633,1.5699999999999932,fb58a27c1ab60175de109f352bde24b256f4deb4ca43954aa6647bc493796998,current_revised_raw,model,available,,0.007894007001596037
20260909_m1_01,Ridge,56ffec5c80e5062543e1445f867f5b14a112c60fc42c7a9ed8585e9760902519,2026-09-09T06:50:43.306315+00:00,,2025-02-01,2025-03-01,1,raw,mom_percent,C,,2025-02-01,0.6613497105155801,0.8100000000000023,fb58a27c1ab60175de109f352bde24b256f4deb4ca43954aa6647bc493796998,current_revised_raw,model,available,,0.039669821999268606
20260909_m1_01,Ridge,56ffec5c80e5062543e1445f867f5b14a112c60fc42c7a9ed8585e9760902519,2026-09-09T06:50:43.306315+00:00,,2025-02-01,2025-04-01,2,raw,mom_percent,C,,2025-02-01,0.6812523406549218,0.5300000000000011,fb58a27c1ab60175de109f352bde24b256f4deb4ca43954aa6647bc493796998,current_revised_raw,model,available,,0.039676034000876825
20260909_m1_01,Ridge,56ffec5c80e5062543e1445f867f5b14a112c60fc42c7a9ed8585e9760902519,2026-09-09T06:50:43.306315+00:00,,2025-02-01,2026-02-01,12,raw,mom_percent,C,,2025-02-01,0.6593072219446157,1.0999999999999943,fb58a27c1ab60175de109f352bde24b256f4deb4ca43954aa6647bc493796998,current_revised_raw,model,available,,0.039680542999121826
20260909_m1_01,Huber,56ffec5c80e5062543e1445f867f5b14a112c60fc42c7a9ed8585e9760902519,2026-09-09T06:50:43.306315+00:00,,2025-02-01,2025-03-01,1,raw,mom_percent,C,,2025-02-01,0.6845439175296519,0.8100000000000023,fb58a27c1ab60175de109f352bde24b256f4deb4ca43954aa6647bc493796998,current_revised_raw,model,available,,0.07702716700077872
20260909_m1_01,Huber,56ffec5c80e5062543e1445f867f5b14a112c60fc42c7a9ed8585e9760902519,2026-09-09T06:50:43.306315+00:00,,2025-02-01,2025-04-01,2,raw,mom_percent,C,,2025-02-01,0.8535748256823581,0.5300000000000011,fb58a27c1ab60175de109f352bde24b256f4deb4ca43954aa6647bc493796998,current_revised_raw,model,available,,0.07703357900027186
20260909_m1_01,Huber,56ffec5c80e5062543e1445f867f5b14a112c60fc42c7a9ed8585e9760902519,2026-09-09T06:50:43.306315+00:00,,2025-02-01,2026-02-01,12,raw,mom_percent,C,,2025-02-01,0.7704758154210367,1.0999999999999943,fb58a27c1ab60175de109f352bde24b256f4deb4ca43954aa6647bc493796998,current_revised_raw,model,available,,0.07703854800274712
20260909_m1_01,SeasonalNaive,56ffec5c80e5062543e1445f867f5b14a112c60fc42c7a9ed8585e9760902519,2026-09-09T06:50:43.306315+00:00,,2025-02-01,2025-03-01,1,raw,mom_percent,C,,2025-02-01,0.5300000000000011,0.8100000000000023,fb58a27c1ab60175de109f352bde24b256f4deb4ca43954aa6647bc493796998,current_revised_raw,model,available,,9.637200128054246e-05
20260909_m1_01,SeasonalNaive,56ffec5c80e5062543e1445f867f5b14a112c60fc42c7a9ed8585e9760902519,2026-09-09T06:50:43.306315+00:00,,2025-02-01,2025-04-01,2,raw,mom_percent,C,,2025-02-01,0.37999999999999545,0.5300000000000011,fb58a27c1ab60175de109f352bde24b256f4deb4ca43954aa6647bc493796998,current_revised_raw,model,available,,0.00010156200005440041
20260909_m1_01,SeasonalNaive,56ffec5c80e5062543e1445f867f5b14a112c60fc42c7a9ed8585e9760902519,2026-09-09T06:50:43.306315+00:00,,2025-02-01,2026-02-01,12,raw,mom_percent,C,,2025-02-01,1.3400000000000034,1.0999999999999943,fb58a27c1ab60175de109f352bde24b256f4deb4ca43954aa6647bc493796998,current_revised_raw,model,available,,0.00010608099910314195
20260909_m1_01,Micro,56ffec5c80e5062543e1445f867f5b14a112c60fc42c7a9ed8585e9760902519,2026-09-09T06:50:43.306315+00:00,,2025-02-01,2025-03-01,1,raw,mom_percent,C,2025-01-01,2025-02-01,0.7564296484247299,0.8100000000000023,fb58a27c1ab60175de109f352bde24b256f4deb4ca43954aa6647bc493796998,current_revised_raw,model,available,,1.8749929789992166
20260909_m1_01,Micro,56ffec5c80e5062543e1445f867f5b14a112c60fc42c7a9ed8585e9760902519,2026-09-09T06:50:43.306315+00:00,,2025-02-01,2025-04-01,2,raw,mom_percent,C,2025-01-01,2025-02-01,0.6334459254783441,0.5300000000000011,fb58a27c1ab60175de109f352bde24b256f4deb4ca43954aa6647bc493796998,current_revised_raw,model,available,,1.8750007929993444
20260909_m1_01,Micro,56ffec5c80e5062543e1445f867f5b14a112c60fc42c7a9ed8585e9760902519,2026-09-09T06:50:43.306315+00:00,,2025-02-01,2026-02-01,12,raw,mom_percent,C,2025-01-01,2025-02-01,0.8245663102361306,1.0999999999999943,fb58a27c1ab60175de109f352bde24b256f4deb4ca43954aa6647bc493796998,current_revised_raw,model,available,,1.8750059730009525
20260909_m1_01,GroupsFixed,56ffec5c80e5062543e1445f867f5b14a112c60fc42c7a9ed8585e9760902519,2026-09-09T06:50:43.306315+00:00,,2025-02-01,2025-03-01,1,raw,mom_percent,C,2025-01-01,2025-02-01,0.6954719509805323,0.8100000000000023,fb58a27c1ab60175de109f352bde24b256f4deb4ca43954aa6647bc493796998,current_revised_raw,model,available,,0.048041031001048395
20260909_m1_01,GroupsFixed,56ffec5c80e5062543e1445f867f5b14a112c60fc42c7a9ed8585e9760902519,2026-09-09T06:50:43.306315+00:00,,2025-02-01,2025-04-01,2,raw,mom_percent,C,2025-01-01,2025-02-01,0.5582542021501818,0.5300000000000011,fb58a27c1ab60175de109f352bde24b256f4deb4ca43954aa6647bc493796998,current_revised_raw,model,available,,0.0480462509985955
20260909_m1_01,GroupsFixed,56ffec5c80e5062543e1445f867f5b14a112c60fc42c7a9ed8585e9760902519,2026-09-09T06:50:43.306315+00:00,,2025-02-01,2026-02-01,12,raw,mom_percent,C,2025-01-01,2025-02-01,0.7251416029597822,1.0999999999999943,fb58a27c1ab60175de109f352bde24b256f4deb4ca43954aa6647bc493796998,current_revised_raw,model,available,,0.04805047899935744
20260909_m1_01,GroupsDated,56ffec5c80e5062543e1445f867f5b14a112c60fc42c7a9ed8585e9760902519,2026-09-09T06:50:43.306315+00:00,,2025-02-01,2025-03-01,1,raw,mom_percent,C,2025-01-01,2025-02-01,0.704103949211721,0.8100000000000023,fb58a27c1ab60175de109f352bde24b256f4deb4ca43954aa6647bc493796998,current_revised_raw,model,available,,0.007931497999379644
20260909_m1_01,GroupsDated,56ffec5c80e5062543e1445f867f5b14a112c60fc42c7a9ed8585e9760902519,2026-09-09T06:50:43.306315+00:00,,2025-02-01,2025-04-01,2,raw,mom_percent,C,2025-01-01,2025-02-01,0.5663361323939854,0.5300000000000011,fb58a27c1ab60175de109f352bde24b256f4deb4ca43954aa6647bc493796998,current_revised_raw,model,available,,0.00793708799756132
20260909_m1_01,GroupsDated,56ffec5c80e5062543e1445f867f5b14a112c60fc42c7a9ed8585e9760902519,2026-09-09T06:50:43.306315+00:00,,2025-02-01,2026-02-01,12,raw,mom_percent,C,2025-01-01,2025-02-01,0.7410571406077987,1.0999999999999943,fb58a27c1ab60175de109f352bde24b256f4deb4ca43954aa6647bc493796998,current_revised_raw,model,available,,0.007941265997942537
20260909_m1_01,Ridge,56ffec5c80e5062543e1445f867f5b14a112c60fc42c7a9ed8585e9760902519,2026-09-09T06:50:43.306315+00:00,,2025-03-01,2025-04-01,1,raw,mom_percent,C,,2025-03-01,0.8991257290450676,0.5300000000000011,fb58a27c1ab60175de109f352bde24b256f4deb4ca43954aa6647bc493796998,current_revised_raw,model,available,,0.039321645999734756
20260909_m1_01,Ridge,56ffec5c80e5062543e1445f867f5b14a112c60fc42c7a9ed8585e9760902519,2026-09-09T06:50:43.306315+00:00,,2025-03-01,2025-05-01,2,raw,mom_percent,C,,2025-03-01,0.5000519700101904,-0.06999999999999318,fb58a27c1ab60175de109f352bde24b256f4deb4ca43954aa6647bc493796998,current_revised_raw,model,available,,0.03932780700051808
20260909_m1_01,Ridge,56ffec5c80e5062543e1445f867f5b14a112c60fc42c7a9ed8585e9760902519,2026-09-09T06:50:43.306315+00:00,,2025-03-01,2026-03-01,12,raw,mom_percent,C,,2025-03-01,0.6934769186194387,0.5400000000000063,fb58a27c1ab60175de109f352bde24b256f4deb4ca43954aa6647bc493796998,current_revised_raw,model,available,,0.039332285999989836
20260909_m1_01,Huber,56ffec5c80e5062543e1445f867f5b14a112c60fc42c7a9ed8585e9760902519,2026-09-09T06:50:43.306315+00:00,,2025-03-01,2025-04-01,1,raw,mom_percent,C,,2025-03-01,0.9453875809224712,0.5300000000000011,fb58a27c1ab60175de109f352bde24b256f4deb4ca43954aa6647bc493796998,current_revised_raw,model,available,,0.08007880199875217
20260909_m1_01,Huber,56ffec5c80e5062543e1445f867f5b14a112c60fc42c7a9ed8585e9760902519,2026-09-09T06:50:43.306315+00:00,,2025-03-01,2025-05-01,2,raw,mom_percent,C,,2025-03-01,0.498122630111709,-0.06999999999999318,fb58a27c1ab60175de109f352bde24b256f4deb4ca43954aa6647bc493796998,current_revised_raw,model,available,,0.08008505399993737
20260909_m1_01,Huber,56ffec5c80e5062543e1445f867f5b14a112c60fc42c7a9ed8585e9760902519,2026-09-09T06:50:43.306315+00:00,,2025-03-01,2026-03-01,12,raw,mom_percent,C,,2025-03-01,0.7135855577786856,0.5400000000000063,fb58a27c1ab60175de109f352bde24b256f4deb4ca43954aa6647bc493796998,current_revised_raw,model,available,,0.08008995300042443
20260909_m1_01,SeasonalNaive,56ffec5c80e5062543e1445f867f5b14a112c60fc42c7a9ed8585e9760902519,2026-09-09T06:50:43.306315+00:00,,2025-03-01,2025-04-01,1,raw,mom_percent,C,,2025-03-01,0.37999999999999545,0.5300000000000011,fb58a27c1ab60175de109f352bde24b256f4deb4ca43954aa6647bc493796998,current_revised_raw,model,available,,9.280599988414906e-05
20260909_m1_01,SeasonalNaive,56ffec5c80e5062543e1445f867f5b14a112c60fc42c7a9ed8585e9760902519,2026-09-09T06:50:43.306315+00:00,,2025-03-01,2025-05-01,2,raw,mom_percent,C,,2025-03-01,0.9399999999999977,-0.06999999999999318,fb58a27c1ab60175de109f352bde24b256f4deb4ca43954aa6647bc493796998,current_revised_raw,model,available,,9.81559969659429e-05
20260909_m1_01,SeasonalNaive,56ffec5c80e5062543e1445f867f5b14a112c60fc42c7a9ed8585e9760902519,2026-09-09T06:50:43.306315+00:00,,2025-03-01,2026-03-01,12,raw,mom_percent,C,,2025-03-01,0.8100000000000023,0.5400000000000063,fb58a27c1ab60175de109f352bde24b256f4deb4ca43954aa6647bc493796998,current_revised_raw,model,available,,0.00010246399688185193
20260909_m1_01,Micro,56ffec5c80e5062543e1445f867f5b14a112c60fc42c7a9ed8585e9760902519,2026-09-09T06:50:43.306315+00:00,,2025-03-01,2025-04-01,1,raw,mom_percent,C,2025-01-01,2025-03-01,0.6152863243742033,0.5300000000000011,fb58a27c1ab60175de109f352bde24b256f4deb4ca43954aa6647bc493796998,current_revised_raw,model,available,,1.8692397919985524
20260909_m1_01,Micro,56ffec5c80e5062543e1445f867f5b14a112c60fc42c7a9ed8585e9760902519,2026-09-09T06:50:43.306315+00:00,,2025-03-01,2025-05-01,2,raw,mom_percent,C,2025-01-01,2025-03-01,0.5695073480164325,-0.06999999999999318,fb58a27c1ab60175de109f352bde24b256f4deb4ca43954aa6647bc493796998,current_revised_raw,model,available,,1.8692478470002243
20260909_m1_01,Micro,56ffec5c80e5062543e1445f867f5b14a112c60fc42c7a9ed8585e9760902519,2026-09-09T06:50:43.306315+00:00,,2025-03-01,2026-03-01,12,raw,mom_percent,C,2025-01-01,2025-03-01,0.8013196327016352,0.5400000000000063,fb58a27c1ab60175de109f352bde24b256f4deb4ca43954aa6647bc493796998,current_revised_raw,model,available,,1.8692535879999923
20260909_m1_01,GroupsFixed,56ffec5c80e5062543e1445f867f5b14a112c60fc42c7a9ed8585e9760902519,2026-09-09T06:50:43.306315+00:00,,2025-03-01,2025-04-01,1,raw,mom_percent,C,2025-01-01,2025-03-01,0.5562168458038201,0.5300000000000011,fb58a27c1ab60175de109f352bde24b256f4deb4ca43954aa6647bc493796998,current_revised_raw,model,available,,0.047738200999447145
20260909_m1_01,GroupsFixed,56ffec5c80e5062543e1445f867f5b14a112c60fc42c7a9ed8585e9760902519,2026-09-09T06:50:43.306315+00:00,,2025-03-01,2025-05-01,2,raw,mom_percent,C,2025-01-01,2025-03-01,0.4512247614764938,-0.06999999999999318,fb58a27c1ab60175de109f352bde24b256f4deb4ca43954aa6647bc493796998,current_revised_raw,model,available,,0.047743731000082335
20260909_m1_01,GroupsFixed,56ffec5c80e5062543e1445f867f5b14a112c60fc42c7a9ed8585e9760902519,2026-09-09T06:50:43.306315+00:00,,2025-03-01,2026-03-01,12,raw,mom_percent,C,2025-01-01,2025-03-01,0.7078374145083641,0.5400000000000063,fb58a27c1ab60175de109f352bde24b256f4deb4ca43954aa6647bc493796998,current_revised_raw,model,available,,0.04774819999875035
20260909_m1_01,GroupsDated,56ffec5c80e5062543e1445f867f5b14a112c60fc42c7a9ed8585e9760902519,2026-09-09T06:50:43.306315+00:00,,2025-03-01,2025-04-01,1,raw,mom_percent,C,2025-01-01,2025-03-01,0.5666665897889135,0.5300000000000011,fb58a27c1ab60175de109f352bde24b256f4deb4ca43954aa6647bc493796998,current_revised_raw,model,available,,0.007907503000751603
20260909_m1_01,GroupsDated,56ffec5c80e5062543e1445f867f5b14a112c60fc42c7a9ed8585e9760902519,2026-09-09T06:50:43.306315+00:00,,2025-03-01,2025-05-01,2,raw,mom_percent,C,2025-01-01,2025-03-01,0.4542370676292429,-0.06999999999999318,fb58a27c1ab60175de109f352bde24b256f4deb4ca43954aa6647bc493796998,current_revised_raw,model,available,,0.007912763001513667
20260909_m1_01,GroupsDated,56ffec5c80e5062543e1445f867f5b14a112c60fc42c7a9ed8585e9760902519,2026-09-09T06:50:43.306315+00:00,,2025-03-01,2026-03-01,12,raw,mom_percent,C,2025-01-01,2025-03-01,0.7308314826049158,0.5400000000000063,fb58a27c1ab60175de109f352bde24b256f4deb4ca43954aa6647bc493796998,current_revised_raw,model,available,,0.007918765000795247
20260909_m1_01,Ridge,56ffec5c80e5062543e1445f867f5b14a112c60fc42c7a9ed8585e9760902519,2026-09-09T06:50:43.306315+00:00,,2025-04-01,2025-05-01,1,raw,mom_percent,C,,2025-04-01,0.47697970175472904,-0.06999999999999318,fb58a27c1ab60175de109f352bde24b256f4deb4ca43954aa6647bc493796998,current_revised_raw,model,available,,0.03925846700076363
20260909_m1_01,Ridge,56ffec5c80e5062543e1445f867f5b14a112c60fc42c7a9ed8585e9760902519,2026-09-09T06:50:43.306315+00:00,,2025-04-01,2025-06-01,2,raw,mom_percent,C,,2025-04-01,0.11523081568007854,-0.04000000000000625,fb58a27c1ab60175de109f352bde24b256f4deb4ca43954aa6647bc493796998,current_revised_raw,model,available,,0.039264327999262605
20260909_m1_01,Ridge,56ffec5c80e5062543e1445f867f5b14a112c60fc42c7a9ed8585e9760902519,2026-09-09T06:50:43.306315+00:00,,2025-04-01,2026-04-01,12,raw,mom_percent,C,,2025-04-01,0.6803377232823493,-0.28000000000000114,fb58a27c1ab60175de109f352bde24b256f4deb4ca43954aa6647bc493796998,current_revised_raw,model,available,,0.03926926799977082
20260909_m1_01,Huber,56ffec5c80e5062543e1445f867f5b14a112c60fc42c7a9ed8585e9760902519,2026-09-09T06:50:43.306315+00:00,,2025-04-01,2025-05-01,1,raw,mom_percent,C,,2025-04-01,0.47699809837681073,-0.06999999999999318,fb58a27c1ab60175de109f352bde24b256f4deb4ca43954aa6647bc493796998,current_revised_raw,model,available,,0.0806101980015228
20260909_m1_01,Huber,56ffec5c80e5062543e1445f867f5b14a112c60fc42c7a9ed8585e9760902519,2026-09-09T06:50:43.306315+00:00,,2025-04-01,2025-06-01,2,raw,mom_percent,C,,2025-04-01,0.10439125480071709,-0.04000000000000625,fb58a27c1ab60175de109f352bde24b256f4deb4ca43954aa6647bc493796998,current_revised_raw,model,available,,0.08061598800122738
20260909_m1_01,Huber,56ffec5c80e5062543e1445f867f5b14a112c60fc42c7a9ed8585e9760902519,2026-09-09T06:50:43.306315+00:00,,2025-04-01,2026-04-01,12,raw,mom_percent,C,,2025-04-01,0.6383122824977647,-0.28000000000000114,fb58a27c1ab60175de109f352bde24b256f4deb4ca43954aa6647bc493796998,current_revised_raw,model,available,,0.0806204569998954
20260909_m1_01,SeasonalNaive,56ffec5c80e5062543e1445f867f5b14a112c60fc42c7a9ed8585e9760902519,2026-09-09T06:50:43.306315+00:00,,2025-04-01,2025-05-01,1,raw,mom_percent,C,,2025-04-01,0.9399999999999977,-0.06999999999999318,fb58a27c1ab60175de109f352bde24b256f4deb4ca43954aa6647bc493796998,current_revised_raw,model,available,,8.875699859345332e-05
20260909_m1_01,SeasonalNaive,56ffec5c80e5062543e1445f867f5b14a112c60fc42c7a9ed8585e9760902519,2026-09-09T06:50:43.306315+00:00,,2025-04-01,2025-06-01,2,raw,mom_percent,C,,2025-04-01,0.18000000000000682,-0.04000000000000625,fb58a27c1ab60175de109f352bde24b256f4deb4ca43954aa6647bc493796998,current_revised_raw,model,available,,9.380700066685677e-05
20260909_m1_01,SeasonalNaive,56ffec5c80e5062543e1445f867f5b14a112c60fc42c7a9ed8585e9760902519,2026-09-09T06:50:43.306315+00:00,,2025-04-01,2026-04-01,12,raw,mom_percent,C,,2025-04-01,0.5300000000000011,-0.28000000000000114,fb58a27c1ab60175de109f352bde24b256f4deb4ca43954aa6647bc493796998,current_revised_raw,model,available,,9.815500015974976e-05
20260909_m1_01,Micro,56ffec5c80e5062543e1445f867f5b14a112c60fc42c7a9ed8585e9760902519,2026-09-09T06:50:43.306315+00:00,,2025-04-01,2025-05-01,1,raw,mom_percent,C,2025-01-01,2025-04-01,0.5763432371809505,-0.06999999999999318,fb58a27c1ab60175de109f352bde24b256f4deb4ca43954aa6647bc493796998,current_revised_raw,model,available,,1.9183732149977004
20260909_m1_01,Micro,56ffec5c80e5062543e1445f867f5b14a112c60fc42c7a9ed8585e9760902519,2026-09-09T06:50:43.306315+00:00,,2025-04-01,2025-06-01,2,raw,mom_percent,C,2025-01-01,2025-04-01,0.38304176645135035,-0.04000000000000625,fb58a27c1ab60175de109f352bde24b256f4deb4ca43954aa6647bc493796998,current_revised_raw,model,available,,1.9183809200003452
20260909_m1_01,Micro,56ffec5c80e5062543e1445f867f5b14a112c60fc42c7a9ed8585e9760902519,2026-09-09T06:50:43.306315+00:00,,2025-04-01,2026-04-01,12,raw,mom_percent,C,2025-01-01,2025-04-01,0.6598340713862058,-0.28000000000000114,fb58a27c1ab60175de109f352bde24b256f4deb4ca43954aa6647bc493796998,current_revised_raw,model,available,,1.9183862799982307
20260909_m1_01,GroupsFixed,56ffec5c80e5062543e1445f867f5b14a112c60fc42c7a9ed8585e9760902519,2026-09-09T06:50:43.306315+00:00,,2025-04-01,2025-05-01,1,raw,mom_percent,C,2025-01-01,2025-04-01,0.4313107313923347,-0.06999999999999318,fb58a27c1ab60175de109f352bde24b256f4deb4ca43954aa6647bc493796998,current_revised_raw,model,available,,0.04791907300023013
20260909_m1_01,GroupsFixed,56ffec5c80e5062543e1445f867f5b14a112c60fc42c7a9ed8585e9760902519,2026-09-09T06:50:43.306315+00:00,,2025-04-01,2025-06-01,2,raw,mom_percent,C,2025-01-01,2025-04-01,0.3543614844111391,-0.04000000000000625,fb58a27c1ab60175de109f352bde24b256f4deb4ca43954aa6647bc493796998,current_revised_raw,model,available,,0.04792828099743929
20260909_m1_01,GroupsFixed,56ffec5c80e5062543e1445f867f5b14a112c60fc42c7a9ed8585e9760902519,2026-09-09T06:50:43.306315+00:00,,2025-04-01,2026-04-01,12,raw,mom_percent,C,2025-01-01,2025-04-01,0.6079616335329665,-0.28000000000000114,fb58a27c1ab60175de109f352bde24b256f4deb4ca43954aa6647bc493796998,current_revised_raw,model,available,,0.047932579000189435
20260909_m1_01,GroupsDated,56ffec5c80e5062543e1445f867f5b14a112c60fc42c7a9ed8585e9760902519,2026-09-09T06:50:43.306315+00:00,,2025-04-01,2025-05-01,1,raw,mom_percent,C,2025-01-01,2025-04-01,0.4358607491387717,-0.06999999999999318,fb58a27c1ab60175de109f352bde24b256f4deb4ca43954aa6647bc493796998,current_revised_raw,model,available,,0.007943722001073183
20260909_m1_01,GroupsDated,56ffec5c80e5062543e1445f867f5b14a112c60fc42c7a9ed8585e9760902519,2026-09-09T06:50:43.306315+00:00,,2025-04-01,2025-06-01,2,raw,mom_percent,C,2025-01-01,2025-04-01,0.35146969385652493,-0.04000000000000625,fb58a27c1ab60175de109f352bde24b256f4deb4ca43954aa6647bc493796998,current_revised_raw,model,available,,0.0079493220000586
20260909_m1_01,GroupsDated,56ffec5c80e5062543e1445f867f5b14a112c60fc42c7a9ed8585e9760902519,2026-09-09T06:50:43.306315+00:00,,2025-04-01,2026-04-01,12,raw,mom_percent,C,2025-01-01,2025-04-01,0.6304173076852675,-0.28000000000000114,fb58a27c1ab60175de109f352bde24b256f4deb4ca43954aa6647bc493796998,current_revised_raw,model,available,,0.007953751002787612
20260909_m1_01,Ridge,56ffec5c80e5062543e1445f867f5b14a112c60fc42c7a9ed8585e9760902519,2026-09-09T06:50:43.306315+00:00,,2025-05-01,2025-06-01,1,raw,mom_percent,C,,2025-05-01,0.015009854317327154,-0.04000000000000625,fb58a27c1ab60175de109f352bde24b256f4deb4ca43954aa6647bc493796998,current_revised_raw,model,available,,0.03945550100252149
20260909_m1_01,Ridge,56ffec5c80e5062543e1445f867f5b14a112c60fc42c7a9ed8585e9760902519,2026-09-09T06:50:43.306315+00:00,,2025-05-01,2025-07-01,2,raw,mom_percent,C,,2025-05-01,0.028711434353780874,0.35999999999999943,fb58a27c1ab60175de109f352bde24b256f4deb4ca43954aa6647bc493796998,current_revised_raw,model,available,,0.03946167300091474
20260909_m1_01,Ridge,56ffec5c80e5062543e1445f867f5b14a112c60fc42c7a9ed8585e9760902519,2026-09-09T06:50:43.306315+00:00,,2025-05-01,2026-05-01,12,raw,mom_percent,C,,2025-05-01,0.4661757735601668,0.09000000000000341,fb58a27c1ab60175de109f352bde24b256f4deb4ca43954aa6647bc493796998,current_revised_raw,model,available,,0.03946615099994233
20260909_m1_01,Huber,56ffec5c80e5062543e1445f867f5b14a112c60fc42c7a9ed8585e9760902519,2026-09-09T06:50:43.306315+00:00,,2025-05-01,2025-06-01,1,raw,mom_percent,C,,2025-05-01,-0.007709307723899883,-0.04000000000000625,fb58a27c1ab60175de109f352bde24b256f4deb4ca43954aa6647bc493796998,current_revised_raw,model,available,,0.08021139599804883
20260909_m1_01,Huber,56ffec5c80e5062543e1445f867f5b14a112c60fc42c7a9ed8585e9760902519,2026-09-09T06:50:43.306315+00:00,,2025-05-01,2025-07-01,2,raw,mom_percent,C,,2025-05-01,-0.0034504311384608854,0.35999999999999943,fb58a27c1ab60175de109f352bde24b256f4deb4ca43954aa6647bc493796998,current_revised_raw,model,available,,0.08021759799885331
20260909_m1_01,Huber,56ffec5c80e5062543e1445f867f5b14a112c60fc42c7a9ed8585e9760902519,2026-09-09T06:50:43.306315+00:00,,2025-05-01,2026-05-01,12,raw,mom_percent,C,,2025-05-01,0.43172719319554176,0.09000000000000341,fb58a27c1ab60175de109f352bde24b256f4deb4ca43954aa6647bc493796998,current_revised_raw,model,available,,0.08022220599741559
20260909_m1_01,SeasonalNaive,56ffec5c80e5062543e1445f867f5b14a112c60fc42c7a9ed8585e9760902519,2026-09-09T06:50:43.306315+00:00,,2025-05-01,2025-06-01,1,raw,mom_percent,C,,2025-05-01,0.18000000000000682,-0.04000000000000625,fb58a27c1ab60175de109f352bde24b256f4deb4ca43954aa6647bc493796998,current_revised_raw,model,available,,9.187300020130351e-05
20260909_m1_01,SeasonalNaive,56ffec5c80e5062543e1445f867f5b14a112c60fc42c7a9ed8585e9760902519,2026-09-09T06:50:43.306315+00:00,,2025-05-01,2025-07-01,2,raw,mom_percent,C,,2025-05-01,1.0699999999999932,0.35999999999999943,fb58a27c1ab60175de109f352bde24b256f4deb4ca43954aa6647bc493796998,current_revised_raw,model,available,,9.712300015962683e-05
20260909_m1_01,SeasonalNaive,56ffec5c80e5062543e1445f867f5b14a112c60fc42c7a9ed8585e9760902519,2026-09-09T06:50:43.306315+00:00,,2025-05-01,2026-05-01,12,raw,mom_percent,C,,2025-05-01,-0.06999999999999318,0.09000000000000341,fb58a27c1ab60175de109f352bde24b256f4deb4ca43954aa6647bc493796998,current_revised_raw,model,available,,0.00010160199963138439
20260909_m1_01,Micro,56ffec5c80e5062543e1445f867f5b14a112c60fc42c7a9ed8585e9760902519,2026-09-09T06:50:43.306315+00:00,,2025-05-01,2025-06-01,1,raw,mom_percent,C,2025-01-01,2025-05-01,0.3610926126396381,-0.04000000000000625,fb58a27c1ab60175de109f352bde24b256f4deb4ca43954aa6647bc493796998,current_revised_raw,model,available,,1.8650108799993177
20260909_m1_01,Micro,56ffec5c80e5062543e1445f867f5b14a112c60fc42c7a9ed8585e9760902519,2026-09-09T06:50:43.306315+00:00,,2025-05-01,2025-07-01,2,raw,mom_percent,C,2025-01-01,2025-05-01,0.36888411546546995,0.35999999999999943,fb58a27c1ab60175de109f352bde24b256f4deb4ca43954aa6647bc493796998,current_revised_raw,model,available,,1.8650181339980918
20260909_m1_01,Micro,56ffec5c80e5062543e1445f867f5b14a112c60fc42c7a9ed8585e9760902519,2026-09-09T06:50:43.306315+00:00,,2025-05-01,2026-05-01,12,raw,mom_percent,C,2025-01-01,2025-05-01,0.4865503913369578,0.09000000000000341,fb58a27c1ab60175de109f352bde24b256f4deb4ca43954aa6647bc493796998,current_revised_raw,model,available,,1.865023113998177
20260909_m1_01,GroupsFixed,56ffec5c80e5062543e1445f867f5b14a112c60fc42c7a9ed8585e9760902519,2026-09-09T06:50:43.306315+00:00,,2025-05-01,2025-06-01,1,raw,mom_percent,C,2025-01-01,2025-05-01,0.2710265619813119,-0.04000000000000625,fb58a27c1ab60175de109f352bde24b256f4deb4ca43954aa6647bc493796998,current_revised_raw,model,available,,0.04750963100013905
20260909_m1_01,GroupsFixed,56ffec5c80e5062543e1445f867f5b14a112c60fc42c7a9ed8585e9760902519,2026-09-09T06:50:43.306315+00:00,,2025-05-01,2025-07-01,2,raw,mom_percent,C,2025-01-01,2025-05-01,0.27767312688317375,0.35999999999999943,fb58a27c1ab60175de109f352bde24b256f4deb4ca43954aa6647bc493796998,current_revised_raw,model,available,,0.04751513099836302
20260909_m1_01,GroupsFixed,56ffec5c80e5062543e1445f867f5b14a112c60fc42c7a9ed8585e9760902519,2026-09-09T06:50:43.306315+00:00,,2025-05-01,2026-05-01,12,raw,mom_percent,C,2025-01-01,2025-05-01,0.4887294206324639,0.09000000000000341,fb58a27c1ab60175de109f352bde24b256f4deb4ca43954aa6647bc493796998,current_revised_raw,model,available,,0.04751934899832122
20260909_m1_01,GroupsDated,56ffec5c80e5062543e1445f867f5b14a112c60fc42c7a9ed8585e9760902519,2026-09-09T06:50:43.306315+00:00,,2025-05-01,2025-06-01,1,raw,mom_percent,C,2025-01-01,2025-05-01,0.2703774110272653,-0.04000000000000625,fb58a27c1ab60175de109f352bde24b256f4deb4ca43954aa6647bc493796998,current_revised_raw,model,available,,0.007872246998886112
20260909_m1_01,GroupsDated,56ffec5c80e5062543e1445f867f5b14a112c60fc42c7a9ed8585e9760902519,2026-09-09T06:50:43.306315+00:00,,2025-05-01,2025-07-01,2,raw,mom_percent,C,2025-01-01,2025-05-01,0.2828523123834136,0.35999999999999943,fb58a27c1ab60175de109f352bde24b256f4deb4ca43954aa6647bc493796998,current_revised_raw,model,available,,0.007877887001086492
20260909_m1_01,GroupsDated,56ffec5c80e5062543e1445f867f5b14a112c60fc42c7a9ed8585e9760902519,2026-09-09T06:50:43.306315+00:00,,2025-05-01,2026-05-01,12,raw,mom_percent,C,2025-01-01,2025-05-01,0.5037818885525109,0.09000000000000341,fb58a27c1ab60175de109f352bde24b256f4deb4ca43954aa6647bc493796998,current_revised_raw,model,available,,0.007883647998824017
20260909_m1_01,Ridge,56ffec5c80e5062543e1445f867f5b14a112c60fc42c7a9ed8585e9760902519,2026-09-09T06:50:43.306315+00:00,,2025-06-01,2025-07-01,1,raw,mom_percent,C,,2025-06-01,-0.08464812246018028,0.35999999999999943,fb58a27c1ab60175de109f352bde24b256f4deb4ca43954aa6647bc493796998,current_revised_raw,model,available,,0.039088148001610534
20260909_m1_01,Ridge,56ffec5c80e5062543e1445f867f5b14a112c60fc42c7a9ed8585e9760902519,2026-09-09T06:50:43.306315+00:00,,2025-06-01,2025-08-01,2,raw,mom_percent,C,,2025-06-01,-0.031068640574758888,-0.5699999999999932,fb58a27c1ab60175de109f352bde24b256f4deb4ca43954aa6647bc493796998,current_revised_raw,model,available,,0.03909410900087096
20260909_m1_01,Ridge,56ffec5c80e5062543e1445f867f5b14a112c60fc42c7a9ed8585e9760902519,2026-09-09T06:50:43.306315+00:00,,2025-06-01,2026-06-01,12,raw,mom_percent,C,,2025-06-01,0.24977338616518807,1.0600000000000023,fb58a27c1ab60175de109f352bde24b256f4deb4ca43954aa6647bc493796998,current_revised_raw,model,available,,0.03909845700036385
20260909_m1_01,Huber,56ffec5c80e5062543e1445f867f5b14a112c60fc42c7a9ed8585e9760902519,2026-09-09T06:50:43.306315+00:00,,2025-06-01,2025-07-01,1,raw,mom_percent,C,,2025-06-01,0.009240946691463137,0.35999999999999943,fb58a27c1ab60175de109f352bde24b256f4deb4ca43954aa6647bc493796998,current_revised_raw,model,available,,0.07534995699825231
20260909_m1_01,Huber,56ffec5c80e5062543e1445f867f5b14a112c60fc42c7a9ed8585e9760902519,2026-09-09T06:50:43.306315+00:00,,2025-06-01,2025-08-01,2,raw,mom_percent,C,,2025-06-01,0.03126360404965567,-0.5699999999999932,fb58a27c1ab60175de109f352bde24b256f4deb4ca43954aa6647bc493796998,current_revised_raw,model,available,,0.07535568799721659
20260909_m1_01,Huber,56ffec5c80e5062543e1445f867f5b14a112c60fc42c7a9ed8585e9760902519,2026-09-09T06:50:43.306315+00:00,,2025-06-01,2026-06-01,12,raw,mom_percent,C,,2025-06-01,0.18036590094297367,1.0600000000000023,fb58a27c1ab60175de109f352bde24b256f4deb4ca43954aa6647bc493796998,current_revised_raw,model,available,,0.0753601259966672
20260909_m1_01,SeasonalNaive,56ffec5c80e5062543e1445f867f5b14a112c60fc42c7a9ed8585e9760902519,2026-09-09T06:50:43.306315+00:00,,2025-06-01,2025-07-01,1,raw,mom_percent,C,,2025-06-01,1.0699999999999932,0.35999999999999943,fb58a27c1ab60175de109f352bde24b256f4deb4ca43954aa6647bc493796998,current_revised_raw,model,available,,9.072100147022866e-05
20260909_m1_01,SeasonalNaive,56ffec5c80e5062543e1445f867f5b14a112c60fc42c7a9ed8585e9760902519,2026-09-09T06:50:43.306315+00:00,,2025-06-01,2025-08-01,2,raw,mom_percent,C,,2025-06-01,0.09000000000000341,-0.5699999999999932,fb58a27c1ab60175de109f352bde24b256f4deb4ca43954aa6647bc493796998,current_revised_raw,model,available,,9.582100028637797e-05
20260909_m1_01,SeasonalNaive,56ffec5c80e5062543e1445f867f5b14a112c60fc42c7a9ed8585e9760902519,2026-09-09T06:50:43.306315+00:00,,2025-06-01,2026-06-01,12,raw,mom_percent,C,,2025-06-01,-0.04000000000000625,1.0600000000000023,fb58a27c1ab60175de109f352bde24b256f4deb4ca43954aa6647bc493796998,current_revised_raw,model,available,,9.99690018943511e-05
20260909_m1_01,Micro,56ffec5c80e5062543e1445f867f5b14a112c60fc42c7a9ed8585e9760902519,2026-09-09T06:50:43.306315+00:00,,2025-06-01,2025-07-01,1,raw,mom_percent,C,2025-01-01,2025-06-01,0.3361541320712682,0.35999999999999943,fb58a27c1ab60175de109f352bde24b256f4deb4ca43954aa6647bc493796998,current_revised_raw,model,available,,1.9154530570012867
20260909_m1_01,Micro,56ffec5c80e5062543e1445f867f5b14a112c60fc42c7a9ed8585e9760902519,2026-09-09T06:50:43.306315+00:00,,2025-06-01,2025-08-01,2,raw,mom_percent,C,2025-01-01,2025-06-01,0.3768324124753585,-0.5699999999999932,fb58a27c1ab60175de109f352bde24b256f4deb4ca43954aa6647bc493796998,current_revised_raw,model,available,,1.9154611330013722
20260909_m1_01,Micro,56ffec5c80e5062543e1445f867f5b14a112c60fc42c7a9ed8585e9760902519,2026-09-09T06:50:43.306315+00:00,,2025-06-01,2026-06-01,12,raw,mom_percent,C,2025-01-01,2025-06-01,0.4026905997095527,1.0600000000000023,fb58a27c1ab60175de109f352bde24b256f4deb4ca43954aa6647bc493796998,current_revised_raw,model,available,,1.91546608200224
20260909_m1_01,GroupsFixed,56ffec5c80e5062543e1445f867f5b14a112c60fc42c7a9ed8585e9760902519,2026-09-09T06:50:43.306315+00:00,,2025-06-01,2025-07-01,1,raw,mom_percent,C,2025-01-01,2025-06-01,0.2327365461263996,0.35999999999999943,fb58a27c1ab60175de109f352bde24b256f4deb4ca43954aa6647bc493796998,current_revised_raw,model,available,,0.048144080999918515
20260909_m1_01,GroupsFixed,56ffec5c80e5062543e1445f867f5b14a112c60fc42c7a9ed8585e9760902519,2026-09-09T06:50:43.306315+00:00,,2025-06-01,2025-08-01,2,raw,mom_percent,C,2025-01-01,2025-06-01,0.32829144498251955,-0.5699999999999932,fb58a27c1ab60175de109f352bde24b256f4deb4ca43954aa6647bc493796998,current_revised_raw,model,available,,0.0481498319968523
20260909_m1_01,GroupsFixed,56ffec5c80e5062543e1445f867f5b14a112c60fc42c7a9ed8585e9760902519,2026-09-09T06:50:43.306315+00:00,,2025-06-01,2026-06-01,12,raw,mom_percent,C,2025-01-01,2025-06-01,0.352736714223065,1.0600000000000023,fb58a27c1ab60175de109f352bde24b256f4deb4ca43954aa6647bc493796998,current_revised_raw,model,available,,0.04815413999676821
20260909_m1_01,GroupsDated,56ffec5c80e5062543e1445f867f5b14a112c60fc42c7a9ed8585e9760902519,2026-09-09T06:50:43.306315+00:00,,2025-06-01,2025-07-01,1,raw,mom_percent,C,2025-01-01,2025-06-01,0.2488797062117774,0.35999999999999943,fb58a27c1ab60175de109f352bde24b256f4deb4ca43954aa6647bc493796998,current_revised_raw,model,available,,0.008098995000182185
20260909_m1_01,GroupsDated,56ffec5c80e5062543e1445f867f5b14a112c60fc42c7a9ed8585e9760902519,2026-09-09T06:50:43.306315+00:00,,2025-06-01,2025-08-01,2,raw,mom_percent,C,2025-01-01,2025-06-01,0.3249152613244497,-0.5699999999999932,fb58a27c1ab60175de109f352bde24b256f4deb4ca43954aa6647bc493796998,current_revised_raw,model,available,,0.00810435499806772
20260909_m1_01,GroupsDated,56ffec5c80e5062543e1445f867f5b14a112c60fc42c7a9ed8585e9760902519,2026-09-09T06:50:43.306315+00:00,,2025-06-01,2026-06-01,12,raw,mom_percent,C,2025-01-01,2025-06-01,0.3622839205277673,1.0600000000000023,fb58a27c1ab60175de109f352bde24b256f4deb4ca43954aa6647bc493796998,current_revised_raw,model,available,,0.008108693997201044
20260909_m1_01,Ridge,56ffec5c80e5062543e1445f867f5b14a112c60fc42c7a9ed8585e9760902519,2026-09-09T06:50:43.306315+00:00,,2025-07-01,2025-08-01,1,raw,mom_percent,C,,2025-07-01,-0.17189978080905632,-0.5699999999999932,fb58a27c1ab60175de109f352bde24b256f4deb4ca43954aa6647bc493796998,current_revised_raw,model,available,,0.03955463899910683
20260909_m1_01,Ridge,56ffec5c80e5062543e1445f867f5b14a112c60fc42c7a9ed8585e9760902519,2026-09-09T06:50:43.306315+00:00,,2025-07-01,2025-09-01,2,raw,mom_percent,C,,2025-07-01,0.41345127568689577,1.0,fb58a27c1ab60175de109f352bde24b256f4deb4ca43954aa6647bc493796998,current_revised_raw,model,available,,0.039560319997690385
20260909_m1_01,Ridge,56ffec5c80e5062543e1445f867f5b14a112c60fc42c7a9ed8585e9760902519,2026-09-09T06:50:43.306315+00:00,,2025-07-01,2026-07-01,12,raw,mom_percent,C,,2025-07-01,0.08034814642709875,0.8199999999999932,fb58a27c1ab60175de109f352bde24b256f4deb4ca43954aa6647bc493796998,current_revised_raw,model,available,,0.039564747999975225
20260909_m1_01,Huber,56ffec5c80e5062543e1445f867f5b14a112c60fc42c7a9ed8585e9760902519,2026-09-09T06:50:43.306315+00:00,,2025-07-01,2025-08-01,1,raw,mom_percent,C,,2025-07-01,-0.09414897803013389,-0.5699999999999932,fb58a27c1ab60175de109f352bde24b256f4deb4ca43954aa6647bc493796998,current_revised_raw,model,available,,0.0781726199966215
20260909_m1_01,Huber,56ffec5c80e5062543e1445f867f5b14a112c60fc42c7a9ed8585e9760902519,2026-09-09T06:50:43.306315+00:00,,2025-07-01,2025-09-01,2,raw,mom_percent,C,,2025-07-01,0.40948644386531896,1.0,fb58a27c1ab60175de109f352bde24b256f4deb4ca43954aa6647bc493796998,current_revised_raw,model,available,,0.07817917200009106
20260909_m1_01,Huber,56ffec5c80e5062543e1445f867f5b14a112c60fc42c7a9ed8585e9760902519,2026-09-09T06:50:43.306315+00:00,,2025-07-01,2026-07-01,12,raw,mom_percent,C,,2025-07-01,0.09773879200638191,0.8199999999999932,fb58a27c1ab60175de109f352bde24b256f4deb4ca43954aa6647bc493796998,current_revised_raw,model,available,,0.07818359999873792
20260909_m1_01,SeasonalNaive,56ffec5c80e5062543e1445f867f5b14a112c60fc42c7a9ed8585e9760902519,2026-09-09T06:50:43.306315+00:00,,2025-07-01,2025-08-01,1,raw,mom_percent,C,,2025-07-01,0.09000000000000341,-0.5699999999999932,fb58a27c1ab60175de109f352bde24b256f4deb4ca43954aa6647bc493796998,current_revised_raw,model,available,,9.275500269723125e-05
20260909_m1_01,SeasonalNaive,56ffec5c80e5062543e1445f867f5b14a112c60fc42c7a9ed8585e9760902519,2026-09-09T06:50:43.306315+00:00,,2025-07-01,2025-09-01,2,raw,mom_percent,C,,2025-07-01,0.6200000000000045,1.0,fb58a27c1ab60175de109f352bde24b256f4deb4ca43954aa6647bc493796998,current_revised_raw,model,available,,9.807500100578181e-05
20260909_m1_01,SeasonalNaive,56ffec5c80e5062543e1445f867f5b14a112c60fc42c7a9ed8585e9760902519,2026-09-09T06:50:43.306315+00:00,,2025-07-01,2026-07-01,12,raw,mom_percent,C,,2025-07-01,0.35999999999999943,0.8199999999999932,fb58a27c1ab60175de109f352bde24b256f4deb4ca43954aa6647bc493796998,current_revised_raw,model,available,,0.00010254399967379868
20260909_m1_01,Micro,56ffec5c80e5062543e1445f867f5b14a112c60fc42c7a9ed8585e9760902519,2026-09-09T06:50:43.306315+00:00,,2025-07-01,2025-08-01,1,raw,mom_percent,C,2025-01-01,2025-07-01,0.30223406206381614,-0.5699999999999932,fb58a27c1ab60175de109f352bde24b256f4deb4ca43954aa6647bc493796998,current_revised_raw,model,available,,1.8753320360010548
20260909_m1_01,Micro,56ffec5c80e5062543e1445f867f5b14a112c60fc42c7a9ed8585e9760902519,2026-09-09T06:50:43.306315+00:00,,2025-07-01,2025-09-01,2,raw,mom_percent,C,2025-01-01,2025-07-01,0.4813641995052321,1.0,fb58a27c1ab60175de109f352bde24b256f4deb4ca43954aa6647bc493796998,current_revised_raw,model,available,,1.8753397100008442
20260909_m1_01,Micro,56ffec5c80e5062543e1445f867f5b14a112c60fc42c7a9ed8585e9760902519,2026-09-09T06:50:43.306315+00:00,,2025-07-01,2026-07-01,12,raw,mom_percent,C,2025-01-01,2025-07-01,0.31233177132737805,0.8199999999999932,fb58a27c1ab60175de109f352bde24b256f4deb4ca43954aa6647bc493796998,current_revised_raw,model,available,,1.8753448300012678
20260909_m1_01,GroupsFixed,56ffec5c80e5062543e1445f867f5b14a112c60fc42c7a9ed8585e9760902519,2026-09-09T06:50:43.306315+00:00,,2025-07-01,2025-08-01,1,raw,mom_percent,C,2025-01-01,2025-07-01,0.21421504003049127,-0.5699999999999932,fb58a27c1ab60175de109f352bde24b256f4deb4ca43954aa6647bc493796998,current_revised_raw,model,available,,0.0478494650014909
20260909_m1_01,GroupsFixed,56ffec5c80e5062543e1445f867f5b14a112c60fc42c7a9ed8585e9760902519,2026-09-09T06:50:43.306315+00:00,,2025-07-01,2025-09-01,2,raw,mom_percent,C,2025-01-01,2025-07-01,0.34049683836522543,1.0,fb58a27c1ab60175de109f352bde24b256f4deb4ca43954aa6647bc493796998,current_revised_raw,model,available,,0.04785489600180881
20260909_m1_01,GroupsFixed,56ffec5c80e5062543e1445f867f5b14a112c60fc42c7a9ed8585e9760902519,2026-09-09T06:50:43.306315+00:00,,2025-07-01,2026-07-01,12,raw,mom_percent,C,2025-01-01,2025-07-01,0.26852042855879116,0.8199999999999932,fb58a27c1ab60175de109f352bde24b256f4deb4ca43954aa6647bc493796998,current_revised_raw,model,available,,0.047859464000794105
20260909_m1_01,GroupsDated,56ffec5c80e5062543e1445f867f5b14a112c60fc42c7a9ed8585e9760902519,2026-09-09T06:50:43.306315+00:00,,2025-07-01,2025-08-01,1,raw,mom_percent,C,2025-01-01,2025-07-01,0.2308286529093267,-0.5699999999999932,fb58a27c1ab60175de109f352bde24b256f4deb4ca43954aa6647bc493796998,current_revised_raw,model,available,,0.008037177998630796
20260909_m1_01,GroupsDated,56ffec5c80e5062543e1445f867f5b14a112c60fc42c7a9ed8585e9760902519,2026-09-09T06:50:43.306315+00:00,,2025-07-01,2025-09-01,2,raw,mom_percent,C,2025-01-01,2025-07-01,0.33011986765612555,1.0,fb58a27c1ab60175de109f352bde24b256f4deb4ca43954aa6647bc493796998,current_revised_raw,model,available,,0.008044892998441355
20260909_m1_01,GroupsDated,56ffec5c80e5062543e1445f867f5b14a112c60fc42c7a9ed8585e9760902519,2026-09-09T06:50:43.306315+00:00,,2025-07-01,2026-07-01,12,raw,mom_percent,C,2025-01-01,2025-07-01,0.2856612519078946,0.8199999999999932,fb58a27c1ab60175de109f352bde24b256f4deb4ca43954aa6647bc493796998,current_revised_raw,model,available,,0.008049220999964746
20260909_m1_01,Ridge,56ffec5c80e5062543e1445f867f5b14a112c60fc42c7a9ed8585e9760902519,2026-09-09T06:50:43.306315+00:00,,2025-08-01,2025-09-01,1,raw,mom_percent,C,,2025-08-01,0.39968625647867384,1.0,fb58a27c1ab60175de109f352bde24b256f4deb4ca43954aa6647bc493796998,current_revised_raw,model,available,,0.010512772998481523
20260909_m1_01,Ridge,56ffec5c80e5062543e1445f867f5b14a112c60fc42c7a9ed8585e9760902519,2026-09-09T06:50:43.306315+00:00,,2025-08-01,2025-10-01,2,raw,mom_percent,C,,2025-08-01,0.5891209137707705,0.5300000000000011,fb58a27c1ab60175de109f352bde24b256f4deb4ca43954aa6647bc493796998,current_revised_raw,model,available,,0.010518685001443373
20260909_m1_01,Huber,56ffec5c80e5062543e1445f867f5b14a112c60fc42c7a9ed8585e9760902519,2026-09-09T06:50:43.306315+00:00,,2025-08-01,2025-09-01,1,raw,mom_percent,C,,2025-08-01,0.4073314698477617,1.0,fb58a27c1ab60175de109f352bde24b256f4deb4ca43954aa6647bc493796998,current_revised_raw,model,available,,0.033556722999492195
20260909_m1_01,Huber,56ffec5c80e5062543e1445f867f5b14a112c60fc42c7a9ed8585e9760902519,2026-09-09T06:50:43.306315+00:00,,2025-08-01,2025-10-01,2,raw,mom_percent,C,,2025-08-01,0.5525309010222799,0.5300000000000011,fb58a27c1ab60175de109f352bde24b256f4deb4ca43954aa6647bc493796998,current_revised_raw,model,available,,0.033563044999027625
20260909_m1_01,SeasonalNaive,56ffec5c80e5062543e1445f867f5b14a112c60fc42c7a9ed8585e9760902519,2026-09-09T06:50:43.306315+00:00,,2025-08-01,2025-09-01,1,raw,mom_percent,C,,2025-08-01,0.6200000000000045,1.0,fb58a27c1ab60175de109f352bde24b256f4deb4ca43954aa6647bc493796998,current_revised_raw,model,available,,9.256499834009446e-05
20260909_m1_01,SeasonalNaive,56ffec5c80e5062543e1445f867f5b14a112c60fc42c7a9ed8585e9760902519,2026-09-09T06:50:43.306315+00:00,,2025-08-01,2025-10-01,2,raw,mom_percent,C,,2025-08-01,1.019999999999996,0.5300000000000011,fb58a27c1ab60175de109f352bde24b256f4deb4ca43954aa6647bc493796998,current_revised_raw,model,available,,9.768399831955321e-05
20260909_m1_01,Micro,56ffec5c80e5062543e1445f867f5b14a112c60fc42c7a9ed8585e9760902519,2026-09-09T06:50:43.306315+00:00,,2025-08-01,2025-09-01,1,raw,mom_percent,C,2025-01-01,2025-08-01,0.45207575823295254,1.0,fb58a27c1ab60175de109f352bde24b256f4deb4ca43954aa6647bc493796998,current_revised_raw,model,available,,1.4453932249998616
20260909_m1_01,Micro,56ffec5c80e5062543e1445f867f5b14a112c60fc42c7a9ed8585e9760902519,2026-09-09T06:50:43.306315+00:00,,2025-08-01,2025-10-01,2,raw,mom_percent,C,2025-01-01,2025-08-01,0.6458565299016523,0.5300000000000011,fb58a27c1ab60175de109f352bde24b256f4deb4ca43954aa6647bc493796998,current_revised_raw,model,available,,1.4454010490007931
20260909_m1_01,GroupsFixed,56ffec5c80e5062543e1445f867f5b14a112c60fc42c7a9ed8585e9760902519,2026-09-09T06:50:43.306315+00:00,,2025-08-01,2025-09-01,1,raw,mom_percent,C,2025-01-01,2025-08-01,0.24002695944060837,1.0,fb58a27c1ab60175de109f352bde24b256f4deb4ca43954aa6647bc493796998,current_revised_raw,model,available,,0.009929782998369774
20260909_m1_01,GroupsFixed,56ffec5c80e5062543e1445f867f5b14a112c60fc42c7a9ed8585e9760902519,2026-09-09T06:50:43.306315+00:00,,2025-08-01,2025-10-01,2,raw,mom_percent,C,2025-01-01,2025-08-01,0.519696909033809,0.5300000000000011,fb58a27c1ab60175de109f352bde24b256f4deb4ca43954aa6647bc493796998,current_revised_raw,model,available,,0.009934923000400886
20260909_m1_01,GroupsDated,56ffec5c80e5062543e1445f867f5b14a112c60fc42c7a9ed8585e9760902519,2026-09-09T06:50:43.306315+00:00,,2025-08-01,2025-09-01,1,raw,mom_percent,C,2025-01-01,2025-08-01,0.2635758553985412,1.0,fb58a27c1ab60175de109f352bde24b256f4deb4ca43954aa6647bc493796998,current_revised_raw,model,available,,0.0049703570002748165
20260909_m1_01,GroupsDated,56ffec5c80e5062543e1445f867f5b14a112c60fc42c7a9ed8585e9760902519,2026-09-09T06:50:43.306315+00:00,,2025-08-01,2025-10-01,2,raw,mom_percent,C,2025-01-01,2025-08-01,0.47435037706704775,0.5300000000000011,fb58a27c1ab60175de109f352bde24b256f4deb4ca43954aa6647bc493796998,current_revised_raw,model,available,,0.00497600800008513
20260909_m1_01,Ridge,56ffec5c80e5062543e1445f867f5b14a112c60fc42c7a9ed8585e9760902519,2026-09-09T06:50:43.306315+00:00,,2025-09-01,2025-10-01,1,raw,mom_percent,C,,2025-09-01,0.5784617814551609,0.5300000000000011,fb58a27c1ab60175de109f352bde24b256f4deb4ca43954aa6647bc493796998,current_revised_raw,model,available,,0.010384551998868119
20260909_m1_01,Ridge,56ffec5c80e5062543e1445f867f5b14a112c60fc42c7a9ed8585e9760902519,2026-09-09T06:50:43.306315+00:00,,2025-09-01,2025-11-01,2,raw,mom_percent,C,,2025-09-01,0.6765393597305547,0.15000000000000568,fb58a27c1ab60175de109f352bde24b256f4deb4ca43954aa6647bc493796998,current_revised_raw,model,available,,0.010390432998974575
20260909_m1_01,Huber,56ffec5c80e5062543e1445f867f5b14a112c60fc42c7a9ed8585e9760902519,2026-09-09T06:50:43.306315+00:00,,2025-09-01,2025-10-01,1,raw,mom_percent,C,,2025-09-01,0.5732285201714831,0.5300000000000011,fb58a27c1ab60175de109f352bde24b256f4deb4ca43954aa6647bc493796998,current_revised_raw,model,available,,0.036758319998625666
20260909_m1_01,Huber,56ffec5c80e5062543e1445f867f5b14a112c60fc42c7a9ed8585e9760902519,2026-09-09T06:50:43.306315+00:00,,2025-09-01,2025-11-01,2,raw,mom_percent,C,,2025-09-01,0.7116134896538284,0.15000000000000568,fb58a27c1ab60175de109f352bde24b256f4deb4ca43954aa6647bc493796998,current_revised_raw,model,available,,0.036764431999472436
20260909_m1_01,SeasonalNaive,56ffec5c80e5062543e1445f867f5b14a112c60fc42c7a9ed8585e9760902519,2026-09-09T06:50:43.306315+00:00,,2025-09-01,2025-10-01,1,raw,mom_percent,C,,2025-09-01,1.019999999999996,0.5300000000000011,fb58a27c1ab60175de109f352bde24b256f4deb4ca43954aa6647bc493796998,current_revised_raw,model,available,,0.00010215300062554888
20260909_m1_01,SeasonalNaive,56ffec5c80e5062543e1445f867f5b14a112c60fc42c7a9ed8585e9760902519,2026-09-09T06:50:43.306315+00:00,,2025-09-01,2025-11-01,2,raw,mom_percent,C,,2025-09-01,1.5,0.15000000000000568,fb58a27c1ab60175de109f352bde24b256f4deb4ca43954aa6647bc493796998,current_revised_raw,model,available,,0.00010770300286822021
20260909_m1_01,Micro,56ffec5c80e5062543e1445f867f5b14a112c60fc42c7a9ed8585e9760902519,2026-09-09T06:50:43.306315+00:00,,2025-09-01,2025-10-01,1,raw,mom_percent,C,2025-01-01,2025-09-01,0.7537665156666209,0.5300000000000011,fb58a27c1ab60175de109f352bde24b256f4deb4ca43954aa6647bc493796998,current_revised_raw,model,available,,1.3952500329978648
20260909_m1_01,Micro,56ffec5c80e5062543e1445f867f5b14a112c60fc42c7a9ed8585e9760902519,2026-09-09T06:50:43.306315+00:00,,2025-09-01,2025-11-01,2,raw,mom_percent,C,2025-01-01,2025-09-01,0.7714284542502433,0.15000000000000568,fb58a27c1ab60175de109f352bde24b256f4deb4ca43954aa6647bc493796998,current_revised_raw,model,available,,1.3952575869989232
20260909_m1_01,GroupsFixed,56ffec5c80e5062543e1445f867f5b14a112c60fc42c7a9ed8585e9760902519,2026-09-09T06:50:43.306315+00:00,,2025-09-01,2025-10-01,1,raw,mom_percent,C,2025-01-01,2025-09-01,0.6523745145122722,0.5300000000000011,fb58a27c1ab60175de109f352bde24b256f4deb4ca43954aa6647bc493796998,current_revised_raw,model,available,,0.010035382998466957
20260909_m1_01,GroupsFixed,56ffec5c80e5062543e1445f867f5b14a112c60fc42c7a9ed8585e9760902519,2026-09-09T06:50:43.306315+00:00,,2025-09-01,2025-11-01,2,raw,mom_percent,C,2025-01-01,2025-09-01,0.6719376606149302,0.15000000000000568,fb58a27c1ab60175de109f352bde24b256f4deb4ca43954aa6647bc493796998,current_revised_raw,model,available,,0.010040872999525163
20260909_m1_01,GroupsDated,56ffec5c80e5062543e1445f867f5b14a112c60fc42c7a9ed8585e9760902519,2026-09-09T06:50:43.306315+00:00,,2025-09-01,2025-10-01,1,raw,mom_percent,C,2025-01-01,2025-09-01,0.6062004044625883,0.5300000000000011,fb58a27c1ab60175de109f352bde24b256f4deb4ca43954aa6647bc493796998,current_revised_raw,model,available,,0.004875116999755846
20260909_m1_01,GroupsDated,56ffec5c80e5062543e1445f867f5b14a112c60fc42c7a9ed8585e9760902519,2026-09-09T06:50:43.306315+00:00,,2025-09-01,2025-11-01,2,raw,mom_percent,C,2025-01-01,2025-09-01,0.6113377820214878,0.15000000000000568,fb58a27c1ab60175de109f352bde24b256f4deb4ca43954aa6647bc493796998,current_revised_raw,model,available,,0.004880737000348745
20260909_m1_01,Ridge,56ffec5c80e5062543e1445f867f5b14a112c60fc42c7a9ed8585e9760902519,2026-09-09T06:50:43.306315+00:00,,2025-10-01,2025-11-01,1,raw,mom_percent,C,,2025-10-01,0.4838499551578508,0.15000000000000568,fb58a27c1ab60175de109f352bde24b256f4deb4ca43954aa6647bc493796998,current_revised_raw,model,available,,0.010406572997453623
20260909_m1_01,Ridge,56ffec5c80e5062543e1445f867f5b14a112c60fc42c7a9ed8585e9760902519,2026-09-09T06:50:43.306315+00:00,,2025-10-01,2025-12-01,2,raw,mom_percent,C,,2025-10-01,0.6326683095981309,0.29000000000000625,fb58a27c1ab60175de109f352bde24b256f4deb4ca43954aa6647bc493796998,current_revised_raw,model,available,,0.01041287499901955
20260909_m1_01,Huber,56ffec5c80e5062543e1445f867f5b14a112c60fc42c7a9ed8585e9760902519,2026-09-09T06:50:43.306315+00:00,,2025-10-01,2025-11-01,1,raw,mom_percent,C,,2025-10-01,0.4345697256825076,0.15000000000000568,fb58a27c1ab60175de109f352bde24b256f4deb4ca43954aa6647bc493796998,current_revised_raw,model,available,,0.03362812900013523
20260909_m1_01,Huber,56ffec5c80e5062543e1445f867f5b14a112c60fc42c7a9ed8585e9760902519,2026-09-09T06:50:43.306315+00:00,,2025-10-01,2025-12-01,2,raw,mom_percent,C,,2025-10-01,0.6596857838312218,0.29000000000000625,fb58a27c1ab60175de109f352bde24b256f4deb4ca43954aa6647bc493796998,current_revised_raw,model,available,,0.03363427000294905
20260909_m1_01,SeasonalNaive,56ffec5c80e5062543e1445f867f5b14a112c60fc42c7a9ed8585e9760902519,2026-09-09T06:50:43.306315+00:00,,2025-10-01,2025-11-01,1,raw,mom_percent,C,,2025-10-01,1.5,0.15000000000000568,fb58a27c1ab60175de109f352bde24b256f4deb4ca43954aa6647bc493796998,current_revised_raw,model,available,,9.031100125866942e-05
20260909_m1_01,SeasonalNaive,56ffec5c80e5062543e1445f867f5b14a112c60fc42c7a9ed8585e9760902519,2026-09-09T06:50:43.306315+00:00,,2025-10-01,2025-12-01,2,raw,mom_percent,C,,2025-10-01,0.9099999999999966,0.29000000000000625,fb58a27c1ab60175de109f352bde24b256f4deb4ca43954aa6647bc493796998,current_revised_raw,model,available,,9.569100075168535e-05
20260909_m1_01,Micro,56ffec5c80e5062543e1445f867f5b14a112c60fc42c7a9ed8585e9760902519,2026-09-09T06:50:43.306315+00:00,,2025-10-01,2025-11-01,1,raw,mom_percent,C,2025-01-01,2025-10-01,0.73904254014348,0.15000000000000568,fb58a27c1ab60175de109f352bde24b256f4deb4ca43954aa6647bc493796998,current_revised_raw,model,available,,1.3879586859984556
20260909_m1_01,Micro,56ffec5c80e5062543e1445f867f5b14a112c60fc42c7a9ed8585e9760902519,2026-09-09T06:50:43.306315+00:00,,2025-10-01,2025-12-01,2,raw,mom_percent,C,2025-01-01,2025-10-01,0.802066732183247,0.29000000000000625,fb58a27c1ab60175de109f352bde24b256f4deb4ca43954aa6647bc493796998,current_revised_raw,model,available,,1.38796616000036
20260909_m1_01,GroupsFixed,56ffec5c80e5062543e1445f867f5b14a112c60fc42c7a9ed8585e9760902519,2026-09-09T06:50:43.306315+00:00,,2025-10-01,2025-11-01,1,raw,mom_percent,C,2025-01-01,2025-10-01,0.6912472213145281,0.15000000000000568,fb58a27c1ab60175de109f352bde24b256f4deb4ca43954aa6647bc493796998,current_revised_raw,model,available,,0.009929412000929005
20260909_m1_01,GroupsFixed,56ffec5c80e5062543e1445f867f5b14a112c60fc42c7a9ed8585e9760902519,2026-09-09T06:50:43.306315+00:00,,2025-10-01,2025-12-01,2,raw,mom_percent,C,2025-01-01,2025-10-01,0.7967673894689358,0.29000000000000625,fb58a27c1ab60175de109f352bde24b256f4deb4ca43954aa6647bc493796998,current_revised_raw,model,available,,0.009934712001268053
20260909_m1_01,GroupsDated,56ffec5c80e5062543e1445f867f5b14a112c60fc42c7a9ed8585e9760902519,2026-09-09T06:50:43.306315+00:00,,2025-10-01,2025-11-01,1,raw,mom_percent,C,2025-01-01,2025-10-01,0.6312606150732611,0.15000000000000568,fb58a27c1ab60175de109f352bde24b256f4deb4ca43954aa6647bc493796998,current_revised_raw,model,available,,0.004868965999776265
20260909_m1_01,GroupsDated,56ffec5c80e5062543e1445f867f5b14a112c60fc42c7a9ed8585e9760902519,2026-09-09T06:50:43.306315+00:00,,2025-10-01,2025-12-01,2,raw,mom_percent,C,2025-01-01,2025-10-01,0.7420388647774172,0.29000000000000625,fb58a27c1ab60175de109f352bde24b256f4deb4ca43954aa6647bc493796998,current_revised_raw,model,available,,0.004874316000496037
20260909_m1_01,Ridge,56ffec5c80e5062543e1445f867f5b14a112c60fc42c7a9ed8585e9760902519,2026-09-09T06:50:43.306315+00:00,,2025-11-01,2025-12-01,1,raw,mom_percent,C,,2025-11-01,0.31369715858613745,0.29000000000000625,fb58a27c1ab60175de109f352bde24b256f4deb4ca43954aa6647bc493796998,current_revised_raw,model,available,,0.010318287000700366
20260909_m1_01,Ridge,56ffec5c80e5062543e1445f867f5b14a112c60fc42c7a9ed8585e9760902519,2026-09-09T06:50:43.306315+00:00,,2025-11-01,2026-01-01,2,raw,mom_percent,C,,2025-11-01,0.9744595157109046,1.5699999999999932,fb58a27c1ab60175de109f352bde24b256f4deb4ca43954aa6647bc493796998,current_revised_raw,model,available,,0.01032425800076453
20260909_m1_01,Huber,56ffec5c80e5062543e1445f867f5b14a112c60fc42c7a9ed8585e9760902519,2026-09-09T06:50:43.306315+00:00,,2025-11-01,2025-12-01,1,raw,mom_percent,C,,2025-11-01,0.3164094596716467,0.29000000000000625,fb58a27c1ab60175de109f352bde24b256f4deb4ca43954aa6647bc493796998,current_revised_raw,model,available,,0.03380630599713186
20260909_m1_01,Huber,56ffec5c80e5062543e1445f867f5b14a112c60fc42c7a9ed8585e9760902519,2026-09-09T06:50:43.306315+00:00,,2025-11-01,2026-01-01,2,raw,mom_percent,C,,2025-11-01,0.9659485298608388,1.5699999999999932,fb58a27c1ab60175de109f352bde24b256f4deb4ca43954aa6647bc493796998,current_revised_raw,model,available,,0.03381213700049557
20260909_m1_01,SeasonalNaive,56ffec5c80e5062543e1445f867f5b14a112c60fc42c7a9ed8585e9760902519,2026-09-09T06:50:43.306315+00:00,,2025-11-01,2025-12-01,1,raw,mom_percent,C,,2025-11-01,0.9099999999999966,0.29000000000000625,fb58a27c1ab60175de109f352bde24b256f4deb4ca43954aa6647bc493796998,current_revised_raw,model,available,,9.1583002358675e-05
20260909_m1_01,SeasonalNaive,56ffec5c80e5062543e1445f867f5b14a112c60fc42c7a9ed8585e9760902519,2026-09-09T06:50:43.306315+00:00,,2025-11-01,2026-01-01,2,raw,mom_percent,C,,2025-11-01,0.8400000000000034,1.5699999999999932,fb58a27c1ab60175de109f352bde24b256f4deb4ca43954aa6647bc493796998,current_revised_raw,model,available,,9.737400250742212e-05
20260909_m1_01,Micro,56ffec5c80e5062543e1445f867f5b14a112c60fc42c7a9ed8585e9760902519,2026-09-09T06:50:43.306315+00:00,,2025-11-01,2025-12-01,1,raw,mom_percent,C,2025-01-01,2025-11-01,0.7445153480200651,0.29000000000000625,fb58a27c1ab60175de109f352bde24b256f4deb4ca43954aa6647bc493796998,current_revised_raw,model,available,,1.4361597839997557
20260909_m1_01,Micro,56ffec5c80e5062543e1445f867f5b14a112c60fc42c7a9ed8585e9760902519,2026-09-09T06:50:43.306315+00:00,,2025-11-01,2026-01-01,2,raw,mom_percent,C,2025-01-01,2025-11-01,0.8452181709049603,1.5699999999999932,fb58a27c1ab60175de109f352bde24b256f4deb4ca43954aa6647bc493796998,current_revised_raw,model,available,,1.4361673690000316
20260909_m1_01,GroupsFixed,56ffec5c80e5062543e1445f867f5b14a112c60fc42c7a9ed8585e9760902519,2026-09-09T06:50:43.306315+00:00,,2025-11-01,2025-12-01,1,raw,mom_percent,C,2025-01-01,2025-11-01,0.7172276271540733,0.29000000000000625,fb58a27c1ab60175de109f352bde24b256f4deb4ca43954aa6647bc493796998,current_revised_raw,model,available,,0.009913042002153816
20260909_m1_01,GroupsFixed,56ffec5c80e5062543e1445f867f5b14a112c60fc42c7a9ed8585e9760902519,2026-09-09T06:50:43.306315+00:00,,2025-11-01,2026-01-01,2,raw,mom_percent,C,2025-01-01,2025-11-01,0.8046718221804005,1.5699999999999932,fb58a27c1ab60175de109f352bde24b256f4deb4ca43954aa6647bc493796998,current_revised_raw,model,available,,0.009918543000821956
20260909_m1_01,GroupsDated,56ffec5c80e5062543e1445f867f5b14a112c60fc42c7a9ed8585e9760902519,2026-09-09T06:50:43.306315+00:00,,2025-11-01,2025-12-01,1,raw,mom_percent,C,2025-01-01,2025-11-01,0.6614784910376004,0.29000000000000625,fb58a27c1ab60175de109f352bde24b256f4deb4ca43954aa6647bc493796998,current_revised_raw,model,available,,0.005015672999434173
20260909_m1_01,GroupsDated,56ffec5c80e5062543e1445f867f5b14a112c60fc42c7a9ed8585e9760902519,2026-09-09T06:50:43.306315+00:00,,2025-11-01,2026-01-01,2,raw,mom_percent,C,2025-01-01,2025-11-01,0.7691221900986427,1.5699999999999932,fb58a27c1ab60175de109f352bde24b256f4deb4ca43954aa6647bc493796998,current_revised_raw,model,available,,0.005021322998800315
20260909_m1_01,Ridge,56ffec5c80e5062543e1445f867f5b14a112c60fc42c7a9ed8585e9760902519,2026-09-09T06:50:43.306315+00:00,,2025-12-01,2026-01-01,1,raw,mom_percent,C,,2025-12-01,0.9621449303531904,1.5699999999999932,fb58a27c1ab60175de109f352bde24b256f4deb4ca43954aa6647bc493796998,current_revised_raw,model,available,,0.010367009999754373
20260909_m1_01,Ridge,56ffec5c80e5062543e1445f867f5b14a112c60fc42c7a9ed8585e9760902519,2026-09-09T06:50:43.306315+00:00,,2025-12-01,2026-02-01,2,raw,mom_percent,C,,2025-12-01,0.7385469542109178,1.0999999999999943,fb58a27c1ab60175de109f352bde24b256f4deb4ca43954aa6647bc493796998,current_revised_raw,model,available,,0.01037321100011468
20260909_m1_01,Huber,56ffec5c80e5062543e1445f867f5b14a112c60fc42c7a9ed8585e9760902519,2026-09-09T06:50:43.306315+00:00,,2025-12-01,2026-01-01,1,raw,mom_percent,C,,2025-12-01,0.9616997273837171,1.5699999999999932,fb58a27c1ab60175de109f352bde24b256f4deb4ca43954aa6647bc493796998,current_revised_raw,model,available,,0.0347623220004607
20260909_m1_01,Huber,56ffec5c80e5062543e1445f867f5b14a112c60fc42c7a9ed8585e9760902519,2026-09-09T06:50:43.306315+00:00,,2025-12-01,2026-02-01,2,raw,mom_percent,C,,2025-12-01,0.4442621547885466,1.0999999999999943,fb58a27c1ab60175de109f352bde24b256f4deb4ca43954aa6647bc493796998,current_revised_raw,model,available,,0.03476842400050373
20260909_m1_01,SeasonalNaive,56ffec5c80e5062543e1445f867f5b14a112c60fc42c7a9ed8585e9760902519,2026-09-09T06:50:43.306315+00:00,,2025-12-01,2026-01-01,1,raw,mom_percent,C,,2025-12-01,0.8400000000000034,1.5699999999999932,fb58a27c1ab60175de109f352bde24b256f4deb4ca43954aa6647bc493796998,current_revised_raw,model,available,,9.280599988414906e-05
20260909_m1_01,SeasonalNaive,56ffec5c80e5062543e1445f867f5b14a112c60fc42c7a9ed8585e9760902519,2026-09-09T06:50:43.306315+00:00,,2025-12-01,2026-02-01,2,raw,mom_percent,C,,2025-12-01,1.3400000000000034,1.0999999999999943,fb58a27c1ab60175de109f352bde24b256f4deb4ca43954aa6647bc493796998,current_revised_raw,model,available,,9.820600098464638e-05
20260909_m1_01,Micro,56ffec5c80e5062543e1445f867f5b14a112c60fc42c7a9ed8585e9760902519,2026-09-09T06:50:43.306315+00:00,,2025-12-01,2026-01-01,1,raw,mom_percent,C,2025-01-01,2025-12-01,0.8101185888467519,1.5699999999999932,fb58a27c1ab60175de109f352bde24b256f4deb4ca43954aa6647bc493796998,current_revised_raw,model,available,,1.4159878310019849
20260909_m1_01,Micro,56ffec5c80e5062543e1445f867f5b14a112c60fc42c7a9ed8585e9760902519,2026-09-09T06:50:43.306315+00:00,,2025-12-01,2026-02-01,2,raw,mom_percent,C,2025-01-01,2025-12-01,0.854073077840025,1.0999999999999943,fb58a27c1ab60175de109f352bde24b256f4deb4ca43954aa6647bc493796998,current_revised_raw,model,available,,1.4159952250010974
20260909_m1_01,GroupsFixed,56ffec5c80e5062543e1445f867f5b14a112c60fc42c7a9ed8585e9760902519,2026-09-09T06:50:43.306315+00:00,,2025-12-01,2026-01-01,1,raw,mom_percent,C,2025-01-01,2025-12-01,0.7193739356273904,1.5699999999999932,fb58a27c1ab60175de109f352bde24b256f4deb4ca43954aa6647bc493796998,current_revised_raw,model,available,,0.010074587000417523
20260909_m1_01,GroupsFixed,56ffec5c80e5062543e1445f867f5b14a112c60fc42c7a9ed8585e9760902519,2026-09-09T06:50:43.306315+00:00,,2025-12-01,2026-02-01,2,raw,mom_percent,C,2025-01-01,2025-12-01,0.75468743761259,1.0999999999999943,fb58a27c1ab60175de109f352bde24b256f4deb4ca43954aa6647bc493796998,current_revised_raw,model,available,,0.010080118001496885
20260909_m1_01,GroupsDated,56ffec5c80e5062543e1445f867f5b14a112c60fc42c7a9ed8585e9760902519,2026-09-09T06:50:43.306315+00:00,,2025-12-01,2026-01-01,1,raw,mom_percent,C,2025-01-01,2025-12-01,0.6833463491426358,1.5699999999999932,fb58a27c1ab60175de109f352bde24b256f4deb4ca43954aa6647bc493796998,current_revised_raw,model,available,,0.004970938000042224
20260909_m1_01,GroupsDated,56ffec5c80e5062543e1445f867f5b14a112c60fc42c7a9ed8585e9760902519,2026-09-09T06:50:43.306315+00:00,,2025-12-01,2026-02-01,2,raw,mom_percent,C,2025-01-01,2025-12-01,0.7274868298526169,1.0999999999999943,fb58a27c1ab60175de109f352bde24b256f4deb4ca43954aa6647bc493796998,current_revised_raw,model,available,,0.004976738997356733
20260909_m1_01,Ridge,56ffec5c80e5062543e1445f867f5b14a112c60fc42c7a9ed8585e9760902519,2026-09-09T06:50:43.306315+00:00,,2026-01-01,2026-02-01,1,raw,mom_percent,C,,2026-01-01,0.8505403705109416,1.0999999999999943,fb58a27c1ab60175de109f352bde24b256f4deb4ca43954aa6647bc493796998,current_revised_raw,model,available,,0.01057152499924996
20260909_m1_01,Ridge,56ffec5c80e5062543e1445f867f5b14a112c60fc42c7a9ed8585e9760902519,2026-09-09T06:50:43.306315+00:00,,2026-01-01,2026-03-01,2,raw,mom_percent,C,,2026-01-01,0.697720669250657,0.5400000000000063,fb58a27c1ab60175de109f352bde24b256f4deb4ca43954aa6647bc493796998,current_revised_raw,model,available,,0.010577416000160156
20260909_m1_01,Huber,56ffec5c80e5062543e1445f867f5b14a112c60fc42c7a9ed8585e9760902519,2026-09-09T06:50:43.306315+00:00,,2026-01-01,2026-02-01,1,raw,mom_percent,C,,2026-01-01,0.7336886844476425,1.0999999999999943,fb58a27c1ab60175de109f352bde24b256f4deb4ca43954aa6647bc493796998,current_revised_raw,model,available,,0.03575495800032513
20260909_m1_01,Huber,56ffec5c80e5062543e1445f867f5b14a112c60fc42c7a9ed8585e9760902519,2026-09-09T06:50:43.306315+00:00,,2026-01-01,2026-03-01,2,raw,mom_percent,C,,2026-01-01,0.8043427419799798,0.5400000000000063,fb58a27c1ab60175de109f352bde24b256f4deb4ca43954aa6647bc493796998,current_revised_raw,model,available,,0.03576094900199678
20260909_m1_01,SeasonalNaive,56ffec5c80e5062543e1445f867f5b14a112c60fc42c7a9ed8585e9760902519,2026-09-09T06:50:43.306315+00:00,,2026-01-01,2026-02-01,1,raw,mom_percent,C,,2026-01-01,1.3400000000000034,1.0999999999999943,fb58a27c1ab60175de109f352bde24b256f4deb4ca43954aa6647bc493796998,current_revised_raw,model,available,,8.950900155468844e-05
20260909_m1_01,SeasonalNaive,56ffec5c80e5062543e1445f867f5b14a112c60fc42c7a9ed8585e9760902519,2026-09-09T06:50:43.306315+00:00,,2026-01-01,2026-03-01,2,raw,mom_percent,C,,2026-01-01,0.8100000000000023,0.5400000000000063,fb58a27c1ab60175de109f352bde24b256f4deb4ca43954aa6647bc493796998,current_revised_raw,model,available,,9.473899990553036e-05
20260909_m1_01,Micro,56ffec5c80e5062543e1445f867f5b14a112c60fc42c7a9ed8585e9760902519,2026-09-09T06:50:43.306315+00:00,,2026-01-01,2026-02-01,1,raw,mom_percent,C,2026-01-01,2026-01-01,0.8642507828243907,1.0999999999999943,fb58a27c1ab60175de109f352bde24b256f4deb4ca43954aa6647bc493796998,current_revised_raw,model,available,,1.4554449390016089
20260909_m1_01,Micro,56ffec5c80e5062543e1445f867f5b14a112c60fc42c7a9ed8585e9760902519,2026-09-09T06:50:43.306315+00:00,,2026-01-01,2026-03-01,2,raw,mom_percent,C,2026-01-01,2026-01-01,0.844004489610846,0.5400000000000063,fb58a27c1ab60175de109f352bde24b256f4deb4ca43954aa6647bc493796998,current_revised_raw,model,available,,1.4554524230006791
20260909_m1_01,GroupsFixed,56ffec5c80e5062543e1445f867f5b14a112c60fc42c7a9ed8585e9760902519,2026-09-09T06:50:43.306315+00:00,,2026-01-01,2026-02-01,1,raw,mom_percent,C,2026-01-01,2026-01-01,0.8114512867033369,1.0999999999999943,fb58a27c1ab60175de109f352bde24b256f4deb4ca43954aa6647bc493796998,current_revised_raw,model,available,,0.010174244998779614
20260909_m1_01,GroupsFixed,56ffec5c80e5062543e1445f867f5b14a112c60fc42c7a9ed8585e9760902519,2026-09-09T06:50:43.306315+00:00,,2026-01-01,2026-03-01,2,raw,mom_percent,C,2026-01-01,2026-01-01,0.7598794320806246,0.5400000000000063,fb58a27c1ab60175de109f352bde24b256f4deb4ca43954aa6647bc493796998,current_revised_raw,model,available,,0.010179615001106868
20260909_m1_01,GroupsDated,56ffec5c80e5062543e1445f867f5b14a112c60fc42c7a9ed8585e9760902519,2026-09-09T06:50:43.306315+00:00,,2026-01-01,2026-02-01,1,raw,mom_percent,C,2026-01-01,2026-01-01,0.8302576943613608,1.0999999999999943,fb58a27c1ab60175de109f352bde24b256f4deb4ca43954aa6647bc493796998,current_revised_raw,model,available,,0.004923278000205755
20260909_m1_01,GroupsDated,56ffec5c80e5062543e1445f867f5b14a112c60fc42c7a9ed8585e9760902519,2026-09-09T06:50:43.306315+00:00,,2026-01-01,2026-03-01,2,raw,mom_percent,C,2026-01-01,2026-01-01,0.7842569580874965,0.5400000000000063,fb58a27c1ab60175de109f352bde24b256f4deb4ca43954aa6647bc493796998,current_revised_raw,model,available,,0.004928689002554165
20260909_m1_01,Ridge,56ffec5c80e5062543e1445f867f5b14a112c60fc42c7a9ed8585e9760902519,2026-09-09T06:50:43.306315+00:00,,2026-02-01,2026-03-01,1,raw,mom_percent,C,,2026-02-01,0.715639961310103,0.5400000000000063,fb58a27c1ab60175de109f352bde24b256f4deb4ca43954aa6647bc493796998,current_revised_raw,model,available,,0.010560244001680985
20260909_m1_01,Ridge,56ffec5c80e5062543e1445f867f5b14a112c60fc42c7a9ed8585e9760902519,2026-09-09T06:50:43.306315+00:00,,2026-02-01,2026-04-01,2,raw,mom_percent,C,,2026-02-01,0.6055505869848758,-0.28000000000000114,fb58a27c1ab60175de109f352bde24b256f4deb4ca43954aa6647bc493796998,current_revised_raw,model,available,,0.0105664059992705
20260909_m1_01,Huber,56ffec5c80e5062543e1445f867f5b14a112c60fc42c7a9ed8585e9760902519,2026-09-09T06:50:43.306315+00:00,,2026-02-01,2026-03-01,1,raw,mom_percent,C,,2026-02-01,0.7418231073690009,0.5400000000000063,fb58a27c1ab60175de109f352bde24b256f4deb4ca43954aa6647bc493796998,current_revised_raw,model,available,,0.03611631099920487
20260909_m1_01,Huber,56ffec5c80e5062543e1445f867f5b14a112c60fc42c7a9ed8585e9760902519,2026-09-09T06:50:43.306315+00:00,,2026-02-01,2026-04-01,2,raw,mom_percent,C,,2026-02-01,0.5976357478905783,-0.28000000000000114,fb58a27c1ab60175de109f352bde24b256f4deb4ca43954aa6647bc493796998,current_revised_raw,model,available,,0.03612242300005164
20260909_m1_01,SeasonalNaive,56ffec5c80e5062543e1445f867f5b14a112c60fc42c7a9ed8585e9760902519,2026-09-09T06:50:43.306315+00:00,,2026-02-01,2026-03-01,1,raw,mom_percent,C,,2026-02-01,0.8100000000000023,0.5400000000000063,fb58a27c1ab60175de109f352bde24b256f4deb4ca43954aa6647bc493796998,current_revised_raw,model,available,,9.187400064547546e-05
20260909_m1_01,SeasonalNaive,56ffec5c80e5062543e1445f867f5b14a112c60fc42c7a9ed8585e9760902519,2026-09-09T06:50:43.306315+00:00,,2026-02-01,2026-04-01,2,raw,mom_percent,C,,2026-02-01,0.5300000000000011,-0.28000000000000114,fb58a27c1ab60175de109f352bde24b256f4deb4ca43954aa6647bc493796998,current_revised_raw,model,available,,9.711399980005808e-05
20260909_m1_01,Micro,56ffec5c80e5062543e1445f867f5b14a112c60fc42c7a9ed8585e9760902519,2026-09-09T06:50:43.306315+00:00,,2026-02-01,2026-03-01,1,raw,mom_percent,C,2026-01-01,2026-02-01,0.8685669646877643,0.5400000000000063,fb58a27c1ab60175de109f352bde24b256f4deb4ca43954aa6647bc493796998,current_revised_raw,model,available,,1.404422429000988
20260909_m1_01,Micro,56ffec5c80e5062543e1445f867f5b14a112c60fc42c7a9ed8585e9760902519,2026-09-09T06:50:43.306315+00:00,,2026-02-01,2026-04-01,2,raw,mom_percent,C,2026-01-01,2026-02-01,0.623304001982244,-0.28000000000000114,fb58a27c1ab60175de109f352bde24b256f4deb4ca43954aa6647bc493796998,current_revised_raw,model,available,,1.4044299929992121
20260909_m1_01,GroupsFixed,56ffec5c80e5062543e1445f867f5b14a112c60fc42c7a9ed8585e9760902519,2026-09-09T06:50:43.306315+00:00,,2026-02-01,2026-03-01,1,raw,mom_percent,C,2026-01-01,2026-02-01,0.7663589728410168,0.5400000000000063,fb58a27c1ab60175de109f352bde24b256f4deb4ca43954aa6647bc493796998,current_revised_raw,model,available,,0.010043569000117714
20260909_m1_01,GroupsFixed,56ffec5c80e5062543e1445f867f5b14a112c60fc42c7a9ed8585e9760902519,2026-09-09T06:50:43.306315+00:00,,2026-02-01,2026-04-01,2,raw,mom_percent,C,2026-01-01,2026-02-01,0.5216889834288693,-0.28000000000000114,fb58a27c1ab60175de109f352bde24b256f4deb4ca43954aa6647bc493796998,current_revised_raw,model,available,,0.010049099000752904
20260909_m1_01,GroupsDated,56ffec5c80e5062543e1445f867f5b14a112c60fc42c7a9ed8585e9760902519,2026-09-09T06:50:43.306315+00:00,,2026-02-01,2026-03-01,1,raw,mom_percent,C,2026-01-01,2026-02-01,0.7958760357649056,0.5400000000000063,fb58a27c1ab60175de109f352bde24b256f4deb4ca43954aa6647bc493796998,current_revised_raw,model,available,,0.005134057002578629
20260909_m1_01,GroupsDated,56ffec5c80e5062543e1445f867f5b14a112c60fc42c7a9ed8585e9760902519,2026-09-09T06:50:43.306315+00:00,,2026-02-01,2026-04-01,2,raw,mom_percent,C,2026-01-01,2026-02-01,0.5203713110956175,-0.28000000000000114,fb58a27c1ab60175de109f352bde24b256f4deb4ca43954aa6647bc493796998,current_revised_raw,model,available,,0.00513968700033729
20260909_m1_01,Ridge,56ffec5c80e5062543e1445f867f5b14a112c60fc42c7a9ed8585e9760902519,2026-09-09T06:50:43.306315+00:00,,2026-03-01,2026-04-01,1,raw,mom_percent,C,,2026-03-01,0.5427150608685167,-0.28000000000000114,fb58a27c1ab60175de109f352bde24b256f4deb4ca43954aa6647bc493796998,current_revised_raw,model,available,,0.010626029001286952
20260909_m1_01,Ridge,56ffec5c80e5062543e1445f867f5b14a112c60fc42c7a9ed8585e9760902519,2026-09-09T06:50:43.306315+00:00,,2026-03-01,2026-05-01,2,raw,mom_percent,C,,2026-03-01,0.44243667692589383,0.09000000000000341,fb58a27c1ab60175de109f352bde24b256f4deb4ca43954aa6647bc493796998,current_revised_raw,model,available,,0.010632271001668414
20260909_m1_01,Huber,56ffec5c80e5062543e1445f867f5b14a112c60fc42c7a9ed8585e9760902519,2026-09-09T06:50:43.306315+00:00,,2026-03-01,2026-04-01,1,raw,mom_percent,C,,2026-03-01,0.47996889558218925,-0.28000000000000114,fb58a27c1ab60175de109f352bde24b256f4deb4ca43954aa6647bc493796998,current_revised_raw,model,available,,0.031442504998267395
20260909_m1_01,Huber,56ffec5c80e5062543e1445f867f5b14a112c60fc42c7a9ed8585e9760902519,2026-09-09T06:50:43.306315+00:00,,2026-03-01,2026-05-01,2,raw,mom_percent,C,,2026-03-01,0.425055022206692,0.09000000000000341,fb58a27c1ab60175de109f352bde24b256f4deb4ca43954aa6647bc493796998,current_revised_raw,model,available,,0.03144866599905072
20260909_m1_01,SeasonalNaive,56ffec5c80e5062543e1445f867f5b14a112c60fc42c7a9ed8585e9760902519,2026-09-09T06:50:43.306315+00:00,,2026-03-01,2026-04-01,1,raw,mom_percent,C,,2026-03-01,0.5300000000000011,-0.28000000000000114,fb58a27c1ab60175de109f352bde24b256f4deb4ca43954aa6647bc493796998,current_revised_raw,model,available,,9.524999768473208e-05
20260909_m1_01,SeasonalNaive,56ffec5c80e5062543e1445f867f5b14a112c60fc42c7a9ed8585e9760902519,2026-09-09T06:50:43.306315+00:00,,2026-03-01,2026-05-01,2,raw,mom_percent,C,,2026-03-01,-0.06999999999999318,0.09000000000000341,fb58a27c1ab60175de109f352bde24b256f4deb4ca43954aa6647bc493796998,current_revised_raw,model,available,,0.00010076999751618132
20260909_m1_01,Micro,56ffec5c80e5062543e1445f867f5b14a112c60fc42c7a9ed8585e9760902519,2026-09-09T06:50:43.306315+00:00,,2026-03-01,2026-04-01,1,raw,mom_percent,C,2026-01-01,2026-03-01,0.6133305633715372,-0.28000000000000114,fb58a27c1ab60175de109f352bde24b256f4deb4ca43954aa6647bc493796998,current_revised_raw,model,available,,1.453636453999934
20260909_m1_01,Micro,56ffec5c80e5062543e1445f867f5b14a112c60fc42c7a9ed8585e9760902519,2026-09-09T06:50:43.306315+00:00,,2026-03-01,2026-05-01,2,raw,mom_percent,C,2026-01-01,2026-03-01,0.44824035057673717,0.09000000000000341,fb58a27c1ab60175de109f352bde24b256f4deb4ca43954aa6647bc493796998,current_revised_raw,model,available,,1.4536439180010348
20260909_m1_01,GroupsFixed,56ffec5c80e5062543e1445f867f5b14a112c60fc42c7a9ed8585e9760902519,2026-09-09T06:50:43.306315+00:00,,2026-03-01,2026-04-01,1,raw,mom_percent,C,2026-01-01,2026-03-01,0.47051120588243434,-0.28000000000000114,fb58a27c1ab60175de109f352bde24b256f4deb4ca43954aa6647bc493796998,current_revised_raw,model,available,,0.01005458000145154
20260909_m1_01,GroupsFixed,56ffec5c80e5062543e1445f867f5b14a112c60fc42c7a9ed8585e9760902519,2026-09-09T06:50:43.306315+00:00,,2026-03-01,2026-05-01,2,raw,mom_percent,C,2026-01-01,2026-03-01,0.3623387925892911,0.09000000000000341,fb58a27c1ab60175de109f352bde24b256f4deb4ca43954aa6647bc493796998,current_revised_raw,model,available,,0.010059920001367573
20260909_m1_01,GroupsDated,56ffec5c80e5062543e1445f867f5b14a112c60fc42c7a9ed8585e9760902519,2026-09-09T06:50:43.306315+00:00,,2026-03-01,2026-04-01,1,raw,mom_percent,C,2026-01-01,2026-03-01,0.4646710703317042,-0.28000000000000114,fb58a27c1ab60175de109f352bde24b256f4deb4ca43954aa6647bc493796998,current_revised_raw,model,available,,0.00491569400037406
20260909_m1_01,GroupsDated,56ffec5c80e5062543e1445f867f5b14a112c60fc42c7a9ed8585e9760902519,2026-09-09T06:50:43.306315+00:00,,2026-03-01,2026-05-01,2,raw,mom_percent,C,2026-01-01,2026-03-01,0.3476890108959979,0.09000000000000341,fb58a27c1ab60175de109f352bde24b256f4deb4ca43954aa6647bc493796998,current_revised_raw,model,available,,0.004922456999338465
20260909_m1_01,Ridge,56ffec5c80e5062543e1445f867f5b14a112c60fc42c7a9ed8585e9760902519,2026-09-09T06:50:43.306315+00:00,,2026-04-01,2026-05-01,1,raw,mom_percent,C,,2026-04-01,0.41505420858631226,0.09000000000000341,fb58a27c1ab60175de109f352bde24b256f4deb4ca43954aa6647bc493796998,current_revised_raw,model,available,,0.010368382998422021
20260909_m1_01,Ridge,56ffec5c80e5062543e1445f867f5b14a112c60fc42c7a9ed8585e9760902519,2026-09-09T06:50:43.306315+00:00,,2026-04-01,2026-06-01,2,raw,mom_percent,C,,2026-04-01,0.1616265113706703,1.0600000000000023,fb58a27c1ab60175de109f352bde24b256f4deb4ca43954aa6647bc493796998,current_revised_raw,model,available,,0.010374254001362715
20260909_m1_01,Huber,56ffec5c80e5062543e1445f867f5b14a112c60fc42c7a9ed8585e9760902519,2026-09-09T06:50:43.306315+00:00,,2026-04-01,2026-05-01,1,raw,mom_percent,C,,2026-04-01,0.4010543073435855,0.09000000000000341,fb58a27c1ab60175de109f352bde24b256f4deb4ca43954aa6647bc493796998,current_revised_raw,model,available,,0.03410864000034053
20260909_m1_01,Huber,56ffec5c80e5062543e1445f867f5b14a112c60fc42c7a9ed8585e9760902519,2026-09-09T06:50:43.306315+00:00,,2026-04-01,2026-06-01,2,raw,mom_percent,C,,2026-04-01,0.033688830438904915,1.0600000000000023,fb58a27c1ab60175de109f352bde24b256f4deb4ca43954aa6647bc493796998,current_revised_raw,model,available,,0.034114630998374196
20260909_m1_01,SeasonalNaive,56ffec5c80e5062543e1445f867f5b14a112c60fc42c7a9ed8585e9760902519,2026-09-09T06:50:43.306315+00:00,,2026-04-01,2026-05-01,1,raw,mom_percent,C,,2026-04-01,-0.06999999999999318,0.09000000000000341,fb58a27c1ab60175de109f352bde24b256f4deb4ca43954aa6647bc493796998,current_revised_raw,model,available,,9.084200064535253e-05
20260909_m1_01,SeasonalNaive,56ffec5c80e5062543e1445f867f5b14a112c60fc42c7a9ed8585e9760902519,2026-09-09T06:50:43.306315+00:00,,2026-04-01,2026-06-01,2,raw,mom_percent,C,,2026-04-01,-0.04000000000000625,1.0600000000000023,fb58a27c1ab60175de109f352bde24b256f4deb4ca43954aa6647bc493796998,current_revised_raw,model,available,,9.621199933462776e-05
20260909_m1_01,Micro,56ffec5c80e5062543e1445f867f5b14a112c60fc42c7a9ed8585e9760902519,2026-09-09T06:50:43.306315+00:00,,2026-04-01,2026-05-01,1,raw,mom_percent,C,2026-01-01,2026-04-01,0.4035220117617296,0.09000000000000341,fb58a27c1ab60175de109f352bde24b256f4deb4ca43954aa6647bc493796998,current_revised_raw,model,available,,1.3993806949983991
20260909_m1_01,Micro,56ffec5c80e5062543e1445f867f5b14a112c60fc42c7a9ed8585e9760902519,2026-09-09T06:50:43.306315+00:00,,2026-04-01,2026-06-01,2,raw,mom_percent,C,2026-01-01,2026-04-01,0.4479652411327177,1.0600000000000023,fb58a27c1ab60175de109f352bde24b256f4deb4ca43954aa6647bc493796998,current_revised_raw,model,available,,1.3993881789974694
20260909_m1_01,GroupsFixed,56ffec5c80e5062543e1445f867f5b14a112c60fc42c7a9ed8585e9760902519,2026-09-09T06:50:43.306315+00:00,,2026-04-01,2026-05-01,1,raw,mom_percent,C,2026-01-01,2026-04-01,0.26509004773329065,0.09000000000000341,fb58a27c1ab60175de109f352bde24b256f4deb4ca43954aa6647bc493796998,current_revised_raw,model,available,,0.009942078002495691
20260909_m1_01,GroupsFixed,56ffec5c80e5062543e1445f867f5b14a112c60fc42c7a9ed8585e9760902519,2026-09-09T06:50:43.306315+00:00,,2026-04-01,2026-06-01,2,raw,mom_percent,C,2026-01-01,2026-04-01,0.33162887105539807,1.0600000000000023,fb58a27c1ab60175de109f352bde24b256f4deb4ca43954aa6647bc493796998,current_revised_raw,model,available,,0.009947608003130881
20260909_m1_01,GroupsDated,56ffec5c80e5062543e1445f867f5b14a112c60fc42c7a9ed8585e9760902519,2026-09-09T06:50:43.306315+00:00,,2026-04-01,2026-05-01,1,raw,mom_percent,C,2026-01-01,2026-04-01,0.2535819027782072,0.09000000000000341,fb58a27c1ab60175de109f352bde24b256f4deb4ca43954aa6647bc493796998,current_revised_raw,model,available,,0.0049187299991899636
20260909_m1_01,GroupsDated,56ffec5c80e5062543e1445f867f5b14a112c60fc42c7a9ed8585e9760902519,2026-09-09T06:50:43.306315+00:00,,2026-04-01,2026-06-01,2,raw,mom_percent,C,2026-01-01,2026-04-01,0.3273021060293329,1.0600000000000023,fb58a27c1ab60175de109f352bde24b256f4deb4ca43954aa6647bc493796998,current_revised_raw,model,available,,0.004923989999952028
20260909_m1_01,Ridge,56ffec5c80e5062543e1445f867f5b14a112c60fc42c7a9ed8585e9760902519,2026-09-09T06:50:43.306315+00:00,,2026-05-01,2026-06-01,1,raw,mom_percent,C,,2026-05-01,0.030509029232419493,1.0600000000000023,fb58a27c1ab60175de109f352bde24b256f4deb4ca43954aa6647bc493796998,current_revised_raw,model,available,,0.010369635001552524
20260909_m1_01,Ridge,56ffec5c80e5062543e1445f867f5b14a112c60fc42c7a9ed8585e9760902519,2026-09-09T06:50:43.306315+00:00,,2026-05-01,2026-07-01,2,raw,mom_percent,C,,2026-05-01,0.19877496335004707,0.8199999999999932,fb58a27c1ab60175de109f352bde24b256f4deb4ca43954aa6647bc493796998,current_revised_raw,model,available,,0.010375817000749521
20260909_m1_01,Huber,56ffec5c80e5062543e1445f867f5b14a112c60fc42c7a9ed8585e9760902519,2026-09-09T06:50:43.306315+00:00,,2026-05-01,2026-06-01,1,raw,mom_percent,C,,2026-05-01,-0.006942089267639062,1.0600000000000023,fb58a27c1ab60175de109f352bde24b256f4deb4ca43954aa6647bc493796998,current_revised_raw,model,available,,0.03321139699983178
20260909_m1_01,Huber,56ffec5c80e5062543e1445f867f5b14a112c60fc42c7a9ed8585e9760902519,2026-09-09T06:50:43.306315+00:00,,2026-05-01,2026-07-01,2,raw,mom_percent,C,,2026-05-01,0.22917177524587373,0.8199999999999932,fb58a27c1ab60175de109f352bde24b256f4deb4ca43954aa6647bc493796998,current_revised_raw,model,available,,0.033217108000826556
20260909_m1_01,SeasonalNaive,56ffec5c80e5062543e1445f867f5b14a112c60fc42c7a9ed8585e9760902519,2026-09-09T06:50:43.306315+00:00,,2026-05-01,2026-06-01,1,raw,mom_percent,C,,2026-05-01,-0.04000000000000625,1.0600000000000023,fb58a27c1ab60175de109f352bde24b256f4deb4ca43954aa6647bc493796998,current_revised_raw,model,available,,0.000103596001281403
20260909_m1_01,SeasonalNaive,56ffec5c80e5062543e1445f867f5b14a112c60fc42c7a9ed8585e9760902519,2026-09-09T06:50:43.306315+00:00,,2026-05-01,2026-07-01,2,raw,mom_percent,C,,2026-05-01,0.35999999999999943,0.8199999999999932,fb58a27c1ab60175de109f352bde24b256f4deb4ca43954aa6647bc493796998,current_revised_raw,model,available,,0.00010938700143015012
20260909_m1_01,Micro,56ffec5c80e5062543e1445f867f5b14a112c60fc42c7a9ed8585e9760902519,2026-09-09T06:50:43.306315+00:00,,2026-05-01,2026-06-01,1,raw,mom_percent,C,2026-01-01,2026-05-01,0.4054837311240075,1.0600000000000023,fb58a27c1ab60175de109f352bde24b256f4deb4ca43954aa6647bc493796998,current_revised_raw,model,available,,1.3986300739998114
20260909_m1_01,Micro,56ffec5c80e5062543e1445f867f5b14a112c60fc42c7a9ed8585e9760902519,2026-09-09T06:50:43.306315+00:00,,2026-05-01,2026-07-01,2,raw,mom_percent,C,2026-01-01,2026-05-01,0.3794143371283695,0.8199999999999932,fb58a27c1ab60175de109f352bde24b256f4deb4ca43954aa6647bc493796998,current_revised_raw,model,available,,1.3986380089991144
20260909_m1_01,GroupsFixed,56ffec5c80e5062543e1445f867f5b14a112c60fc42c7a9ed8585e9760902519,2026-09-09T06:50:43.306315+00:00,,2026-05-01,2026-06-01,1,raw,mom_percent,C,2026-01-01,2026-05-01,0.3259392299305449,1.0600000000000023,fb58a27c1ab60175de109f352bde24b256f4deb4ca43954aa6647bc493796998,current_revised_raw,model,available,,0.010246371999528492
20260909_m1_01,GroupsFixed,56ffec5c80e5062543e1445f867f5b14a112c60fc42c7a9ed8585e9760902519,2026-09-09T06:50:43.306315+00:00,,2026-05-01,2026-07-01,2,raw,mom_percent,C,2026-01-01,2026-05-01,0.325644062408174,0.8199999999999932,fb58a27c1ab60175de109f352bde24b256f4deb4ca43954aa6647bc493796998,current_revised_raw,model,available,,0.010251712999888696
20260909_m1_01,GroupsDated,56ffec5c80e5062543e1445f867f5b14a112c60fc42c7a9ed8585e9760902519,2026-09-09T06:50:43.306315+00:00,,2026-05-01,2026-06-01,1,raw,mom_percent,C,2026-01-01,2026-05-01,0.32583602849511095,1.0600000000000023,fb58a27c1ab60175de109f352bde24b256f4deb4ca43954aa6647bc493796998,current_revised_raw,model,available,,0.004950009002641309
20260909_m1_01,GroupsDated,56ffec5c80e5062543e1445f867f5b14a112c60fc42c7a9ed8585e9760902519,2026-09-09T06:50:43.306315+00:00,,2026-05-01,2026-07-01,2,raw,mom_percent,C,2026-01-01,2026-05-01,0.32859327583984577,0.8199999999999932,fb58a27c1ab60175de109f352bde24b256f4deb4ca43954aa6647bc493796998,current_revised_raw,model,available,,0.004955430002155481
20260909_m1_01,Ridge,56ffec5c80e5062543e1445f867f5b14a112c60fc42c7a9ed8585e9760902519,2026-09-09T06:50:43.306315+00:00,,2026-06-01,2026-07-01,1,raw,mom_percent,C,,2026-06-01,0.9661776044591477,0.8199999999999932,fb58a27c1ab60175de109f352bde24b256f4deb4ca43954aa6647bc493796998,current_revised_raw,model,available,,0.007479326999600744
20260909_m1_01,Huber,56ffec5c80e5062543e1445f867f5b14a112c60fc42c7a9ed8585e9760902519,2026-09-09T06:50:43.306315+00:00,,2026-06-01,2026-07-01,1,raw,mom_percent,C,,2026-06-01,0.9690036062327039,0.8199999999999932,fb58a27c1ab60175de109f352bde24b256f4deb4ca43954aa6647bc493796998,current_revised_raw,model,available,,0.03148296200015466
20260909_m1_01,SeasonalNaive,56ffec5c80e5062543e1445f867f5b14a112c60fc42c7a9ed8585e9760902519,2026-09-09T06:50:43.306315+00:00,,2026-06-01,2026-07-01,1,raw,mom_percent,C,,2026-06-01,0.35999999999999943,0.8199999999999932,fb58a27c1ab60175de109f352bde24b256f4deb4ca43954aa6647bc493796998,current_revised_raw,model,available,,9.359599789604545e-05
20260909_m1_01,Micro,56ffec5c80e5062543e1445f867f5b14a112c60fc42c7a9ed8585e9760902519,2026-09-09T06:50:43.306315+00:00,,2026-06-01,2026-07-01,1,raw,mom_percent,C,2026-01-01,2026-06-01,0.6312636257914729,0.8199999999999932,fb58a27c1ab60175de109f352bde24b256f4deb4ca43954aa6647bc493796998,current_revised_raw,model,available,,1.3895394860010128
20260909_m1_01,GroupsFixed,56ffec5c80e5062543e1445f867f5b14a112c60fc42c7a9ed8585e9760902519,2026-09-09T06:50:43.306315+00:00,,2026-06-01,2026-07-01,1,raw,mom_percent,C,2026-01-01,2026-06-01,0.48949029401583083,0.8199999999999932,fb58a27c1ab60175de109f352bde24b256f4deb4ca43954aa6647bc493796998,current_revised_raw,model,available,,0.006141649999335641
20260909_m1_01,GroupsDated,56ffec5c80e5062543e1445f867f5b14a112c60fc42c7a9ed8585e9760902519,2026-09-09T06:50:43.306315+00:00,,2026-06-01,2026-07-01,1,raw,mom_percent,C,2026-01-01,2026-06-01,0.5436220172552273,0.8199999999999932,fb58a27c1ab60175de109f352bde24b256f4deb4ca43954aa6647bc493796998,current_revised_raw,model,available,,0.004651485000067623
