horizon,model,baseline,target_month,N_pair,N_planned,candidate_error,baseline_error,absolute_loss_difference
1,Ridge,Huber,2024-08-01,24,24,0.010534832337924627,-0.010722811326843384,-0.00018797898891875775
1,Ridge,Huber,2024-09-01,24,24,-0.12814750158511856,-0.15127140895228308,-0.02312390736716452
1,Ridge,Huber,2024-10-01,24,24,-0.45742628597942314,-0.4607828987570173,-0.003356612777594137
1,Ridge,Huber,2024-11-01,24,24,-0.892461594689749,-0.9351277576874537,-0.04266616299770476
1,Ridge,Huber,2024-12-01,24,24,0.4314984125563228,0.33717085649078626,0.09432755606553656
1,Ridge,Huber,2025-01-01,24,24,0.17694589296706908,0.18323589053740363,-0.006289997570334549
1,Ridge,Huber,2025-02-01,24,24,-0.8042696424575126,-0.6706243572502188,0.1336452852072938
1,Ridge,Huber,2025-03-01,24,24,-0.14865028948442216,-0.12545608247035034,0.02319420701407182
1,Ridge,Huber,2025-04-01,24,24,0.36912572904506646,0.4153875809224701,-0.046261851877403615
1,Ridge,Huber,2025-05-01,24,24,0.5469797017547222,0.5469980983768039,-1.839662208169557e-05
1,Ridge,Huber,2025-06-01,24,24,0.055009854317333406,0.03229069227610637,0.022719162041227037
1,Ridge,Huber,2025-07-01,24,24,-0.4446481224601797,-0.3507590533085363,0.09388906915164341
1,Ridge,Huber,2025-08-01,24,24,0.39810021919093685,0.4758510219698593,-0.07775080277892243
1,Ridge,Huber,2025-09-01,24,24,-0.6003137435213262,-0.5926685301522383,0.007645213369087855
1,Ridge,Huber,2025-10-01,24,24,0.04846178145515978,0.04322852017148193,0.005233261283677848
1,Ridge,Huber,2025-11-01,24,24,0.3338499551578451,0.28456972568250194,0.04928022947534316
1,Ridge,Huber,2025-12-01,24,24,0.023697158586131195,0.026409459671640434,-0.002712301085509239
1,Ridge,Huber,2026-01-01,24,24,-0.6078550696468028,-0.6083002726162761,-0.0004452029694732573
1,Ridge,Huber,2026-02-01,24,24,-0.24945962948905276,-0.36631131555235186,-0.1168516860632991
1,Ridge,Huber,2026-03-01,24,24,0.17563996131009674,0.20182310736899467,-0.026183146058897933
1,Ridge,Huber,2026-04-01,24,24,0.8227150608685179,0.7599688955821904,0.06274616528632748
1,Ridge,Huber,2026-05-01,24,24,0.32505420858630885,0.3110543073435821,0.013999901242726764
1,Ridge,Huber,2026-06-01,24,24,-1.0294909707675828,-1.0669420892676413,-0.037451118500058556
1,Ridge,Huber,2026-07-01,24,24,0.1461776044591545,0.1490036062327107,-0.002826001773556186
1,Ridge,SeasonalNaive,2024-08-01,24,24,0.010534832337924627,-0.1599999999999966,-0.14946516766207196
1,Ridge,SeasonalNaive,2024-09-01,24,24,-0.12814750158511856,1.1299999999999955,-1.001852498414877
1,Ridge,SeasonalNaive,2024-10-01,24,24,-0.45742628597942314,-0.5600000000000023,-0.10257371402057913
1,Ridge,SeasonalNaive,2024-11-01,24,24,-0.892461594689749,-0.7600000000000051,0.13246159468974383
1,Ridge,SeasonalNaive,2024-12-01,24,24,0.4314984125563228,-0.6199999999999903,-0.18850158744366752
1,Ridge,SeasonalNaive,2025-01-01,24,24,0.17694589296706908,0.030000000000001137,0.14694589296706795
1,Ridge,SeasonalNaive,2025-02-01,24,24,-0.8042696424575126,-0.8100000000000023,-0.005730357542489628
1,Ridge,SeasonalNaive,2025-03-01,24,24,-0.14865028948442216,-0.28000000000000114,-0.13134971051557898
1,Ridge,SeasonalNaive,2025-04-01,24,24,0.36912572904506646,-0.15000000000000568,0.21912572904506078
1,Ridge,SeasonalNaive,2025-05-01,24,24,0.5469797017547222,1.009999999999991,-0.4630202982452687
1,Ridge,SeasonalNaive,2025-06-01,24,24,0.055009854317333406,0.22000000000001307,-0.16499014568267967
1,Ridge,SeasonalNaive,2025-07-01,24,24,-0.4446481224601797,0.7099999999999937,-0.26535187753981404
1,Ridge,SeasonalNaive,2025-08-01,24,24,0.39810021919093685,0.6599999999999966,-0.26189978080905973
1,Ridge,SeasonalNaive,2025-09-01,24,24,-0.6003137435213262,-0.37999999999999545,0.2203137435213307
1,Ridge,SeasonalNaive,2025-10-01,24,24,0.04846178145515978,0.4899999999999949,-0.4415382185448351
1,Ridge,SeasonalNaive,2025-11-01,24,24,0.3338499551578451,1.3499999999999943,-1.0161500448421492
1,Ridge,SeasonalNaive,2025-12-01,24,24,0.023697158586131195,0.6199999999999903,-0.5963028414138591
1,Ridge,SeasonalNaive,2026-01-01,24,24,-0.6078550696468028,-0.7299999999999898,-0.12214493035318696
1,Ridge,SeasonalNaive,2026-02-01,24,24,-0.24945962948905276,0.2400000000000091,0.009459629489043664
1,Ridge,SeasonalNaive,2026-03-01,24,24,0.17563996131009674,0.269999999999996,-0.09436003868989928
1,Ridge,SeasonalNaive,2026-04-01,24,24,0.8227150608685179,0.8100000000000023,0.012715060868515593
1,Ridge,SeasonalNaive,2026-05-01,24,24,0.32505420858630885,-0.1599999999999966,0.16505420858631226
1,Ridge,SeasonalNaive,2026-06-01,24,24,-1.0294909707675828,-1.1000000000000085,-0.07050902923242575
1,Ridge,SeasonalNaive,2026-07-01,24,24,0.1461776044591545,-0.45999999999999375,-0.31382239554083924
1,Ridge,Micro,2024-08-01,24,24,0.010534832337924627,0.18583689421154603,-0.1753020618736214
1,Ridge,Micro,2024-09-01,24,24,-0.12814750158511856,-0.28354040110563306,-0.1553928995205145
1,Ridge,Micro,2024-10-01,24,24,-0.45742628597942314,-0.4475691896953107,0.009857096284112465
1,Ridge,Micro,2024-11-01,24,24,-0.892461594689749,-0.799222355727434,0.0932392389623149
1,Ridge,Micro,2024-12-01,24,24,0.4314984125563228,-0.16244744065736394,0.2690509718989589
1,Ridge,Micro,2025-01-01,24,24,0.17694589296706908,-0.06655494198363343,0.11039095098343565
1,Ridge,Micro,2025-02-01,24,24,-0.8042696424575126,-0.6314981506068399,0.17277149185067275
1,Ridge,Micro,2025-03-01,24,24,-0.14865028948442216,-0.053570351575272346,0.09507993790914981
1,Ridge,Micro,2025-04-01,24,24,0.36912572904506646,0.08528632437420214,0.2838394046708643
1,Ridge,Micro,2025-05-01,24,24,0.5469797017547222,0.6463432371809437,-0.09936353542622145
1,Ridge,Micro,2025-06-01,24,24,0.055009854317333406,0.40109261263964435,-0.34608275832231095
1,Ridge,Micro,2025-07-01,24,24,-0.4446481224601797,-0.023845867928731224,0.4208022545314485
1,Ridge,Micro,2025-08-01,24,24,0.39810021919093685,0.8722340620638094,-0.4741338428728725
1,Ridge,Micro,2025-09-01,24,24,-0.6003137435213262,-0.5479242417670475,0.0523895017542787
1,Ridge,Micro,2025-10-01,24,24,0.04846178145515978,0.22376651566661976,-0.17530473421145998
1,Ridge,Micro,2025-11-01,24,24,0.3338499551578451,0.5890425401434743,-0.25519258498562924
1,Ridge,Micro,2025-12-01,24,24,0.023697158586131195,0.4545153480200589,-0.4308181894339277
1,Ridge,Micro,2026-01-01,24,24,-0.6078550696468028,-0.7598814111532413,-0.15202634150643846
1,Ridge,Micro,2026-02-01,24,24,-0.24945962948905276,-0.2357492171756036,0.01371041231344916
1,Ridge,Micro,2026-03-01,24,24,0.17563996131009674,0.32856696468775803,-0.1529270033776613
1,Ridge,Micro,2026-04-01,24,24,0.8227150608685179,0.8933305633715384,-0.07061550250302051
1,Ridge,Micro,2026-05-01,24,24,0.32505420858630885,0.31352201176172617,0.011532196824582674
1,Ridge,Micro,2026-06-01,24,24,-1.0294909707675828,-0.6545162688759948,0.374974701891588
1,Ridge,Micro,2026-07-01,24,24,0.1461776044591545,-0.1887363742085203,-0.04255876974936579
1,Ridge,GroupsFixed,2024-08-01,24,24,0.010534832337924627,0.23362743026989724,-0.2230925979319726
1,Ridge,GroupsFixed,2024-09-01,24,24,-0.12814750158511856,-0.43845958090250287,-0.3103120793173843
1,Ridge,GroupsFixed,2024-10-01,24,24,-0.45742628597942314,-0.48874849678157073,-0.03132221080214759
1,Ridge,GroupsFixed,2024-11-01,24,24,-0.892461594689749,-0.843215477434377,0.04924611725537198
1,Ridge,GroupsFixed,2024-12-01,24,24,0.4314984125563228,-0.15904477323393518,0.27245363932238764
1,Ridge,GroupsFixed,2025-01-01,24,24,0.17694589296706908,-0.08282154963843258,0.0941243433286365
1,Ridge,GroupsFixed,2025-02-01,24,24,-0.8042696424575126,-0.6744787913484572,0.12979085110905542
1,Ridge,GroupsFixed,2025-03-01,24,24,-0.14865028948442216,-0.11452804901947,0.03412224046495216
1,Ridge,GroupsFixed,2025-04-01,24,24,0.36912572904506646,0.026216845803819,0.34290888324124746
1,Ridge,GroupsFixed,2025-05-01,24,24,0.5469797017547222,0.501310731392328,0.04566897036239426
1,Ridge,GroupsFixed,2025-06-01,24,24,0.055009854317333406,0.3110265619813182,-0.25601670766398477
1,Ridge,GroupsFixed,2025-07-01,24,24,-0.4446481224601797,-0.12726345387359983,0.3173846685865799
1,Ridge,GroupsFixed,2025-08-01,24,24,0.39810021919093685,0.7842150400304845,-0.3861148208395476
1,Ridge,GroupsFixed,2025-09-01,24,24,-0.6003137435213262,-0.7599730405593916,-0.15965929703806547
1,Ridge,GroupsFixed,2025-10-01,24,24,0.04846178145515978,0.1223745145122711,-0.07391273305711132
1,Ridge,GroupsFixed,2025-11-01,24,24,0.3338499551578451,0.5412472213145224,-0.2073972661566773
1,Ridge,GroupsFixed,2025-12-01,24,24,0.023697158586131195,0.42722762715406704,-0.40353046856793584
1,Ridge,GroupsFixed,2026-01-01,24,24,-0.6078550696468028,-0.8506260643726028,-0.2427709947258
1,Ridge,GroupsFixed,2026-02-01,24,24,-0.24945962948905276,-0.28854871329665743,-0.039089083807604674
1,Ridge,GroupsFixed,2026-03-01,24,24,0.17563996131009674,0.2263589728410106,-0.05071901153091385
1,Ridge,GroupsFixed,2026-04-01,24,24,0.8227150608685179,0.7505112058824355,0.0722038549860824
1,Ridge,GroupsFixed,2026-05-01,24,24,0.32505420858630885,0.17509004773328724,0.1499641608530216
1,Ridge,GroupsFixed,2026-06-01,24,24,-1.0294909707675828,-0.7340607700694574,0.2954302006981254
1,Ridge,GroupsFixed,2026-07-01,24,24,0.1461776044591545,-0.33050970598416235,-0.18433210152500784
1,Ridge,GroupsDated,2024-08-01,24,24,0.010534832337924627,0.21788366091123923,-0.2073488285733146
1,Ridge,GroupsDated,2024-09-01,24,24,-0.12814750158511856,-0.44988909068868643,-0.32174158910356787
1,Ridge,GroupsDated,2024-10-01,24,24,-0.45742628597942314,-0.5006888303788609,-0.043262544399437775
1,Ridge,GroupsDated,2024-11-01,24,24,-0.892461594689749,-0.8442211932593391,0.04824040143040986
1,Ridge,GroupsDated,2024-12-01,24,24,0.4314984125563228,-0.14162879879283963,0.2898696137634832
1,Ridge,GroupsDated,2025-01-01,24,24,0.17694589296706908,-0.05514497207641045,0.12180092089065864
1,Ridge,GroupsDated,2025-02-01,24,24,-0.8042696424575126,-0.6711814368931267,0.13308820556438594
1,Ridge,GroupsDated,2025-03-01,24,24,-0.14865028948442216,-0.10589605078828124,0.04275423869614092
1,Ridge,GroupsDated,2025-04-01,24,24,0.36912572904506646,0.03666658978891235,0.3324591392561541
1,Ridge,GroupsDated,2025-05-01,24,24,0.5469797017547222,0.5058607491387649,0.04111895261595733
1,Ridge,GroupsDated,2025-06-01,24,24,0.055009854317333406,0.31037741102727157,-0.25536755670993816
1,Ridge,GroupsDated,2025-07-01,24,24,-0.4446481224601797,-0.11112029378822202,0.3335278286719577
1,Ridge,GroupsDated,2025-08-01,24,24,0.39810021919093685,0.8008286529093198,-0.40272843371838296
1,Ridge,GroupsDated,2025-09-01,24,24,-0.6003137435213262,-0.7364241446014588,-0.13611040108013261
1,Ridge,GroupsDated,2025-10-01,24,24,0.04846178145515978,0.07620040446258713,-0.027738623007427354
1,Ridge,GroupsDated,2025-11-01,24,24,0.3338499551578451,0.48126061507325546,-0.14741065991541036
1,Ridge,GroupsDated,2025-12-01,24,24,0.023697158586131195,0.3714784910375941,-0.3477813324514629
1,Ridge,GroupsDated,2026-01-01,24,24,-0.6078550696468028,-0.8866536508573574,-0.27879858121055456
1,Ridge,GroupsDated,2026-02-01,24,24,-0.24945962948905276,-0.26974230563863355,-0.02028267614958079
1,Ridge,GroupsDated,2026-03-01,24,24,0.17563996131009674,0.25587603576489937,-0.08023607445480263
1,Ridge,GroupsDated,2026-04-01,24,24,0.8227150608685179,0.7446710703317053,0.07804399053681255
1,Ridge,GroupsDated,2026-05-01,24,24,0.32505420858630885,0.16358190277820378,0.16147230580810507
1,Ridge,GroupsDated,2026-06-01,24,24,-1.0294909707675828,-0.7341639715048913,0.29532699926269146
1,Ridge,GroupsDated,2026-07-01,24,24,0.1461776044591545,-0.2763779827447659,-0.13020037828561137
1,Huber,Ridge,2024-08-01,24,24,-0.010722811326843384,0.010534832337924627,0.00018797898891875775
1,Huber,Ridge,2024-09-01,24,24,-0.15127140895228308,-0.12814750158511856,0.02312390736716452
1,Huber,Ridge,2024-10-01,24,24,-0.4607828987570173,-0.45742628597942314,0.003356612777594137
1,Huber,Ridge,2024-11-01,24,24,-0.9351277576874537,-0.892461594689749,0.04266616299770476
1,Huber,Ridge,2024-12-01,24,24,0.33717085649078626,0.4314984125563228,-0.09432755606553656
1,Huber,Ridge,2025-01-01,24,24,0.18323589053740363,0.17694589296706908,0.006289997570334549
1,Huber,Ridge,2025-02-01,24,24,-0.6706243572502188,-0.8042696424575126,-0.1336452852072938
1,Huber,Ridge,2025-03-01,24,24,-0.12545608247035034,-0.14865028948442216,-0.02319420701407182
1,Huber,Ridge,2025-04-01,24,24,0.4153875809224701,0.36912572904506646,0.046261851877403615
1,Huber,Ridge,2025-05-01,24,24,0.5469980983768039,0.5469797017547222,1.839662208169557e-05
1,Huber,Ridge,2025-06-01,24,24,0.03229069227610637,0.055009854317333406,-0.022719162041227037
1,Huber,Ridge,2025-07-01,24,24,-0.3507590533085363,-0.4446481224601797,-0.09388906915164341
1,Huber,Ridge,2025-08-01,24,24,0.4758510219698593,0.39810021919093685,0.07775080277892243
1,Huber,Ridge,2025-09-01,24,24,-0.5926685301522383,-0.6003137435213262,-0.007645213369087855
1,Huber,Ridge,2025-10-01,24,24,0.04322852017148193,0.04846178145515978,-0.005233261283677848
1,Huber,Ridge,2025-11-01,24,24,0.28456972568250194,0.3338499551578451,-0.04928022947534316
1,Huber,Ridge,2025-12-01,24,24,0.026409459671640434,0.023697158586131195,0.002712301085509239
1,Huber,Ridge,2026-01-01,24,24,-0.6083002726162761,-0.6078550696468028,0.0004452029694732573
1,Huber,Ridge,2026-02-01,24,24,-0.36631131555235186,-0.24945962948905276,0.1168516860632991
1,Huber,Ridge,2026-03-01,24,24,0.20182310736899467,0.17563996131009674,0.026183146058897933
1,Huber,Ridge,2026-04-01,24,24,0.7599688955821904,0.8227150608685179,-0.06274616528632748
1,Huber,Ridge,2026-05-01,24,24,0.3110543073435821,0.32505420858630885,-0.013999901242726764
1,Huber,Ridge,2026-06-01,24,24,-1.0669420892676413,-1.0294909707675828,0.037451118500058556
1,Huber,Ridge,2026-07-01,24,24,0.1490036062327107,0.1461776044591545,0.002826001773556186
1,Huber,SeasonalNaive,2024-08-01,24,24,-0.010722811326843384,-0.1599999999999966,-0.1492771886731532
1,Huber,SeasonalNaive,2024-09-01,24,24,-0.15127140895228308,1.1299999999999955,-0.9787285910477124
1,Huber,SeasonalNaive,2024-10-01,24,24,-0.4607828987570173,-0.5600000000000023,-0.099217101242985
1,Huber,SeasonalNaive,2024-11-01,24,24,-0.9351277576874537,-0.7600000000000051,0.1751277576874486
1,Huber,SeasonalNaive,2024-12-01,24,24,0.33717085649078626,-0.6199999999999903,-0.2828291435092041
1,Huber,SeasonalNaive,2025-01-01,24,24,0.18323589053740363,0.030000000000001137,0.1532358905374025
1,Huber,SeasonalNaive,2025-02-01,24,24,-0.6706243572502188,-0.8100000000000023,-0.13937564274978342
1,Huber,SeasonalNaive,2025-03-01,24,24,-0.12545608247035034,-0.28000000000000114,-0.1545439175296508
1,Huber,SeasonalNaive,2025-04-01,24,24,0.4153875809224701,-0.15000000000000568,0.2653875809224644
1,Huber,SeasonalNaive,2025-05-01,24,24,0.5469980983768039,1.009999999999991,-0.463001901623187
1,Huber,SeasonalNaive,2025-06-01,24,24,0.03229069227610637,0.22000000000001307,-0.1877093077239067
1,Huber,SeasonalNaive,2025-07-01,24,24,-0.3507590533085363,0.7099999999999937,-0.35924094669145745
1,Huber,SeasonalNaive,2025-08-01,24,24,0.4758510219698593,0.6599999999999966,-0.1841489780301373
1,Huber,SeasonalNaive,2025-09-01,24,24,-0.5926685301522383,-0.37999999999999545,0.21266853015224285
1,Huber,SeasonalNaive,2025-10-01,24,24,0.04322852017148193,0.4899999999999949,-0.44677147982851295
1,Huber,SeasonalNaive,2025-11-01,24,24,0.28456972568250194,1.3499999999999943,-1.0654302743174924
1,Huber,SeasonalNaive,2025-12-01,24,24,0.026409459671640434,0.6199999999999903,-0.5935905403283499
1,Huber,SeasonalNaive,2026-01-01,24,24,-0.6083002726162761,-0.7299999999999898,-0.12169972738371371
1,Huber,SeasonalNaive,2026-02-01,24,24,-0.36631131555235186,0.2400000000000091,0.12631131555234276
1,Huber,SeasonalNaive,2026-03-01,24,24,0.20182310736899467,0.269999999999996,-0.06817689263100135
1,Huber,SeasonalNaive,2026-04-01,24,24,0.7599688955821904,0.8100000000000023,-0.05003110441781189
1,Huber,SeasonalNaive,2026-05-01,24,24,0.3110543073435821,-0.1599999999999966,0.1510543073435855
1,Huber,SeasonalNaive,2026-06-01,24,24,-1.0669420892676413,-1.1000000000000085,-0.03305791073236719
1,Huber,SeasonalNaive,2026-07-01,24,24,0.1490036062327107,-0.45999999999999375,-0.31099639376728305
1,Huber,Micro,2024-08-01,24,24,-0.010722811326843384,0.18583689421154603,-0.17511408288470265
1,Huber,Micro,2024-09-01,24,24,-0.15127140895228308,-0.28354040110563306,-0.13226899215334997
1,Huber,Micro,2024-10-01,24,24,-0.4607828987570173,-0.4475691896953107,0.013213709061706602
1,Huber,Micro,2024-11-01,24,24,-0.9351277576874537,-0.799222355727434,0.13590540196001966
1,Huber,Micro,2024-12-01,24,24,0.33717085649078626,-0.16244744065736394,0.17472341583342232
1,Huber,Micro,2025-01-01,24,24,0.18323589053740363,-0.06655494198363343,0.1166809485537702
1,Huber,Micro,2025-02-01,24,24,-0.6706243572502188,-0.6314981506068399,0.03912620664337896
1,Huber,Micro,2025-03-01,24,24,-0.12545608247035034,-0.053570351575272346,0.07188573089507799
1,Huber,Micro,2025-04-01,24,24,0.4153875809224701,0.08528632437420214,0.33010125654826794
1,Huber,Micro,2025-05-01,24,24,0.5469980983768039,0.6463432371809437,-0.09934513880413975
1,Huber,Micro,2025-06-01,24,24,0.03229069227610637,0.40109261263964435,-0.368801920363538
1,Huber,Micro,2025-07-01,24,24,-0.3507590533085363,-0.023845867928731224,0.32691318537980507
1,Huber,Micro,2025-08-01,24,24,0.4758510219698593,0.8722340620638094,-0.3963830400939501
1,Huber,Micro,2025-09-01,24,24,-0.5926685301522383,-0.5479242417670475,0.044744288385190845
1,Huber,Micro,2025-10-01,24,24,0.04322852017148193,0.22376651566661976,-0.18053799549513783
1,Huber,Micro,2025-11-01,24,24,0.28456972568250194,0.5890425401434743,-0.3044728144609724
1,Huber,Micro,2025-12-01,24,24,0.026409459671640434,0.4545153480200589,-0.42810588834841845
1,Huber,Micro,2026-01-01,24,24,-0.6083002726162761,-0.7598814111532413,-0.1515811385369652
1,Huber,Micro,2026-02-01,24,24,-0.36631131555235186,-0.2357492171756036,0.13056209837674826
1,Huber,Micro,2026-03-01,24,24,0.20182310736899467,0.32856696468775803,-0.12674385731876336
1,Huber,Micro,2026-04-01,24,24,0.7599688955821904,0.8933305633715384,-0.133361667789348
1,Huber,Micro,2026-05-01,24,24,0.3110543073435821,0.31352201176172617,-0.00246770441814409
1,Huber,Micro,2026-06-01,24,24,-1.0669420892676413,-0.6545162688759948,0.41242582039164655
1,Huber,Micro,2026-07-01,24,24,0.1490036062327107,-0.1887363742085203,-0.0397327679758096
1,Huber,GroupsFixed,2024-08-01,24,24,-0.010722811326843384,0.23362743026989724,-0.22290461894305386
1,Huber,GroupsFixed,2024-09-01,24,24,-0.15127140895228308,-0.43845958090250287,-0.2871881719502198
1,Huber,GroupsFixed,2024-10-01,24,24,-0.4607828987570173,-0.48874849678157073,-0.02796559802455345
1,Huber,GroupsFixed,2024-11-01,24,24,-0.9351277576874537,-0.843215477434377,0.09191228025307674
1,Huber,GroupsFixed,2024-12-01,24,24,0.33717085649078626,-0.15904477323393518,0.1781260832568511
1,Huber,GroupsFixed,2025-01-01,24,24,0.18323589053740363,-0.08282154963843258,0.10041434089897106
1,Huber,GroupsFixed,2025-02-01,24,24,-0.6706243572502188,-0.6744787913484572,-0.0038544340982383796
1,Huber,GroupsFixed,2025-03-01,24,24,-0.12545608247035034,-0.11452804901947,0.010928033450880337
1,Huber,GroupsFixed,2025-04-01,24,24,0.4153875809224701,0.026216845803819,0.3891707351186511
1,Huber,GroupsFixed,2025-05-01,24,24,0.5469980983768039,0.501310731392328,0.04568736698447595
1,Huber,GroupsFixed,2025-06-01,24,24,0.03229069227610637,0.3110265619813182,-0.2787358697052118
1,Huber,GroupsFixed,2025-07-01,24,24,-0.3507590533085363,-0.12726345387359983,0.22349559943493646
1,Huber,GroupsFixed,2025-08-01,24,24,0.4758510219698593,0.7842150400304845,-0.3083640180606252
1,Huber,GroupsFixed,2025-09-01,24,24,-0.5926685301522383,-0.7599730405593916,-0.16730451040715333
1,Huber,GroupsFixed,2025-10-01,24,24,0.04322852017148193,0.1223745145122711,-0.07914599434078917
1,Huber,GroupsFixed,2025-11-01,24,24,0.28456972568250194,0.5412472213145224,-0.25667749563202047
1,Huber,GroupsFixed,2025-12-01,24,24,0.026409459671640434,0.42722762715406704,-0.4008181674824266
1,Huber,GroupsFixed,2026-01-01,24,24,-0.6083002726162761,-0.8506260643726028,-0.24232579175632674
1,Huber,GroupsFixed,2026-02-01,24,24,-0.36631131555235186,-0.28854871329665743,0.07776260225569442
1,Huber,GroupsFixed,2026-03-01,24,24,0.20182310736899467,0.2263589728410106,-0.024535865472015916
1,Huber,GroupsFixed,2026-04-01,24,24,0.7599688955821904,0.7505112058824355,0.009457689699754912
1,Huber,GroupsFixed,2026-05-01,24,24,0.3110543073435821,0.17509004773328724,0.13596425961029485
1,Huber,GroupsFixed,2026-06-01,24,24,-1.0669420892676413,-0.7340607700694574,0.332881319198184
1,Huber,GroupsFixed,2026-07-01,24,24,0.1490036062327107,-0.33050970598416235,-0.18150609975145165
1,Huber,GroupsDated,2024-08-01,24,24,-0.010722811326843384,0.21788366091123923,-0.20716084958439585
1,Huber,GroupsDated,2024-09-01,24,24,-0.15127140895228308,-0.44988909068868643,-0.29861768173640335
1,Huber,GroupsDated,2024-10-01,24,24,-0.4607828987570173,-0.5006888303788609,-0.03990593162184364
1,Huber,GroupsDated,2024-11-01,24,24,-0.9351277576874537,-0.8442211932593391,0.09090656442811462
1,Huber,GroupsDated,2024-12-01,24,24,0.33717085649078626,-0.14162879879283963,0.19554205769794664
1,Huber,GroupsDated,2025-01-01,24,24,0.18323589053740363,-0.05514497207641045,0.1280909184609932
1,Huber,GroupsDated,2025-02-01,24,24,-0.6706243572502188,-0.6711814368931267,-0.0005570796429078539
1,Huber,GroupsDated,2025-03-01,24,24,-0.12545608247035034,-0.10589605078828124,0.0195600316820691
1,Huber,GroupsDated,2025-04-01,24,24,0.4153875809224701,0.03666658978891235,0.3787209911335577
1,Huber,GroupsDated,2025-05-01,24,24,0.5469980983768039,0.5058607491387649,0.04113734923803902
1,Huber,GroupsDated,2025-06-01,24,24,0.03229069227610637,0.31037741102727157,-0.2780867187511652
1,Huber,GroupsDated,2025-07-01,24,24,-0.3507590533085363,-0.11112029378822202,0.23963875952031427
1,Huber,GroupsDated,2025-08-01,24,24,0.4758510219698593,0.8008286529093198,-0.3249776309394605
1,Huber,GroupsDated,2025-09-01,24,24,-0.5926685301522383,-0.7364241446014588,-0.14375561444922047
1,Huber,GroupsDated,2025-10-01,24,24,0.04322852017148193,0.07620040446258713,-0.0329718842911052
1,Huber,GroupsDated,2025-11-01,24,24,0.28456972568250194,0.48126061507325546,-0.19669088939075352
1,Huber,GroupsDated,2025-12-01,24,24,0.026409459671640434,0.3714784910375941,-0.3450690313659537
1,Huber,GroupsDated,2026-01-01,24,24,-0.6083002726162761,-0.8866536508573574,-0.2783533782410813
1,Huber,GroupsDated,2026-02-01,24,24,-0.36631131555235186,-0.26974230563863355,0.0965690099137183
1,Huber,GroupsDated,2026-03-01,24,24,0.20182310736899467,0.25587603576489937,-0.0540529283959047
1,Huber,GroupsDated,2026-04-01,24,24,0.7599688955821904,0.7446710703317053,0.015297825250485064
1,Huber,GroupsDated,2026-05-01,24,24,0.3110543073435821,0.16358190277820378,0.1474724045653783
1,Huber,GroupsDated,2026-06-01,24,24,-1.0669420892676413,-0.7341639715048913,0.33277811776275
1,Huber,GroupsDated,2026-07-01,24,24,0.1490036062327107,-0.2763779827447659,-0.1273743765120552
1,SeasonalNaive,Ridge,2024-08-01,24,24,-0.1599999999999966,0.010534832337924627,0.14946516766207196
1,SeasonalNaive,Ridge,2024-09-01,24,24,1.1299999999999955,-0.12814750158511856,1.001852498414877
1,SeasonalNaive,Ridge,2024-10-01,24,24,-0.5600000000000023,-0.45742628597942314,0.10257371402057913
1,SeasonalNaive,Ridge,2024-11-01,24,24,-0.7600000000000051,-0.892461594689749,-0.13246159468974383
1,SeasonalNaive,Ridge,2024-12-01,24,24,-0.6199999999999903,0.4314984125563228,0.18850158744366752
1,SeasonalNaive,Ridge,2025-01-01,24,24,0.030000000000001137,0.17694589296706908,-0.14694589296706795
1,SeasonalNaive,Ridge,2025-02-01,24,24,-0.8100000000000023,-0.8042696424575126,0.005730357542489628
1,SeasonalNaive,Ridge,2025-03-01,24,24,-0.28000000000000114,-0.14865028948442216,0.13134971051557898
1,SeasonalNaive,Ridge,2025-04-01,24,24,-0.15000000000000568,0.36912572904506646,-0.21912572904506078
1,SeasonalNaive,Ridge,2025-05-01,24,24,1.009999999999991,0.5469797017547222,0.4630202982452687
1,SeasonalNaive,Ridge,2025-06-01,24,24,0.22000000000001307,0.055009854317333406,0.16499014568267967
1,SeasonalNaive,Ridge,2025-07-01,24,24,0.7099999999999937,-0.4446481224601797,0.26535187753981404
1,SeasonalNaive,Ridge,2025-08-01,24,24,0.6599999999999966,0.39810021919093685,0.26189978080905973
1,SeasonalNaive,Ridge,2025-09-01,24,24,-0.37999999999999545,-0.6003137435213262,-0.2203137435213307
1,SeasonalNaive,Ridge,2025-10-01,24,24,0.4899999999999949,0.04846178145515978,0.4415382185448351
1,SeasonalNaive,Ridge,2025-11-01,24,24,1.3499999999999943,0.3338499551578451,1.0161500448421492
1,SeasonalNaive,Ridge,2025-12-01,24,24,0.6199999999999903,0.023697158586131195,0.5963028414138591
1,SeasonalNaive,Ridge,2026-01-01,24,24,-0.7299999999999898,-0.6078550696468028,0.12214493035318696
1,SeasonalNaive,Ridge,2026-02-01,24,24,0.2400000000000091,-0.24945962948905276,-0.009459629489043664
1,SeasonalNaive,Ridge,2026-03-01,24,24,0.269999999999996,0.17563996131009674,0.09436003868989928
1,SeasonalNaive,Ridge,2026-04-01,24,24,0.8100000000000023,0.8227150608685179,-0.012715060868515593
1,SeasonalNaive,Ridge,2026-05-01,24,24,-0.1599999999999966,0.32505420858630885,-0.16505420858631226
1,SeasonalNaive,Ridge,2026-06-01,24,24,-1.1000000000000085,-1.0294909707675828,0.07050902923242575
1,SeasonalNaive,Ridge,2026-07-01,24,24,-0.45999999999999375,0.1461776044591545,0.31382239554083924
1,SeasonalNaive,Huber,2024-08-01,24,24,-0.1599999999999966,-0.010722811326843384,0.1492771886731532
1,SeasonalNaive,Huber,2024-09-01,24,24,1.1299999999999955,-0.15127140895228308,0.9787285910477124
1,SeasonalNaive,Huber,2024-10-01,24,24,-0.5600000000000023,-0.4607828987570173,0.099217101242985
1,SeasonalNaive,Huber,2024-11-01,24,24,-0.7600000000000051,-0.9351277576874537,-0.1751277576874486
1,SeasonalNaive,Huber,2024-12-01,24,24,-0.6199999999999903,0.33717085649078626,0.2828291435092041
1,SeasonalNaive,Huber,2025-01-01,24,24,0.030000000000001137,0.18323589053740363,-0.1532358905374025
1,SeasonalNaive,Huber,2025-02-01,24,24,-0.8100000000000023,-0.6706243572502188,0.13937564274978342
1,SeasonalNaive,Huber,2025-03-01,24,24,-0.28000000000000114,-0.12545608247035034,0.1545439175296508
1,SeasonalNaive,Huber,2025-04-01,24,24,-0.15000000000000568,0.4153875809224701,-0.2653875809224644
1,SeasonalNaive,Huber,2025-05-01,24,24,1.009999999999991,0.5469980983768039,0.463001901623187
1,SeasonalNaive,Huber,2025-06-01,24,24,0.22000000000001307,0.03229069227610637,0.1877093077239067
1,SeasonalNaive,Huber,2025-07-01,24,24,0.7099999999999937,-0.3507590533085363,0.35924094669145745
1,SeasonalNaive,Huber,2025-08-01,24,24,0.6599999999999966,0.4758510219698593,0.1841489780301373
1,SeasonalNaive,Huber,2025-09-01,24,24,-0.37999999999999545,-0.5926685301522383,-0.21266853015224285
1,SeasonalNaive,Huber,2025-10-01,24,24,0.4899999999999949,0.04322852017148193,0.44677147982851295
1,SeasonalNaive,Huber,2025-11-01,24,24,1.3499999999999943,0.28456972568250194,1.0654302743174924
1,SeasonalNaive,Huber,2025-12-01,24,24,0.6199999999999903,0.026409459671640434,0.5935905403283499
1,SeasonalNaive,Huber,2026-01-01,24,24,-0.7299999999999898,-0.6083002726162761,0.12169972738371371
1,SeasonalNaive,Huber,2026-02-01,24,24,0.2400000000000091,-0.36631131555235186,-0.12631131555234276
1,SeasonalNaive,Huber,2026-03-01,24,24,0.269999999999996,0.20182310736899467,0.06817689263100135
1,SeasonalNaive,Huber,2026-04-01,24,24,0.8100000000000023,0.7599688955821904,0.05003110441781189
1,SeasonalNaive,Huber,2026-05-01,24,24,-0.1599999999999966,0.3110543073435821,-0.1510543073435855
1,SeasonalNaive,Huber,2026-06-01,24,24,-1.1000000000000085,-1.0669420892676413,0.03305791073236719
1,SeasonalNaive,Huber,2026-07-01,24,24,-0.45999999999999375,0.1490036062327107,0.31099639376728305
1,SeasonalNaive,Micro,2024-08-01,24,24,-0.1599999999999966,0.18583689421154603,-0.025836894211549444
1,SeasonalNaive,Micro,2024-09-01,24,24,1.1299999999999955,-0.28354040110563306,0.8464595988943624
1,SeasonalNaive,Micro,2024-10-01,24,24,-0.5600000000000023,-0.4475691896953107,0.1124308103046916
1,SeasonalNaive,Micro,2024-11-01,24,24,-0.7600000000000051,-0.799222355727434,-0.03922235572742894
1,SeasonalNaive,Micro,2024-12-01,24,24,-0.6199999999999903,-0.16244744065736394,0.4575525593426264
1,SeasonalNaive,Micro,2025-01-01,24,24,0.030000000000001137,-0.06655494198363343,-0.036554941983632294
1,SeasonalNaive,Micro,2025-02-01,24,24,-0.8100000000000023,-0.6314981506068399,0.17850184939316238
1,SeasonalNaive,Micro,2025-03-01,24,24,-0.28000000000000114,-0.053570351575272346,0.2264296484247288
1,SeasonalNaive,Micro,2025-04-01,24,24,-0.15000000000000568,0.08528632437420214,0.06471367562580355
1,SeasonalNaive,Micro,2025-05-01,24,24,1.009999999999991,0.6463432371809437,0.36365676281904724
1,SeasonalNaive,Micro,2025-06-01,24,24,0.22000000000001307,0.40109261263964435,-0.18109261263963128
1,SeasonalNaive,Micro,2025-07-01,24,24,0.7099999999999937,-0.023845867928731224,0.6861541320712625
1,SeasonalNaive,Micro,2025-08-01,24,24,0.6599999999999966,0.8722340620638094,-0.2122340620638128
1,SeasonalNaive,Micro,2025-09-01,24,24,-0.37999999999999545,-0.5479242417670475,-0.167924241767052
1,SeasonalNaive,Micro,2025-10-01,24,24,0.4899999999999949,0.22376651566661976,0.2662334843333751
1,SeasonalNaive,Micro,2025-11-01,24,24,1.3499999999999943,0.5890425401434743,0.76095745985652
1,SeasonalNaive,Micro,2025-12-01,24,24,0.6199999999999903,0.4545153480200589,0.16548465197993145
1,SeasonalNaive,Micro,2026-01-01,24,24,-0.7299999999999898,-0.7598814111532413,-0.02988141115325149
1,SeasonalNaive,Micro,2026-02-01,24,24,0.2400000000000091,-0.2357492171756036,0.004250782824405497
1,SeasonalNaive,Micro,2026-03-01,24,24,0.269999999999996,0.32856696468775803,-0.05856696468776201
1,SeasonalNaive,Micro,2026-04-01,24,24,0.8100000000000023,0.8933305633715384,-0.0833305633715361
1,SeasonalNaive,Micro,2026-05-01,24,24,-0.1599999999999966,0.31352201176172617,-0.15352201176172958
1,SeasonalNaive,Micro,2026-06-01,24,24,-1.1000000000000085,-0.6545162688759948,0.44548373112401374
1,SeasonalNaive,Micro,2026-07-01,24,24,-0.45999999999999375,-0.1887363742085203,0.27126362579147345
1,SeasonalNaive,GroupsFixed,2024-08-01,24,24,-0.1599999999999966,0.23362743026989724,-0.07362743026990065
1,SeasonalNaive,GroupsFixed,2024-09-01,24,24,1.1299999999999955,-0.43845958090250287,0.6915404190974925
1,SeasonalNaive,GroupsFixed,2024-10-01,24,24,-0.5600000000000023,-0.48874849678157073,0.07125150321843154
1,SeasonalNaive,GroupsFixed,2024-11-01,24,24,-0.7600000000000051,-0.843215477434377,-0.08321547743437185
1,SeasonalNaive,GroupsFixed,2024-12-01,24,24,-0.6199999999999903,-0.15904477323393518,0.46095522676605516
1,SeasonalNaive,GroupsFixed,2025-01-01,24,24,0.030000000000001137,-0.08282154963843258,-0.05282154963843144
1,SeasonalNaive,GroupsFixed,2025-02-01,24,24,-0.8100000000000023,-0.6744787913484572,0.13552120865154504
1,SeasonalNaive,GroupsFixed,2025-03-01,24,24,-0.28000000000000114,-0.11452804901947,0.16547195098053114
1,SeasonalNaive,GroupsFixed,2025-04-01,24,24,-0.15000000000000568,0.026216845803819,0.12378315419618668
1,SeasonalNaive,GroupsFixed,2025-05-01,24,24,1.009999999999991,0.501310731392328,0.508689268607663
1,SeasonalNaive,GroupsFixed,2025-06-01,24,24,0.22000000000001307,0.3110265619813182,-0.0910265619813051
1,SeasonalNaive,GroupsFixed,2025-07-01,24,24,0.7099999999999937,-0.12726345387359983,0.5827365461263939
1,SeasonalNaive,GroupsFixed,2025-08-01,24,24,0.6599999999999966,0.7842150400304845,-0.12421504003048789
1,SeasonalNaive,GroupsFixed,2025-09-01,24,24,-0.37999999999999545,-0.7599730405593916,-0.3799730405593962
1,SeasonalNaive,GroupsFixed,2025-10-01,24,24,0.4899999999999949,0.1223745145122711,0.3676254854877238
1,SeasonalNaive,GroupsFixed,2025-11-01,24,24,1.3499999999999943,0.5412472213145224,0.8087527786854719
1,SeasonalNaive,GroupsFixed,2025-12-01,24,24,0.6199999999999903,0.42722762715406704,0.1927723728459233
1,SeasonalNaive,GroupsFixed,2026-01-01,24,24,-0.7299999999999898,-0.8506260643726028,-0.12062606437261303
1,SeasonalNaive,GroupsFixed,2026-02-01,24,24,0.2400000000000091,-0.28854871329665743,-0.04854871329664834
1,SeasonalNaive,GroupsFixed,2026-03-01,24,24,0.269999999999996,0.2263589728410106,0.043641027158985435
1,SeasonalNaive,GroupsFixed,2026-04-01,24,24,0.8100000000000023,0.7505112058824355,0.0594887941175668
1,SeasonalNaive,GroupsFixed,2026-05-01,24,24,-0.1599999999999966,0.17509004773328724,-0.015090047733290646
1,SeasonalNaive,GroupsFixed,2026-06-01,24,24,-1.1000000000000085,-0.7340607700694574,0.36593922993055117
1,SeasonalNaive,GroupsFixed,2026-07-01,24,24,-0.45999999999999375,-0.33050970598416235,0.1294902940158314
1,SeasonalNaive,GroupsDated,2024-08-01,24,24,-0.1599999999999966,0.21788366091123923,-0.05788366091124264
1,SeasonalNaive,GroupsDated,2024-09-01,24,24,1.1299999999999955,-0.44988909068868643,0.680110909311309
1,SeasonalNaive,GroupsDated,2024-10-01,24,24,-0.5600000000000023,-0.5006888303788609,0.05931116962114136
1,SeasonalNaive,GroupsDated,2024-11-01,24,24,-0.7600000000000051,-0.8442211932593391,-0.08422119325933397
1,SeasonalNaive,GroupsDated,2024-12-01,24,24,-0.6199999999999903,-0.14162879879283963,0.4783712012071507
1,SeasonalNaive,GroupsDated,2025-01-01,24,24,0.030000000000001137,-0.05514497207641045,-0.02514497207640931
1,SeasonalNaive,GroupsDated,2025-02-01,24,24,-0.8100000000000023,-0.6711814368931267,0.13881856310687557
1,SeasonalNaive,GroupsDated,2025-03-01,24,24,-0.28000000000000114,-0.10589605078828124,0.1741039492117199
1,SeasonalNaive,GroupsDated,2025-04-01,24,24,-0.15000000000000568,0.03666658978891235,0.11333341021109333
1,SeasonalNaive,GroupsDated,2025-05-01,24,24,1.009999999999991,0.5058607491387649,0.504139250861226
1,SeasonalNaive,GroupsDated,2025-06-01,24,24,0.22000000000001307,0.31037741102727157,-0.09037741102725849
1,SeasonalNaive,GroupsDated,2025-07-01,24,24,0.7099999999999937,-0.11112029378822202,0.5988797062117717
1,SeasonalNaive,GroupsDated,2025-08-01,24,24,0.6599999999999966,0.8008286529093198,-0.14082865290932323
1,SeasonalNaive,GroupsDated,2025-09-01,24,24,-0.37999999999999545,-0.7364241446014588,-0.3564241446014633
1,SeasonalNaive,GroupsDated,2025-10-01,24,24,0.4899999999999949,0.07620040446258713,0.41379959553740775
1,SeasonalNaive,GroupsDated,2025-11-01,24,24,1.3499999999999943,0.48126061507325546,0.8687393849267389
1,SeasonalNaive,GroupsDated,2025-12-01,24,24,0.6199999999999903,0.3714784910375941,0.24852150896239622
1,SeasonalNaive,GroupsDated,2026-01-01,24,24,-0.7299999999999898,-0.8866536508573574,-0.1566536508573676
1,SeasonalNaive,GroupsDated,2026-02-01,24,24,0.2400000000000091,-0.26974230563863355,-0.029742305638624456
1,SeasonalNaive,GroupsDated,2026-03-01,24,24,0.269999999999996,0.25587603576489937,0.014123964235096653
1,SeasonalNaive,GroupsDated,2026-04-01,24,24,0.8100000000000023,0.7446710703317053,0.06532892966829695
1,SeasonalNaive,GroupsDated,2026-05-01,24,24,-0.1599999999999966,0.16358190277820378,-0.003581902778207191
1,SeasonalNaive,GroupsDated,2026-06-01,24,24,-1.1000000000000085,-0.7341639715048913,0.3658360284951172
1,SeasonalNaive,GroupsDated,2026-07-01,24,24,-0.45999999999999375,-0.2763779827447659,0.18362201725522787
1,Micro,Ridge,2024-08-01,24,24,0.18583689421154603,0.010534832337924627,0.1753020618736214
1,Micro,Ridge,2024-09-01,24,24,-0.28354040110563306,-0.12814750158511856,0.1553928995205145
1,Micro,Ridge,2024-10-01,24,24,-0.4475691896953107,-0.45742628597942314,-0.009857096284112465
1,Micro,Ridge,2024-11-01,24,24,-0.799222355727434,-0.892461594689749,-0.0932392389623149
1,Micro,Ridge,2024-12-01,24,24,-0.16244744065736394,0.4314984125563228,-0.2690509718989589
1,Micro,Ridge,2025-01-01,24,24,-0.06655494198363343,0.17694589296706908,-0.11039095098343565
1,Micro,Ridge,2025-02-01,24,24,-0.6314981506068399,-0.8042696424575126,-0.17277149185067275
1,Micro,Ridge,2025-03-01,24,24,-0.053570351575272346,-0.14865028948442216,-0.09507993790914981
1,Micro,Ridge,2025-04-01,24,24,0.08528632437420214,0.36912572904506646,-0.2838394046708643
1,Micro,Ridge,2025-05-01,24,24,0.6463432371809437,0.5469797017547222,0.09936353542622145
1,Micro,Ridge,2025-06-01,24,24,0.40109261263964435,0.055009854317333406,0.34608275832231095
1,Micro,Ridge,2025-07-01,24,24,-0.023845867928731224,-0.4446481224601797,-0.4208022545314485
1,Micro,Ridge,2025-08-01,24,24,0.8722340620638094,0.39810021919093685,0.4741338428728725
1,Micro,Ridge,2025-09-01,24,24,-0.5479242417670475,-0.6003137435213262,-0.0523895017542787
1,Micro,Ridge,2025-10-01,24,24,0.22376651566661976,0.04846178145515978,0.17530473421145998
1,Micro,Ridge,2025-11-01,24,24,0.5890425401434743,0.3338499551578451,0.25519258498562924
1,Micro,Ridge,2025-12-01,24,24,0.4545153480200589,0.023697158586131195,0.4308181894339277
1,Micro,Ridge,2026-01-01,24,24,-0.7598814111532413,-0.6078550696468028,0.15202634150643846
1,Micro,Ridge,2026-02-01,24,24,-0.2357492171756036,-0.24945962948905276,-0.01371041231344916
1,Micro,Ridge,2026-03-01,24,24,0.32856696468775803,0.17563996131009674,0.1529270033776613
1,Micro,Ridge,2026-04-01,24,24,0.8933305633715384,0.8227150608685179,0.07061550250302051
1,Micro,Ridge,2026-05-01,24,24,0.31352201176172617,0.32505420858630885,-0.011532196824582674
1,Micro,Ridge,2026-06-01,24,24,-0.6545162688759948,-1.0294909707675828,-0.374974701891588
1,Micro,Ridge,2026-07-01,24,24,-0.1887363742085203,0.1461776044591545,0.04255876974936579
1,Micro,Huber,2024-08-01,24,24,0.18583689421154603,-0.010722811326843384,0.17511408288470265
1,Micro,Huber,2024-09-01,24,24,-0.28354040110563306,-0.15127140895228308,0.13226899215334997
1,Micro,Huber,2024-10-01,24,24,-0.4475691896953107,-0.4607828987570173,-0.013213709061706602
1,Micro,Huber,2024-11-01,24,24,-0.799222355727434,-0.9351277576874537,-0.13590540196001966
1,Micro,Huber,2024-12-01,24,24,-0.16244744065736394,0.33717085649078626,-0.17472341583342232
1,Micro,Huber,2025-01-01,24,24,-0.06655494198363343,0.18323589053740363,-0.1166809485537702
1,Micro,Huber,2025-02-01,24,24,-0.6314981506068399,-0.6706243572502188,-0.03912620664337896
1,Micro,Huber,2025-03-01,24,24,-0.053570351575272346,-0.12545608247035034,-0.07188573089507799
1,Micro,Huber,2025-04-01,24,24,0.08528632437420214,0.4153875809224701,-0.33010125654826794
1,Micro,Huber,2025-05-01,24,24,0.6463432371809437,0.5469980983768039,0.09934513880413975
1,Micro,Huber,2025-06-01,24,24,0.40109261263964435,0.03229069227610637,0.368801920363538
1,Micro,Huber,2025-07-01,24,24,-0.023845867928731224,-0.3507590533085363,-0.32691318537980507
1,Micro,Huber,2025-08-01,24,24,0.8722340620638094,0.4758510219698593,0.3963830400939501
1,Micro,Huber,2025-09-01,24,24,-0.5479242417670475,-0.5926685301522383,-0.044744288385190845
1,Micro,Huber,2025-10-01,24,24,0.22376651566661976,0.04322852017148193,0.18053799549513783
1,Micro,Huber,2025-11-01,24,24,0.5890425401434743,0.28456972568250194,0.3044728144609724
1,Micro,Huber,2025-12-01,24,24,0.4545153480200589,0.026409459671640434,0.42810588834841845
1,Micro,Huber,2026-01-01,24,24,-0.7598814111532413,-0.6083002726162761,0.1515811385369652
1,Micro,Huber,2026-02-01,24,24,-0.2357492171756036,-0.36631131555235186,-0.13056209837674826
1,Micro,Huber,2026-03-01,24,24,0.32856696468775803,0.20182310736899467,0.12674385731876336
1,Micro,Huber,2026-04-01,24,24,0.8933305633715384,0.7599688955821904,0.133361667789348
1,Micro,Huber,2026-05-01,24,24,0.31352201176172617,0.3110543073435821,0.00246770441814409
1,Micro,Huber,2026-06-01,24,24,-0.6545162688759948,-1.0669420892676413,-0.41242582039164655
1,Micro,Huber,2026-07-01,24,24,-0.1887363742085203,0.1490036062327107,0.0397327679758096
1,Micro,SeasonalNaive,2024-08-01,24,24,0.18583689421154603,-0.1599999999999966,0.025836894211549444
1,Micro,SeasonalNaive,2024-09-01,24,24,-0.28354040110563306,1.1299999999999955,-0.8464595988943624
1,Micro,SeasonalNaive,2024-10-01,24,24,-0.4475691896953107,-0.5600000000000023,-0.1124308103046916
1,Micro,SeasonalNaive,2024-11-01,24,24,-0.799222355727434,-0.7600000000000051,0.03922235572742894
1,Micro,SeasonalNaive,2024-12-01,24,24,-0.16244744065736394,-0.6199999999999903,-0.4575525593426264
1,Micro,SeasonalNaive,2025-01-01,24,24,-0.06655494198363343,0.030000000000001137,0.036554941983632294
1,Micro,SeasonalNaive,2025-02-01,24,24,-0.6314981506068399,-0.8100000000000023,-0.17850184939316238
1,Micro,SeasonalNaive,2025-03-01,24,24,-0.053570351575272346,-0.28000000000000114,-0.2264296484247288
1,Micro,SeasonalNaive,2025-04-01,24,24,0.08528632437420214,-0.15000000000000568,-0.06471367562580355
1,Micro,SeasonalNaive,2025-05-01,24,24,0.6463432371809437,1.009999999999991,-0.36365676281904724
1,Micro,SeasonalNaive,2025-06-01,24,24,0.40109261263964435,0.22000000000001307,0.18109261263963128
1,Micro,SeasonalNaive,2025-07-01,24,24,-0.023845867928731224,0.7099999999999937,-0.6861541320712625
1,Micro,SeasonalNaive,2025-08-01,24,24,0.8722340620638094,0.6599999999999966,0.2122340620638128
1,Micro,SeasonalNaive,2025-09-01,24,24,-0.5479242417670475,-0.37999999999999545,0.167924241767052
1,Micro,SeasonalNaive,2025-10-01,24,24,0.22376651566661976,0.4899999999999949,-0.2662334843333751
1,Micro,SeasonalNaive,2025-11-01,24,24,0.5890425401434743,1.3499999999999943,-0.76095745985652
1,Micro,SeasonalNaive,2025-12-01,24,24,0.4545153480200589,0.6199999999999903,-0.16548465197993145
1,Micro,SeasonalNaive,2026-01-01,24,24,-0.7598814111532413,-0.7299999999999898,0.02988141115325149
1,Micro,SeasonalNaive,2026-02-01,24,24,-0.2357492171756036,0.2400000000000091,-0.004250782824405497
1,Micro,SeasonalNaive,2026-03-01,24,24,0.32856696468775803,0.269999999999996,0.05856696468776201
1,Micro,SeasonalNaive,2026-04-01,24,24,0.8933305633715384,0.8100000000000023,0.0833305633715361
1,Micro,SeasonalNaive,2026-05-01,24,24,0.31352201176172617,-0.1599999999999966,0.15352201176172958
1,Micro,SeasonalNaive,2026-06-01,24,24,-0.6545162688759948,-1.1000000000000085,-0.44548373112401374
1,Micro,SeasonalNaive,2026-07-01,24,24,-0.1887363742085203,-0.45999999999999375,-0.27126362579147345
1,Micro,GroupsFixed,2024-08-01,24,24,0.18583689421154603,0.23362743026989724,-0.04779053605835121
1,Micro,GroupsFixed,2024-09-01,24,24,-0.28354040110563306,-0.43845958090250287,-0.1549191797968698
1,Micro,GroupsFixed,2024-10-01,24,24,-0.4475691896953107,-0.48874849678157073,-0.04117930708626005
1,Micro,GroupsFixed,2024-11-01,24,24,-0.799222355727434,-0.843215477434377,-0.04399312170694292
1,Micro,GroupsFixed,2024-12-01,24,24,-0.16244744065736394,-0.15904477323393518,0.0034026674234287624
1,Micro,GroupsFixed,2025-01-01,24,24,-0.06655494198363343,-0.08282154963843258,-0.016266607654799148
1,Micro,GroupsFixed,2025-02-01,24,24,-0.6314981506068399,-0.6744787913484572,-0.04298064074161734
1,Micro,GroupsFixed,2025-03-01,24,24,-0.053570351575272346,-0.11452804901947,-0.060957697444197656
1,Micro,GroupsFixed,2025-04-01,24,24,0.08528632437420214,0.026216845803819,0.05906947857038314
1,Micro,GroupsFixed,2025-05-01,24,24,0.6463432371809437,0.501310731392328,0.1450325057886157
1,Micro,GroupsFixed,2025-06-01,24,24,0.40109261263964435,0.3110265619813182,0.09006605065832618
1,Micro,GroupsFixed,2025-07-01,24,24,-0.023845867928731224,-0.12726345387359983,-0.1034175859448686
1,Micro,GroupsFixed,2025-08-01,24,24,0.8722340620638094,0.7842150400304845,0.0880190220333249
1,Micro,GroupsFixed,2025-09-01,24,24,-0.5479242417670475,-0.7599730405593916,-0.21204879879234417
1,Micro,GroupsFixed,2025-10-01,24,24,0.22376651566661976,0.1223745145122711,0.10139200115434865
1,Micro,GroupsFixed,2025-11-01,24,24,0.5890425401434743,0.5412472213145224,0.04779531882895194
1,Micro,GroupsFixed,2025-12-01,24,24,0.4545153480200589,0.42722762715406704,0.02728772086599185
1,Micro,GroupsFixed,2026-01-01,24,24,-0.7598814111532413,-0.8506260643726028,-0.09074465321936154
1,Micro,GroupsFixed,2026-02-01,24,24,-0.2357492171756036,-0.28854871329665743,-0.052799496121053835
1,Micro,GroupsFixed,2026-03-01,24,24,0.32856696468775803,0.2263589728410106,0.10220799184674745
1,Micro,GroupsFixed,2026-04-01,24,24,0.8933305633715384,0.7505112058824355,0.1428193574891029
1,Micro,GroupsFixed,2026-05-01,24,24,0.31352201176172617,0.17509004773328724,0.13843196402843894
1,Micro,GroupsFixed,2026-06-01,24,24,-0.6545162688759948,-0.7340607700694574,-0.07954450119346257
1,Micro,GroupsFixed,2026-07-01,24,24,-0.1887363742085203,-0.33050970598416235,-0.14177333177564205
1,Micro,GroupsDated,2024-08-01,24,24,0.18583689421154603,0.21788366091123923,-0.0320467666996932
1,Micro,GroupsDated,2024-09-01,24,24,-0.28354040110563306,-0.44988909068868643,-0.16634868958305338
1,Micro,GroupsDated,2024-10-01,24,24,-0.4475691896953107,-0.5006888303788609,-0.05311964068355024
1,Micro,GroupsDated,2024-11-01,24,24,-0.799222355727434,-0.8442211932593391,-0.044998837531905034
1,Micro,GroupsDated,2024-12-01,24,24,-0.16244744065736394,-0.14162879879283963,0.020818641864524312
1,Micro,GroupsDated,2025-01-01,24,24,-0.06655494198363343,-0.05514497207641045,0.011409969907222983
1,Micro,GroupsDated,2025-02-01,24,24,-0.6314981506068399,-0.6711814368931267,-0.03968328628628681
1,Micro,GroupsDated,2025-03-01,24,24,-0.053570351575272346,-0.10589605078828124,-0.05232569921300889
1,Micro,GroupsDated,2025-04-01,24,24,0.08528632437420214,0.03666658978891235,0.04861973458528979
1,Micro,GroupsDated,2025-05-01,24,24,0.6463432371809437,0.5058607491387649,0.14048248804217878
1,Micro,GroupsDated,2025-06-01,24,24,0.40109261263964435,0.31037741102727157,0.09071520161237279
1,Micro,GroupsDated,2025-07-01,24,24,-0.023845867928731224,-0.11112029378822202,-0.0872744258594908
1,Micro,GroupsDated,2025-08-01,24,24,0.8722340620638094,0.8008286529093198,0.07140540915448956
1,Micro,GroupsDated,2025-09-01,24,24,-0.5479242417670475,-0.7364241446014588,-0.18849990283441131
1,Micro,GroupsDated,2025-10-01,24,24,0.22376651566661976,0.07620040446258713,0.14756611120403262
1,Micro,GroupsDated,2025-11-01,24,24,0.5890425401434743,0.48126061507325546,0.10778192507021889
1,Micro,GroupsDated,2025-12-01,24,24,0.4545153480200589,0.3714784910375941,0.08303685698246477
1,Micro,GroupsDated,2026-01-01,24,24,-0.7598814111532413,-0.8866536508573574,-0.1267722397041161
1,Micro,GroupsDated,2026-02-01,24,24,-0.2357492171756036,-0.26974230563863355,-0.03399308846302995
1,Micro,GroupsDated,2026-03-01,24,24,0.32856696468775803,0.25587603576489937,0.07269092892285867
1,Micro,GroupsDated,2026-04-01,24,24,0.8933305633715384,0.7446710703317053,0.14865949303983306
1,Micro,GroupsDated,2026-05-01,24,24,0.31352201176172617,0.16358190277820378,0.1499401089835224
1,Micro,GroupsDated,2026-06-01,24,24,-0.6545162688759948,-0.7341639715048913,-0.07964770262889653
1,Micro,GroupsDated,2026-07-01,24,24,-0.1887363742085203,-0.2763779827447659,-0.08764160853624559
1,GroupsFixed,Ridge,2024-08-01,24,24,0.23362743026989724,0.010534832337924627,0.2230925979319726
1,GroupsFixed,Ridge,2024-09-01,24,24,-0.43845958090250287,-0.12814750158511856,0.3103120793173843
1,GroupsFixed,Ridge,2024-10-01,24,24,-0.48874849678157073,-0.45742628597942314,0.03132221080214759
1,GroupsFixed,Ridge,2024-11-01,24,24,-0.843215477434377,-0.892461594689749,-0.04924611725537198
1,GroupsFixed,Ridge,2024-12-01,24,24,-0.15904477323393518,0.4314984125563228,-0.27245363932238764
1,GroupsFixed,Ridge,2025-01-01,24,24,-0.08282154963843258,0.17694589296706908,-0.0941243433286365
1,GroupsFixed,Ridge,2025-02-01,24,24,-0.6744787913484572,-0.8042696424575126,-0.12979085110905542
1,GroupsFixed,Ridge,2025-03-01,24,24,-0.11452804901947,-0.14865028948442216,-0.03412224046495216
1,GroupsFixed,Ridge,2025-04-01,24,24,0.026216845803819,0.36912572904506646,-0.34290888324124746
1,GroupsFixed,Ridge,2025-05-01,24,24,0.501310731392328,0.5469797017547222,-0.04566897036239426
1,GroupsFixed,Ridge,2025-06-01,24,24,0.3110265619813182,0.055009854317333406,0.25601670766398477
1,GroupsFixed,Ridge,2025-07-01,24,24,-0.12726345387359983,-0.4446481224601797,-0.3173846685865799
1,GroupsFixed,Ridge,2025-08-01,24,24,0.7842150400304845,0.39810021919093685,0.3861148208395476
1,GroupsFixed,Ridge,2025-09-01,24,24,-0.7599730405593916,-0.6003137435213262,0.15965929703806547
1,GroupsFixed,Ridge,2025-10-01,24,24,0.1223745145122711,0.04846178145515978,0.07391273305711132
1,GroupsFixed,Ridge,2025-11-01,24,24,0.5412472213145224,0.3338499551578451,0.2073972661566773
1,GroupsFixed,Ridge,2025-12-01,24,24,0.42722762715406704,0.023697158586131195,0.40353046856793584
1,GroupsFixed,Ridge,2026-01-01,24,24,-0.8506260643726028,-0.6078550696468028,0.2427709947258
1,GroupsFixed,Ridge,2026-02-01,24,24,-0.28854871329665743,-0.24945962948905276,0.039089083807604674
1,GroupsFixed,Ridge,2026-03-01,24,24,0.2263589728410106,0.17563996131009674,0.05071901153091385
1,GroupsFixed,Ridge,2026-04-01,24,24,0.7505112058824355,0.8227150608685179,-0.0722038549860824
1,GroupsFixed,Ridge,2026-05-01,24,24,0.17509004773328724,0.32505420858630885,-0.1499641608530216
1,GroupsFixed,Ridge,2026-06-01,24,24,-0.7340607700694574,-1.0294909707675828,-0.2954302006981254
1,GroupsFixed,Ridge,2026-07-01,24,24,-0.33050970598416235,0.1461776044591545,0.18433210152500784
1,GroupsFixed,Huber,2024-08-01,24,24,0.23362743026989724,-0.010722811326843384,0.22290461894305386
1,GroupsFixed,Huber,2024-09-01,24,24,-0.43845958090250287,-0.15127140895228308,0.2871881719502198
1,GroupsFixed,Huber,2024-10-01,24,24,-0.48874849678157073,-0.4607828987570173,0.02796559802455345
1,GroupsFixed,Huber,2024-11-01,24,24,-0.843215477434377,-0.9351277576874537,-0.09191228025307674
1,GroupsFixed,Huber,2024-12-01,24,24,-0.15904477323393518,0.33717085649078626,-0.1781260832568511
1,GroupsFixed,Huber,2025-01-01,24,24,-0.08282154963843258,0.18323589053740363,-0.10041434089897106
1,GroupsFixed,Huber,2025-02-01,24,24,-0.6744787913484572,-0.6706243572502188,0.0038544340982383796
1,GroupsFixed,Huber,2025-03-01,24,24,-0.11452804901947,-0.12545608247035034,-0.010928033450880337
1,GroupsFixed,Huber,2025-04-01,24,24,0.026216845803819,0.4153875809224701,-0.3891707351186511
1,GroupsFixed,Huber,2025-05-01,24,24,0.501310731392328,0.5469980983768039,-0.04568736698447595
1,GroupsFixed,Huber,2025-06-01,24,24,0.3110265619813182,0.03229069227610637,0.2787358697052118
1,GroupsFixed,Huber,2025-07-01,24,24,-0.12726345387359983,-0.3507590533085363,-0.22349559943493646
1,GroupsFixed,Huber,2025-08-01,24,24,0.7842150400304845,0.4758510219698593,0.3083640180606252
1,GroupsFixed,Huber,2025-09-01,24,24,-0.7599730405593916,-0.5926685301522383,0.16730451040715333
1,GroupsFixed,Huber,2025-10-01,24,24,0.1223745145122711,0.04322852017148193,0.07914599434078917
1,GroupsFixed,Huber,2025-11-01,24,24,0.5412472213145224,0.28456972568250194,0.25667749563202047
1,GroupsFixed,Huber,2025-12-01,24,24,0.42722762715406704,0.026409459671640434,0.4008181674824266
1,GroupsFixed,Huber,2026-01-01,24,24,-0.8506260643726028,-0.6083002726162761,0.24232579175632674
1,GroupsFixed,Huber,2026-02-01,24,24,-0.28854871329665743,-0.36631131555235186,-0.07776260225569442
1,GroupsFixed,Huber,2026-03-01,24,24,0.2263589728410106,0.20182310736899467,0.024535865472015916
1,GroupsFixed,Huber,2026-04-01,24,24,0.7505112058824355,0.7599688955821904,-0.009457689699754912
1,GroupsFixed,Huber,2026-05-01,24,24,0.17509004773328724,0.3110543073435821,-0.13596425961029485
1,GroupsFixed,Huber,2026-06-01,24,24,-0.7340607700694574,-1.0669420892676413,-0.332881319198184
1,GroupsFixed,Huber,2026-07-01,24,24,-0.33050970598416235,0.1490036062327107,0.18150609975145165
1,GroupsFixed,SeasonalNaive,2024-08-01,24,24,0.23362743026989724,-0.1599999999999966,0.07362743026990065
1,GroupsFixed,SeasonalNaive,2024-09-01,24,24,-0.43845958090250287,1.1299999999999955,-0.6915404190974925
1,GroupsFixed,SeasonalNaive,2024-10-01,24,24,-0.48874849678157073,-0.5600000000000023,-0.07125150321843154
1,GroupsFixed,SeasonalNaive,2024-11-01,24,24,-0.843215477434377,-0.7600000000000051,0.08321547743437185
1,GroupsFixed,SeasonalNaive,2024-12-01,24,24,-0.15904477323393518,-0.6199999999999903,-0.46095522676605516
1,GroupsFixed,SeasonalNaive,2025-01-01,24,24,-0.08282154963843258,0.030000000000001137,0.05282154963843144
1,GroupsFixed,SeasonalNaive,2025-02-01,24,24,-0.6744787913484572,-0.8100000000000023,-0.13552120865154504
1,GroupsFixed,SeasonalNaive,2025-03-01,24,24,-0.11452804901947,-0.28000000000000114,-0.16547195098053114
1,GroupsFixed,SeasonalNaive,2025-04-01,24,24,0.026216845803819,-0.15000000000000568,-0.12378315419618668
1,GroupsFixed,SeasonalNaive,2025-05-01,24,24,0.501310731392328,1.009999999999991,-0.508689268607663
1,GroupsFixed,SeasonalNaive,2025-06-01,24,24,0.3110265619813182,0.22000000000001307,0.0910265619813051
1,GroupsFixed,SeasonalNaive,2025-07-01,24,24,-0.12726345387359983,0.7099999999999937,-0.5827365461263939
1,GroupsFixed,SeasonalNaive,2025-08-01,24,24,0.7842150400304845,0.6599999999999966,0.12421504003048789
1,GroupsFixed,SeasonalNaive,2025-09-01,24,24,-0.7599730405593916,-0.37999999999999545,0.3799730405593962
1,GroupsFixed,SeasonalNaive,2025-10-01,24,24,0.1223745145122711,0.4899999999999949,-0.3676254854877238
1,GroupsFixed,SeasonalNaive,2025-11-01,24,24,0.5412472213145224,1.3499999999999943,-0.8087527786854719
1,GroupsFixed,SeasonalNaive,2025-12-01,24,24,0.42722762715406704,0.6199999999999903,-0.1927723728459233
1,GroupsFixed,SeasonalNaive,2026-01-01,24,24,-0.8506260643726028,-0.7299999999999898,0.12062606437261303
1,GroupsFixed,SeasonalNaive,2026-02-01,24,24,-0.28854871329665743,0.2400000000000091,0.04854871329664834
1,GroupsFixed,SeasonalNaive,2026-03-01,24,24,0.2263589728410106,0.269999999999996,-0.043641027158985435
1,GroupsFixed,SeasonalNaive,2026-04-01,24,24,0.7505112058824355,0.8100000000000023,-0.0594887941175668
1,GroupsFixed,SeasonalNaive,2026-05-01,24,24,0.17509004773328724,-0.1599999999999966,0.015090047733290646
1,GroupsFixed,SeasonalNaive,2026-06-01,24,24,-0.7340607700694574,-1.1000000000000085,-0.36593922993055117
1,GroupsFixed,SeasonalNaive,2026-07-01,24,24,-0.33050970598416235,-0.45999999999999375,-0.1294902940158314
1,GroupsFixed,Micro,2024-08-01,24,24,0.23362743026989724,0.18583689421154603,0.04779053605835121
1,GroupsFixed,Micro,2024-09-01,24,24,-0.43845958090250287,-0.28354040110563306,0.1549191797968698
1,GroupsFixed,Micro,2024-10-01,24,24,-0.48874849678157073,-0.4475691896953107,0.04117930708626005
1,GroupsFixed,Micro,2024-11-01,24,24,-0.843215477434377,-0.799222355727434,0.04399312170694292
1,GroupsFixed,Micro,2024-12-01,24,24,-0.15904477323393518,-0.16244744065736394,-0.0034026674234287624
1,GroupsFixed,Micro,2025-01-01,24,24,-0.08282154963843258,-0.06655494198363343,0.016266607654799148
1,GroupsFixed,Micro,2025-02-01,24,24,-0.6744787913484572,-0.6314981506068399,0.04298064074161734
1,GroupsFixed,Micro,2025-03-01,24,24,-0.11452804901947,-0.053570351575272346,0.060957697444197656
1,GroupsFixed,Micro,2025-04-01,24,24,0.026216845803819,0.08528632437420214,-0.05906947857038314
1,GroupsFixed,Micro,2025-05-01,24,24,0.501310731392328,0.6463432371809437,-0.1450325057886157
1,GroupsFixed,Micro,2025-06-01,24,24,0.3110265619813182,0.40109261263964435,-0.09006605065832618
1,GroupsFixed,Micro,2025-07-01,24,24,-0.12726345387359983,-0.023845867928731224,0.1034175859448686
1,GroupsFixed,Micro,2025-08-01,24,24,0.7842150400304845,0.8722340620638094,-0.0880190220333249
1,GroupsFixed,Micro,2025-09-01,24,24,-0.7599730405593916,-0.5479242417670475,0.21204879879234417
1,GroupsFixed,Micro,2025-10-01,24,24,0.1223745145122711,0.22376651566661976,-0.10139200115434865
1,GroupsFixed,Micro,2025-11-01,24,24,0.5412472213145224,0.5890425401434743,-0.04779531882895194
1,GroupsFixed,Micro,2025-12-01,24,24,0.42722762715406704,0.4545153480200589,-0.02728772086599185
1,GroupsFixed,Micro,2026-01-01,24,24,-0.8506260643726028,-0.7598814111532413,0.09074465321936154
1,GroupsFixed,Micro,2026-02-01,24,24,-0.28854871329665743,-0.2357492171756036,0.052799496121053835
1,GroupsFixed,Micro,2026-03-01,24,24,0.2263589728410106,0.32856696468775803,-0.10220799184674745
1,GroupsFixed,Micro,2026-04-01,24,24,0.7505112058824355,0.8933305633715384,-0.1428193574891029
1,GroupsFixed,Micro,2026-05-01,24,24,0.17509004773328724,0.31352201176172617,-0.13843196402843894
1,GroupsFixed,Micro,2026-06-01,24,24,-0.7340607700694574,-0.6545162688759948,0.07954450119346257
1,GroupsFixed,Micro,2026-07-01,24,24,-0.33050970598416235,-0.1887363742085203,0.14177333177564205
1,GroupsFixed,GroupsDated,2024-08-01,24,24,0.23362743026989724,0.21788366091123923,0.01574376935865801
1,GroupsFixed,GroupsDated,2024-09-01,24,24,-0.43845958090250287,-0.44988909068868643,-0.011429509786183567
1,GroupsFixed,GroupsDated,2024-10-01,24,24,-0.48874849678157073,-0.5006888303788609,-0.011940333597290187
1,GroupsFixed,GroupsDated,2024-11-01,24,24,-0.843215477434377,-0.8442211932593391,-0.0010057158249621168
1,GroupsFixed,GroupsDated,2024-12-01,24,24,-0.15904477323393518,-0.14162879879283963,0.01741597444109555
1,GroupsFixed,GroupsDated,2025-01-01,24,24,-0.08282154963843258,-0.05514497207641045,0.02767657756202213
1,GroupsFixed,GroupsDated,2025-02-01,24,24,-0.6744787913484572,-0.6711814368931267,0.0032973544553305256
1,GroupsFixed,GroupsDated,2025-03-01,24,24,-0.11452804901947,-0.10589605078828124,0.008631998231188764
1,GroupsFixed,GroupsDated,2025-04-01,24,24,0.026216845803819,0.03666658978891235,-0.010449743985093352
1,GroupsFixed,GroupsDated,2025-05-01,24,24,0.501310731392328,0.5058607491387649,-0.00455001774643693
1,GroupsFixed,GroupsDated,2025-06-01,24,24,0.3110265619813182,0.31037741102727157,0.0006491509540466067
1,GroupsFixed,GroupsDated,2025-07-01,24,24,-0.12726345387359983,-0.11112029378822202,0.016143160085377806
1,GroupsFixed,GroupsDated,2025-08-01,24,24,0.7842150400304845,0.8008286529093198,-0.016613612878835338
1,GroupsFixed,GroupsDated,2025-09-01,24,24,-0.7599730405593916,-0.7364241446014588,0.02354889595793286
1,GroupsFixed,GroupsDated,2025-10-01,24,24,0.1223745145122711,0.07620040446258713,0.04617411004968397
1,GroupsFixed,GroupsDated,2025-11-01,24,24,0.5412472213145224,0.48126061507325546,0.05998660624126695
1,GroupsFixed,GroupsDated,2025-12-01,24,24,0.42722762715406704,0.3714784910375941,0.05574913611647292
1,GroupsFixed,GroupsDated,2026-01-01,24,24,-0.8506260643726028,-0.8866536508573574,-0.03602758648475457
1,GroupsFixed,GroupsDated,2026-02-01,24,24,-0.28854871329665743,-0.26974230563863355,0.018806407658023883
1,GroupsFixed,GroupsDated,2026-03-01,24,24,0.2263589728410106,0.25587603576489937,-0.02951706292388878
1,GroupsFixed,GroupsDated,2026-04-01,24,24,0.7505112058824355,0.7446710703317053,0.005840135550730152
1,GroupsFixed,GroupsDated,2026-05-01,24,24,0.17509004773328724,0.16358190277820378,0.011508144955083455
1,GroupsFixed,GroupsDated,2026-06-01,24,24,-0.7340607700694574,-0.7341639715048913,-0.00010320143543396387
1,GroupsFixed,GroupsDated,2026-07-01,24,24,-0.33050970598416235,-0.2763779827447659,0.05413172323939647
1,GroupsDated,Ridge,2024-08-01,24,24,0.21788366091123923,0.010534832337924627,0.2073488285733146
1,GroupsDated,Ridge,2024-09-01,24,24,-0.44988909068868643,-0.12814750158511856,0.32174158910356787
1,GroupsDated,Ridge,2024-10-01,24,24,-0.5006888303788609,-0.45742628597942314,0.043262544399437775
1,GroupsDated,Ridge,2024-11-01,24,24,-0.8442211932593391,-0.892461594689749,-0.04824040143040986
1,GroupsDated,Ridge,2024-12-01,24,24,-0.14162879879283963,0.4314984125563228,-0.2898696137634832
1,GroupsDated,Ridge,2025-01-01,24,24,-0.05514497207641045,0.17694589296706908,-0.12180092089065864
1,GroupsDated,Ridge,2025-02-01,24,24,-0.6711814368931267,-0.8042696424575126,-0.13308820556438594
1,GroupsDated,Ridge,2025-03-01,24,24,-0.10589605078828124,-0.14865028948442216,-0.04275423869614092
1,GroupsDated,Ridge,2025-04-01,24,24,0.03666658978891235,0.36912572904506646,-0.3324591392561541
1,GroupsDated,Ridge,2025-05-01,24,24,0.5058607491387649,0.5469797017547222,-0.04111895261595733
1,GroupsDated,Ridge,2025-06-01,24,24,0.31037741102727157,0.055009854317333406,0.25536755670993816
1,GroupsDated,Ridge,2025-07-01,24,24,-0.11112029378822202,-0.4446481224601797,-0.3335278286719577
1,GroupsDated,Ridge,2025-08-01,24,24,0.8008286529093198,0.39810021919093685,0.40272843371838296
1,GroupsDated,Ridge,2025-09-01,24,24,-0.7364241446014588,-0.6003137435213262,0.13611040108013261
1,GroupsDated,Ridge,2025-10-01,24,24,0.07620040446258713,0.04846178145515978,0.027738623007427354
1,GroupsDated,Ridge,2025-11-01,24,24,0.48126061507325546,0.3338499551578451,0.14741065991541036
1,GroupsDated,Ridge,2025-12-01,24,24,0.3714784910375941,0.023697158586131195,0.3477813324514629
1,GroupsDated,Ridge,2026-01-01,24,24,-0.8866536508573574,-0.6078550696468028,0.27879858121055456
1,GroupsDated,Ridge,2026-02-01,24,24,-0.26974230563863355,-0.24945962948905276,0.02028267614958079
1,GroupsDated,Ridge,2026-03-01,24,24,0.25587603576489937,0.17563996131009674,0.08023607445480263
1,GroupsDated,Ridge,2026-04-01,24,24,0.7446710703317053,0.8227150608685179,-0.07804399053681255
1,GroupsDated,Ridge,2026-05-01,24,24,0.16358190277820378,0.32505420858630885,-0.16147230580810507
1,GroupsDated,Ridge,2026-06-01,24,24,-0.7341639715048913,-1.0294909707675828,-0.29532699926269146
1,GroupsDated,Ridge,2026-07-01,24,24,-0.2763779827447659,0.1461776044591545,0.13020037828561137
1,GroupsDated,Huber,2024-08-01,24,24,0.21788366091123923,-0.010722811326843384,0.20716084958439585
1,GroupsDated,Huber,2024-09-01,24,24,-0.44988909068868643,-0.15127140895228308,0.29861768173640335
1,GroupsDated,Huber,2024-10-01,24,24,-0.5006888303788609,-0.4607828987570173,0.03990593162184364
1,GroupsDated,Huber,2024-11-01,24,24,-0.8442211932593391,-0.9351277576874537,-0.09090656442811462
1,GroupsDated,Huber,2024-12-01,24,24,-0.14162879879283963,0.33717085649078626,-0.19554205769794664
1,GroupsDated,Huber,2025-01-01,24,24,-0.05514497207641045,0.18323589053740363,-0.1280909184609932
1,GroupsDated,Huber,2025-02-01,24,24,-0.6711814368931267,-0.6706243572502188,0.0005570796429078539
1,GroupsDated,Huber,2025-03-01,24,24,-0.10589605078828124,-0.12545608247035034,-0.0195600316820691
1,GroupsDated,Huber,2025-04-01,24,24,0.03666658978891235,0.4153875809224701,-0.3787209911335577
1,GroupsDated,Huber,2025-05-01,24,24,0.5058607491387649,0.5469980983768039,-0.04113734923803902
1,GroupsDated,Huber,2025-06-01,24,24,0.31037741102727157,0.03229069227610637,0.2780867187511652
1,GroupsDated,Huber,2025-07-01,24,24,-0.11112029378822202,-0.3507590533085363,-0.23963875952031427
1,GroupsDated,Huber,2025-08-01,24,24,0.8008286529093198,0.4758510219698593,0.3249776309394605
1,GroupsDated,Huber,2025-09-01,24,24,-0.7364241446014588,-0.5926685301522383,0.14375561444922047
1,GroupsDated,Huber,2025-10-01,24,24,0.07620040446258713,0.04322852017148193,0.0329718842911052
1,GroupsDated,Huber,2025-11-01,24,24,0.48126061507325546,0.28456972568250194,0.19669088939075352
1,GroupsDated,Huber,2025-12-01,24,24,0.3714784910375941,0.026409459671640434,0.3450690313659537
1,GroupsDated,Huber,2026-01-01,24,24,-0.8866536508573574,-0.6083002726162761,0.2783533782410813
1,GroupsDated,Huber,2026-02-01,24,24,-0.26974230563863355,-0.36631131555235186,-0.0965690099137183
1,GroupsDated,Huber,2026-03-01,24,24,0.25587603576489937,0.20182310736899467,0.0540529283959047
1,GroupsDated,Huber,2026-04-01,24,24,0.7446710703317053,0.7599688955821904,-0.015297825250485064
1,GroupsDated,Huber,2026-05-01,24,24,0.16358190277820378,0.3110543073435821,-0.1474724045653783
1,GroupsDated,Huber,2026-06-01,24,24,-0.7341639715048913,-1.0669420892676413,-0.33277811776275
1,GroupsDated,Huber,2026-07-01,24,24,-0.2763779827447659,0.1490036062327107,0.1273743765120552
1,GroupsDated,SeasonalNaive,2024-08-01,24,24,0.21788366091123923,-0.1599999999999966,0.05788366091124264
1,GroupsDated,SeasonalNaive,2024-09-01,24,24,-0.44988909068868643,1.1299999999999955,-0.680110909311309
1,GroupsDated,SeasonalNaive,2024-10-01,24,24,-0.5006888303788609,-0.5600000000000023,-0.05931116962114136
1,GroupsDated,SeasonalNaive,2024-11-01,24,24,-0.8442211932593391,-0.7600000000000051,0.08422119325933397
1,GroupsDated,SeasonalNaive,2024-12-01,24,24,-0.14162879879283963,-0.6199999999999903,-0.4783712012071507
1,GroupsDated,SeasonalNaive,2025-01-01,24,24,-0.05514497207641045,0.030000000000001137,0.02514497207640931
1,GroupsDated,SeasonalNaive,2025-02-01,24,24,-0.6711814368931267,-0.8100000000000023,-0.13881856310687557
1,GroupsDated,SeasonalNaive,2025-03-01,24,24,-0.10589605078828124,-0.28000000000000114,-0.1741039492117199
1,GroupsDated,SeasonalNaive,2025-04-01,24,24,0.03666658978891235,-0.15000000000000568,-0.11333341021109333
1,GroupsDated,SeasonalNaive,2025-05-01,24,24,0.5058607491387649,1.009999999999991,-0.504139250861226
1,GroupsDated,SeasonalNaive,2025-06-01,24,24,0.31037741102727157,0.22000000000001307,0.09037741102725849
1,GroupsDated,SeasonalNaive,2025-07-01,24,24,-0.11112029378822202,0.7099999999999937,-0.5988797062117717
1,GroupsDated,SeasonalNaive,2025-08-01,24,24,0.8008286529093198,0.6599999999999966,0.14082865290932323
1,GroupsDated,SeasonalNaive,2025-09-01,24,24,-0.7364241446014588,-0.37999999999999545,0.3564241446014633
1,GroupsDated,SeasonalNaive,2025-10-01,24,24,0.07620040446258713,0.4899999999999949,-0.41379959553740775
1,GroupsDated,SeasonalNaive,2025-11-01,24,24,0.48126061507325546,1.3499999999999943,-0.8687393849267389
1,GroupsDated,SeasonalNaive,2025-12-01,24,24,0.3714784910375941,0.6199999999999903,-0.24852150896239622
1,GroupsDated,SeasonalNaive,2026-01-01,24,24,-0.8866536508573574,-0.7299999999999898,0.1566536508573676
1,GroupsDated,SeasonalNaive,2026-02-01,24,24,-0.26974230563863355,0.2400000000000091,0.029742305638624456
1,GroupsDated,SeasonalNaive,2026-03-01,24,24,0.25587603576489937,0.269999999999996,-0.014123964235096653
1,GroupsDated,SeasonalNaive,2026-04-01,24,24,0.7446710703317053,0.8100000000000023,-0.06532892966829695
1,GroupsDated,SeasonalNaive,2026-05-01,24,24,0.16358190277820378,-0.1599999999999966,0.003581902778207191
1,GroupsDated,SeasonalNaive,2026-06-01,24,24,-0.7341639715048913,-1.1000000000000085,-0.3658360284951172
1,GroupsDated,SeasonalNaive,2026-07-01,24,24,-0.2763779827447659,-0.45999999999999375,-0.18362201725522787
1,GroupsDated,Micro,2024-08-01,24,24,0.21788366091123923,0.18583689421154603,0.0320467666996932
1,GroupsDated,Micro,2024-09-01,24,24,-0.44988909068868643,-0.28354040110563306,0.16634868958305338
1,GroupsDated,Micro,2024-10-01,24,24,-0.5006888303788609,-0.4475691896953107,0.05311964068355024
1,GroupsDated,Micro,2024-11-01,24,24,-0.8442211932593391,-0.799222355727434,0.044998837531905034
1,GroupsDated,Micro,2024-12-01,24,24,-0.14162879879283963,-0.16244744065736394,-0.020818641864524312
1,GroupsDated,Micro,2025-01-01,24,24,-0.05514497207641045,-0.06655494198363343,-0.011409969907222983
1,GroupsDated,Micro,2025-02-01,24,24,-0.6711814368931267,-0.6314981506068399,0.03968328628628681
1,GroupsDated,Micro,2025-03-01,24,24,-0.10589605078828124,-0.053570351575272346,0.05232569921300889
1,GroupsDated,Micro,2025-04-01,24,24,0.03666658978891235,0.08528632437420214,-0.04861973458528979
1,GroupsDated,Micro,2025-05-01,24,24,0.5058607491387649,0.6463432371809437,-0.14048248804217878
1,GroupsDated,Micro,2025-06-01,24,24,0.31037741102727157,0.40109261263964435,-0.09071520161237279
1,GroupsDated,Micro,2025-07-01,24,24,-0.11112029378822202,-0.023845867928731224,0.0872744258594908
1,GroupsDated,Micro,2025-08-01,24,24,0.8008286529093198,0.8722340620638094,-0.07140540915448956
1,GroupsDated,Micro,2025-09-01,24,24,-0.7364241446014588,-0.5479242417670475,0.18849990283441131
1,GroupsDated,Micro,2025-10-01,24,24,0.07620040446258713,0.22376651566661976,-0.14756611120403262
1,GroupsDated,Micro,2025-11-01,24,24,0.48126061507325546,0.5890425401434743,-0.10778192507021889
1,GroupsDated,Micro,2025-12-01,24,24,0.3714784910375941,0.4545153480200589,-0.08303685698246477
1,GroupsDated,Micro,2026-01-01,24,24,-0.8866536508573574,-0.7598814111532413,0.1267722397041161
1,GroupsDated,Micro,2026-02-01,24,24,-0.26974230563863355,-0.2357492171756036,0.03399308846302995
1,GroupsDated,Micro,2026-03-01,24,24,0.25587603576489937,0.32856696468775803,-0.07269092892285867
1,GroupsDated,Micro,2026-04-01,24,24,0.7446710703317053,0.8933305633715384,-0.14865949303983306
1,GroupsDated,Micro,2026-05-01,24,24,0.16358190277820378,0.31352201176172617,-0.1499401089835224
1,GroupsDated,Micro,2026-06-01,24,24,-0.7341639715048913,-0.6545162688759948,0.07964770262889653
1,GroupsDated,Micro,2026-07-01,24,24,-0.2763779827447659,-0.1887363742085203,0.08764160853624559
1,GroupsDated,GroupsFixed,2024-08-01,24,24,0.21788366091123923,0.23362743026989724,-0.01574376935865801
1,GroupsDated,GroupsFixed,2024-09-01,24,24,-0.44988909068868643,-0.43845958090250287,0.011429509786183567
1,GroupsDated,GroupsFixed,2024-10-01,24,24,-0.5006888303788609,-0.48874849678157073,0.011940333597290187
1,GroupsDated,GroupsFixed,2024-11-01,24,24,-0.8442211932593391,-0.843215477434377,0.0010057158249621168
1,GroupsDated,GroupsFixed,2024-12-01,24,24,-0.14162879879283963,-0.15904477323393518,-0.01741597444109555
1,GroupsDated,GroupsFixed,2025-01-01,24,24,-0.05514497207641045,-0.08282154963843258,-0.02767657756202213
1,GroupsDated,GroupsFixed,2025-02-01,24,24,-0.6711814368931267,-0.6744787913484572,-0.0032973544553305256
1,GroupsDated,GroupsFixed,2025-03-01,24,24,-0.10589605078828124,-0.11452804901947,-0.008631998231188764
1,GroupsDated,GroupsFixed,2025-04-01,24,24,0.03666658978891235,0.026216845803819,0.010449743985093352
1,GroupsDated,GroupsFixed,2025-05-01,24,24,0.5058607491387649,0.501310731392328,0.00455001774643693
1,GroupsDated,GroupsFixed,2025-06-01,24,24,0.31037741102727157,0.3110265619813182,-0.0006491509540466067
1,GroupsDated,GroupsFixed,2025-07-01,24,24,-0.11112029378822202,-0.12726345387359983,-0.016143160085377806
1,GroupsDated,GroupsFixed,2025-08-01,24,24,0.8008286529093198,0.7842150400304845,0.016613612878835338
1,GroupsDated,GroupsFixed,2025-09-01,24,24,-0.7364241446014588,-0.7599730405593916,-0.02354889595793286
1,GroupsDated,GroupsFixed,2025-10-01,24,24,0.07620040446258713,0.1223745145122711,-0.04617411004968397
1,GroupsDated,GroupsFixed,2025-11-01,24,24,0.48126061507325546,0.5412472213145224,-0.05998660624126695
1,GroupsDated,GroupsFixed,2025-12-01,24,24,0.3714784910375941,0.42722762715406704,-0.05574913611647292
1,GroupsDated,GroupsFixed,2026-01-01,24,24,-0.8866536508573574,-0.8506260643726028,0.03602758648475457
1,GroupsDated,GroupsFixed,2026-02-01,24,24,-0.26974230563863355,-0.28854871329665743,-0.018806407658023883
1,GroupsDated,GroupsFixed,2026-03-01,24,24,0.25587603576489937,0.2263589728410106,0.02951706292388878
1,GroupsDated,GroupsFixed,2026-04-01,24,24,0.7446710703317053,0.7505112058824355,-0.005840135550730152
1,GroupsDated,GroupsFixed,2026-05-01,24,24,0.16358190277820378,0.17509004773328724,-0.011508144955083455
1,GroupsDated,GroupsFixed,2026-06-01,24,24,-0.7341639715048913,-0.7340607700694574,0.00010320143543396387
1,GroupsDated,GroupsFixed,2026-07-01,24,24,-0.2763779827447659,-0.33050970598416235,-0.05413172323939647
2,Ridge,Huber,2024-08-01,24,24,-0.22285851280577162,-0.1637460179564414,0.05911249484933023
2,Ridge,Huber,2024-09-01,24,24,-0.20121432479955104,-0.18127398819800078,0.019940336601550257
2,Ridge,Huber,2024-10-01,24,24,-0.4734329502460497,-0.489592494902908,-0.016159544656858316
2,Ridge,Huber,2024-11-01,24,24,-1.0990772372578874,-1.062093039443809,0.03698419781407836
2,Ridge,Huber,2024-12-01,24,24,-0.2990775245643391,-0.013447246392303214,0.2856302781720359
2,Ridge,Huber,2025-01-01,24,24,0.16567000190184444,0.17349004804887613,-0.00782004614703169
2,Ridge,Huber,2025-02-01,24,24,-0.5884937052548622,-0.4855162199298917,0.10297748532497053
2,Ridge,Huber,2025-03-01,24,24,-0.2701259348715581,-0.17950802247813158,0.09061791239342654
2,Ridge,Huber,2025-04-01,24,24,0.15125234065492066,0.32357482568235696,-0.1723224850274363
2,Ridge,Huber,2025-05-01,24,24,0.5700519700101836,0.5681226301117022,0.0019293398984814303
2,Ridge,Huber,2025-06-01,24,24,0.1552308156800848,0.14439125480072335,0.010839560879361443
2,Ridge,Huber,2025-07-01,24,24,-0.33128856564621856,-0.3634504311384603,-0.03216186549224176
2,Ridge,Huber,2025-08-01,24,24,0.5389313594252343,0.6012636040496488,-0.06233224462441456
2,Ridge,Huber,2025-09-01,24,24,-0.5865487243131042,-0.590513556134681,-0.003964831821576809
2,Ridge,Huber,2025-10-01,24,24,0.059120913770769334,0.022530901022278726,0.03659001274849061
2,Ridge,Huber,2025-11-01,24,24,0.526539359730549,0.5616134896538227,-0.035074129923273745
2,Ridge,Huber,2025-12-01,24,24,0.34266830959812467,0.36968578383121553,-0.027017474233090866
2,Ridge,Huber,2026-01-01,24,24,-0.5955404842890886,-0.6040514701391544,-0.008510985850065822
2,Ridge,Huber,2026-02-01,24,24,-0.36145304578907655,-0.6557378452114477,-0.2942847994223712
2,Ridge,Huber,2026-03-01,24,24,0.15772066925065076,0.26434274197997354,-0.10662207272932278
2,Ridge,Huber,2026-04-01,24,24,0.885550586984877,0.8776357478905794,0.007914839094297577
2,Ridge,Huber,2026-05-01,24,24,0.3524366769258904,0.3350550222066886,0.017381654719201833
2,Ridge,Huber,2026-06-01,24,24,-0.898373488629332,-1.0263111695610974,-0.12793768093176539
2,Ridge,Huber,2026-07-01,24,24,-0.6212250366499461,-0.5908282247541194,0.03039681189582666
2,Ridge,SeasonalNaive,2024-08-01,24,24,-0.22285851280577162,-0.1599999999999966,0.06285851280577504
2,Ridge,SeasonalNaive,2024-09-01,24,24,-0.20121432479955104,1.1299999999999955,-0.9287856752004444
2,Ridge,SeasonalNaive,2024-10-01,24,24,-0.4734329502460497,-0.5600000000000023,-0.08656704975395257
2,Ridge,SeasonalNaive,2024-11-01,24,24,-1.0990772372578874,-0.7600000000000051,0.3390772372578823
2,Ridge,SeasonalNaive,2024-12-01,24,24,-0.2990775245643391,-0.6199999999999903,-0.3209224754356512
2,Ridge,SeasonalNaive,2025-01-01,24,24,0.16567000190184444,0.030000000000001137,0.1356700019018433
2,Ridge,SeasonalNaive,2025-02-01,24,24,-0.5884937052548622,-0.8100000000000023,-0.22150629474514005
2,Ridge,SeasonalNaive,2025-03-01,24,24,-0.2701259348715581,-0.28000000000000114,-0.009874065128443021
2,Ridge,SeasonalNaive,2025-04-01,24,24,0.15125234065492066,-0.15000000000000568,0.001252340654914974
2,Ridge,SeasonalNaive,2025-05-01,24,24,0.5700519700101836,1.009999999999991,-0.4399480299898073
2,Ridge,SeasonalNaive,2025-06-01,24,24,0.1552308156800848,0.22000000000001307,-0.06476918431992829
2,Ridge,SeasonalNaive,2025-07-01,24,24,-0.33128856564621856,0.7099999999999937,-0.3787114343537752
2,Ridge,SeasonalNaive,2025-08-01,24,24,0.5389313594252343,0.6599999999999966,-0.1210686405747623
2,Ridge,SeasonalNaive,2025-09-01,24,24,-0.5865487243131042,-0.37999999999999545,0.20654872431310878
2,Ridge,SeasonalNaive,2025-10-01,24,24,0.059120913770769334,0.4899999999999949,-0.43087908622922555
2,Ridge,SeasonalNaive,2025-11-01,24,24,0.526539359730549,1.3499999999999943,-0.8234606402694453
2,Ridge,SeasonalNaive,2025-12-01,24,24,0.34266830959812467,0.6199999999999903,-0.27733169040186567
2,Ridge,SeasonalNaive,2026-01-01,24,24,-0.5955404842890886,-0.7299999999999898,-0.1344595157109012
2,Ridge,SeasonalNaive,2026-02-01,24,24,-0.36145304578907655,0.2400000000000091,0.12145304578906746
2,Ridge,SeasonalNaive,2026-03-01,24,24,0.15772066925065076,0.269999999999996,-0.11227933074934526
2,Ridge,SeasonalNaive,2026-04-01,24,24,0.885550586984877,0.8100000000000023,0.07555058698487471
2,Ridge,SeasonalNaive,2026-05-01,24,24,0.3524366769258904,-0.1599999999999966,0.19243667692589383
2,Ridge,SeasonalNaive,2026-06-01,24,24,-0.898373488629332,-1.1000000000000085,-0.20162651137067655
2,Ridge,SeasonalNaive,2026-07-01,24,24,-0.6212250366499461,-0.45999999999999375,0.16122503664995236
2,Ridge,Micro,2024-08-01,24,24,-0.22285851280577162,0.1577606057404936,0.06509790706527802
2,Ridge,Micro,2024-09-01,24,24,-0.20121432479955104,-0.28513750105423147,-0.08392317625468043
2,Ridge,Micro,2024-10-01,24,24,-0.4734329502460497,-0.4905076537122347,-0.017074703466185004
2,Ridge,Micro,2024-11-01,24,24,-1.0990772372578874,-0.8226286194903131,0.27644861776757435
2,Ridge,Micro,2024-12-01,24,24,-0.2990775245643391,-0.2396656209577832,0.059411903606555905
2,Ridge,Micro,2025-01-01,24,24,0.16567000190184444,-0.0933495885675899,0.07232041333425454
2,Ridge,Micro,2025-02-01,24,24,-0.5884937052548622,-0.649895067086484,-0.061401361831621815
2,Ridge,Micro,2025-03-01,24,24,-0.2701259348715581,-0.06089481253059725,0.20923112234096086
2,Ridge,Micro,2025-04-01,24,24,0.15125234065492066,0.10344592547834297,0.04780641517657769
2,Ridge,Micro,2025-05-01,24,24,0.5700519700101836,0.6395073480164257,-0.06945537800624213
2,Ridge,Micro,2025-06-01,24,24,0.1552308156800848,0.4230417664513566,-0.2678109507712718
2,Ridge,Micro,2025-07-01,24,24,-0.33128856564621856,0.008884115465470521,0.32240445018074804
2,Ridge,Micro,2025-08-01,24,24,0.5389313594252343,0.9468324124753517,-0.40790105305011737
2,Ridge,Micro,2025-09-01,24,24,-0.5865487243131042,-0.5186358004947679,0.06791292381833636
2,Ridge,Micro,2025-10-01,24,24,0.059120913770769334,0.11585652990165118,-0.05673561613088185
2,Ridge,Micro,2025-11-01,24,24,0.526539359730549,0.6214284542502376,-0.09488909451968863
2,Ridge,Micro,2025-12-01,24,24,0.34266830959812467,0.5120667321832407,-0.16939842258511606
2,Ridge,Micro,2026-01-01,24,24,-0.5955404842890886,-0.7247818290950329,-0.1292413448059443
2,Ridge,Micro,2026-02-01,24,24,-0.36145304578907655,-0.24592692215996936,0.11552612362910719
2,Ridge,Micro,2026-03-01,24,24,0.15772066925065076,0.3040044896108397,-0.14628382036018894
2,Ridge,Micro,2026-04-01,24,24,0.885550586984877,0.9033040019822451,-0.017753414997368155
2,Ridge,Micro,2026-05-01,24,24,0.3524366769258904,0.35824035057673376,-0.005803673650843333
2,Ridge,Micro,2026-06-01,24,24,-0.898373488629332,-0.6120347588672845,0.28633872976204744
2,Ridge,Micro,2026-07-01,24,24,-0.6212250366499461,-0.44058566287162365,0.18063937377832245
2,Ridge,GroupsFixed,2024-08-01,24,24,-0.22285851280577162,0.1717761287672669,0.051082384038504736
2,Ridge,GroupsFixed,2024-09-01,24,24,-0.20121432479955104,-0.4391098393909475,-0.23789551459139646
2,Ridge,GroupsFixed,2024-10-01,24,24,-0.4734329502460497,-0.5633567664424337,-0.08992381619638401
2,Ridge,GroupsFixed,2024-11-01,24,24,-1.0990772372578874,-0.9372672915904041,0.1618099456674833
2,Ridge,GroupsFixed,2024-12-01,24,24,-0.2990775245643391,-0.2530849858831903,0.04599253868114883
2,Ridge,GroupsFixed,2025-01-01,24,24,0.16567000190184444,-0.13138080484995251,0.03428919705189193
2,Ridge,GroupsFixed,2025-02-01,24,24,-0.5884937052548622,-0.7186805553055987,-0.1301868500507365
2,Ridge,GroupsFixed,2025-03-01,24,24,-0.2701259348715581,-0.15819579880987256,0.11193013606168556
2,Ridge,GroupsFixed,2025-04-01,24,24,0.15125234065492066,0.028254202150180707,0.12299813850473995
2,Ridge,GroupsFixed,2025-05-01,24,24,0.5700519700101836,0.521224761476487,0.0488272085336966
2,Ridge,GroupsFixed,2025-06-01,24,24,0.1552308156800848,0.3943614844111454,-0.2391306687310606
2,Ridge,GroupsFixed,2025-07-01,24,24,-0.33128856564621856,-0.08232687311682568,0.24896169252939288
2,Ridge,GroupsFixed,2025-08-01,24,24,0.5389313594252343,0.8982914449825128,-0.3593600855572785
2,Ridge,GroupsFixed,2025-09-01,24,24,-0.5865487243131042,-0.6595031616347746,-0.0729544373216704
2,Ridge,GroupsFixed,2025-10-01,24,24,0.059120913770769334,-0.010303090966192086,0.04881782280457725
2,Ridge,GroupsFixed,2025-11-01,24,24,0.526539359730549,0.5219376606149245,0.004601699115624469
2,Ridge,GroupsFixed,2025-12-01,24,24,0.34266830959812467,0.5067673894689295,-0.16409907987080485
2,Ridge,GroupsFixed,2026-01-01,24,24,-0.5955404842890886,-0.7653281778195927,-0.16978769353050416
2,Ridge,GroupsFixed,2026-02-01,24,24,-0.36145304578907655,-0.34531256238740426,0.01614048340167229
2,Ridge,GroupsFixed,2026-03-01,24,24,0.15772066925065076,0.21987943208061833,-0.06215876282996757
2,Ridge,GroupsFixed,2026-04-01,24,24,0.885550586984877,0.8016889834288704,0.08386160355600658
2,Ridge,GroupsFixed,2026-05-01,24,24,0.3524366769258904,0.27233879258928767,0.08009788433660275
2,Ridge,GroupsFixed,2026-06-01,24,24,-0.898373488629332,-0.7283711289446042,0.17000235968472777
2,Ridge,GroupsFixed,2026-07-01,24,24,-0.6212250366499461,-0.4943559375918192,0.12686909905812693
2,Ridge,GroupsDated,2024-08-01,24,24,-0.22285851280577162,0.1543676531233645,0.06849085968240712
2,Ridge,GroupsDated,2024-09-01,24,24,-0.20121432479955104,-0.45632826649363545,-0.2551139416940844
2,Ridge,GroupsDated,2024-10-01,24,24,-0.4734329502460497,-0.5762263803994294,-0.10279343015337972
2,Ridge,GroupsDated,2024-11-01,24,24,-1.0990772372578874,-0.9479876964319995,0.15108954082588788
2,Ridge,GroupsDated,2024-12-01,24,24,-0.2990775245643391,-0.2542850771336638,0.04479244743067534
2,Ridge,GroupsDated,2025-01-01,24,24,0.16567000190184444,-0.10952406551723826,0.05614593638460619
2,Ridge,GroupsDated,2025-02-01,24,24,-0.5884937052548622,-0.6865963851434688,-0.09810267988860655
2,Ridge,GroupsDated,2025-03-01,24,24,-0.2701259348715581,-0.15450233545410297,0.11562359941745515
2,Ridge,GroupsDated,2025-04-01,24,24,0.15125234065492066,0.036336132393984255,0.1149162082609364
2,Ridge,GroupsDated,2025-05-01,24,24,0.5700519700101836,0.524237067629236,0.04581490238094754
2,Ridge,GroupsDated,2025-06-01,24,24,0.1552308156800848,0.3914696938565312,-0.2362388781764464
2,Ridge,GroupsDated,2025-07-01,24,24,-0.33128856564621856,-0.07714768761658586,0.2541408780296327
2,Ridge,GroupsDated,2025-08-01,24,24,0.5389313594252343,0.8949152613244429,-0.3559839018992086
2,Ridge,GroupsDated,2025-09-01,24,24,-0.5865487243131042,-0.6698801323438744,-0.08333140803077022
2,Ridge,GroupsDated,2025-10-01,24,24,0.059120913770769334,-0.05564962293295339,0.0034712908378159435
2,Ridge,GroupsDated,2025-11-01,24,24,0.526539359730549,0.4613377820214821,0.06520157770906687
2,Ridge,GroupsDated,2025-12-01,24,24,0.34266830959812467,0.45203886477741095,-0.10937055517928629
2,Ridge,GroupsDated,2026-01-01,24,24,-0.5955404842890886,-0.8008778099013505,-0.20533732561226192
2,Ridge,GroupsDated,2026-02-01,24,24,-0.36145304578907655,-0.3725131701473774,-0.011060124358300838
2,Ridge,GroupsDated,2026-03-01,24,24,0.15772066925065076,0.24425695808749026,-0.0865362888368395
2,Ridge,GroupsDated,2026-04-01,24,24,0.885550586984877,0.8003713110956187,0.08517927588925833
2,Ridge,GroupsDated,2026-05-01,24,24,0.3524366769258904,0.2576890108959945,0.09474766602989593
2,Ridge,GroupsDated,2026-06-01,24,24,-0.898373488629332,-0.7326978939706694,0.16567559465866255
2,Ridge,GroupsDated,2026-07-01,24,24,-0.6212250366499461,-0.4914067241601474,0.1298183124897987
2,Huber,Ridge,2024-08-01,24,24,-0.1637460179564414,-0.22285851280577162,-0.05911249484933023
2,Huber,Ridge,2024-09-01,24,24,-0.18127398819800078,-0.20121432479955104,-0.019940336601550257
2,Huber,Ridge,2024-10-01,24,24,-0.489592494902908,-0.4734329502460497,0.016159544656858316
2,Huber,Ridge,2024-11-01,24,24,-1.062093039443809,-1.0990772372578874,-0.03698419781407836
2,Huber,Ridge,2024-12-01,24,24,-0.013447246392303214,-0.2990775245643391,-0.2856302781720359
2,Huber,Ridge,2025-01-01,24,24,0.17349004804887613,0.16567000190184444,0.00782004614703169
2,Huber,Ridge,2025-02-01,24,24,-0.4855162199298917,-0.5884937052548622,-0.10297748532497053
2,Huber,Ridge,2025-03-01,24,24,-0.17950802247813158,-0.2701259348715581,-0.09061791239342654
2,Huber,Ridge,2025-04-01,24,24,0.32357482568235696,0.15125234065492066,0.1723224850274363
2,Huber,Ridge,2025-05-01,24,24,0.5681226301117022,0.5700519700101836,-0.0019293398984814303
2,Huber,Ridge,2025-06-01,24,24,0.14439125480072335,0.1552308156800848,-0.010839560879361443
2,Huber,Ridge,2025-07-01,24,24,-0.3634504311384603,-0.33128856564621856,0.03216186549224176
2,Huber,Ridge,2025-08-01,24,24,0.6012636040496488,0.5389313594252343,0.06233224462441456
2,Huber,Ridge,2025-09-01,24,24,-0.590513556134681,-0.5865487243131042,0.003964831821576809
2,Huber,Ridge,2025-10-01,24,24,0.022530901022278726,0.059120913770769334,-0.03659001274849061
2,Huber,Ridge,2025-11-01,24,24,0.5616134896538227,0.526539359730549,0.035074129923273745
2,Huber,Ridge,2025-12-01,24,24,0.36968578383121553,0.34266830959812467,0.027017474233090866
2,Huber,Ridge,2026-01-01,24,24,-0.6040514701391544,-0.5955404842890886,0.008510985850065822
2,Huber,Ridge,2026-02-01,24,24,-0.6557378452114477,-0.36145304578907655,0.2942847994223712
2,Huber,Ridge,2026-03-01,24,24,0.26434274197997354,0.15772066925065076,0.10662207272932278
2,Huber,Ridge,2026-04-01,24,24,0.8776357478905794,0.885550586984877,-0.007914839094297577
2,Huber,Ridge,2026-05-01,24,24,0.3350550222066886,0.3524366769258904,-0.017381654719201833
2,Huber,Ridge,2026-06-01,24,24,-1.0263111695610974,-0.898373488629332,0.12793768093176539
2,Huber,Ridge,2026-07-01,24,24,-0.5908282247541194,-0.6212250366499461,-0.03039681189582666
2,Huber,SeasonalNaive,2024-08-01,24,24,-0.1637460179564414,-0.1599999999999966,0.0037460179564448026
2,Huber,SeasonalNaive,2024-09-01,24,24,-0.18127398819800078,1.1299999999999955,-0.9487260118019947
2,Huber,SeasonalNaive,2024-10-01,24,24,-0.489592494902908,-0.5600000000000023,-0.07040750509709426
2,Huber,SeasonalNaive,2024-11-01,24,24,-1.062093039443809,-0.7600000000000051,0.30209303944380395
2,Huber,SeasonalNaive,2024-12-01,24,24,-0.013447246392303214,-0.6199999999999903,-0.6065527536076871
2,Huber,SeasonalNaive,2025-01-01,24,24,0.17349004804887613,0.030000000000001137,0.143490048048875
2,Huber,SeasonalNaive,2025-02-01,24,24,-0.4855162199298917,-0.8100000000000023,-0.3244837800701106
2,Huber,SeasonalNaive,2025-03-01,24,24,-0.17950802247813158,-0.28000000000000114,-0.10049197752186956
2,Huber,SeasonalNaive,2025-04-01,24,24,0.32357482568235696,-0.15000000000000568,0.17357482568235127
2,Huber,SeasonalNaive,2025-05-01,24,24,0.5681226301117022,1.009999999999991,-0.44187736988828874
2,Huber,SeasonalNaive,2025-06-01,24,24,0.14439125480072335,0.22000000000001307,-0.07560874519928973
2,Huber,SeasonalNaive,2025-07-01,24,24,-0.3634504311384603,0.7099999999999937,-0.34654956886153343
2,Huber,SeasonalNaive,2025-08-01,24,24,0.6012636040496488,0.6599999999999966,-0.05873639595034774
2,Huber,SeasonalNaive,2025-09-01,24,24,-0.590513556134681,-0.37999999999999545,0.2105135561346856
2,Huber,SeasonalNaive,2025-10-01,24,24,0.022530901022278726,0.4899999999999949,-0.46746909897771616
2,Huber,SeasonalNaive,2025-11-01,24,24,0.5616134896538227,1.3499999999999943,-0.7883865103461716
2,Huber,SeasonalNaive,2025-12-01,24,24,0.36968578383121553,0.6199999999999903,-0.2503142161687748
2,Huber,SeasonalNaive,2026-01-01,24,24,-0.6040514701391544,-0.7299999999999898,-0.12594852986083538
2,Huber,SeasonalNaive,2026-02-01,24,24,-0.6557378452114477,0.2400000000000091,0.41573784521143864
2,Huber,SeasonalNaive,2026-03-01,24,24,0.26434274197997354,0.269999999999996,-0.005657258020022482
2,Huber,SeasonalNaive,2026-04-01,24,24,0.8776357478905794,0.8100000000000023,0.06763574789057714
2,Huber,SeasonalNaive,2026-05-01,24,24,0.3350550222066886,-0.1599999999999966,0.175055022206692
2,Huber,SeasonalNaive,2026-06-01,24,24,-1.0263111695610974,-1.1000000000000085,-0.07368883043891117
2,Huber,SeasonalNaive,2026-07-01,24,24,-0.5908282247541194,-0.45999999999999375,0.1308282247541257
2,Huber,Micro,2024-08-01,24,24,-0.1637460179564414,0.1577606057404936,0.005985412215947783
2,Huber,Micro,2024-09-01,24,24,-0.18127398819800078,-0.28513750105423147,-0.10386351285623069
2,Huber,Micro,2024-10-01,24,24,-0.489592494902908,-0.4905076537122347,-0.0009151588093266882
2,Huber,Micro,2024-11-01,24,24,-1.062093039443809,-0.8226286194903131,0.239464419953496
2,Huber,Micro,2024-12-01,24,24,-0.013447246392303214,-0.2396656209577832,-0.22621837456548
2,Huber,Micro,2025-01-01,24,24,0.17349004804887613,-0.0933495885675899,0.08014045948128623
2,Huber,Micro,2025-02-01,24,24,-0.4855162199298917,-0.649895067086484,-0.16437884715659234
2,Huber,Micro,2025-03-01,24,24,-0.17950802247813158,-0.06089481253059725,0.11861320994753433
2,Huber,Micro,2025-04-01,24,24,0.32357482568235696,0.10344592547834297,0.220128900204014
2,Huber,Micro,2025-05-01,24,24,0.5681226301117022,0.6395073480164257,-0.07138471790472356
2,Huber,Micro,2025-06-01,24,24,0.14439125480072335,0.4230417664513566,-0.27865051165063326
2,Huber,Micro,2025-07-01,24,24,-0.3634504311384603,0.008884115465470521,0.3545663156729898
2,Huber,Micro,2025-08-01,24,24,0.6012636040496488,0.9468324124753517,-0.3455688084257028
2,Huber,Micro,2025-09-01,24,24,-0.590513556134681,-0.5186358004947679,0.07187775563991317
2,Huber,Micro,2025-10-01,24,24,0.022530901022278726,0.11585652990165118,-0.09332562887937246
2,Huber,Micro,2025-11-01,24,24,0.5616134896538227,0.6214284542502376,-0.05981496459641489
2,Huber,Micro,2025-12-01,24,24,0.36968578383121553,0.5120667321832407,-0.1423809483520252
2,Huber,Micro,2026-01-01,24,24,-0.6040514701391544,-0.7247818290950329,-0.12073035895587847
2,Huber,Micro,2026-02-01,24,24,-0.6557378452114477,-0.24592692215996936,0.40981092305147837
2,Huber,Micro,2026-03-01,24,24,0.26434274197997354,0.3040044896108397,-0.03966174763086616
2,Huber,Micro,2026-04-01,24,24,0.8776357478905794,0.9033040019822451,-0.025668254091665732
2,Huber,Micro,2026-05-01,24,24,0.3350550222066886,0.35824035057673376,-0.023185328370045166
2,Huber,Micro,2026-06-01,24,24,-1.0263111695610974,-0.6120347588672845,0.4142764106938128
2,Huber,Micro,2026-07-01,24,24,-0.5908282247541194,-0.44058566287162365,0.1502425618824958
2,Huber,GroupsFixed,2024-08-01,24,24,-0.1637460179564414,0.1717761287672669,-0.008030110810825497
2,Huber,GroupsFixed,2024-09-01,24,24,-0.18127398819800078,-0.4391098393909475,-0.2578358511929467
2,Huber,GroupsFixed,2024-10-01,24,24,-0.489592494902908,-0.5633567664424337,-0.0737642715395257
2,Huber,GroupsFixed,2024-11-01,24,24,-1.062093039443809,-0.9372672915904041,0.12482574785340494
2,Huber,GroupsFixed,2024-12-01,24,24,-0.013447246392303214,-0.2530849858831903,-0.23963773949088707
2,Huber,GroupsFixed,2025-01-01,24,24,0.17349004804887613,-0.13138080484995251,0.04210924319892362
2,Huber,GroupsFixed,2025-02-01,24,24,-0.4855162199298917,-0.7186805553055987,-0.23316433537570702
2,Huber,GroupsFixed,2025-03-01,24,24,-0.17950802247813158,-0.15819579880987256,0.021312223668259023
2,Huber,GroupsFixed,2025-04-01,24,24,0.32357482568235696,0.028254202150180707,0.29532062353217625
2,Huber,GroupsFixed,2025-05-01,24,24,0.5681226301117022,0.521224761476487,0.04689786863521517
2,Huber,GroupsFixed,2025-06-01,24,24,0.14439125480072335,0.3943614844111454,-0.24997022961042203
2,Huber,GroupsFixed,2025-07-01,24,24,-0.3634504311384603,-0.08232687311682568,0.28112355802163463
2,Huber,GroupsFixed,2025-08-01,24,24,0.6012636040496488,0.8982914449825128,-0.29702784093286394
2,Huber,GroupsFixed,2025-09-01,24,24,-0.590513556134681,-0.6595031616347746,-0.06898960550009359
2,Huber,GroupsFixed,2025-10-01,24,24,0.022530901022278726,-0.010303090966192086,0.012227810056086641
2,Huber,GroupsFixed,2025-11-01,24,24,0.5616134896538227,0.5219376606149245,0.039675829038898214
2,Huber,GroupsFixed,2025-12-01,24,24,0.36968578383121553,0.5067673894689295,-0.137081605637714
2,Huber,GroupsFixed,2026-01-01,24,24,-0.6040514701391544,-0.7653281778195927,-0.16127670768043834
2,Huber,GroupsFixed,2026-02-01,24,24,-0.6557378452114477,-0.34531256238740426,0.31042528282404347
2,Huber,GroupsFixed,2026-03-01,24,24,0.26434274197997354,0.21987943208061833,0.04446330989935521
2,Huber,GroupsFixed,2026-04-01,24,24,0.8776357478905794,0.8016889834288704,0.075946764461709
2,Huber,GroupsFixed,2026-05-01,24,24,0.3350550222066886,0.27233879258928767,0.06271622961740092
2,Huber,GroupsFixed,2026-06-01,24,24,-1.0263111695610974,-0.7283711289446042,0.29794004061649315
2,Huber,GroupsFixed,2026-07-01,24,24,-0.5908282247541194,-0.4943559375918192,0.09647228716230027
2,Huber,GroupsDated,2024-08-01,24,24,-0.1637460179564414,0.1543676531233645,0.009378364833076885
2,Huber,GroupsDated,2024-09-01,24,24,-0.18127398819800078,-0.45632826649363545,-0.27505427829563467
2,Huber,GroupsDated,2024-10-01,24,24,-0.489592494902908,-0.5762263803994294,-0.0866338854965214
2,Huber,GroupsDated,2024-11-01,24,24,-1.062093039443809,-0.9479876964319995,0.11410534301180952
2,Huber,GroupsDated,2024-12-01,24,24,-0.013447246392303214,-0.2542850771336638,-0.24083783074136056
2,Huber,GroupsDated,2025-01-01,24,24,0.17349004804887613,-0.10952406551723826,0.06396598253163788
2,Huber,GroupsDated,2025-02-01,24,24,-0.4855162199298917,-0.6865963851434688,-0.20108016521357708
2,Huber,GroupsDated,2025-03-01,24,24,-0.17950802247813158,-0.15450233545410297,0.02500568702402861
2,Huber,GroupsDated,2025-04-01,24,24,0.32357482568235696,0.036336132393984255,0.2872386932883727
2,Huber,GroupsDated,2025-05-01,24,24,0.5681226301117022,0.524237067629236,0.04388556248246611
2,Huber,GroupsDated,2025-06-01,24,24,0.14439125480072335,0.3914696938565312,-0.24707843905580784
2,Huber,GroupsDated,2025-07-01,24,24,-0.3634504311384603,-0.07714768761658586,0.28630274352187446
2,Huber,GroupsDated,2025-08-01,24,24,0.6012636040496488,0.8949152613244429,-0.29365165727479403
2,Huber,GroupsDated,2025-09-01,24,24,-0.590513556134681,-0.6698801323438744,-0.0793665762091934
2,Huber,GroupsDated,2025-10-01,24,24,0.022530901022278726,-0.05564962293295339,-0.033118721910674664
2,Huber,GroupsDated,2025-11-01,24,24,0.5616134896538227,0.4613377820214821,0.10027570763234062
2,Huber,GroupsDated,2025-12-01,24,24,0.36968578383121553,0.45203886477741095,-0.08235308094619542
2,Huber,GroupsDated,2026-01-01,24,24,-0.6040514701391544,-0.8008778099013505,-0.1968263397621961
2,Huber,GroupsDated,2026-02-01,24,24,-0.6557378452114477,-0.3725131701473774,0.28322467506407034
2,Huber,GroupsDated,2026-03-01,24,24,0.26434274197997354,0.24425695808749026,0.020085783892483278
2,Huber,GroupsDated,2026-04-01,24,24,0.8776357478905794,0.8003713110956187,0.07726443679496076
2,Huber,GroupsDated,2026-05-01,24,24,0.3350550222066886,0.2576890108959945,0.0773660113106941
2,Huber,GroupsDated,2026-06-01,24,24,-1.0263111695610974,-0.7326978939706694,0.29361327559042794
2,Huber,GroupsDated,2026-07-01,24,24,-0.5908282247541194,-0.4914067241601474,0.09942150059397203
2,SeasonalNaive,Ridge,2024-08-01,24,24,-0.1599999999999966,-0.22285851280577162,-0.06285851280577504
2,SeasonalNaive,Ridge,2024-09-01,24,24,1.1299999999999955,-0.20121432479955104,0.9287856752004444
2,SeasonalNaive,Ridge,2024-10-01,24,24,-0.5600000000000023,-0.4734329502460497,0.08656704975395257
2,SeasonalNaive,Ridge,2024-11-01,24,24,-0.7600000000000051,-1.0990772372578874,-0.3390772372578823
2,SeasonalNaive,Ridge,2024-12-01,24,24,-0.6199999999999903,-0.2990775245643391,0.3209224754356512
2,SeasonalNaive,Ridge,2025-01-01,24,24,0.030000000000001137,0.16567000190184444,-0.1356700019018433
2,SeasonalNaive,Ridge,2025-02-01,24,24,-0.8100000000000023,-0.5884937052548622,0.22150629474514005
2,SeasonalNaive,Ridge,2025-03-01,24,24,-0.28000000000000114,-0.2701259348715581,0.009874065128443021
2,SeasonalNaive,Ridge,2025-04-01,24,24,-0.15000000000000568,0.15125234065492066,-0.001252340654914974
2,SeasonalNaive,Ridge,2025-05-01,24,24,1.009999999999991,0.5700519700101836,0.4399480299898073
2,SeasonalNaive,Ridge,2025-06-01,24,24,0.22000000000001307,0.1552308156800848,0.06476918431992829
2,SeasonalNaive,Ridge,2025-07-01,24,24,0.7099999999999937,-0.33128856564621856,0.3787114343537752
2,SeasonalNaive,Ridge,2025-08-01,24,24,0.6599999999999966,0.5389313594252343,0.1210686405747623
2,SeasonalNaive,Ridge,2025-09-01,24,24,-0.37999999999999545,-0.5865487243131042,-0.20654872431310878
2,SeasonalNaive,Ridge,2025-10-01,24,24,0.4899999999999949,0.059120913770769334,0.43087908622922555
2,SeasonalNaive,Ridge,2025-11-01,24,24,1.3499999999999943,0.526539359730549,0.8234606402694453
2,SeasonalNaive,Ridge,2025-12-01,24,24,0.6199999999999903,0.34266830959812467,0.27733169040186567
2,SeasonalNaive,Ridge,2026-01-01,24,24,-0.7299999999999898,-0.5955404842890886,0.1344595157109012
2,SeasonalNaive,Ridge,2026-02-01,24,24,0.2400000000000091,-0.36145304578907655,-0.12145304578906746
2,SeasonalNaive,Ridge,2026-03-01,24,24,0.269999999999996,0.15772066925065076,0.11227933074934526
2,SeasonalNaive,Ridge,2026-04-01,24,24,0.8100000000000023,0.885550586984877,-0.07555058698487471
2,SeasonalNaive,Ridge,2026-05-01,24,24,-0.1599999999999966,0.3524366769258904,-0.19243667692589383
2,SeasonalNaive,Ridge,2026-06-01,24,24,-1.1000000000000085,-0.898373488629332,0.20162651137067655
2,SeasonalNaive,Ridge,2026-07-01,24,24,-0.45999999999999375,-0.6212250366499461,-0.16122503664995236
2,SeasonalNaive,Huber,2024-08-01,24,24,-0.1599999999999966,-0.1637460179564414,-0.0037460179564448026
2,SeasonalNaive,Huber,2024-09-01,24,24,1.1299999999999955,-0.18127398819800078,0.9487260118019947
2,SeasonalNaive,Huber,2024-10-01,24,24,-0.5600000000000023,-0.489592494902908,0.07040750509709426
2,SeasonalNaive,Huber,2024-11-01,24,24,-0.7600000000000051,-1.062093039443809,-0.30209303944380395
2,SeasonalNaive,Huber,2024-12-01,24,24,-0.6199999999999903,-0.013447246392303214,0.6065527536076871
2,SeasonalNaive,Huber,2025-01-01,24,24,0.030000000000001137,0.17349004804887613,-0.143490048048875
2,SeasonalNaive,Huber,2025-02-01,24,24,-0.8100000000000023,-0.4855162199298917,0.3244837800701106
2,SeasonalNaive,Huber,2025-03-01,24,24,-0.28000000000000114,-0.17950802247813158,0.10049197752186956
2,SeasonalNaive,Huber,2025-04-01,24,24,-0.15000000000000568,0.32357482568235696,-0.17357482568235127
2,SeasonalNaive,Huber,2025-05-01,24,24,1.009999999999991,0.5681226301117022,0.44187736988828874
2,SeasonalNaive,Huber,2025-06-01,24,24,0.22000000000001307,0.14439125480072335,0.07560874519928973
2,SeasonalNaive,Huber,2025-07-01,24,24,0.7099999999999937,-0.3634504311384603,0.34654956886153343
2,SeasonalNaive,Huber,2025-08-01,24,24,0.6599999999999966,0.6012636040496488,0.05873639595034774
2,SeasonalNaive,Huber,2025-09-01,24,24,-0.37999999999999545,-0.590513556134681,-0.2105135561346856
2,SeasonalNaive,Huber,2025-10-01,24,24,0.4899999999999949,0.022530901022278726,0.46746909897771616
2,SeasonalNaive,Huber,2025-11-01,24,24,1.3499999999999943,0.5616134896538227,0.7883865103461716
2,SeasonalNaive,Huber,2025-12-01,24,24,0.6199999999999903,0.36968578383121553,0.2503142161687748
2,SeasonalNaive,Huber,2026-01-01,24,24,-0.7299999999999898,-0.6040514701391544,0.12594852986083538
2,SeasonalNaive,Huber,2026-02-01,24,24,0.2400000000000091,-0.6557378452114477,-0.41573784521143864
2,SeasonalNaive,Huber,2026-03-01,24,24,0.269999999999996,0.26434274197997354,0.005657258020022482
2,SeasonalNaive,Huber,2026-04-01,24,24,0.8100000000000023,0.8776357478905794,-0.06763574789057714
2,SeasonalNaive,Huber,2026-05-01,24,24,-0.1599999999999966,0.3350550222066886,-0.175055022206692
2,SeasonalNaive,Huber,2026-06-01,24,24,-1.1000000000000085,-1.0263111695610974,0.07368883043891117
2,SeasonalNaive,Huber,2026-07-01,24,24,-0.45999999999999375,-0.5908282247541194,-0.1308282247541257
2,SeasonalNaive,Micro,2024-08-01,24,24,-0.1599999999999966,0.1577606057404936,0.0022393942595029803
2,SeasonalNaive,Micro,2024-09-01,24,24,1.1299999999999955,-0.28513750105423147,0.844862498945764
2,SeasonalNaive,Micro,2024-10-01,24,24,-0.5600000000000023,-0.4905076537122347,0.06949234628776757
2,SeasonalNaive,Micro,2024-11-01,24,24,-0.7600000000000051,-0.8226286194903131,-0.06262861949030796
2,SeasonalNaive,Micro,2024-12-01,24,24,-0.6199999999999903,-0.2396656209577832,0.3803343790422071
2,SeasonalNaive,Micro,2025-01-01,24,24,0.030000000000001137,-0.0933495885675899,-0.06334958856758877
2,SeasonalNaive,Micro,2025-02-01,24,24,-0.8100000000000023,-0.649895067086484,0.16010493291351824
2,SeasonalNaive,Micro,2025-03-01,24,24,-0.28000000000000114,-0.06089481253059725,0.21910518746940388
2,SeasonalNaive,Micro,2025-04-01,24,24,-0.15000000000000568,0.10344592547834297,0.046554074521662714
2,SeasonalNaive,Micro,2025-05-01,24,24,1.009999999999991,0.6395073480164257,0.3704926519835652
2,SeasonalNaive,Micro,2025-06-01,24,24,0.22000000000001307,0.4230417664513566,-0.20304176645134353
2,SeasonalNaive,Micro,2025-07-01,24,24,0.7099999999999937,0.008884115465470521,0.7011158845345232
2,SeasonalNaive,Micro,2025-08-01,24,24,0.6599999999999966,0.9468324124753517,-0.28683241247535507
2,SeasonalNaive,Micro,2025-09-01,24,24,-0.37999999999999545,-0.5186358004947679,-0.13863580049477242
2,SeasonalNaive,Micro,2025-10-01,24,24,0.4899999999999949,0.11585652990165118,0.3741434700983437
2,SeasonalNaive,Micro,2025-11-01,24,24,1.3499999999999943,0.6214284542502376,0.7285715457497567
2,SeasonalNaive,Micro,2025-12-01,24,24,0.6199999999999903,0.5120667321832407,0.10793326781674961
2,SeasonalNaive,Micro,2026-01-01,24,24,-0.7299999999999898,-0.7247818290950329,0.005218170904956909
2,SeasonalNaive,Micro,2026-02-01,24,24,0.2400000000000091,-0.24592692215996936,-0.005926922159960268
2,SeasonalNaive,Micro,2026-03-01,24,24,0.269999999999996,0.3040044896108397,-0.03400448961084368
2,SeasonalNaive,Micro,2026-04-01,24,24,0.8100000000000023,0.9033040019822451,-0.09330400198224287
2,SeasonalNaive,Micro,2026-05-01,24,24,-0.1599999999999966,0.35824035057673376,-0.19824035057673717
2,SeasonalNaive,Micro,2026-06-01,24,24,-1.1000000000000085,-0.6120347588672845,0.487965241132724
2,SeasonalNaive,Micro,2026-07-01,24,24,-0.45999999999999375,-0.44058566287162365,0.019414337128370096
2,SeasonalNaive,GroupsFixed,2024-08-01,24,24,-0.1599999999999966,0.1717761287672669,-0.0117761287672703
2,SeasonalNaive,GroupsFixed,2024-09-01,24,24,1.1299999999999955,-0.4391098393909475,0.690890160609048
2,SeasonalNaive,GroupsFixed,2024-10-01,24,24,-0.5600000000000023,-0.5633567664424337,-0.003356766442431436
2,SeasonalNaive,GroupsFixed,2024-11-01,24,24,-0.7600000000000051,-0.9372672915904041,-0.177267291590399
2,SeasonalNaive,GroupsFixed,2024-12-01,24,24,-0.6199999999999903,-0.2530849858831903,0.36691501411680005
2,SeasonalNaive,GroupsFixed,2025-01-01,24,24,0.030000000000001137,-0.13138080484995251,-0.10138080484995138
2,SeasonalNaive,GroupsFixed,2025-02-01,24,24,-0.8100000000000023,-0.7186805553055987,0.09131944469440356
2,SeasonalNaive,GroupsFixed,2025-03-01,24,24,-0.28000000000000114,-0.15819579880987256,0.12180420119012858
2,SeasonalNaive,GroupsFixed,2025-04-01,24,24,-0.15000000000000568,0.028254202150180707,0.12174579784982498
2,SeasonalNaive,GroupsFixed,2025-05-01,24,24,1.009999999999991,0.521224761476487,0.4887752385235039
2,SeasonalNaive,GroupsFixed,2025-06-01,24,24,0.22000000000001307,0.3943614844111454,-0.1743614844111323
2,SeasonalNaive,GroupsFixed,2025-07-01,24,24,0.7099999999999937,-0.08232687311682568,0.6276731268831681
2,SeasonalNaive,GroupsFixed,2025-08-01,24,24,0.6599999999999966,0.8982914449825128,-0.2382914449825162
2,SeasonalNaive,GroupsFixed,2025-09-01,24,24,-0.37999999999999545,-0.6595031616347746,-0.2795031616347792
2,SeasonalNaive,GroupsFixed,2025-10-01,24,24,0.4899999999999949,-0.010303090966192086,0.4796969090338028
2,SeasonalNaive,GroupsFixed,2025-11-01,24,24,1.3499999999999943,0.5219376606149245,0.8280623393850698
2,SeasonalNaive,GroupsFixed,2025-12-01,24,24,0.6199999999999903,0.5067673894689295,0.11323261053106082
2,SeasonalNaive,GroupsFixed,2026-01-01,24,24,-0.7299999999999898,-0.7653281778195927,-0.03532817781960296
2,SeasonalNaive,GroupsFixed,2026-02-01,24,24,0.2400000000000091,-0.34531256238740426,-0.10531256238739517
2,SeasonalNaive,GroupsFixed,2026-03-01,24,24,0.269999999999996,0.21987943208061833,0.05012056791937769
2,SeasonalNaive,GroupsFixed,2026-04-01,24,24,0.8100000000000023,0.8016889834288704,0.008311016571131868
2,SeasonalNaive,GroupsFixed,2026-05-01,24,24,-0.1599999999999966,0.27233879258928767,-0.11233879258929108
2,SeasonalNaive,GroupsFixed,2026-06-01,24,24,-1.1000000000000085,-0.7283711289446042,0.3716288710554043
2,SeasonalNaive,GroupsFixed,2026-07-01,24,24,-0.45999999999999375,-0.4943559375918192,-0.034355937591825425
2,SeasonalNaive,GroupsDated,2024-08-01,24,24,-0.1599999999999966,0.1543676531233645,0.005632346876632083
2,SeasonalNaive,GroupsDated,2024-09-01,24,24,1.1299999999999955,-0.45632826649363545,0.67367173350636
2,SeasonalNaive,GroupsDated,2024-10-01,24,24,-0.5600000000000023,-0.5762263803994294,-0.016226380399427143
2,SeasonalNaive,GroupsDated,2024-11-01,24,24,-0.7600000000000051,-0.9479876964319995,-0.18798769643199442
2,SeasonalNaive,GroupsDated,2024-12-01,24,24,-0.6199999999999903,-0.2542850771336638,0.36571492286632656
2,SeasonalNaive,GroupsDated,2025-01-01,24,24,0.030000000000001137,-0.10952406551723826,-0.07952406551723712
2,SeasonalNaive,GroupsDated,2025-02-01,24,24,-0.8100000000000023,-0.6865963851434688,0.1234036148565335
2,SeasonalNaive,GroupsDated,2025-03-01,24,24,-0.28000000000000114,-0.15450233545410297,0.12549766454589817
2,SeasonalNaive,GroupsDated,2025-04-01,24,24,-0.15000000000000568,0.036336132393984255,0.11366386760602143
2,SeasonalNaive,GroupsDated,2025-05-01,24,24,1.009999999999991,0.524237067629236,0.48576293237075485
2,SeasonalNaive,GroupsDated,2025-06-01,24,24,0.22000000000001307,0.3914696938565312,-0.1714696938565181
2,SeasonalNaive,GroupsDated,2025-07-01,24,24,0.7099999999999937,-0.07714768761658586,0.6328523123834079
2,SeasonalNaive,GroupsDated,2025-08-01,24,24,0.6599999999999966,0.8949152613244429,-0.2349152613244463
2,SeasonalNaive,GroupsDated,2025-09-01,24,24,-0.37999999999999545,-0.6698801323438744,-0.289880132343879
2,SeasonalNaive,GroupsDated,2025-10-01,24,24,0.4899999999999949,-0.05564962293295339,0.4343503770670415
2,SeasonalNaive,GroupsDated,2025-11-01,24,24,1.3499999999999943,0.4613377820214821,0.8886622179785122
2,SeasonalNaive,GroupsDated,2025-12-01,24,24,0.6199999999999903,0.45203886477741095,0.16796113522257938
2,SeasonalNaive,GroupsDated,2026-01-01,24,24,-0.7299999999999898,-0.8008778099013505,-0.07087780990136072
2,SeasonalNaive,GroupsDated,2026-02-01,24,24,0.2400000000000091,-0.3725131701473774,-0.1325131701473683
2,SeasonalNaive,GroupsDated,2026-03-01,24,24,0.269999999999996,0.24425695808749026,0.02574304191250576
2,SeasonalNaive,GroupsDated,2026-04-01,24,24,0.8100000000000023,0.8003713110956187,0.00962868890438362
2,SeasonalNaive,GroupsDated,2026-05-01,24,24,-0.1599999999999966,0.2576890108959945,-0.09768901089599791
2,SeasonalNaive,GroupsDated,2026-06-01,24,24,-1.1000000000000085,-0.7326978939706694,0.3673021060293391
2,SeasonalNaive,GroupsDated,2026-07-01,24,24,-0.45999999999999375,-0.4914067241601474,-0.031406724160153665
2,Micro,Ridge,2024-08-01,24,24,0.1577606057404936,-0.22285851280577162,-0.06509790706527802
2,Micro,Ridge,2024-09-01,24,24,-0.28513750105423147,-0.20121432479955104,0.08392317625468043
2,Micro,Ridge,2024-10-01,24,24,-0.4905076537122347,-0.4734329502460497,0.017074703466185004
2,Micro,Ridge,2024-11-01,24,24,-0.8226286194903131,-1.0990772372578874,-0.27644861776757435
2,Micro,Ridge,2024-12-01,24,24,-0.2396656209577832,-0.2990775245643391,-0.059411903606555905
2,Micro,Ridge,2025-01-01,24,24,-0.0933495885675899,0.16567000190184444,-0.07232041333425454
2,Micro,Ridge,2025-02-01,24,24,-0.649895067086484,-0.5884937052548622,0.061401361831621815
2,Micro,Ridge,2025-03-01,24,24,-0.06089481253059725,-0.2701259348715581,-0.20923112234096086
2,Micro,Ridge,2025-04-01,24,24,0.10344592547834297,0.15125234065492066,-0.04780641517657769
2,Micro,Ridge,2025-05-01,24,24,0.6395073480164257,0.5700519700101836,0.06945537800624213
2,Micro,Ridge,2025-06-01,24,24,0.4230417664513566,0.1552308156800848,0.2678109507712718
2,Micro,Ridge,2025-07-01,24,24,0.008884115465470521,-0.33128856564621856,-0.32240445018074804
2,Micro,Ridge,2025-08-01,24,24,0.9468324124753517,0.5389313594252343,0.40790105305011737
2,Micro,Ridge,2025-09-01,24,24,-0.5186358004947679,-0.5865487243131042,-0.06791292381833636
2,Micro,Ridge,2025-10-01,24,24,0.11585652990165118,0.059120913770769334,0.05673561613088185
2,Micro,Ridge,2025-11-01,24,24,0.6214284542502376,0.526539359730549,0.09488909451968863
2,Micro,Ridge,2025-12-01,24,24,0.5120667321832407,0.34266830959812467,0.16939842258511606
2,Micro,Ridge,2026-01-01,24,24,-0.7247818290950329,-0.5955404842890886,0.1292413448059443
2,Micro,Ridge,2026-02-01,24,24,-0.24592692215996936,-0.36145304578907655,-0.11552612362910719
2,Micro,Ridge,2026-03-01,24,24,0.3040044896108397,0.15772066925065076,0.14628382036018894
2,Micro,Ridge,2026-04-01,24,24,0.9033040019822451,0.885550586984877,0.017753414997368155
2,Micro,Ridge,2026-05-01,24,24,0.35824035057673376,0.3524366769258904,0.005803673650843333
2,Micro,Ridge,2026-06-01,24,24,-0.6120347588672845,-0.898373488629332,-0.28633872976204744
2,Micro,Ridge,2026-07-01,24,24,-0.44058566287162365,-0.6212250366499461,-0.18063937377832245
2,Micro,Huber,2024-08-01,24,24,0.1577606057404936,-0.1637460179564414,-0.005985412215947783
2,Micro,Huber,2024-09-01,24,24,-0.28513750105423147,-0.18127398819800078,0.10386351285623069
2,Micro,Huber,2024-10-01,24,24,-0.4905076537122347,-0.489592494902908,0.0009151588093266882
2,Micro,Huber,2024-11-01,24,24,-0.8226286194903131,-1.062093039443809,-0.239464419953496
2,Micro,Huber,2024-12-01,24,24,-0.2396656209577832,-0.013447246392303214,0.22621837456548
2,Micro,Huber,2025-01-01,24,24,-0.0933495885675899,0.17349004804887613,-0.08014045948128623
2,Micro,Huber,2025-02-01,24,24,-0.649895067086484,-0.4855162199298917,0.16437884715659234
2,Micro,Huber,2025-03-01,24,24,-0.06089481253059725,-0.17950802247813158,-0.11861320994753433
2,Micro,Huber,2025-04-01,24,24,0.10344592547834297,0.32357482568235696,-0.220128900204014
2,Micro,Huber,2025-05-01,24,24,0.6395073480164257,0.5681226301117022,0.07138471790472356
2,Micro,Huber,2025-06-01,24,24,0.4230417664513566,0.14439125480072335,0.27865051165063326
2,Micro,Huber,2025-07-01,24,24,0.008884115465470521,-0.3634504311384603,-0.3545663156729898
2,Micro,Huber,2025-08-01,24,24,0.9468324124753517,0.6012636040496488,0.3455688084257028
2,Micro,Huber,2025-09-01,24,24,-0.5186358004947679,-0.590513556134681,-0.07187775563991317
2,Micro,Huber,2025-10-01,24,24,0.11585652990165118,0.022530901022278726,0.09332562887937246
2,Micro,Huber,2025-11-01,24,24,0.6214284542502376,0.5616134896538227,0.05981496459641489
2,Micro,Huber,2025-12-01,24,24,0.5120667321832407,0.36968578383121553,0.1423809483520252
2,Micro,Huber,2026-01-01,24,24,-0.7247818290950329,-0.6040514701391544,0.12073035895587847
2,Micro,Huber,2026-02-01,24,24,-0.24592692215996936,-0.6557378452114477,-0.40981092305147837
2,Micro,Huber,2026-03-01,24,24,0.3040044896108397,0.26434274197997354,0.03966174763086616
2,Micro,Huber,2026-04-01,24,24,0.9033040019822451,0.8776357478905794,0.025668254091665732
2,Micro,Huber,2026-05-01,24,24,0.35824035057673376,0.3350550222066886,0.023185328370045166
2,Micro,Huber,2026-06-01,24,24,-0.6120347588672845,-1.0263111695610974,-0.4142764106938128
2,Micro,Huber,2026-07-01,24,24,-0.44058566287162365,-0.5908282247541194,-0.1502425618824958
2,Micro,SeasonalNaive,2024-08-01,24,24,0.1577606057404936,-0.1599999999999966,-0.0022393942595029803
2,Micro,SeasonalNaive,2024-09-01,24,24,-0.28513750105423147,1.1299999999999955,-0.844862498945764
2,Micro,SeasonalNaive,2024-10-01,24,24,-0.4905076537122347,-0.5600000000000023,-0.06949234628776757
2,Micro,SeasonalNaive,2024-11-01,24,24,-0.8226286194903131,-0.7600000000000051,0.06262861949030796
2,Micro,SeasonalNaive,2024-12-01,24,24,-0.2396656209577832,-0.6199999999999903,-0.3803343790422071
2,Micro,SeasonalNaive,2025-01-01,24,24,-0.0933495885675899,0.030000000000001137,0.06334958856758877
2,Micro,SeasonalNaive,2025-02-01,24,24,-0.649895067086484,-0.8100000000000023,-0.16010493291351824
2,Micro,SeasonalNaive,2025-03-01,24,24,-0.06089481253059725,-0.28000000000000114,-0.21910518746940388
2,Micro,SeasonalNaive,2025-04-01,24,24,0.10344592547834297,-0.15000000000000568,-0.046554074521662714
2,Micro,SeasonalNaive,2025-05-01,24,24,0.6395073480164257,1.009999999999991,-0.3704926519835652
2,Micro,SeasonalNaive,2025-06-01,24,24,0.4230417664513566,0.22000000000001307,0.20304176645134353
2,Micro,SeasonalNaive,2025-07-01,24,24,0.008884115465470521,0.7099999999999937,-0.7011158845345232
2,Micro,SeasonalNaive,2025-08-01,24,24,0.9468324124753517,0.6599999999999966,0.28683241247535507
2,Micro,SeasonalNaive,2025-09-01,24,24,-0.5186358004947679,-0.37999999999999545,0.13863580049477242
2,Micro,SeasonalNaive,2025-10-01,24,24,0.11585652990165118,0.4899999999999949,-0.3741434700983437
2,Micro,SeasonalNaive,2025-11-01,24,24,0.6214284542502376,1.3499999999999943,-0.7285715457497567
2,Micro,SeasonalNaive,2025-12-01,24,24,0.5120667321832407,0.6199999999999903,-0.10793326781674961
2,Micro,SeasonalNaive,2026-01-01,24,24,-0.7247818290950329,-0.7299999999999898,-0.005218170904956909
2,Micro,SeasonalNaive,2026-02-01,24,24,-0.24592692215996936,0.2400000000000091,0.005926922159960268
2,Micro,SeasonalNaive,2026-03-01,24,24,0.3040044896108397,0.269999999999996,0.03400448961084368
2,Micro,SeasonalNaive,2026-04-01,24,24,0.9033040019822451,0.8100000000000023,0.09330400198224287
2,Micro,SeasonalNaive,2026-05-01,24,24,0.35824035057673376,-0.1599999999999966,0.19824035057673717
2,Micro,SeasonalNaive,2026-06-01,24,24,-0.6120347588672845,-1.1000000000000085,-0.487965241132724
2,Micro,SeasonalNaive,2026-07-01,24,24,-0.44058566287162365,-0.45999999999999375,-0.019414337128370096
2,Micro,GroupsFixed,2024-08-01,24,24,0.1577606057404936,0.1717761287672669,-0.01401552302677328
2,Micro,GroupsFixed,2024-09-01,24,24,-0.28513750105423147,-0.4391098393909475,-0.15397233833671603
2,Micro,GroupsFixed,2024-10-01,24,24,-0.4905076537122347,-0.5633567664424337,-0.072849112730199
2,Micro,GroupsFixed,2024-11-01,24,24,-0.8226286194903131,-0.9372672915904041,-0.11463867210009104
2,Micro,GroupsFixed,2024-12-01,24,24,-0.2396656209577832,-0.2530849858831903,-0.013419364925407073
2,Micro,GroupsFixed,2025-01-01,24,24,-0.0933495885675899,-0.13138080484995251,-0.03803121628236261
2,Micro,GroupsFixed,2025-02-01,24,24,-0.649895067086484,-0.7186805553055987,-0.06878548821911468
2,Micro,GroupsFixed,2025-03-01,24,24,-0.06089481253059725,-0.15819579880987256,-0.0973009862792753
2,Micro,GroupsFixed,2025-04-01,24,24,0.10344592547834297,0.028254202150180707,0.07519172332816226
2,Micro,GroupsFixed,2025-05-01,24,24,0.6395073480164257,0.521224761476487,0.11828258653993873
2,Micro,GroupsFixed,2025-06-01,24,24,0.4230417664513566,0.3943614844111454,0.028680282040211225
2,Micro,GroupsFixed,2025-07-01,24,24,0.008884115465470521,-0.08232687311682568,-0.07344275765135516
2,Micro,GroupsFixed,2025-08-01,24,24,0.9468324124753517,0.8982914449825128,0.04854096749283887
2,Micro,GroupsFixed,2025-09-01,24,24,-0.5186358004947679,-0.6595031616347746,-0.14086736114000675
2,Micro,GroupsFixed,2025-10-01,24,24,0.11585652990165118,-0.010303090966192086,0.1055534389354591
2,Micro,GroupsFixed,2025-11-01,24,24,0.6214284542502376,0.5219376606149245,0.0994907936353131
2,Micro,GroupsFixed,2025-12-01,24,24,0.5120667321832407,0.5067673894689295,0.005299342714311206
2,Micro,GroupsFixed,2026-01-01,24,24,-0.7247818290950329,-0.7653281778195927,-0.040546348724559866
2,Micro,GroupsFixed,2026-02-01,24,24,-0.24592692215996936,-0.34531256238740426,-0.0993856402274349
2,Micro,GroupsFixed,2026-03-01,24,24,0.3040044896108397,0.21987943208061833,0.08412505753022137
2,Micro,GroupsFixed,2026-04-01,24,24,0.9033040019822451,0.8016889834288704,0.10161501855337474
2,Micro,GroupsFixed,2026-05-01,24,24,0.35824035057673376,0.27233879258928767,0.08590155798744609
2,Micro,GroupsFixed,2026-06-01,24,24,-0.6120347588672845,-0.7283711289446042,-0.11633637007731967
2,Micro,GroupsFixed,2026-07-01,24,24,-0.44058566287162365,-0.4943559375918192,-0.05377027472019552
2,Micro,GroupsDated,2024-08-01,24,24,0.1577606057404936,0.1543676531233645,0.0033929526171291025
2,Micro,GroupsDated,2024-09-01,24,24,-0.28513750105423147,-0.45632826649363545,-0.17119076543940398
2,Micro,GroupsDated,2024-10-01,24,24,-0.4905076537122347,-0.5762263803994294,-0.08571872668719471
2,Micro,GroupsDated,2024-11-01,24,24,-0.8226286194903131,-0.9479876964319995,-0.12535907694168646
2,Micro,GroupsDated,2024-12-01,24,24,-0.2396656209577832,-0.2542850771336638,-0.014619456175880563
2,Micro,GroupsDated,2025-01-01,24,24,-0.0933495885675899,-0.10952406551723826,-0.016174476949648353
2,Micro,GroupsDated,2025-02-01,24,24,-0.649895067086484,-0.6865963851434688,-0.03670131805698473
2,Micro,GroupsDated,2025-03-01,24,24,-0.06089481253059725,-0.15450233545410297,-0.09360752292350571
2,Micro,GroupsDated,2025-04-01,24,24,0.10344592547834297,0.036336132393984255,0.06710979308435872
2,Micro,GroupsDated,2025-05-01,24,24,0.6395073480164257,0.524237067629236,0.11527028038718967
2,Micro,GroupsDated,2025-06-01,24,24,0.4230417664513566,0.3914696938565312,0.03157207259482542
2,Micro,GroupsDated,2025-07-01,24,24,0.008884115465470521,-0.07714768761658586,-0.06826357215111534
2,Micro,GroupsDated,2025-08-01,24,24,0.9468324124753517,0.8949152613244429,0.05191715115090878
2,Micro,GroupsDated,2025-09-01,24,24,-0.5186358004947679,-0.6698801323438744,-0.15124433184910657
2,Micro,GroupsDated,2025-10-01,24,24,0.11585652990165118,-0.05564962293295339,0.06020690696869779
2,Micro,GroupsDated,2025-11-01,24,24,0.6214284542502376,0.4613377820214821,0.1600906722287555
2,Micro,GroupsDated,2025-12-01,24,24,0.5120667321832407,0.45203886477741095,0.06002786740582977
2,Micro,GroupsDated,2026-01-01,24,24,-0.7247818290950329,-0.8008778099013505,-0.07609598080631763
2,Micro,GroupsDated,2026-02-01,24,24,-0.24592692215996936,-0.3725131701473774,-0.12658624798740803
2,Micro,GroupsDated,2026-03-01,24,24,0.3040044896108397,0.24425695808749026,0.05974753152334944
2,Micro,GroupsDated,2026-04-01,24,24,0.9033040019822451,0.8003713110956187,0.10293269088662649
2,Micro,GroupsDated,2026-05-01,24,24,0.35824035057673376,0.2576890108959945,0.10055133968073926
2,Micro,GroupsDated,2026-06-01,24,24,-0.6120347588672845,-0.7326978939706694,-0.12066313510338489
2,Micro,GroupsDated,2026-07-01,24,24,-0.44058566287162365,-0.4914067241601474,-0.05082106128852376
2,GroupsFixed,Ridge,2024-08-01,24,24,0.1717761287672669,-0.22285851280577162,-0.051082384038504736
2,GroupsFixed,Ridge,2024-09-01,24,24,-0.4391098393909475,-0.20121432479955104,0.23789551459139646
2,GroupsFixed,Ridge,2024-10-01,24,24,-0.5633567664424337,-0.4734329502460497,0.08992381619638401
2,GroupsFixed,Ridge,2024-11-01,24,24,-0.9372672915904041,-1.0990772372578874,-0.1618099456674833
2,GroupsFixed,Ridge,2024-12-01,24,24,-0.2530849858831903,-0.2990775245643391,-0.04599253868114883
2,GroupsFixed,Ridge,2025-01-01,24,24,-0.13138080484995251,0.16567000190184444,-0.03428919705189193
2,GroupsFixed,Ridge,2025-02-01,24,24,-0.7186805553055987,-0.5884937052548622,0.1301868500507365
2,GroupsFixed,Ridge,2025-03-01,24,24,-0.15819579880987256,-0.2701259348715581,-0.11193013606168556
2,GroupsFixed,Ridge,2025-04-01,24,24,0.028254202150180707,0.15125234065492066,-0.12299813850473995
2,GroupsFixed,Ridge,2025-05-01,24,24,0.521224761476487,0.5700519700101836,-0.0488272085336966
2,GroupsFixed,Ridge,2025-06-01,24,24,0.3943614844111454,0.1552308156800848,0.2391306687310606
2,GroupsFixed,Ridge,2025-07-01,24,24,-0.08232687311682568,-0.33128856564621856,-0.24896169252939288
2,GroupsFixed,Ridge,2025-08-01,24,24,0.8982914449825128,0.5389313594252343,0.3593600855572785
2,GroupsFixed,Ridge,2025-09-01,24,24,-0.6595031616347746,-0.5865487243131042,0.0729544373216704
2,GroupsFixed,Ridge,2025-10-01,24,24,-0.010303090966192086,0.059120913770769334,-0.04881782280457725
2,GroupsFixed,Ridge,2025-11-01,24,24,0.5219376606149245,0.526539359730549,-0.004601699115624469
2,GroupsFixed,Ridge,2025-12-01,24,24,0.5067673894689295,0.34266830959812467,0.16409907987080485
2,GroupsFixed,Ridge,2026-01-01,24,24,-0.7653281778195927,-0.5955404842890886,0.16978769353050416
2,GroupsFixed,Ridge,2026-02-01,24,24,-0.34531256238740426,-0.36145304578907655,-0.01614048340167229
2,GroupsFixed,Ridge,2026-03-01,24,24,0.21987943208061833,0.15772066925065076,0.06215876282996757
2,GroupsFixed,Ridge,2026-04-01,24,24,0.8016889834288704,0.885550586984877,-0.08386160355600658
2,GroupsFixed,Ridge,2026-05-01,24,24,0.27233879258928767,0.3524366769258904,-0.08009788433660275
2,GroupsFixed,Ridge,2026-06-01,24,24,-0.7283711289446042,-0.898373488629332,-0.17000235968472777
2,GroupsFixed,Ridge,2026-07-01,24,24,-0.4943559375918192,-0.6212250366499461,-0.12686909905812693
2,GroupsFixed,Huber,2024-08-01,24,24,0.1717761287672669,-0.1637460179564414,0.008030110810825497
2,GroupsFixed,Huber,2024-09-01,24,24,-0.4391098393909475,-0.18127398819800078,0.2578358511929467
2,GroupsFixed,Huber,2024-10-01,24,24,-0.5633567664424337,-0.489592494902908,0.0737642715395257
2,GroupsFixed,Huber,2024-11-01,24,24,-0.9372672915904041,-1.062093039443809,-0.12482574785340494
2,GroupsFixed,Huber,2024-12-01,24,24,-0.2530849858831903,-0.013447246392303214,0.23963773949088707
2,GroupsFixed,Huber,2025-01-01,24,24,-0.13138080484995251,0.17349004804887613,-0.04210924319892362
2,GroupsFixed,Huber,2025-02-01,24,24,-0.7186805553055987,-0.4855162199298917,0.23316433537570702
2,GroupsFixed,Huber,2025-03-01,24,24,-0.15819579880987256,-0.17950802247813158,-0.021312223668259023
2,GroupsFixed,Huber,2025-04-01,24,24,0.028254202150180707,0.32357482568235696,-0.29532062353217625
2,GroupsFixed,Huber,2025-05-01,24,24,0.521224761476487,0.5681226301117022,-0.04689786863521517
2,GroupsFixed,Huber,2025-06-01,24,24,0.3943614844111454,0.14439125480072335,0.24997022961042203
2,GroupsFixed,Huber,2025-07-01,24,24,-0.08232687311682568,-0.3634504311384603,-0.28112355802163463
2,GroupsFixed,Huber,2025-08-01,24,24,0.8982914449825128,0.6012636040496488,0.29702784093286394
2,GroupsFixed,Huber,2025-09-01,24,24,-0.6595031616347746,-0.590513556134681,0.06898960550009359
2,GroupsFixed,Huber,2025-10-01,24,24,-0.010303090966192086,0.022530901022278726,-0.012227810056086641
2,GroupsFixed,Huber,2025-11-01,24,24,0.5219376606149245,0.5616134896538227,-0.039675829038898214
2,GroupsFixed,Huber,2025-12-01,24,24,0.5067673894689295,0.36968578383121553,0.137081605637714
2,GroupsFixed,Huber,2026-01-01,24,24,-0.7653281778195927,-0.6040514701391544,0.16127670768043834
2,GroupsFixed,Huber,2026-02-01,24,24,-0.34531256238740426,-0.6557378452114477,-0.31042528282404347
2,GroupsFixed,Huber,2026-03-01,24,24,0.21987943208061833,0.26434274197997354,-0.04446330989935521
2,GroupsFixed,Huber,2026-04-01,24,24,0.8016889834288704,0.8776357478905794,-0.075946764461709
2,GroupsFixed,Huber,2026-05-01,24,24,0.27233879258928767,0.3350550222066886,-0.06271622961740092
2,GroupsFixed,Huber,2026-06-01,24,24,-0.7283711289446042,-1.0263111695610974,-0.29794004061649315
2,GroupsFixed,Huber,2026-07-01,24,24,-0.4943559375918192,-0.5908282247541194,-0.09647228716230027
2,GroupsFixed,SeasonalNaive,2024-08-01,24,24,0.1717761287672669,-0.1599999999999966,0.0117761287672703
2,GroupsFixed,SeasonalNaive,2024-09-01,24,24,-0.4391098393909475,1.1299999999999955,-0.690890160609048
2,GroupsFixed,SeasonalNaive,2024-10-01,24,24,-0.5633567664424337,-0.5600000000000023,0.003356766442431436
2,GroupsFixed,SeasonalNaive,2024-11-01,24,24,-0.9372672915904041,-0.7600000000000051,0.177267291590399
2,GroupsFixed,SeasonalNaive,2024-12-01,24,24,-0.2530849858831903,-0.6199999999999903,-0.36691501411680005
2,GroupsFixed,SeasonalNaive,2025-01-01,24,24,-0.13138080484995251,0.030000000000001137,0.10138080484995138
2,GroupsFixed,SeasonalNaive,2025-02-01,24,24,-0.7186805553055987,-0.8100000000000023,-0.09131944469440356
2,GroupsFixed,SeasonalNaive,2025-03-01,24,24,-0.15819579880987256,-0.28000000000000114,-0.12180420119012858
2,GroupsFixed,SeasonalNaive,2025-04-01,24,24,0.028254202150180707,-0.15000000000000568,-0.12174579784982498
2,GroupsFixed,SeasonalNaive,2025-05-01,24,24,0.521224761476487,1.009999999999991,-0.4887752385235039
2,GroupsFixed,SeasonalNaive,2025-06-01,24,24,0.3943614844111454,0.22000000000001307,0.1743614844111323
2,GroupsFixed,SeasonalNaive,2025-07-01,24,24,-0.08232687311682568,0.7099999999999937,-0.6276731268831681
2,GroupsFixed,SeasonalNaive,2025-08-01,24,24,0.8982914449825128,0.6599999999999966,0.2382914449825162
2,GroupsFixed,SeasonalNaive,2025-09-01,24,24,-0.6595031616347746,-0.37999999999999545,0.2795031616347792
2,GroupsFixed,SeasonalNaive,2025-10-01,24,24,-0.010303090966192086,0.4899999999999949,-0.4796969090338028
2,GroupsFixed,SeasonalNaive,2025-11-01,24,24,0.5219376606149245,1.3499999999999943,-0.8280623393850698
2,GroupsFixed,SeasonalNaive,2025-12-01,24,24,0.5067673894689295,0.6199999999999903,-0.11323261053106082
2,GroupsFixed,SeasonalNaive,2026-01-01,24,24,-0.7653281778195927,-0.7299999999999898,0.03532817781960296
2,GroupsFixed,SeasonalNaive,2026-02-01,24,24,-0.34531256238740426,0.2400000000000091,0.10531256238739517
2,GroupsFixed,SeasonalNaive,2026-03-01,24,24,0.21987943208061833,0.269999999999996,-0.05012056791937769
2,GroupsFixed,SeasonalNaive,2026-04-01,24,24,0.8016889834288704,0.8100000000000023,-0.008311016571131868
2,GroupsFixed,SeasonalNaive,2026-05-01,24,24,0.27233879258928767,-0.1599999999999966,0.11233879258929108
2,GroupsFixed,SeasonalNaive,2026-06-01,24,24,-0.7283711289446042,-1.1000000000000085,-0.3716288710554043
2,GroupsFixed,SeasonalNaive,2026-07-01,24,24,-0.4943559375918192,-0.45999999999999375,0.034355937591825425
2,GroupsFixed,Micro,2024-08-01,24,24,0.1717761287672669,0.1577606057404936,0.01401552302677328
2,GroupsFixed,Micro,2024-09-01,24,24,-0.4391098393909475,-0.28513750105423147,0.15397233833671603
2,GroupsFixed,Micro,2024-10-01,24,24,-0.5633567664424337,-0.4905076537122347,0.072849112730199
2,GroupsFixed,Micro,2024-11-01,24,24,-0.9372672915904041,-0.8226286194903131,0.11463867210009104
2,GroupsFixed,Micro,2024-12-01,24,24,-0.2530849858831903,-0.2396656209577832,0.013419364925407073
2,GroupsFixed,Micro,2025-01-01,24,24,-0.13138080484995251,-0.0933495885675899,0.03803121628236261
2,GroupsFixed,Micro,2025-02-01,24,24,-0.7186805553055987,-0.649895067086484,0.06878548821911468
2,GroupsFixed,Micro,2025-03-01,24,24,-0.15819579880987256,-0.06089481253059725,0.0973009862792753
2,GroupsFixed,Micro,2025-04-01,24,24,0.028254202150180707,0.10344592547834297,-0.07519172332816226
2,GroupsFixed,Micro,2025-05-01,24,24,0.521224761476487,0.6395073480164257,-0.11828258653993873
2,GroupsFixed,Micro,2025-06-01,24,24,0.3943614844111454,0.4230417664513566,-0.028680282040211225
2,GroupsFixed,Micro,2025-07-01,24,24,-0.08232687311682568,0.008884115465470521,0.07344275765135516
2,GroupsFixed,Micro,2025-08-01,24,24,0.8982914449825128,0.9468324124753517,-0.04854096749283887
2,GroupsFixed,Micro,2025-09-01,24,24,-0.6595031616347746,-0.5186358004947679,0.14086736114000675
2,GroupsFixed,Micro,2025-10-01,24,24,-0.010303090966192086,0.11585652990165118,-0.1055534389354591
2,GroupsFixed,Micro,2025-11-01,24,24,0.5219376606149245,0.6214284542502376,-0.0994907936353131
2,GroupsFixed,Micro,2025-12-01,24,24,0.5067673894689295,0.5120667321832407,-0.005299342714311206
2,GroupsFixed,Micro,2026-01-01,24,24,-0.7653281778195927,-0.7247818290950329,0.040546348724559866
2,GroupsFixed,Micro,2026-02-01,24,24,-0.34531256238740426,-0.24592692215996936,0.0993856402274349
2,GroupsFixed,Micro,2026-03-01,24,24,0.21987943208061833,0.3040044896108397,-0.08412505753022137
2,GroupsFixed,Micro,2026-04-01,24,24,0.8016889834288704,0.9033040019822451,-0.10161501855337474
2,GroupsFixed,Micro,2026-05-01,24,24,0.27233879258928767,0.35824035057673376,-0.08590155798744609
2,GroupsFixed,Micro,2026-06-01,24,24,-0.7283711289446042,-0.6120347588672845,0.11633637007731967
2,GroupsFixed,Micro,2026-07-01,24,24,-0.4943559375918192,-0.44058566287162365,0.05377027472019552
2,GroupsFixed,GroupsDated,2024-08-01,24,24,0.1717761287672669,0.1543676531233645,0.017408475643902382
2,GroupsFixed,GroupsDated,2024-09-01,24,24,-0.4391098393909475,-0.45632826649363545,-0.01721842710268795
2,GroupsFixed,GroupsDated,2024-10-01,24,24,-0.5633567664424337,-0.5762263803994294,-0.012869613956995707
2,GroupsFixed,GroupsDated,2024-11-01,24,24,-0.9372672915904041,-0.9479876964319995,-0.010720404841595421
2,GroupsFixed,GroupsDated,2024-12-01,24,24,-0.2530849858831903,-0.2542850771336638,-0.0012000912504734895
2,GroupsFixed,GroupsDated,2025-01-01,24,24,-0.13138080484995251,-0.10952406551723826,0.02185673933271426
2,GroupsFixed,GroupsDated,2025-02-01,24,24,-0.7186805553055987,-0.6865963851434688,0.032084170162129944
2,GroupsFixed,GroupsDated,2025-03-01,24,24,-0.15819579880987256,-0.15450233545410297,0.0036934633557695884
2,GroupsFixed,GroupsDated,2025-04-01,24,24,0.028254202150180707,0.036336132393984255,-0.008081930243803548
2,GroupsFixed,GroupsDated,2025-05-01,24,24,0.521224761476487,0.524237067629236,-0.0030123061527490558
2,GroupsFixed,GroupsDated,2025-06-01,24,24,0.3943614844111454,0.3914696938565312,0.002891790554614193
2,GroupsFixed,GroupsDated,2025-07-01,24,24,-0.08232687311682568,-0.07714768761658586,0.005179185500239825
2,GroupsFixed,GroupsDated,2025-08-01,24,24,0.8982914449825128,0.8949152613244429,0.003376183658069909
2,GroupsFixed,GroupsDated,2025-09-01,24,24,-0.6595031616347746,-0.6698801323438744,-0.01037697070909982
2,GroupsFixed,GroupsDated,2025-10-01,24,24,-0.010303090966192086,-0.05564962293295339,-0.045346531966761305
2,GroupsFixed,GroupsDated,2025-11-01,24,24,0.5219376606149245,0.4613377820214821,0.0605998785934424
2,GroupsFixed,GroupsDated,2025-12-01,24,24,0.5067673894689295,0.45203886477741095,0.054728524691518565
2,GroupsFixed,GroupsDated,2026-01-01,24,24,-0.7653281778195927,-0.8008778099013505,-0.035549632081757765
2,GroupsFixed,GroupsDated,2026-02-01,24,24,-0.34531256238740426,-0.3725131701473774,-0.027200607759973128
2,GroupsFixed,GroupsDated,2026-03-01,24,24,0.21987943208061833,0.24425695808749026,-0.02437752600687193
2,GroupsFixed,GroupsDated,2026-04-01,24,24,0.8016889834288704,0.8003713110956187,0.0013176723332517515
2,GroupsFixed,GroupsDated,2026-05-01,24,24,0.27233879258928767,0.2576890108959945,0.014649781693293173
2,GroupsFixed,GroupsDated,2026-06-01,24,24,-0.7283711289446042,-0.7326978939706694,-0.004326765026065216
2,GroupsFixed,GroupsDated,2026-07-01,24,24,-0.4943559375918192,-0.4914067241601474,0.00294921343167176
2,GroupsDated,Ridge,2024-08-01,24,24,0.1543676531233645,-0.22285851280577162,-0.06849085968240712
2,GroupsDated,Ridge,2024-09-01,24,24,-0.45632826649363545,-0.20121432479955104,0.2551139416940844
2,GroupsDated,Ridge,2024-10-01,24,24,-0.5762263803994294,-0.4734329502460497,0.10279343015337972
2,GroupsDated,Ridge,2024-11-01,24,24,-0.9479876964319995,-1.0990772372578874,-0.15108954082588788
2,GroupsDated,Ridge,2024-12-01,24,24,-0.2542850771336638,-0.2990775245643391,-0.04479244743067534
2,GroupsDated,Ridge,2025-01-01,24,24,-0.10952406551723826,0.16567000190184444,-0.05614593638460619
2,GroupsDated,Ridge,2025-02-01,24,24,-0.6865963851434688,-0.5884937052548622,0.09810267988860655
2,GroupsDated,Ridge,2025-03-01,24,24,-0.15450233545410297,-0.2701259348715581,-0.11562359941745515
2,GroupsDated,Ridge,2025-04-01,24,24,0.036336132393984255,0.15125234065492066,-0.1149162082609364
2,GroupsDated,Ridge,2025-05-01,24,24,0.524237067629236,0.5700519700101836,-0.04581490238094754
2,GroupsDated,Ridge,2025-06-01,24,24,0.3914696938565312,0.1552308156800848,0.2362388781764464
2,GroupsDated,Ridge,2025-07-01,24,24,-0.07714768761658586,-0.33128856564621856,-0.2541408780296327
2,GroupsDated,Ridge,2025-08-01,24,24,0.8949152613244429,0.5389313594252343,0.3559839018992086
2,GroupsDated,Ridge,2025-09-01,24,24,-0.6698801323438744,-0.5865487243131042,0.08333140803077022
2,GroupsDated,Ridge,2025-10-01,24,24,-0.05564962293295339,0.059120913770769334,-0.0034712908378159435
2,GroupsDated,Ridge,2025-11-01,24,24,0.4613377820214821,0.526539359730549,-0.06520157770906687
2,GroupsDated,Ridge,2025-12-01,24,24,0.45203886477741095,0.34266830959812467,0.10937055517928629
2,GroupsDated,Ridge,2026-01-01,24,24,-0.8008778099013505,-0.5955404842890886,0.20533732561226192
2,GroupsDated,Ridge,2026-02-01,24,24,-0.3725131701473774,-0.36145304578907655,0.011060124358300838
2,GroupsDated,Ridge,2026-03-01,24,24,0.24425695808749026,0.15772066925065076,0.0865362888368395
2,GroupsDated,Ridge,2026-04-01,24,24,0.8003713110956187,0.885550586984877,-0.08517927588925833
2,GroupsDated,Ridge,2026-05-01,24,24,0.2576890108959945,0.3524366769258904,-0.09474766602989593
2,GroupsDated,Ridge,2026-06-01,24,24,-0.7326978939706694,-0.898373488629332,-0.16567559465866255
2,GroupsDated,Ridge,2026-07-01,24,24,-0.4914067241601474,-0.6212250366499461,-0.1298183124897987
2,GroupsDated,Huber,2024-08-01,24,24,0.1543676531233645,-0.1637460179564414,-0.009378364833076885
2,GroupsDated,Huber,2024-09-01,24,24,-0.45632826649363545,-0.18127398819800078,0.27505427829563467
2,GroupsDated,Huber,2024-10-01,24,24,-0.5762263803994294,-0.489592494902908,0.0866338854965214
2,GroupsDated,Huber,2024-11-01,24,24,-0.9479876964319995,-1.062093039443809,-0.11410534301180952
2,GroupsDated,Huber,2024-12-01,24,24,-0.2542850771336638,-0.013447246392303214,0.24083783074136056
2,GroupsDated,Huber,2025-01-01,24,24,-0.10952406551723826,0.17349004804887613,-0.06396598253163788
2,GroupsDated,Huber,2025-02-01,24,24,-0.6865963851434688,-0.4855162199298917,0.20108016521357708
2,GroupsDated,Huber,2025-03-01,24,24,-0.15450233545410297,-0.17950802247813158,-0.02500568702402861
2,GroupsDated,Huber,2025-04-01,24,24,0.036336132393984255,0.32357482568235696,-0.2872386932883727
2,GroupsDated,Huber,2025-05-01,24,24,0.524237067629236,0.5681226301117022,-0.04388556248246611
2,GroupsDated,Huber,2025-06-01,24,24,0.3914696938565312,0.14439125480072335,0.24707843905580784
2,GroupsDated,Huber,2025-07-01,24,24,-0.07714768761658586,-0.3634504311384603,-0.28630274352187446
2,GroupsDated,Huber,2025-08-01,24,24,0.8949152613244429,0.6012636040496488,0.29365165727479403
2,GroupsDated,Huber,2025-09-01,24,24,-0.6698801323438744,-0.590513556134681,0.0793665762091934
2,GroupsDated,Huber,2025-10-01,24,24,-0.05564962293295339,0.022530901022278726,0.033118721910674664
2,GroupsDated,Huber,2025-11-01,24,24,0.4613377820214821,0.5616134896538227,-0.10027570763234062
2,GroupsDated,Huber,2025-12-01,24,24,0.45203886477741095,0.36968578383121553,0.08235308094619542
2,GroupsDated,Huber,2026-01-01,24,24,-0.8008778099013505,-0.6040514701391544,0.1968263397621961
2,GroupsDated,Huber,2026-02-01,24,24,-0.3725131701473774,-0.6557378452114477,-0.28322467506407034
2,GroupsDated,Huber,2026-03-01,24,24,0.24425695808749026,0.26434274197997354,-0.020085783892483278
2,GroupsDated,Huber,2026-04-01,24,24,0.8003713110956187,0.8776357478905794,-0.07726443679496076
2,GroupsDated,Huber,2026-05-01,24,24,0.2576890108959945,0.3350550222066886,-0.0773660113106941
2,GroupsDated,Huber,2026-06-01,24,24,-0.7326978939706694,-1.0263111695610974,-0.29361327559042794
2,GroupsDated,Huber,2026-07-01,24,24,-0.4914067241601474,-0.5908282247541194,-0.09942150059397203
2,GroupsDated,SeasonalNaive,2024-08-01,24,24,0.1543676531233645,-0.1599999999999966,-0.005632346876632083
2,GroupsDated,SeasonalNaive,2024-09-01,24,24,-0.45632826649363545,1.1299999999999955,-0.67367173350636
2,GroupsDated,SeasonalNaive,2024-10-01,24,24,-0.5762263803994294,-0.5600000000000023,0.016226380399427143
2,GroupsDated,SeasonalNaive,2024-11-01,24,24,-0.9479876964319995,-0.7600000000000051,0.18798769643199442
2,GroupsDated,SeasonalNaive,2024-12-01,24,24,-0.2542850771336638,-0.6199999999999903,-0.36571492286632656
2,GroupsDated,SeasonalNaive,2025-01-01,24,24,-0.10952406551723826,0.030000000000001137,0.07952406551723712
2,GroupsDated,SeasonalNaive,2025-02-01,24,24,-0.6865963851434688,-0.8100000000000023,-0.1234036148565335
2,GroupsDated,SeasonalNaive,2025-03-01,24,24,-0.15450233545410297,-0.28000000000000114,-0.12549766454589817
2,GroupsDated,SeasonalNaive,2025-04-01,24,24,0.036336132393984255,-0.15000000000000568,-0.11366386760602143
2,GroupsDated,SeasonalNaive,2025-05-01,24,24,0.524237067629236,1.009999999999991,-0.48576293237075485
2,GroupsDated,SeasonalNaive,2025-06-01,24,24,0.3914696938565312,0.22000000000001307,0.1714696938565181
2,GroupsDated,SeasonalNaive,2025-07-01,24,24,-0.07714768761658586,0.7099999999999937,-0.6328523123834079
2,GroupsDated,SeasonalNaive,2025-08-01,24,24,0.8949152613244429,0.6599999999999966,0.2349152613244463
2,GroupsDated,SeasonalNaive,2025-09-01,24,24,-0.6698801323438744,-0.37999999999999545,0.289880132343879
2,GroupsDated,SeasonalNaive,2025-10-01,24,24,-0.05564962293295339,0.4899999999999949,-0.4343503770670415
2,GroupsDated,SeasonalNaive,2025-11-01,24,24,0.4613377820214821,1.3499999999999943,-0.8886622179785122
2,GroupsDated,SeasonalNaive,2025-12-01,24,24,0.45203886477741095,0.6199999999999903,-0.16796113522257938
2,GroupsDated,SeasonalNaive,2026-01-01,24,24,-0.8008778099013505,-0.7299999999999898,0.07087780990136072
2,GroupsDated,SeasonalNaive,2026-02-01,24,24,-0.3725131701473774,0.2400000000000091,0.1325131701473683
2,GroupsDated,SeasonalNaive,2026-03-01,24,24,0.24425695808749026,0.269999999999996,-0.02574304191250576
2,GroupsDated,SeasonalNaive,2026-04-01,24,24,0.8003713110956187,0.8100000000000023,-0.00962868890438362
2,GroupsDated,SeasonalNaive,2026-05-01,24,24,0.2576890108959945,-0.1599999999999966,0.09768901089599791
2,GroupsDated,SeasonalNaive,2026-06-01,24,24,-0.7326978939706694,-1.1000000000000085,-0.3673021060293391
2,GroupsDated,SeasonalNaive,2026-07-01,24,24,-0.4914067241601474,-0.45999999999999375,0.031406724160153665
2,GroupsDated,Micro,2024-08-01,24,24,0.1543676531233645,0.1577606057404936,-0.0033929526171291025
2,GroupsDated,Micro,2024-09-01,24,24,-0.45632826649363545,-0.28513750105423147,0.17119076543940398
2,GroupsDated,Micro,2024-10-01,24,24,-0.5762263803994294,-0.4905076537122347,0.08571872668719471
2,GroupsDated,Micro,2024-11-01,24,24,-0.9479876964319995,-0.8226286194903131,0.12535907694168646
2,GroupsDated,Micro,2024-12-01,24,24,-0.2542850771336638,-0.2396656209577832,0.014619456175880563
2,GroupsDated,Micro,2025-01-01,24,24,-0.10952406551723826,-0.0933495885675899,0.016174476949648353
2,GroupsDated,Micro,2025-02-01,24,24,-0.6865963851434688,-0.649895067086484,0.03670131805698473
2,GroupsDated,Micro,2025-03-01,24,24,-0.15450233545410297,-0.06089481253059725,0.09360752292350571
2,GroupsDated,Micro,2025-04-01,24,24,0.036336132393984255,0.10344592547834297,-0.06710979308435872
2,GroupsDated,Micro,2025-05-01,24,24,0.524237067629236,0.6395073480164257,-0.11527028038718967
2,GroupsDated,Micro,2025-06-01,24,24,0.3914696938565312,0.4230417664513566,-0.03157207259482542
2,GroupsDated,Micro,2025-07-01,24,24,-0.07714768761658586,0.008884115465470521,0.06826357215111534
2,GroupsDated,Micro,2025-08-01,24,24,0.8949152613244429,0.9468324124753517,-0.05191715115090878
2,GroupsDated,Micro,2025-09-01,24,24,-0.6698801323438744,-0.5186358004947679,0.15124433184910657
2,GroupsDated,Micro,2025-10-01,24,24,-0.05564962293295339,0.11585652990165118,-0.06020690696869779
2,GroupsDated,Micro,2025-11-01,24,24,0.4613377820214821,0.6214284542502376,-0.1600906722287555
2,GroupsDated,Micro,2025-12-01,24,24,0.45203886477741095,0.5120667321832407,-0.06002786740582977
2,GroupsDated,Micro,2026-01-01,24,24,-0.8008778099013505,-0.7247818290950329,0.07609598080631763
2,GroupsDated,Micro,2026-02-01,24,24,-0.3725131701473774,-0.24592692215996936,0.12658624798740803
2,GroupsDated,Micro,2026-03-01,24,24,0.24425695808749026,0.3040044896108397,-0.05974753152334944
2,GroupsDated,Micro,2026-04-01,24,24,0.8003713110956187,0.9033040019822451,-0.10293269088662649
2,GroupsDated,Micro,2026-05-01,24,24,0.2576890108959945,0.35824035057673376,-0.10055133968073926
2,GroupsDated,Micro,2026-06-01,24,24,-0.7326978939706694,-0.6120347588672845,0.12066313510338489
2,GroupsDated,Micro,2026-07-01,24,24,-0.4914067241601474,-0.44058566287162365,0.05082106128852376
2,GroupsDated,GroupsFixed,2024-08-01,24,24,0.1543676531233645,0.1717761287672669,-0.017408475643902382
2,GroupsDated,GroupsFixed,2024-09-01,24,24,-0.45632826649363545,-0.4391098393909475,0.01721842710268795
2,GroupsDated,GroupsFixed,2024-10-01,24,24,-0.5762263803994294,-0.5633567664424337,0.012869613956995707
2,GroupsDated,GroupsFixed,2024-11-01,24,24,-0.9479876964319995,-0.9372672915904041,0.010720404841595421
2,GroupsDated,GroupsFixed,2024-12-01,24,24,-0.2542850771336638,-0.2530849858831903,0.0012000912504734895
2,GroupsDated,GroupsFixed,2025-01-01,24,24,-0.10952406551723826,-0.13138080484995251,-0.02185673933271426
2,GroupsDated,GroupsFixed,2025-02-01,24,24,-0.6865963851434688,-0.7186805553055987,-0.032084170162129944
2,GroupsDated,GroupsFixed,2025-03-01,24,24,-0.15450233545410297,-0.15819579880987256,-0.0036934633557695884
2,GroupsDated,GroupsFixed,2025-04-01,24,24,0.036336132393984255,0.028254202150180707,0.008081930243803548
2,GroupsDated,GroupsFixed,2025-05-01,24,24,0.524237067629236,0.521224761476487,0.0030123061527490558
2,GroupsDated,GroupsFixed,2025-06-01,24,24,0.3914696938565312,0.3943614844111454,-0.002891790554614193
2,GroupsDated,GroupsFixed,2025-07-01,24,24,-0.07714768761658586,-0.08232687311682568,-0.005179185500239825
2,GroupsDated,GroupsFixed,2025-08-01,24,24,0.8949152613244429,0.8982914449825128,-0.003376183658069909
2,GroupsDated,GroupsFixed,2025-09-01,24,24,-0.6698801323438744,-0.6595031616347746,0.01037697070909982
2,GroupsDated,GroupsFixed,2025-10-01,24,24,-0.05564962293295339,-0.010303090966192086,0.045346531966761305
2,GroupsDated,GroupsFixed,2025-11-01,24,24,0.4613377820214821,0.5219376606149245,-0.0605998785934424
2,GroupsDated,GroupsFixed,2025-12-01,24,24,0.45203886477741095,0.5067673894689295,-0.054728524691518565
2,GroupsDated,GroupsFixed,2026-01-01,24,24,-0.8008778099013505,-0.7653281778195927,0.035549632081757765
2,GroupsDated,GroupsFixed,2026-02-01,24,24,-0.3725131701473774,-0.34531256238740426,0.027200607759973128
2,GroupsDated,GroupsFixed,2026-03-01,24,24,0.24425695808749026,0.21987943208061833,0.02437752600687193
2,GroupsDated,GroupsFixed,2026-04-01,24,24,0.8003713110956187,0.8016889834288704,-0.0013176723332517515
2,GroupsDated,GroupsFixed,2026-05-01,24,24,0.2576890108959945,0.27233879258928767,-0.014649781693293173
2,GroupsDated,GroupsFixed,2026-06-01,24,24,-0.7326978939706694,-0.7283711289446042,0.004326765026065216
2,GroupsDated,GroupsFixed,2026-07-01,24,24,-0.4914067241601474,-0.4943559375918192,-0.00294921343167176
12,Ridge,Huber,2024-08-01,24,24,0.14494128571342912,0.08567750515067019,0.05926378056275894
12,Ridge,Huber,2024-09-01,24,24,-0.1917201642902171,-0.14323375255787596,0.04848641173234114
12,Ridge,Huber,2024-10-01,24,24,-0.47464206742175463,-0.4751536959143863,-0.0005116284926316439
12,Ridge,Huber,2024-11-01,24,24,-1.0517364214133664,-1.0741844122339046,-0.022447990820538166
12,Ridge,Huber,2024-12-01,24,24,-0.17324757391007495,-0.23565394263043515,-0.062406368720360206
12,Ridge,Huber,2025-01-01,24,24,0.1326858770151631,0.15014973635652495,-0.017463859341361854
12,Ridge,Huber,2025-02-01,24,24,-0.505473008194457,-0.6042756528464253,-0.09880264465196831
12,Ridge,Huber,2025-03-01,24,24,-0.12493736893364371,-0.1587876162159887,-0.03385024728234498
12,Ridge,Huber,2025-04-01,24,24,0.346582551581605,0.24329725498084542,0.10328529660075958
12,Ridge,Huber,2025-05-01,24,24,0.5662881141850562,0.5622525022578344,0.004035611927221794
12,Ridge,Huber,2025-06-01,24,24,0.2523814964201989,0.1460201357199793,0.10636136070021962
12,Ridge,Huber,2025-07-01,24,24,-0.266111766047743,0.005814044671055285,0.2602977213766877
12,Ridge,Huber,2025-08-01,24,24,0.6511473451393215,0.622940609611021,0.02820673552830044
12,Ridge,Huber,2025-09-01,24,24,-0.5504614696086918,-0.538364890759226,0.0120965788494658
12,Ridge,Huber,2025-10-01,24,24,0.04208010239159421,0.06556388303903304,-0.023483780647438834
12,Ridge,Huber,2025-11-01,24,24,0.24312425475183375,0.46646452739192057,-0.22334027264008682
12,Ridge,Huber,2025-12-01,24,24,0.35898453339852665,0.5579215287748838,-0.19893699537635712
12,Ridge,Huber,2026-01-01,24,24,-0.5947668458287865,-0.5914642172874665,0.0033026285413200185
12,Ridge,Huber,2026-02-01,24,24,-0.44069277805537865,-0.3295241845789576,0.11116859347642105
12,Ridge,Huber,2026-03-01,24,24,0.15347691861943247,0.17358555777867934,-0.020108639159246877
12,Ridge,Huber,2026-04-01,24,24,0.9603377232823505,0.9183122824977659,0.04202544078458459
12,Ridge,Huber,2026-05-01,24,24,0.3761757735601634,0.34172719319553835,0.03444858036462506
12,Ridge,Huber,2026-06-01,24,24,-0.8102266138348142,-0.8796340990570286,-0.0694074852222144
12,Ridge,Huber,2026-07-01,24,24,-0.7396518535728944,-0.7222612079936113,0.01739064557928316
12,Ridge,SeasonalNaive,2024-08-01,24,24,0.14494128571342912,-0.1599999999999966,-0.015058714286567465
12,Ridge,SeasonalNaive,2024-09-01,24,24,-0.1917201642902171,1.1299999999999955,-0.9382798357097784
12,Ridge,SeasonalNaive,2024-10-01,24,24,-0.47464206742175463,-0.5600000000000023,-0.08535793257824764
12,Ridge,SeasonalNaive,2024-11-01,24,24,-1.0517364214133664,-0.7600000000000051,0.2917364214133613
12,Ridge,SeasonalNaive,2024-12-01,24,24,-0.17324757391007495,-0.6199999999999903,-0.4467524260899154
12,Ridge,SeasonalNaive,2025-01-01,24,24,0.1326858770151631,0.030000000000001137,0.10268587701516196
12,Ridge,SeasonalNaive,2025-02-01,24,24,-0.505473008194457,-0.8100000000000023,-0.3045269918055453
12,Ridge,SeasonalNaive,2025-03-01,24,24,-0.12493736893364371,-0.28000000000000114,-0.15506263106635743
12,Ridge,SeasonalNaive,2025-04-01,24,24,0.346582551581605,-0.15000000000000568,0.19658255158159932
12,Ridge,SeasonalNaive,2025-05-01,24,24,0.5662881141850562,1.009999999999991,-0.4437118858149347
12,Ridge,SeasonalNaive,2025-06-01,24,24,0.2523814964201989,0.22000000000001307,0.03238149642018584
12,Ridge,SeasonalNaive,2025-07-01,24,24,-0.266111766047743,0.7099999999999937,-0.44388823395225074
12,Ridge,SeasonalNaive,2025-08-01,24,24,0.6511473451393215,0.6599999999999966,-0.008852654860675102
12,Ridge,SeasonalNaive,2025-09-01,24,24,-0.5504614696086918,-0.37999999999999545,0.17046146960869635
12,Ridge,SeasonalNaive,2025-10-01,24,24,0.04208010239159421,0.4899999999999949,-0.4479198976084007
12,Ridge,SeasonalNaive,2025-11-01,24,24,0.24312425475183375,1.3499999999999943,-1.1068757452481606
12,Ridge,SeasonalNaive,2025-12-01,24,24,0.35898453339852665,0.6199999999999903,-0.2610154666014637
12,Ridge,SeasonalNaive,2026-01-01,24,24,-0.5947668458287865,-0.7299999999999898,-0.1352331541712033
12,Ridge,SeasonalNaive,2026-02-01,24,24,-0.44069277805537865,0.2400000000000091,0.20069277805536956
12,Ridge,SeasonalNaive,2026-03-01,24,24,0.15347691861943247,0.269999999999996,-0.11652308138056355
12,Ridge,SeasonalNaive,2026-04-01,24,24,0.9603377232823505,0.8100000000000023,0.15033772328234818
12,Ridge,SeasonalNaive,2026-05-01,24,24,0.3761757735601634,-0.1599999999999966,0.21617577356016682
12,Ridge,SeasonalNaive,2026-06-01,24,24,-0.8102266138348142,-1.1000000000000085,-0.2897733861651943
12,Ridge,SeasonalNaive,2026-07-01,24,24,-0.7396518535728944,-0.45999999999999375,0.2796518535729007
12,Ridge,Micro,2024-08-01,24,24,0.14494128571342912,0.13582564565865804,0.009115640054771085
12,Ridge,Micro,2024-09-01,24,24,-0.1917201642902171,-0.2089956413874236,-0.017275477097206504
12,Ridge,Micro,2024-10-01,24,24,-0.47464206742175463,-0.5373159356803523,-0.06267386825859766
12,Ridge,Micro,2024-11-01,24,24,-1.0517364214133664,-0.815483281207844,0.23625314020552246
12,Ridge,Micro,2024-12-01,24,24,-0.17324757391007495,-0.3413748170665497,-0.16812724315647476
12,Ridge,Micro,2025-01-01,24,24,0.1326858770151631,-0.03141989875155593,0.10126597826360717
12,Ridge,Micro,2025-02-01,24,24,-0.505473008194457,-0.5503131345624446,-0.04484012636798762
12,Ridge,Micro,2025-03-01,24,24,-0.12493736893364371,-0.0723944783619882,0.05254289057165551
12,Ridge,Micro,2025-04-01,24,24,0.346582551581605,0.1018844948022205,0.2446980567793845
12,Ridge,Micro,2025-05-01,24,24,0.5662881141850562,0.6020898646676606,-0.035801750482604366
12,Ridge,Micro,2025-06-01,24,24,0.2523814964201989,0.431585730444908,-0.17920423402470909
12,Ridge,Micro,2025-07-01,24,24,-0.266111766047743,0.058140114926771624,0.20797165112097138
12,Ridge,Micro,2025-08-01,24,24,0.6511473451393215,0.8854921526718282,-0.23434480753250675
12,Ridge,Micro,2025-09-01,24,24,-0.5504614696086918,-0.5918771591971104,-0.04141568958841857
12,Ridge,Micro,2025-10-01,24,24,0.04208010239159421,-0.00265982409174248,0.03942027829985173
12,Ridge,Micro,2025-11-01,24,24,0.24312425475183375,0.5609703692071357,-0.317846114455302
12,Ridge,Micro,2025-12-01,24,24,0.35898453339852665,0.4345249379885975,-0.07554040459007083
12,Ridge,Micro,2026-01-01,24,24,-0.5947668458287865,-0.7468711055583402,-0.15210425972955377
12,Ridge,Micro,2026-02-01,24,24,-0.44069277805537865,-0.27543368976386373,0.16525908829151492
12,Ridge,Micro,2026-03-01,24,24,0.15347691861943247,0.26131963270162895,-0.10784271408219648
12,Ridge,Micro,2026-04-01,24,24,0.9603377232823505,0.9398340713862069,0.02050365189614356
12,Ridge,Micro,2026-05-01,24,24,0.3761757735601634,0.3965503913369544,-0.020374617776791004
12,Ridge,Micro,2026-06-01,24,24,-0.8102266138348142,-0.6573094002904496,0.1529172135443646
12,Ridge,Micro,2026-07-01,24,24,-0.7396518535728944,-0.5076682286726151,0.23198362490027935
12,Ridge,GroupsFixed,2024-08-01,24,24,0.14494128571342912,0.19936044367332795,-0.05441915795989882
12,Ridge,GroupsFixed,2024-09-01,24,24,-0.1917201642902171,-0.3218996133309597,-0.13017944904074258
12,Ridge,GroupsFixed,2024-10-01,24,24,-0.47464206742175463,-0.5556732501558952,-0.08103118273414056
12,Ridge,GroupsFixed,2024-11-01,24,24,-1.0517364214133664,-0.9753253962546561,0.07641102515871034
12,Ridge,GroupsFixed,2024-12-01,24,24,-0.17324757391007495,-0.29654471501048363,-0.12329714110040868
12,Ridge,GroupsFixed,2025-01-01,24,24,0.1326858770151631,-0.13444317346034373,-0.0017572964451806339
12,Ridge,GroupsFixed,2025-02-01,24,24,-0.505473008194457,-0.6268789295963766,-0.12140592140191964
12,Ridge,GroupsFixed,2025-03-01,24,24,-0.12493736893364371,-0.1541905520207807,-0.02925318308713698
12,Ridge,GroupsFixed,2025-04-01,24,24,0.346582551581605,0.033796988405127903,0.3127855631764771
12,Ridge,GroupsFixed,2025-05-01,24,24,0.5662881141850562,0.5185955760262334,0.047692538158822795
12,Ridge,GroupsFixed,2025-06-01,24,24,0.2523814964201989,0.4518925458892988,-0.19951104946909987
12,Ridge,GroupsFixed,2025-07-01,24,24,-0.266111766047743,-0.01082318964518103,0.255288576402562
12,Ridge,GroupsFixed,2025-08-01,24,24,0.6511473451393215,0.8523406512192919,-0.20119330607997044
12,Ridge,GroupsFixed,2025-09-01,24,24,-0.5504614696086918,-0.6790451568159626,-0.12858368720727076
12,Ridge,GroupsFixed,2025-10-01,24,24,0.04208010239159421,-0.1122004620099406,-0.0701203596183464
12,Ridge,GroupsFixed,2025-11-01,24,24,0.24312425475183375,0.42413902746913523,-0.1810147727173015
12,Ridge,GroupsFixed,2025-12-01,24,24,0.35898453339852665,0.41175768799905477,-0.052773154600528116
12,Ridge,GroupsFixed,2026-01-01,24,24,-0.5947668458287865,-0.8108864717948964,-0.2161196259661099
12,Ridge,GroupsFixed,2026-02-01,24,24,-0.44069277805537865,-0.37485839704021207,0.06583438101516659
12,Ridge,GroupsFixed,2026-03-01,24,24,0.15347691861943247,0.16783741450835787,-0.014360495888925406
12,Ridge,GroupsFixed,2026-04-01,24,24,0.9603377232823505,0.8879616335329676,0.07237608974938281
12,Ridge,GroupsFixed,2026-05-01,24,24,0.3761757735601634,0.3987294206324605,-0.022553647072297067
12,Ridge,GroupsFixed,2026-06-01,24,24,-0.8102266138348142,-0.7072632857769372,0.102963328057877
12,Ridge,GroupsFixed,2026-07-01,24,24,-0.7396518535728944,-0.551479571441202,0.18817228213169246
12,Ridge,GroupsDated,2024-08-01,24,24,0.14494128571342912,0.19322884731573153,-0.04828756160230241
12,Ridge,GroupsDated,2024-09-01,24,24,-0.1917201642902171,-0.3375678097562086,-0.1458476454659915
12,Ridge,GroupsDated,2024-10-01,24,24,-0.47464206742175463,-0.5435681360808642,-0.06892606865910955
12,Ridge,GroupsDated,2024-11-01,24,24,-1.0517364214133664,-0.9490957797287509,0.10264064168461551
12,Ridge,GroupsDated,2024-12-01,24,24,-0.17324757391007495,-0.25102413034469595,-0.077776556434621
12,Ridge,GroupsDated,2025-01-01,24,24,0.1326858770151631,-0.11873521540085741,0.013950661614305693
12,Ridge,GroupsDated,2025-02-01,24,24,-0.505473008194457,-0.6044440440030245,-0.09897103580856759
12,Ridge,GroupsDated,2025-03-01,24,24,-0.12493736893364371,-0.13127267696980371,-0.006335308036160003
12,Ridge,GroupsDated,2025-04-01,24,24,0.346582551581605,0.05205530147390247,0.29452725010770253
12,Ridge,GroupsDated,2025-05-01,24,24,0.5662881141850562,0.5267725253758964,0.03951558880915984
12,Ridge,GroupsDated,2025-06-01,24,24,0.2523814964201989,0.4567369925993975,-0.20435549617919857
12,Ridge,GroupsDated,2025-07-01,24,24,-0.266111766047743,-0.01642866371929108,0.24968310232845192
12,Ridge,GroupsDated,2025-08-01,24,24,0.6511473451393215,0.8438964962913428,-0.1927491511520213
12,Ridge,GroupsDated,2025-09-01,24,24,-0.5504614696086918,-0.6892747124261851,-0.1388132428174933
12,Ridge,GroupsDated,2025-10-01,24,24,0.04208010239159421,-0.11936599127571756,-0.07728588888412335
12,Ridge,GroupsDated,2025-11-01,24,24,0.24312425475183375,0.4304345215214028,-0.18731026676956908
12,Ridge,GroupsDated,2025-12-01,24,24,0.35898453339852665,0.44564554525455846,-0.08666101185603181
12,Ridge,GroupsDated,2026-01-01,24,24,-0.5947668458287865,-0.8058389646743299,-0.21107211884554344
12,Ridge,GroupsDated,2026-02-01,24,24,-0.44069277805537865,-0.3589428593921956,0.08174991866318304
12,Ridge,GroupsDated,2026-03-01,24,24,0.15347691861943247,0.19083148260490956,-0.037354563985477096
12,Ridge,GroupsDated,2026-04-01,24,24,0.9603377232823505,0.9104173076852686,0.049920415597081824
12,Ridge,GroupsDated,2026-05-01,24,24,0.3761757735601634,0.4137818885525075,-0.03760611499234412
12,Ridge,GroupsDated,2026-06-01,24,24,-0.8102266138348142,-0.697716079472235,0.11251053436257918
12,Ridge,GroupsDated,2026-07-01,24,24,-0.7396518535728944,-0.5343387480920986,0.20531310548079584
12,Huber,Ridge,2024-08-01,24,24,0.08567750515067019,0.14494128571342912,-0.05926378056275894
12,Huber,Ridge,2024-09-01,24,24,-0.14323375255787596,-0.1917201642902171,-0.04848641173234114
12,Huber,Ridge,2024-10-01,24,24,-0.4751536959143863,-0.47464206742175463,0.0005116284926316439
12,Huber,Ridge,2024-11-01,24,24,-1.0741844122339046,-1.0517364214133664,0.022447990820538166
12,Huber,Ridge,2024-12-01,24,24,-0.23565394263043515,-0.17324757391007495,0.062406368720360206
12,Huber,Ridge,2025-01-01,24,24,0.15014973635652495,0.1326858770151631,0.017463859341361854
12,Huber,Ridge,2025-02-01,24,24,-0.6042756528464253,-0.505473008194457,0.09880264465196831
12,Huber,Ridge,2025-03-01,24,24,-0.1587876162159887,-0.12493736893364371,0.03385024728234498
12,Huber,Ridge,2025-04-01,24,24,0.24329725498084542,0.346582551581605,-0.10328529660075958
12,Huber,Ridge,2025-05-01,24,24,0.5622525022578344,0.5662881141850562,-0.004035611927221794
12,Huber,Ridge,2025-06-01,24,24,0.1460201357199793,0.2523814964201989,-0.10636136070021962
12,Huber,Ridge,2025-07-01,24,24,0.005814044671055285,-0.266111766047743,-0.2602977213766877
12,Huber,Ridge,2025-08-01,24,24,0.622940609611021,0.6511473451393215,-0.02820673552830044
12,Huber,Ridge,2025-09-01,24,24,-0.538364890759226,-0.5504614696086918,-0.0120965788494658
12,Huber,Ridge,2025-10-01,24,24,0.06556388303903304,0.04208010239159421,0.023483780647438834
12,Huber,Ridge,2025-11-01,24,24,0.46646452739192057,0.24312425475183375,0.22334027264008682
12,Huber,Ridge,2025-12-01,24,24,0.5579215287748838,0.35898453339852665,0.19893699537635712
12,Huber,Ridge,2026-01-01,24,24,-0.5914642172874665,-0.5947668458287865,-0.0033026285413200185
12,Huber,Ridge,2026-02-01,24,24,-0.3295241845789576,-0.44069277805537865,-0.11116859347642105
12,Huber,Ridge,2026-03-01,24,24,0.17358555777867934,0.15347691861943247,0.020108639159246877
12,Huber,Ridge,2026-04-01,24,24,0.9183122824977659,0.9603377232823505,-0.04202544078458459
12,Huber,Ridge,2026-05-01,24,24,0.34172719319553835,0.3761757735601634,-0.03444858036462506
12,Huber,Ridge,2026-06-01,24,24,-0.8796340990570286,-0.8102266138348142,0.0694074852222144
12,Huber,Ridge,2026-07-01,24,24,-0.7222612079936113,-0.7396518535728944,-0.01739064557928316
12,Huber,SeasonalNaive,2024-08-01,24,24,0.08567750515067019,-0.1599999999999966,-0.0743224948493264
12,Huber,SeasonalNaive,2024-09-01,24,24,-0.14323375255787596,1.1299999999999955,-0.9867662474421195
12,Huber,SeasonalNaive,2024-10-01,24,24,-0.4751536959143863,-0.5600000000000023,-0.084846304085616
12,Huber,SeasonalNaive,2024-11-01,24,24,-1.0741844122339046,-0.7600000000000051,0.3141844122338995
12,Huber,SeasonalNaive,2024-12-01,24,24,-0.23565394263043515,-0.6199999999999903,-0.3843460573695552
12,Huber,SeasonalNaive,2025-01-01,24,24,0.15014973635652495,0.030000000000001137,0.12014973635652382
12,Huber,SeasonalNaive,2025-02-01,24,24,-0.6042756528464253,-0.8100000000000023,-0.20572434715357701
12,Huber,SeasonalNaive,2025-03-01,24,24,-0.1587876162159887,-0.28000000000000114,-0.12121238378401245
12,Huber,SeasonalNaive,2025-04-01,24,24,0.24329725498084542,-0.15000000000000568,0.09329725498083974
12,Huber,SeasonalNaive,2025-05-01,24,24,0.5622525022578344,1.009999999999991,-0.4477474977421565
12,Huber,SeasonalNaive,2025-06-01,24,24,0.1460201357199793,0.22000000000001307,-0.07397986428003378
12,Huber,SeasonalNaive,2025-07-01,24,24,0.005814044671055285,0.7099999999999937,-0.7041859553289385
12,Huber,SeasonalNaive,2025-08-01,24,24,0.622940609611021,0.6599999999999966,-0.037059390388975544
12,Huber,SeasonalNaive,2025-09-01,24,24,-0.538364890759226,-0.37999999999999545,0.15836489075923055
12,Huber,SeasonalNaive,2025-10-01,24,24,0.06556388303903304,0.4899999999999949,-0.42443611696096184
12,Huber,SeasonalNaive,2025-11-01,24,24,0.46646452739192057,1.3499999999999943,-0.8835354726080737
12,Huber,SeasonalNaive,2025-12-01,24,24,0.5579215287748838,0.6199999999999903,-0.06207847122510657
12,Huber,SeasonalNaive,2026-01-01,24,24,-0.5914642172874665,-0.7299999999999898,-0.13853578271252331
12,Huber,SeasonalNaive,2026-02-01,24,24,-0.3295241845789576,0.2400000000000091,0.0895241845789485
12,Huber,SeasonalNaive,2026-03-01,24,24,0.17358555777867934,0.269999999999996,-0.09641444222131668
12,Huber,SeasonalNaive,2026-04-01,24,24,0.9183122824977659,0.8100000000000023,0.10831228249776359
12,Huber,SeasonalNaive,2026-05-01,24,24,0.34172719319553835,-0.1599999999999966,0.18172719319554176
12,Huber,SeasonalNaive,2026-06-01,24,24,-0.8796340990570286,-1.1000000000000085,-0.22036590094297992
12,Huber,SeasonalNaive,2026-07-01,24,24,-0.7222612079936113,-0.45999999999999375,0.2622612079936175
12,Huber,Micro,2024-08-01,24,24,0.08567750515067019,0.13582564565865804,-0.050148140507987854
12,Huber,Micro,2024-09-01,24,24,-0.14323375255787596,-0.2089956413874236,-0.06576188882954764
12,Huber,Micro,2024-10-01,24,24,-0.4751536959143863,-0.5373159356803523,-0.06216223976596602
12,Huber,Micro,2024-11-01,24,24,-1.0741844122339046,-0.815483281207844,0.2587011310260606
12,Huber,Micro,2024-12-01,24,24,-0.23565394263043515,-0.3413748170665497,-0.10572087443611455
12,Huber,Micro,2025-01-01,24,24,0.15014973635652495,-0.03141989875155593,0.11872983760496902
12,Huber,Micro,2025-02-01,24,24,-0.6042756528464253,-0.5503131345624446,0.05396251828398069
12,Huber,Micro,2025-03-01,24,24,-0.1587876162159887,-0.0723944783619882,0.08639313785400049
12,Huber,Micro,2025-04-01,24,24,0.24329725498084542,0.1018844948022205,0.14141276017862492
12,Huber,Micro,2025-05-01,24,24,0.5622525022578344,0.6020898646676606,-0.03983736240982616
12,Huber,Micro,2025-06-01,24,24,0.1460201357199793,0.431585730444908,-0.2855655947249287
12,Huber,Micro,2025-07-01,24,24,0.005814044671055285,0.058140114926771624,-0.05232607025571634
12,Huber,Micro,2025-08-01,24,24,0.622940609611021,0.8854921526718282,-0.2625515430608072
12,Huber,Micro,2025-09-01,24,24,-0.538364890759226,-0.5918771591971104,-0.05351226843788437
12,Huber,Micro,2025-10-01,24,24,0.06556388303903304,-0.00265982409174248,0.06290405894729056
12,Huber,Micro,2025-11-01,24,24,0.46646452739192057,0.5609703692071357,-0.09450584181521515
12,Huber,Micro,2025-12-01,24,24,0.5579215287748838,0.4345249379885975,0.12339659078628629
12,Huber,Micro,2026-01-01,24,24,-0.5914642172874665,-0.7468711055583402,-0.1554068882708738
12,Huber,Micro,2026-02-01,24,24,-0.3295241845789576,-0.27543368976386373,0.05409049481509387
12,Huber,Micro,2026-03-01,24,24,0.17358555777867934,0.26131963270162895,-0.0877340749229496
12,Huber,Micro,2026-04-01,24,24,0.9183122824977659,0.9398340713862069,-0.02152178888844103
12,Huber,Micro,2026-05-01,24,24,0.34172719319553835,0.3965503913369544,-0.05482319814141606
12,Huber,Micro,2026-06-01,24,24,-0.8796340990570286,-0.6573094002904496,0.222324698766579
12,Huber,Micro,2026-07-01,24,24,-0.7222612079936113,-0.5076682286726151,0.2145929793209962
12,Huber,GroupsFixed,2024-08-01,24,24,0.08567750515067019,0.19936044367332795,-0.11368293852265776
12,Huber,GroupsFixed,2024-09-01,24,24,-0.14323375255787596,-0.3218996133309597,-0.17866586077308372
12,Huber,GroupsFixed,2024-10-01,24,24,-0.4751536959143863,-0.5556732501558952,-0.08051955424150892
12,Huber,GroupsFixed,2024-11-01,24,24,-1.0741844122339046,-0.9753253962546561,0.09885901597924851
12,Huber,GroupsFixed,2024-12-01,24,24,-0.23565394263043515,-0.29654471501048363,-0.060890772380048475
12,Huber,GroupsFixed,2025-01-01,24,24,0.15014973635652495,-0.13444317346034373,0.01570656289618122
12,Huber,GroupsFixed,2025-02-01,24,24,-0.6042756528464253,-0.6268789295963766,-0.02260327674995133
12,Huber,GroupsFixed,2025-03-01,24,24,-0.1587876162159887,-0.1541905520207807,0.0045970641952080005
12,Huber,GroupsFixed,2025-04-01,24,24,0.24329725498084542,0.033796988405127903,0.20950026657571752
12,Huber,GroupsFixed,2025-05-01,24,24,0.5622525022578344,0.5185955760262334,0.043656926231601
12,Huber,GroupsFixed,2025-06-01,24,24,0.1460201357199793,0.4518925458892988,-0.3058724101693195
12,Huber,GroupsFixed,2025-07-01,24,24,0.005814044671055285,-0.01082318964518103,-0.0050091449741257454
12,Huber,GroupsFixed,2025-08-01,24,24,0.622940609611021,0.8523406512192919,-0.22940004160827088
12,Huber,GroupsFixed,2025-09-01,24,24,-0.538364890759226,-0.6790451568159626,-0.14068026605673656
12,Huber,GroupsFixed,2025-10-01,24,24,0.06556388303903304,-0.1122004620099406,-0.04663657897090756
12,Huber,GroupsFixed,2025-11-01,24,24,0.46646452739192057,0.42413902746913523,0.04232549992278534
12,Huber,GroupsFixed,2025-12-01,24,24,0.5579215287748838,0.41175768799905477,0.146163840775829
12,Huber,GroupsFixed,2026-01-01,24,24,-0.5914642172874665,-0.8108864717948964,-0.21942225450742991
12,Huber,GroupsFixed,2026-02-01,24,24,-0.3295241845789576,-0.37485839704021207,-0.045334212461254464
12,Huber,GroupsFixed,2026-03-01,24,24,0.17358555777867934,0.16783741450835787,0.005748143270321471
12,Huber,GroupsFixed,2026-04-01,24,24,0.9183122824977659,0.8879616335329676,0.03035064896479822
12,Huber,GroupsFixed,2026-05-01,24,24,0.34172719319553835,0.3987294206324605,-0.057002227436922126
12,Huber,GroupsFixed,2026-06-01,24,24,-0.8796340990570286,-0.7072632857769372,0.1723708132800914
12,Huber,GroupsFixed,2026-07-01,24,24,-0.7222612079936113,-0.551479571441202,0.1707816365524093
12,Huber,GroupsDated,2024-08-01,24,24,0.08567750515067019,0.19322884731573153,-0.10755134216506135
12,Huber,GroupsDated,2024-09-01,24,24,-0.14323375255787596,-0.3375678097562086,-0.19433405719833263
12,Huber,GroupsDated,2024-10-01,24,24,-0.4751536959143863,-0.5435681360808642,-0.06841444016647791
12,Huber,GroupsDated,2024-11-01,24,24,-1.0741844122339046,-0.9490957797287509,0.12508863250515367
12,Huber,GroupsDated,2024-12-01,24,24,-0.23565394263043515,-0.25102413034469595,-0.015370187714260797
12,Huber,GroupsDated,2025-01-01,24,24,0.15014973635652495,-0.11873521540085741,0.031414520955667546
12,Huber,GroupsDated,2025-02-01,24,24,-0.6042756528464253,-0.6044440440030245,-0.00016839115659927906
12,Huber,GroupsDated,2025-03-01,24,24,-0.1587876162159887,-0.13127267696980371,0.027514939246184977
12,Huber,GroupsDated,2025-04-01,24,24,0.24329725498084542,0.05205530147390247,0.19124195350694295
12,Huber,GroupsDated,2025-05-01,24,24,0.5622525022578344,0.5267725253758964,0.03547997688193805
12,Huber,GroupsDated,2025-06-01,24,24,0.1460201357199793,0.4567369925993975,-0.3107168568794182
12,Huber,GroupsDated,2025-07-01,24,24,0.005814044671055285,-0.01642866371929108,-0.010614619048235796
12,Huber,GroupsDated,2025-08-01,24,24,0.622940609611021,0.8438964962913428,-0.22095588668032173
12,Huber,GroupsDated,2025-09-01,24,24,-0.538364890759226,-0.6892747124261851,-0.1509098216669591
12,Huber,GroupsDated,2025-10-01,24,24,0.06556388303903304,-0.11936599127571756,-0.05380210823668452
12,Huber,GroupsDated,2025-11-01,24,24,0.46646452739192057,0.4304345215214028,0.036030005870517745
12,Huber,GroupsDated,2025-12-01,24,24,0.5579215287748838,0.44564554525455846,0.1122759835203253
12,Huber,GroupsDated,2026-01-01,24,24,-0.5914642172874665,-0.8058389646743299,-0.21437474738686346
12,Huber,GroupsDated,2026-02-01,24,24,-0.3295241845789576,-0.3589428593921956,-0.02941867481323801
12,Huber,GroupsDated,2026-03-01,24,24,0.17358555777867934,0.19083148260490956,-0.01724592482623022
12,Huber,GroupsDated,2026-04-01,24,24,0.9183122824977659,0.9104173076852686,0.007894974812497235
12,Huber,GroupsDated,2026-05-01,24,24,0.34172719319553835,0.4137818885525075,-0.07205469535696918
12,Huber,GroupsDated,2026-06-01,24,24,-0.8796340990570286,-0.697716079472235,0.1819180195847936
12,Huber,GroupsDated,2026-07-01,24,24,-0.7222612079936113,-0.5343387480920986,0.18792245990151268
12,SeasonalNaive,Ridge,2024-08-01,24,24,-0.1599999999999966,0.14494128571342912,0.015058714286567465
12,SeasonalNaive,Ridge,2024-09-01,24,24,1.1299999999999955,-0.1917201642902171,0.9382798357097784
12,SeasonalNaive,Ridge,2024-10-01,24,24,-0.5600000000000023,-0.47464206742175463,0.08535793257824764
12,SeasonalNaive,Ridge,2024-11-01,24,24,-0.7600000000000051,-1.0517364214133664,-0.2917364214133613
12,SeasonalNaive,Ridge,2024-12-01,24,24,-0.6199999999999903,-0.17324757391007495,0.4467524260899154
12,SeasonalNaive,Ridge,2025-01-01,24,24,0.030000000000001137,0.1326858770151631,-0.10268587701516196
12,SeasonalNaive,Ridge,2025-02-01,24,24,-0.8100000000000023,-0.505473008194457,0.3045269918055453
12,SeasonalNaive,Ridge,2025-03-01,24,24,-0.28000000000000114,-0.12493736893364371,0.15506263106635743
12,SeasonalNaive,Ridge,2025-04-01,24,24,-0.15000000000000568,0.346582551581605,-0.19658255158159932
12,SeasonalNaive,Ridge,2025-05-01,24,24,1.009999999999991,0.5662881141850562,0.4437118858149347
12,SeasonalNaive,Ridge,2025-06-01,24,24,0.22000000000001307,0.2523814964201989,-0.03238149642018584
12,SeasonalNaive,Ridge,2025-07-01,24,24,0.7099999999999937,-0.266111766047743,0.44388823395225074
12,SeasonalNaive,Ridge,2025-08-01,24,24,0.6599999999999966,0.6511473451393215,0.008852654860675102
12,SeasonalNaive,Ridge,2025-09-01,24,24,-0.37999999999999545,-0.5504614696086918,-0.17046146960869635
12,SeasonalNaive,Ridge,2025-10-01,24,24,0.4899999999999949,0.04208010239159421,0.4479198976084007
12,SeasonalNaive,Ridge,2025-11-01,24,24,1.3499999999999943,0.24312425475183375,1.1068757452481606
12,SeasonalNaive,Ridge,2025-12-01,24,24,0.6199999999999903,0.35898453339852665,0.2610154666014637
12,SeasonalNaive,Ridge,2026-01-01,24,24,-0.7299999999999898,-0.5947668458287865,0.1352331541712033
12,SeasonalNaive,Ridge,2026-02-01,24,24,0.2400000000000091,-0.44069277805537865,-0.20069277805536956
12,SeasonalNaive,Ridge,2026-03-01,24,24,0.269999999999996,0.15347691861943247,0.11652308138056355
12,SeasonalNaive,Ridge,2026-04-01,24,24,0.8100000000000023,0.9603377232823505,-0.15033772328234818
12,SeasonalNaive,Ridge,2026-05-01,24,24,-0.1599999999999966,0.3761757735601634,-0.21617577356016682
12,SeasonalNaive,Ridge,2026-06-01,24,24,-1.1000000000000085,-0.8102266138348142,0.2897733861651943
12,SeasonalNaive,Ridge,2026-07-01,24,24,-0.45999999999999375,-0.7396518535728944,-0.2796518535729007
12,SeasonalNaive,Huber,2024-08-01,24,24,-0.1599999999999966,0.08567750515067019,0.0743224948493264
12,SeasonalNaive,Huber,2024-09-01,24,24,1.1299999999999955,-0.14323375255787596,0.9867662474421195
12,SeasonalNaive,Huber,2024-10-01,24,24,-0.5600000000000023,-0.4751536959143863,0.084846304085616
12,SeasonalNaive,Huber,2024-11-01,24,24,-0.7600000000000051,-1.0741844122339046,-0.3141844122338995
12,SeasonalNaive,Huber,2024-12-01,24,24,-0.6199999999999903,-0.23565394263043515,0.3843460573695552
12,SeasonalNaive,Huber,2025-01-01,24,24,0.030000000000001137,0.15014973635652495,-0.12014973635652382
12,SeasonalNaive,Huber,2025-02-01,24,24,-0.8100000000000023,-0.6042756528464253,0.20572434715357701
12,SeasonalNaive,Huber,2025-03-01,24,24,-0.28000000000000114,-0.1587876162159887,0.12121238378401245
12,SeasonalNaive,Huber,2025-04-01,24,24,-0.15000000000000568,0.24329725498084542,-0.09329725498083974
12,SeasonalNaive,Huber,2025-05-01,24,24,1.009999999999991,0.5622525022578344,0.4477474977421565
12,SeasonalNaive,Huber,2025-06-01,24,24,0.22000000000001307,0.1460201357199793,0.07397986428003378
12,SeasonalNaive,Huber,2025-07-01,24,24,0.7099999999999937,0.005814044671055285,0.7041859553289385
12,SeasonalNaive,Huber,2025-08-01,24,24,0.6599999999999966,0.622940609611021,0.037059390388975544
12,SeasonalNaive,Huber,2025-09-01,24,24,-0.37999999999999545,-0.538364890759226,-0.15836489075923055
12,SeasonalNaive,Huber,2025-10-01,24,24,0.4899999999999949,0.06556388303903304,0.42443611696096184
12,SeasonalNaive,Huber,2025-11-01,24,24,1.3499999999999943,0.46646452739192057,0.8835354726080737
12,SeasonalNaive,Huber,2025-12-01,24,24,0.6199999999999903,0.5579215287748838,0.06207847122510657
12,SeasonalNaive,Huber,2026-01-01,24,24,-0.7299999999999898,-0.5914642172874665,0.13853578271252331
12,SeasonalNaive,Huber,2026-02-01,24,24,0.2400000000000091,-0.3295241845789576,-0.0895241845789485
12,SeasonalNaive,Huber,2026-03-01,24,24,0.269999999999996,0.17358555777867934,0.09641444222131668
12,SeasonalNaive,Huber,2026-04-01,24,24,0.8100000000000023,0.9183122824977659,-0.10831228249776359
12,SeasonalNaive,Huber,2026-05-01,24,24,-0.1599999999999966,0.34172719319553835,-0.18172719319554176
12,SeasonalNaive,Huber,2026-06-01,24,24,-1.1000000000000085,-0.8796340990570286,0.22036590094297992
12,SeasonalNaive,Huber,2026-07-01,24,24,-0.45999999999999375,-0.7222612079936113,-0.2622612079936175
12,SeasonalNaive,Micro,2024-08-01,24,24,-0.1599999999999966,0.13582564565865804,0.02417435434133855
12,SeasonalNaive,Micro,2024-09-01,24,24,1.1299999999999955,-0.2089956413874236,0.9210043586125718
12,SeasonalNaive,Micro,2024-10-01,24,24,-0.5600000000000023,-0.5373159356803523,0.022684064319649977
12,SeasonalNaive,Micro,2024-11-01,24,24,-0.7600000000000051,-0.815483281207844,-0.05548328120783885
12,SeasonalNaive,Micro,2024-12-01,24,24,-0.6199999999999903,-0.3413748170665497,0.27862518293344063
12,SeasonalNaive,Micro,2025-01-01,24,24,0.030000000000001137,-0.03141989875155593,-0.0014198987515547934
12,SeasonalNaive,Micro,2025-02-01,24,24,-0.8100000000000023,-0.5503131345624446,0.2596868654375577
12,SeasonalNaive,Micro,2025-03-01,24,24,-0.28000000000000114,-0.0723944783619882,0.20760552163801294
12,SeasonalNaive,Micro,2025-04-01,24,24,-0.15000000000000568,0.1018844948022205,0.04811550519778518
12,SeasonalNaive,Micro,2025-05-01,24,24,1.009999999999991,0.6020898646676606,0.40791013533233034
12,SeasonalNaive,Micro,2025-06-01,24,24,0.22000000000001307,0.431585730444908,-0.21158573044489493
12,SeasonalNaive,Micro,2025-07-01,24,24,0.7099999999999937,0.058140114926771624,0.6518598850732221
12,SeasonalNaive,Micro,2025-08-01,24,24,0.6599999999999966,0.8854921526718282,-0.22549215267183165
12,SeasonalNaive,Micro,2025-09-01,24,24,-0.37999999999999545,-0.5918771591971104,-0.21187715919711492
12,SeasonalNaive,Micro,2025-10-01,24,24,0.4899999999999949,-0.00265982409174248,0.4873401759082524
12,SeasonalNaive,Micro,2025-11-01,24,24,1.3499999999999943,0.5609703692071357,0.7890296307928586
12,SeasonalNaive,Micro,2025-12-01,24,24,0.6199999999999903,0.4345249379885975,0.18547506201139285
12,SeasonalNaive,Micro,2026-01-01,24,24,-0.7299999999999898,-0.7468711055583402,-0.016871105558350474
12,SeasonalNaive,Micro,2026-02-01,24,24,0.2400000000000091,-0.27543368976386373,-0.03543368976385464
12,SeasonalNaive,Micro,2026-03-01,24,24,0.269999999999996,0.26131963270162895,0.008680367298367075
12,SeasonalNaive,Micro,2026-04-01,24,24,0.8100000000000023,0.9398340713862069,-0.12983407138620462
12,SeasonalNaive,Micro,2026-05-01,24,24,-0.1599999999999966,0.3965503913369544,-0.23655039133695782
12,SeasonalNaive,Micro,2026-06-01,24,24,-1.1000000000000085,-0.6573094002904496,0.44269059970955893
12,SeasonalNaive,Micro,2026-07-01,24,24,-0.45999999999999375,-0.5076682286726151,-0.04766822867262133
12,SeasonalNaive,GroupsFixed,2024-08-01,24,24,-0.1599999999999966,0.19936044367332795,-0.03936044367333136
12,SeasonalNaive,GroupsFixed,2024-09-01,24,24,1.1299999999999955,-0.3218996133309597,0.8081003866690357
12,SeasonalNaive,GroupsFixed,2024-10-01,24,24,-0.5600000000000023,-0.5556732501558952,0.004326749844107081
12,SeasonalNaive,GroupsFixed,2024-11-01,24,24,-0.7600000000000051,-0.9753253962546561,-0.21532539625465097
12,SeasonalNaive,GroupsFixed,2024-12-01,24,24,-0.6199999999999903,-0.29654471501048363,0.3234552849895067
12,SeasonalNaive,GroupsFixed,2025-01-01,24,24,0.030000000000001137,-0.13444317346034373,-0.1044431734603426
12,SeasonalNaive,GroupsFixed,2025-02-01,24,24,-0.8100000000000023,-0.6268789295963766,0.18312107040362569
12,SeasonalNaive,GroupsFixed,2025-03-01,24,24,-0.28000000000000114,-0.1541905520207807,0.12580944797922045
12,SeasonalNaive,GroupsFixed,2025-04-01,24,24,-0.15000000000000568,0.033796988405127903,0.11620301159487778
12,SeasonalNaive,GroupsFixed,2025-05-01,24,24,1.009999999999991,0.5185955760262334,0.4914044239737575
12,SeasonalNaive,GroupsFixed,2025-06-01,24,24,0.22000000000001307,0.4518925458892988,-0.2318925458892857
12,SeasonalNaive,GroupsFixed,2025-07-01,24,24,0.7099999999999937,-0.01082318964518103,0.6991768103548127
12,SeasonalNaive,GroupsFixed,2025-08-01,24,24,0.6599999999999966,0.8523406512192919,-0.19234065121929533
12,SeasonalNaive,GroupsFixed,2025-09-01,24,24,-0.37999999999999545,-0.6790451568159626,-0.2990451568159671
12,SeasonalNaive,GroupsFixed,2025-10-01,24,24,0.4899999999999949,-0.1122004620099406,0.3777995379900543
12,SeasonalNaive,GroupsFixed,2025-11-01,24,24,1.3499999999999943,0.42413902746913523,0.9258609725308591
12,SeasonalNaive,GroupsFixed,2025-12-01,24,24,0.6199999999999903,0.41175768799905477,0.20824231200093557
12,SeasonalNaive,GroupsFixed,2026-01-01,24,24,-0.7299999999999898,-0.8108864717948964,-0.0808864717949066
12,SeasonalNaive,GroupsFixed,2026-02-01,24,24,0.2400000000000091,-0.37485839704021207,-0.13485839704020297
12,SeasonalNaive,GroupsFixed,2026-03-01,24,24,0.269999999999996,0.16783741450835787,0.10216258549163815
12,SeasonalNaive,GroupsFixed,2026-04-01,24,24,0.8100000000000023,0.8879616335329676,-0.07796163353296537
12,SeasonalNaive,GroupsFixed,2026-05-01,24,24,-0.1599999999999966,0.3987294206324605,-0.23872942063246388
12,SeasonalNaive,GroupsFixed,2026-06-01,24,24,-1.1000000000000085,-0.7072632857769372,0.3927367142230713
12,SeasonalNaive,GroupsFixed,2026-07-01,24,24,-0.45999999999999375,-0.551479571441202,-0.09147957144120822
12,SeasonalNaive,GroupsDated,2024-08-01,24,24,-0.1599999999999966,0.19322884731573153,-0.033228847315734944
12,SeasonalNaive,GroupsDated,2024-09-01,24,24,1.1299999999999955,-0.3375678097562086,0.7924321902437869
12,SeasonalNaive,GroupsDated,2024-10-01,24,24,-0.5600000000000023,-0.5435681360808642,0.01643186391913809
12,SeasonalNaive,GroupsDated,2024-11-01,24,24,-0.7600000000000051,-0.9490957797287509,-0.1890957797287458
12,SeasonalNaive,GroupsDated,2024-12-01,24,24,-0.6199999999999903,-0.25102413034469595,0.3689758696552944
12,SeasonalNaive,GroupsDated,2025-01-01,24,24,0.030000000000001137,-0.11873521540085741,-0.08873521540085627
12,SeasonalNaive,GroupsDated,2025-02-01,24,24,-0.8100000000000023,-0.6044440440030245,0.20555595599697774
12,SeasonalNaive,GroupsDated,2025-03-01,24,24,-0.28000000000000114,-0.13127267696980371,0.14872732303019742
12,SeasonalNaive,GroupsDated,2025-04-01,24,24,-0.15000000000000568,0.05205530147390247,0.09794469852610321
12,SeasonalNaive,GroupsDated,2025-05-01,24,24,1.009999999999991,0.5267725253758964,0.48322747462409454
12,SeasonalNaive,GroupsDated,2025-06-01,24,24,0.22000000000001307,0.4567369925993975,-0.2367369925993844
12,SeasonalNaive,GroupsDated,2025-07-01,24,24,0.7099999999999937,-0.01642866371929108,0.6935713362807027
12,SeasonalNaive,GroupsDated,2025-08-01,24,24,0.6599999999999966,0.8438964962913428,-0.1838964962913462
12,SeasonalNaive,GroupsDated,2025-09-01,24,24,-0.37999999999999545,-0.6892747124261851,-0.30927471242618965
12,SeasonalNaive,GroupsDated,2025-10-01,24,24,0.4899999999999949,-0.11936599127571756,0.3706340087242773
12,SeasonalNaive,GroupsDated,2025-11-01,24,24,1.3499999999999943,0.4304345215214028,0.9195654784785915
12,SeasonalNaive,GroupsDated,2025-12-01,24,24,0.6199999999999903,0.44564554525455846,0.17435445474543187
12,SeasonalNaive,GroupsDated,2026-01-01,24,24,-0.7299999999999898,-0.8058389646743299,-0.07583896467434015
12,SeasonalNaive,GroupsDated,2026-02-01,24,24,0.2400000000000091,-0.3589428593921956,-0.11894285939218652
12,SeasonalNaive,GroupsDated,2026-03-01,24,24,0.269999999999996,0.19083148260490956,0.07916851739508646
12,SeasonalNaive,GroupsDated,2026-04-01,24,24,0.8100000000000023,0.9104173076852686,-0.10041730768526635
12,SeasonalNaive,GroupsDated,2026-05-01,24,24,-0.1599999999999966,0.4137818885525075,-0.25378188855251094
12,SeasonalNaive,GroupsDated,2026-06-01,24,24,-1.1000000000000085,-0.697716079472235,0.4022839205277735
12,SeasonalNaive,GroupsDated,2026-07-01,24,24,-0.45999999999999375,-0.5343387480920986,-0.07433874809210483
12,Micro,Ridge,2024-08-01,24,24,0.13582564565865804,0.14494128571342912,-0.009115640054771085
12,Micro,Ridge,2024-09-01,24,24,-0.2089956413874236,-0.1917201642902171,0.017275477097206504
12,Micro,Ridge,2024-10-01,24,24,-0.5373159356803523,-0.47464206742175463,0.06267386825859766
12,Micro,Ridge,2024-11-01,24,24,-0.815483281207844,-1.0517364214133664,-0.23625314020552246
12,Micro,Ridge,2024-12-01,24,24,-0.3413748170665497,-0.17324757391007495,0.16812724315647476
12,Micro,Ridge,2025-01-01,24,24,-0.03141989875155593,0.1326858770151631,-0.10126597826360717
12,Micro,Ridge,2025-02-01,24,24,-0.5503131345624446,-0.505473008194457,0.04484012636798762
12,Micro,Ridge,2025-03-01,24,24,-0.0723944783619882,-0.12493736893364371,-0.05254289057165551
12,Micro,Ridge,2025-04-01,24,24,0.1018844948022205,0.346582551581605,-0.2446980567793845
12,Micro,Ridge,2025-05-01,24,24,0.6020898646676606,0.5662881141850562,0.035801750482604366
12,Micro,Ridge,2025-06-01,24,24,0.431585730444908,0.2523814964201989,0.17920423402470909
12,Micro,Ridge,2025-07-01,24,24,0.058140114926771624,-0.266111766047743,-0.20797165112097138
12,Micro,Ridge,2025-08-01,24,24,0.8854921526718282,0.6511473451393215,0.23434480753250675
12,Micro,Ridge,2025-09-01,24,24,-0.5918771591971104,-0.5504614696086918,0.04141568958841857
12,Micro,Ridge,2025-10-01,24,24,-0.00265982409174248,0.04208010239159421,-0.03942027829985173
12,Micro,Ridge,2025-11-01,24,24,0.5609703692071357,0.24312425475183375,0.317846114455302
12,Micro,Ridge,2025-12-01,24,24,0.4345249379885975,0.35898453339852665,0.07554040459007083
12,Micro,Ridge,2026-01-01,24,24,-0.7468711055583402,-0.5947668458287865,0.15210425972955377
12,Micro,Ridge,2026-02-01,24,24,-0.27543368976386373,-0.44069277805537865,-0.16525908829151492
12,Micro,Ridge,2026-03-01,24,24,0.26131963270162895,0.15347691861943247,0.10784271408219648
12,Micro,Ridge,2026-04-01,24,24,0.9398340713862069,0.9603377232823505,-0.02050365189614356
12,Micro,Ridge,2026-05-01,24,24,0.3965503913369544,0.3761757735601634,0.020374617776791004
12,Micro,Ridge,2026-06-01,24,24,-0.6573094002904496,-0.8102266138348142,-0.1529172135443646
12,Micro,Ridge,2026-07-01,24,24,-0.5076682286726151,-0.7396518535728944,-0.23198362490027935
12,Micro,Huber,2024-08-01,24,24,0.13582564565865804,0.08567750515067019,0.050148140507987854
12,Micro,Huber,2024-09-01,24,24,-0.2089956413874236,-0.14323375255787596,0.06576188882954764
12,Micro,Huber,2024-10-01,24,24,-0.5373159356803523,-0.4751536959143863,0.06216223976596602
12,Micro,Huber,2024-11-01,24,24,-0.815483281207844,-1.0741844122339046,-0.2587011310260606
12,Micro,Huber,2024-12-01,24,24,-0.3413748170665497,-0.23565394263043515,0.10572087443611455
12,Micro,Huber,2025-01-01,24,24,-0.03141989875155593,0.15014973635652495,-0.11872983760496902
12,Micro,Huber,2025-02-01,24,24,-0.5503131345624446,-0.6042756528464253,-0.05396251828398069
12,Micro,Huber,2025-03-01,24,24,-0.0723944783619882,-0.1587876162159887,-0.08639313785400049
12,Micro,Huber,2025-04-01,24,24,0.1018844948022205,0.24329725498084542,-0.14141276017862492
12,Micro,Huber,2025-05-01,24,24,0.6020898646676606,0.5622525022578344,0.03983736240982616
12,Micro,Huber,2025-06-01,24,24,0.431585730444908,0.1460201357199793,0.2855655947249287
12,Micro,Huber,2025-07-01,24,24,0.058140114926771624,0.005814044671055285,0.05232607025571634
12,Micro,Huber,2025-08-01,24,24,0.8854921526718282,0.622940609611021,0.2625515430608072
12,Micro,Huber,2025-09-01,24,24,-0.5918771591971104,-0.538364890759226,0.05351226843788437
12,Micro,Huber,2025-10-01,24,24,-0.00265982409174248,0.06556388303903304,-0.06290405894729056
12,Micro,Huber,2025-11-01,24,24,0.5609703692071357,0.46646452739192057,0.09450584181521515
12,Micro,Huber,2025-12-01,24,24,0.4345249379885975,0.5579215287748838,-0.12339659078628629
12,Micro,Huber,2026-01-01,24,24,-0.7468711055583402,-0.5914642172874665,0.1554068882708738
12,Micro,Huber,2026-02-01,24,24,-0.27543368976386373,-0.3295241845789576,-0.05409049481509387
12,Micro,Huber,2026-03-01,24,24,0.26131963270162895,0.17358555777867934,0.0877340749229496
12,Micro,Huber,2026-04-01,24,24,0.9398340713862069,0.9183122824977659,0.02152178888844103
12,Micro,Huber,2026-05-01,24,24,0.3965503913369544,0.34172719319553835,0.05482319814141606
12,Micro,Huber,2026-06-01,24,24,-0.6573094002904496,-0.8796340990570286,-0.222324698766579
12,Micro,Huber,2026-07-01,24,24,-0.5076682286726151,-0.7222612079936113,-0.2145929793209962
12,Micro,SeasonalNaive,2024-08-01,24,24,0.13582564565865804,-0.1599999999999966,-0.02417435434133855
12,Micro,SeasonalNaive,2024-09-01,24,24,-0.2089956413874236,1.1299999999999955,-0.9210043586125718
12,Micro,SeasonalNaive,2024-10-01,24,24,-0.5373159356803523,-0.5600000000000023,-0.022684064319649977
12,Micro,SeasonalNaive,2024-11-01,24,24,-0.815483281207844,-0.7600000000000051,0.05548328120783885
12,Micro,SeasonalNaive,2024-12-01,24,24,-0.3413748170665497,-0.6199999999999903,-0.27862518293344063
12,Micro,SeasonalNaive,2025-01-01,24,24,-0.03141989875155593,0.030000000000001137,0.0014198987515547934
12,Micro,SeasonalNaive,2025-02-01,24,24,-0.5503131345624446,-0.8100000000000023,-0.2596868654375577
12,Micro,SeasonalNaive,2025-03-01,24,24,-0.0723944783619882,-0.28000000000000114,-0.20760552163801294
12,Micro,SeasonalNaive,2025-04-01,24,24,0.1018844948022205,-0.15000000000000568,-0.04811550519778518
12,Micro,SeasonalNaive,2025-05-01,24,24,0.6020898646676606,1.009999999999991,-0.40791013533233034
12,Micro,SeasonalNaive,2025-06-01,24,24,0.431585730444908,0.22000000000001307,0.21158573044489493
12,Micro,SeasonalNaive,2025-07-01,24,24,0.058140114926771624,0.7099999999999937,-0.6518598850732221
12,Micro,SeasonalNaive,2025-08-01,24,24,0.8854921526718282,0.6599999999999966,0.22549215267183165
12,Micro,SeasonalNaive,2025-09-01,24,24,-0.5918771591971104,-0.37999999999999545,0.21187715919711492
12,Micro,SeasonalNaive,2025-10-01,24,24,-0.00265982409174248,0.4899999999999949,-0.4873401759082524
12,Micro,SeasonalNaive,2025-11-01,24,24,0.5609703692071357,1.3499999999999943,-0.7890296307928586
12,Micro,SeasonalNaive,2025-12-01,24,24,0.4345249379885975,0.6199999999999903,-0.18547506201139285
12,Micro,SeasonalNaive,2026-01-01,24,24,-0.7468711055583402,-0.7299999999999898,0.016871105558350474
12,Micro,SeasonalNaive,2026-02-01,24,24,-0.27543368976386373,0.2400000000000091,0.03543368976385464
12,Micro,SeasonalNaive,2026-03-01,24,24,0.26131963270162895,0.269999999999996,-0.008680367298367075
12,Micro,SeasonalNaive,2026-04-01,24,24,0.9398340713862069,0.8100000000000023,0.12983407138620462
12,Micro,SeasonalNaive,2026-05-01,24,24,0.3965503913369544,-0.1599999999999966,0.23655039133695782
12,Micro,SeasonalNaive,2026-06-01,24,24,-0.6573094002904496,-1.1000000000000085,-0.44269059970955893
12,Micro,SeasonalNaive,2026-07-01,24,24,-0.5076682286726151,-0.45999999999999375,0.04766822867262133
12,Micro,GroupsFixed,2024-08-01,24,24,0.13582564565865804,0.19936044367332795,-0.06353479801466991
12,Micro,GroupsFixed,2024-09-01,24,24,-0.2089956413874236,-0.3218996133309597,-0.11290397194353607
12,Micro,GroupsFixed,2024-10-01,24,24,-0.5373159356803523,-0.5556732501558952,-0.018357314475542896
12,Micro,GroupsFixed,2024-11-01,24,24,-0.815483281207844,-0.9753253962546561,-0.15984211504681212
12,Micro,GroupsFixed,2024-12-01,24,24,-0.3413748170665497,-0.29654471501048363,0.04483010205606608
12,Micro,GroupsFixed,2025-01-01,24,24,-0.03141989875155593,-0.13444317346034373,-0.1030232747087878
12,Micro,GroupsFixed,2025-02-01,24,24,-0.5503131345624446,-0.6268789295963766,-0.07656579503393202
12,Micro,GroupsFixed,2025-03-01,24,24,-0.0723944783619882,-0.1541905520207807,-0.08179607365879249
12,Micro,GroupsFixed,2025-04-01,24,24,0.1018844948022205,0.033796988405127903,0.0680875063970926
12,Micro,GroupsFixed,2025-05-01,24,24,0.6020898646676606,0.5185955760262334,0.08349428864142716
12,Micro,GroupsFixed,2025-06-01,24,24,0.431585730444908,0.4518925458892988,-0.02030681544439078
12,Micro,GroupsFixed,2025-07-01,24,24,0.058140114926771624,-0.01082318964518103,0.047316925281590594
12,Micro,GroupsFixed,2025-08-01,24,24,0.8854921526718282,0.8523406512192919,0.033151501452536314
12,Micro,GroupsFixed,2025-09-01,24,24,-0.5918771591971104,-0.6790451568159626,-0.08716799761885219
12,Micro,GroupsFixed,2025-10-01,24,24,-0.00265982409174248,-0.1122004620099406,-0.10954063791819812
12,Micro,GroupsFixed,2025-11-01,24,24,0.5609703692071357,0.42413902746913523,0.1368313417380005
12,Micro,GroupsFixed,2025-12-01,24,24,0.4345249379885975,0.41175768799905477,0.022767249989542715
12,Micro,GroupsFixed,2026-01-01,24,24,-0.7468711055583402,-0.8108864717948964,-0.06401536623655613
12,Micro,GroupsFixed,2026-02-01,24,24,-0.27543368976386373,-0.37485839704021207,-0.09942470727634833
12,Micro,GroupsFixed,2026-03-01,24,24,0.26131963270162895,0.16783741450835787,0.09348221819327107
12,Micro,GroupsFixed,2026-04-01,24,24,0.9398340713862069,0.8879616335329676,0.05187243785323925
12,Micro,GroupsFixed,2026-05-01,24,24,0.3965503913369544,0.3987294206324605,-0.002179029295506063
12,Micro,GroupsFixed,2026-06-01,24,24,-0.6573094002904496,-0.7072632857769372,-0.049953885486487604
12,Micro,GroupsFixed,2026-07-01,24,24,-0.5076682286726151,-0.551479571441202,-0.04381134276858689
12,Micro,GroupsDated,2024-08-01,24,24,0.13582564565865804,0.19322884731573153,-0.057403201657073494
12,Micro,GroupsDated,2024-09-01,24,24,-0.2089956413874236,-0.3375678097562086,-0.128572168368785
12,Micro,GroupsDated,2024-10-01,24,24,-0.5373159356803523,-0.5435681360808642,-0.006252200400511887
12,Micro,GroupsDated,2024-11-01,24,24,-0.815483281207844,-0.9490957797287509,-0.13361249852090695
12,Micro,GroupsDated,2024-12-01,24,24,-0.3413748170665497,-0.25102413034469595,0.09035068672185376
12,Micro,GroupsDated,2025-01-01,24,24,-0.03141989875155593,-0.11873521540085741,-0.08731531664930148
12,Micro,GroupsDated,2025-02-01,24,24,-0.5503131345624446,-0.6044440440030245,-0.054130909440579966
12,Micro,GroupsDated,2025-03-01,24,24,-0.0723944783619882,-0.13127267696980371,-0.05887819860781551
12,Micro,GroupsDated,2025-04-01,24,24,0.1018844948022205,0.05205530147390247,0.04982919332831803
12,Micro,GroupsDated,2025-05-01,24,24,0.6020898646676606,0.5267725253758964,0.07531733929176421
12,Micro,GroupsDated,2025-06-01,24,24,0.431585730444908,0.4567369925993975,-0.025151262154489484
12,Micro,GroupsDated,2025-07-01,24,24,0.058140114926771624,-0.01642866371929108,0.04171145120748054
12,Micro,GroupsDated,2025-08-01,24,24,0.8854921526718282,0.8438964962913428,0.04159565638048546
12,Micro,GroupsDated,2025-09-01,24,24,-0.5918771591971104,-0.6892747124261851,-0.09739755322907473
12,Micro,GroupsDated,2025-10-01,24,24,-0.00265982409174248,-0.11936599127571756,-0.11670616718397508
12,Micro,GroupsDated,2025-11-01,24,24,0.5609703692071357,0.4304345215214028,0.1305358476857329
12,Micro,GroupsDated,2025-12-01,24,24,0.4345249379885975,0.44564554525455846,-0.01112060726596098
12,Micro,GroupsDated,2026-01-01,24,24,-0.7468711055583402,-0.8058389646743299,-0.058967859115989674
12,Micro,GroupsDated,2026-02-01,24,24,-0.27543368976386373,-0.3589428593921956,-0.08350916962833188
12,Micro,GroupsDated,2026-03-01,24,24,0.26131963270162895,0.19083148260490956,0.07048815009671938
12,Micro,GroupsDated,2026-04-01,24,24,0.9398340713862069,0.9104173076852686,0.029416763700938264
12,Micro,GroupsDated,2026-05-01,24,24,0.3965503913369544,0.4137818885525075,-0.017231497215553115
12,Micro,GroupsDated,2026-06-01,24,24,-0.6573094002904496,-0.697716079472235,-0.04040667918178542
12,Micro,GroupsDated,2026-07-01,24,24,-0.5076682286726151,-0.5343387480920986,-0.026670519419483507
12,GroupsFixed,Ridge,2024-08-01,24,24,0.19936044367332795,0.14494128571342912,0.05441915795989882
12,GroupsFixed,Ridge,2024-09-01,24,24,-0.3218996133309597,-0.1917201642902171,0.13017944904074258
12,GroupsFixed,Ridge,2024-10-01,24,24,-0.5556732501558952,-0.47464206742175463,0.08103118273414056
12,GroupsFixed,Ridge,2024-11-01,24,24,-0.9753253962546561,-1.0517364214133664,-0.07641102515871034
12,GroupsFixed,Ridge,2024-12-01,24,24,-0.29654471501048363,-0.17324757391007495,0.12329714110040868
12,GroupsFixed,Ridge,2025-01-01,24,24,-0.13444317346034373,0.1326858770151631,0.0017572964451806339
12,GroupsFixed,Ridge,2025-02-01,24,24,-0.6268789295963766,-0.505473008194457,0.12140592140191964
12,GroupsFixed,Ridge,2025-03-01,24,24,-0.1541905520207807,-0.12493736893364371,0.02925318308713698
12,GroupsFixed,Ridge,2025-04-01,24,24,0.033796988405127903,0.346582551581605,-0.3127855631764771
12,GroupsFixed,Ridge,2025-05-01,24,24,0.5185955760262334,0.5662881141850562,-0.047692538158822795
12,GroupsFixed,Ridge,2025-06-01,24,24,0.4518925458892988,0.2523814964201989,0.19951104946909987
12,GroupsFixed,Ridge,2025-07-01,24,24,-0.01082318964518103,-0.266111766047743,-0.255288576402562
12,GroupsFixed,Ridge,2025-08-01,24,24,0.8523406512192919,0.6511473451393215,0.20119330607997044
12,GroupsFixed,Ridge,2025-09-01,24,24,-0.6790451568159626,-0.5504614696086918,0.12858368720727076
12,GroupsFixed,Ridge,2025-10-01,24,24,-0.1122004620099406,0.04208010239159421,0.0701203596183464
12,GroupsFixed,Ridge,2025-11-01,24,24,0.42413902746913523,0.24312425475183375,0.1810147727173015
12,GroupsFixed,Ridge,2025-12-01,24,24,0.41175768799905477,0.35898453339852665,0.052773154600528116
12,GroupsFixed,Ridge,2026-01-01,24,24,-0.8108864717948964,-0.5947668458287865,0.2161196259661099
12,GroupsFixed,Ridge,2026-02-01,24,24,-0.37485839704021207,-0.44069277805537865,-0.06583438101516659
12,GroupsFixed,Ridge,2026-03-01,24,24,0.16783741450835787,0.15347691861943247,0.014360495888925406
12,GroupsFixed,Ridge,2026-04-01,24,24,0.8879616335329676,0.9603377232823505,-0.07237608974938281
12,GroupsFixed,Ridge,2026-05-01,24,24,0.3987294206324605,0.3761757735601634,0.022553647072297067
12,GroupsFixed,Ridge,2026-06-01,24,24,-0.7072632857769372,-0.8102266138348142,-0.102963328057877
12,GroupsFixed,Ridge,2026-07-01,24,24,-0.551479571441202,-0.7396518535728944,-0.18817228213169246
12,GroupsFixed,Huber,2024-08-01,24,24,0.19936044367332795,0.08567750515067019,0.11368293852265776
12,GroupsFixed,Huber,2024-09-01,24,24,-0.3218996133309597,-0.14323375255787596,0.17866586077308372
12,GroupsFixed,Huber,2024-10-01,24,24,-0.5556732501558952,-0.4751536959143863,0.08051955424150892
12,GroupsFixed,Huber,2024-11-01,24,24,-0.9753253962546561,-1.0741844122339046,-0.09885901597924851
12,GroupsFixed,Huber,2024-12-01,24,24,-0.29654471501048363,-0.23565394263043515,0.060890772380048475
12,GroupsFixed,Huber,2025-01-01,24,24,-0.13444317346034373,0.15014973635652495,-0.01570656289618122
12,GroupsFixed,Huber,2025-02-01,24,24,-0.6268789295963766,-0.6042756528464253,0.02260327674995133
12,GroupsFixed,Huber,2025-03-01,24,24,-0.1541905520207807,-0.1587876162159887,-0.0045970641952080005
12,GroupsFixed,Huber,2025-04-01,24,24,0.033796988405127903,0.24329725498084542,-0.20950026657571752
12,GroupsFixed,Huber,2025-05-01,24,24,0.5185955760262334,0.5622525022578344,-0.043656926231601
12,GroupsFixed,Huber,2025-06-01,24,24,0.4518925458892988,0.1460201357199793,0.3058724101693195
12,GroupsFixed,Huber,2025-07-01,24,24,-0.01082318964518103,0.005814044671055285,0.0050091449741257454
12,GroupsFixed,Huber,2025-08-01,24,24,0.8523406512192919,0.622940609611021,0.22940004160827088
12,GroupsFixed,Huber,2025-09-01,24,24,-0.6790451568159626,-0.538364890759226,0.14068026605673656
12,GroupsFixed,Huber,2025-10-01,24,24,-0.1122004620099406,0.06556388303903304,0.04663657897090756
12,GroupsFixed,Huber,2025-11-01,24,24,0.42413902746913523,0.46646452739192057,-0.04232549992278534
12,GroupsFixed,Huber,2025-12-01,24,24,0.41175768799905477,0.5579215287748838,-0.146163840775829
12,GroupsFixed,Huber,2026-01-01,24,24,-0.8108864717948964,-0.5914642172874665,0.21942225450742991
12,GroupsFixed,Huber,2026-02-01,24,24,-0.37485839704021207,-0.3295241845789576,0.045334212461254464
12,GroupsFixed,Huber,2026-03-01,24,24,0.16783741450835787,0.17358555777867934,-0.005748143270321471
12,GroupsFixed,Huber,2026-04-01,24,24,0.8879616335329676,0.9183122824977659,-0.03035064896479822
12,GroupsFixed,Huber,2026-05-01,24,24,0.3987294206324605,0.34172719319553835,0.057002227436922126
12,GroupsFixed,Huber,2026-06-01,24,24,-0.7072632857769372,-0.8796340990570286,-0.1723708132800914
12,GroupsFixed,Huber,2026-07-01,24,24,-0.551479571441202,-0.7222612079936113,-0.1707816365524093
12,GroupsFixed,SeasonalNaive,2024-08-01,24,24,0.19936044367332795,-0.1599999999999966,0.03936044367333136
12,GroupsFixed,SeasonalNaive,2024-09-01,24,24,-0.3218996133309597,1.1299999999999955,-0.8081003866690357
12,GroupsFixed,SeasonalNaive,2024-10-01,24,24,-0.5556732501558952,-0.5600000000000023,-0.004326749844107081
12,GroupsFixed,SeasonalNaive,2024-11-01,24,24,-0.9753253962546561,-0.7600000000000051,0.21532539625465097
12,GroupsFixed,SeasonalNaive,2024-12-01,24,24,-0.29654471501048363,-0.6199999999999903,-0.3234552849895067
12,GroupsFixed,SeasonalNaive,2025-01-01,24,24,-0.13444317346034373,0.030000000000001137,0.1044431734603426
12,GroupsFixed,SeasonalNaive,2025-02-01,24,24,-0.6268789295963766,-0.8100000000000023,-0.18312107040362569
12,GroupsFixed,SeasonalNaive,2025-03-01,24,24,-0.1541905520207807,-0.28000000000000114,-0.12580944797922045
12,GroupsFixed,SeasonalNaive,2025-04-01,24,24,0.033796988405127903,-0.15000000000000568,-0.11620301159487778
12,GroupsFixed,SeasonalNaive,2025-05-01,24,24,0.5185955760262334,1.009999999999991,-0.4914044239737575
12,GroupsFixed,SeasonalNaive,2025-06-01,24,24,0.4518925458892988,0.22000000000001307,0.2318925458892857
12,GroupsFixed,SeasonalNaive,2025-07-01,24,24,-0.01082318964518103,0.7099999999999937,-0.6991768103548127
12,GroupsFixed,SeasonalNaive,2025-08-01,24,24,0.8523406512192919,0.6599999999999966,0.19234065121929533
12,GroupsFixed,SeasonalNaive,2025-09-01,24,24,-0.6790451568159626,-0.37999999999999545,0.2990451568159671
12,GroupsFixed,SeasonalNaive,2025-10-01,24,24,-0.1122004620099406,0.4899999999999949,-0.3777995379900543
12,GroupsFixed,SeasonalNaive,2025-11-01,24,24,0.42413902746913523,1.3499999999999943,-0.9258609725308591
12,GroupsFixed,SeasonalNaive,2025-12-01,24,24,0.41175768799905477,0.6199999999999903,-0.20824231200093557
12,GroupsFixed,SeasonalNaive,2026-01-01,24,24,-0.8108864717948964,-0.7299999999999898,0.0808864717949066
12,GroupsFixed,SeasonalNaive,2026-02-01,24,24,-0.37485839704021207,0.2400000000000091,0.13485839704020297
12,GroupsFixed,SeasonalNaive,2026-03-01,24,24,0.16783741450835787,0.269999999999996,-0.10216258549163815
12,GroupsFixed,SeasonalNaive,2026-04-01,24,24,0.8879616335329676,0.8100000000000023,0.07796163353296537
12,GroupsFixed,SeasonalNaive,2026-05-01,24,24,0.3987294206324605,-0.1599999999999966,0.23872942063246388
12,GroupsFixed,SeasonalNaive,2026-06-01,24,24,-0.7072632857769372,-1.1000000000000085,-0.3927367142230713
12,GroupsFixed,SeasonalNaive,2026-07-01,24,24,-0.551479571441202,-0.45999999999999375,0.09147957144120822
12,GroupsFixed,Micro,2024-08-01,24,24,0.19936044367332795,0.13582564565865804,0.06353479801466991
12,GroupsFixed,Micro,2024-09-01,24,24,-0.3218996133309597,-0.2089956413874236,0.11290397194353607
12,GroupsFixed,Micro,2024-10-01,24,24,-0.5556732501558952,-0.5373159356803523,0.018357314475542896
12,GroupsFixed,Micro,2024-11-01,24,24,-0.9753253962546561,-0.815483281207844,0.15984211504681212
12,GroupsFixed,Micro,2024-12-01,24,24,-0.29654471501048363,-0.3413748170665497,-0.04483010205606608
12,GroupsFixed,Micro,2025-01-01,24,24,-0.13444317346034373,-0.03141989875155593,0.1030232747087878
12,GroupsFixed,Micro,2025-02-01,24,24,-0.6268789295963766,-0.5503131345624446,0.07656579503393202
12,GroupsFixed,Micro,2025-03-01,24,24,-0.1541905520207807,-0.0723944783619882,0.08179607365879249
12,GroupsFixed,Micro,2025-04-01,24,24,0.033796988405127903,0.1018844948022205,-0.0680875063970926
12,GroupsFixed,Micro,2025-05-01,24,24,0.5185955760262334,0.6020898646676606,-0.08349428864142716
12,GroupsFixed,Micro,2025-06-01,24,24,0.4518925458892988,0.431585730444908,0.02030681544439078
12,GroupsFixed,Micro,2025-07-01,24,24,-0.01082318964518103,0.058140114926771624,-0.047316925281590594
12,GroupsFixed,Micro,2025-08-01,24,24,0.8523406512192919,0.8854921526718282,-0.033151501452536314
12,GroupsFixed,Micro,2025-09-01,24,24,-0.6790451568159626,-0.5918771591971104,0.08716799761885219
12,GroupsFixed,Micro,2025-10-01,24,24,-0.1122004620099406,-0.00265982409174248,0.10954063791819812
12,GroupsFixed,Micro,2025-11-01,24,24,0.42413902746913523,0.5609703692071357,-0.1368313417380005
12,GroupsFixed,Micro,2025-12-01,24,24,0.41175768799905477,0.4345249379885975,-0.022767249989542715
12,GroupsFixed,Micro,2026-01-01,24,24,-0.8108864717948964,-0.7468711055583402,0.06401536623655613
12,GroupsFixed,Micro,2026-02-01,24,24,-0.37485839704021207,-0.27543368976386373,0.09942470727634833
12,GroupsFixed,Micro,2026-03-01,24,24,0.16783741450835787,0.26131963270162895,-0.09348221819327107
12,GroupsFixed,Micro,2026-04-01,24,24,0.8879616335329676,0.9398340713862069,-0.05187243785323925
12,GroupsFixed,Micro,2026-05-01,24,24,0.3987294206324605,0.3965503913369544,0.002179029295506063
12,GroupsFixed,Micro,2026-06-01,24,24,-0.7072632857769372,-0.6573094002904496,0.049953885486487604
12,GroupsFixed,Micro,2026-07-01,24,24,-0.551479571441202,-0.5076682286726151,0.04381134276858689
12,GroupsFixed,GroupsDated,2024-08-01,24,24,0.19936044367332795,0.19322884731573153,0.006131596357596414
12,GroupsFixed,GroupsDated,2024-09-01,24,24,-0.3218996133309597,-0.3375678097562086,-0.015668196425248915
12,GroupsFixed,GroupsDated,2024-10-01,24,24,-0.5556732501558952,-0.5435681360808642,0.01210511407503101
12,GroupsFixed,GroupsDated,2024-11-01,24,24,-0.9753253962546561,-0.9490957797287509,0.026229616525905164
12,GroupsFixed,GroupsDated,2024-12-01,24,24,-0.29654471501048363,-0.25102413034469595,0.04552058466578768
12,GroupsFixed,GroupsDated,2025-01-01,24,24,-0.13444317346034373,-0.11873521540085741,0.015707958059486327
12,GroupsFixed,GroupsDated,2025-02-01,24,24,-0.6268789295963766,-0.6044440440030245,0.02243488559335205
12,GroupsFixed,GroupsDated,2025-03-01,24,24,-0.1541905520207807,-0.13127267696980371,0.022917875050976977
12,GroupsFixed,GroupsDated,2025-04-01,24,24,0.033796988405127903,0.05205530147390247,-0.018258313068774568
12,GroupsFixed,GroupsDated,2025-05-01,24,24,0.5185955760262334,0.5267725253758964,-0.008176949349662954
12,GroupsFixed,GroupsDated,2025-06-01,24,24,0.4518925458892988,0.4567369925993975,-0.004844446710098704
12,GroupsFixed,GroupsDated,2025-07-01,24,24,-0.01082318964518103,-0.01642866371929108,-0.005605474074110051
12,GroupsFixed,GroupsDated,2025-08-01,24,24,0.8523406512192919,0.8438964962913428,0.008444154927949143
12,GroupsFixed,GroupsDated,2025-09-01,24,24,-0.6790451568159626,-0.6892747124261851,-0.01022955561022254
12,GroupsFixed,GroupsDated,2025-10-01,24,24,-0.1122004620099406,-0.11936599127571756,-0.00716552926577696
12,GroupsFixed,GroupsDated,2025-11-01,24,24,0.42413902746913523,0.4304345215214028,-0.006295494052267592
12,GroupsFixed,GroupsDated,2025-12-01,24,24,0.41175768799905477,0.44564554525455846,-0.033887857255503695
12,GroupsFixed,GroupsDated,2026-01-01,24,24,-0.8108864717948964,-0.8058389646743299,0.005047507120566452
12,GroupsFixed,GroupsDated,2026-02-01,24,24,-0.37485839704021207,-0.3589428593921956,0.015915537648016453
12,GroupsFixed,GroupsDated,2026-03-01,24,24,0.16783741450835787,0.19083148260490956,-0.02299406809655169
12,GroupsFixed,GroupsDated,2026-04-01,24,24,0.8879616335329676,0.9104173076852686,-0.022455674152300986
12,GroupsFixed,GroupsDated,2026-05-01,24,24,0.3987294206324605,0.4137818885525075,-0.015052467920047052
12,GroupsFixed,GroupsDated,2026-06-01,24,24,-0.7072632857769372,-0.697716079472235,0.009547206304702183
12,GroupsFixed,GroupsDated,2026-07-01,24,24,-0.551479571441202,-0.5343387480920986,0.017140823349103385
12,GroupsDated,Ridge,2024-08-01,24,24,0.19322884731573153,0.14494128571342912,0.04828756160230241
12,GroupsDated,Ridge,2024-09-01,24,24,-0.3375678097562086,-0.1917201642902171,0.1458476454659915
12,GroupsDated,Ridge,2024-10-01,24,24,-0.5435681360808642,-0.47464206742175463,0.06892606865910955
12,GroupsDated,Ridge,2024-11-01,24,24,-0.9490957797287509,-1.0517364214133664,-0.10264064168461551
12,GroupsDated,Ridge,2024-12-01,24,24,-0.25102413034469595,-0.17324757391007495,0.077776556434621
12,GroupsDated,Ridge,2025-01-01,24,24,-0.11873521540085741,0.1326858770151631,-0.013950661614305693
12,GroupsDated,Ridge,2025-02-01,24,24,-0.6044440440030245,-0.505473008194457,0.09897103580856759
12,GroupsDated,Ridge,2025-03-01,24,24,-0.13127267696980371,-0.12493736893364371,0.006335308036160003
12,GroupsDated,Ridge,2025-04-01,24,24,0.05205530147390247,0.346582551581605,-0.29452725010770253
12,GroupsDated,Ridge,2025-05-01,24,24,0.5267725253758964,0.5662881141850562,-0.03951558880915984
12,GroupsDated,Ridge,2025-06-01,24,24,0.4567369925993975,0.2523814964201989,0.20435549617919857
12,GroupsDated,Ridge,2025-07-01,24,24,-0.01642866371929108,-0.266111766047743,-0.24968310232845192
12,GroupsDated,Ridge,2025-08-01,24,24,0.8438964962913428,0.6511473451393215,0.1927491511520213
12,GroupsDated,Ridge,2025-09-01,24,24,-0.6892747124261851,-0.5504614696086918,0.1388132428174933
12,GroupsDated,Ridge,2025-10-01,24,24,-0.11936599127571756,0.04208010239159421,0.07728588888412335
12,GroupsDated,Ridge,2025-11-01,24,24,0.4304345215214028,0.24312425475183375,0.18731026676956908
12,GroupsDated,Ridge,2025-12-01,24,24,0.44564554525455846,0.35898453339852665,0.08666101185603181
12,GroupsDated,Ridge,2026-01-01,24,24,-0.8058389646743299,-0.5947668458287865,0.21107211884554344
12,GroupsDated,Ridge,2026-02-01,24,24,-0.3589428593921956,-0.44069277805537865,-0.08174991866318304
12,GroupsDated,Ridge,2026-03-01,24,24,0.19083148260490956,0.15347691861943247,0.037354563985477096
12,GroupsDated,Ridge,2026-04-01,24,24,0.9104173076852686,0.9603377232823505,-0.049920415597081824
12,GroupsDated,Ridge,2026-05-01,24,24,0.4137818885525075,0.3761757735601634,0.03760611499234412
12,GroupsDated,Ridge,2026-06-01,24,24,-0.697716079472235,-0.8102266138348142,-0.11251053436257918
12,GroupsDated,Ridge,2026-07-01,24,24,-0.5343387480920986,-0.7396518535728944,-0.20531310548079584
12,GroupsDated,Huber,2024-08-01,24,24,0.19322884731573153,0.08567750515067019,0.10755134216506135
12,GroupsDated,Huber,2024-09-01,24,24,-0.3375678097562086,-0.14323375255787596,0.19433405719833263
12,GroupsDated,Huber,2024-10-01,24,24,-0.5435681360808642,-0.4751536959143863,0.06841444016647791
12,GroupsDated,Huber,2024-11-01,24,24,-0.9490957797287509,-1.0741844122339046,-0.12508863250515367
12,GroupsDated,Huber,2024-12-01,24,24,-0.25102413034469595,-0.23565394263043515,0.015370187714260797
12,GroupsDated,Huber,2025-01-01,24,24,-0.11873521540085741,0.15014973635652495,-0.031414520955667546
12,GroupsDated,Huber,2025-02-01,24,24,-0.6044440440030245,-0.6042756528464253,0.00016839115659927906
12,GroupsDated,Huber,2025-03-01,24,24,-0.13127267696980371,-0.1587876162159887,-0.027514939246184977
12,GroupsDated,Huber,2025-04-01,24,24,0.05205530147390247,0.24329725498084542,-0.19124195350694295
12,GroupsDated,Huber,2025-05-01,24,24,0.5267725253758964,0.5622525022578344,-0.03547997688193805
12,GroupsDated,Huber,2025-06-01,24,24,0.4567369925993975,0.1460201357199793,0.3107168568794182
12,GroupsDated,Huber,2025-07-01,24,24,-0.01642866371929108,0.005814044671055285,0.010614619048235796
12,GroupsDated,Huber,2025-08-01,24,24,0.8438964962913428,0.622940609611021,0.22095588668032173
12,GroupsDated,Huber,2025-09-01,24,24,-0.6892747124261851,-0.538364890759226,0.1509098216669591
12,GroupsDated,Huber,2025-10-01,24,24,-0.11936599127571756,0.06556388303903304,0.05380210823668452
12,GroupsDated,Huber,2025-11-01,24,24,0.4304345215214028,0.46646452739192057,-0.036030005870517745
12,GroupsDated,Huber,2025-12-01,24,24,0.44564554525455846,0.5579215287748838,-0.1122759835203253
12,GroupsDated,Huber,2026-01-01,24,24,-0.8058389646743299,-0.5914642172874665,0.21437474738686346
12,GroupsDated,Huber,2026-02-01,24,24,-0.3589428593921956,-0.3295241845789576,0.02941867481323801
12,GroupsDated,Huber,2026-03-01,24,24,0.19083148260490956,0.17358555777867934,0.01724592482623022
12,GroupsDated,Huber,2026-04-01,24,24,0.9104173076852686,0.9183122824977659,-0.007894974812497235
12,GroupsDated,Huber,2026-05-01,24,24,0.4137818885525075,0.34172719319553835,0.07205469535696918
12,GroupsDated,Huber,2026-06-01,24,24,-0.697716079472235,-0.8796340990570286,-0.1819180195847936
12,GroupsDated,Huber,2026-07-01,24,24,-0.5343387480920986,-0.7222612079936113,-0.18792245990151268
12,GroupsDated,SeasonalNaive,2024-08-01,24,24,0.19322884731573153,-0.1599999999999966,0.033228847315734944
12,GroupsDated,SeasonalNaive,2024-09-01,24,24,-0.3375678097562086,1.1299999999999955,-0.7924321902437869
12,GroupsDated,SeasonalNaive,2024-10-01,24,24,-0.5435681360808642,-0.5600000000000023,-0.01643186391913809
12,GroupsDated,SeasonalNaive,2024-11-01,24,24,-0.9490957797287509,-0.7600000000000051,0.1890957797287458
12,GroupsDated,SeasonalNaive,2024-12-01,24,24,-0.25102413034469595,-0.6199999999999903,-0.3689758696552944
12,GroupsDated,SeasonalNaive,2025-01-01,24,24,-0.11873521540085741,0.030000000000001137,0.08873521540085627
12,GroupsDated,SeasonalNaive,2025-02-01,24,24,-0.6044440440030245,-0.8100000000000023,-0.20555595599697774
12,GroupsDated,SeasonalNaive,2025-03-01,24,24,-0.13127267696980371,-0.28000000000000114,-0.14872732303019742
12,GroupsDated,SeasonalNaive,2025-04-01,24,24,0.05205530147390247,-0.15000000000000568,-0.09794469852610321
12,GroupsDated,SeasonalNaive,2025-05-01,24,24,0.5267725253758964,1.009999999999991,-0.48322747462409454
12,GroupsDated,SeasonalNaive,2025-06-01,24,24,0.4567369925993975,0.22000000000001307,0.2367369925993844
12,GroupsDated,SeasonalNaive,2025-07-01,24,24,-0.01642866371929108,0.7099999999999937,-0.6935713362807027
12,GroupsDated,SeasonalNaive,2025-08-01,24,24,0.8438964962913428,0.6599999999999966,0.1838964962913462
12,GroupsDated,SeasonalNaive,2025-09-01,24,24,-0.6892747124261851,-0.37999999999999545,0.30927471242618965
12,GroupsDated,SeasonalNaive,2025-10-01,24,24,-0.11936599127571756,0.4899999999999949,-0.3706340087242773
12,GroupsDated,SeasonalNaive,2025-11-01,24,24,0.4304345215214028,1.3499999999999943,-0.9195654784785915
12,GroupsDated,SeasonalNaive,2025-12-01,24,24,0.44564554525455846,0.6199999999999903,-0.17435445474543187
12,GroupsDated,SeasonalNaive,2026-01-01,24,24,-0.8058389646743299,-0.7299999999999898,0.07583896467434015
12,GroupsDated,SeasonalNaive,2026-02-01,24,24,-0.3589428593921956,0.2400000000000091,0.11894285939218652
12,GroupsDated,SeasonalNaive,2026-03-01,24,24,0.19083148260490956,0.269999999999996,-0.07916851739508646
12,GroupsDated,SeasonalNaive,2026-04-01,24,24,0.9104173076852686,0.8100000000000023,0.10041730768526635
12,GroupsDated,SeasonalNaive,2026-05-01,24,24,0.4137818885525075,-0.1599999999999966,0.25378188855251094
12,GroupsDated,SeasonalNaive,2026-06-01,24,24,-0.697716079472235,-1.1000000000000085,-0.4022839205277735
12,GroupsDated,SeasonalNaive,2026-07-01,24,24,-0.5343387480920986,-0.45999999999999375,0.07433874809210483
12,GroupsDated,Micro,2024-08-01,24,24,0.19322884731573153,0.13582564565865804,0.057403201657073494
12,GroupsDated,Micro,2024-09-01,24,24,-0.3375678097562086,-0.2089956413874236,0.128572168368785
12,GroupsDated,Micro,2024-10-01,24,24,-0.5435681360808642,-0.5373159356803523,0.006252200400511887
12,GroupsDated,Micro,2024-11-01,24,24,-0.9490957797287509,-0.815483281207844,0.13361249852090695
12,GroupsDated,Micro,2024-12-01,24,24,-0.25102413034469595,-0.3413748170665497,-0.09035068672185376
12,GroupsDated,Micro,2025-01-01,24,24,-0.11873521540085741,-0.03141989875155593,0.08731531664930148
12,GroupsDated,Micro,2025-02-01,24,24,-0.6044440440030245,-0.5503131345624446,0.054130909440579966
12,GroupsDated,Micro,2025-03-01,24,24,-0.13127267696980371,-0.0723944783619882,0.05887819860781551
12,GroupsDated,Micro,2025-04-01,24,24,0.05205530147390247,0.1018844948022205,-0.04982919332831803
12,GroupsDated,Micro,2025-05-01,24,24,0.5267725253758964,0.6020898646676606,-0.07531733929176421
12,GroupsDated,Micro,2025-06-01,24,24,0.4567369925993975,0.431585730444908,0.025151262154489484
12,GroupsDated,Micro,2025-07-01,24,24,-0.01642866371929108,0.058140114926771624,-0.04171145120748054
12,GroupsDated,Micro,2025-08-01,24,24,0.8438964962913428,0.8854921526718282,-0.04159565638048546
12,GroupsDated,Micro,2025-09-01,24,24,-0.6892747124261851,-0.5918771591971104,0.09739755322907473
12,GroupsDated,Micro,2025-10-01,24,24,-0.11936599127571756,-0.00265982409174248,0.11670616718397508
12,GroupsDated,Micro,2025-11-01,24,24,0.4304345215214028,0.5609703692071357,-0.1305358476857329
12,GroupsDated,Micro,2025-12-01,24,24,0.44564554525455846,0.4345249379885975,0.01112060726596098
12,GroupsDated,Micro,2026-01-01,24,24,-0.8058389646743299,-0.7468711055583402,0.058967859115989674
12,GroupsDated,Micro,2026-02-01,24,24,-0.3589428593921956,-0.27543368976386373,0.08350916962833188
12,GroupsDated,Micro,2026-03-01,24,24,0.19083148260490956,0.26131963270162895,-0.07048815009671938
12,GroupsDated,Micro,2026-04-01,24,24,0.9104173076852686,0.9398340713862069,-0.029416763700938264
12,GroupsDated,Micro,2026-05-01,24,24,0.4137818885525075,0.3965503913369544,0.017231497215553115
12,GroupsDated,Micro,2026-06-01,24,24,-0.697716079472235,-0.6573094002904496,0.04040667918178542
12,GroupsDated,Micro,2026-07-01,24,24,-0.5343387480920986,-0.5076682286726151,0.026670519419483507
12,GroupsDated,GroupsFixed,2024-08-01,24,24,0.19322884731573153,0.19936044367332795,-0.006131596357596414
12,GroupsDated,GroupsFixed,2024-09-01,24,24,-0.3375678097562086,-0.3218996133309597,0.015668196425248915
12,GroupsDated,GroupsFixed,2024-10-01,24,24,-0.5435681360808642,-0.5556732501558952,-0.01210511407503101
12,GroupsDated,GroupsFixed,2024-11-01,24,24,-0.9490957797287509,-0.9753253962546561,-0.026229616525905164
12,GroupsDated,GroupsFixed,2024-12-01,24,24,-0.25102413034469595,-0.29654471501048363,-0.04552058466578768
12,GroupsDated,GroupsFixed,2025-01-01,24,24,-0.11873521540085741,-0.13444317346034373,-0.015707958059486327
12,GroupsDated,GroupsFixed,2025-02-01,24,24,-0.6044440440030245,-0.6268789295963766,-0.02243488559335205
12,GroupsDated,GroupsFixed,2025-03-01,24,24,-0.13127267696980371,-0.1541905520207807,-0.022917875050976977
12,GroupsDated,GroupsFixed,2025-04-01,24,24,0.05205530147390247,0.033796988405127903,0.018258313068774568
12,GroupsDated,GroupsFixed,2025-05-01,24,24,0.5267725253758964,0.5185955760262334,0.008176949349662954
12,GroupsDated,GroupsFixed,2025-06-01,24,24,0.4567369925993975,0.4518925458892988,0.004844446710098704
12,GroupsDated,GroupsFixed,2025-07-01,24,24,-0.01642866371929108,-0.01082318964518103,0.005605474074110051
12,GroupsDated,GroupsFixed,2025-08-01,24,24,0.8438964962913428,0.8523406512192919,-0.008444154927949143
12,GroupsDated,GroupsFixed,2025-09-01,24,24,-0.6892747124261851,-0.6790451568159626,0.01022955561022254
12,GroupsDated,GroupsFixed,2025-10-01,24,24,-0.11936599127571756,-0.1122004620099406,0.00716552926577696
12,GroupsDated,GroupsFixed,2025-11-01,24,24,0.4304345215214028,0.42413902746913523,0.006295494052267592
12,GroupsDated,GroupsFixed,2025-12-01,24,24,0.44564554525455846,0.41175768799905477,0.033887857255503695
12,GroupsDated,GroupsFixed,2026-01-01,24,24,-0.8058389646743299,-0.8108864717948964,-0.005047507120566452
12,GroupsDated,GroupsFixed,2026-02-01,24,24,-0.3589428593921956,-0.37485839704021207,-0.015915537648016453
12,GroupsDated,GroupsFixed,2026-03-01,24,24,0.19083148260490956,0.16783741450835787,0.02299406809655169
12,GroupsDated,GroupsFixed,2026-04-01,24,24,0.9104173076852686,0.8879616335329676,0.022455674152300986
12,GroupsDated,GroupsFixed,2026-05-01,24,24,0.4137818885525075,0.3987294206324605,0.015052467920047052
12,GroupsDated,GroupsFixed,2026-06-01,24,24,-0.697716079472235,-0.7072632857769372,-0.009547206304702183
12,GroupsDated,GroupsFixed,2026-07-01,24,24,-0.5343387480920986,-0.551479571441202,-0.017140823349103385
