date,Item_code,Name,Weight,Prediction,Contribution,Method,Parent
2026-09-01,101,"Абонентская плата за доступ к сети Интернет, месяц",0.0085699999999999,-0.018471007990586888,-0.0001582965384793278,native,48
2026-09-01,103,"Абонентская плата за неограниченный объем местных телефонных соединений, месяц",0.00026,0.36016300318545813,9.364238082821911e-05,native,48
2026-09-01,104,"Абонентская плата за пакет услуг сотовой связи, месяц",0.01009,0.2710352129113064,0.0027347452982750815,native,48
2026-09-01,106,"Абонентская плата за телевизионную антенну, месяц",0.00219,0.5284582270913566,0.001157323517330071,native,48
2026-09-01,107,"Абонентская плата при комбинированной системе оплаты услуг местной телефонной связи, месяц",0.00022,0.4079032001061168,8.97387040233457e-05,native,48
2026-09-01,109,"Авторучка шариковая, шт.",0.00063,1.3747316839174166,0.0008660809608679725,native,54
2026-09-01,112,"Альбом для рисования, шт.",0.00023,0.8251338231702373,0.00018978077932915458,native,54
2026-09-01,113,"Амброксол, 30 мг, 10 таблеток",0.00035,0.07201687444637045,2.5205906056229657e-05,native,21
2026-09-01,115,"Апельсины, кг",0.00434,3.9438299816407056,0.017116222120320664,native,33
2026-09-01,116,"Аппарат для измерения артериального давления электронный, шт.",0.0002,0.20453267100556694,4.090653420111339e-05,native,21
2026-09-01,117,"Аренда двухкомнатной квартиры у частных лиц, месяц",0.00506,0.780809234992785,0.003950894729063492,native,14
2026-09-01,118,"Аренда индивидуального банковского сейфа, в расчете на месяц",0.00011,2.8625640095938243,0.0003148820410553207,native,55
2026-09-01,119,"Аренда однокомнатной квартиры у частных лиц, месяц",0.00435,0.963641823203609,0.004191841930935699,native,14
2026-09-01,120,"Ацетилсалициловая кислота (Аспирин отечественный), 500 мг, 10 таблеток",0.00029,1.6449946287073405,0.0004770484423251287,native,21
2026-09-01,121,"Бананы, кг",0.00418,-0.19923170286133352,-0.000832788517960374,native,33
2026-09-01,122,"Баранина (кроме бескостного мяса), кг",0.00651,0.5876544914671031,0.0038256307394508417,native,26
2026-09-01,123,"Бараночные изделия, кг",0.00116,0.5088510772429922,0.000590267249601871,native,49
2026-09-01,124,"Батарейки электрические типа АА, шт.",0.00019,0.4810624352445523,9.140186269646494e-05,native,51
2026-09-01,126,"Белье для новорожденных и детей ясельного возраста, шт.",0.00028,0.8523760913706921,0.00023866530558379378,native,29
2026-09-01,130,"Бензин автомобильный марки АИ-92, л",0.01023,-4.503580617419278,-0.04607162971619921,native,42
2026-09-01,131,"Бензин автомобильный марки АИ-95, л",0.01543,-3.785432807897133,-0.05840922822585276,native,42
2026-09-01,132,"Бензин автомобильный марки АИ-98, л",0.00117,3.0021033113121947,0.0035124608742352677,native,42
2026-09-01,134,"Бинт, шт.",4e-05,-0.3652664284998369,-1.4610657139993478e-05,native,21
2026-09-01,135,"Бисопролол, 10 мг, 10 таблеток",0.00039,0.43367203324823356,0.0001691320929668111,native,21
2026-09-01,136,"Блузка для девочек школьного возраста, шт.",0.00106,0.8951679719177066,0.0009488780502327689,native,29
2026-09-01,137,"Блузка женская, шт.",0.00257,0.039073092882705746,0.00010041784870855376,native,29
2026-09-01,138,"Ботинки, полуботинки для детей дошкольного возраста, пара",0.00078,0.9122441922107667,0.000711550469924398,native,27
2026-09-01,139,"Ботинки, полуботинки для детей школьного возраста, пара",0.0012,0.739500106704148,0.0008874001280449775,native,27
2026-09-01,141,"Брюки для детей школьного возраста из джинсовой ткани, шт.",0.00098,0.23279965240237308,0.0002281436593543256,native,29
2026-09-01,142,"Брюки для детей школьного возраста из полушерстяных тканей, шт.",0.00088,0.4856459738532236,0.0004273684569908368,native,29
2026-09-01,143,"Брюки женские из полушерстяных или смесовых тканей, шт.",0.00204,0.48820158862179497,0.000995931240788462,native,29
2026-09-01,144,"Брюки мужские из джинсовой ткани (джинсы), шт.",0.00408,-0.4031266253095725,-0.001644756631263056,native,29
2026-09-01,145,"Брюки мужские из полушерстяных или смесовых тканей, шт.",0.00183,0.4994812136921062,0.0009140506210565543,native,29
2026-09-01,146,"Булочные изделия сдобные из муки высшего сорта штучные, кг",0.00169,1.008856876158402,0.0017049681207076995,native,49
2026-09-01,147,"Бумага туалетная, рулон",0.00099,0.31106820538790503,0.000307957523334026,native,54
2026-09-01,149,"Бюстгальтер, шт.",0.00143,0.6103672002629357,0.000872825096375998,native,13
2026-09-01,150,"Валидол, 60 мг, 10 таблеток",0.00032,-1.8063264045133998,-0.000578024449444288,native,21
2026-09-01,152,"Варенье, джем, повидло, кг",0.00113,0.24364911373535134,0.00027532349852094697,native,53
2026-09-01,154,"Вата отечественная, 100 г",0.00014,0.4638530728668233,6.493943020135526e-05,native,21
2026-09-01,155,"Велосипед для дошкольников, шт.",0.00107,0.44276450678326623,0.00047375802225809485,native,54
2026-09-01,156,"Велосипед дорожный для взрослых, шт.",0.00059,-0.205209087089919,-0.00012107336138305221,native,54
2026-09-01,158,"Вермишель, кг",0.00142,0.02308060151636171,3.277445415323363e-05,native,18
2026-09-01,162,"Взносы на капитальный ремонт, м2",0.00784,0.3347368473299783,0.00262433688306703,native,14
2026-09-01,164,"Вино виноградное крепленое, л",0.00134,0.7662744344263599,0.0010268077421313223,native,11
2026-09-01,165,"Вино виноградное столовое, л",0.00172,0.4339529116056793,0.0007463990079617683,native,11
2026-09-01,166,"Вино игристое отечественное, л",0.00136,0.3364175914184267,0.00045752792432906034,native,11
2026-09-01,167,"Виноград, кг",0.00338,-11.708086688928125,-0.039573333008577065,native,33
2026-09-01,171,"Водка, л",0.0033,-0.33674142682852815,-0.0011112467085341428,native,11
2026-09-01,172,"Водоотведение, м3",0.00325,0.4285522620183303,0.0013927948515595734,native,14
2026-09-01,173,"Водоснабжение горячее, м3",0.00592,1.2526769065120456,0.007415847286551309,native,14
2026-09-01,174,"Водоснабжение холодное, м3",0.0053,0.8037322541501735,0.0042597809469959195,native,14
2026-09-01,181,"Выполнение обойных работ, 10 м2",0.00103,0.5565633261603242,0.000573260225945134,native,12
2026-09-01,182,"Выполнение работ по облицовке кафельной плиткой, м2",0.00119,0.7302898447655621,0.000869044915271019,native,12
2026-09-01,184,"Газ сетевой, м3",0.01097,0.7601707193158558,0.008339072790894938,native,14
2026-09-01,185,"Газ сетевой, месяц с человека",0.0095,0.7633685094245355,0.007252000839533087,native,14
2026-09-01,189,"Газовое моторное топливо, л",0.00226,1.4599839608161922,0.003299563751444594,native,42
2026-09-01,195,"Говядина (кроме бескостного мяса), кг",0.01634,0.5045894661390843,0.008244991876712637,native,26
2026-09-01,196,"Говядина бескостная, кг",0.01193,0.6858686253179196,0.00818241270004278,native,26
2026-09-01,197,"Годовая стоимость полиса добровольного страхования жилья от стандартных рисков, полис",0.00027,0.6668980075124855,0.00018006246202837109,native,55
2026-09-01,198,"Годовая стоимость полиса добровольного страхования легкового автомобиля от стандартных рисков (КАСКО), полис",0.00223,-0.41183602197510016,-0.0009183943290044734,native,55
2026-09-01,203,"Горох и фасоль, кг",0.00191,0.3942055730213455,0.0007529326444707699,native,18
2026-09-01,204,"Груши, кг",0.00292,-3.439567680351926,-0.010043537626627625,native,33
2026-09-01,205,"Джемпер для детей школьного возраста, шт.",0.00045,0.2830332359190334,0.00012736495616356503,native,43
2026-09-01,206,"Джемпер женский, шт.",0.00129,0.6405019458720577,0.0008262475101749544,native,43
2026-09-01,207,"Джемпер мужской, шт.",0.00127,0.696179156796806,0.0008841475291319436,native,43
2026-09-01,208,"Диван-кровать, шт.",0.00253,0.34962927796918347,0.0008845620732620342,native,20
2026-09-01,209,"Дизельное топливо, л",0.00286,0.30800552160391476,0.0008808957917871963,native,42
2026-09-01,210,"Дом отдыха, пансионат, день",0.00177,1.5699999999999932,0.0027788999999999882,short_history,35
2026-09-01,211,"Дополнительные занятия в государственных и муниципальных общеобразовательных организациях очной формы обучения, академический час",0.00031,0.1546297245646202,4.793521461503226e-05,native,44
2026-09-01,212,"Дополнительные занятия для детей дошкольного возраста, академический час",0.00189,0.3187841182482126,0.0006025019834891218,native,44
2026-09-01,213,"Доска обрезная, м3",0.00153,1.445073039379316,0.0022109617502503536,native,38
2026-09-01,214,"Дрель электрическая, шт.",0.00056,1.5507970274840344,0.0008684463353910591,native,15
2026-09-01,216,"Дротаверин (Но-шпа), 40 мг, 100 таблеток",0.00039,0.30463008882859033,0.00011880573464315023,native,21
2026-09-01,218,"Еврошифер, 10 м2",0.00011,0.6056558895483488,6.662214785031837e-05,native,38
2026-09-01,221,"Жевательная резинка, упаковка",0.00016,-0.31257920850304055,-5.001267336048649e-05,native,16
2026-09-01,223,"Жидкие чистящие и моющие средства, л",0.00353,0.34587507633713466,0.0012209390194700854,native,25
2026-09-01,228,"Занятия в плавательных бассейнах, месяц",0.00091,0.7109908557487038,0.0006470016787313204,native,55
2026-09-01,229,"Занятия на курсах иностранных языков, академический час",0.00156,1.189782694529524,0.0018560610034660575,native,44
2026-09-01,230,"Занятия на курсах профессионального обучения, академический час",0.00123,0.20138445592010723,0.00024770288078173187,native,44
2026-09-01,231,"Земля для растений, л",0.00027,0.6742297700740381,0.00018204203791999027,native,54
2026-09-01,232,"Зеркало навесное для ванной комнаты, шт.",0.00125,0.7095175623272733,0.0008868969529090916,native,20
2026-09-01,233,"Зефир, пастила, кг",0.00143,1.0315323668763163,0.0014750912846331324,native,16
2026-09-01,234,"Зонт, шт.",0.00109,0.6339842085822813,0.0006910427873546867,native,13
2026-09-01,236,"Игрушки мягкие, шт.",0.00012,0.511644499709218,6.139733996510616e-05,native,54
2026-09-01,237,"Игрушки пластмассовые для детей ясельного возраста, шт.",0.00039,0.2077642881050029,8.102807236095112e-05,native,54
2026-09-01,238,"Изготовление гроба, шт.",0.00038,0.22822537478968058,8.672564242007862e-05,native,12
2026-09-01,239,"Изготовление коронки, шт.",0.00131,0.46166854858070017,0.0006047857986407172,native,22
2026-09-01,240,"Изготовление съёмного протеза, протез",0.00127,0.31096625744000306,0.0003949271469488039,native,22
2026-09-01,241,"Изготовление фотографий для документов, 4 шт.",0.00011,0.5809491340433822,6.390440474477204e-05,native,12
2026-09-01,243,"Икра лососевых рыб, отечественная, кг",0.00046,0.33960155785778134,0.00015621671661457943,native,34
2026-09-01,244,"Индапамид, 2,5 мг, 10 таблеток",0.00035,0.532221666666664,0.00018627758333333242,calendar_gap_in_required_features,21
2026-09-01,245,"Йогурт, 125 г",0.00113,0.5948244709360593,0.0006721516521577469,native,24
2026-09-01,246,"Йод, 10 мл",0.00036,0.729066477487579,0.00026246393189552846,native,21
2026-09-01,247,"Какао, кг",0.00055,-0.38758919371333767,-0.00021317405654233573,native,50
2026-09-01,248,"Кальмары мороженые, кг",0.00023,0.5530263821342518,0.00012719606789087792,native,34
2026-09-01,249,"Капуста белокочанная свежая, кг",0.00236,-0.38066839645875405,-0.0008983774156426596,native,33
2026-09-01,250,"Карамель, кг",0.00369,-0.4795760079639864,-0.00176963546938711,native,16
2026-09-01,251,"Карандаш чернографитный, шт.",0.00034,0.13320536004534636,4.528982241541776e-05,native,54
2026-09-01,252,"Картофель, кг",0.00612,-10.63437179149312,-0.06508235536393789,native,33
2026-09-01,253,"Кастрюля из эмалированной или нержавеющей стали, шт.",0.00178,0.14909104699491188,0.0002653820636509431,native,54
2026-09-01,254,"Кексы, рулеты, кг",0.00333,0.11933687729553288,0.0003973918013941245,native,16
2026-09-01,256,"Кетчуп, кг",0.00182,0.17440660786582934,0.0003174200263158094,native,53
2026-09-01,257,"Кинотеатры, билет",0.00023,-0.18374940656540406,-4.226236351004294e-05,native,46
2026-09-01,258,"Кирпич красный, 1000 шт.",0.00015,0.541308332953434,8.119624994301508e-05,native,38
2026-09-01,259,"Кисломолочные продукты, кг",0.00311,0.33706009032277295,0.0010482568809038239,native,24
2026-09-01,260,"Клинический осмотр животного, посещение",0.00037,0.45919174727185585,0.00016990094649058665,native,55
2026-09-01,261,"Книга художественная, шт.",0.00028,0.256408910660154,7.179449498484311e-05,native,32
2026-09-01,263,"Ковер, ковровое покрытие (палас) синтетический, м2",0.00279,0.34431608761353516,0.000960641884441763,native,54
2026-09-01,265,"Колбаса вареная, кг",0.00464,-0.5629626302781925,-0.002612146604490813,native,26
2026-09-01,266,"Колбаса полукопченая и варено-копченая, кг",0.00298,-0.5079535887871197,-0.0015137016945856168,native,26
2026-09-01,267,"Колбаса сырокопченая, кг",0.00053,0.888424004084693,0.0004708647221648873,native,26
2026-09-01,271,"Колготки детские, шт.",0.00035,0.27628961025957866,9.670136359085253e-05,native,54
2026-09-01,272,"Колготки женские эластичные, шт.",0.00127,0.18398864641221566,0.0002336655809435139,native,54
2026-09-01,273,"Кольцо обручальное золотое, грамм",0.00353,1.0598472749765233,0.0037412608806671275,native,54
2026-09-01,274,"Коляска для новорожденного, шт.",0.00064,0.05361818568181857,3.431563883636389e-05,native,13
2026-09-01,275,"Комбинезон (костюм) утепленный для детей дошкольного возраста, шт.",0.00047,1.1729353339385207,0.0005512796069511047,native,29
2026-09-01,276,"Комбинезон утепленный для детей до одного года, шт.",0.00038,1.6305462492181273,0.0006196075747028885,native,29
2026-09-01,280,"Комплект постельного белья полутораспальный из хлопчатобумажной ткани, комплект",0.0027,0.5424817435415727,0.0014647007075622464,native,29
2026-09-01,281,"Комплект столовых приборов, комплект на 1 человека",0.00028,0.6054817953898983,0.0001695349027091715,native,54
2026-09-01,282,"Компьютер персональный переносной (ноутбук), шт.",0.00185,-0.45527800791169204,-0.0008422643146366303,native,31
2026-09-01,283,"Компьютер планшетный, шт.",0.00162,-0.5827744590629139,-0.0009440946236819205,native,31
2026-09-01,285,"Консервы мясные для детского питания, кг",3e-05,0.9706799545579557,2.9120398636738672e-05,native,26
2026-09-01,286,"Консервы мясные, 350 г",0.00041,0.44191885780991214,0.00018118673170206397,native,26
2026-09-01,288,"Консервы овощные для детского питания, кг",8e-05,-0.40124137496134216,-3.2099309996907374e-05,native,53
2026-09-01,290,"Консервы рыбные в томатном соусе, 350 г",0.0005,0.5925286016558141,0.00029626430082790704,native,34
2026-09-01,291,"Консервы рыбные натуральные и с добавлением масла, 350 г",0.0013,0.7127964794435752,0.0009266354232766477,native,34
2026-09-01,292,"Консервы томатные, кг",0.00128,0.20036921905421273,0.00025647260038939233,native,53
2026-09-01,294,"Консервы фруктово-ягодные для детского питания, кг",9e-05,0.8450523295757779,7.605470966182002e-05,native,53
2026-09-01,295,"Конструктор детский пластмассовый, набор",0.00029,-1.0868123478280347,-0.00031517558087013005,native,54
2026-09-01,296,"Конфеты мягкие, глазированные шоколадом, кг",0.00332,0.8227928066763962,0.0027316721181656354,native,16
2026-09-01,298,"Конфеты шоколадные натуральные и с добавками, кг",0.003,-0.46413735589117877,-0.0013924120676735363,native,16
2026-09-01,301,"Коньяк ординарный отечественный, л",0.00278,0.05284668875074858,0.00014691379472708105,native,11
2026-09-01,302,"Корвалол, 25 мл",0.00039,1.3493455027304422,0.0005262447460648725,native,21
2026-09-01,303,"Корригирующие очки, шт.",0.00097,0.5562844140385325,0.0005395958816173765,native,21
2026-09-01,304,"Костюм-двойка мужской из шерстяных, полушерстяных или смесовых  тканей, шт.",0.00255,0.3188007706096371,0.0008129419650545746,native,29
2026-09-01,305,"Костюм спортивный для взрослых, шт.",0.00175,0.7418611363598048,0.0012982569886296584,native,43
2026-09-01,306,"Костюм спортивный для детей школьного возраста, шт.",0.00141,0.028800916939413557,4.060929288457312e-05,native,43
2026-09-01,307,"Костюм трикотажный для детей ясельного возраста, шт.",0.00037,0.07889851660044239,2.9192451142163684e-05,native,43
2026-09-01,309,"Кофе в организациях быстрого обслуживания, 200 г",0.00148,0.45141407458453364,0.0006680928303851098,native,28
2026-09-01,310,"Кофе натуральный в зернах и молотый, кг",0.00406,0.14125989022483731,0.0005735151543128396,native,50
2026-09-01,311,"Кофе натуральный растворимый, кг",0.00547,-0.7236877339398795,-0.003958571904651141,native,50
2026-09-01,312,"Краска для волос, шт.",0.00069,-0.07927361997004956,-5.4698797779334195e-05,native,30
2026-09-01,313,"Краски масляные, эмали отечественные, кг",0.00097,0.7414660886224469,0.0007192221059637735,native,38
2026-09-01,314,"Креветки мороженые неразделанные, кг",0.00036,0.44775208991261106,0.00016119075236854,native,34
2026-09-01,315,"Крем для лица, 100 г (100 мл)",0.00159,1.2650432700854897,0.0020114187994359285,native,30
2026-09-01,316,"Кровать для новорожденных,шт.",0.00051,0.3776064655240302,0.00019257929741725542,native,20
2026-09-01,319,"Кроссовые туфли для детей с верхом из искусственной кожи, пара",0.00156,-0.28294060458502807,-0.0004413873431526438,native,27
2026-09-01,320,"Крупа гречневая-ядрица, кг",0.00337,2.556966307763589,0.008616976457163295,native,18
2026-09-01,322,"Крупа манная, кг",0.00059,0.04731260393509548,2.7914436321706336e-05,native,18
2026-09-01,323,"Крупы овсяная и перловая, кг",0.00032,0.3588761298431918,0.00011484036154982138,native,18
2026-09-01,324,"Ксерокопирование документа, лист",0.0009,0.6612029771551482,0.0005950826794396334,native,55
2026-09-01,325,"Ксилометазолин (Галазолин) 0,1%, 10 мл",0.00051,0.2713423201077302,0.0001383845832549424,native,21
2026-09-01,326,"Кулинарные изделия из птицы, кг",0.00167,0.8333174957282132,0.0013916402178661162,native,26
2026-09-01,327,"Куртка для детей дошкольного возраста с верхом из плащевых тканей утепленная, шт.",0.00088,1.3990983621423776,0.0012312065586852924,native,29
2026-09-01,328,"Куртка для детей школьного возраста с верхом из плащевых тканей утепленная, шт.",0.00084,0.8185662436970145,0.0006875956447054922,native,29
2026-09-01,329,"Куртка женская без утеплителя (ветровка), шт.",0.00271,0.4098907664762903,0.0011108039771507469,native,29
2026-09-01,330,"Куртка мужская без утеплителя (ветровка), шт.",0.00269,0.31728092785377726,0.0008534856959266609,native,29
2026-09-01,331,"Куртка мужская из натуральной кожи, шт.",0.00068,0.40644605566528186,0.0002763833178523917,native,29
2026-09-01,332,"Куртка мужская с верхом из плащевых тканей утепленная, шт.",0.00192,0.6541299088655499,0.0012559294250218558,native,29
2026-09-01,333,"Куры охлажденные и мороженые, кг",0.00958,0.5228952064283934,0.005009336077584008,native,26
2026-09-01,334,"Ламинат, м2",0.00167,0.416311980303001,0.0006952410071060116,native,38
2026-09-01,335,"Лампа электрическая осветительная, шт.",0.00019,0.49460352024214377,9.397466884600732e-05,native,51
2026-09-01,336,"Лампа энергосберегающая, шт.",0.00022,-1.3862129144132775,-0.00030496684117092105,native,51
2026-09-01,337,"Левомеколь, мазь, 40 г",0.00041,0.16126417304574303,6.611831094875464e-05,native,21
2026-09-01,338,"Легковой автомобиль импортный подержанный, шт.",0.01012,-0.13874853124923864,-0.0014041351362422952,native,17
2026-09-01,339,"Легковой автомобиль иностранной марки новый, шт.",0.00959,-0.07111033333332983,-0.0006819480966666331,insufficient_training_rows,17
2026-09-01,340,"Легковой автомобиль отечественный новый, шт.",0.00753,0.2861579071204996,0.002154769040617362,native,17
2026-09-01,341,"Лечебный массаж, сеанс",0.00013,0.46547505166626824,6.051175671661486e-05,native,22
2026-09-01,342,"Лечение кариеса, пломба",0.00221,0.7751714219857415,0.001713128842588489,native,22
2026-09-01,343,"Лимоны, кг",0.00185,2.0323980144488862,0.0037599363267304398,native,33
2026-09-01,345,"Линолеум, м2",0.00085,0.4872211246050831,0.0004141379559143206,native,38
2026-09-01,346,"Лопата садовая, шт.",0.00015,0.4284582666872055,6.426874000308081e-05,native,54
2026-09-01,347,"Лоперамид, 2 мг, 10 капсул (таблеток)",0.00036,0.25743485652452636,9.26765483488295e-05,native,21
2026-09-01,349,"Лук репчатый, кг",0.00236,-17.68558154357343,-0.041737972442833296,native,33
2026-09-01,350,"Майка, футболка женская бельевая, шт.",0.00079,0.5576591882472006,0.0004405507587152885,native,43
2026-09-01,351,"Майка, футболка мужская бельевая, шт.",0.00151,0.5401734180441302,0.0008156618612466367,native,43
2026-09-01,352,"Майонез, кг",0.00223,-0.1806067355688714,-0.0004027530203185833,native,53
2026-09-01,354,"Макаронные изделия из пшеничной муки высшего сорта, кг",0.00382,0.10271870877136846,0.0003923854675066275,native,18
2026-09-01,355,"Маникюр,услуга",0.0057,0.9019522405305368,0.00514112777102406,native,12
2026-09-01,357,"Маргарин, кг",0.0008,-0.9095963131421045,-0.0007276770505136837,native,19
2026-09-01,358,"Масло оливковое, л",0.00257,0.24260947661102694,0.0006235063548903392,native,19
2026-09-01,359,"Масло подсолнечное, кг",0.00543,0.7958645827559278,0.004321544684364687,native,19
2026-09-01,360,"Масло сливочное, кг",0.00872,0.5457416842341295,0.004758867486521609,native,19
2026-09-01,362,"Матрас детский, шт.",0.00051,0.3559902423145936,0.00018155502358044274,native,20
2026-09-01,363,"Машина стиральная автоматическая, шт.",0.0019,-0.16339441735969817,-0.00031044939298342653,native,51
2026-09-01,365,"Мёд пчелиный натуральный, кг",0.00469,0.5406042662664016,0.0025354340087894232,native,53
2026-09-01,369,"Металлочерепица, м2",0.00052,0.6228358697215126,0.00032387465225518653,native,38
2026-09-01,370,"Метамизол натрия (Анальгин отечественный), 500 мг, 10 таблеток",0.00036,0.7742136377556565,0.0002787169095920364,native,21
2026-09-01,373,"Миксер, блендер, шт.",0.00176,0.01713810399044699,3.0163063023186705e-05,native,51
2026-09-01,374,"Мойка из нержавеющей стали для кухни, шт.",0.00182,0.5033460248038891,0.0009160897651430782,native,38
2026-09-01,375,"Мойка легкового автомобиля, услуга",0.00529,0.7462873185232546,0.003947859914988017,native,12
2026-09-01,378,"Молоко питьевое цельное пастеризованное 2,5-3,2% жирности, л",0.00302,0.6077588694791123,0.0018354317858269192,native,24
2026-09-01,379,"Молоко питьевое цельное стерилизованное 2,5-3,2% жирности, л",0.00232,0.5225081536806715,0.0012122189165391579,native,24
2026-09-01,380,"Молоко сгущенное с сахаром, 400 г",0.00113,-0.2811847695285076,-0.0003177387895672136,native,24
2026-09-01,381,"Монитор для настольного компьютера, шт.",0.00052,-0.11730752663099829,-6.099991384811911e-05,native,31
2026-09-01,382,"Морковь, кг",0.0021,-10.425692874682401,-0.02189395503683304,native,33
2026-09-01,384,"Мороженое сливочное, кг",0.00491,0.17350572497522831,0.0008519131096283711,native,53
2026-09-01,386,"Музеи и выставки, билет",9e-05,1.1601942001409604,0.00010441747801268644,native,46
2026-09-01,388,"Мука пшеничная, кг",0.00424,0.23448810060065212,0.000994229546546765,native,53
2026-09-01,389,"Мыло туалетное, 100 г",0.00099,0.8215290202070057,0.0008133137300049356,native,25
2026-09-01,390,"Мыло хозяйственное, 200 г",0.00174,-0.11399101191221717,-0.00019834436072725786,native,25
2026-09-01,393,"Мясо индейки, кг",0.00424,0.46335591720095226,0.0019646290889320374,native,26
2026-09-01,395,"Мясокопчености, кг",0.00303,0.5239926888496056,0.0015876978472143051,native,26
2026-09-01,396,"Мяч футбольный, шт.",0.00026,0.2996706056341294,7.791435746487363e-05,native,54
2026-09-01,397,"Набор корпусной мебели, комплект",0.00062,0.1971351853731254,0.00012222381493133774,native,20
2026-09-01,399,"Набор фломастеров, набор",0.00032,0.672390380017576,0.00021516492160562434,native,54
2026-09-01,400,"Наём жилых помещений в государственном и муниципальном жилищных фондах, м2 общей площади",0.00012,3.6917939601926983,0.0004430152752231238,native,14
2026-09-01,402,"Напитки газированные, л",0.00389,0.32340488567959186,0.0012580450052936123,native,53
2026-09-01,404,"Национальные сыры и брынза, кг",0.00741,0.6584211199328163,0.004878900498702168,native,39
2026-09-01,405,"Начальный курс обучения вождению легкового автомобиля, курс",0.00108,0.7639844036687956,0.0008251031559622993,native,44
2026-09-01,406,"Нимесулид, 100 мг, 10 таблеток",0.0004,0.4243575658211786,0.00016974302632847144,native,21
2026-09-01,408,"Нитки швейные, катушка",0.00011,0.3707360462901329,4.078096509191462e-05,native,54
2026-09-01,410,"Носки мужские, пара",0.00108,0.5972113111462942,0.0006449882160379978,native,54
2026-09-01,411,"Носки, гольфы детские, пара",0.00017,-0.41008378412529917,-6.971424330130086e-05,native,54
2026-09-01,412,"Обед в ресторане, на 1 человека",0.00201,0.25345987351149174,0.0005094543457580984,native,28
2026-09-01,413,"Обед в столовой, кафе, закусочной (кроме столовой в организации), на 1 человека",0.00697,0.5012922802136739,0.0034940071930893066,native,28
2026-09-01,415,"Обои виниловые, 10 м",0.00248,0.7182140856673918,0.0017811709324551317,native,38
2026-09-01,416,"Обращение с твердыми коммунальными отходами, с человека",0.00398,0.7143648596881791,0.0028431721415589526,native,14
2026-09-01,420,"Обувь домашняя с текстильным верхом для взрослых, пара",0.00161,0.5088494770379222,0.0008192476580310547,native,27
2026-09-01,421,"Обувь домашняя с текстильным верхом для детей, пара",0.00017,0.5701862345310169,9.693165987027288e-05,native,27
2026-09-01,426,"Обучение в государственных и муниципальных образовательных организациях высшего профессионального образования, семестр",0.00346,0.8977871972227764,0.0031063437023908067,native,44
2026-09-01,427,"Обучение в негосударственных образовательных организациях высшего профессионального образования, семестр",0.00191,0.0,0.0,native,44
2026-09-01,429,"Обучение в образовательных организациях среднего профессионального образования, семестр",0.0022,2.1920600848721636,0.00482253218671876,native,44
2026-09-01,430,"Общий анализ крови, анализ",0.00092,0.23524231301905002,0.00021642292797752603,native,22
2026-09-01,432,"Овощи замороженные, кг",0.00068,0.27739169860296353,0.00018862635505001522,native,33
2026-09-01,433,"Овощи натуральные консервированные, маринованные, кг",0.0028,0.25037605971546995,0.0007010529672033159,native,53
2026-09-01,434,"Овсяные хлопья ""Геркулес"", кг",0.00132,0.4272286266492037,0.0005639417871769488,native,18
2026-09-01,435,"Огурцы свежие, кг",0.00468,15.80473598817881,0.07396616442467684,native,33
2026-09-01,442,"Одеяло стеганое, шт.",0.00247,0.3092783223607575,0.000763917456231071,native,29
2026-09-01,443,"Окорочка куриные, кг",0.00549,0.5649743852234955,0.0031017093748769904,native,26
2026-09-01,447,"Орехи, кг",0.0019,-0.29823700085717797,-0.0005666503016286381,native,33
2026-09-01,448,"Отопление, Гкал",0.00924,0.7766322208440872,0.007176081720599366,native,14
2026-09-01,449,"Оформление доверенности в нотариальной конторе, услуга",0.00012,0.2177352697092039,2.6128232365104468e-05,native,55
2026-09-01,451,"Пальто (полупальто) женское с верхом из плащевых тканей, шт.",0.00177,0.3943130808063198,0.0006979341530271862,native,29
2026-09-01,452,"Пальто женское демисезонное из шерстяных или полушерстяных тканей, шт.",0.00203,0.8105909652064094,0.0016454996593690111,native,29
2026-09-01,453,"Пальто женское зимнее из шерстяных или полушерстяных тканей, шт.",0.00095,0.8322198989108566,0.0007906089039653138,native,29
2026-09-01,454,"Пальто женское меховое и дубленка, шт.",0.00102,0.692069318086587,0.0007059107044483188,native,23
2026-09-01,455,"Панкреатин, 10 таблеток",0.00038,0.3579568089572586,0.0001360235874037583,native,21
2026-09-01,456,"Панталоны, трусы женские, шт.",0.00127,0.4532636802712764,0.0005756448739445211,native,43
2026-09-01,457,"Паста зубная, 100 г (100 мл)",0.00191,-0.10477458423436198,-0.00020011945588763137,native,30
2026-09-01,458,"Пеленки для новорожденных, шт.",0.00019,0.16747562219812195,3.1820368217643175e-05,native,29
2026-09-01,459,"Пельмени, манты, равиоли, кг",0.00524,0.6327437002106427,0.003315576989103768,native,26
2026-09-01,460,"Первичный консультативный осмотр больного у стоматолога, посещение",0.00106,0.12013616116787837,0.00012734433083795108,native,22
2026-09-01,461,"Первичный консультативный прием у врача специалиста, посещение",0.00207,0.6521128741420802,0.001349873649474106,native,22
2026-09-01,464,"Пересылка простого письма внутри России, массой до 20 г, шт.",1e-05,0.2792895602279435,2.7928956022794352e-06,native,55
2026-09-01,466,"Перчатки из натуральной кожи, пара",0.00011,0.792233474414651,8.714568218561161e-05,native,13
2026-09-01,467,"Перчатки трикотажные женские, пара",6e-05,0.9155412415683353,5.493247449410012e-05,native,43
2026-09-01,468,"Печать цветных фотографий, шт.",0.00011,0.7045773357303049,7.750350693033355e-05,native,12
2026-09-01,469,"Печень говяжья, свиная, кг",0.00275,0.437323706805288,0.0012026401937145418,native,26
2026-09-01,470,"Печенье, кг",0.00549,0.8100499736307485,0.004447174355232809,native,16
2026-09-01,471,"Печь микроволновая, шт.",0.00067,-0.5924718181389548,-0.00039695611815309973,native,51
2026-09-01,475,"Пиджак, жакет женский из шерстяных, полушерстяных или смесовых тканей, шт.",0.00359,0.2794315152439123,0.0010031591397256451,native,29
2026-09-01,478,"Плата за пересылку простой посылки внутри России массой 1-2 кг, шт.",0.00013,0.988108876787823,0.00012845415398241697,native,55
2026-09-01,479,"Плата за пользование потребительским кредитом (процентная ставка в стоимостном выражении), руб.",0.00656,0.13185112957975154,0.0008649434100431701,native,55
2026-09-01,480,"Платье (платье-костюм) женское из полушерстяных или смесовых тканей, шт.",0.00401,0.504237815816858,0.0020219936414256003,native,29
2026-09-01,481,"Платье (платье-костюм) женское из хлопчатобумажных или смесовых тканей, шт.",0.00396,-0.05951909329946581,-0.0002356956094658846,native,29
2026-09-01,482,"Платье (платье-костюм, сарафан) для девочек школьного возраста из полушерстяных, смесовых  тканей, шт.",0.00051,0.4319872114860825,0.0002203134778579021,native,29
2026-09-01,483,"Платье (сарафан) летнее для девочек дошкольного возраста, шт.",0.00029,-0.046039576004929,-1.3351477041429411e-05,native,29
2026-09-01,484,"Плита бытовая, шт.",0.00148,0.4802486610170177,0.0007107680183051861,native,51
2026-09-01,485,"Плитка керамическая, облицовочная для внутренних работ, м2",0.0019,0.27559286178750575,0.0005236264373962609,native,38
2026-09-01,486,"Плиты древесностружечные, ориентированно-стружечные, м2",0.0008899999999999,-0.06572153966809954,-5.849217030460202e-05,native,38
2026-09-01,487,"Повторное получение гербового документа в органах ЗАГС, документ",0.00057,0.11880146659253997,6.771683595774778e-05,native,55
2026-09-01,488,"Подгузники детские бумажные (памперсы), 10 шт.",0.00114,-1.0586924125206647,-0.0012069093502735577,native,54
2026-09-01,489,"Подушка, шт.",0.00248,0.5078258827553925,0.0012594081892333734,native,29
2026-09-01,496,"Ползунки из хлопчатобумажного трикотажного полотна, шт.",0.00019,0.8162614830901385,0.0001550896817871263,native,29
2026-09-01,500,"Полотенце кухонное, шт.",0.0012,0.5543428279346272,0.0006652113935215526,native,54
2026-09-01,501,"Полотенце личное, шт.",0.00239,0.5384079791874073,0.0012867950702579037,native,54
2026-09-01,502,"Полуботинки мужские с верхом из искусственной кожи, пара",0.00083,-0.03410423532906623,-2.8306515323124972e-05,native,27
2026-09-01,503,"Полуботинки, туфли мужские с верхом из натуральной кожи, пара",0.00277,0.07674244957620754,0.00021257658532609488,native,27
2026-09-01,505,"Пользование общественным туалетом, посещение",0.00047,0.8959249466577931,0.00042108472492916277,native,55
2026-09-01,506,"Помидоры свежие, кг",0.00574,6.185516508309428,0.03550486475769612,native,33
2026-09-01,507,"Помывка в бане в общем отделении, билет",0.00103,1.4288119146513723,0.0014716762720909135,native,12
2026-09-01,508,"Порошок стиральный, кг",0.00342,0.2873022296075285,0.0009825736252577473,native,25
2026-09-01,509,"Посещение детского ясли-сада, день",0.00038,0.010916614552160336,4.148313529820928e-06,native,44
2026-09-01,511,"Постановка набоек, пара",0.00055,0.44984774338329125,0.0002474162588608102,native,12
2026-09-01,513,"Пребывание пациента в круглосуточном стационаре, койко-день",0.00042,-0.2355609533272849,-9.893560039745967e-05,native,22
2026-09-01,514,"Предоставление абоненту в постоянное пользование абонентской линии независимо от ее типа, месяц",0.00024,0.30462344692949395,7.310962726307855e-05,native,48
2026-09-01,518,"Предоставление местного телефонного соединения при повременной системе оплаты услуг связи, минута",0.00024,0.5263682824574424,0.00012632838778978616,native,48
2026-09-01,519,"Прививка животного, шт.",0.00019,0.2959300328264701,5.622670623702933e-05,native,55
2026-09-01,524,"Продукция предприятий общественного питания быстрого обслуживания (сэндвич типа ""Гамбургер""), шт.",0.00269,0.8294318914872091,0.0022311717881005927,native,28
2026-09-01,525,"Проезд в городском автобусе,поездка",0.00185,1.7299054000132017,0.003200324990024423,native,47
2026-09-01,527,"Проезд в маршрутном такси, поездка",0.00869,0.03232247984133918,0.00028088234982123745,native,47
2026-09-01,528,"Проезд в междугородном автобусе, в расчете на 50 км пути",0.00057,0.6590823640412096,0.00037567694750348943,native,47
2026-09-01,531,"Проезд в такси, в расчете на 1 км пути",0.00415,0.3014536941718208,0.0012510328308130562,native,47
2026-09-01,533,"Проезд в троллейбусе, поездка",0.0001,1.2207118222717592,0.00012207118222717594,native,47
2026-09-01,535,"Проживание в студенческом общежитии, месяц",2e-05,0.8607780031095442,1.7215560062190886e-05,native,55
2026-09-01,538,"Пряники, кг",0.0019,-0.166437780307144,-0.0003162317825835736,native,16
2026-09-01,539,"Пшено, кг",0.00118,1.1272566596122937,0.0013301628583425066,native,18
2026-09-01,540,"Ранец, рюкзак для школьников, шт.",0.00108,1.2807939467269023,0.0013832574624650545,native,13
2026-09-01,541,"Регулировка развала-схождения колес легкового автомобиля, один вид работы",0.00423,0.7243625593347125,0.003064053625985834,native,12
2026-09-01,542,"Ремень мужской, шт.",0.00059,0.19283366191508383,0.00011377186052989947,native,13
2026-09-01,543,"Ремонт  телевизоров, один вид работы",0.00037,0.48458499126525756,0.0001792964467681453,native,12
2026-09-01,544,"Ремонт брюк из всех видов тканей, один вид работы",0.00018,0.4386034677515611,7.894862419528101e-05,native,12
2026-09-01,548,"Ремонт холодильников всех марок, один вид работы",0.00042,0.5907289873596473,0.0002481061746910519,native,12
2026-09-01,552,"Рис шлифованный, кг",0.00479,0.5690864178413968,0.0027259239414602907,native,18
2026-09-01,554,"Рубероид, 10 м",0.00011,0.6163099285730617,6.779409214303678e-05,native,38
2026-09-01,555,"Рыба живая и охлажденная, кг",0.00395,0.7970991063258276,0.0031485414699870193,native,34
2026-09-01,558,"Рыба мороженая неразделанная, кг",0.00303,0.5281053640903628,0.0016001592531937993,native,34
2026-09-01,559,"Рыба мороженая разделанная (кроме лососевых пород), кг",0.005,0.3484985742447928,0.001742492871223964,native,34
2026-09-01,560,"Рыба охлажденная и мороженая разделанная лососевых пород, кг",0.00181,1.0280760817784043,0.0018608177080189116,native,34
2026-09-01,561,"Рыба соленая, маринованная, копченая, кг",0.00142,0.9941683624430058,0.0014117190746690683,native,34
2026-09-01,563,"Рюмка, фужер из простого стекла, шт.",0.00054,0.5602211672631405,0.0003025194303220959,native,54
2026-09-01,565,"Санаторий, день",0.001,0.2917415924532506,0.0002917415924532506,native,35
2026-09-01,566,"Сапоги женские зимние с верхом из натуральной кожи, пара",0.00253,0.9248226894367848,0.0023398014042750655,native,27
2026-09-01,567,"Сапоги женские осенние с верхом из натуральной кожи, пара",0.00145,0.5901726521178431,0.0008557503455708724,native,27
2026-09-01,568,"Сапоги цельнорезиновые для взрослых, пара",0.00042,0.3437340291206888,0.0001443682922306893,native,54
2026-09-01,569,"Сапоги цельнорезиновые для детей, пара",0.00011,0.6989579718724747,7.688537690597222e-05,native,54
2026-09-01,570,"Сапоги, ботинки для детей школьного возраста зимние с верхом из натуральной кожи, пара",0.00111,0.7320102350491864,0.0008125313609045969,native,27
2026-09-01,571,"Сапоги, ботинки мужские зимние с верхом из натуральной кожи, пара",0.00223,0.9989944903422876,0.0022277577134633014,native,27
2026-09-01,572,"Сахар-песок, кг",0.00532,0.20693861789669243,0.0011009134472104037,native,36
2026-09-01,573,"Свежесрезанные цветы, шт.",0.00399,0.3366811999232015,0.001343357987693574,native,54
2026-09-01,574,"Свёкла столовая, кг",0.00077,-9.40533385036647,-0.007242107064782181,native,33
2026-09-01,575,"Светильник потолочный, шт.",0.00208,0.8490901141903805,0.0017661074375159914,native,51
2026-09-01,577,"Свинина (кроме бескостного мяса), кг",0.00481,0.7895781371158432,0.003797870839527206,native,26
2026-09-01,578,"Свинина бескостная, кг",0.00257,0.3141595119260354,0.000807389945649911,native,26
2026-09-01,580,"Сельдь соленая, кг",0.00079,0.8265484027588277,0.0006529732381794739,native,34
2026-09-01,584,"Сковорода, шт.",0.00137,-0.28523271445472415,-0.00039076881880297204,native,54
2026-09-01,585,"Смартфон, шт.",0.00625,-0.3026113621457491,-0.0018913210134109317,native,37
2026-09-01,587,"Смеси сухие молочные для детского питания, кг",0.00077,0.520004005585758,0.0004004030843010336,native,24
2026-09-01,588,"Сметана, кг",0.00748,-0.038389652023934406,-0.0002871545971390293,native,24
2026-09-01,589,"Содержание и ремонт жилья в государственном и муниципальном жилищных фондах, м2 общей площади",0.00078,0.13833437459105838,0.00010790081218102554,native,14
2026-09-01,590,"Содержание, ремонт жилья для граждан-собственников жилья в результате приватизации, граждан-собственников жилых помещений по иным основаниям, м2 общей площади",0.00599,0.16419449716121548,0.0009835250379956807,native,14
2026-09-01,591,"Соки фруктовые, л",0.00232,0.02712861280032819,6.29383816967614e-05,native,53
2026-09-01,592,"Соленые и копченые деликатесные продукты из рыбы, кг",0.0013,0.5194191514896002,0.0006752448969364801,native,34
2026-09-01,593,"Соль поваренная пищевая, кг",0.00122,2.2141941312394087,0.0027013168401120785,native,53
2026-09-01,595,"Сорочка верхняя для мальчиков дошкольного возраста, шт.",0.00024,1.1927300306449706,0.00028625520735479297,native,29
2026-09-01,596,"Сорочка верхняя для мальчиков школьного возраста, шт.",0.0008899999999999,0.32118149590706907,0.00028585153135725935,native,29
2026-09-01,597,"Сорочка верхняя мужская из хлопчатобумажных или смесовых тканей, шт.",0.00449,0.3215022429094287,0.0014435450706633348,native,29
2026-09-01,598,"Сорочка ночная женская, шт.",0.00105,0.26917210407531733,0.0002826307092790832,native,29
2026-09-01,599,"Сосиски, сардельки, кг",0.00553,-0.8571562214000417,-0.0047400739043422305,native,26
2026-09-01,601,"Спички, коробок",0.00059,0.9954442675871357,0.0005873121178764101,native,54
2026-09-01,602,"Стекло оконное листовое, м2",5e-05,0.675738124652042,3.37869062326021e-05,native,38
2026-09-01,605,"Стирка и глажение белья прямого, кг",0.00081,0.6101125255572254,0.0004941911457013525,native,12
2026-09-01,606,"Стол обеденный, шт.",0.00356,0.45429124810430244,0.0016172768432513166,native,20
2026-09-01,607,"Стол рабочий кухонный, шт.",0.00091,0.347737469702314,0.00031644109742910573,native,20
2026-09-01,608,"Стрижка модельная в женском зале, стрижка",0.00549,0.26515193043364416,0.0014556840980807064,native,12
2026-09-01,609,"Стрижка модельная в мужском зале, стрижка",0.0051,0.2987394596053796,0.0015235712439874362,native,12
2026-09-01,610,"Стул с мягким сиденьем, шт.",0.00259,0.5850819063404185,0.0015153621374216838,native,20
2026-09-01,616,"Сухие корма для домашних животных, кг",0.00104,0.03517374874902518,3.6580698698986186e-05,native,54
2026-09-01,617,"Сухие супы в пакетах, 100 г",0.00132,0.21954616746803693,0.00028980094105780877,native,53
2026-09-01,618,"Сухофрукты, кг",0.00073,-0.7095009246682249,-0.0005179356750078042,native,33
2026-09-01,620,"Сыры плавленые, кг",0.00187,0.7155625475393153,0.0013381019638985196,native,39
2026-09-01,621,"Сыры твердые, полутвердые и мягкие, кг",0.00514,-0.04338863448097641,-0.0002230175812322187,native,39
2026-09-01,622,"Табурет для кухни, шт.",0.00063,0.3858665631085765,0.0002430959347584032,native,20
2026-09-01,623,"Тарелка обеденная, шт.",0.00085,0.488049387123104,0.00041484197905463835,native,54
2026-09-01,624,"Таурин, 4%, 5 мл",0.00036,-0.1028957484157978,-3.704246942968721e-05,native,21
2026-09-01,628,"Театры, билет",0.00033,1.6698400663033939,0.00055104722188012,native,46
2026-09-01,629,"Телевизор цветного изображения, шт.",0.00258,-0.00455905196830772,-1.1762354078233917e-05,native,41
2026-09-01,633,"Термометр медицинский электронный стандартный, шт.",6e-05,0.923822150932061,5.5429329055923664e-05,native,21
2026-09-01,634,"Тетрадь школьная, шт.",0.00029,0.7964133940841907,0.0002309598842844153,native,54
2026-09-01,636,"Ткани декоративные для изготовления штор и занавесей, м",0.0008,0.2516445008891805,0.00020131560071134442,native,54
2026-09-01,638,"Ткани хлопчатобумажные бельевые, м",0.0001,0.18458287566716283,1.8458287566716284e-05,native,54
2026-09-01,641,"Ткань костюмная шерстяная и полушерстяная, м",6e-05,0.22408573785645186,1.3445144271387111e-05,native,54
2026-09-01,642,"Ткань платьевая из искусственного или синтетического шелка, м",8e-05,0.3202657478164628,2.5621259825317024e-05,native,54
2026-09-01,646,"Торты, кг",0.00277,0.28989497862039365,0.0008030090907784903,native,16
2026-09-01,647,"Трикотажная шапочка детская, шт.",0.00072,0.9844428661792768,0.0007087988636490793,native,43
2026-09-01,650,"Триммер электрический, шт.",0.00056,-0.21555203786625177,-0.00012070914120510098,native,15
2026-09-01,651,"Троксерутин, 2% гель, 40 г",0.0004,1.2622284674719033,0.0005048913869887614,native,21
2026-09-01,652,"Трусы детские, шт.",0.00043,0.9820264872820555,0.00042227138953128385,native,43
2026-09-01,653,"Трусы мужские, шт.",0.00145,0.0640862332504226,9.292503821311278e-05,native,43
2026-09-01,654,"Туалетная вода, 100 мл",0.00579,1.0641124893255134,0.0061612113131947225,native,30
2026-09-01,655,"Туфли детские летние (сандалеты), пара",0.00076,-0.3399922629698509,-0.0002583941198570867,native,27
2026-09-01,659,"Туфли женские модельные с верхом из натуральной кожи, пара",0.00094,0.09366197927881215,8.804226052208342e-05,native,27
2026-09-01,660,"Тушь для ресниц, шт.",0.00179,1.5578412141785005,0.0027885357733795158,native,30
2026-09-01,661,"Тюль, полотно гардинное, м",0.0022,0.3461374824389205,0.0007615024613656251,native,13
2026-09-01,663,"Удаление зуба под местным обезболиванием, удаление",0.00116,0.8643359089264917,0.0010026296543547304,native,22
2026-09-01,664,"Удостоверение завещания в нотариальной конторе, услуга",0.00012,0.5535554826538718,6.642665791846461e-05,native,55
2026-09-01,665,"Ужин в ресторане, на 1 человека",0.00313,0.28922364143865076,0.0009052699977029769,native,28
2026-09-01,666,"Ультразвуковое исследование брюшной полости, исследование",0.00137,0.2655356189552097,0.0003637837979686373,native,22
2026-09-01,675,"Услуги организатора проведения торжеств, услуга",0.00247,0.11847447580656753,0.0002926319552422218,native,12
2026-09-01,678,"Услуги по воспитанию детей, предоставляемые наемным персоналом, час",0.00121,0.3442246379087004,0.00041651181186952744,native,12
2026-09-01,679,"Услуги по организации и выполнению работ по эксплуатации домов ЖК, ЖСК, ТСЖ, м2 общей площади",0.00526,0.27563080260289013,0.001449818021691202,native,14
2026-09-01,690,"Установка пластиковых окон, м2",0.0018,0.30393243129286507,0.0005470783763271571,native,12
2026-09-01,691,"Устная консультация юриста по семейным вопросам, консультация",0.00011,0.024547603943738415,2.700236433811226e-06,native,55
2026-09-01,692,"Учебник, учебное пособие, дидактический материал для общеобразовательной школы, шт.",0.00048,0.7311513667354341,0.0003509526560330084,native,32
2026-09-01,694,"Фарш мясной, кг",0.0094,1.1266582532768115,0.010590587580802028,native,26
2026-09-01,695,"Физиотерапевтическое лечение, процедура",0.00014,0.17515000561633592,2.452100078628703e-05,native,22
2026-09-01,697,"Филе рыбное, кг",0.00204,0.39765326828129177,0.0008112126672938353,native,34
2026-09-01,698,"Филе сельди соленое, кг",0.00065,0.6740619975737372,0.00043814029842292917,native,34
2026-09-01,699,"Флеш-накопитель USB, шт.",3e-05,-0.14268855401637984,-4.280656620491395e-06,native,41
2026-09-01,701,"Фотоаппарат, шт.",0.00019,0.5257470517320397,9.989193982908756e-05,native,54
2026-09-01,703,"Футболка детская, шт.",0.00049,0.09173388705145602,4.494960465521345e-05,native,43
2026-09-01,704,"Халат женский, шт.",0.00119,0.588215363721644,0.0006999762828287563,native,29
2026-09-01,706,"Химчистка мужского костюма, шт.",0.00012,0.49756414370434077,5.970769724452089e-05,native,12
2026-09-01,710,"Хлеб из ржаной муки и из смеси муки ржаной и пшеничной, кг",0.00255,0.7167412212353679,0.0018276901141501883,native,49
2026-09-01,711,"Хлопья из злаков (сухие завтраки), кг",0.00115,0.8994650034704468,0.0010343847539910137,native,49
2026-09-01,712,"Холодильник двухкамерный, емкостью 250-360 л, шт.",0.00262,-0.7387253879003501,-0.0019354605162989174,native,51
2026-09-01,714,"Цемент тарированный, 50 кг",0.00066,0.46567029165646634,0.00030734239249326776,native,38
2026-09-01,716,"Чай черный байховый пакетированный, 25 пакетиков",0.00197,-0.15347507356627732,-0.0003023458949255663,native,50
2026-09-01,717,"Чай черный байховый, кг",0.00269,-0.0934856706302366,-0.0002514764539953365,native,50
2026-09-01,718,"Чайник, шт.",0.00102,0.25510656110753,0.0002602086923296806,native,54
2026-09-01,721,"Часы наручные, шт.",0.00028,0.49230221188287837,0.00013784461932720592,native,54
2026-09-01,722,"Чашка чайная с блюдцем, комплект",0.00028,0.5328342357481856,0.00014919358600949196,native,54
2026-09-01,723,"Чеснок, кг",0.00111,-1.0004956059778098,-0.001110550122635369,native,33
2026-09-01,726,"Шампунь, 250 мл",0.0019,0.37584245589078813,0.0007141006661924975,native,30
2026-09-01,727,"Шиномонтаж колес легкового автомобиля, услуга",0.00355,0.6022957266189528,0.0021381498294972827,native,12
2026-09-01,728,"Шины для легкового автомобиля, шт.",0.00355,0.48537379810189124,0.001723076983261714,native,17
2026-09-01,729,"Шкаф-вешалка для прихожей, шт.",0.00078,0.3301757782832504,0.0002575371070609353,native,20
2026-09-01,730,"Шкаф для платья и белья, шт.",0.0023,0.29539660009658,0.0006794121802221339,native,20
2026-09-01,731,"Шкаф навесной кухонный (полка), двухстворчатый, шт.",0.00067,0.33882483121503176,0.00022701263691407128,native,20
2026-09-01,734,"Шоколад, кг",0.0034,1.2563015177078984,0.004271425160206854,native,16
2026-09-01,735,"Щетка зубная, шт.",0.00174,-0.45735857337273056,-0.0007958039176685512,native,13
2026-09-01,740,"Экскурсия автобусная, час",0.00112,0.5945277975450223,0.0006658711332504249,native,55
2026-09-01,741,"Электропылесос напольный, шт.",0.00185,0.9776893679225276,0.001808725330656676,native,51
2026-09-01,742,"Электроутюг, шт.",0.00079,0.7283779346916007,0.0005754185684063646,native,51
2026-09-01,743,"Электрочайник, шт.",0.00058,0.3876912900535875,0.00022486094823108074,native,51
2026-09-01,744,"Электроэнергия в квартирах без электроплит сверх минимального объема потребления, в расчете за 100 кВт.ч",0.00107,0.864647510864742,0.000925172836625274,native,14
2026-09-01,745,"Электроэнергия в квартирах без электроплит за минимальный объем потребления, в расчете за 100 кВт.ч",0.00638,0.8827668105511863,0.005632052251316569,native,14
2026-09-01,746,"Электроэнергия в квартирах с электроплитами за минимальный объем потребления, в расчете за 100 кВт.ч",0.00315,0.8866381632360083,0.002792910214193426,native,14
2026-09-01,747,"Электроэнергия в квартирах с электроплитами сверх минимального объема потребления, в расчете за 100 кВт.ч",0.00082,0.8702621364453069,0.0007136149518851516,native,14
2026-09-01,748,"Эналаприл, 5 мг, 10 таблеток",0.00035,0.2706245001318868,9.471857504616038e-05,native,21
2026-09-01,750,"Юбка для девочек школьного возраста из полушерстяных тканей, шт.",0.00076,0.696929903922362,0.0005296667269809952,native,29
2026-09-01,751,"Юбка женская из полушерстяных или смесовых тканей, шт.",0.00203,0.6640099041992387,0.0013479401055244546,native,29
2026-09-01,753,"Яблоки, кг",0.00515,-5.056538769107075,-0.026041174660901435,native,33
2026-09-01,754,"Яйца куриные, 10 шт.",0.00543,2.837598883062028,0.015408161935026811,native,52
2026-09-01,786,"Поездка на отдых в Турцию, поездка",0.0004,-4.9273042723138,-0.0019709217089255203,native,67
2026-09-01,795,"Варежки (перчатки) детские, пара",8e-05,1.3625811794718152,0.00010900649435774523,native,43
2026-09-01,809,"Шарф шерстяной, полушерстяной или из смесовой пряжи для взрослых, шт.",0.00077,1.396763076812841,0.0010755075691458874,native,43
2026-09-01,851,"Активированный уголь, 250 мг, 10 таблеток",0.00032,1.6108820756805375,0.0005154822642177721,native,21
2026-09-01,958,"Чай зеленый, кг",0.00169,0.10827497817139017,0.0001829847131096494,native,50
2026-09-01,959,"Брюки женские из джинсовой ткани (джинсы), шт.",0.00282,0.2863211501194594,0.0008074256433368756,native,29
2026-09-01,960,"Носки женские, гольфы, пара",0.0007,0.8711171024101654,0.0006097819716871157,native,54
2026-09-01,961,"Пена для бритья, 200 мл",0.00085,0.27967719608836383,0.00023772561667510924,native,30
2026-09-01,962,Крем для рук,0.00117,0.11684772619002778,0.00013671183964233252,native,30
2026-09-01,963,"Бритвенные станки одноразовые, шт.",0.0008,0.6935423956428497,0.0005548339165142797,native,13
2026-09-01,964,"Лампа светодиодная, шт.",0.00026,0.5352896510183345,0.00013917530926476696,native,51
2026-09-01,965,"Моноблок, шт.",0.00092,-0.7057958683998737,-0.0006493321989278839,native,31
2026-09-01,966,"Годовая стоимость полиса обязательного страхования гражданской ответственности владельцев транспортных средств (ОСАГО), полис",0.0013,1.1107348915658397,0.0014439553590355916,native,55
2026-09-01,968,"Рюкзак для взрослых, шт.",0.00087,0.6670794508885407,0.0005803591222730304,native,13
2026-09-01,970,"Сливки питьевые, л",0.00112,0.04210162732422962,4.7153822603137165e-05,native,24
2026-09-01,971,"Зелень свежая, кг",0.00098,1.0624823472056086,0.0010412327002614964,native,33
2026-09-01,972,"Грибы свежие, кг",0.00119,0.5026199463152077,0.0005981177361150972,native,33
2026-09-01,973,"Ягоды замороженные, кг",0.00026,-0.056002631622909194,-1.4560684221956389e-05,native,33
2026-09-01,976,"Гель для душа, 250 мл",0.00105,0.8688836233348706,0.0009123278045016141,native,30
2026-09-01,977,"Мыло туалетное жидкое, 250 мл",0.00099,0.8320925714477598,0.0008237716457332822,native,30
2026-09-01,978,"Дезодорант, 50 мл",0.00092,-0.37606854562873676,-0.00034598306197843786,native,30
2026-09-01,979,"Кресло мягкое, шт.",0.00377,0.37619471430675205,0.0014182540729364551,native,20
2026-09-01,980,"Матрас для взрослых, шт.",0.00306,0.6415861891241361,0.0019632537387198564,native,20
2026-09-01,981,"Салфетки влажные, упаковка 20 шт.",0.00045,-0.4131053022508691,-0.00018589738601289108,native,54
2026-09-01,982,"Бумажные столовые салфетки, упаковка 10 шт.",0.00306,0.652738165354122,0.001997378785983613,native,54
2026-09-01,983,"Бумажные носовые платки, упаковка 10 шт.",0.00042,1.2324869447398956,0.0005176445167907562,native,54
2026-09-01,984,"Прокладки женские гигиенические, 10 шт.",0.00108,-0.5702701706442478,-0.0006158917842957876,native,54
2026-09-01,985,"Наушники беспроводные, шт.",0.00189,-0.9568458612987651,-0.0018084386778546662,native,37
2026-09-01,987,"Цефтриаксон, 1 г",0.0004,1.4073577993930257,0.0005629431197572103,native,21
2026-09-01,992,"Амлодипин, 10 мг, 10 таблеток",0.00035,1.536110888888886,0.00053763881111111,calendar_gap_in_required_features,21
2026-09-01,993,"Омепразол, 20 мг, 10 таблеток",0.0004,0.35351135541965695,0.00014140454216786277,native,21
2026-09-01,994,"Хлоргексидин, 100 мл",0.00033,1.1383331666666636,0.00037564994499999897,short_history,21
2026-09-01,995,"Амоксициллин с клавулановой кислотой, 500 мг+125мг, 10 таблеток",0.00039,0.0482848345214586,1.883108546336885e-05,native,21
2026-09-01,996,"Ибупрофен, 200 мг, 10 таблеток",0.00049,-0.6338089486971678,-0.00031056638486161216,native,21
2026-09-01,997,"Шприцы одноразовые, шт.",6e-05,0.4856471497678794,2.9138828986072765e-05,native,21
2026-09-01,999,"Антисептик для рук, 100 мл",0.00017,0.6250110290781369,0.00010625187494328328,native,21
2026-09-01,1000,"Термометр медицинский безртутный (галинстановый), шт.",6e-05,0.746347803688856,4.478086822133136e-05,native,21
2026-09-01,1001,"Установка натяжного потолка, м2",0.00073,0.15674098136568917,0.00011442091639695309,native,12
2026-09-01,1002,"Услуги аренды автомобилей, час",0.00017,0.032929809713209635,5.598067651245638e-06,native,47
2026-09-01,1003,"Подписка на онлайн-видеосервисы, месяц",0.00766,0.9158552021399728,0.007015450848392192,native,48
2026-09-01,1004,"Проживание в гостинице 1* или в мотеле, сутки с человека",5e-05,0.09698308377381906,4.849154188690953e-06,native,55
2026-09-01,1005,"Проживание в гостинице 2*, сутки с человека",4e-05,0.46251028885741197,1.850041155429648e-05,native,55
2026-09-01,1006,"Проживание в гостинице 3*, сутки с человека",0.00075,0.38030610722778835,0.0002852295804208413,native,55
2026-09-01,1007,"Проживание в гостинице 4*-5*, сутки с человека",0.00067,1.422492946328472,0.0009530702740400762,native,55
2026-09-01,1008,"Проживание в хостеле, сутки с человека",0.00061,1.1925308539756472,0.0007274438209251447,native,55
2026-09-01,1009,"Экскурсионные туры по России, поездка",0.00138,0.443807634073667,0.0006124545350216605,native,55
2026-09-01,1011,"Поездка на отдых в ОАЭ, поездка",0.0004,8.620000000000005,0.003448000000000002,missing_current_observation,67
2026-09-01,1012,"Услуги сиделок, час",0.00046,0.7816109487278506,0.00035954103641481133,native,22
2026-09-01,1013,"Диагностика на магнитно-резонансном или компьютерном томографе, услуга",0.00045,0.21926231545673902,9.866804195553255e-05,native,22
2026-09-01,1014,"Гастроскопия (ФГДС, ЭГДС), услуга",0.00059,-0.09844885349261162,-5.808482356064086e-05,native,22
2026-09-01,1020,"Аскорбиновая кислота, 50 мг, 100 драже",0.00028,1.9373999142118332,0.0005424719759793132,native,21
2026-09-01,1024,"Валерианы экстракт, 20 мг, 10 таблеток",0.00029,0.42383042279694433,0.00012291082261111386,native,21
2026-09-01,1025,"Газета в розницу, шт.",0.00024,0.3105356871562885,7.452856491750924e-05,native,32
2026-09-01,1030,"Клубная карта в фитнес-клуб, месяц",0.00185,0.9064791389136232,0.001676986406990203,native,55
2026-09-01,1032,"Кроссовые туфли для взрослых, пара",0.00518,0.24911813893117993,0.001290431959663512,native,27
2026-09-01,1035,"Метилурацил, 10 % мазь, 25 г",0.00037,-0.15162577823123202,-5.610153794555585e-05,native,21
2026-09-01,1037,"Мирамистин, 0,01%, 150 мл",0.00039,0.5673539703136672,0.0002212680484223302,native,21
2026-09-01,1038,"Натрия хлорид, 0,9%, 100 мл",0.00039,1.9754098232876252,0.0007704098310821738,native,21
2026-09-01,1039,"Нафазолин, 0,1%, 15 мл",0.00044,0.6944810388278128,0.00030557165708423764,native,21
2026-09-01,1040,"Парацетамол, 500 мг, 10 таблеток",0.00039,0.6831430915703818,0.0002664258057124489,native,21
2026-09-01,1041,"Перекись водорода, 3%, 100 мл",0.00036,1.0794275326061786,0.0003885939117382243,native,21
2026-09-01,1042,"Пиво, л",0.00372,0.46484704128640064,0.0017292309935854106,native,11
2026-09-01,1043,"Поездка на отдых в Египет, поездка",0.0002,-2.70544513733829,-0.000541089027467658,native,67
2026-09-01,1045,"Ренгалин, 20 таблеток",0.0004,0.7982703230625957,0.0003193081292250383,native,21
2026-09-01,1046,"Сигареты с фильтром, пачка",0.0086599999999999,0.46639151670979984,0.00403895053470682,native,40
2026-09-01,1048,"Сумка женская, шт.",0.00138,-0.8869700354869925,-0.0012240186489720496,native,13
2026-09-01,1049,"Творог, кг",0.00591,0.4894082288722146,0.0028924026326347884,native,24
2026-09-01,1050,"Туфли женские закрытые, пара",0.00196,0.7179678627731063,0.0014072170110352882,native,27
2026-09-01,1051,"Туфли женские летние, босоножки, пара",0.00356,-0.6884789227722109,-0.0024509849650690705,native,27
2026-09-01,1054,"Хлеб и булочные изделия из пшеничной муки различных сортов, кг",0.00735,1.096130464099856,0.008056558911133941,native,49
2026-09-01,1055,"Цитрамон, 10 таблеток",0.00039,-0.8975228789630498,-0.00035003392279558943,native,21
2026-09-01,1060,"Поездки в страны Закавказья, поездка",0.00022,-1.2769014984103024,-0.00028091832965026657,native,67
2026-09-01,1063,"Поездки в отдельные страны Средней Азии, поездка",4e-05,11.076666777777781,0.0004430666711111113,short_history,67
2026-09-01,1064,"Поездка в Беларусь, поездка",0.0001,8.252221944444448,0.0008252221944444448,short_history,67
2026-09-01,1065,"Поездки в отдельные страны Юго-Восточной Азии, поездка",0.00017,-0.12954455218022676,-2.202257387063855e-05,native,67
2026-09-01,1066,"Молоко питьевое цельное пастеризованное более 3,2% жирности, л",0.00142,1.1544845502825898,0.0016393680614012775,native,24
2026-09-01,1067,"Творожок детский, кг",6e-05,-1.0437569073328579,-6.262541443997147e-05,native,24
2026-09-01,1068,"Молоко для детей, л",1e-05,1.9542925633833141,1.9542925633833142e-05,native,24
2026-09-01,1069,"Сухие приправы, специи, кг",0.00139,0.9123677951837743,0.0012681912353054462,native,53
2026-09-01,1070,"Трикотажный головной убор для взрослых, шт.",0.00057,0.9096909812576977,0.0005185238593168876,native,43
2026-09-01,1071,"Крем детский, 100 г (100 мл)",0.00137,1.4040875975562592,0.001923600008652075,native,30
2026-09-01,1072,"Чемодан, шт.",0.00108,-3.578924507017847,-0.003865238467579275,native,13
2026-09-01,1073,"Бумага офисная, упаковка 500 листов",0.00015,0.2619711401484226,3.9295671022263385e-05,native,54
2026-09-01,1074,"Смарт-часы, шт.",0.00085,-3.821442557827464,-0.0032482261741533444,native,37
2026-09-01,1075,"Коньки, пара",0.00035,1.3516868692390664,0.00047309040423367324,native,54
2026-09-01,1076,"Гипсокартон, м2",0.00075,0.0487610311895046,3.657077339212845e-05,native,38
2026-09-01,1077,"Кресло детское автомобильное, шт.",0.00056,0.8770195477984722,0.0004911309467671444,native,17
2026-09-01,1078,"Соска (пустышка) детская, шт.",6e-05,-0.052803833657473404,-3.168230019448404e-06,native,21
2026-09-01,1079,"Бутылочка для кормления, шт.",0.00066,-0.3016449252448259,-0.0001990856506615851,native,21
2026-09-01,1083,"Поездка на отдых на Черноморское побережье России и в Крым, поездка",0.00205,-9.129321126061193,-0.018715108308425446,native,55
2026-09-01,1086,"Горошек зеленый консервированный, кг",0.00081,-0.6068837222222199,-0.0004915758149999981,short_history,53
2026-09-01,1087,"Перец сладкий свежий, кг",0.00266,0.9549999444444437,0.00254029985222222,short_history,33
2026-09-01,1088,"Робот-пылесос, шт.",0.00116,0.28444461111110464,0.0003299557488888814,short_history,51
2026-09-01,1091,"Валосердин, 25 мл",0.00033,1.1194442777777753,0.00036941661166666585,short_history,21
2026-09-01,1094,"Диклофенак, 15 мл",0.00038,1.7183332222222196,0.0006529666244444435,short_history,21
2026-09-01,1095,"Кардиомагнил, 100 таблеток",0.0004,1.1261111666666639,0.0004504444666666656,short_history,21
2026-09-01,1097,"Меновазин, 40 мл",0.00034,1.0683331111111078,0.0003632332577777767,short_history,21
2026-09-01,1099,"Пенталгин, 24 таблетки",0.00035,1.3150001111111085,0.000460250038888888,short_history,21
2026-09-01,1100,"Салициловая кислота, 40 мл",0.00031,1.8155553333333303,0.0005628221533333324,short_history,21
2026-09-01,1101,"Спазмалгон, 10 таблеток",0.0004,1.120555333333331,0.0004482221333333324,short_history,21
2026-09-01,1105,Воздушный и железнодорожный транспорт,0.00569,-4.209998999999996,-0.023954894309999978,missing_current_observation,47
2026-09-01,1107,"Печень птицы, кг",0.00225,3.906111222222227,0.00878875025000001,short_history,26
2026-09-01,1108,"Кефир, кг",0.00427,0.05888877777777187,0.00025145508111108593,short_history,24
2026-09-01,1109,"Сырки творожные, глазированные, кг",0.00124,0.3455554999999938,0.0004284888199999923,short_history,24
2026-09-01,1110,"Вода питьевая, л",0.00157,-0.6141060555555526,-0.0009641465072222176,short_history,53
2026-09-01,1111,"Жидкие средства для стирки, л",0.00146,1.41055527777777,0.002059410705555544,short_history,25
2026-09-01,1112,"Помада, шт.",0.00092,-0.2966668333333362,-0.0002729334866666693,short_history,30
2026-09-01,1113,"Блоки строительные, 1000 шт.",0.00028,0.03722261111110864,1.0422331111110418e-05,short_history,38
2026-09-01,1114,"Компримированный природный газ, м3",0.00189,4.531111111111107,0.008563799999999993,short_history,42
2026-09-01,1115,"Хлоропирамин, 10 таблеток",0.00036,1.1188889444444419,0.0004028000199999991,short_history,21
2026-09-01,1116,"Цетиризин, 10 таблеток",0.00037,1.121666611111108,0.00041501664611110997,short_history,21
2026-09-01,1117,"Интерферон альфа-2В, 10 мл",0.00039,1.0155555555555524,0.00039606666666666543,short_history,21
2026-09-01,1118,"Метопролол, 10 таблеток",0.00046,0.8433329444444426,0.00038793315444444364,short_history,21
2026-09-01,1119,"Спиронолактон, 10 таблеток",0.00035,0.9144442222222193,0.0003200554777777768,short_history,21
2026-09-01,1120,"Лозартан, 10 таблеток",0.0004,1.2366664999999974,0.000494666599999999,short_history,21
2026-09-01,1121,"Аторвастатин, 10 таблеток",0.0004,1.1338888333333301,0.00045355553333333205,short_history,21
2026-09-01,1122,"Мелоксикам, 10 таблеток",0.00038,0.98499972222222,0.0003742998944444436,short_history,21
2026-09-01,1123,"Кеторолак, 10 таблеток",0.00042,1.933333222222219,0.0008119999533333321,short_history,21
2026-09-01,1124,"Розувастатин, 10 таблеток",0.00034,1.07666633333333,0.0003660665533333322,short_history,21
2026-09-01,1125,"Алтея лекарственного травы экстракт, 10 таблеток",0.00041,0.965555555555553,0.0003958777777777767,short_history,21
2026-09-01,1126,"Римантадин, 10 таблеток",0.00032,0.8855551666666643,0.0002833776533333326,short_history,21
2026-09-01,1127,"Погребение, услуга",0.00034,1.2188888888888856,0.0004144222222222211,short_history,12
2026-09-01,1128,"Курьерская доставка, услуга",0.00012,-1.9321146666666682,-0.00023185376000000018,short_history,55
2026-09-01,1129,"Междугородная телефонная связь, минута",0.00019,-0.14944416666666172,-2.8394391666665727e-05,short_history,48
2026-09-01,1131,"Вода минеральная, л",0.00085,-0.37910594444444157,-0.0003222400527777753,short_history,53
2026-10-01,101,"Абонентская плата за доступ к сети Интернет, месяц",0.0085699999999999,0.020580089089083067,0.00017637136349343984,native,48
2026-10-01,103,"Абонентская плата за неограниченный объем местных телефонных соединений, месяц",0.00026,0.225565519928775,5.864703518148149e-05,native,48
2026-10-01,104,"Абонентская плата за пакет услуг сотовой связи, месяц",0.01009,0.43402772130612144,0.004379339707978765,native,48
2026-10-01,106,"Абонентская плата за телевизионную антенну, месяц",0.00219,0.5179550628714161,0.0011343215876884014,native,48
2026-10-01,107,"Абонентская плата при комбинированной системе оплаты услуг местной телефонной связи, месяц",0.00022,0.2625659037582703,5.7764498826819475e-05,native,48
2026-10-01,109,"Авторучка шариковая, шт.",0.00063,0.3331383462211865,0.0002098771581193475,native,54
2026-10-01,112,"Альбом для рисования, шт.",0.00023,0.5242626475288011,0.00012058040893162427,native,54
2026-10-01,113,"Амброксол, 30 мг, 10 таблеток",0.00035,0.4578239005712873,0.00016023836519995054,native,21
2026-10-01,115,"Апельсины, кг",0.00434,1.5988277713310146,0.006938912527576603,native,33
2026-10-01,116,"Аппарат для измерения артериального давления электронный, шт.",0.0002,0.24552370327362766,4.9104740654725535e-05,native,21
2026-10-01,117,"Аренда двухкомнатной квартиры у частных лиц, месяц",0.00506,0.7784700295947051,0.003939058349749208,native,14
2026-10-01,118,"Аренда индивидуального банковского сейфа, в расчете на месяц",0.00011,-0.021746417503892057,-2.392105925428126e-06,native,55
2026-10-01,119,"Аренда однокомнатной квартиры у частных лиц, месяц",0.00435,0.9158883632919959,0.003984114380320182,native,14
2026-10-01,120,"Ацетилсалициловая кислота (Аспирин отечественный), 500 мг, 10 таблеток",0.00029,1.7275619251466066,0.0005009929582925159,native,21
2026-10-01,121,"Бананы, кг",0.00418,0.03869710317066599,0.00016175389125338383,native,33
2026-10-01,122,"Баранина (кроме бескостного мяса), кг",0.00651,-0.14331258419414628,-0.0009329649231038923,native,26
2026-10-01,123,"Бараночные изделия, кг",0.00116,0.44511115796305933,0.0005163289432371488,native,49
2026-10-01,124,"Батарейки электрические типа АА, шт.",0.00019,0.09282385904419047,1.763653321839619e-05,native,51
2026-10-01,126,"Белье для новорожденных и детей ясельного возраста, шт.",0.00028,0.6751661252827912,0.00018904651507918152,native,29
2026-10-01,130,"Бензин автомобильный марки АИ-92, л",0.01023,-3.40323408414972,-0.034815084680851635,native,42
2026-10-01,131,"Бензин автомобильный марки АИ-95, л",0.01543,-3.3803511765203322,-0.05215881865370872,native,42
2026-10-01,132,"Бензин автомобильный марки АИ-98, л",0.00117,2.415622218267324,0.0028262779953727693,native,42
2026-10-01,134,"Бинт, шт.",4e-05,0.5747681437388784,2.2990725749555137e-05,native,21
2026-10-01,135,"Бисопролол, 10 мг, 10 таблеток",0.00039,0.34770594181134196,0.00013560531730642336,native,21
2026-10-01,136,"Блузка для девочек школьного возраста, шт.",0.00106,1.9744491072127606,0.002092916053645526,native,29
2026-10-01,137,"Блузка женская, шт.",0.00257,0.08390719889839324,0.0002156415011688706,native,29
2026-10-01,138,"Ботинки, полуботинки для детей дошкольного возраста, пара",0.00078,0.22078811332730125,0.00017221472839529497,native,27
2026-10-01,139,"Ботинки, полуботинки для детей школьного возраста, пара",0.0012,0.7145568771785822,0.0008574682526142985,native,27
2026-10-01,141,"Брюки для детей школьного возраста из джинсовой ткани, шт.",0.00098,0.26045024183046206,0.0002552412369938528,native,29
2026-10-01,142,"Брюки для детей школьного возраста из полушерстяных тканей, шт.",0.00088,0.3631815256085242,0.0003195997425355013,native,29
2026-10-01,143,"Брюки женские из полушерстяных или смесовых тканей, шт.",0.00204,0.45856626142075596,0.0009354751732983422,native,29
2026-10-01,144,"Брюки мужские из джинсовой ткани (джинсы), шт.",0.00408,-0.10140353271269442,-0.00041372641346779326,native,29
2026-10-01,145,"Брюки мужские из полушерстяных или смесовых тканей, шт.",0.00183,0.52713006175389,0.0009646480130096187,native,29
2026-10-01,146,"Булочные изделия сдобные из муки высшего сорта штучные, кг",0.00169,0.9307962568872267,0.0015730456741394133,native,49
2026-10-01,147,"Бумага туалетная, рулон",0.00099,0.4735471034470827,0.00046881163241261183,native,54
2026-10-01,149,"Бюстгальтер, шт.",0.00143,0.6718725194464561,0.0009607777028084322,native,13
2026-10-01,150,"Валидол, 60 мг, 10 таблеток",0.00032,-0.43465773227035537,-0.00013909047432651372,native,21
2026-10-01,152,"Варенье, джем, повидло, кг",0.00113,0.6361348833565348,0.0007188324181928843,native,53
2026-10-01,154,"Вата отечественная, 100 г",0.00014,0.26406258824796025,3.6968762354714434e-05,native,21
2026-10-01,155,"Велосипед для дошкольников, шт.",0.00107,-0.5372678802458746,-0.0005748766318630858,native,54
2026-10-01,156,"Велосипед дорожный для взрослых, шт.",0.00059,-0.4678278956722766,-0.0002760184584466432,native,54
2026-10-01,158,"Вермишель, кг",0.00142,0.6428565917461287,0.0009128563602795028,native,18
2026-10-01,162,"Взносы на капитальный ремонт, м2",0.00784,0.644685656048991,0.005054335543424089,native,14
2026-10-01,164,"Вино виноградное крепленое, л",0.00134,-0.0846316930241538,-0.00011340646865236609,native,11
2026-10-01,165,"Вино виноградное столовое, л",0.00172,0.5932265816369489,0.001020349720415552,native,11
2026-10-01,166,"Вино игристое отечественное, л",0.00136,0.3493307128838534,0.0004750897695220407,native,11
2026-10-01,167,"Виноград, кг",0.00338,-3.531902629302477,-0.011937830887042372,native,33
2026-10-01,171,"Водка, л",0.0033,0.9110305176249697,0.0030064007081624,native,11
2026-10-01,172,"Водоотведение, м3",0.00325,0.2915102498531243,0.0009474083120226539,native,14
2026-10-01,173,"Водоснабжение горячее, м3",0.00592,0.8724899941820048,0.0051651407655574685,native,14
2026-10-01,174,"Водоснабжение холодное, м3",0.0053,0.6211488353514518,0.0032920888273626947,native,14
2026-10-01,181,"Выполнение обойных работ, 10 м2",0.00103,0.8413787056641947,0.0008666200668341206,native,12
2026-10-01,182,"Выполнение работ по облицовке кафельной плиткой, м2",0.00119,0.8109433283721621,0.0009650225607628729,native,12
2026-10-01,184,"Газ сетевой, м3",0.01097,0.6125975024851691,0.006720194602262306,native,14
2026-10-01,185,"Газ сетевой, месяц с человека",0.0095,0.6144004754641857,0.005836804516909764,native,14
2026-10-01,189,"Газовое моторное топливо, л",0.00226,0.7824278456121583,0.0017682869310834777,native,42
2026-10-01,195,"Говядина (кроме бескостного мяса), кг",0.01634,0.551683647946003,0.00901451080743769,native,26
2026-10-01,196,"Говядина бескостная, кг",0.01193,0.7114821589151907,0.008487982155858225,native,26
2026-10-01,197,"Годовая стоимость полиса добровольного страхования жилья от стандартных рисков, полис",0.00027,0.632393652919411,0.00017074628628824097,native,55
2026-10-01,198,"Годовая стоимость полиса добровольного страхования легкового автомобиля от стандартных рисков (КАСКО), полис",0.00223,0.1527493297639632,0.00034063100537363793,native,55
2026-10-01,203,"Горох и фасоль, кг",0.00191,0.250502472424058,0.00047845972232995077,native,18
2026-10-01,204,"Груши, кг",0.00292,-0.40958814477857264,-0.001195997382753432,native,33
2026-10-01,205,"Джемпер для детей школьного возраста, шт.",0.00045,0.5772659351319609,0.0002597696708093824,native,43
2026-10-01,206,"Джемпер женский, шт.",0.00129,0.7292008365543183,0.0009406690791550706,native,43
2026-10-01,207,"Джемпер мужской, шт.",0.00127,0.5195732448975566,0.0006598580210198969,native,43
2026-10-01,208,"Диван-кровать, шт.",0.00253,0.2675613898097592,0.0006769303162186907,native,20
2026-10-01,209,"Дизельное топливо, л",0.00286,-0.5012196345015674,-0.0014334881546744828,native,42
2026-10-01,210,"Дом отдыха, пансионат, день",0.00177,-0.1600040000000007,-0.00028320708000000125,short_history,35
2026-10-01,211,"Дополнительные занятия в государственных и муниципальных общеобразовательных организациях очной формы обучения, академический час",0.00031,0.058348316675909895,1.808797816953207e-05,native,44
2026-10-01,212,"Дополнительные занятия для детей дошкольного возраста, академический час",0.00189,0.2619810193439686,0.0004951441265601007,native,44
2026-10-01,213,"Доска обрезная, м3",0.00153,0.8360364297884244,0.0012791357375762891,native,38
2026-10-01,214,"Дрель электрическая, шт.",0.00056,-0.2838087159621877,-0.0001589328809388251,native,15
2026-10-01,216,"Дротаверин (Но-шпа), 40 мг, 100 таблеток",0.00039,0.6525597372159471,0.00025449829751421934,native,21
2026-10-01,218,"Еврошифер, 10 м2",0.00011,0.5977252818524974,6.574978100377471e-05,native,38
2026-10-01,221,"Жевательная резинка, упаковка",0.00016,0.08586988202649681,1.3739181124239491e-05,native,16
2026-10-01,223,"Жидкие чистящие и моющие средства, л",0.00353,0.17589533899100238,0.0006209105466382384,native,25
2026-10-01,228,"Занятия в плавательных бассейнах, месяц",0.00091,0.588216027620545,0.000535276585134696,native,55
2026-10-01,229,"Занятия на курсах иностранных языков, академический час",0.00156,0.3978587556012617,0.0006206596587379682,native,44
2026-10-01,230,"Занятия на курсах профессионального обучения, академический час",0.00123,0.2082107529042888,0.00025609922607227524,native,44
2026-10-01,231,"Земля для растений, л",0.00027,0.5182660064615681,0.00013993182174462337,native,54
2026-10-01,232,"Зеркало навесное для ванной комнаты, шт.",0.00125,0.3147943904544711,0.0003934929880680889,native,20
2026-10-01,233,"Зефир, пастила, кг",0.00143,0.13513545656241624,0.00019324370288425523,native,16
2026-10-01,234,"Зонт, шт.",0.00109,0.747800264678991,0.0008151022885001002,native,13
2026-10-01,236,"Игрушки мягкие, шт.",0.00012,0.6386285101039688,7.663542121247626e-05,native,54
2026-10-01,237,"Игрушки пластмассовые для детей ясельного возраста, шт.",0.00039,0.7620371024882763,0.00029719446997042773,native,54
2026-10-01,238,"Изготовление гроба, шт.",0.00038,0.31776115560797913,0.00012074923913103208,native,12
2026-10-01,239,"Изготовление коронки, шт.",0.00131,0.570598798227423,0.0007474844256779241,native,22
2026-10-01,240,"Изготовление съёмного протеза, протез",0.00127,0.3887236614370003,0.0004936790500249905,native,22
2026-10-01,241,"Изготовление фотографий для документов, 4 шт.",0.00011,0.7177016637836318,7.89471830161995e-05,native,12
2026-10-01,243,"Икра лососевых рыб, отечественная, кг",0.00046,0.5441012117177982,0.0002502865573901872,native,34
2026-10-01,244,"Индапамид, 2,5 мг, 10 таблеток",0.00035,-0.18777833333333482,-6.572241666666718e-05,calendar_gap_in_required_features,21
2026-10-01,245,"Йогурт, 125 г",0.00113,0.416477464165081,0.00047061953450654154,native,24
2026-10-01,246,"Йод, 10 мл",0.00036,0.6912194976950037,0.00024883901917020134,native,21
2026-10-01,247,"Какао, кг",0.00055,-0.8516287345832185,-0.00046839580402077024,native,50
2026-10-01,248,"Кальмары мороженые, кг",0.00023,-0.07984007276707761,-1.836321673642785e-05,native,34
2026-10-01,249,"Капуста белокочанная свежая, кг",0.00236,-2.4132745514176737,-0.00569532794134571,native,33
2026-10-01,250,"Карамель, кг",0.00369,0.24374426918511644,0.0008994163532930797,native,16
2026-10-01,251,"Карандаш чернографитный, шт.",0.00034,1.0393347798440074,0.0003533738251469625,native,54
2026-10-01,252,"Картофель, кг",0.00612,-1.7415328515168276,-0.010658181051282984,native,33
2026-10-01,253,"Кастрюля из эмалированной или нержавеющей стали, шт.",0.00178,-0.09299923798501883,-0.0001655386436133335,native,54
2026-10-01,254,"Кексы, рулеты, кг",0.00333,0.12021796760726589,0.0004003258321321954,native,16
2026-10-01,256,"Кетчуп, кг",0.00182,0.1692601968400775,0.0003080535582489411,native,53
2026-10-01,257,"Кинотеатры, билет",0.00023,0.3926012336250341,9.029828373375784e-05,native,46
2026-10-01,258,"Кирпич красный, 1000 шт.",0.00015,0.5524331838332799,8.286497757499197e-05,native,38
2026-10-01,259,"Кисломолочные продукты, кг",0.00311,0.6721021413064123,0.002090237659462942,native,24
2026-10-01,260,"Клинический осмотр животного, посещение",0.00037,0.41465503728780084,0.0001534223637964863,native,55
2026-10-01,261,"Книга художественная, шт.",0.00028,0.2456975831227981,6.879532327438347e-05,native,32
2026-10-01,263,"Ковер, ковровое покрытие (палас) синтетический, м2",0.00279,0.572775493982868,0.0015980436282122016,native,54
2026-10-01,265,"Колбаса вареная, кг",0.00464,-0.570888325742795,-0.002648921831446569,native,26
2026-10-01,266,"Колбаса полукопченая и варено-копченая, кг",0.00298,0.03400381083459393,0.00010133135628708991,native,26
2026-10-01,267,"Колбаса сырокопченая, кг",0.00053,0.5941369269777705,0.00031489257129821836,native,26
2026-10-01,271,"Колготки детские, шт.",0.00035,0.015972246923334044,5.5902864231669155e-06,native,54
2026-10-01,272,"Колготки женские эластичные, шт.",0.00127,0.7214000578157176,0.0009161780734259614,native,54
2026-10-01,273,"Кольцо обручальное золотое, грамм",0.00353,-0.18138953144898395,-0.0006403050460149134,native,54
2026-10-01,274,"Коляска для новорожденного, шт.",0.00064,0.10214073508151626,6.537007045217042e-05,native,13
2026-10-01,275,"Комбинезон (костюм) утепленный для детей дошкольного возраста, шт.",0.00047,0.7606485897056521,0.0003575048371616565,native,29
2026-10-01,276,"Комбинезон утепленный для детей до одного года, шт.",0.00038,1.6901965033787003,0.0006422746712839061,native,29
2026-10-01,280,"Комплект постельного белья полутораспальный из хлопчатобумажной ткани, комплект",0.0027,0.511090602299858,0.0013799446262096168,native,29
2026-10-01,281,"Комплект столовых приборов, комплект на 1 человека",0.00028,0.5156598411629577,0.00014438475552562815,native,54
2026-10-01,282,"Компьютер персональный переносной (ноутбук), шт.",0.00185,-0.17854694593685075,-0.0003303118499831739,native,31
2026-10-01,283,"Компьютер планшетный, шт.",0.00162,-0.2769601451465006,-0.0004486754351373309,native,31
2026-10-01,285,"Консервы мясные для детского питания, кг",3e-05,0.6250210817423589,1.875063245227077e-05,native,26
2026-10-01,286,"Консервы мясные, 350 г",0.00041,0.6094352153711877,0.00024986843830218696,native,26
2026-10-01,288,"Консервы овощные для детского питания, кг",8e-05,0.95763843764744,7.661107501179521e-05,native,53
2026-10-01,290,"Консервы рыбные в томатном соусе, 350 г",0.0005,0.7314964717770751,0.00036574823588853754,native,34
2026-10-01,291,"Консервы рыбные натуральные и с добавлением масла, 350 г",0.0013,0.493973261572424,0.0006421652400441512,native,34
2026-10-01,292,"Консервы томатные, кг",0.00128,0.46190944796505584,0.0005912440933952715,native,53
2026-10-01,294,"Консервы фруктово-ягодные для детского питания, кг",9e-05,-0.528859611030088,-4.759736499270793e-05,native,53
2026-10-01,295,"Конструктор детский пластмассовый, набор",0.00029,-0.1608034636463937,-4.663300445745417e-05,native,54
2026-10-01,296,"Конфеты мягкие, глазированные шоколадом, кг",0.00332,-0.06644414066655152,-0.00022059454701295106,native,16
2026-10-01,298,"Конфеты шоколадные натуральные и с добавками, кг",0.003,0.0257621844434395,7.72865533303185e-05,native,16
2026-10-01,301,"Коньяк ординарный отечественный, л",0.00278,0.15448962167698244,0.0004294811482620112,native,11
2026-10-01,302,"Корвалол, 25 мл",0.00039,0.35061758588863917,0.00013674085849656927,native,21
2026-10-01,303,"Корригирующие очки, шт.",0.00097,0.2807273152562232,0.0002723054957985365,native,21
2026-10-01,304,"Костюм-двойка мужской из шерстяных, полушерстяных или смесовых  тканей, шт.",0.00255,0.3163419154468983,0.0008066718843895908,native,29
2026-10-01,305,"Костюм спортивный для взрослых, шт.",0.00175,0.4277817574005032,0.0007486180754508806,native,43
2026-10-01,306,"Костюм спортивный для детей школьного возраста, шт.",0.00141,0.5372975924512707,0.0007575896053562917,native,43
2026-10-01,307,"Костюм трикотажный для детей ясельного возраста, шт.",0.00037,0.23621269839299402,8.739869840540779e-05,native,43
2026-10-01,309,"Кофе в организациях быстрого обслуживания, 200 г",0.00148,0.4669408346193905,0.000691072435236698,native,28
2026-10-01,310,"Кофе натуральный в зернах и молотый, кг",0.00406,0.2649471447731748,0.0010756854077790898,native,50
2026-10-01,311,"Кофе натуральный растворимый, кг",0.00547,0.5108218507905973,0.0027941955238245672,native,50
2026-10-01,312,"Краска для волос, шт.",0.00069,0.712095571427616,0.000491345944285055,native,30
2026-10-01,313,"Краски масляные, эмали отечественные, кг",0.00097,0.9419400141244016,0.0009136818137006696,native,38
2026-10-01,314,"Креветки мороженые неразделанные, кг",0.00036,0.7103416031392773,0.0002557229771301398,native,34
2026-10-01,315,"Крем для лица, 100 г (100 мл)",0.00159,-0.2596652394676236,-0.0004128677307535215,native,30
2026-10-01,316,"Кровать для новорожденных,шт.",0.00051,0.10781370668511261,5.4984990409407435e-05,native,20
2026-10-01,319,"Кроссовые туфли для детей с верхом из искусственной кожи, пара",0.00156,0.2573479782834342,0.00040146284612215736,native,27
2026-10-01,320,"Крупа гречневая-ядрица, кг",0.00337,3.2899327102079323,0.011087073233400732,native,18
2026-10-01,322,"Крупа манная, кг",0.00059,0.6948853898302877,0.00040998237999986977,native,18
2026-10-01,323,"Крупы овсяная и перловая, кг",0.00032,-0.6298181580078609,-0.0002015418105625155,native,18
2026-10-01,324,"Ксерокопирование документа, лист",0.0009,0.5904841423289744,0.0005314357280960769,native,55
2026-10-01,325,"Ксилометазолин (Галазолин) 0,1%, 10 мл",0.00051,0.5427360555170417,0.0002767953883136913,native,21
2026-10-01,326,"Кулинарные изделия из птицы, кг",0.00167,0.862968235247471,0.0014411569528632766,native,26
2026-10-01,327,"Куртка для детей дошкольного возраста с верхом из плащевых тканей утепленная, шт.",0.00088,2.4056392153361204,0.002116962509495786,native,29
2026-10-01,328,"Куртка для детей школьного возраста с верхом из плащевых тканей утепленная, шт.",0.00084,1.0333787785968789,0.0008680381740213783,native,29
2026-10-01,329,"Куртка женская без утеплителя (ветровка), шт.",0.00271,0.15257618777902507,0.00041348146888115796,native,29
2026-10-01,330,"Куртка мужская без утеплителя (ветровка), шт.",0.00269,0.2865583248319436,0.0007708418937979283,native,29
2026-10-01,331,"Куртка мужская из натуральной кожи, шт.",0.00068,0.4376368845794538,0.0002975930815140286,native,29
2026-10-01,332,"Куртка мужская с верхом из плащевых тканей утепленная, шт.",0.00192,0.8194578237668142,0.0015733590216322833,native,29
2026-10-01,333,"Куры охлажденные и мороженые, кг",0.00958,-1.4878452640075337,-0.014253557629192172,native,26
2026-10-01,334,"Ламинат, м2",0.00167,0.4167399513283949,0.0006959557187184196,native,38
2026-10-01,335,"Лампа электрическая осветительная, шт.",0.00019,0.5521138955662586,0.00010490164015758913,native,51
2026-10-01,336,"Лампа энергосберегающая, шт.",0.00022,-0.9309955396629896,-0.00020481901872585772,native,51
2026-10-01,337,"Левомеколь, мазь, 40 г",0.00041,0.9423011564920434,0.0003863434741617378,native,21
2026-10-01,338,"Легковой автомобиль импортный подержанный, шт.",0.01012,0.04350134086104773,0.0004402335695138031,native,17
2026-10-01,339,"Легковой автомобиль иностранной марки новый, шт.",0.00959,0.258888666666671,0.0024827423133333745,insufficient_training_rows,17
2026-10-01,340,"Легковой автомобиль отечественный новый, шт.",0.00753,0.30780632767722166,0.002317781647409479,native,17
2026-10-01,341,"Лечебный массаж, сеанс",0.00013,0.5655764726294645,7.352494144183039e-05,native,22
2026-10-01,342,"Лечение кариеса, пломба",0.00221,0.7066408488327254,0.0015616762759203232,native,22
2026-10-01,343,"Лимоны, кг",0.00185,-1.3200974354111736,-0.002442180255510671,native,33
2026-10-01,345,"Линолеум, м2",0.00085,0.525179048594643,0.00044640219130544657,native,38
2026-10-01,346,"Лопата садовая, шт.",0.00015,0.3589597476178301,5.384396214267451e-05,native,54
2026-10-01,347,"Лоперамид, 2 мг, 10 капсул (таблеток)",0.00036,0.20701918003041447,7.452690481094921e-05,native,21
2026-10-01,349,"Лук репчатый, кг",0.00236,-10.726698906182042,-0.02531500941858962,native,33
2026-10-01,350,"Майка, футболка женская бельевая, шт.",0.00079,0.47497906724249217,0.0003752334631215688,native,43
2026-10-01,351,"Майка, футболка мужская бельевая, шт.",0.00151,0.49429400714908867,0.0007463839507951239,native,43
2026-10-01,352,"Майонез, кг",0.00223,-0.18528108025175855,-0.0004131768089614216,native,53
2026-10-01,354,"Макаронные изделия из пшеничной муки высшего сорта, кг",0.00382,0.4488263652286606,0.0017145167151734835,native,18
2026-10-01,355,"Маникюр,услуга",0.0057,1.9035932506917417,0.010850481528942928,native,12
2026-10-01,357,"Маргарин, кг",0.0008,-0.4530837752586805,-0.0003624670202069444,native,19
2026-10-01,358,"Масло оливковое, л",0.00257,0.1421256205832731,0.00036526284489901185,native,19
2026-10-01,359,"Масло подсолнечное, кг",0.00543,0.2745903220550423,0.0014910254487588797,native,19
2026-10-01,360,"Масло сливочное, кг",0.00872,0.5877790011920149,0.00512543289039437,native,19
2026-10-01,362,"Матрас детский, шт.",0.00051,0.33078530578358056,0.0001687005059496261,native,20
2026-10-01,363,"Машина стиральная автоматическая, шт.",0.0019,0.04484712404572508,8.520953568687765e-05,native,51
2026-10-01,365,"Мёд пчелиный натуральный, кг",0.00469,0.668001018434985,0.00313292477646008,native,53
2026-10-01,369,"Металлочерепица, м2",0.00052,0.8740662694725019,0.00045451446012570093,native,38
2026-10-01,370,"Метамизол натрия (Анальгин отечественный), 500 мг, 10 таблеток",0.00036,0.7066284772250133,0.0002543862518010048,native,21
2026-10-01,373,"Миксер, блендер, шт.",0.00176,-0.18251193818988093,-0.00032122101121419044,native,51
2026-10-01,374,"Мойка из нержавеющей стали для кухни, шт.",0.00182,0.5524471133892107,0.0010054537463683635,native,38
2026-10-01,375,"Мойка легкового автомобиля, услуга",0.00529,1.1588842370425314,0.006130497613954991,native,12
2026-10-01,378,"Молоко питьевое цельное пастеризованное 2,5-3,2% жирности, л",0.00302,0.5590315226545863,0.0016882751984168508,native,24
2026-10-01,379,"Молоко питьевое цельное стерилизованное 2,5-3,2% жирности, л",0.00232,0.7327765183143302,0.001700041522489246,native,24
2026-10-01,380,"Молоко сгущенное с сахаром, 400 г",0.00113,0.20272985763892348,0.00022908473913198351,native,24
2026-10-01,381,"Монитор для настольного компьютера, шт.",0.00052,0.5400349046074197,0.0002808181503958582,native,31
2026-10-01,382,"Морковь, кг",0.0021,-3.7172711659426625,-0.0078062694484795905,native,33
2026-10-01,384,"Мороженое сливочное, кг",0.00491,0.5616538387713371,0.0027577203483672656,native,53
2026-10-01,386,"Музеи и выставки, билет",9e-05,0.8501722544986884,7.651550290488196e-05,native,46
2026-10-01,388,"Мука пшеничная, кг",0.00424,0.3278533795635162,0.0013900983293493084,native,53
2026-10-01,389,"Мыло туалетное, 100 г",0.00099,1.175471060506211,0.001163716349901149,native,25
2026-10-01,390,"Мыло хозяйственное, 200 г",0.00174,-0.09790852472798278,-0.00017036083302669004,native,25
2026-10-01,393,"Мясо индейки, кг",0.00424,0.4191672055991543,0.0017772689517404144,native,26
2026-10-01,395,"Мясокопчености, кг",0.00303,0.5870716834689894,0.001778827200911038,native,26
2026-10-01,396,"Мяч футбольный, шт.",0.00026,0.30758362742386475,7.997174313020483e-05,native,54
2026-10-01,397,"Набор корпусной мебели, комплект",0.00062,0.23050917988764874,0.0001429156915303422,native,20
2026-10-01,399,"Набор фломастеров, набор",0.00032,0.6718608191531885,0.00021499546212902035,native,54
2026-10-01,400,"Наём жилых помещений в государственном и муниципальном жилищных фондах, м2 общей площади",0.00012,6.271704976511633,0.000752604597181396,native,14
2026-10-01,402,"Напитки газированные, л",0.00389,0.3778144829852169,0.0014696983388124937,native,53
2026-10-01,404,"Национальные сыры и брынза, кг",0.00741,0.7073022590076037,0.005241109739246343,native,39
2026-10-01,405,"Начальный курс обучения вождению легкового автомобиля, курс",0.00108,0.71478205286985,0.0007719646170994379,native,44
2026-10-01,406,"Нимесулид, 100 мг, 10 таблеток",0.0004,0.23666791121386083,9.466716448554433e-05,native,21
2026-10-01,408,"Нитки швейные, катушка",0.00011,0.3256377037066023,3.582014740772625e-05,native,54
2026-10-01,410,"Носки мужские, пара",0.00108,0.7067339205387084,0.0007632726341818051,native,54
2026-10-01,411,"Носки, гольфы детские, пара",0.00017,0.060496964172550766,1.0284483909333631e-05,native,54
2026-10-01,412,"Обед в ресторане, на 1 человека",0.00201,1.2093945944561921,0.0024308831348569464,native,28
2026-10-01,413,"Обед в столовой, кафе, закусочной (кроме столовой в организации), на 1 человека",0.00697,0.5073401413740681,0.0035361607853772545,native,28
2026-10-01,415,"Обои виниловые, 10 м",0.00248,0.5890034180275858,0.0014607284767084129,native,38
2026-10-01,416,"Обращение с твердыми коммунальными отходами, с человека",0.00398,0.535333227055918,0.002130626243682554,native,14
2026-10-01,420,"Обувь домашняя с текстильным верхом для взрослых, пара",0.00161,0.34331256408039973,0.0005527332281694436,native,27
2026-10-01,421,"Обувь домашняя с текстильным верхом для детей, пара",0.00017,0.6129079486173553,0.00010419435126495041,native,27
2026-10-01,426,"Обучение в государственных и муниципальных образовательных организациях высшего профессионального образования, семестр",0.00346,0.6111181040620033,0.0021144686400545315,native,44
2026-10-01,427,"Обучение в негосударственных образовательных организациях высшего профессионального образования, семестр",0.00191,0.0,0.0,native,44
2026-10-01,429,"Обучение в образовательных организациях среднего профессионального образования, семестр",0.0022,0.02851638088621683,6.273603794967703e-05,native,44
2026-10-01,430,"Общий анализ крови, анализ",0.00092,0.20170419386020194,0.0001855678583513858,native,22
2026-10-01,432,"Овощи замороженные, кг",0.00068,0.2522634007676278,0.00017153911252198694,native,33
2026-10-01,433,"Овощи натуральные консервированные, маринованные, кг",0.0028,0.17604465627578708,0.0004929250375722038,native,53
2026-10-01,434,"Овсяные хлопья ""Геркулес"", кг",0.00132,0.12100857599587872,0.0001597313203145599,native,18
2026-10-01,435,"Огурцы свежие, кг",0.00468,18.78955651953091,0.08793512451140467,native,33
2026-10-01,442,"Одеяло стеганое, шт.",0.00247,0.4306081155822513,0.0010636020454881608,native,29
2026-10-01,443,"Окорочка куриные, кг",0.00549,0.2151224371180006,0.0011810221797778234,native,26
2026-10-01,447,"Орехи, кг",0.0019,0.049477945561617984,9.400809656707417e-05,native,33
2026-10-01,448,"Отопление, Гкал",0.00924,0.6235021899824744,0.0057611602354380636,native,14
2026-10-01,449,"Оформление доверенности в нотариальной конторе, услуга",0.00012,0.5877173594755044,7.052608313706053e-05,native,55
2026-10-01,451,"Пальто (полупальто) женское с верхом из плащевых тканей, шт.",0.00177,0.42470033991318484,0.0007517196016463372,native,29
2026-10-01,452,"Пальто женское демисезонное из шерстяных или полушерстяных тканей, шт.",0.00203,0.9883633390312012,0.0020063775782333385,native,29
2026-10-01,453,"Пальто женское зимнее из шерстяных или полушерстяных тканей, шт.",0.00095,1.074727568623275,0.0010209911901921111,native,29
2026-10-01,454,"Пальто женское меховое и дубленка, шт.",0.00102,0.9041555144637915,0.0009222386247530673,native,23
2026-10-01,455,"Панкреатин, 10 таблеток",0.00038,0.5085957874814042,0.00019326639924293362,native,21
2026-10-01,456,"Панталоны, трусы женские, шт.",0.00127,0.1261691618542736,0.00016023483555492748,native,43
2026-10-01,457,"Паста зубная, 100 г (100 мл)",0.00191,0.41566362639006843,0.0007939175264050307,native,30
2026-10-01,458,"Пеленки для новорожденных, шт.",0.00019,0.3500812837953773,6.651544392112169e-05,native,29
2026-10-01,459,"Пельмени, манты, равиоли, кг",0.00524,0.6910204844767708,0.0036209473386582787,native,26
2026-10-01,460,"Первичный консультативный осмотр больного у стоматолога, посещение",0.00106,0.337895362681184,0.000358169084442055,native,22
2026-10-01,461,"Первичный консультативный прием у врача специалиста, посещение",0.00207,0.496514300391414,0.0010277846018102268,native,22
2026-10-01,464,"Пересылка простого письма внутри России, массой до 20 г, шт.",1e-05,0.03341111883289638,3.341111883289638e-07,native,55
2026-10-01,466,"Перчатки из натуральной кожи, пара",0.00011,0.854359340976145,9.397952750737594e-05,native,13
2026-10-01,467,"Перчатки трикотажные женские, пара",6e-05,1.0646939007188256,6.388163404312954e-05,native,43
2026-10-01,468,"Печать цветных фотографий, шт.",0.00011,0.7855945914877646,8.64154050636541e-05,native,12
2026-10-01,469,"Печень говяжья, свиная, кг",0.00275,0.5823124162113082,0.0016013591445810976,native,26
2026-10-01,470,"Печенье, кг",0.00549,0.4829420233892455,0.002651351708406958,native,16
2026-10-01,471,"Печь микроволновая, шт.",0.00067,-0.2890418785340887,-0.00019365805861783943,native,51
2026-10-01,475,"Пиджак, жакет женский из шерстяных, полушерстяных или смесовых тканей, шт.",0.00359,0.2589766623119005,0.0009297262176997227,native,29
2026-10-01,478,"Плата за пересылку простой посылки внутри России массой 1-2 кг, шт.",0.00013,0.5892600624518892,7.66038081187456e-05,native,55
2026-10-01,479,"Плата за пользование потребительским кредитом (процентная ставка в стоимостном выражении), руб.",0.00656,0.32105019743150387,0.0021060892951506654,native,55
2026-10-01,480,"Платье (платье-костюм) женское из полушерстяных или смесовых тканей, шт.",0.00401,0.48975926641117573,0.0019639346583088147,native,29
2026-10-01,481,"Платье (платье-костюм) женское из хлопчатобумажных или смесовых тканей, шт.",0.00396,0.17302283412923924,0.0006851704231517874,native,29
2026-10-01,482,"Платье (платье-костюм, сарафан) для девочек школьного возраста из полушерстяных, смесовых  тканей, шт.",0.00051,0.7315161797714211,0.00037307325168342483,native,29
2026-10-01,483,"Платье (сарафан) летнее для девочек дошкольного возраста, шт.",0.00029,0.4510284736285051,0.00013079825735226648,native,29
2026-10-01,484,"Плита бытовая, шт.",0.00148,0.5806913011300656,0.0008594231256724971,native,51
2026-10-01,485,"Плитка керамическая, облицовочная для внутренних работ, м2",0.0019,0.30134912625450916,0.0005725633398835674,native,38
2026-10-01,486,"Плиты древесностружечные, ориентированно-стружечные, м2",0.0008899999999999,0.3536935674474423,0.0003147872750281883,native,38
2026-10-01,487,"Повторное получение гербового документа в органах ЗАГС, документ",0.00057,0.35155429920219194,0.0002003859505452494,native,55
2026-10-01,488,"Подгузники детские бумажные (памперсы), 10 шт.",0.00114,0.7723207396302765,0.0008804456431785151,native,54
2026-10-01,489,"Подушка, шт.",0.00248,0.5589837150943412,0.0013862796134339662,native,29
2026-10-01,496,"Ползунки из хлопчатобумажного трикотажного полотна, шт.",0.00019,0.19866998618254983,3.774729737468447e-05,native,29
2026-10-01,500,"Полотенце кухонное, шт.",0.0012,0.7397355052223358,0.0008876826062668028,native,54
2026-10-01,501,"Полотенце личное, шт.",0.00239,0.5932677285524455,0.0014179098712403448,native,54
2026-10-01,502,"Полуботинки мужские с верхом из искусственной кожи, пара",0.00083,0.6993000472235718,0.0005804190391955645,native,27
2026-10-01,503,"Полуботинки, туфли мужские с верхом из натуральной кожи, пара",0.00277,0.4120982811134205,0.0011415122386841748,native,27
2026-10-01,505,"Пользование общественным туалетом, посещение",0.00047,0.7885629987295781,0.00037062460940290174,native,55
2026-10-01,506,"Помидоры свежие, кг",0.00574,13.064996193423013,0.0749930781502481,native,33
2026-10-01,507,"Помывка в бане в общем отделении, билет",0.00103,1.0555802977552022,0.0010872477066878584,native,12
2026-10-01,508,"Порошок стиральный, кг",0.00342,0.5213050969698501,0.001782863431636887,native,25
2026-10-01,509,"Посещение детского ясли-сада, день",0.00038,0.19829616818315926,7.535254390960052e-05,native,44
2026-10-01,511,"Постановка набоек, пара",0.00055,0.3165205371486803,0.00017408629543177418,native,12
2026-10-01,513,"Пребывание пациента в круглосуточном стационаре, койко-день",0.00042,-0.2525251653364012,-0.0001060605694412885,native,22
2026-10-01,514,"Предоставление абоненту в постоянное пользование абонентской линии независимо от ее типа, месяц",0.00024,0.22042874957071748,5.2902899896972196e-05,native,48
2026-10-01,518,"Предоставление местного телефонного соединения при повременной системе оплаты услуг связи, минута",0.00024,0.2863800407499514,6.873120977998833e-05,native,48
2026-10-01,519,"Прививка животного, шт.",0.00019,0.2991077254645941,5.683046783827288e-05,native,55
2026-10-01,524,"Продукция предприятий общественного питания быстрого обслуживания (сэндвич типа ""Гамбургер""), шт.",0.00269,0.4277091496750501,0.0011505376126258848,native,28
2026-10-01,525,"Проезд в городском автобусе,поездка",0.00185,1.7929070287712365,0.003316878003226788,native,47
2026-10-01,527,"Проезд в маршрутном такси, поездка",0.00869,0.21286094564394065,0.001849761617645844,native,47
2026-10-01,528,"Проезд в междугородном автобусе, в расчете на 50 км пути",0.00057,0.6135045424426261,0.00034969758919229684,native,47
2026-10-01,531,"Проезд в такси, в расчете на 1 км пути",0.00415,7.390954578473853,0.03067246150066649,native,47
2026-10-01,533,"Проезд в троллейбусе, поездка",0.0001,1.1253356998823099,0.00011253356998823099,native,47
2026-10-01,535,"Проживание в студенческом общежитии, месяц",2e-05,0.8188059722522049,1.63761194450441e-05,native,55
2026-10-01,538,"Пряники, кг",0.0019,-0.07731393515828527,-0.00014689647680074202,native,16
2026-10-01,539,"Пшено, кг",0.00118,1.6694764979434789,0.001969982267573305,native,18
2026-10-01,540,"Ранец, рюкзак для школьников, шт.",0.00108,1.4753649346041888,0.001593394129372524,native,13
2026-10-01,541,"Регулировка развала-схождения колес легкового автомобиля, один вид работы",0.00423,0.5961236838074772,0.0025216031825056285,native,12
2026-10-01,542,"Ремень мужской, шт.",0.00059,0.16910848889456867,9.977400844779552e-05,native,13
2026-10-01,543,"Ремонт  телевизоров, один вид работы",0.00037,0.321782852379801,0.00011905965538052636,native,12
2026-10-01,544,"Ремонт брюк из всех видов тканей, один вид работы",0.00018,0.4524935868592077,8.144884563465739e-05,native,12
2026-10-01,548,"Ремонт холодильников всех марок, один вид работы",0.00042,0.6129066872696352,0.00025742080865324675,native,12
2026-10-01,552,"Рис шлифованный, кг",0.00479,0.5859186003448449,0.002806550095651807,native,18
2026-10-01,554,"Рубероид, 10 м",0.00011,0.2967643139398938,3.264407453338832e-05,native,38
2026-10-01,555,"Рыба живая и охлажденная, кг",0.00395,0.6798476181840394,0.0026853980918269556,native,34
2026-10-01,558,"Рыба мороженая неразделанная, кг",0.00303,0.5001840493140501,0.001515557669421572,native,34
2026-10-01,559,"Рыба мороженая разделанная (кроме лососевых пород), кг",0.005,0.5017017840371691,0.002508508920185846,native,34
2026-10-01,560,"Рыба охлажденная и мороженая разделанная лососевых пород, кг",0.00181,0.39787150534224813,0.0007201474246694692,native,34
2026-10-01,561,"Рыба соленая, маринованная, копченая, кг",0.00142,2.178088353986765,0.0030928854626612063,native,34
2026-10-01,563,"Рюмка, фужер из простого стекла, шт.",0.00054,0.44258124152150113,0.0002389938704216106,native,54
2026-10-01,565,"Санаторий, день",0.001,0.09145177588235781,9.145177588235781e-05,native,35
2026-10-01,566,"Сапоги женские зимние с верхом из натуральной кожи, пара",0.00253,1.128348993778425,0.0028547229542594155,native,27
2026-10-01,567,"Сапоги женские осенние с верхом из натуральной кожи, пара",0.00145,-0.0723278307543187,-0.00010487535459376211,native,27
2026-10-01,568,"Сапоги цельнорезиновые для взрослых, пара",0.00042,0.20369763426881815,8.555300639290362e-05,native,54
2026-10-01,569,"Сапоги цельнорезиновые для детей, пара",0.00011,0.10642385080543214,1.1706623588597535e-05,native,54
2026-10-01,570,"Сапоги, ботинки для детей школьного возраста зимние с верхом из натуральной кожи, пара",0.00111,0.8614187467237966,0.0009561748088634142,native,27
2026-10-01,571,"Сапоги, ботинки мужские зимние с верхом из натуральной кожи, пара",0.00223,1.2177276895365692,0.0027155327476665494,native,27
2026-10-01,572,"Сахар-песок, кг",0.00532,-0.8152243256723793,-0.004336993412577058,native,36
2026-10-01,573,"Свежесрезанные цветы, шт.",0.00399,1.1855143120342266,0.004730202105016564,native,54
2026-10-01,574,"Свёкла столовая, кг",0.00077,-2.072572970116198,-0.0015958811869894725,native,33
2026-10-01,575,"Светильник потолочный, шт.",0.00208,0.9564668058014745,0.001989450956067067,native,51
2026-10-01,577,"Свинина (кроме бескостного мяса), кг",0.00481,0.5357176530476977,0.0025768019111594258,native,26
2026-10-01,578,"Свинина бескостная, кг",0.00257,0.38997706800329895,0.0010022410647684782,native,26
2026-10-01,580,"Сельдь соленая, кг",0.00079,0.26152456757517584,0.0002066044083843889,native,34
2026-10-01,584,"Сковорода, шт.",0.00137,0.3382667657165984,0.0004634254690317398,native,54
2026-10-01,585,"Смартфон, шт.",0.00625,-0.7471620083646431,-0.0046697625522790194,native,37
2026-10-01,587,"Смеси сухие молочные для детского питания, кг",0.00077,0.7201285229075964,0.0005544989626388492,native,24
2026-10-01,588,"Сметана, кг",0.00748,0.9223218109167057,0.0068989671456569585,native,24
2026-10-01,589,"Содержание и ремонт жилья в государственном и муниципальном жилищных фондах, м2 общей площади",0.00078,0.13173840304605355,0.00010275595437592177,native,14
2026-10-01,590,"Содержание, ремонт жилья для граждан-собственников жилья в результате приватизации, граждан-собственников жилых помещений по иным основаниям, м2 общей площади",0.00599,0.21019516848978462,0.0012590690592538098,native,14
2026-10-01,591,"Соки фруктовые, л",0.00232,0.23567969345481546,0.0005467768888151719,native,53
2026-10-01,592,"Соленые и копченые деликатесные продукты из рыбы, кг",0.0013,0.5518155448922087,0.0007173602083598714,native,34
2026-10-01,593,"Соль поваренная пищевая, кг",0.00122,0.9234805378576669,0.0011266462561863536,native,53
2026-10-01,595,"Сорочка верхняя для мальчиков дошкольного возраста, шт.",0.00024,1.5099700190605678,0.0003623928045745363,native,29
2026-10-01,596,"Сорочка верхняя для мальчиков школьного возраста, шт.",0.0008899999999999,0.48700338854265934,0.0004334330158029181,native,29
2026-10-01,597,"Сорочка верхняя мужская из хлопчатобумажных или смесовых тканей, шт.",0.00449,0.5927295579020451,0.0026613557149801825,native,29
2026-10-01,598,"Сорочка ночная женская, шт.",0.00105,-0.08363768593854659,-8.781957023547392e-05,native,29
2026-10-01,599,"Сосиски, сардельки, кг",0.00553,0.20355149774168765,0.0011256397825115327,native,26
2026-10-01,601,"Спички, коробок",0.00059,0.15036499205597553,8.871534531302556e-05,native,54
2026-10-01,602,"Стекло оконное листовое, м2",5e-05,0.1047620932840922,5.23810466420461e-06,native,38
2026-10-01,605,"Стирка и глажение белья прямого, кг",0.00081,0.6316936790676725,0.0005116718800448147,native,12
2026-10-01,606,"Стол обеденный, шт.",0.00356,0.4132522091553882,0.001471177864593182,native,20
2026-10-01,607,"Стол рабочий кухонный, шт.",0.00091,0.5813485863316843,0.0005290272135618327,native,20
2026-10-01,608,"Стрижка модельная в женском зале, стрижка",0.00549,0.3152597141630258,0.0017307758307550116,native,12
2026-10-01,609,"Стрижка модельная в мужском зале, стрижка",0.0051,0.5046047624206682,0.002573484288345408,native,12
2026-10-01,610,"Стул с мягким сиденьем, шт.",0.00259,0.5131223235418836,0.0013289868179734783,native,20
2026-10-01,616,"Сухие корма для домашних животных, кг",0.00104,0.7151627574543693,0.000743769267752544,native,54
2026-10-01,617,"Сухие супы в пакетах, 100 г",0.00132,0.35828691324823475,0.0004729387254876699,native,53
2026-10-01,618,"Сухофрукты, кг",0.00073,1.1535028653845418,0.0008420570917307155,native,33
2026-10-01,620,"Сыры плавленые, кг",0.00187,0.46892740814431355,0.0008768942532298664,native,39
2026-10-01,621,"Сыры твердые, полутвердые и мягкие, кг",0.00514,0.4139703859330317,0.002127807783695783,native,39
2026-10-01,622,"Табурет для кухни, шт.",0.00063,0.5399276819862745,0.00034015443965135293,native,20
2026-10-01,623,"Тарелка обеденная, шт.",0.00085,0.5053466006905483,0.000429544610586966,native,54
2026-10-01,624,"Таурин, 4%, 5 мл",0.00036,-0.06194589622205174,-2.2300522639938628e-05,native,21
2026-10-01,628,"Театры, билет",0.00033,0.3788360797582287,0.00012501590632021546,native,46
2026-10-01,629,"Телевизор цветного изображения, шт.",0.00258,0.8280752263768731,0.0021364340840523324,native,41
2026-10-01,633,"Термометр медицинский электронный стандартный, шт.",6e-05,0.7421895813274304,4.4531374879645824e-05,native,21
2026-10-01,634,"Тетрадь школьная, шт.",0.00029,0.7888134757924774,0.00022875590797981845,native,54
2026-10-01,636,"Ткани декоративные для изготовления штор и занавесей, м",0.0008,0.24751601687204097,0.0001980128134976328,native,54
2026-10-01,638,"Ткани хлопчатобумажные бельевые, м",0.0001,0.2578285907519138,2.578285907519138e-05,native,54
2026-10-01,641,"Ткань костюмная шерстяная и полушерстяная, м",6e-05,0.3793281292464909,2.2759687754789453e-05,native,54
2026-10-01,642,"Ткань платьевая из искусственного или синтетического шелка, м",8e-05,0.307163176855274,2.4573054148421922e-05,native,54
2026-10-01,646,"Торты, кг",0.00277,0.8377415456564399,0.0023205440814683385,native,16
2026-10-01,647,"Трикотажная шапочка детская, шт.",0.00072,1.5739315172522115,0.0011332306924215923,native,43
2026-10-01,650,"Триммер электрический, шт.",0.00056,0.34659681710008117,0.00019409421757604544,native,15
2026-10-01,651,"Троксерутин, 2% гель, 40 г",0.0004,0.8600864606688684,0.0003440345842675474,native,21
2026-10-01,652,"Трусы детские, шт.",0.00043,0.8390239760825796,0.0003607803097155092,native,43
2026-10-01,653,"Трусы мужские, шт.",0.00145,-0.169003103217121,-0.00024505449966482544,native,43
2026-10-01,654,"Туалетная вода, 100 мл",0.00579,0.324265372117157,0.001877496504558339,native,30
2026-10-01,655,"Туфли детские летние (сандалеты), пара",0.00076,-0.4760109842398481,-0.0003617683480222846,native,27
2026-10-01,659,"Туфли женские модельные с верхом из натуральной кожи, пара",0.00094,0.006631922320778347,6.234006981531646e-06,native,27
2026-10-01,660,"Тушь для ресниц, шт.",0.00179,1.1692455763647058,0.0020929495816928234,native,30
2026-10-01,661,"Тюль, полотно гардинное, м",0.0022,0.35796256814378635,0.00078751764991633,native,13
2026-10-01,663,"Удаление зуба под местным обезболиванием, удаление",0.00116,0.8859282336547711,0.0010276767510395345,native,22
2026-10-01,664,"Удостоверение завещания в нотариальной конторе, услуга",0.00012,0.4353317597653104,5.223981117183725e-05,native,55
2026-10-01,665,"Ужин в ресторане, на 1 человека",0.00313,0.8459350474083115,0.002647776698388015,native,28
2026-10-01,666,"Ультразвуковое исследование брюшной полости, исследование",0.00137,0.281092510035697,0.0003850967387489049,native,22
2026-10-01,675,"Услуги организатора проведения торжеств, услуга",0.00247,0.10569814661694077,0.00026107442214384367,native,12
2026-10-01,678,"Услуги по воспитанию детей, предоставляемые наемным персоналом, час",0.00121,0.44732087610482496,0.0005412582600868382,native,12
2026-10-01,679,"Услуги по организации и выполнению работ по эксплуатации домов ЖК, ЖСК, ТСЖ, м2 общей площади",0.00526,0.3155000193094118,0.001659530101567506,native,14
2026-10-01,690,"Установка пластиковых окон, м2",0.0018,0.24517505609711576,0.00044131510097480833,native,12
2026-10-01,691,"Устная консультация юриста по семейным вопросам, консультация",0.00011,0.02458208876780038,2.704029764458042e-06,native,55
2026-10-01,692,"Учебник, учебное пособие, дидактический материал для общеобразовательной школы, шт.",0.00048,0.33727055750922613,0.00016188986760442853,native,32
2026-10-01,694,"Фарш мясной, кг",0.0094,-0.2811747528829862,-0.0026430426771000704,native,26
2026-10-01,695,"Физиотерапевтическое лечение, процедура",0.00014,0.15185911245170475,2.1260275743238664e-05,native,22
2026-10-01,697,"Филе рыбное, кг",0.00204,0.47196877446361063,0.0009628162999057657,native,34
2026-10-01,698,"Филе сельди соленое, кг",0.00065,0.03761868082459291,2.445214253598539e-05,native,34
2026-10-01,699,"Флеш-накопитель USB, шт.",3e-05,0.5322484174977954,1.596745252493386e-05,native,41
2026-10-01,701,"Фотоаппарат, шт.",0.00019,-2.948954849659736,-0.0005603014214353499,native,54
2026-10-01,703,"Футболка детская, шт.",0.00049,0.30422978473716933,0.00014907259452121298,native,43
2026-10-01,704,"Халат женский, шт.",0.00119,0.5722297414523411,0.0006809533923282859,native,29
2026-10-01,706,"Химчистка мужского костюма, шт.",0.00012,0.4159901638604754,4.9918819663257046e-05,native,12
2026-10-01,710,"Хлеб из ржаной муки и из смеси муки ржаной и пшеничной, кг",0.00255,0.5446507547058234,0.0013888594244998497,native,49
2026-10-01,711,"Хлопья из злаков (сухие завтраки), кг",0.00115,-0.17845796447376483,-0.00020522665914482954,native,49
2026-10-01,712,"Холодильник двухкамерный, емкостью 250-360 л, шт.",0.00262,0.36830931329039884,0.0009649704008208449,native,51
2026-10-01,714,"Цемент тарированный, 50 кг",0.00066,0.4984758859348092,0.00032899408471697404,native,38
2026-10-01,716,"Чай черный байховый пакетированный, 25 пакетиков",0.00197,-0.17197832971263388,-0.00033879730953388876,native,50
2026-10-01,717,"Чай черный байховый, кг",0.00269,0.06279296172415116,0.00016891306703796665,native,50
2026-10-01,718,"Чайник, шт.",0.00102,-0.03883491757117037,-3.961161592259378e-05,native,54
2026-10-01,721,"Часы наручные, шт.",0.00028,0.5374973737448497,0.0001504992646485579,native,54
2026-10-01,722,"Чашка чайная с блюдцем, комплект",0.00028,0.30578934929023105,8.562101780126469e-05,native,54
2026-10-01,723,"Чеснок, кг",0.00111,1.3968936236858085,0.0015505519222912476,native,33
2026-10-01,726,"Шампунь, 250 мл",0.0019,0.10032146681491955,0.00019061078694834714,native,30
2026-10-01,727,"Шиномонтаж колес легкового автомобиля, услуга",0.00355,0.7153378096437341,0.002539449224235256,native,12
2026-10-01,728,"Шины для легкового автомобиля, шт.",0.00355,0.5085946248963722,0.0018055109183821214,native,17
2026-10-01,729,"Шкаф-вешалка для прихожей, шт.",0.00078,0.24719691570885172,0.00019281359425290433,native,20
2026-10-01,730,"Шкаф для платья и белья, шт.",0.0023,0.531568401664515,0.0012226073238283846,native,20
2026-10-01,731,"Шкаф навесной кухонный (полка), двухстворчатый, шт.",0.00067,0.5224313633959792,0.00035002901347530607,native,20
2026-10-01,734,"Шоколад, кг",0.0034,0.3171562448391653,0.001078331232453162,native,16
2026-10-01,735,"Щетка зубная, шт.",0.00174,0.34105957696650246,0.0005934436639217143,native,13
2026-10-01,740,"Экскурсия автобусная, час",0.00112,0.7516191783596455,0.0008418134797628029,native,55
2026-10-01,741,"Электропылесос напольный, шт.",0.00185,-0.25444985912254514,-0.0004707322393767085,native,51
2026-10-01,742,"Электроутюг, шт.",0.00079,0.001647877229874306,1.301823011600702e-06,native,51
2026-10-01,743,"Электрочайник, шт.",0.00058,0.39546586942507733,0.00022937020426654485,native,51
2026-10-01,744,"Электроэнергия в квартирах без электроплит сверх минимального объема потребления, в расчете за 100 кВт.ч",0.00107,0.6310439211211406,0.0006752169955996204,native,14
2026-10-01,745,"Электроэнергия в квартирах без электроплит за минимальный объем потребления, в расчете за 100 кВт.ч",0.00638,0.6928957555615282,0.00442067492048255,native,14
2026-10-01,746,"Электроэнергия в квартирах с электроплитами за минимальный объем потребления, в расчете за 100 кВт.ч",0.00315,0.6944029873772615,0.002187369410238374,native,14
2026-10-01,747,"Электроэнергия в квартирах с электроплитами сверх минимального объема потребления, в расчете за 100 кВт.ч",0.00082,0.6329750053485045,0.0005190395043857737,native,14
2026-10-01,748,"Эналаприл, 5 мг, 10 таблеток",0.00035,-0.275268234552891,-9.634388209351185e-05,native,21
2026-10-01,750,"Юбка для девочек школьного возраста из полушерстяных тканей, шт.",0.00076,0.6961454515666836,0.0005290705431906796,native,29
2026-10-01,751,"Юбка женская из полушерстяных или смесовых тканей, шт.",0.00203,0.5514368677260646,0.0011194168414839112,native,29
2026-10-01,753,"Яблоки, кг",0.00515,-3.7788861626833614,-0.019461263737819312,native,33
2026-10-01,754,"Яйца куриные, 10 шт.",0.00543,3.719724132294068,0.02019810203835679,native,52
2026-10-01,786,"Поездка на отдых в Турцию, поездка",0.0004,-5.620099646389741,-0.0022480398585558964,native,67
2026-10-01,795,"Варежки (перчатки) детские, пара",8e-05,1.2590121619220516,0.00010072097295376413,native,43
2026-10-01,809,"Шарф шерстяной, полушерстяной или из смесовой пряжи для взрослых, шт.",0.00077,1.6671999120337402,0.0012837439322659799,native,43
2026-10-01,851,"Активированный уголь, 250 мг, 10 таблеток",0.00032,-0.6699141691865246,-0.00021437253413968788,native,21
2026-10-01,958,"Чай зеленый, кг",0.00169,0.16842682680796814,0.0002846413373054662,native,50
2026-10-01,959,"Брюки женские из джинсовой ткани (джинсы), шт.",0.00282,0.273183951444549,0.0007703787430736282,native,29
2026-10-01,960,"Носки женские, гольфы, пара",0.0007,0.4752884800139948,0.0003327019360097964,native,54
2026-10-01,961,"Пена для бритья, 200 мл",0.00085,1.079911881891951,0.0009179250996081584,native,30
2026-10-01,962,Крем для рук,0.00117,-0.41279391742701377,-0.0004829688833896061,native,30
2026-10-01,963,"Бритвенные станки одноразовые, шт.",0.0008,0.8612097840916164,0.0006889678272732931,native,13
2026-10-01,964,"Лампа светодиодная, шт.",0.00026,0.7400378416804612,0.0001924098388369199,native,51
2026-10-01,965,"Моноблок, шт.",0.00092,-0.042062523047379514,-3.869752120358916e-05,native,31
2026-10-01,966,"Годовая стоимость полиса обязательного страхования гражданской ответственности владельцев транспортных средств (ОСАГО), полис",0.0013,1.2547004097543253,0.0016311105326806228,native,55
2026-10-01,968,"Рюкзак для взрослых, шт.",0.00087,-0.2512074579820922,-0.00021855048844442022,native,13
2026-10-01,970,"Сливки питьевые, л",0.00112,-0.028711185633702285,-3.215652790974656e-05,native,24
2026-10-01,971,"Зелень свежая, кг",0.00098,2.0452076520347804,0.0020043034989940846,native,33
2026-10-01,972,"Грибы свежие, кг",0.00119,1.6983857001977318,0.002021078983235301,native,33
2026-10-01,973,"Ягоды замороженные, кг",0.00026,-0.3370375759468062,-8.76297697461696e-05,native,33
2026-10-01,976,"Гель для душа, 250 мл",0.00105,0.6466244064447804,0.0006789556267670193,native,30
2026-10-01,977,"Мыло туалетное жидкое, 250 мл",0.00099,-0.7018141992964858,-0.000694796057303521,native,30
2026-10-01,978,"Дезодорант, 50 мл",0.00092,0.34098015038551377,0.0003137017383546727,native,30
2026-10-01,979,"Кресло мягкое, шт.",0.00377,0.3921253590422271,0.0014783126035891963,native,20
2026-10-01,980,"Матрас для взрослых, шт.",0.00306,0.5115271362839534,0.0015652730370288974,native,20
2026-10-01,981,"Салфетки влажные, упаковка 20 шт.",0.00045,-0.23632772618908204,-0.00010634747678508692,native,54
2026-10-01,982,"Бумажные столовые салфетки, упаковка 10 шт.",0.00306,0.2690976917187947,0.0008234389366595118,native,54
2026-10-01,983,"Бумажные носовые платки, упаковка 10 шт.",0.00042,0.750825621738275,0.0003153467611300755,native,54
2026-10-01,984,"Прокладки женские гигиенические, 10 шт.",0.00108,-0.15827951296071807,-0.0001709418739975755,native,54
2026-10-01,985,"Наушники беспроводные, шт.",0.00189,0.3860221700790067,0.0007295819014493226,native,37
2026-10-01,987,"Цефтриаксон, 1 г",0.0004,1.3776841197212542,0.0005510736478885017,native,21
2026-10-01,992,"Амлодипин, 10 мг, 10 таблеток",0.00035,0.8161108888888869,0.0002856388111111104,calendar_gap_in_required_features,21
2026-10-01,993,"Омепразол, 20 мг, 10 таблеток",0.0004,0.667914191684482,0.00026716567667379277,native,21
2026-10-01,994,"Хлоргексидин, 100 мл",0.00033,0.41833316666666476,0.00013804994499999937,short_history,21
2026-10-01,995,"Амоксициллин с клавулановой кислотой, 500 мг+125мг, 10 таблеток",0.00039,0.025576545612236268,9.974852788772144e-06,native,21
2026-10-01,996,"Ибупрофен, 200 мг, 10 таблеток",0.00049,0.6423973787318982,0.0003147747155786301,native,21
2026-10-01,997,"Шприцы одноразовые, шт.",6e-05,0.93110223367658,5.5866134020594796e-05,native,21
2026-10-01,999,"Антисептик для рук, 100 мл",0.00017,1.2201523934915195,0.00020742590689355834,native,21
2026-10-01,1000,"Термометр медицинский безртутный (галинстановый), шт.",6e-05,0.2881869518210234,1.7291217109261404e-05,native,21
2026-10-01,1001,"Установка натяжного потолка, м2",0.00073,0.2696919092266765,0.00019687509373547384,native,12
2026-10-01,1002,"Услуги аренды автомобилей, час",0.00017,-0.03874440517856742,-6.586548880356462e-06,native,47
2026-10-01,1003,"Подписка на онлайн-видеосервисы, месяц",0.00766,0.8897347243718584,0.006815367988688436,native,48
2026-10-01,1004,"Проживание в гостинице 1* или в мотеле, сутки с человека",5e-05,0.12834554107244817,6.417277053622408e-06,native,55
2026-10-01,1005,"Проживание в гостинице 2*, сутки с человека",4e-05,0.08055420281672068,3.2221681126688276e-06,native,55
2026-10-01,1006,"Проживание в гостинице 3*, сутки с человека",0.00075,-0.32283766664868435,-0.00024212824998651327,native,55
2026-10-01,1007,"Проживание в гостинице 4*-5*, сутки с человека",0.00067,1.5499890798841802,0.0010384926835224008,native,55
2026-10-01,1008,"Проживание в хостеле, сутки с человека",0.00061,2.4878682127517617,0.0015175996097785745,native,55
2026-10-01,1009,"Экскурсионные туры по России, поездка",0.00138,-0.029182351274683715,-4.0271644759063523e-05,native,55
2026-10-01,1011,"Поездка на отдых в ОАЭ, поездка",0.0004,-18.449996999999996,-0.007379998799999999,missing_current_observation,67
2026-10-01,1012,"Услуги сиделок, час",0.00046,0.366842657748153,0.0001687476225641504,native,22
2026-10-01,1013,"Диагностика на магнитно-резонансном или компьютерном томографе, услуга",0.00045,0.23107890954345967,0.00010398550929455685,native,22
2026-10-01,1014,"Гастроскопия (ФГДС, ЭГДС), услуга",0.00059,0.6126201895085315,0.00036144591181003357,native,22
2026-10-01,1020,"Аскорбиновая кислота, 50 мг, 100 драже",0.00028,2.207656601652693,0.000618143848462754,native,21
2026-10-01,1024,"Валерианы экстракт, 20 мг, 10 таблеток",0.00029,0.5849941808285968,0.00016964831244029307,native,21
2026-10-01,1025,"Газета в розницу, шт.",0.00024,0.6516885512532923,0.00015640525230079015,native,32
2026-10-01,1030,"Клубная карта в фитнес-клуб, месяц",0.00185,0.6778070696409187,0.0012539430788356997,native,55
2026-10-01,1032,"Кроссовые туфли для взрослых, пара",0.00518,0.07827461776841589,0.0004054625200403943,native,27
2026-10-01,1035,"Метилурацил, 10 % мазь, 25 г",0.00037,0.05751217811513043,2.127950590259826e-05,native,21
2026-10-01,1037,"Мирамистин, 0,01%, 150 мл",0.00039,0.2673583952499132,0.00010426977414746616,native,21
2026-10-01,1038,"Натрия хлорид, 0,9%, 100 мл",0.00039,1.0197570029724339,0.00039770523115924923,native,21
2026-10-01,1039,"Нафазолин, 0,1%, 15 мл",0.00044,1.4914662831396326,0.0006562451645814384,native,21
2026-10-01,1040,"Парацетамол, 500 мг, 10 таблеток",0.00039,0.5580816972281448,0.00021765186191897648,native,21
2026-10-01,1041,"Перекись водорода, 3%, 100 мл",0.00036,0.6449541388247453,0.0002321834899769083,native,21
2026-10-01,1042,"Пиво, л",0.00372,0.42363672424183324,0.0015759286141796198,native,11
2026-10-01,1043,"Поездка на отдых в Египет, поездка",0.0002,-2.1033023129228887,-0.00042066046258457774,native,67
2026-10-01,1045,"Ренгалин, 20 таблеток",0.0004,0.9304413712297234,0.0003721765484918894,native,21
2026-10-01,1046,"Сигареты с фильтром, пачка",0.0086599999999999,0.5581697166791533,0.004833749746441411,native,40
2026-10-01,1048,"Сумка женская, шт.",0.00138,-0.19433594887898328,-0.00026818360945299693,native,13
2026-10-01,1049,"Творог, кг",0.00591,1.155860637932734,0.006831136370182459,native,24
2026-10-01,1050,"Туфли женские закрытые, пара",0.00196,0.49416810570481395,0.0009685694871814353,native,27
2026-10-01,1051,"Туфли женские летние, босоножки, пара",0.00356,0.5471053566736067,0.0019476950697580398,native,27
2026-10-01,1054,"Хлеб и булочные изделия из пшеничной муки различных сортов, кг",0.00735,1.1368431488962296,0.008355797144387287,native,49
2026-10-01,1055,"Цитрамон, 10 таблеток",0.00039,-0.5985059890234481,-0.00023341733571914476,native,21
2026-10-01,1060,"Поездки в страны Закавказья, поездка",0.00022,-2.051204696592833,-0.00045126503325042326,native,67
2026-10-01,1063,"Поездки в отдельные страны Средней Азии, поездка",4e-05,-15.99333022222222,-0.0006397332088888888,short_history,67
2026-10-01,1064,"Поездка в Беларусь, поездка",0.0001,-18.817775055555554,-0.0018817775055555556,short_history,67
2026-10-01,1065,"Поездки в отдельные страны Юго-Восточной Азии, поездка",0.00017,-1.0680961989431101,-0.00018157635382032875,native,67
2026-10-01,1066,"Молоко питьевое цельное пастеризованное более 3,2% жирности, л",0.00142,1.6483957526053357,0.0023407219686995768,native,24
2026-10-01,1067,"Творожок детский, кг",6e-05,-0.2107051103053011,-1.2642306618318065e-05,native,24
2026-10-01,1068,"Молоко для детей, л",1e-05,2.2266899316572895,2.2266899316572895e-05,native,24
2026-10-01,1069,"Сухие приправы, специи, кг",0.00139,1.0952989576123122,0.0015224655510811139,native,53
2026-10-01,1070,"Трикотажный головной убор для взрослых, шт.",0.00057,0.7138757773061677,0.00040690919306451555,native,43
2026-10-01,1071,"Крем детский, 100 г (100 мл)",0.00137,-0.07828840067078974,-0.00010725510891898194,native,30
2026-10-01,1072,"Чемодан, шт.",0.00108,2.6424058813680045,0.002853798351877445,native,13
2026-10-01,1073,"Бумага офисная, упаковка 500 листов",0.00015,0.7638480758007615,0.00011457721137011423,native,54
2026-10-01,1074,"Смарт-часы, шт.",0.00085,-4.265023697267949,-0.0036252701426777566,native,37
2026-10-01,1075,"Коньки, пара",0.00035,0.566134958006103,0.00019814723530213606,native,54
2026-10-01,1076,"Гипсокартон, м2",0.00075,0.20225572759309296,0.00015169179569481973,native,38
2026-10-01,1077,"Кресло детское автомобильное, шт.",0.00056,0.8078847781604943,0.0004524154757698768,native,17
2026-10-01,1078,"Соска (пустышка) детская, шт.",6e-05,0.001546131795263181,9.276790771579085e-08,native,21
2026-10-01,1079,"Бутылочка для кормления, шт.",0.00066,0.48934701191103175,0.0003229690278612809,native,21
2026-10-01,1083,"Поездка на отдых на Черноморское побережье России и в Крым, поездка",0.00205,-6.602298032404959,-0.013534710966430167,native,55
2026-10-01,1086,"Горошек зеленый консервированный, кг",0.00081,1.2031192777777748,0.0009745266149999975,short_history,53
2026-10-01,1087,"Перец сладкий свежий, кг",0.00266,3.814999944444443,0.010147899852222218,short_history,33
2026-10-01,1088,"Робот-пылесос, шт.",0.00116,-0.41555338888888904,-0.0004820419311111113,short_history,51
2026-10-01,1091,"Валосердин, 25 мл",0.00033,0.39944427777777647,0.00013181661166666622,short_history,21
2026-10-01,1094,"Диклофенак, 15 мл",0.00038,0.9983332222222209,0.000379366624444444,short_history,21
2026-10-01,1095,"Кардиомагнил, 100 таблеток",0.0004,0.4061111666666651,0.00016244446666666604,short_history,21
2026-10-01,1097,"Меновазин, 40 мл",0.00034,0.3483331111111091,0.0001184332577777771,short_history,21
2026-10-01,1099,"Пенталгин, 24 таблетки",0.00035,0.5950001111111097,0.00020825003888888841,short_history,21
2026-10-01,1100,"Салициловая кислота, 40 мл",0.00031,1.0955553333333314,0.0003396221533333327,short_history,21
2026-10-01,1101,"Спазмалгон, 10 таблеток",0.0004,0.400555333333332,0.0001602221333333328,short_history,21
2026-10-01,1105,Воздушный и железнодорожный транспорт,0.00569,-4.089995999999999,-0.023272077239999994,missing_current_observation,47
2026-10-01,1107,"Печень птицы, кг",0.00225,0.9461112222222189,0.0021287502499999925,short_history,26
2026-10-01,1108,"Кефир, кг",0.00427,-0.12111322222221568,-0.0005171534588888611,short_history,24
2026-10-01,1109,"Сырки творожные, глазированные, кг",0.00124,0.1655535000000062,0.0002052863400000077,short_history,24
2026-10-01,1110,"Вода питьевая, л",0.00157,1.195896944444442,0.001877558202777774,short_history,53
2026-10-01,1111,"Жидкие средства для стирки, л",0.00146,0.18055527777778005,0.00026361070555555886,short_history,25
2026-10-01,1112,"Помада, шт.",0.00092,-0.8166668333333322,-0.0007513334866666657,short_history,30
2026-10-01,1113,"Блоки строительные, 1000 шт.",0.00028,-0.042777388888889656,-1.1977668888889102e-05,short_history,38
2026-10-01,1114,"Компримированный природный газ, м3",0.00189,-1.1388888888888944,-0.0021525000000000103,short_history,42
2026-10-01,1115,"Хлоропирамин, 10 таблеток",0.00036,0.3988889444444431,0.00014360001999999953,short_history,21
2026-10-01,1116,"Цетиризин, 10 таблеток",0.00037,0.40166661111110913,0.00014861664611111038,short_history,21
2026-10-01,1117,"Интерферон альфа-2В, 10 мл",0.00039,0.2955555555555536,0.00011526666666666589,short_history,21
2026-10-01,1118,"Метопролол, 10 таблеток",0.00046,0.12333294444444376,5.673315444444413e-05,short_history,21
2026-10-01,1119,"Спиронолактон, 10 таблеток",0.00035,0.1944442222222204,6.805547777777714e-05,short_history,21
2026-10-01,1120,"Лозартан, 10 таблеток",0.0004,0.5166664999999987,0.0002066665999999995,short_history,21
2026-10-01,1121,"Аторвастатин, 10 таблеток",0.0004,0.41388883333333126,0.0001655555333333325,short_history,21
2026-10-01,1122,"Мелоксикам, 10 таблеток",0.00038,0.2649997222222211,0.00010069989444444403,short_history,21
2026-10-01,1123,"Кеторолак, 10 таблеток",0.00042,1.2133332222222202,0.0005095999533333325,short_history,21
2026-10-01,1124,"Розувастатин, 10 таблеток",0.00034,0.3566663333333311,0.00012126655333333258,short_history,21
2026-10-01,1125,"Алтея лекарственного травы экстракт, 10 таблеток",0.00041,0.24555555555555408,0.00010067777777777717,short_history,21
2026-10-01,1126,"Римантадин, 10 таблеток",0.00032,0.16555516666666548,5.2977653333332954e-05,short_history,21
2026-10-01,1127,"Погребение, услуга",0.00034,0.6788888888888935,0.00023082222222222382,short_history,12
2026-10-01,1128,"Курьерская доставка, услуга",0.00012,-2.3521126666666605,-0.0002822535199999993,short_history,55
2026-10-01,1129,"Междугородная телефонная связь, минута",0.00019,-0.15944416666666683,-3.0294391666666698e-05,short_history,48
2026-10-01,1131,"Вода минеральная, л",0.00085,1.4308970555555531,0.00121626249722222,short_history,53
2026-11-01,101,"Абонентская плата за доступ к сети Интернет, месяц",0.0085699999999999,0.09338088031856417,0.0008002741443300857,native,48
2026-11-01,103,"Абонентская плата за неограниченный объем местных телефонных соединений, месяц",0.00026,0.33398779055605876,8.683682554457527e-05,native,48
2026-11-01,104,"Абонентская плата за пакет услуг сотовой связи, месяц",0.01009,0.6249680759064118,0.006305927885895695,native,48
2026-11-01,106,"Абонентская плата за телевизионную антенну, месяц",0.00219,0.5054628788302916,0.0011069637046383387,native,48
2026-11-01,107,"Абонентская плата при комбинированной системе оплаты услуг местной телефонной связи, месяц",0.00022,0.3603470206983085,7.927634455362788e-05,native,48
2026-11-01,109,"Авторучка шариковая, шт.",0.00063,0.7977321059117295,0.0005025712267243896,native,54
2026-11-01,112,"Альбом для рисования, шт.",0.00023,0.33245133136794885,7.646380621462824e-05,native,54
2026-11-01,113,"Амброксол, 30 мг, 10 таблеток",0.00035,0.6627934056031515,0.00023197769196110302,native,21
2026-11-01,115,"Апельсины, кг",0.00434,-0.036401548717960086,-0.00015798272143594677,native,33
2026-11-01,116,"Аппарат для измерения артериального давления электронный, шт.",0.0002,0.1904820921105671,3.809641842211342e-05,native,21
2026-11-01,117,"Аренда двухкомнатной квартиры у частных лиц, месяц",0.00506,0.7090145835328883,0.003587613792676415,native,14
2026-11-01,118,"Аренда индивидуального банковского сейфа, в расчете на месяц",0.00011,1.0677852100753649,0.00011745637310829014,native,55
2026-11-01,119,"Аренда однокомнатной квартиры у частных лиц, месяц",0.00435,0.8788777970820261,0.003823118417306813,native,14
2026-11-01,120,"Ацетилсалициловая кислота (Аспирин отечественный), 500 мг, 10 таблеток",0.00029,1.9085403522773878,0.0005534767021604424,native,21
2026-11-01,121,"Бананы, кг",0.00418,1.9559785802470553,0.00817599046543269,native,33
2026-11-01,122,"Баранина (кроме бескостного мяса), кг",0.00651,0.21276086502329228,0.0013850732313016327,native,26
2026-11-01,123,"Бараночные изделия, кг",0.00116,0.3826572002523205,0.00044388235229269175,native,49
2026-11-01,124,"Батарейки электрические типа АА, шт.",0.00019,0.5255324993463695,9.98511748758102e-05,native,51
2026-11-01,126,"Белье для новорожденных и детей ясельного возраста, шт.",0.00028,0.6000791160886829,0.0001680221525048312,native,29
2026-11-01,130,"Бензин автомобильный марки АИ-92, л",0.01023,-0.6446372600627865,-0.006594639170442306,native,42
2026-11-01,131,"Бензин автомобильный марки АИ-95, л",0.01543,-1.5217661504856252,-0.023480851701993197,native,42
2026-11-01,132,"Бензин автомобильный марки АИ-98, л",0.00117,1.664013310178532,0.0019468955729088824,native,42
2026-11-01,134,"Бинт, шт.",4e-05,-0.1526972895727875,-6.1078915829115e-06,native,21
2026-11-01,135,"Бисопролол, 10 мг, 10 таблеток",0.00039,0.5230054073460574,0.00020397210886496236,native,21
2026-11-01,136,"Блузка для девочек школьного возраста, шт.",0.00106,0.5751304505082399,0.0006096382775387342,native,29
2026-11-01,137,"Блузка женская, шт.",0.00257,0.22353809986422402,0.0005744929166510556,native,29
2026-11-01,138,"Ботинки, полуботинки для детей дошкольного возраста, пара",0.00078,0.7645877077790972,0.0005963784120676959,native,27
2026-11-01,139,"Ботинки, полуботинки для детей школьного возраста, пара",0.0012,0.36007173575036583,0.00043208608290043894,native,27
2026-11-01,141,"Брюки для детей школьного возраста из джинсовой ткани, шт.",0.00098,0.18653731933664366,0.00018280657294991078,native,29
2026-11-01,142,"Брюки для детей школьного возраста из полушерстяных тканей, шт.",0.00088,0.2969935815932613,0.00026135435180206994,native,29
2026-11-01,143,"Брюки женские из полушерстяных или смесовых тканей, шт.",0.00204,0.4455885127777452,0.0009090005660666003,native,29
2026-11-01,144,"Брюки мужские из джинсовой ткани (джинсы), шт.",0.00408,0.16022178624810043,0.0006537048878922498,native,29
2026-11-01,145,"Брюки мужские из полушерстяных или смесовых тканей, шт.",0.00183,0.4829469864469305,0.0008837929851978829,native,29
2026-11-01,146,"Булочные изделия сдобные из муки высшего сорта штучные, кг",0.00169,0.9391879910335722,0.001587227704846737,native,49
2026-11-01,147,"Бумага туалетная, рулон",0.00099,0.5254056251239052,0.0005201515688726662,native,54
2026-11-01,149,"Бюстгальтер, шт.",0.00143,0.7941871308927106,0.0011356875971765762,native,13
2026-11-01,150,"Валидол, 60 мг, 10 таблеток",0.00032,0.6695856726202563,0.00021426741523848203,native,21
2026-11-01,152,"Варенье, джем, повидло, кг",0.00113,0.604995769877327,0.0006836452199613794,native,53
2026-11-01,154,"Вата отечественная, 100 г",0.00014,1.0000971182275702,0.0001400135965518598,native,21
2026-11-01,155,"Велосипед для дошкольников, шт.",0.00107,1.487353000112197,0.001591467710120051,native,54
2026-11-01,156,"Велосипед дорожный для взрослых, шт.",0.00059,-0.3485246328522382,-0.00020562953338282056,native,54
2026-11-01,158,"Вермишель, кг",0.00142,0.2189902595034922,0.00031096616849495896,native,18
2026-11-01,162,"Взносы на капитальный ремонт, м2",0.00784,0.9515781815842009,0.007460372943620135,native,14
2026-11-01,164,"Вино виноградное крепленое, л",0.00134,0.5040190738341614,0.0006753855589377764,native,11
2026-11-01,165,"Вино виноградное столовое, л",0.00172,0.6010321483628862,0.0010337752951841642,native,11
2026-11-01,166,"Вино игристое отечественное, л",0.00136,0.34399811657067,0.0004678374385361112,native,11
2026-11-01,167,"Виноград, кг",0.00338,3.633157492311338,0.012280072324012323,native,33
2026-11-01,171,"Водка, л",0.0033,0.18686025940523754,0.0006166388560372839,native,11
2026-11-01,172,"Водоотведение, м3",0.00325,0.12891246281597585,0.0004189655041519215,native,14
2026-11-01,173,"Водоснабжение горячее, м3",0.00592,0.5378181100422657,0.0031838832114502126,native,14
2026-11-01,174,"Водоснабжение холодное, м3",0.0053,0.39464400244472797,0.002091613212957058,native,14
2026-11-01,181,"Выполнение обойных работ, 10 м2",0.00103,0.9444986824131786,0.0009728336428855741,native,12
2026-11-01,182,"Выполнение работ по облицовке кафельной плиткой, м2",0.00119,0.7903527299228414,0.0009405197486081814,native,12
2026-11-01,184,"Газ сетевой, м3",0.01097,0.4238650477355137,0.0046497995736585855,native,14
2026-11-01,185,"Газ сетевой, месяц с человека",0.0095,0.42399401751630605,0.004027943166404907,native,14
2026-11-01,189,"Газовое моторное топливо, л",0.00226,-0.6123877969303674,-0.0013839964210626303,native,42
2026-11-01,195,"Говядина (кроме бескостного мяса), кг",0.01634,0.8148612857443807,0.01331483340906318,native,26
2026-11-01,196,"Говядина бескостная, кг",0.01193,0.7091595250060143,0.00846027313332175,native,26
2026-11-01,197,"Годовая стоимость полиса добровольного страхования жилья от стандартных рисков, полис",0.00027,0.48683411406929267,0.00013144521079870903,native,55
2026-11-01,198,"Годовая стоимость полиса добровольного страхования легкового автомобиля от стандартных рисков (КАСКО), полис",0.00223,0.18260813597500142,0.0004072161432242532,native,55
2026-11-01,203,"Горох и фасоль, кг",0.00191,0.08417748830923466,0.0001607790026706382,native,18
2026-11-01,204,"Груши, кг",0.00292,0.6487718153737844,0.0018944137008914503,native,33
2026-11-01,205,"Джемпер для детей школьного возраста, шт.",0.00045,0.6595879987175546,0.00029681459942289956,native,43
2026-11-01,206,"Джемпер женский, шт.",0.00129,0.745334277725586,0.0009614812182660059,native,43
2026-11-01,207,"Джемпер мужской, шт.",0.00127,0.6307574743329927,0.0008010619924029008,native,43
2026-11-01,208,"Диван-кровать, шт.",0.00253,0.31268806746584304,0.000791100810688583,native,20
2026-11-01,209,"Дизельное топливо, л",0.00286,-0.4108035173420759,-0.001174898059598337,native,42
2026-11-01,210,"Дом отдыха, пансионат, день",0.00177,0.7000000000000028,0.001239000000000005,short_history,35
2026-11-01,211,"Дополнительные занятия в государственных и муниципальных общеобразовательных организациях очной формы обучения, академический час",0.00031,0.13631893352884147,4.225886939394086e-05,native,44
2026-11-01,212,"Дополнительные занятия для детей дошкольного возраста, академический час",0.00189,1.652531082177231,0.0031232837453149666,native,44
2026-11-01,213,"Доска обрезная, м3",0.00153,0.712799144710246,0.0010905826914066761,native,38
2026-11-01,214,"Дрель электрическая, шт.",0.00056,-0.08891710405985492,-4.979357827351875e-05,native,15
2026-11-01,216,"Дротаверин (Но-шпа), 40 мг, 100 таблеток",0.00039,0.853549985425555,0.00033288449431596645,native,21
2026-11-01,218,"Еврошифер, 10 м2",0.00011,0.38481460583691407,4.232960664206055e-05,native,38
2026-11-01,221,"Жевательная резинка, упаковка",0.00016,0.13228175038708412,2.116508006193346e-05,native,16
2026-11-01,223,"Жидкие чистящие и моющие средства, л",0.00353,0.3847798031420073,0.001358272705091286,native,25
2026-11-01,228,"Занятия в плавательных бассейнах, месяц",0.00091,0.6372435724686243,0.0005798916509464481,native,55
2026-11-01,229,"Занятия на курсах иностранных языков, академический час",0.00156,0.42460938134083137,0.000662390634891697,native,44
2026-11-01,230,"Занятия на курсах профессионального обучения, академический час",0.00123,0.19383574925096653,0.00023841797157868883,native,44
2026-11-01,231,"Земля для растений, л",0.00027,0.44713856446733913,0.00012072741240618156,native,54
2026-11-01,232,"Зеркало навесное для ванной комнаты, шт.",0.00125,0.2144563428259828,0.0002680704285324785,native,20
2026-11-01,233,"Зефир, пастила, кг",0.00143,0.7363251468630543,0.0010529449600141677,native,16
2026-11-01,234,"Зонт, шт.",0.00109,0.7974301780539244,0.0008691988940787775,native,13
2026-11-01,236,"Игрушки мягкие, шт.",0.00012,0.6771106020429476,8.125327224515371e-05,native,54
2026-11-01,237,"Игрушки пластмассовые для детей ясельного возраста, шт.",0.00039,0.5374674543174911,0.00020961230718382154,native,54
2026-11-01,238,"Изготовление гроба, шт.",0.00038,0.3742616115643499,0.00014221941239445297,native,12
2026-11-01,239,"Изготовление коронки, шт.",0.00131,0.5736055534752389,0.000751423275052563,native,22
2026-11-01,240,"Изготовление съёмного протеза, протез",0.00127,0.4952504638888663,0.0006289680891388602,native,22
2026-11-01,241,"Изготовление фотографий для документов, 4 шт.",0.00011,0.6732831745995795,7.406114920595375e-05,native,12
2026-11-01,243,"Икра лососевых рыб, отечественная, кг",0.00046,0.3992501531328067,0.0001836550704410911,native,34
2026-11-01,244,"Индапамид, 2,5 мг, 10 таблеток",0.00035,-0.4177783333333388,-0.00014622241666666859,calendar_gap_in_required_features,21
2026-11-01,245,"Йогурт, 125 г",0.00113,0.6869739312314362,0.000776280542291523,native,24
2026-11-01,246,"Йод, 10 мл",0.00036,0.5183068748640396,0.00018659047495105428,native,21
2026-11-01,247,"Какао, кг",0.00055,0.23650093236928657,0.00013007551280310763,native,50
2026-11-01,248,"Кальмары мороженые, кг",0.00023,1.0015139078443864,0.0002303481988042089,native,34
2026-11-01,249,"Капуста белокочанная свежая, кг",0.00236,-0.850528341886126,-0.0020072468868512577,native,33
2026-11-01,250,"Карамель, кг",0.00369,0.3762571122057124,0.0013883887440390788,native,16
2026-11-01,251,"Карандаш чернографитный, шт.",0.00034,0.6348822022079281,0.00021585994875069557,native,54
2026-11-01,252,"Картофель, кг",0.00612,3.686453131940665,0.022561093167476867,native,33
2026-11-01,253,"Кастрюля из эмалированной или нержавеющей стали, шт.",0.00178,0.1767282749242224,0.00031457632936511586,native,54
2026-11-01,254,"Кексы, рулеты, кг",0.00333,0.30160702619329516,0.001004351397223673,native,16
2026-11-01,256,"Кетчуп, кг",0.00182,0.2095279942364264,0.00038134094951029605,native,53
2026-11-01,257,"Кинотеатры, билет",0.00023,0.4806849667512104,0.0001105575423527784,native,46
2026-11-01,258,"Кирпич красный, 1000 шт.",0.00015,0.46314066060143244,6.947109909021486e-05,native,38
2026-11-01,259,"Кисломолочные продукты, кг",0.00311,0.7205556846110366,0.0022409281791403238,native,24
2026-11-01,260,"Клинический осмотр животного, посещение",0.00037,-0.4644706367027286,-0.00017185413558000958,native,55
2026-11-01,261,"Книга художественная, шт.",0.00028,0.2280898898878152,6.386516916858825e-05,native,32
2026-11-01,263,"Ковер, ковровое покрытие (палас) синтетический, м2",0.00279,0.569803218728013,0.001589750980251156,native,54
2026-11-01,265,"Колбаса вареная, кг",0.00464,2.068539397226085,0.009598022803129033,native,26
2026-11-01,266,"Колбаса полукопченая и варено-копченая, кг",0.00298,0.43293416769216997,0.0012901438197226666,native,26
2026-11-01,267,"Колбаса сырокопченая, кг",0.00053,0.35086725361896515,0.00018595964441805153,native,26
2026-11-01,271,"Колготки детские, шт.",0.00035,0.2790935500264425,9.768274250925486e-05,native,54
2026-11-01,272,"Колготки женские эластичные, шт.",0.00127,0.9828653043610235,0.0012482389365385,native,54
2026-11-01,273,"Кольцо обручальное золотое, грамм",0.00353,0.3289106087933549,0.0011610544490405427,native,54
2026-11-01,274,"Коляска для новорожденного, шт.",0.00064,0.17789873792537303,0.00011385519227223875,native,13
2026-11-01,275,"Комбинезон (костюм) утепленный для детей дошкольного возраста, шт.",0.00047,0.5997427239865025,0.0002818790802736562,native,29
2026-11-01,276,"Комбинезон утепленный для детей до одного года, шт.",0.00038,1.5542280456949722,0.0005906066573640895,native,29
2026-11-01,280,"Комплект постельного белья полутораспальный из хлопчатобумажной ткани, комплект",0.0027,0.4174608966813371,0.0011271444210396104,native,29
2026-11-01,281,"Комплект столовых приборов, комплект на 1 человека",0.00028,0.5186530184570695,0.00014522284516797944,native,54
2026-11-01,282,"Компьютер персональный переносной (ноутбук), шт.",0.00185,0.20821421877871038,0.00038519630474061423,native,31
2026-11-01,283,"Компьютер планшетный, шт.",0.00162,-0.21425694223410438,-0.00034709624641924907,native,31
2026-11-01,285,"Консервы мясные для детского питания, кг",3e-05,0.2550459530917209,7.651378592751628e-06,native,26
2026-11-01,286,"Консервы мясные, 350 г",0.00041,0.7622983847682504,0.00031254233775498264,native,26
2026-11-01,288,"Консервы овощные для детского питания, кг",8e-05,-1.0140178930085215,-8.112143144068172e-05,native,53
2026-11-01,290,"Консервы рыбные в томатном соусе, 350 г",0.0005,0.7212292487207276,0.0003606146243603638,native,34
2026-11-01,291,"Консервы рыбные натуральные и с добавлением масла, 350 г",0.0013,1.0168374866373395,0.0013218887326285414,native,34
2026-11-01,292,"Консервы томатные, кг",0.00128,0.46794441628281225,0.0005989688528419997,native,53
2026-11-01,294,"Консервы фруктово-ягодные для детского питания, кг",9e-05,0.7438307386615859,6.694476647954273e-05,native,53
2026-11-01,295,"Конструктор детский пластмассовый, набор",0.00029,-0.03846768878986237,-1.1155629749060087e-05,native,54
2026-11-01,296,"Конфеты мягкие, глазированные шоколадом, кг",0.00332,0.3234370159901105,0.0010738108930871668,native,16
2026-11-01,298,"Конфеты шоколадные натуральные и с добавками, кг",0.003,0.23555771460787345,0.0007066731438236203,native,16
2026-11-01,301,"Коньяк ординарный отечественный, л",0.00278,0.14803056914866952,0.0004115249822333013,native,11
2026-11-01,302,"Корвалол, 25 мл",0.00039,0.21720544018658833,8.471012167276944e-05,native,21
2026-11-01,303,"Корригирующие очки, шт.",0.00097,0.3276997962078334,0.00031786880232159844,native,21
2026-11-01,304,"Костюм-двойка мужской из шерстяных, полушерстяных или смесовых  тканей, шт.",0.00255,0.30132497344364884,0.0007683786822813046,native,29
2026-11-01,305,"Костюм спортивный для взрослых, шт.",0.00175,0.37100449388958556,0.0006492578643067748,native,43
2026-11-01,306,"Костюм спортивный для детей школьного возраста, шт.",0.00141,0.4797998013552551,0.0006765177199109097,native,43
2026-11-01,307,"Костюм трикотажный для детей ясельного возраста, шт.",0.00037,0.3096388293380127,0.00011456636685506469,native,43
2026-11-01,309,"Кофе в организациях быстрого обслуживания, 200 г",0.00148,0.5007414780720609,0.0007410973875466502,native,28
2026-11-01,310,"Кофе натуральный в зернах и молотый, кг",0.00406,0.5697209798130416,0.002313067178040949,native,50
2026-11-01,311,"Кофе натуральный растворимый, кг",0.00547,0.4064516773290641,0.0022232906749899807,native,50
2026-11-01,312,"Краска для волос, шт.",0.00069,0.086424194616786,5.9632694285582335e-05,native,30
2026-11-01,313,"Краски масляные, эмали отечественные, кг",0.00097,0.681064200440764,0.0006606322744275411,native,38
2026-11-01,314,"Креветки мороженые неразделанные, кг",0.00036,0.8701279188385259,0.00031324605078186937,native,34
2026-11-01,315,"Крем для лица, 100 г (100 мл)",0.00159,1.0463806901977828,0.0016637452974144747,native,30
2026-11-01,316,"Кровать для новорожденных,шт.",0.00051,0.31249093355779844,0.00015937037611447722,native,20
2026-11-01,319,"Кроссовые туфли для детей с верхом из искусственной кожи, пара",0.00156,0.18547653019313687,0.0002893433871012935,native,27
2026-11-01,320,"Крупа гречневая-ядрица, кг",0.00337,2.514068694393864,0.008472411500107323,native,18
2026-11-01,322,"Крупа манная, кг",0.00059,0.7176470952605014,0.00042341178620369584,native,18
2026-11-01,323,"Крупы овсяная и перловая, кг",0.00032,0.31118370044679156,9.95787841429733e-05,native,18
2026-11-01,324,"Ксерокопирование документа, лист",0.0009,0.6167466020363719,0.0005550719418327347,native,55
2026-11-01,325,"Ксилометазолин (Галазолин) 0,1%, 10 мл",0.00051,0.5303714656832281,0.00027048944749844634,native,21
2026-11-01,326,"Кулинарные изделия из птицы, кг",0.00167,0.955298071351519,0.0015953477791570368,native,26
2026-11-01,327,"Куртка для детей дошкольного возраста с верхом из плащевых тканей утепленная, шт.",0.00088,1.8780223233835482,0.0016526596445775225,native,29
2026-11-01,328,"Куртка для детей школьного возраста с верхом из плащевых тканей утепленная, шт.",0.00084,0.8916041292016119,0.000748947468529354,native,29
2026-11-01,329,"Куртка женская без утеплителя (ветровка), шт.",0.00271,0.17989302608608046,0.00048751010069327807,native,29
2026-11-01,330,"Куртка мужская без утеплителя (ветровка), шт.",0.00269,0.13315061788917815,0.00035817516212188923,native,29
2026-11-01,331,"Куртка мужская из натуральной кожи, шт.",0.00068,0.42009055619773494,0.0002856615782144598,native,29
2026-11-01,332,"Куртка мужская с верхом из плащевых тканей утепленная, шт.",0.00192,0.735022829126597,0.0014112438319230662,native,29
2026-11-01,333,"Куры охлажденные и мороженые, кг",0.00958,-1.2144870090737865,-0.011634785546926875,native,26
2026-11-01,334,"Ламинат, м2",0.00167,0.4077988926330175,0.0006810241506971392,native,38
2026-11-01,335,"Лампа электрическая осветительная, шт.",0.00019,0.5553156523990941,0.00010550997395582788,native,51
2026-11-01,336,"Лампа энергосберегающая, шт.",0.00022,2.2765628312122708,0.0005008438228666996,native,51
2026-11-01,337,"Левомеколь, мазь, 40 г",0.00041,0.5732010330124622,0.00023501242353510948,native,21
2026-11-01,338,"Легковой автомобиль импортный подержанный, шт.",0.01012,0.28891011234203173,0.0029237703369013614,native,17
2026-11-01,339,"Легковой автомобиль иностранной марки новый, шт.",0.00959,0.20888866666665962,0.0020032423133332657,insufficient_training_rows,17
2026-11-01,340,"Легковой автомобиль отечественный новый, шт.",0.00753,0.3546311002541561,0.0026703721849137955,native,17
2026-11-01,341,"Лечебный массаж, сеанс",0.00013,0.47659954417834133,6.195794074318436e-05,native,22
2026-11-01,342,"Лечение кариеса, пломба",0.00221,0.6801116134329706,0.001503046665686865,native,22
2026-11-01,343,"Лимоны, кг",0.00185,-2.8751118544812657,-0.005318956930790342,native,33
2026-11-01,345,"Линолеум, м2",0.00085,0.5389928685776026,0.00045814393829096223,native,38
2026-11-01,346,"Лопата садовая, шт.",0.00015,0.36969220566322425,5.5453830849483633e-05,native,54
2026-11-01,347,"Лоперамид, 2 мг, 10 капсул (таблеток)",0.00036,0.18020867723841544,6.487512380582957e-05,native,21
2026-11-01,349,"Лук репчатый, кг",0.00236,4.228689560249529,0.009979707362188887,native,33
2026-11-01,350,"Майка, футболка женская бельевая, шт.",0.00079,0.44499185778069894,0.00035154356764675215,native,43
2026-11-01,351,"Майка, футболка мужская бельевая, шт.",0.00151,0.6328926537618791,0.0009556679071804374,native,43
2026-11-01,352,"Майонез, кг",0.00223,1.2559392971178935,0.002800744632572903,native,53
2026-11-01,354,"Макаронные изделия из пшеничной муки высшего сорта, кг",0.00382,0.47722036262293155,0.0018229817852195985,native,18
2026-11-01,355,"Маникюр,услуга",0.0057,0.6250339379976219,0.003562693446586445,native,12
2026-11-01,357,"Маргарин, кг",0.0008,-0.5342722203999575,-0.000427417776319966,native,19
2026-11-01,358,"Масло оливковое, л",0.00257,0.014245651854840558,3.661132526694023e-05,native,19
2026-11-01,359,"Масло подсолнечное, кг",0.00543,0.2198575042228451,0.001193826247930049,native,19
2026-11-01,360,"Масло сливочное, кг",0.00872,0.9864549369566344,0.008601887050261853,native,19
2026-11-01,362,"Матрас детский, шт.",0.00051,0.6810636680560153,0.0003473424707085678,native,20
2026-11-01,363,"Машина стиральная автоматическая, шт.",0.0019,0.4287921077272219,0.0008147050046817217,native,51
2026-11-01,365,"Мёд пчелиный натуральный, кг",0.00469,0.4219217784339046,0.0019788131408550124,native,53
2026-11-01,369,"Металлочерепица, м2",0.00052,0.6818721742917635,0.000354573530631717,native,38
2026-11-01,370,"Метамизол натрия (Анальгин отечественный), 500 мг, 10 таблеток",0.00036,0.49040978904954036,0.00017654752405783455,native,21
2026-11-01,373,"Миксер, блендер, шт.",0.00176,0.6144230008367775,0.0010813844814727283,native,51
2026-11-01,374,"Мойка из нержавеющей стали для кухни, шт.",0.00182,0.3176019520647318,0.0005780355527578118,native,38
2026-11-01,375,"Мойка легкового автомобиля, услуга",0.00529,0.6803377988417076,0.003598986955872634,native,12
2026-11-01,378,"Молоко питьевое цельное пастеризованное 2,5-3,2% жирности, л",0.00302,0.8620157921839434,0.002603287692395509,native,24
2026-11-01,379,"Молоко питьевое цельное стерилизованное 2,5-3,2% жирности, л",0.00232,1.1840857565039276,0.002747078955089112,native,24
2026-11-01,380,"Молоко сгущенное с сахаром, 400 г",0.00113,0.493541780150899,0.0005577022115705159,native,24
2026-11-01,381,"Монитор для настольного компьютера, шт.",0.00052,-0.1514258256971079,-7.87414293624961e-05,native,31
2026-11-01,382,"Морковь, кг",0.0021,-2.0950078006934785,-0.004399516381456305,native,33
2026-11-01,384,"Мороженое сливочное, кг",0.00491,0.4580238433691362,0.002248897070942459,native,53
2026-11-01,386,"Музеи и выставки, билет",9e-05,0.5299400294727119,4.7694602652544074e-05,native,46
2026-11-01,388,"Мука пшеничная, кг",0.00424,1.0958133265896688,0.004646248504740195,native,53
2026-11-01,389,"Мыло туалетное, 100 г",0.00099,0.6855684494778413,0.0006787127649830629,native,25
2026-11-01,390,"Мыло хозяйственное, 200 г",0.00174,0.1664088022366363,0.00028955131589174715,native,25
2026-11-01,393,"Мясо индейки, кг",0.00424,0.5582581021558617,0.0023670143531408535,native,26
2026-11-01,395,"Мясокопчености, кг",0.00303,0.6177083408271139,0.0018716562727061552,native,26
2026-11-01,396,"Мяч футбольный, шт.",0.00026,0.3462550830744947,9.002632159936862e-05,native,54
2026-11-01,397,"Набор корпусной мебели, комплект",0.00062,0.5047190297163171,0.0003129257984241166,native,20
2026-11-01,399,"Набор фломастеров, набор",0.00032,0.5240799452275632,0.00016770558247282023,native,54
2026-11-01,400,"Наём жилых помещений в государственном и муниципальном жилищных фондах, м2 общей площади",0.00012,9.176832627875463,0.0011012199153450555,native,14
2026-11-01,402,"Напитки газированные, л",0.00389,0.40914675561911484,0.0015915808793583567,native,53
2026-11-01,404,"Национальные сыры и брынза, кг",0.00741,0.68270099121228,0.005058814344882995,native,39
2026-11-01,405,"Начальный курс обучения вождению легкового автомобиля, курс",0.00108,0.6051385080864167,0.00065354958873333,native,44
2026-11-01,406,"Нимесулид, 100 мг, 10 таблеток",0.0004,0.729527329559533,0.00029181093182381325,native,21
2026-11-01,408,"Нитки швейные, катушка",0.00011,0.43165649741685985,4.7482214715854584e-05,native,54
2026-11-01,410,"Носки мужские, пара",0.00108,0.5646777640417554,0.0006098519851650959,native,54
2026-11-01,411,"Носки, гольфы детские, пара",0.00017,-0.14137936809635895,-2.4034492576381024e-05,native,54
2026-11-01,412,"Обед в ресторане, на 1 человека",0.00201,0.9675090227372419,0.0019446931357018564,native,28
2026-11-01,413,"Обед в столовой, кафе, закусочной (кроме столовой в организации), на 1 человека",0.00697,0.5862102600202327,0.004085885512341021,native,28
2026-11-01,415,"Обои виниловые, 10 м",0.00248,0.7935837833380095,0.0019680877826782637,native,38
2026-11-01,416,"Обращение с твердыми коммунальными отходами, с человека",0.00398,0.33387078875469944,0.0013288057392437038,native,14
2026-11-01,420,"Обувь домашняя с текстильным верхом для взрослых, пара",0.00161,0.43975339133798885,0.0007080029600541621,native,27
2026-11-01,421,"Обувь домашняя с текстильным верхом для детей, пара",0.00017,0.6519770237270706,0.000110836094033602,native,27
2026-11-01,426,"Обучение в государственных и муниципальных образовательных организациях высшего профессионального образования, семестр",0.00346,0.6688964060076051,0.0023143815647863135,native,44
2026-11-01,427,"Обучение в негосударственных образовательных организациях высшего профессионального образования, семестр",0.00191,0.0,0.0,native,44
2026-11-01,429,"Обучение в образовательных организациях среднего профессионального образования, семестр",0.0022,1.7385826457618527,0.003824881820676076,native,44
2026-11-01,430,"Общий анализ крови, анализ",0.00092,0.17368712666404656,0.00015979215653092284,native,22
2026-11-01,432,"Овощи замороженные, кг",0.00068,0.3634928645904163,0.0002471751479214831,native,33
2026-11-01,433,"Овощи натуральные консервированные, маринованные, кг",0.0028,0.24906831991226294,0.0006973912957543363,native,53
2026-11-01,434,"Овсяные хлопья ""Геркулес"", кг",0.00132,0.3571715191764503,0.0004714664053129144,native,18
2026-11-01,435,"Огурцы свежие, кг",0.00468,17.182726576705676,0.08041516037898257,native,33
2026-11-01,442,"Одеяло стеганое, шт.",0.00247,0.4636201236111942,0.0011451417053196496,native,29
2026-11-01,443,"Окорочка куриные, кг",0.00549,0.192058647773059,0.0010544019762740939,native,26
2026-11-01,447,"Орехи, кг",0.0019,0.24824832201179609,0.0004716718118224126,native,33
2026-11-01,448,"Отопление, Гкал",0.00924,0.4307756418163534,0.0039803669303831056,native,14
2026-11-01,449,"Оформление доверенности в нотариальной конторе, услуга",0.00012,0.9550550113054549,0.00011460660135665458,native,55
2026-11-01,451,"Пальто (полупальто) женское с верхом из плащевых тканей, шт.",0.00177,0.364651564683081,0.0006454332694890534,native,29
2026-11-01,452,"Пальто женское демисезонное из шерстяных или полушерстяных тканей, шт.",0.00203,0.9462727554434773,0.001920933693550259,native,29
2026-11-01,453,"Пальто женское зимнее из шерстяных или полушерстяных тканей, шт.",0.00095,1.0424812046705652,0.0009903571444370369,native,29
2026-11-01,454,"Пальто женское меховое и дубленка, шт.",0.00102,0.8661416977703544,0.0008834645317257615,native,23
2026-11-01,455,"Панкреатин, 10 таблеток",0.00038,0.4833820035413265,0.00018368516134570408,native,21
2026-11-01,456,"Панталоны, трусы женские, шт.",0.00127,0.34160375108976593,0.00043383676388400276,native,43
2026-11-01,457,"Паста зубная, 100 г (100 мл)",0.00191,0.5086592931783284,0.0009715392499706071,native,30
2026-11-01,458,"Пеленки для новорожденных, шт.",0.00019,0.3543182136041947,6.7320460584797e-05,native,29
2026-11-01,459,"Пельмени, манты, равиоли, кг",0.00524,0.639318359623711,0.0033500282044282453,native,26
2026-11-01,460,"Первичный консультативный осмотр больного у стоматолога, посещение",0.00106,0.6254824051716343,0.0006630113494819324,native,22
2026-11-01,461,"Первичный консультативный прием у врача специалиста, посещение",0.00207,0.7781810865424417,0.0016108348491428541,native,22
2026-11-01,464,"Пересылка простого письма внутри России, массой до 20 г, шт.",1e-05,0.49935407212370275,4.993540721237028e-06,native,55
2026-11-01,466,"Перчатки из натуральной кожи, пара",0.00011,0.8084035290500631,8.892438819550694e-05,native,13
2026-11-01,467,"Перчатки трикотажные женские, пара",6e-05,0.9388659933907518,5.633195960344511e-05,native,43
2026-11-01,468,"Печать цветных фотографий, шт.",0.00011,0.9056524785386728,9.962177263925401e-05,native,12
2026-11-01,469,"Печень говяжья, свиная, кг",0.00275,0.928616565361086,0.0025536955547429867,native,26
2026-11-01,470,"Печенье, кг",0.00549,1.0598839356111276,0.005818762806505091,native,16
2026-11-01,471,"Печь микроволновая, шт.",0.00067,0.4332350449714354,0.0002902674801308617,native,51
2026-11-01,475,"Пиджак, жакет женский из шерстяных, полушерстяных или смесовых тканей, шт.",0.00359,0.24035769951368505,0.0008628841412541293,native,29
2026-11-01,478,"Плата за пересылку простой посылки внутри России массой 1-2 кг, шт.",0.00013,0.9765557184315276,0.00012695224339609858,native,55
2026-11-01,479,"Плата за пользование потребительским кредитом (процентная ставка в стоимостном выражении), руб.",0.00656,0.6507578347359227,0.004268971395867653,native,55
2026-11-01,480,"Платье (платье-костюм) женское из полушерстяных или смесовых тканей, шт.",0.00401,0.4749769529130694,0.0019046575811814083,native,29
2026-11-01,481,"Платье (платье-костюм) женское из хлопчатобумажных или смесовых тканей, шт.",0.00396,0.2844606906583398,0.0011264643350070256,native,29
2026-11-01,482,"Платье (платье-костюм, сарафан) для девочек школьного возраста из полушерстяных, смесовых  тканей, шт.",0.00051,0.66893405676523,0.0003411563689502673,native,29
2026-11-01,483,"Платье (сарафан) летнее для девочек дошкольного возраста, шт.",0.00029,0.7548455770675385,0.00021890521734958617,native,29
2026-11-01,484,"Плита бытовая, шт.",0.00148,-0.06765136813499376,-0.00010012402483979075,native,51
2026-11-01,485,"Плитка керамическая, облицовочная для внутренних работ, м2",0.0019,0.32998552622861765,0.0006269724998343735,native,38
2026-11-01,486,"Плиты древесностружечные, ориентированно-стружечные, м2",0.0008899999999999,0.11484403877024951,0.00010221119450551058,native,38
2026-11-01,487,"Повторное получение гербового документа в органах ЗАГС, документ",0.00057,0.5832271643902934,0.00033243948370246726,native,55
2026-11-01,488,"Подгузники детские бумажные (памперсы), 10 шт.",0.00114,-0.1766710683117383,-0.00020140501787538164,native,54
2026-11-01,489,"Подушка, шт.",0.00248,0.5730093007675056,0.0014210630659034138,native,29
2026-11-01,496,"Ползунки из хлопчатобумажного трикотажного полотна, шт.",0.00019,0.7605543142757801,0.00014450531971239822,native,29
2026-11-01,500,"Полотенце кухонное, шт.",0.0012,0.6021815138405866,0.0007226178166087039,native,54
2026-11-01,501,"Полотенце личное, шт.",0.00239,0.5709191474670845,0.001364496762446332,native,54
2026-11-01,502,"Полуботинки мужские с верхом из искусственной кожи, пара",0.00083,0.4303765138101077,0.0003572125064623894,native,27
2026-11-01,503,"Полуботинки, туфли мужские с верхом из натуральной кожи, пара",0.00277,0.15664646408188376,0.00043391070550681803,native,27
2026-11-01,505,"Пользование общественным туалетом, посещение",0.00047,0.5891423298040483,0.0002768968950079027,native,55
2026-11-01,506,"Помидоры свежие, кг",0.00574,16.822846397030194,0.09656313831895331,native,33
2026-11-01,507,"Помывка в бане в общем отделении, билет",0.00103,-0.0014508379566389729,-1.4943630953381422e-06,native,12
2026-11-01,508,"Порошок стиральный, кг",0.00342,-0.4995819568534333,-0.0017085702924387418,native,25
2026-11-01,509,"Посещение детского ясли-сада, день",0.00038,0.3726031997059208,0.00014158921588824992,native,44
2026-11-01,511,"Постановка набоек, пара",0.00055,0.486749772232962,0.00026771237472812914,native,12
2026-11-01,513,"Пребывание пациента в круглосуточном стационаре, койко-день",0.00042,-0.23652383714812975,-9.934001160221449e-05,native,22
2026-11-01,514,"Предоставление абоненту в постоянное пользование абонентской линии независимо от ее типа, месяц",0.00024,0.29841877242985815,7.162050538316596e-05,native,48
2026-11-01,518,"Предоставление местного телефонного соединения при повременной системе оплаты услуг связи, минута",0.00024,0.4303939977703878,0.00010329455946489306,native,48
2026-11-01,519,"Прививка животного, шт.",0.00019,0.28553835883191686,5.4252288178064204e-05,native,55
2026-11-01,524,"Продукция предприятий общественного питания быстрого обслуживания (сэндвич типа ""Гамбургер""), шт.",0.00269,0.831630489830959,0.00223708601764528,native,28
2026-11-01,525,"Проезд в городском автобусе,поездка",0.00185,1.698419477454941,0.003142076033291641,native,47
2026-11-01,527,"Проезд в маршрутном такси, поездка",0.00869,0.3178194085127553,0.0027618506599758437,native,47
2026-11-01,528,"Проезд в междугородном автобусе, в расчете на 50 км пути",0.00057,0.6746106874610238,0.00038452809185278355,native,47
2026-11-01,531,"Проезд в такси, в расчете на 1 км пути",0.00415,1.3438561366854809,0.005577002967244745,native,47
2026-11-01,533,"Проезд в троллейбусе, поездка",0.0001,0.9947196583693552,9.947196583693552e-05,native,47
2026-11-01,535,"Проживание в студенческом общежитии, месяц",2e-05,0.7783742326937433,1.5567484653874865e-05,native,55
2026-11-01,538,"Пряники, кг",0.0019,0.3603418927658026,0.0006846495962550249,native,16
2026-11-01,539,"Пшено, кг",0.00118,1.7132517760958823,0.0020216370957931414,native,18
2026-11-01,540,"Ранец, рюкзак для школьников, шт.",0.00108,0.49290224723461806,0.0005323344270133875,native,13
2026-11-01,541,"Регулировка развала-схождения колес легкового автомобиля, один вид работы",0.00423,0.6794864898209882,0.0028742278519427807,native,12
2026-11-01,542,"Ремень мужской, шт.",0.00059,0.1916242752906423,0.00011305832242147896,native,13
2026-11-01,543,"Ремонт  телевизоров, один вид работы",0.00037,0.21436496756087559,7.931503799752396e-05,native,12
2026-11-01,544,"Ремонт брюк из всех видов тканей, один вид работы",0.00018,0.412067208883261,7.417209759898698e-05,native,12
2026-11-01,548,"Ремонт холодильников всех марок, один вид работы",0.00042,0.5544981424853237,0.00023288921984383597,native,12
2026-11-01,552,"Рис шлифованный, кг",0.00479,0.7378295497820652,0.0035342035434560923,native,18
2026-11-01,554,"Рубероид, 10 м",0.00011,0.36622969875967265,4.0285266863563994e-05,native,38
2026-11-01,555,"Рыба живая и охлажденная, кг",0.00395,0.4157924097927591,0.0016423800186813986,native,34
2026-11-01,558,"Рыба мороженая неразделанная, кг",0.00303,0.38556435093946057,0.0011682599833465655,native,34
2026-11-01,559,"Рыба мороженая разделанная (кроме лососевых пород), кг",0.005,0.4492787545186529,0.0022463937725932647,native,34
2026-11-01,560,"Рыба охлажденная и мороженая разделанная лососевых пород, кг",0.00181,0.4809159412499972,0.0008704578536624949,native,34
2026-11-01,561,"Рыба соленая, маринованная, копченая, кг",0.00142,1.6028069234104578,0.00227598583124285,native,34
2026-11-01,563,"Рюмка, фужер из простого стекла, шт.",0.00054,0.2562739404803114,0.00013838792785936816,native,54
2026-11-01,565,"Санаторий, день",0.001,0.16670962095077296,0.00016670962095077297,native,35
2026-11-01,566,"Сапоги женские зимние с верхом из натуральной кожи, пара",0.00253,0.8147355900754398,0.002061281042890863,native,27
2026-11-01,567,"Сапоги женские осенние с верхом из натуральной кожи, пара",0.00145,0.2926109631368573,0.00042428589654844306,native,27
2026-11-01,568,"Сапоги цельнорезиновые для взрослых, пара",0.00042,0.360225878135612,0.00015129486881695705,native,54
2026-11-01,569,"Сапоги цельнорезиновые для детей, пара",0.00011,0.28063158441550085,3.0869474285705096e-05,native,54
2026-11-01,570,"Сапоги, ботинки для детей школьного возраста зимние с верхом из натуральной кожи, пара",0.00111,0.7555320910143546,0.0008386406210259337,native,27
2026-11-01,571,"Сапоги, ботинки мужские зимние с верхом из натуральной кожи, пара",0.00223,1.0449588230743319,0.00233025817545576,native,27
2026-11-01,572,"Сахар-песок, кг",0.00532,-0.3160313188528008,-0.0016812866162969002,native,36
2026-11-01,573,"Свежесрезанные цветы, шт.",0.00399,0.8795606135145754,0.0035094468479231556,native,54
2026-11-01,574,"Свёкла столовая, кг",0.00077,2.0452711701186814,0.0015748588009913847,native,33
2026-11-01,575,"Светильник потолочный, шт.",0.00208,0.7544626753766166,0.0015692823647833623,native,51
2026-11-01,577,"Свинина (кроме бескостного мяса), кг",0.00481,0.07707927959909833,0.00037075133487166295,native,26
2026-11-01,578,"Свинина бескостная, кг",0.00257,0.20320723879494623,0.0005222426037030118,native,26
2026-11-01,580,"Сельдь соленая, кг",0.00079,0.5401259962070619,0.0004266995370035789,native,34
2026-11-01,584,"Сковорода, шт.",0.00137,-0.2582258910067845,-0.00035376947067929473,native,54
2026-11-01,585,"Смартфон, шт.",0.00625,-0.8325813539663148,-0.005203633462289468,native,37
2026-11-01,587,"Смеси сухие молочные для детского питания, кг",0.00077,0.23182280274499859,0.0001785035581136489,native,24
2026-11-01,588,"Сметана, кг",0.00748,1.1161614845490495,0.00834888790442689,native,24
2026-11-01,589,"Содержание и ремонт жилья в государственном и муниципальном жилищных фондах, м2 общей площади",0.00078,0.09842118145229548,7.676852153279047e-05,native,14
2026-11-01,590,"Содержание, ремонт жилья для граждан-собственников жилья в результате приватизации, граждан-собственников жилых помещений по иным основаниям, м2 общей площади",0.00599,0.13762825753961297,0.0008243932626622817,native,14
2026-11-01,591,"Соки фруктовые, л",0.00232,0.6889503394557348,0.0015983647875373048,native,53
2026-11-01,592,"Соленые и копченые деликатесные продукты из рыбы, кг",0.0013,0.6489589403056417,0.0008436466223973342,native,34
2026-11-01,593,"Соль поваренная пищевая, кг",0.00122,0.6051969776587429,0.0007383403127436663,native,53
2026-11-01,595,"Сорочка верхняя для мальчиков дошкольного возраста, шт.",0.00024,1.0618967229550555,0.00025485521350921336,native,29
2026-11-01,596,"Сорочка верхняя для мальчиков школьного возраста, шт.",0.0008899999999999,0.3921858568060228,0.00034904541255732107,native,29
2026-11-01,597,"Сорочка верхняя мужская из хлопчатобумажных или смесовых тканей, шт.",0.00449,0.5336470977892718,0.0023960754690738302,native,29
2026-11-01,598,"Сорочка ночная женская, шт.",0.00105,0.40869344340923414,0.0004291281155796958,native,29
2026-11-01,599,"Сосиски, сардельки, кг",0.00553,-0.9459934145408531,-0.0052313435824109175,native,26
2026-11-01,601,"Спички, коробок",0.00059,0.36942379997866026,0.00021796004198740957,native,54
2026-11-01,602,"Стекло оконное листовое, м2",5e-05,0.07593818220756587,3.796909110378294e-06,native,38
2026-11-01,605,"Стирка и глажение белья прямого, кг",0.00081,0.5855289993977323,0.00047427848951216313,native,12
2026-11-01,606,"Стол обеденный, шт.",0.00356,0.5106626868454025,0.0018179591651696328,native,20
2026-11-01,607,"Стол рабочий кухонный, шт.",0.00091,0.6463790570227383,0.0005882049418906919,native,20
2026-11-01,608,"Стрижка модельная в женском зале, стрижка",0.00549,0.47070405199608034,0.002584165245458481,native,12
2026-11-01,609,"Стрижка модельная в мужском зале, стрижка",0.0051,0.5112046828456519,0.002607143882512825,native,12
2026-11-01,610,"Стул с мягким сиденьем, шт.",0.00259,0.5940535808843911,0.0015385987744905728,native,20
2026-11-01,616,"Сухие корма для домашних животных, кг",0.00104,0.30271709432393634,0.00031482577809689374,native,54
2026-11-01,617,"Сухие супы в пакетах, 100 г",0.00132,0.42690056712766344,0.0005635087486085158,native,53
2026-11-01,618,"Сухофрукты, кг",0.00073,0.3913546311655021,0.00028568888075081655,native,33
2026-11-01,620,"Сыры плавленые, кг",0.00187,1.0925643639893876,0.002043095360660155,native,39
2026-11-01,621,"Сыры твердые, полутвердые и мягкие, кг",0.00514,0.46296769814343935,0.002379653968457278,native,39
2026-11-01,622,"Табурет для кухни, шт.",0.00063,0.6586478244713818,0.0004149481294169706,native,20
2026-11-01,623,"Тарелка обеденная, шт.",0.00085,0.425812778025219,0.00036194086132143615,native,54
2026-11-01,624,"Таурин, 4%, 5 мл",0.00036,0.09203850544198719,3.313386195911539e-05,native,21
2026-11-01,628,"Театры, билет",0.00033,0.17954895977339524,5.9251156725220433e-05,native,46
2026-11-01,629,"Телевизор цветного изображения, шт.",0.00258,0.3278178934548876,0.00084577016511361,native,41
2026-11-01,633,"Термометр медицинский электронный стандартный, шт.",6e-05,1.0169690950240833,6.1018145701445e-05,native,21
2026-11-01,634,"Тетрадь школьная, шт.",0.00029,0.6634072587841804,0.00019238810504741233,native,54
2026-11-01,636,"Ткани декоративные для изготовления штор и занавесей, м",0.0008,0.26442120493232874,0.000211536963945863,native,54
2026-11-01,638,"Ткани хлопчатобумажные бельевые, м",0.0001,0.32488597547746423,3.248859754774642e-05,native,54
2026-11-01,641,"Ткань костюмная шерстяная и полушерстяная, м",6e-05,0.27858513171805266,1.671510790308316e-05,native,54
2026-11-01,642,"Ткань платьевая из искусственного или синтетического шелка, м",8e-05,0.4303253083734886,3.442602466987909e-05,native,54
2026-11-01,646,"Торты, кг",0.00277,0.7271331532156515,0.0020141588344073547,native,16
2026-11-01,647,"Трикотажная шапочка детская, шт.",0.00072,0.8797703612126081,0.0006334346600730779,native,43
2026-11-01,650,"Триммер электрический, шт.",0.00056,0.4847602749932952,0.0002714657539962453,native,15
2026-11-01,651,"Троксерутин, 2% гель, 40 г",0.0004,1.9772224836665222,0.0007908889934666089,native,21
2026-11-01,652,"Трусы детские, шт.",0.00043,0.622479962360935,0.000267666383815202,native,43
2026-11-01,653,"Трусы мужские, шт.",0.00145,0.21667249475612402,0.0003141751173963798,native,43
2026-11-01,654,"Туалетная вода, 100 мл",0.00579,0.6452495593372045,0.0037359949485624142,native,30
2026-11-01,655,"Туфли детские летние (сандалеты), пара",0.00076,-0.30694133400455115,-0.0002332754138434589,native,27
2026-11-01,659,"Туфли женские модельные с верхом из натуральной кожи, пара",0.00094,0.8443044305441568,0.0007936461647115074,native,27
2026-11-01,660,"Тушь для ресниц, шт.",0.00179,0.8247809410156807,0.0014763578844180683,native,30
2026-11-01,661,"Тюль, полотно гардинное, м",0.0022,0.3885342038496262,0.0008547752484691777,native,13
2026-11-01,663,"Удаление зуба под местным обезболиванием, удаление",0.00116,0.9438522727231984,0.0010948686363589102,native,22
2026-11-01,664,"Удостоверение завещания в нотариальной конторе, услуга",0.00012,0.6327063002990958,7.59247560358915e-05,native,55
2026-11-01,665,"Ужин в ресторане, на 1 человека",0.00313,0.5435707671456913,0.0017013765011660137,native,28
2026-11-01,666,"Ультразвуковое исследование брюшной полости, исследование",0.00137,0.25304909216866894,0.00034667725627107645,native,22
2026-11-01,675,"Услуги организатора проведения торжеств, услуга",0.00247,0.12466862011650177,0.00030793149168775936,native,12
2026-11-01,678,"Услуги по воспитанию детей, предоставляемые наемным персоналом, час",0.00121,0.24187282719797917,0.0002926661209095548,native,12
2026-11-01,679,"Услуги по организации и выполнению работ по эксплуатации домов ЖК, ЖСК, ТСЖ, м2 общей площади",0.00526,0.26873047740423406,0.001413522311146271,native,14
2026-11-01,690,"Установка пластиковых окон, м2",0.0018,0.22588008501025947,0.000406584153018467,native,12
2026-11-01,691,"Устная консультация юриста по семейным вопросам, консультация",0.00011,0.008104581242910573,8.915039367201631e-07,native,55
2026-11-01,692,"Учебник, учебное пособие, дидактический материал для общеобразовательной школы, шт.",0.00048,0.3699799862062432,0.00017759039337899676,native,32
2026-11-01,694,"Фарш мясной, кг",0.0094,0.6299778806449486,0.005921792078062518,native,26
2026-11-01,695,"Физиотерапевтическое лечение, процедура",0.00014,0.14047343573576532,1.9666281003007143e-05,native,22
2026-11-01,697,"Филе рыбное, кг",0.00204,0.6007027109049035,0.001225433530246003,native,34
2026-11-01,698,"Филе сельди соленое, кг",0.00065,0.9617003197023641,0.0006251052078065367,native,34
2026-11-01,699,"Флеш-накопитель USB, шт.",3e-05,0.6122466133881146,1.8367398401643438e-05,native,41
2026-11-01,701,"Фотоаппарат, шт.",0.00019,0.14981561133992385,2.8464966154585535e-05,native,54
2026-11-01,703,"Футболка детская, шт.",0.00049,-0.23248142941084898,-0.00011391590041131599,native,43
2026-11-01,704,"Халат женский, шт.",0.00119,0.6211844431814924,0.000739209487385976,native,29
2026-11-01,706,"Химчистка мужского костюма, шт.",0.00012,0.32832859740999665,3.93994316891996e-05,native,12
2026-11-01,710,"Хлеб из ржаной муки и из смеси муки ржаной и пшеничной, кг",0.00255,0.517355916052688,0.0013192575859343545,native,49
2026-11-01,711,"Хлопья из злаков (сухие завтраки), кг",0.00115,0.07500594865897485,8.625684095782108e-05,native,49
2026-11-01,712,"Холодильник двухкамерный, емкостью 250-360 л, шт.",0.00262,1.4073757997705187,0.003687324595398759,native,51
2026-11-01,714,"Цемент тарированный, 50 кг",0.00066,0.4671255551397795,0.0003083028663922545,native,38
2026-11-01,716,"Чай черный байховый пакетированный, 25 пакетиков",0.00197,-0.21313861499377276,-0.00041988307153773235,native,50
2026-11-01,717,"Чай черный байховый, кг",0.00269,0.0895583188587411,0.00024091187773001357,native,50
2026-11-01,718,"Чайник, шт.",0.00102,-0.005751475986401675,-5.866505506129709e-06,native,54
2026-11-01,721,"Часы наручные, шт.",0.00028,0.5663649840684175,0.00015858219553915688,native,54
2026-11-01,722,"Чашка чайная с блюдцем, комплект",0.00028,0.28530572243453667,7.988560228167025e-05,native,54
2026-11-01,723,"Чеснок, кг",0.00111,3.0559923858035933,0.003392151548241989,native,33
2026-11-01,726,"Шампунь, 250 мл",0.0019,0.32574721639910503,0.0006189197111582996,native,30
2026-11-01,727,"Шиномонтаж колес легкового автомобиля, услуга",0.00355,0.4426895419425534,0.0015715478738960646,native,12
2026-11-01,728,"Шины для легкового автомобиля, шт.",0.00355,0.44488133490844234,0.0015793287389249703,native,17
2026-11-01,729,"Шкаф-вешалка для прихожей, шт.",0.00078,0.4959129290179173,0.0003868120846339755,native,20
2026-11-01,730,"Шкаф для платья и белья, шт.",0.0023,0.5067459985068197,0.0011655157965656852,native,20
2026-11-01,731,"Шкаф навесной кухонный (полка), двухстворчатый, шт.",0.00067,0.4960662895107363,0.0003323644139721933,native,20
2026-11-01,734,"Шоколад, кг",0.0034,1.2876110027680863,0.004377877409411493,native,16
2026-11-01,735,"Щетка зубная, шт.",0.00174,-0.10291750289351492,-0.00017907645503471598,native,13
2026-11-01,740,"Экскурсия автобусная, час",0.00112,0.7166581729138582,0.0008026571536635212,native,55
2026-11-01,741,"Электропылесос напольный, шт.",0.00185,-0.01219722428331764,-2.2564864924137634e-05,native,51
2026-11-01,742,"Электроутюг, шт.",0.00079,1.5121152205399524,0.0011945710242265623,native,51
2026-11-01,743,"Электрочайник, шт.",0.00058,0.18105486189455702,0.00010501181989884307,native,51
2026-11-01,744,"Электроэнергия в квартирах без электроплит сверх минимального объема потребления, в расчете за 100 кВт.ч",0.00107,0.3737345502598067,0.00039989596877799315,native,14
2026-11-01,745,"Электроэнергия в квартирах без электроплит за минимальный объем потребления, в расчете за 100 кВт.ч",0.00638,0.45467621935683666,0.002900834279496618,native,14
2026-11-01,746,"Электроэнергия в квартирах с электроплитами за минимальный объем потребления, в расчете за 100 кВт.ч",0.00315,0.4528588464916731,0.0014265053664487702,native,14
2026-11-01,747,"Электроэнергия в квартирах с электроплитами сверх минимального объема потребления, в расчете за 100 кВт.ч",0.00082,0.371575847751193,0.00030469219515597825,native,14
2026-11-01,748,"Эналаприл, 5 мг, 10 таблеток",0.00035,-0.08833428729689491,-3.091700055391322e-05,native,21
2026-11-01,750,"Юбка для девочек школьного возраста из полушерстяных тканей, шт.",0.00076,0.7286480576803551,0.00055377252383707,native,29
2026-11-01,751,"Юбка женская из полушерстяных или смесовых тканей, шт.",0.00203,0.5680031958801337,0.0011530464876366715,native,29
2026-11-01,753,"Яблоки, кг",0.00515,-0.5635258137600955,-0.0029021579408644916,native,33
2026-11-01,754,"Яйца куриные, 10 шт.",0.00543,5.786644339585539,0.031421478763949476,native,52
2026-11-01,786,"Поездка на отдых в Турцию, поездка",0.0004,-6.058777780457644,-0.0024235111121830577,native,67
2026-11-01,795,"Варежки (перчатки) детские, пара",8e-05,0.9794266065646294,7.835412852517037e-05,native,43
2026-11-01,809,"Шарф шерстяной, полушерстяной или из смесовой пряжи для взрослых, шт.",0.00077,1.506183873097445,0.0011597615822850327,native,43
2026-11-01,851,"Активированный уголь, 250 мг, 10 таблеток",0.00032,0.9281762892592118,0.0002970164125629478,native,21
2026-11-01,958,"Чай зеленый, кг",0.00169,0.14632026210992252,0.00024728124296576905,native,50
2026-11-01,959,"Брюки женские из джинсовой ткани (джинсы), шт.",0.00282,0.3787190976126259,0.001067987855267605,native,29
2026-11-01,960,"Носки женские, гольфы, пара",0.0007,0.453200175108721,0.0003172401225761047,native,54
2026-11-01,961,"Пена для бритья, 200 мл",0.00085,0.06845810911238498,5.818939274552723e-05,native,30
2026-11-01,962,Крем для рук,0.00117,0.23214488529872762,0.0002716095157995113,native,30
2026-11-01,963,"Бритвенные станки одноразовые, шт.",0.0008,0.0998598605431264,7.988788843450113e-05,native,13
2026-11-01,964,"Лампа светодиодная, шт.",0.00026,-0.14316334726714167,-3.722247028945683e-05,native,51
2026-11-01,965,"Моноблок, шт.",0.00092,0.1429641172004799,0.00013152698782444152,native,31
2026-11-01,966,"Годовая стоимость полиса обязательного страхования гражданской ответственности владельцев транспортных средств (ОСАГО), полис",0.0013,1.319809366118867,0.001715752175954527,native,55
2026-11-01,968,"Рюкзак для взрослых, шт.",0.00087,-1.0413692592744468,-0.0009059912555687687,native,13
2026-11-01,970,"Сливки питьевые, л",0.00112,0.6321333191463394,0.0007079893174439001,native,24
2026-11-01,971,"Зелень свежая, кг",0.00098,3.864079228401336,0.003786797643833309,native,33
2026-11-01,972,"Грибы свежие, кг",0.00119,3.685488110370767,0.004385730851341213,native,33
2026-11-01,973,"Ягоды замороженные, кг",0.00026,0.4971698280959024,0.0001292641553049346,native,33
2026-11-01,976,"Гель для душа, 250 мл",0.00105,0.9294290816944037,0.0009759005357791239,native,30
2026-11-01,977,"Мыло туалетное жидкое, 250 мл",0.00099,0.22571497738397053,0.00022345782761013083,native,30
2026-11-01,978,"Дезодорант, 50 мл",0.00092,0.6916870419117411,0.0006363520785588019,native,30
2026-11-01,979,"Кресло мягкое, шт.",0.00377,0.44850465997170275,0.0016908625680933194,native,20
2026-11-01,980,"Матрас для взрослых, шт.",0.00306,0.8719810762369729,0.002668262093285137,native,20
2026-11-01,981,"Салфетки влажные, упаковка 20 шт.",0.00045,0.33679202018998955,0.00015155640908549528,native,54
2026-11-01,982,"Бумажные столовые салфетки, упаковка 10 шт.",0.00306,0.07087656099302164,0.0002168822766386462,native,54
2026-11-01,983,"Бумажные носовые платки, упаковка 10 шт.",0.00042,0.5229054647247408,0.00021962029518439113,native,54
2026-11-01,984,"Прокладки женские гигиенические, 10 шт.",0.00108,0.03561787231278413,3.8467302097806856e-05,native,54
2026-11-01,985,"Наушники беспроводные, шт.",0.00189,0.8409462344880463,0.0015893883831824074,native,37
2026-11-01,987,"Цефтриаксон, 1 г",0.0004,0.49594551625710376,0.00019837820650284152,native,21
2026-11-01,992,"Амлодипин, 10 мг, 10 таблеток",0.00035,0.586110888888883,0.00020513881111110902,calendar_gap_in_required_features,21
2026-11-01,993,"Омепразол, 20 мг, 10 таблеток",0.0004,0.6939319268560332,0.0002775727707424133,native,21
2026-11-01,994,"Хлоргексидин, 100 мл",0.00033,0.1883331666666608,6.214994499999807e-05,short_history,21
2026-11-01,995,"Амоксициллин с клавулановой кислотой, 500 мг+125мг, 10 таблеток",0.00039,0.08797380360128668,3.4309783404501805e-05,native,21
2026-11-01,996,"Ибупрофен, 200 мг, 10 таблеток",0.00049,-0.4291246599575523,-0.00021027108337920062,native,21
2026-11-01,997,"Шприцы одноразовые, шт.",6e-05,1.2234314295590634,7.34058857735438e-05,native,21
2026-11-01,999,"Антисептик для рук, 100 мл",0.00017,0.9045982363939249,0.00015378170018696724,native,21
2026-11-01,1000,"Термометр медицинский безртутный (галинстановый), шт.",6e-05,0.5846251657570303,3.5077509945421816e-05,native,21
2026-11-01,1001,"Установка натяжного потолка, м2",0.00073,0.22873170760876355,0.00016697414655439738,native,12
2026-11-01,1002,"Услуги аренды автомобилей, час",0.00017,0.06553592657551299,1.1141107517837209e-05,native,47
2026-11-01,1003,"Подписка на онлайн-видеосервисы, месяц",0.00766,0.8076111393127299,0.006186301327135511,native,48
2026-11-01,1004,"Проживание в гостинице 1* или в мотеле, сутки с человека",5e-05,0.24558393924471736,1.2279196962235869e-05,native,55
2026-11-01,1005,"Проживание в гостинице 2*, сутки с человека",4e-05,-0.06890197733541947,-2.7560790934167792e-06,native,55
2026-11-01,1006,"Проживание в гостинице 3*, сутки с человека",0.00075,0.4224946103375,0.00031687095775312504,native,55
2026-11-01,1007,"Проживание в гостинице 4*-5*, сутки с человека",0.00067,1.4001338332386974,0.0009380896682699273,native,55
2026-11-01,1008,"Проживание в хостеле, сутки с человека",0.00061,2.874123478257988,0.0017532153217373724,native,55
2026-11-01,1009,"Экскурсионные туры по России, поездка",0.00138,0.061840873445356215,8.534040535459157e-05,native,55
2026-11-01,1011,"Поездка на отдых в ОАЭ, поездка",0.0004,-3.809997999999993,-0.0015239991999999973,missing_current_observation,67
2026-11-01,1012,"Услуги сиделок, час",0.00046,0.30867400056559385,0.00014199004026017317,native,22
2026-11-01,1013,"Диагностика на магнитно-резонансном или компьютерном томографе, услуга",0.00045,0.2063718412202215,9.286732854909967e-05,native,22
2026-11-01,1014,"Гастроскопия (ФГДС, ЭГДС), услуга",0.00059,0.6452542039627377,0.00038069998033801527,native,22
2026-11-01,1020,"Аскорбиновая кислота, 50 мг, 100 драже",0.00028,2.3577073186602195,0.0006601580492248614,native,21
2026-11-01,1024,"Валерианы экстракт, 20 мг, 10 таблеток",0.00029,1.462609689181709,0.00042415680986269565,native,21
2026-11-01,1025,"Газета в розницу, шт.",0.00024,1.1423732685903192,0.0002741695844616766,native,32
2026-11-01,1030,"Клубная карта в фитнес-клуб, месяц",0.00185,1.165340740542496,0.002155880370003618,native,55
2026-11-01,1032,"Кроссовые туфли для взрослых, пара",0.00518,0.5157324687462492,0.002671494188105571,native,27
2026-11-01,1035,"Метилурацил, 10 % мазь, 25 г",0.00037,1.2394595741815344,0.0004586000424471677,native,21
2026-11-01,1037,"Мирамистин, 0,01%, 150 мл",0.00039,0.9132249837584695,0.0003561577436658031,native,21
2026-11-01,1038,"Натрия хлорид, 0,9%, 100 мл",0.00039,0.7747079610559015,0.00030213610481180154,native,21
2026-11-01,1039,"Нафазолин, 0,1%, 15 мл",0.00044,1.0439088218121606,0.0004593198815973507,native,21
2026-11-01,1040,"Парацетамол, 500 мг, 10 таблеток",0.00039,0.6804964307531634,0.0002653936079937337,native,21
2026-11-01,1041,"Перекись водорода, 3%, 100 мл",0.00036,0.6449635830061209,0.00023218688988220355,native,21
2026-11-01,1042,"Пиво, л",0.00372,0.6234788331425554,0.002319341259290306,native,11
2026-11-01,1043,"Поездка на отдых в Египет, поездка",0.0002,-5.050788436310301,-0.0010101576872620602,native,67
2026-11-01,1045,"Ренгалин, 20 таблеток",0.0004,1.2996668676172805,0.0005198667470469122,native,21
2026-11-01,1046,"Сигареты с фильтром, пачка",0.0086599999999999,0.5546994857956166,0.0048036975469899846,native,40
2026-11-01,1048,"Сумка женская, шт.",0.00138,1.2483669680448488,0.0017227464159018913,native,13
2026-11-01,1049,"Творог, кг",0.00591,1.2732733552271736,0.007525045529392596,native,24
2026-11-01,1050,"Туфли женские закрытые, пара",0.00196,-1.0619407863456076,-0.002081403941237391,native,27
2026-11-01,1051,"Туфли женские летние, босоножки, пара",0.00356,0.5446697700086268,0.0019390243812307114,native,27
2026-11-01,1054,"Хлеб и булочные изделия из пшеничной муки различных сортов, кг",0.00735,1.2144803507094641,0.008926430577714561,native,49
2026-11-01,1055,"Цитрамон, 10 таблеток",0.00039,0.02048194112027385,7.987957036906802e-06,native,21
2026-11-01,1060,"Поездки в страны Закавказья, поездка",0.00022,-0.32415042073036415,-7.131309256068012e-05,native,67
2026-11-01,1063,"Поездки в отдельные страны Средней Азии, поездка",4e-05,-1.3533312222222165,-5.4133248888888664e-05,short_history,67
2026-11-01,1064,"Поездка в Беларусь, поездка",0.0001,-4.17777605555555,-0.000417777605555555,short_history,67
2026-11-01,1065,"Поездки в отдельные страны Юго-Восточной Азии, поездка",0.00017,9.520693530777013,0.0016185179002320923,native,67
2026-11-01,1066,"Молоко питьевое цельное пастеризованное более 3,2% жирности, л",0.00142,1.3193741718470156,0.0018735113240227622,native,24
2026-11-01,1067,"Творожок детский, кг",6e-05,1.3992345287020616,8.39540717221237e-05,native,24
2026-11-01,1068,"Молоко для детей, л",1e-05,0.8092095062370952,8.092095062370952e-06,native,24
2026-11-01,1069,"Сухие приправы, специи, кг",0.00139,1.5760427479225754,0.0021906994196123795,native,53
2026-11-01,1070,"Трикотажный головной убор для взрослых, шт.",0.00057,0.3867361329511961,0.00022043959578218176,native,43
2026-11-01,1071,"Крем детский, 100 г (100 мл)",0.00137,0.5291967813406092,0.0007249995904366345,native,30
2026-11-01,1072,"Чемодан, шт.",0.00108,0.3167985419084428,0.00034214242526111824,native,13
2026-11-01,1073,"Бумага офисная, упаковка 500 листов",0.00015,0.6192075923026228,9.288113884539341e-05,native,54
2026-11-01,1074,"Смарт-часы, шт.",0.00085,0.6816524992769235,0.0005794046243853849,native,37
2026-11-01,1075,"Коньки, пара",0.00035,1.1379542254734252,0.0003982839789156988,native,54
2026-11-01,1076,"Гипсокартон, м2",0.00075,0.3628285179814717,0.0002721213884861038,native,38
2026-11-01,1077,"Кресло детское автомобильное, шт.",0.00056,0.7987610436490761,0.0004473061844434826,native,17
2026-11-01,1078,"Соска (пустышка) детская, шт.",6e-05,0.471392211307816,2.828353267846896e-05,native,21
2026-11-01,1079,"Бутылочка для кормления, шт.",0.00066,-0.11274303621339207,-7.441040390083877e-05,native,21
2026-11-01,1083,"Поездка на отдых на Черноморское побережье России и в Крым, поездка",0.00205,-12.504139198649817,-0.025633485357232127,native,55
2026-11-01,1086,"Горошек зеленый консервированный, кг",0.00081,-0.3371917222222278,-0.0002731252950000045,short_history,53
2026-11-01,1087,"Перец сладкий свежий, кг",0.00266,0.7549999444444409,0.002008299852222213,short_history,33
2026-11-01,1088,"Робот-пылесос, шт.",0.00116,-1.0455583888888862,-0.001212847731111108,short_history,51
2026-11-01,1091,"Валосердин, 25 мл",0.00033,0.16944427777777252,5.591661166666493e-05,short_history,21
2026-11-01,1094,"Диклофенак, 15 мл",0.00038,0.7683332222222169,0.00029196662444444245,short_history,21
2026-11-01,1095,"Кардиомагнил, 100 таблеток",0.0004,0.1761111666666611,7.044446666666445e-05,short_history,21
2026-11-01,1097,"Меновазин, 40 мл",0.00034,0.1183331111111051,4.0233257777775734e-05,short_history,21
2026-11-01,1099,"Пенталгин, 24 таблетки",0.00035,0.36500011111110575,0.000127750038888887,short_history,21
2026-11-01,1100,"Салициловая кислота, 40 мл",0.00031,0.8655553333333275,0.00026832215333333153,short_history,21
2026-11-01,1101,"Спазмалгон, 10 таблеток",0.0004,0.17055533333332798,6.822213333333119e-05,short_history,21
2026-11-01,1105,Воздушный и железнодорожный транспорт,0.00569,-0.45999899999999627,-0.0026173943099999787,missing_current_observation,47
2026-11-01,1107,"Печень птицы, кг",0.00225,-0.30389177777777354,-0.0006837564999999904,short_history,26
2026-11-01,1108,"Кефир, кг",0.00427,0.2788887777777707,0.001190855081111081,short_history,24
2026-11-01,1109,"Сырки творожные, глазированные, кг",0.00124,0.5655554999999927,0.0007012888199999909,short_history,24
2026-11-01,1110,"Вода питьевая, л",0.00157,-0.3444140555555606,-0.0005407300672222302,short_history,53
2026-11-01,1111,"Жидкие средства для стирки, л",0.00146,1.2105552777777813,0.0017674107055555607,short_history,25
2026-11-01,1112,"Помада, шт.",0.00092,-1.116669833333336,-0.001027336246666669,short_history,30
2026-11-01,1113,"Блоки строительные, 1000 шт.",0.00028,0.18722261111111432,5.2422331111112006e-05,short_history,38
2026-11-01,1114,"Компримированный природный газ, м3",0.00189,-4.958889888888885,-0.009372301889999993,short_history,42
2026-11-01,1115,"Хлоропирамин, 10 таблеток",0.00036,0.16888894444443914,6.080001999999809e-05,short_history,21
2026-11-01,1116,"Цетиризин, 10 таблеток",0.00037,0.17166661111110512,6.351664611110889e-05,short_history,21
2026-11-01,1117,"Интерферон альфа-2В, 10 мл",0.00039,0.06555555555554962,2.5566666666664353e-05,short_history,21
2026-11-01,1118,"Метопролол, 10 таблеток",0.00046,-0.10666705555556022,-4.90668455555577e-05,short_history,21
2026-11-01,1119,"Спиронолактон, 10 таблеток",0.00035,-0.03555577777778357,-1.244452222222425e-05,short_history,21
2026-11-01,1120,"Лозартан, 10 таблеток",0.0004,0.2866664999999947,0.00011466659999999789,short_history,21
2026-11-01,1121,"Аторвастатин, 10 таблеток",0.0004,0.18388883333332728,7.355553333333092e-05,short_history,21
2026-11-01,1122,"Мелоксикам, 10 таблеток",0.00038,0.034999722222217144,1.3299894444442516e-05,short_history,21
2026-11-01,1123,"Кеторолак, 10 таблеток",0.00042,0.9833332222222163,0.0004129999533333309,short_history,21
2026-11-01,1124,"Розувастатин, 10 таблеток",0.00034,0.12666633333332714,4.306655333333123e-05,short_history,21
2026-11-01,1125,"Алтея лекарственного травы экстракт, 10 таблеток",0.00041,0.015555555555550105,6.377777777775543e-06,short_history,21
2026-11-01,1126,"Римантадин, 10 таблеток",0.00032,-0.0644448333333385,-2.0622346666668323e-05,short_history,21
2026-11-01,1127,"Погребение, услуга",0.00034,-0.16111111111110984,-5.477777777777735e-05,short_history,12
2026-11-01,1128,"Курьерская доставка, услуга",0.00012,-0.7435626666666668,-8.922752000000001e-05,short_history,55
2026-11-01,1129,"Междугородная телефонная связь, минута",0.00019,1.1605558333333263,0.00022050560833333202,short_history,48
2026-11-01,1131,"Вода минеральная, л",0.00085,-0.10941394444444955,-9.30018527777821e-05,short_history,53
2026-12-01,101,"Абонентская плата за доступ к сети Интернет, месяц",0.0085699999999999,0.13743551830087858,0.0011778223918385157,native,48
2026-12-01,103,"Абонентская плата за неограниченный объем местных телефонных соединений, месяц",0.00026,0.32524130040804416,8.456273810609147e-05,native,48
2026-12-01,104,"Абонентская плата за пакет услуг сотовой связи, месяц",0.01009,0.6070491409207344,0.00612512583189021,native,48
2026-12-01,106,"Абонентская плата за телевизионную антенну, месяц",0.00219,0.4969226667853565,0.0010882606402599308,native,48
2026-12-01,107,"Абонентская плата при комбинированной системе оплаты услуг местной телефонной связи, месяц",0.00022,0.3416401787005763,7.516083931412679e-05,native,48
2026-12-01,109,"Авторучка шариковая, шт.",0.00063,1.067596776077049,0.000672585968928541,native,54
2026-12-01,112,"Альбом для рисования, шт.",0.00023,0.2133273608397681,4.906529299314666e-05,native,54
2026-12-01,113,"Амброксол, 30 мг, 10 таблеток",0.00035,0.6820589192285413,0.00023872062172998948,native,21
2026-12-01,115,"Апельсины, кг",0.00434,-1.7497835369351544,-0.00759406055029857,native,33
2026-12-01,116,"Аппарат для измерения артериального давления электронный, шт.",0.0002,0.3609346021890778,7.218692043781557e-05,native,21
2026-12-01,117,"Аренда двухкомнатной квартиры у частных лиц, месяц",0.00506,0.586119648225474,0.0029657654200208987,native,14
2026-12-01,118,"Аренда индивидуального банковского сейфа, в расчете на месяц",0.00011,0.77306766494937,8.50374431444307e-05,native,55
2026-12-01,119,"Аренда однокомнатной квартиры у частных лиц, месяц",0.00435,0.5979214566316137,0.0026009583363475193,native,14
2026-12-01,120,"Ацетилсалициловая кислота (Аспирин отечественный), 500 мг, 10 таблеток",0.00029,1.6878110301873495,0.0004894651987543314,native,21
2026-12-01,121,"Бананы, кг",0.00418,3.3467751941136195,0.013989520311394929,native,33
2026-12-01,122,"Баранина (кроме бескостного мяса), кг",0.00651,0.79514532262659,0.005176396050299101,native,26
2026-12-01,123,"Бараночные изделия, кг",0.00116,0.4348254830767461,0.0005043975603690256,native,49
2026-12-01,124,"Батарейки электрические типа АА, шт.",0.00019,0.3037353320711216,5.7709713093513104e-05,native,51
2026-12-01,126,"Белье для новорожденных и детей ясельного возраста, шт.",0.00028,0.4779472507256639,0.00013382523020318587,native,29
2026-12-01,130,"Бензин автомобильный марки АИ-92, л",0.01023,1.0875265657287725,0.011125396767405342,native,42
2026-12-01,131,"Бензин автомобильный марки АИ-95, л",0.01543,0.3027723250648815,0.004671776975751121,native,42
2026-12-01,132,"Бензин автомобильный марки АИ-98, л",0.00117,0.879243717033899,0.001028715148929662,native,42
2026-12-01,134,"Бинт, шт.",4e-05,1.7301189550584666,6.920475820233866e-05,native,21
2026-12-01,135,"Бисопролол, 10 мг, 10 таблеток",0.00039,0.7565500881727576,0.00029505453438737544,native,21
2026-12-01,136,"Блузка для девочек школьного возраста, шт.",0.00106,-0.5032862385437566,-0.0005334834128563821,native,29
2026-12-01,137,"Блузка женская, шт.",0.00257,0.35755000610027454,0.0009189035156777055,native,29
2026-12-01,138,"Ботинки, полуботинки для детей дошкольного возраста, пара",0.00078,0.5317458304416463,0.00041476174774448404,native,27
2026-12-01,139,"Ботинки, полуботинки для детей школьного возраста, пара",0.0012,0.19257394877012185,0.0002310887385241462,native,27
2026-12-01,141,"Брюки для детей школьного возраста из джинсовой ткани, шт.",0.00098,0.23403109770074432,0.0002293504757467294,native,29
2026-12-01,142,"Брюки для детей школьного возраста из полушерстяных тканей, шт.",0.00088,0.22472397016669254,0.00019775709374668946,native,29
2026-12-01,143,"Брюки женские из полушерстяных или смесовых тканей, шт.",0.00204,0.417647971651458,0.0008520018621689744,native,29
2026-12-01,144,"Брюки мужские из джинсовой ткани (джинсы), шт.",0.00408,0.15152465310165594,0.0006182205846547563,native,29
2026-12-01,145,"Брюки мужские из полушерстяных или смесовых тканей, шт.",0.00183,0.38875229641700493,0.0007114167024431191,native,29
2026-12-01,146,"Булочные изделия сдобные из муки высшего сорта штучные, кг",0.00169,0.9230689316112448,0.0015599864944230038,native,49
2026-12-01,147,"Бумага туалетная, рулон",0.00099,0.979029981206486,0.0009692396813944211,native,54
2026-12-01,149,"Бюстгальтер, шт.",0.00143,0.22011763565425882,0.0003147682189855901,native,13
2026-12-01,150,"Валидол, 60 мг, 10 таблеток",0.00032,2.5834720435445484,0.0008267110539342555,native,21
2026-12-01,152,"Варенье, джем, повидло, кг",0.00113,0.41203421547635743,0.00046559866348828386,native,53
2026-12-01,154,"Вата отечественная, 100 г",0.00014,-0.6588977297697394,-9.22456821677635e-05,native,21
2026-12-01,155,"Велосипед для дошкольников, шт.",0.00107,1.0701015198992323,0.0011450086262921786,native,54
2026-12-01,156,"Велосипед дорожный для взрослых, шт.",0.00059,-0.09963560212950345,-5.878500525640704e-05,native,54
2026-12-01,158,"Вермишель, кг",0.00142,0.8042259480821516,0.0011420008462766553,native,18
2026-12-01,162,"Взносы на капитальный ремонт, м2",0.00784,1.1701669076823997,0.009174108556230014,native,14
2026-12-01,164,"Вино виноградное крепленое, л",0.00134,0.23664526983719464,0.0003171046615818408,native,11
2026-12-01,165,"Вино виноградное столовое, л",0.00172,0.5645800151189396,0.0009710776260045762,native,11
2026-12-01,166,"Вино игристое отечественное, л",0.00136,0.45732694533389484,0.000621964645654097,native,11
2026-12-01,167,"Виноград, кг",0.00338,7.2306538396804285,0.02443960997811985,native,33
2026-12-01,171,"Водка, л",0.0033,0.8426731082375842,0.002780821257184028,native,11
2026-12-01,172,"Водоотведение, м3",0.00325,-0.011598488759343245,-3.7695088467865545e-05,native,14
2026-12-01,173,"Водоснабжение горячее, м3",0.00592,0.21072406933559573,0.0012474864904667268,native,14
2026-12-01,174,"Водоснабжение холодное, м3",0.0053,0.19809186401509837,0.0010498868792800213,native,14
2026-12-01,181,"Выполнение обойных работ, 10 м2",0.00103,1.0541375078368387,0.001085761633071944,native,12
2026-12-01,182,"Выполнение работ по облицовке кафельной плиткой, м2",0.00119,0.8206166994254291,0.0009765338723162607,native,12
2026-12-01,184,"Газ сетевой, м3",0.01097,0.2550682788594601,0.0027980990190882775,native,14
2026-12-01,185,"Газ сетевой, месяц с человека",0.0095,0.253909421082727,0.0024121395002859067,native,14
2026-12-01,189,"Газовое моторное топливо, л",0.00226,-1.5016800533364565,-0.0033937969205403914,native,42
2026-12-01,195,"Говядина (кроме бескостного мяса), кг",0.01634,0.8148754889574777,0.013315065489565186,native,26
2026-12-01,196,"Говядина бескостная, кг",0.01193,0.7462297032454093,0.008902520359717732,native,26
2026-12-01,197,"Годовая стоимость полиса добровольного страхования жилья от стандартных рисков, полис",0.00027,0.4679818544057216,0.00012635510068954484,native,55
2026-12-01,198,"Годовая стоимость полиса добровольного страхования легкового автомобиля от стандартных рисков (КАСКО), полис",0.00223,0.5878325247590223,0.0013108665302126198,native,55
2026-12-01,203,"Горох и фасоль, кг",0.00191,0.14349680972788667,0.0002740789065802635,native,18
2026-12-01,204,"Груши, кг",0.00292,0.6737349313092946,0.00196730599942314,native,33
2026-12-01,205,"Джемпер для детей школьного возраста, шт.",0.00045,0.2897722277271188,0.00013039750247720346,native,43
2026-12-01,206,"Джемпер женский, шт.",0.00129,0.6553832738181491,0.0008454444232254123,native,43
2026-12-01,207,"Джемпер мужской, шт.",0.00127,0.5453123256027317,0.0006925466535154693,native,43
2026-12-01,208,"Диван-кровать, шт.",0.00253,0.3693416443583384,0.0009344343602265962,native,20
2026-12-01,209,"Дизельное топливо, л",0.00286,0.6895745739479342,0.001972183281491092,native,42
2026-12-01,210,"Дом отдыха, пансионат, день",0.00177,6.859999999999999,0.012142199999999999,short_history,35
2026-12-01,211,"Дополнительные занятия в государственных и муниципальных общеобразовательных организациях очной формы обучения, академический час",0.00031,0.10970902582766251,3.4009798006575377e-05,native,44
2026-12-01,212,"Дополнительные занятия для детей дошкольного возраста, академический час",0.00189,0.3841613645732871,0.0007260649790435126,native,44
2026-12-01,213,"Доска обрезная, м3",0.00153,0.33956762908565563,0.0005195384725010531,native,38
2026-12-01,214,"Дрель электрическая, шт.",0.00056,1.6861016644121047,0.0009442169320707785,native,15
2026-12-01,216,"Дротаверин (Но-шпа), 40 мг, 100 таблеток",0.00039,1.0129743648266643,0.00039506000228239907,native,21
2026-12-01,218,"Еврошифер, 10 м2",0.00011,0.335866094004474,3.694527034049214e-05,native,38
2026-12-01,221,"Жевательная резинка, упаковка",0.00016,0.5116586402929922,8.186538244687876e-05,native,16
2026-12-01,223,"Жидкие чистящие и моющие средства, л",0.00353,0.3739689884262892,0.0013201105291448009,native,25
2026-12-01,228,"Занятия в плавательных бассейнах, месяц",0.00091,0.5375588859005938,0.0004891785861695404,native,55
2026-12-01,229,"Занятия на курсах иностранных языков, академический час",0.00156,0.4714311693179991,0.0007354326241360786,native,44
2026-12-01,230,"Занятия на курсах профессионального обучения, академический час",0.00123,0.16215650653642782,0.0001994525030398062,native,44
2026-12-01,231,"Земля для растений, л",0.00027,0.5061673360263466,0.00013666518072711357,native,54
2026-12-01,232,"Зеркало навесное для ванной комнаты, шт.",0.00125,0.11067161368248146,0.00013833951710310184,native,20
2026-12-01,233,"Зефир, пастила, кг",0.00143,1.1935997451870048,0.001706847635617417,native,16
2026-12-01,234,"Зонт, шт.",0.00109,0.5485903174079471,0.0005979634459746623,native,13
2026-12-01,236,"Игрушки мягкие, шт.",0.00012,0.6120253244347941,7.34430389321753e-05,native,54
2026-12-01,237,"Игрушки пластмассовые для детей ясельного возраста, шт.",0.00039,0.7757065673598265,0.0003025255612703323,native,54
2026-12-01,238,"Изготовление гроба, шт.",0.00038,0.3825513520063364,0.00014536951376240784,native,12
2026-12-01,239,"Изготовление коронки, шт.",0.00131,0.5758787313080075,0.0007544011380134898,native,22
2026-12-01,240,"Изготовление съёмного протеза, протез",0.00127,0.6044295166924921,0.000767625486199465,native,22
2026-12-01,241,"Изготовление фотографий для документов, 4 шт.",0.00011,0.5629404874674722,6.192345362142194e-05,native,12
2026-12-01,243,"Икра лососевых рыб, отечественная, кг",0.00046,0.557763960933354,0.0002565714220293429,native,34
2026-12-01,244,"Индапамид, 2,5 мг, 10 таблеток",0.00035,-0.01777833333333312,-6.222416666666591e-06,calendar_gap_in_required_features,21
2026-12-01,245,"Йогурт, 125 г",0.00113,0.7397494083284746,0.0008359168314111763,native,24
2026-12-01,246,"Йод, 10 мл",0.00036,1.1316989618387963,0.0004074116262619667,native,21
2026-12-01,247,"Какао, кг",0.00055,0.6343385241230529,0.00034888618826767914,native,50
2026-12-01,248,"Кальмары мороженые, кг",0.00023,0.32993499315124436,7.58850484247862e-05,native,34
2026-12-01,249,"Капуста белокочанная свежая, кг",0.00236,2.336162607818141,0.005513343754450813,native,33
2026-12-01,250,"Карамель, кг",0.00369,0.04133600645467883,0.0001525298638177649,native,16
2026-12-01,251,"Карандаш чернографитный, шт.",0.00034,1.4413161618765782,0.0004900474950380366,native,54
2026-12-01,252,"Картофель, кг",0.00612,5.068219918315684,0.031017505900091984,native,33
2026-12-01,253,"Кастрюля из эмалированной или нержавеющей стали, шт.",0.00178,0.2530064675165426,0.0004503515121794458,native,54
2026-12-01,254,"Кексы, рулеты, кг",0.00333,0.5587535917606792,0.0018606494605630617,native,16
2026-12-01,256,"Кетчуп, кг",0.00182,0.4712832328894455,0.0008577354838587908,native,53
2026-12-01,257,"Кинотеатры, билет",0.00023,-0.17389444563656095,-3.999572249640902e-05,native,46
2026-12-01,258,"Кирпич красный, 1000 шт.",0.00015,0.41115818746095345,6.167372811914301e-05,native,38
2026-12-01,259,"Кисломолочные продукты, кг",0.00311,0.9087588691678158,0.002826240083111907,native,24
2026-12-01,260,"Клинический осмотр животного, посещение",0.00037,0.5275921229098512,0.00019520908547664495,native,55
2026-12-01,261,"Книга художественная, шт.",0.00028,0.23291259335832232,6.521552614033024e-05,native,32
2026-12-01,263,"Ковер, ковровое покрытие (палас) синтетический, м2",0.00279,0.794777923655077,0.002217430406997665,native,54
2026-12-01,265,"Колбаса вареная, кг",0.00464,0.0786871133620004,0.0003651082059996819,native,26
2026-12-01,266,"Колбаса полукопченая и варено-копченая, кг",0.00298,0.6509600773377779,0.0019398610304665782,native,26
2026-12-01,267,"Колбаса сырокопченая, кг",0.00053,-0.04277171052242046,-2.2669006576882843e-05,native,26
2026-12-01,271,"Колготки детские, шт.",0.00035,0.5785809818028413,0.00020250334363099446,native,54
2026-12-01,272,"Колготки женские эластичные, шт.",0.00127,1.067374526634015,0.0013555656488251993,native,54
2026-12-01,273,"Кольцо обручальное золотое, грамм",0.00353,0.9301623349046431,0.00328347304221339,native,54
2026-12-01,274,"Коляска для новорожденного, шт.",0.00064,0.22716360839331995,0.00014538470937172477,native,13
2026-12-01,275,"Комбинезон (костюм) утепленный для детей дошкольного возраста, шт.",0.00047,0.08622564932239471,4.052605518152551e-05,native,29
2026-12-01,276,"Комбинезон утепленный для детей до одного года, шт.",0.00038,1.0751937857149276,0.0004085736385716725,native,29
2026-12-01,280,"Комплект постельного белья полутораспальный из хлопчатобумажной ткани, комплект",0.0027,0.30190552563906126,0.0008151449192254655,native,29
2026-12-01,281,"Комплект столовых приборов, комплект на 1 человека",0.00028,0.4002574740002569,0.00011207209272007193,native,54
2026-12-01,282,"Компьютер персональный переносной (ноутбук), шт.",0.00185,0.4509996877698018,0.0008343494223741334,native,31
2026-12-01,283,"Компьютер планшетный, шт.",0.00162,-0.15459930182819348,-0.00025045086896167344,native,31
2026-12-01,285,"Консервы мясные для детского питания, кг",3e-05,1.3821961308218427,4.146588392465528e-05,native,26
2026-12-01,286,"Консервы мясные, 350 г",0.00041,0.8500113774263208,0.0003485046647447915,native,26
2026-12-01,288,"Консервы овощные для детского питания, кг",8e-05,1.2679864249224524,0.0001014389139937962,native,53
2026-12-01,290,"Консервы рыбные в томатном соусе, 350 г",0.0005,0.8602706234342619,0.00043013531171713095,native,34
2026-12-01,291,"Консервы рыбные натуральные и с добавлением масла, 350 г",0.0013,0.7789244195872114,0.0010126017454633747,native,34
2026-12-01,292,"Консервы томатные, кг",0.00128,0.6318214549674603,0.0008087314623583493,native,53
2026-12-01,294,"Консервы фруктово-ягодные для детского питания, кг",9e-05,0.6497262922015897,5.847536629814308e-05,native,53
2026-12-01,295,"Конструктор детский пластмассовый, набор",0.00029,0.166952961249079,4.8416358762232906e-05,native,54
2026-12-01,296,"Конфеты мягкие, глазированные шоколадом, кг",0.00332,1.030157229159022,0.003420122000807953,native,16
2026-12-01,298,"Конфеты шоколадные натуральные и с добавками, кг",0.003,0.6424391858535886,0.0019273175575607658,native,16
2026-12-01,301,"Коньяк ординарный отечественный, л",0.00278,0.24674981569811733,0.0006859644876407662,native,11
2026-12-01,302,"Корвалол, 25 мл",0.00039,1.2219825303684149,0.0004765731868436818,native,21
2026-12-01,303,"Корригирующие очки, шт.",0.00097,0.29521801800242525,0.00028636147746235254,native,21
2026-12-01,304,"Костюм-двойка мужской из шерстяных, полушерстяных или смесовых  тканей, шт.",0.00255,0.3006854303188652,0.0007667478473131063,native,29
2026-12-01,305,"Костюм спортивный для взрослых, шт.",0.00175,0.5853920423846728,0.0010244360741731775,native,43
2026-12-01,306,"Костюм спортивный для детей школьного возраста, шт.",0.00141,0.6385238169799463,0.0009003185819417243,native,43
2026-12-01,307,"Костюм трикотажный для детей ясельного возраста, шт.",0.00037,0.41383712604611167,0.0001531197366370613,native,43
2026-12-01,309,"Кофе в организациях быстрого обслуживания, 200 г",0.00148,0.4805395750537944,0.0007111985710796157,native,28
2026-12-01,310,"Кофе натуральный в зернах и молотый, кг",0.00406,0.33549268894105977,0.0013621003171007027,native,50
2026-12-01,311,"Кофе натуральный растворимый, кг",0.00547,0.5362544658736035,0.002933311928328611,native,50
2026-12-01,312,"Краска для волос, шт.",0.00069,0.8614445813651804,0.0005943967611419745,native,30
2026-12-01,313,"Краски масляные, эмали отечественные, кг",0.00097,0.8923445728906634,0.0008655742357039435,native,38
2026-12-01,314,"Креветки мороженые неразделанные, кг",0.00036,1.0882049061386818,0.0003917537662099255,native,34
2026-12-01,315,"Крем для лица, 100 г (100 мл)",0.00159,0.9903720100123328,0.0015746914959196092,native,30
2026-12-01,316,"Кровать для новорожденных,шт.",0.00051,0.5590669514336335,0.0002851241452311531,native,20
2026-12-01,319,"Кроссовые туфли для детей с верхом из искусственной кожи, пара",0.00156,0.1863119921657693,0.0002906467077786001,native,27
2026-12-01,320,"Крупа гречневая-ядрица, кг",0.00337,1.2146379962023284,0.004093330047201847,native,18
2026-12-01,322,"Крупа манная, кг",0.00059,0.6879082301985433,0.00040586585581714056,native,18
2026-12-01,323,"Крупы овсяная и перловая, кг",0.00032,0.8056347886176408,0.0002578031323576451,native,18
2026-12-01,324,"Ксерокопирование документа, лист",0.0009,0.6777432178523102,0.0006099688960670792,native,55
2026-12-01,325,"Ксилометазолин (Галазолин) 0,1%, 10 мл",0.00051,0.6250789252240738,0.00031879025186427765,native,21
2026-12-01,326,"Кулинарные изделия из птицы, кг",0.00167,0.8527985557819466,0.001424173588155851,native,26
2026-12-01,327,"Куртка для детей дошкольного возраста с верхом из плащевых тканей утепленная, шт.",0.00088,0.7918343058279805,0.000696814189128623,native,29
2026-12-01,328,"Куртка для детей школьного возраста с верхом из плащевых тканей утепленная, шт.",0.00084,0.6595796179714628,0.0005540468790960288,native,29
2026-12-01,329,"Куртка женская без утеплителя (ветровка), шт.",0.00271,0.2260971359943025,0.0006127232385445598,native,29
2026-12-01,330,"Куртка мужская без утеплителя (ветровка), шт.",0.00269,0.22176061171041356,0.0005965360455010125,native,29
2026-12-01,331,"Куртка мужская из натуральной кожи, шт.",0.00068,0.38505120883424726,0.00026183482200728815,native,29
2026-12-01,332,"Куртка мужская с верхом из плащевых тканей утепленная, шт.",0.00192,0.3623538861429648,0.0006957194613944925,native,29
2026-12-01,333,"Куры охлажденные и мороженые, кг",0.00958,-0.25939577873669006,-0.0024850115602974908,native,26
2026-12-01,334,"Ламинат, м2",0.00167,0.39648928490002655,0.0006621371057830444,native,38
2026-12-01,335,"Лампа электрическая осветительная, шт.",0.00019,0.5828249400909816,0.00011073673861728652,native,51
2026-12-01,336,"Лампа энергосберегающая, шт.",0.00022,0.35721535297972695,7.858737765553994e-05,native,51
2026-12-01,337,"Левомеколь, мазь, 40 г",0.00041,0.7938234258571207,0.0003254676046014195,native,21
2026-12-01,338,"Легковой автомобиль импортный подержанный, шт.",0.01012,0.4607999134616851,0.004663295124232253,native,17
2026-12-01,339,"Легковой автомобиль иностранной марки новый, шт.",0.00959,0.4488886666666687,0.004304842313333353,insufficient_training_rows,17
2026-12-01,340,"Легковой автомобиль отечественный новый, шт.",0.00753,0.404792911937489,0.0030480906268892925,native,17
2026-12-01,341,"Лечебный массаж, сеанс",0.00013,0.4240509470665741,5.512662311865463e-05,native,22
2026-12-01,342,"Лечение кариеса, пломба",0.00221,0.6376263741355004,0.001409154286839456,native,22
2026-12-01,343,"Лимоны, кг",0.00185,-2.5616002399649034,-0.004738960443935071,native,33
2026-12-01,345,"Линолеум, м2",0.00085,0.5221076949501842,0.0004437915407076565,native,38
2026-12-01,346,"Лопата садовая, шт.",0.00015,0.4227379147941712,6.341068721912567e-05,native,54
2026-12-01,347,"Лоперамид, 2 мг, 10 капсул (таблеток)",0.00036,0.08320526807511652,2.995389650704195e-05,native,21
2026-12-01,349,"Лук репчатый, кг",0.00236,6.851927190140014,0.016170548168730432,native,33
2026-12-01,350,"Майка, футболка женская бельевая, шт.",0.00079,0.48463411403480205,0.00038286095008749365,native,43
2026-12-01,351,"Майка, футболка мужская бельевая, шт.",0.00151,0.6639041899722022,0.0010024953268580254,native,43
2026-12-01,352,"Майонез, кг",0.00223,0.47061628675354505,0.0010494743194604055,native,53
2026-12-01,354,"Макаронные изделия из пшеничной муки высшего сорта, кг",0.00382,0.7159897404588016,0.002735080808552622,native,18
2026-12-01,355,"Маникюр,услуга",0.0057,0.5763991426911406,0.0032854751133395014,native,12
2026-12-01,357,"Маргарин, кг",0.0008,0.06289942128588027,5.0319537028704225e-05,native,19
2026-12-01,358,"Масло оливковое, л",0.00257,1.2254961183364592,0.0031495250241247,native,19
2026-12-01,359,"Масло подсолнечное, кг",0.00543,0.7408947454923127,0.004023058468023258,native,19
2026-12-01,360,"Масло сливочное, кг",0.00872,1.0396679881796982,0.009065904856926968,native,19
2026-12-01,362,"Матрас детский, шт.",0.00051,1.2388124139882937,0.0006317943311340298,native,20
2026-12-01,363,"Машина стиральная автоматическая, шт.",0.0019,0.4085080825219745,0.0007761653567917516,native,51
2026-12-01,365,"Мёд пчелиный натуральный, кг",0.00469,0.6238256423454938,0.0029257422626003658,native,53
2026-12-01,369,"Металлочерепица, м2",0.00052,0.41194804745510766,0.00021421298467665597,native,38
2026-12-01,370,"Метамизол натрия (Анальгин отечественный), 500 мг, 10 таблеток",0.00036,0.7310960306954107,0.00026319457105034787,native,21
2026-12-01,373,"Миксер, блендер, шт.",0.00176,1.0402442813604345,0.0018308299351943646,native,51
2026-12-01,374,"Мойка из нержавеющей стали для кухни, шт.",0.00182,0.2474720216936941,0.00045039907948252325,native,38
2026-12-01,375,"Мойка легкового автомобиля, услуга",0.00529,1.0112271659929941,0.005349391708102939,native,12
2026-12-01,378,"Молоко питьевое цельное пастеризованное 2,5-3,2% жирности, л",0.00302,0.8859848115652773,0.0026756741309271375,native,24
2026-12-01,379,"Молоко питьевое цельное стерилизованное 2,5-3,2% жирности, л",0.00232,1.2554122950141595,0.00291255652443285,native,24
2026-12-01,380,"Молоко сгущенное с сахаром, 400 г",0.00113,0.44584436313781795,0.0005038041303457343,native,24
2026-12-01,381,"Монитор для настольного компьютера, шт.",0.00052,0.32618079984685266,0.00016961401592036337,native,31
2026-12-01,382,"Морковь, кг",0.0021,1.9792616767429179,0.004156449521160128,native,33
2026-12-01,384,"Мороженое сливочное, кг",0.00491,0.16917518725003178,0.0008306501693976561,native,53
2026-12-01,386,"Музеи и выставки, билет",9e-05,0.2938281601437307,2.6444534412935765e-05,native,46
2026-12-01,388,"Мука пшеничная, кг",0.00424,0.8937261012221889,0.0037893986691820807,native,53
2026-12-01,389,"Мыло туалетное, 100 г",0.00099,0.691158702116486,0.0006842471150953211,native,25
2026-12-01,390,"Мыло хозяйственное, 200 г",0.00174,0.46866212140349883,0.000815472091242088,native,25
2026-12-01,393,"Мясо индейки, кг",0.00424,0.5471018970001437,0.002319712043280609,native,26
2026-12-01,395,"Мясокопчености, кг",0.00303,0.6515627400979278,0.001974235102496721,native,26
2026-12-01,396,"Мяч футбольный, шт.",0.00026,0.3322171826909386,8.637646749964402e-05,native,54
2026-12-01,397,"Набор корпусной мебели, комплект",0.00062,0.5185638723905053,0.00032150960088211326,native,20
2026-12-01,399,"Набор фломастеров, набор",0.00032,0.4474182274264511,0.00014317383277646437,native,54
2026-12-01,400,"Наём жилых помещений в государственном и муниципальном жилищных фондах, м2 общей площади",0.00012,11.740893682929052,0.0014089072419514862,native,14
2026-12-01,402,"Напитки газированные, л",0.00389,0.3938129232935241,0.0015319322716118085,native,53
2026-12-01,404,"Национальные сыры и брынза, кг",0.00741,0.8064093239840402,0.0059754930907217375,native,39
2026-12-01,405,"Начальный курс обучения вождению легкового автомобиля, курс",0.00108,0.6070896833088624,0.0006556568579735713,native,44
2026-12-01,406,"Нимесулид, 100 мг, 10 таблеток",0.0004,0.6339779374501207,0.00025359117498004825,native,21
2026-12-01,408,"Нитки швейные, катушка",0.00011,0.5180637438370399,5.698701182207439e-05,native,54
2026-12-01,410,"Носки мужские, пара",0.00108,0.7068620995641196,0.0007634110675292492,native,54
2026-12-01,411,"Носки, гольфы детские, пара",0.00017,-0.007512504981969259,-1.277125846934774e-06,native,54
2026-12-01,412,"Обед в ресторане, на 1 человека",0.00201,0.848029400976436,0.0017045390959626364,native,28
2026-12-01,413,"Обед в столовой, кафе, закусочной (кроме столовой в организации), на 1 человека",0.00697,0.6327907270048184,0.004410551367223584,native,28
2026-12-01,415,"Обои виниловые, 10 м",0.00248,0.6731565456771711,0.0016694282332793842,native,38
2026-12-01,416,"Обращение с твердыми коммунальными отходами, с человека",0.00398,0.16552570722320703,0.0006587923147483639,native,14
2026-12-01,420,"Обувь домашняя с текстильным верхом для взрослых, пара",0.00161,0.32338199829722,0.0005206450172585242,native,27
2026-12-01,421,"Обувь домашняя с текстильным верхом для детей, пара",0.00017,0.6478322376154717,0.0001101314803946302,native,27
2026-12-01,426,"Обучение в государственных и муниципальных образовательных организациях высшего профессионального образования, семестр",0.00346,0.4304139292901728,0.001489232195343998,native,44
2026-12-01,427,"Обучение в негосударственных образовательных организациях высшего профессионального образования, семестр",0.00191,0.0,0.0,native,44
2026-12-01,429,"Обучение в образовательных организациях среднего профессионального образования, семестр",0.0022,1.143095836147459,0.00251481083952441,native,44
2026-12-01,430,"Общий анализ крови, анализ",0.00092,0.23813233108131387,0.00021908174459480878,native,22
2026-12-01,432,"Овощи замороженные, кг",0.00068,0.5012104205687304,0.00034082308598673675,native,33
2026-12-01,433,"Овощи натуральные консервированные, маринованные, кг",0.0028,0.6242244892032247,0.0017478285697690291,native,53
2026-12-01,434,"Овсяные хлопья ""Геркулес"", кг",0.00132,0.14760521026711165,0.0001948388775525874,native,18
2026-12-01,435,"Огурцы свежие, кг",0.00468,14.723804638334341,0.06890740570740472,native,33
2026-12-01,442,"Одеяло стеганое, шт.",0.00247,0.5075552451433196,0.0012536614555039994,native,29
2026-12-01,443,"Окорочка куриные, кг",0.00549,0.2955589493537263,0.0016226186319519573,native,26
2026-12-01,447,"Орехи, кг",0.0019,0.45737474192580985,0.0008690120096590387,native,33
2026-12-01,448,"Отопление, Гкал",0.00924,0.2614174773949046,0.0024154974911289187,native,14
2026-12-01,449,"Оформление доверенности в нотариальной конторе, услуга",0.00012,1.2178185938892692,0.0001461382312667123,native,55
2026-12-01,451,"Пальто (полупальто) женское с верхом из плащевых тканей, шт.",0.00177,0.18868287388790594,0.00033396868678159353,native,29
2026-12-01,452,"Пальто женское демисезонное из шерстяных или полушерстяных тканей, шт.",0.00203,0.7599379689551174,0.0015426740769788885,native,29
2026-12-01,453,"Пальто женское зимнее из шерстяных или полушерстяных тканей, шт.",0.00095,0.8375014631929281,0.0007956263900332816,native,29
2026-12-01,454,"Пальто женское меховое и дубленка, шт.",0.00102,0.5441770543450914,0.0005550605954319933,native,23
2026-12-01,455,"Панкреатин, 10 таблеток",0.00038,0.5772417256228188,0.00021935185573667117,native,21
2026-12-01,456,"Панталоны, трусы женские, шт.",0.00127,0.700027075506719,0.0008890343858935333,native,43
2026-12-01,457,"Паста зубная, 100 г (100 мл)",0.00191,0.7430271756582238,0.0014191819055072077,native,30
2026-12-01,458,"Пеленки для новорожденных, шт.",0.00019,0.03264641427461433,6.202818712176723e-06,native,29
2026-12-01,459,"Пельмени, манты, равиоли, кг",0.00524,0.8992160355083937,0.004711892026063983,native,26
2026-12-01,460,"Первичный консультативный осмотр больного у стоматолога, посещение",0.00106,0.9293174958518905,0.0009850765456030038,native,22
2026-12-01,461,"Первичный консультативный прием у врача специалиста, посещение",0.00207,0.6236199254578969,0.0012908932456978464,native,22
2026-12-01,464,"Пересылка простого письма внутри России, массой до 20 г, шт.",1e-05,0.7730511598074368,7.730511598074369e-06,native,55
2026-12-01,466,"Перчатки из натуральной кожи, пара",0.00011,0.6640942432548913,7.305036675803804e-05,native,13
2026-12-01,467,"Перчатки трикотажные женские, пара",6e-05,0.7817060771721387,4.6902364630328324e-05,native,43
2026-12-01,468,"Печать цветных фотографий, шт.",0.00011,0.9453590816156565,0.00010398949897772222,native,12
2026-12-01,469,"Печень говяжья, свиная, кг",0.00275,1.1430610731380741,0.0031434179511297036,native,26
2026-12-01,470,"Печенье, кг",0.00549,0.9355188974606431,0.0051359987470589305,native,16
2026-12-01,471,"Печь микроволновая, шт.",0.00067,-0.40951321233612337,-0.00027437385226520265,native,51
2026-12-01,475,"Пиджак, жакет женский из шерстяных, полушерстяных или смесовых тканей, шт.",0.00359,0.22733587132367955,0.0008161357780520096,native,29
2026-12-01,478,"Плата за пересылку простой посылки внутри России массой 1-2 кг, шт.",0.00013,0.9412486150920317,0.00012236231996196411,native,55
2026-12-01,479,"Плата за пользование потребительским кредитом (процентная ставка в стоимостном выражении), руб.",0.00656,0.8998680700568216,0.005903134539572749,native,55
2026-12-01,480,"Платье (платье-костюм) женское из полушерстяных или смесовых тканей, шт.",0.00401,0.5058431632079023,0.0020284310844636885,native,29
2026-12-01,481,"Платье (платье-костюм) женское из хлопчатобумажных или смесовых тканей, шт.",0.00396,0.4624574232101717,0.0018313313959122798,native,29
2026-12-01,482,"Платье (платье-костюм, сарафан) для девочек школьного возраста из полушерстяных, смесовых  тканей, шт.",0.00051,0.28627168821127047,0.00014599856098774795,native,29
2026-12-01,483,"Платье (сарафан) летнее для девочек дошкольного возраста, шт.",0.00029,0.313033986568207,9.077985610478004e-05,native,29
2026-12-01,484,"Плита бытовая, шт.",0.00148,0.0904104830452304,0.000133807514906941,native,51
2026-12-01,485,"Плитка керамическая, облицовочная для внутренних работ, м2",0.0019,0.37436428832003676,0.0007112921478080698,native,38
2026-12-01,486,"Плиты древесностружечные, ориентированно-стружечные, м2",0.0008899999999999,0.10653469132879625,9.481587528261801e-05,native,38
2026-12-01,487,"Повторное получение гербового документа в органах ЗАГС, документ",0.00057,0.7514138120699928,0.0004283058728798959,native,55
2026-12-01,488,"Подгузники детские бумажные (памперсы), 10 шт.",0.00114,0.35995434674299787,0.00041034795528701755,native,54
2026-12-01,489,"Подушка, шт.",0.00248,0.5436767207108193,0.0013483182673628318,native,29
2026-12-01,496,"Ползунки из хлопчатобумажного трикотажного полотна, шт.",0.00019,1.0104576376123646,0.0001919869511463493,native,29
2026-12-01,500,"Полотенце кухонное, шт.",0.0012,0.6969129951068785,0.0008362955941282542,native,54
2026-12-01,501,"Полотенце личное, шт.",0.00239,0.5707041969290203,0.0013639830306603586,native,54
2026-12-01,502,"Полуботинки мужские с верхом из искусственной кожи, пара",0.00083,0.5457923529644317,0.00045300765296047834,native,27
2026-12-01,503,"Полуботинки, туфли мужские с верхом из натуральной кожи, пара",0.00277,0.08233670027920834,0.00022807265977340709,native,27
2026-12-01,505,"Пользование общественным туалетом, посещение",0.00047,0.5261505721914237,0.0002472907689299691,native,55
2026-12-01,506,"Помидоры свежие, кг",0.00574,13.835064211539649,0.07941326857423758,native,33
2026-12-01,507,"Помывка в бане в общем отделении, билет",0.00103,0.5164657477010104,0.0005319597201320407,native,12
2026-12-01,508,"Порошок стиральный, кг",0.00342,0.1816711365797541,0.000621315287102759,native,25
2026-12-01,509,"Посещение детского ясли-сада, день",0.00038,0.5294577166543395,0.00020119393232864903,native,44
2026-12-01,511,"Постановка набоек, пара",0.00055,0.49470912363675645,0.00027209001800021607,native,12
2026-12-01,513,"Пребывание пациента в круглосуточном стационаре, койко-день",0.00042,-0.19195980017485115,-8.062311607343749e-05,native,22
2026-12-01,514,"Предоставление абоненту в постоянное пользование абонентской линии независимо от ее типа, месяц",0.00024,0.2903138382880728,6.967532118913747e-05,native,48
2026-12-01,518,"Предоставление местного телефонного соединения при повременной системе оплаты услуг связи, минута",0.00024,0.42672600093328705,0.0001024142402239889,native,48
2026-12-01,519,"Прививка животного, шт.",0.00019,0.25306823700601094,4.808296503114208e-05,native,55
2026-12-01,524,"Продукция предприятий общественного питания быстрого обслуживания (сэндвич типа ""Гамбургер""), шт.",0.00269,0.7477363738895728,0.002011410845762951,native,28
2026-12-01,525,"Проезд в городском автобусе,поездка",0.00185,1.4799531499738987,0.0027379133274517127,native,47
2026-12-01,527,"Проезд в маршрутном такси, поездка",0.00869,0.8009309787960249,0.006960090205737456,native,47
2026-12-01,528,"Проезд в междугородном автобусе, в расчете на 50 км пути",0.00057,0.8429085787332853,0.0004804578898779726,native,47
2026-12-01,531,"Проезд в такси, в расчете на 1 км пути",0.00415,1.2645434840841556,0.005247855458949246,native,47
2026-12-01,533,"Проезд в троллейбусе, поездка",0.0001,0.860772416854505,8.607724168545051e-05,native,47
2026-12-01,535,"Проживание в студенческом общежитии, месяц",2e-05,0.7310701263304172,1.4621402526608346e-05,native,55
2026-12-01,538,"Пряники, кг",0.0019,0.5694458495504726,0.001081947114145898,native,16
2026-12-01,539,"Пшено, кг",0.00118,0.9115763088048001,0.0010756600443896642,native,18
2026-12-01,540,"Ранец, рюкзак для школьников, шт.",0.00108,0.34779146391974336,0.00037561478103332284,native,13
2026-12-01,541,"Регулировка развала-схождения колес легкового автомобиля, один вид работы",0.00423,0.6005673311399559,0.0025403998107220134,native,12
2026-12-01,542,"Ремень мужской, шт.",0.00059,0.2181176869799783,0.0001286894353181872,native,13
2026-12-01,543,"Ремонт  телевизоров, один вид работы",0.00037,0.29951740781735864,0.0001108214408924227,native,12
2026-12-01,544,"Ремонт брюк из всех видов тканей, один вид работы",0.00018,0.33013898260619,5.942501686911421e-05,native,12
2026-12-01,548,"Ремонт холодильников всех марок, один вид работы",0.00042,0.6036482739175729,0.0002535322750453806,native,12
2026-12-01,552,"Рис шлифованный, кг",0.00479,0.6714438027754607,0.0032162158152944566,native,18
2026-12-01,554,"Рубероид, 10 м",0.00011,0.3824242476443117,4.206666724087429e-05,native,38
2026-12-01,555,"Рыба живая и охлажденная, кг",0.00395,0.29066473988989866,0.0011481257225650998,native,34
2026-12-01,558,"Рыба мороженая неразделанная, кг",0.00303,0.29818390588720883,0.0009034972348382428,native,34
2026-12-01,559,"Рыба мороженая разделанная (кроме лососевых пород), кг",0.005,0.19462186248506075,0.0009731093124253037,native,34
2026-12-01,560,"Рыба охлажденная и мороженая разделанная лососевых пород, кг",0.00181,0.5884217860012199,0.001065043432662208,native,34
2026-12-01,561,"Рыба соленая, маринованная, копченая, кг",0.00142,1.65117001557681,0.0023446614221190702,native,34
2026-12-01,563,"Рюмка, фужер из простого стекла, шт.",0.00054,0.3803454966090918,0.00020538656816890957,native,54
2026-12-01,565,"Санаторий, день",0.001,0.6405236855122549,0.000640523685512255,native,35
2026-12-01,566,"Сапоги женские зимние с верхом из натуральной кожи, пара",0.00253,0.23960909338440511,0.000606211006262545,native,27
2026-12-01,567,"Сапоги женские осенние с верхом из натуральной кожи, пара",0.00145,0.37157059886766947,0.0005387773683581206,native,27
2026-12-01,568,"Сапоги цельнорезиновые для взрослых, пара",0.00042,0.27454597887380244,0.00011530931112699703,native,54
2026-12-01,569,"Сапоги цельнорезиновые для детей, пара",0.00011,0.25110166902648723,2.7621183592913596e-05,native,54
2026-12-01,570,"Сапоги, ботинки для детей школьного возраста зимние с верхом из натуральной кожи, пара",0.00111,0.5015280600785119,0.0005566961466871483,native,27
2026-12-01,571,"Сапоги, ботинки мужские зимние с верхом из натуральной кожи, пара",0.00223,0.6820747936472267,0.0015210267898333157,native,27
2026-12-01,572,"Сахар-песок, кг",0.00532,-0.13446544244843806,-0.0007153561538256905,native,36
2026-12-01,573,"Свежесрезанные цветы, шт.",0.00399,1.1587101083036246,0.004623253332131462,native,54
2026-12-01,574,"Свёкла столовая, кг",0.00077,4.537276665850511,0.0034937030327048934,native,33
2026-12-01,575,"Светильник потолочный, шт.",0.00208,0.6979601154637727,0.0014517570401646471,native,51
2026-12-01,577,"Свинина (кроме бескостного мяса), кг",0.00481,-0.046340509566345944,-0.000222897851014124,native,26
2026-12-01,578,"Свинина бескостная, кг",0.00257,0.24771609261014355,0.0006366303580080688,native,26
2026-12-01,580,"Сельдь соленая, кг",0.00079,0.5996355307297772,0.00047371206927652396,native,34
2026-12-01,584,"Сковорода, шт.",0.00137,-0.06456075681104059,-8.844823683112561e-05,native,54
2026-12-01,585,"Смартфон, шт.",0.00625,-0.3932718389727614,-0.002457948993579759,native,37
2026-12-01,587,"Смеси сухие молочные для детского питания, кг",0.00077,0.882446348305189,0.0006794836881949955,native,24
2026-12-01,588,"Сметана, кг",0.00748,1.4906784463801221,0.011150274778923313,native,24
2026-12-01,589,"Содержание и ремонт жилья в государственном и муниципальном жилищных фондах, м2 общей площади",0.00078,0.06565250626554617,5.120895488712601e-05,native,14
2026-12-01,590,"Содержание, ремонт жилья для граждан-собственников жилья в результате приватизации, граждан-собственников жилых помещений по иным основаниям, м2 общей площади",0.00599,0.0643068974214833,0.00038519831555468493,native,14
2026-12-01,591,"Соки фруктовые, л",0.00232,0.9195739768086322,0.002133411626196027,native,53
2026-12-01,592,"Соленые и копченые деликатесные продукты из рыбы, кг",0.0013,0.843691399746904,0.0010967988196709751,native,34
2026-12-01,593,"Соль поваренная пищевая, кг",0.00122,0.5038707810013731,0.0006147223528216751,native,53
2026-12-01,595,"Сорочка верхняя для мальчиков дошкольного возраста, шт.",0.00024,0.6830117574432011,0.00016392282178636828,native,29
2026-12-01,596,"Сорочка верхняя для мальчиков школьного возраста, шт.",0.0008899999999999,0.10356094145921191,9.216923789868823e-05,native,29
2026-12-01,597,"Сорочка верхняя мужская из хлопчатобумажных или смесовых тканей, шт.",0.00449,0.5730375950384858,0.0025729388017228013,native,29
2026-12-01,598,"Сорочка ночная женская, шт.",0.00105,0.42086780405218005,0.00044191119425478903,native,29
2026-12-01,599,"Сосиски, сардельки, кг",0.00553,0.40466559362574434,0.0022378007327503663,native,26
2026-12-01,601,"Спички, коробок",0.00059,1.3428572606285984,0.0007922857837708732,native,54
2026-12-01,602,"Стекло оконное листовое, м2",5e-05,0.6915046540772811,3.457523270386406e-05,native,38
2026-12-01,605,"Стирка и глажение белья прямого, кг",0.00081,0.5066233781845229,0.0004103649363294635,native,12
2026-12-01,606,"Стол обеденный, шт.",0.00356,0.5412659796075787,0.00192690688740298,native,20
2026-12-01,607,"Стол рабочий кухонный, шт.",0.00091,0.5599269460249727,0.0005095335208827251,native,20
2026-12-01,608,"Стрижка модельная в женском зале, стрижка",0.00549,0.5504409849086892,0.003021921007148704,native,12
2026-12-01,609,"Стрижка модельная в мужском зале, стрижка",0.0051,0.5351317300741154,0.002729171823377989,native,12
2026-12-01,610,"Стул с мягким сиденьем, шт.",0.00259,0.4588665805653753,0.001188464443664322,native,20
2026-12-01,616,"Сухие корма для домашних животных, кг",0.00104,0.5057973370556608,0.0005260292305378872,native,54
2026-12-01,617,"Сухие супы в пакетах, 100 г",0.00132,0.4713055560176552,0.0006221233339433049,native,53
2026-12-01,618,"Сухофрукты, кг",0.00073,0.6555396936407193,0.00047854397635772503,native,33
2026-12-01,620,"Сыры плавленые, кг",0.00187,0.823898120728866,0.0015406894857629794,native,39
2026-12-01,621,"Сыры твердые, полутвердые и мягкие, кг",0.00514,0.9039649137570505,0.004646379656711239,native,39
2026-12-01,622,"Табурет для кухни, шт.",0.00063,0.7231107842272708,0.0004555597940631806,native,20
2026-12-01,623,"Тарелка обеденная, шт.",0.00085,0.4081749396414571,0.0003469486986952385,native,54
2026-12-01,624,"Таурин, 4%, 5 мл",0.00036,0.2854856952815407,0.00010277485030135467,native,21
2026-12-01,628,"Театры, билет",0.00033,0.4403504979759516,0.00014531566433206402,native,46
2026-12-01,629,"Телевизор цветного изображения, шт.",0.00258,0.14558067094292731,0.00037559813103275246,native,41
2026-12-01,633,"Термометр медицинский электронный стандартный, шт.",6e-05,1.1222476297569925,6.733485778541956e-05,native,21
2026-12-01,634,"Тетрадь школьная, шт.",0.00029,0.7054927776799085,0.00020459290552717345,native,54
2026-12-01,636,"Ткани декоративные для изготовления штор и занавесей, м",0.0008,0.3620524434283925,0.000289641954742714,native,54
2026-12-01,638,"Ткани хлопчатобумажные бельевые, м",0.0001,0.393409919357443,3.9340991935744304e-05,native,54
2026-12-01,641,"Ткань костюмная шерстяная и полушерстяная, м",6e-05,0.3167547123509289,1.9005282741055736e-05,native,54
2026-12-01,642,"Ткань платьевая из искусственного или синтетического шелка, м",8e-05,0.5276127631240326,4.220902104992261e-05,native,54
2026-12-01,646,"Торты, кг",0.00277,0.6892387992132246,0.0019091914738206322,native,16
2026-12-01,647,"Трикотажная шапочка детская, шт.",0.00072,0.3991118538610667,0.00028736053477996804,native,43
2026-12-01,650,"Триммер электрический, шт.",0.00056,0.33251591633575417,0.00018620891314802233,native,15
2026-12-01,651,"Троксерутин, 2% гель, 40 г",0.0004,0.3572894267034186,0.00014291577068136746,native,21
2026-12-01,652,"Трусы детские, шт.",0.00043,0.5209226747964139,0.00022399675016245796,native,43
2026-12-01,653,"Трусы мужские, шт.",0.00145,0.021528578206306062,3.121643839914379e-05,native,43
2026-12-01,654,"Туалетная вода, 100 мл",0.00579,0.011841341524699012,6.856136742800727e-05,native,30
2026-12-01,655,"Туфли детские летние (сандалеты), пара",0.00076,-0.2015201521450265,-0.00015315531563022015,native,27
2026-12-01,659,"Туфли женские модельные с верхом из натуральной кожи, пара",0.00094,0.11673076079379222,0.00010972691514616469,native,27
2026-12-01,660,"Тушь для ресниц, шт.",0.00179,0.5155051793626562,0.0009227542710591545,native,30
2026-12-01,661,"Тюль, полотно гардинное, м",0.0022,0.3938004377537416,0.0008663609630582315,native,13
2026-12-01,663,"Удаление зуба под местным обезболиванием, удаление",0.00116,1.013909665444933,0.0011761352119161225,native,22
2026-12-01,664,"Удостоверение завещания в нотариальной конторе, услуга",0.00012,1.086684094255532,0.00013040209131066384,native,55
2026-12-01,665,"Ужин в ресторане, на 1 человека",0.00313,0.47588258482476115,0.0014895124905015024,native,28
2026-12-01,666,"Ультразвуковое исследование брюшной полости, исследование",0.00137,0.3667875216084914,0.0005024989046036332,native,22
2026-12-01,675,"Услуги организатора проведения торжеств, услуга",0.00247,0.2903443285121938,0.0007171504914251186,native,12
2026-12-01,678,"Услуги по воспитанию детей, предоставляемые наемным персоналом, час",0.00121,0.5774739702782474,0.0006987435040366793,native,12
2026-12-01,679,"Услуги по организации и выполнению работ по эксплуатации домов ЖК, ЖСК, ТСЖ, м2 общей площади",0.00526,0.22807079884429046,0.001199652401920968,native,14
2026-12-01,690,"Установка пластиковых окон, м2",0.0018,0.3199572306498078,0.000575923015169654,native,12
2026-12-01,691,"Устная консультация юриста по семейным вопросам, консультация",0.00011,0.02978236496713006,3.2760601463843064e-06,native,55
2026-12-01,692,"Учебник, учебное пособие, дидактический материал для общеобразовательной школы, шт.",0.00048,0.21473562152384026,0.00010307309833144332,native,32
2026-12-01,694,"Фарш мясной, кг",0.0094,0.40488092479101684,0.0038058806930355584,native,26
2026-12-01,695,"Физиотерапевтическое лечение, процедура",0.00014,0.1983147056220916,2.7764058787092822e-05,native,22
2026-12-01,697,"Филе рыбное, кг",0.00204,0.6809157375695947,0.0013890681046419733,native,34
2026-12-01,698,"Филе сельди соленое, кг",0.00065,0.8291952423822144,0.0005389769075484393,native,34
2026-12-01,699,"Флеш-накопитель USB, шт.",3e-05,0.6793827800731694,2.0381483402195084e-05,native,41
2026-12-01,701,"Фотоаппарат, шт.",0.00019,-0.9077023270475757,-0.0001724634421390394,native,54
2026-12-01,703,"Футболка детская, шт.",0.00049,0.4639078403608563,0.00022731484177681958,native,43
2026-12-01,704,"Халат женский, шт.",0.00119,0.658751085745294,0.0007839137920368998,native,29
2026-12-01,706,"Химчистка мужского костюма, шт.",0.00012,0.7524746966222448,9.029696359466938e-05,native,12
2026-12-01,710,"Хлеб из ржаной муки и из смеси муки ржаной и пшеничной, кг",0.00255,0.697214517395623,0.0017778970193588388,native,49
2026-12-01,711,"Хлопья из злаков (сухие завтраки), кг",0.00115,0.504665389967539,0.0005803651984626698,native,49
2026-12-01,712,"Холодильник двухкамерный, емкостью 250-360 л, шт.",0.00262,-0.10379576316898796,-0.0002719448995027485,native,51
2026-12-01,714,"Цемент тарированный, 50 кг",0.00066,0.4838516741947597,0.0003193421049685414,native,38
2026-12-01,716,"Чай черный байховый пакетированный, 25 пакетиков",0.00197,0.19958594292444223,0.00039318430756115117,native,50
2026-12-01,717,"Чай черный байховый, кг",0.00269,0.4005399734602958,0.0010774525286081956,native,50
2026-12-01,718,"Чайник, шт.",0.00102,0.020603630844187662,2.101570346107142e-05,native,54
2026-12-01,721,"Часы наручные, шт.",0.00028,0.49450837085567473,0.0001384623438395889,native,54
2026-12-01,722,"Чашка чайная с блюдцем, комплект",0.00028,0.47469897942501804,0.00013291571423900504,native,54
2026-12-01,723,"Чеснок, кг",0.00111,2.8355490672714603,0.003147459464671321,native,33
2026-12-01,726,"Шампунь, 250 мл",0.0019,0.26590356368945745,0.0005052167710099691,native,30
2026-12-01,727,"Шиномонтаж колес легкового автомобиля, услуга",0.00355,0.4926485535793359,0.0017489023652066426,native,12
2026-12-01,728,"Шины для легкового автомобиля, шт.",0.00355,0.5360144046872395,0.0019028511366397003,native,17
2026-12-01,729,"Шкаф-вешалка для прихожей, шт.",0.00078,0.717562320072193,0.0005596986096563105,native,20
2026-12-01,730,"Шкаф для платья и белья, шт.",0.0023,0.5506176404843516,0.0012664205731140086,native,20
2026-12-01,731,"Шкаф навесной кухонный (полка), двухстворчатый, шт.",0.00067,0.6283290589823884,0.00042098046951820025,native,20
2026-12-01,734,"Шоколад, кг",0.0034,1.2775125609504476,0.004343542707231521,native,16
2026-12-01,735,"Щетка зубная, шт.",0.00174,0.6589508304908653,0.0011465744450541058,native,13
2026-12-01,740,"Экскурсия автобусная, час",0.00112,0.4226898281762962,0.0004734126075574517,native,55
2026-12-01,741,"Электропылесос напольный, шт.",0.00185,0.9751794953062077,0.0018040820663164845,native,51
2026-12-01,742,"Электроутюг, шт.",0.00079,0.7392612098953945,0.0005840163558173616,native,51
2026-12-01,743,"Электрочайник, шт.",0.00058,0.4402106137872648,0.00025532215599661357,native,51
2026-12-01,744,"Электроэнергия в квартирах без электроплит сверх минимального объема потребления, в расчете за 100 кВт.ч",0.00107,0.16685490466759761,0.00017853474799432945,native,14
2026-12-01,745,"Электроэнергия в квартирах без электроплит за минимальный объем потребления, в расчете за 100 кВт.ч",0.00638,0.2510132401632205,0.001601464472241347,native,14
2026-12-01,746,"Электроэнергия в квартирах с электроплитами за минимальный объем потребления, в расчете за 100 кВт.ч",0.00315,0.24697136160838268,0.0007779597890664055,native,14
2026-12-01,747,"Электроэнергия в квартирах с электроплитами сверх минимального объема потребления, в расчете за 100 кВт.ч",0.00082,0.16177475972579158,0.0001326553029751491,native,14
2026-12-01,748,"Эналаприл, 5 мг, 10 таблеток",0.00035,0.022759320124078664,7.965762043427532e-06,native,21
2026-12-01,750,"Юбка для девочек школьного возраста из полушерстяных тканей, шт.",0.00076,0.646361777176625,0.000491234950654235,native,29
2026-12-01,751,"Юбка женская из полушерстяных или смесовых тканей, шт.",0.00203,0.5573452632504554,0.0011314108843984245,native,29
2026-12-01,753,"Яблоки, кг",0.00515,1.2659452201857808,0.006519617883956772,native,33
2026-12-01,754,"Яйца куриные, 10 шт.",0.00543,5.1484682780157245,0.027956182749625382,native,52
2026-12-01,786,"Поездка на отдых в Турцию, поездка",0.0004,0.2838046793917892,0.0001135218717567157,native,67
2026-12-01,795,"Варежки (перчатки) детские, пара",8e-05,0.4525312428146733,3.620249942517387e-05,native,43
2026-12-01,809,"Шарф шерстяной, полушерстяной или из смесовой пряжи для взрослых, шт.",0.00077,0.7772054389358932,0.0005984481879806378,native,43
2026-12-01,851,"Активированный уголь, 250 мг, 10 таблеток",0.00032,1.173456910410059,0.0003755062113312189,native,21
2026-12-01,958,"Чай зеленый, кг",0.00169,0.2695301603934941,0.00045550597106500503,native,50
2026-12-01,959,"Брюки женские из джинсовой ткани (джинсы), шт.",0.00282,0.42846107495416197,0.0012082602313707369,native,29
2026-12-01,960,"Носки женские, гольфы, пара",0.0007,0.3068609087288535,0.00021480263611019747,native,54
2026-12-01,961,"Пена для бритья, 200 мл",0.00085,1.0361633745247878,0.0008807388683460696,native,30
2026-12-01,962,Крем для рук,0.00117,0.1577135145131277,0.00018452481198035943,native,30
2026-12-01,963,"Бритвенные станки одноразовые, шт.",0.0008,0.34946945106096483,0.0002795755608487719,native,13
2026-12-01,964,"Лампа светодиодная, шт.",0.00026,1.2191614831181465,0.0003169819856107181,native,51
2026-12-01,965,"Моноблок, шт.",0.00092,0.5827085760510504,0.0005360918899669664,native,31
2026-12-01,966,"Годовая стоимость полиса обязательного страхования гражданской ответственности владельцев транспортных средств (ОСАГО), полис",0.0013,1.3623785314496564,0.0017710920908845533,native,55
2026-12-01,968,"Рюкзак для взрослых, шт.",0.00087,-0.6818082212313318,-0.0005931731524712586,native,13
2026-12-01,970,"Сливки питьевые, л",0.00112,0.8734023371765935,0.0009782106176377846,native,24
2026-12-01,971,"Зелень свежая, кг",0.00098,3.810109991287347,0.0037339077914616,native,33
2026-12-01,972,"Грибы свежие, кг",0.00119,3.879555049507055,0.004616670508913396,native,33
2026-12-01,973,"Ягоды замороженные, кг",0.00026,0.7737235794389736,0.00020116813065413312,native,33
2026-12-01,976,"Гель для душа, 250 мл",0.00105,0.8437666973189025,0.0008859550321848476,native,30
2026-12-01,977,"Мыло туалетное жидкое, 250 мл",0.00099,0.14338761663926078,0.00014195374047286816,native,30
2026-12-01,978,"Дезодорант, 50 мл",0.00092,0.8606104839691142,0.0007917616452515851,native,30
2026-12-01,979,"Кресло мягкое, шт.",0.00377,0.5254614571787563,0.001980989693563911,native,20
2026-12-01,980,"Матрас для взрослых, шт.",0.00306,1.2128143274612042,0.003711211842031285,native,20
2026-12-01,981,"Салфетки влажные, упаковка 20 шт.",0.00045,0.8693693103636948,0.00039121618966366265,native,54
2026-12-01,982,"Бумажные столовые салфетки, упаковка 10 шт.",0.00306,0.5328949493096279,0.0016306585448874612,native,54
2026-12-01,983,"Бумажные носовые платки, упаковка 10 шт.",0.00042,1.2532901110394838,0.0005263818466365832,native,54
2026-12-01,984,"Прокладки женские гигиенические, 10 шт.",0.00108,0.004558214890415302,4.922872081648526e-06,native,54
2026-12-01,985,"Наушники беспроводные, шт.",0.00189,0.8257850240964808,0.0015607336955423487,native,37
2026-12-01,987,"Цефтриаксон, 1 г",0.0004,-0.24236671350415306,-9.694668540166122e-05,native,21
2026-12-01,992,"Амлодипин, 10 мг, 10 таблеток",0.00035,0.9861108888888886,0.00034513881111111104,calendar_gap_in_required_features,21
2026-12-01,993,"Омепразол, 20 мг, 10 таблеток",0.0004,0.7733759326282474,0.000309350373051299,native,21
2026-12-01,994,"Хлоргексидин, 100 мл",0.00033,0.5883331666666665,0.00019414994499999992,short_history,21
2026-12-01,995,"Амоксициллин с клавулановой кислотой, 500 мг+125мг, 10 таблеток",0.00039,0.24766072204595097,9.658768159792087e-05,native,21
2026-12-01,996,"Ибупрофен, 200 мг, 10 таблеток",0.00049,1.1195302895561303,0.0005485698418825039,native,21
2026-12-01,997,"Шприцы одноразовые, шт.",6e-05,1.6799327492068956,0.00010079596495241374,native,21
2026-12-01,999,"Антисептик для рук, 100 мл",0.00017,0.9452021453961035,0.0001606843647173376,native,21
2026-12-01,1000,"Термометр медицинский безртутный (галинстановый), шт.",6e-05,0.6932129579830091,4.1592777478980546e-05,native,21
2026-12-01,1001,"Установка натяжного потолка, м2",0.00073,0.2783745363159258,0.0002032134115106258,native,12
2026-12-01,1002,"Услуги аренды автомобилей, час",0.00017,0.31049038312313326,5.278336513093266e-05,native,47
2026-12-01,1003,"Подписка на онлайн-видеосервисы, месяц",0.00766,0.46334683236954927,0.0035492367359507473,native,48
2026-12-01,1004,"Проживание в гостинице 1* или в мотеле, сутки с человека",5e-05,0.4571588228058734,2.285794114029367e-05,native,55
2026-12-01,1005,"Проживание в гостинице 2*, сутки с человека",4e-05,0.12968999824865168,5.187599929946067e-06,native,55
2026-12-01,1006,"Проживание в гостинице 3*, сутки с человека",0.00075,0.44917677154038604,0.00033688257865528953,native,55
2026-12-01,1007,"Проживание в гостинице 4*-5*, сутки с человека",0.00067,1.283088115845816,0.0008596690376166968,native,55
2026-12-01,1008,"Проживание в хостеле, сутки с человека",0.00061,1.2064544706095046,0.0007359372270717978,native,55
2026-12-01,1009,"Экскурсионные туры по России, поездка",0.00138,0.2581921269829685,0.00035630513523649655,native,55
2026-12-01,1011,"Поездка на отдых в ОАЭ, поездка",0.0004,-12.610000999999997,-0.005044000399999999,missing_current_observation,67
2026-12-01,1012,"Услуги сиделок, час",0.00046,0.35754509054210376,0.00016447074164936774,native,22
2026-12-01,1013,"Диагностика на магнитно-резонансном или компьютерном томографе, услуга",0.00045,0.2331989842195098,0.0001049395428987794,native,22
2026-12-01,1014,"Гастроскопия (ФГДС, ЭГДС), услуга",0.00059,0.7332120092420085,0.000432595085452785,native,22
2026-12-01,1020,"Аскорбиновая кислота, 50 мг, 100 драже",0.00028,2.235120535688573,0.0006258337499928003,native,21
2026-12-01,1024,"Валерианы экстракт, 20 мг, 10 таблеток",0.00029,1.727348461612276,0.0005009310538675601,native,21
2026-12-01,1025,"Газета в розницу, шт.",0.00024,0.75917442063932,0.0001822018609534368,native,32
2026-12-01,1030,"Клубная карта в фитнес-клуб, месяц",0.00185,0.9958912961183347,0.0018423988978189193,native,55
2026-12-01,1032,"Кроссовые туфли для взрослых, пара",0.00518,0.1842147518131178,0.0009542324143919502,native,27
2026-12-01,1035,"Метилурацил, 10 % мазь, 25 г",0.00037,0.09859794513369449,3.648123969946696e-05,native,21
2026-12-01,1037,"Мирамистин, 0,01%, 150 мл",0.00039,0.4331330389488231,0.000168921885190041,native,21
2026-12-01,1038,"Натрия хлорид, 0,9%, 100 мл",0.00039,0.5489897136512252,0.0002141059883239778,native,21
2026-12-01,1039,"Нафазолин, 0,1%, 15 мл",0.00044,0.26282474644357756,0.00011564288843517413,native,21
2026-12-01,1040,"Парацетамол, 500 мг, 10 таблеток",0.00039,1.1326958736204407,0.00044175139071197183,native,21
2026-12-01,1041,"Перекись водорода, 3%, 100 мл",0.00036,0.6594773944518877,0.00023741186200267958,native,21
2026-12-01,1042,"Пиво, л",0.00372,0.7913154822091942,0.0029436935938182028,native,11
2026-12-01,1043,"Поездка на отдых в Египет, поездка",0.0002,0.008379215738695711,1.6758431477391424e-06,native,67
2026-12-01,1045,"Ренгалин, 20 таблеток",0.0004,1.1745988848526467,0.0004698395539410587,native,21
2026-12-01,1046,"Сигареты с фильтром, пачка",0.0086599999999999,0.45744143673632437,0.003961442842136524,native,40
2026-12-01,1048,"Сумка женская, шт.",0.00138,-0.6877814100069064,-0.0009491383458095308,native,13
2026-12-01,1049,"Творог, кг",0.00591,1.220409068017597,0.0072126175919839984,native,24
2026-12-01,1050,"Туфли женские закрытые, пара",0.00196,-0.0560439958825029,-0.00010984623192970568,native,27
2026-12-01,1051,"Туфли женские летние, босоножки, пара",0.00356,0.2299865753703691,0.000818752208318514,native,27
2026-12-01,1054,"Хлеб и булочные изделия из пшеничной муки различных сортов, кг",0.00735,1.241448200389929,0.009124644272865978,native,49
2026-12-01,1055,"Цитрамон, 10 таблеток",0.00039,0.8412667351319641,0.00032809402670146604,native,21
2026-12-01,1060,"Поездки в страны Закавказья, поездка",0.00022,-0.040046575637267545,-8.81024664019886e-06,native,67
2026-12-01,1063,"Поездки в отдельные страны Средней Азии, поездка",4e-05,-10.15333422222222,-0.0004061333688888888,short_history,67
2026-12-01,1064,"Поездка в Беларусь, поездка",0.0001,-12.977779055555553,-0.0012977779055555554,short_history,67
2026-12-01,1065,"Поездки в отдельные страны Юго-Восточной Азии, поездка",0.00017,-0.45435654924597013,-7.724061337181493e-05,native,67
2026-12-01,1066,"Молоко питьевое цельное пастеризованное более 3,2% жирности, л",0.00142,1.3310771222498956,0.001890129513594852,native,24
2026-12-01,1067,"Творожок детский, кг",6e-05,0.6437130267002547,3.862278160201528e-05,native,24
2026-12-01,1068,"Молоко для детей, л",1e-05,0.6147914965844636,6.147914965844637e-06,native,24
2026-12-01,1069,"Сухие приправы, специи, кг",0.00139,1.6073657806129025,0.0022342384350519345,native,53
2026-12-01,1070,"Трикотажный головной убор для взрослых, шт.",0.00057,-0.4064446876110994,-0.00023167347193832666,native,43
2026-12-01,1071,"Крем детский, 100 г (100 мл)",0.00137,-0.19918321371873104,-0.0002728810027946615,native,30
2026-12-01,1072,"Чемодан, шт.",0.00108,-0.07774623890032933,-8.396593801235568e-05,native,13
2026-12-01,1073,"Бумага офисная, упаковка 500 листов",0.00015,0.25414311139831725,3.8121466709747586e-05,native,54
2026-12-01,1074,"Смарт-часы, шт.",0.00085,-1.827341262278655,-0.0015532400729368566,native,37
2026-12-01,1075,"Коньки, пара",0.00035,1.0907663860008356,0.00038176823510029247,native,54
2026-12-01,1076,"Гипсокартон, м2",0.00075,0.24903590491043115,0.00018677692868282337,native,38
2026-12-01,1077,"Кресло детское автомобильное, шт.",0.00056,0.608293845034561,0.0003406445532193541,native,17
2026-12-01,1078,"Соска (пустышка) детская, шт.",6e-05,0.5958318569439274,3.5749911416635644e-05,native,21
2026-12-01,1079,"Бутылочка для кормления, шт.",0.00066,0.07217195809725707,4.7633492344189665e-05,native,21
2026-12-01,1083,"Поездка на отдых на Черноморское побережье России и в Крым, поездка",0.00205,3.970399714548054,0.008139319414823511,native,55
2026-12-01,1086,"Горошек зеленый консервированный, кг",0.00081,0.15337927777777496,0.0001242372149999977,short_history,53
2026-12-01,1087,"Перец сладкий свежий, кг",0.00266,-0.045000055555556306,-0.00011970014777777978,short_history,33
2026-12-01,1088,"Робот-пылесос, шт.",0.00116,-0.8255573888888897,-0.0009576465711111121,short_history,51
2026-12-01,1091,"Валосердин, 25 мл",0.00033,0.5694442777777782,0.0001879166116666668,short_history,21
2026-12-01,1094,"Диклофенак, 15 мл",0.00038,1.1683332222222225,0.00044396662444444457,short_history,21
2026-12-01,1095,"Кардиомагнил, 100 таблеток",0.0004,0.5761111666666667,0.0002304444666666667,short_history,21
2026-12-01,1097,"Меновазин, 40 мл",0.00034,0.5183331111111108,0.0001762332577777777,short_history,21
2026-12-01,1099,"Пенталгин, 24 таблетки",0.00035,0.7650001111111114,0.000267750038888889,short_history,21
2026-12-01,1100,"Салициловая кислота, 40 мл",0.00031,1.2655553333333331,0.0003923221533333333,short_history,21
2026-12-01,1101,"Спазмалгон, 10 таблеток",0.0004,0.5705553333333336,0.00022822213333333345,short_history,21
2026-12-01,1105,Воздушный и железнодорожный транспорт,0.00569,1.7199999999999989,0.009786799999999993,missing_current_observation,47
2026-12-01,1107,"Печень птицы, кг",0.00225,0.5361112222222223,0.0012062502500000002,short_history,26
2026-12-01,1108,"Кефир, кг",0.00427,1.568888777777777,0.006699155081111108,short_history,24
2026-12-01,1109,"Сырки творожные, глазированные, кг",0.00124,1.8555554999999988,0.0023008888199999985,short_history,24
2026-12-01,1110,"Вода питьевая, л",0.00157,0.14615694444444216,0.0002294664027777742,short_history,53
2026-12-01,1111,"Жидкие средства для стирки, л",0.00146,0.5105552777777783,0.0007454107055555563,short_history,25
2026-12-01,1112,"Помада, шт.",0.00092,-0.8266688333333323,-0.0007605353266666657,short_history,30
2026-12-01,1113,"Блоки строительные, 1000 шт.",0.00028,-0.1527773888888891,-4.277766888888894e-05,short_history,38
2026-12-01,1114,"Компримированный природный газ, м3",0.00189,-5.198887888888885,-0.009825898109999993,short_history,42
2026-12-01,1115,"Хлоропирамин, 10 таблеток",0.00036,0.5688889444444448,0.00020480002000000015,short_history,21
2026-12-01,1116,"Цетиризин, 10 таблеток",0.00037,0.5716666111111108,0.000211516646111111,short_history,21
2026-12-01,1117,"Интерферон альфа-2В, 10 мл",0.00039,0.4655555555555553,0.00018156666666666656,short_history,21
2026-12-01,1118,"Метопролол, 10 таблеток",0.00046,0.29333294444444546,0.00013493315444444492,short_history,21
2026-12-01,1119,"Спиронолактон, 10 таблеток",0.00035,0.3644442222222221,0.00012755547777777774,short_history,21
2026-12-01,1120,"Лозартан, 10 таблеток",0.0004,0.6866665000000004,0.00027466660000000017,short_history,21
2026-12-01,1121,"Аторвастатин, 10 таблеток",0.0004,0.583888833333333,0.0002335555333333332,short_history,21
2026-12-01,1122,"Мелоксикам, 10 таблеток",0.00038,0.43499972222222283,0.0001652998944444447,short_history,21
2026-12-01,1123,"Кеторолак, 10 таблеток",0.00042,1.3833332222222219,0.0005809999533333332,short_history,21
2026-12-01,1124,"Розувастатин, 10 таблеток",0.00034,0.5266663333333328,0.00017906655333333317,short_history,21
2026-12-01,1125,"Алтея лекарственного травы экстракт, 10 таблеток",0.00041,0.4155555555555558,0.00017037777777777788,short_history,21
2026-12-01,1126,"Римантадин, 10 таблеток",0.00032,0.3355551666666672,0.0001073776533333335,short_history,21
2026-12-01,1127,"Погребение, услуга",0.00034,0.3188888888888941,0.00010842222222222401,short_history,12
2026-12-01,1128,"Курьерская доставка, услуга",0.00012,0.47579733333332785,5.7095679999999344e-05,short_history,55
2026-12-01,1129,"Междугородная телефонная связь, минута",0.00019,0.4505558333333326,8.56056083333332e-05,short_history,48
2026-12-01,1131,"Вода минеральная, л",0.00085,0.38115705555555324,0.00032398349722222023,short_history,53
2027-01-01,101,"Абонентская плата за доступ к сети Интернет, месяц",0.0085699999999999,0.1569157266560172,0.0013447677774420517,native,48
2027-01-01,103,"Абонентская плата за неограниченный объем местных телефонных соединений, месяц",0.00026,0.3264111925631494,8.486691006641883e-05,native,48
2027-01-01,104,"Абонентская плата за пакет услуг сотовой связи, месяц",0.01009,0.393488820922103,0.00397030220310402,native,48
2027-01-01,106,"Абонентская плата за телевизионную антенну, месяц",0.00219,0.508040960118406,0.0011126097026593093,native,48
2027-01-01,107,"Абонентская плата при комбинированной системе оплаты услуг местной телефонной связи, месяц",0.00022,0.33843780943540824,7.445631807578982e-05,native,48
2027-01-01,109,"Авторучка шариковая, шт.",0.00063,0.7963255347951363,0.0005016850869209359,native,54
2027-01-01,112,"Альбом для рисования, шт.",0.00023,0.15883977828253365,3.653314900498274e-05,native,54
2027-01-01,113,"Амброксол, 30 мг, 10 таблеток",0.00035,0.757598360182334,0.0002651594260638169,native,21
2027-01-01,115,"Апельсины, кг",0.00434,-2.5773471345336274,-0.011185686563875943,native,33
2027-01-01,116,"Аппарат для измерения артериального давления электронный, шт.",0.0002,0.42082165215850276,8.416433043170056e-05,native,21
2027-01-01,117,"Аренда двухкомнатной квартиры у частных лиц, месяц",0.00506,0.44379679441745357,0.002245611779752315,native,14
2027-01-01,118,"Аренда индивидуального банковского сейфа, в расчете на месяц",0.00011,-0.23971489187534156,-2.6368638106287572e-05,native,55
2027-01-01,119,"Аренда однокомнатной квартиры у частных лиц, месяц",0.00435,0.48692914808907595,0.00211814179418748,native,14
2027-01-01,120,"Ацетилсалициловая кислота (Аспирин отечественный), 500 мг, 10 таблеток",0.00029,1.333356439506618,0.0003866733674569192,native,21
2027-01-01,121,"Бананы, кг",0.00418,4.190307830198148,0.017515486730228257,native,33
2027-01-01,122,"Баранина (кроме бескостного мяса), кг",0.00651,0.9009191965288876,0.0058649839694030585,native,26
2027-01-01,123,"Бараночные изделия, кг",0.00116,0.49594335016020274,0.0005752942861858352,native,49
2027-01-01,124,"Батарейки электрические типа АА, шт.",0.00019,0.4484382353788828,8.520326472198773e-05,native,51
2027-01-01,126,"Белье для новорожденных и детей ясельного возраста, шт.",0.00028,0.755565268845442,0.00021155827527672373,native,29
2027-01-01,130,"Бензин автомобильный марки АИ-92, л",0.01023,-5.701479502140121,-0.05832613530689343,native,42
2027-01-01,131,"Бензин автомобильный марки АИ-95, л",0.01543,-6.136877543018535,-0.094692020488776,native,42
2027-01-01,132,"Бензин автомобильный марки АИ-98, л",0.00117,0.5134027572128634,0.0006006812259390503,native,42
2027-01-01,134,"Бинт, шт.",4e-05,0.30321521372167126,1.2128608548866851e-05,native,21
2027-01-01,135,"Бисопролол, 10 мг, 10 таблеток",0.00039,0.73730600666888,0.0002875493426008632,native,21
2027-01-01,136,"Блузка для девочек школьного возраста, шт.",0.00106,-0.03069852993677044,-3.2540441732976664e-05,native,29
2027-01-01,137,"Блузка женская, шт.",0.00257,0.443057727008161,0.0011386583584109737,native,29
2027-01-01,138,"Ботинки, полуботинки для детей дошкольного возраста, пара",0.00078,0.19505184173686352,0.00015214043655475355,native,27
2027-01-01,139,"Ботинки, полуботинки для детей школьного возраста, пара",0.0012,0.15358513716719352,0.0001843021646006322,native,27
2027-01-01,141,"Брюки для детей школьного возраста из джинсовой ткани, шт.",0.00098,0.24227615468719804,0.00023743063159345409,native,29
2027-01-01,142,"Брюки для детей школьного возраста из полушерстяных тканей, шт.",0.00088,0.21189575912857506,0.00018646826803314604,native,29
2027-01-01,143,"Брюки женские из полушерстяных или смесовых тканей, шт.",0.00204,0.4036410637820503,0.0008234277701153827,native,29
2027-01-01,144,"Брюки мужские из джинсовой ткани (джинсы), шт.",0.00408,0.18249015942313185,0.000744559850446378,native,29
2027-01-01,145,"Брюки мужские из полушерстяных или смесовых тканей, шт.",0.00183,0.46157589688544043,0.000844683891300356,native,29
2027-01-01,146,"Булочные изделия сдобные из муки высшего сорта штучные, кг",0.00169,0.8498202612074068,0.0014361962414405176,native,49
2027-01-01,147,"Бумага туалетная, рулон",0.00099,1.5692851305997215,0.0015535922792937243,native,54
2027-01-01,149,"Бюстгальтер, шт.",0.00143,0.461061360523288,0.0006593177455483019,native,13
2027-01-01,150,"Валидол, 60 мг, 10 таблеток",0.00032,3.791698888533432,0.0012133436443306984,native,21
2027-01-01,152,"Варенье, джем, повидло, кг",0.00113,0.25084985849700636,0.0002834603401016172,native,53
2027-01-01,154,"Вата отечественная, 100 г",0.00014,1.2373431807900586,0.00017322804531060817,native,21
2027-01-01,155,"Велосипед для дошкольников, шт.",0.00107,0.6682394632168387,0.0007150162256420174,native,54
2027-01-01,156,"Велосипед дорожный для взрослых, шт.",0.00059,0.39892401274467354,0.0002353651675193574,native,54
2027-01-01,158,"Вермишель, кг",0.00142,0.5507327768042349,0.0007820405430620137,native,18
2027-01-01,162,"Взносы на капитальный ремонт, м2",0.00784,1.2425872108153118,0.009741883732792044,native,14
2027-01-01,164,"Вино виноградное крепленое, л",0.00134,0.4447736330630103,0.0005959966683044338,native,11
2027-01-01,165,"Вино виноградное столовое, л",0.00172,0.5271787622103374,0.0009067474710017804,native,11
2027-01-01,166,"Вино игристое отечественное, л",0.00136,0.5371065927834809,0.0007304649661855341,native,11
2027-01-01,167,"Виноград, кг",0.00338,7.839488126357471,0.026497469867088255,native,33
2027-01-01,171,"Водка, л",0.0033,0.9430417296462401,0.0031120377078325922,native,11
2027-01-01,172,"Водоотведение, м3",0.00325,-0.09842111045145588,-0.0003198686089672316,native,14
2027-01-01,173,"Водоснабжение горячее, м3",0.00592,0.03352776531345769,0.00019848437065566953,native,14
2027-01-01,174,"Водоснабжение холодное, м3",0.0053,0.07539978236468314,0.00039961884653282064,native,14
2027-01-01,181,"Выполнение обойных работ, 10 м2",0.00103,1.069469653403297,0.001101553743005396,native,12
2027-01-01,182,"Выполнение работ по облицовке кафельной плиткой, м2",0.00119,0.8217775340478636,0.0009779152655169578,native,12
2027-01-01,184,"Газ сетевой, м3",0.01097,0.16027644362797142,0.0017582325865988465,native,14
2027-01-01,185,"Газ сетевой, месяц с человека",0.0095,0.15864429928116403,0.0015071208431710582,native,14
2027-01-01,189,"Газовое моторное топливо, л",0.00226,-2.460173468881414,-0.005559992039671995,native,42
2027-01-01,195,"Говядина (кроме бескостного мяса), кг",0.01634,0.7463009979950533,0.012194558307239171,native,26
2027-01-01,196,"Говядина бескостная, кг",0.01193,0.7826363185942825,0.00933685128082979,native,26
2027-01-01,197,"Годовая стоимость полиса добровольного страхования жилья от стандартных рисков, полис",0.00027,0.4687945677283143,0.00012657453328664486,native,55
2027-01-01,198,"Годовая стоимость полиса добровольного страхования легкового автомобиля от стандартных рисков (КАСКО), полис",0.00223,0.8284386776089561,0.0018474182510679722,native,55
2027-01-01,203,"Горох и фасоль, кг",0.00191,0.30522448658094026,0.0005829787693695959,native,18
2027-01-01,204,"Груши, кг",0.00292,3.581276546150688,0.01045732751476001,native,33
2027-01-01,205,"Джемпер для детей школьного возраста, шт.",0.00045,0.3280403837243491,0.0001476181726759571,native,43
2027-01-01,206,"Джемпер женский, шт.",0.00129,0.6471329990791382,0.0008348015688120883,native,43
2027-01-01,207,"Джемпер мужской, шт.",0.00127,0.4048666598434951,0.0005141806580012388,native,43
2027-01-01,208,"Диван-кровать, шт.",0.00253,0.368315847961078,0.0009318390953415275,native,20
2027-01-01,209,"Дизельное топливо, л",0.00286,-0.06692423001211345,-0.0001914032978346445,native,42
2027-01-01,210,"Дом отдыха, пансионат, день",0.00177,5.760000000000005,0.01019520000000001,short_history,35
2027-01-01,211,"Дополнительные занятия в государственных и муниципальных общеобразовательных организациях очной формы обучения, академический час",0.00031,0.08061937768523209,2.4992007082421947e-05,native,44
2027-01-01,212,"Дополнительные занятия для детей дошкольного возраста, академический час",0.00189,0.25203691393733213,0.00047634976734155774,native,44
2027-01-01,213,"Доска обрезная, м3",0.00153,0.13184673711225173,0.00020172550778174513,native,38
2027-01-01,214,"Дрель электрическая, шт.",0.00056,0.6455502535644402,0.00036150814199608646,native,15
2027-01-01,216,"Дротаверин (Но-шпа), 40 мг, 100 таблеток",0.00039,1.0163838801903882,0.0003963897132742514,native,21
2027-01-01,218,"Еврошифер, 10 м2",0.00011,0.18750500261023476,2.0625550287125823e-05,native,38
2027-01-01,221,"Жевательная резинка, упаковка",0.00016,0.24503190129091146,3.920510420654584e-05,native,16
2027-01-01,223,"Жидкие чистящие и моющие средства, л",0.00353,0.7716549091041209,0.002723941829137547,native,25
2027-01-01,228,"Занятия в плавательных бассейнах, месяц",0.00091,0.4786490330201618,0.0004355706200483473,native,55
2027-01-01,229,"Занятия на курсах иностранных языков, академический час",0.00156,0.4191727976802969,0.0006539095643812632,native,44
2027-01-01,230,"Занятия на курсах профессионального обучения, академический час",0.00123,0.12201737014900277,0.0001500813652832734,native,44
2027-01-01,231,"Земля для растений, л",0.00027,0.43845048396330555,0.0001183816306700925,native,54
2027-01-01,232,"Зеркало навесное для ванной комнаты, шт.",0.00125,0.2027966494511833,0.0002534958118139791,native,20
2027-01-01,233,"Зефир, пастила, кг",0.00143,0.5782225436020655,0.0008268582373509536,native,16
2027-01-01,234,"Зонт, шт.",0.00109,0.6402920122853182,0.0006979182933909969,native,13
2027-01-01,236,"Игрушки мягкие, шт.",0.00012,0.5413182166928481,6.495818600314177e-05,native,54
2027-01-01,237,"Игрушки пластмассовые для детей ясельного возраста, шт.",0.00039,0.7066236883466313,0.0002755832384551862,native,54
2027-01-01,238,"Изготовление гроба, шт.",0.00038,0.3410915281731004,0.00012961478070577817,native,12
2027-01-01,239,"Изготовление коронки, шт.",0.00131,0.5486161226679406,0.0007186871206950021,native,22
2027-01-01,240,"Изготовление съёмного протеза, протез",0.00127,0.6713573388564191,0.0008526238203476524,native,22
2027-01-01,241,"Изготовление фотографий для документов, 4 шт.",0.00011,0.5944777603002374,6.539255363302612e-05,native,12
2027-01-01,243,"Икра лососевых рыб, отечественная, кг",0.00046,0.9282926662100008,0.0004270146264566004,native,34
2027-01-01,244,"Индапамид, 2,5 мг, 10 таблеток",0.00035,-0.38777833333333767,-0.0001357224166666682,calendar_gap_in_required_features,21
2027-01-01,245,"Йогурт, 125 г",0.00113,0.8909339523634403,0.0010067553661706875,native,24
2027-01-01,246,"Йод, 10 мл",0.00036,1.3121406428229925,0.00047237063141627734,native,21
2027-01-01,247,"Какао, кг",0.00055,1.105467942782487,0.0006080073685303678,native,50
2027-01-01,248,"Кальмары мороженые, кг",0.00023,1.0141698987678378,0.0002332590767166027,native,34
2027-01-01,249,"Капуста белокочанная свежая, кг",0.00236,6.776073958977093,0.01599153454318594,native,33
2027-01-01,250,"Карамель, кг",0.00369,0.4237513892081614,0.0015636426261781157,native,16
2027-01-01,251,"Карандаш чернографитный, шт.",0.00034,1.3728664773811405,0.0004667746023095878,native,54
2027-01-01,252,"Картофель, кг",0.00612,5.561519323776922,0.03403649826151476,native,33
2027-01-01,253,"Кастрюля из эмалированной или нержавеющей стали, шт.",0.00178,0.2827407440684681,0.0005032785244418732,native,54
2027-01-01,254,"Кексы, рулеты, кг",0.00333,0.6314665121975751,0.002102783485617925,native,16
2027-01-01,256,"Кетчуп, кг",0.00182,0.6450084849689819,0.001173915442643547,native,53
2027-01-01,257,"Кинотеатры, билет",0.00023,0.8037244300967463,0.00018485661892225167,native,46
2027-01-01,258,"Кирпич красный, 1000 шт.",0.00015,0.33307785210580176,4.996167781587026e-05,native,38
2027-01-01,259,"Кисломолочные продукты, кг",0.00311,0.9972366069099988,0.003101405847490096,native,24
2027-01-01,260,"Клинический осмотр животного, посещение",0.00037,0.5122104385631177,0.00018951786226835353,native,55
2027-01-01,261,"Книга художественная, шт.",0.00028,0.24319829780899632,6.809552338651897e-05,native,32
2027-01-01,263,"Ковер, ковровое покрытие (палас) синтетический, м2",0.00279,0.5431578449991186,0.0015154103875475407,native,54
2027-01-01,265,"Колбаса вареная, кг",0.00464,0.8141964329396951,0.0037778714488401854,native,26
2027-01-01,266,"Колбаса полукопченая и варено-копченая, кг",0.00298,0.28526967035725687,0.0008501036176646254,native,26
2027-01-01,267,"Колбаса сырокопченая, кг",0.00053,-0.05346175322195873,-2.8334729207638127e-05,native,26
2027-01-01,271,"Колготки детские, шт.",0.00035,0.5941173750749658,0.00020794108127623803,native,54
2027-01-01,272,"Колготки женские эластичные, шт.",0.00127,1.0274551320482799,0.0013048680177013155,native,54
2027-01-01,273,"Кольцо обручальное золотое, грамм",0.00353,1.2871383159293028,0.0045435982552304395,native,54
2027-01-01,274,"Коляска для новорожденного, шт.",0.00064,0.32937007938567653,0.000210796850806833,native,13
2027-01-01,275,"Комбинезон (костюм) утепленный для детей дошкольного возраста, шт.",0.00047,-0.27240647160083964,-0.00012803104165239464,native,29
2027-01-01,276,"Комбинезон утепленный для детей до одного года, шт.",0.00038,0.8752408308367456,0.00033259151571796337,native,29
2027-01-01,280,"Комплект постельного белья полутораспальный из хлопчатобумажной ткани, комплект",0.0027,0.4132141714067923,0.0011156782627983392,native,29
2027-01-01,281,"Комплект столовых приборов, комплект на 1 человека",0.00028,0.7209207643762134,0.00020185781402533976,native,54
2027-01-01,282,"Компьютер персональный переносной (ноутбук), шт.",0.00185,0.4430763875693142,0.0008196913170032314,native,31
2027-01-01,283,"Компьютер планшетный, шт.",0.00162,-0.522502572825861,-0.0008464541679778948,native,31
2027-01-01,285,"Консервы мясные для детского питания, кг",3e-05,-0.021514448700921368,-6.45433461027641e-07,native,26
2027-01-01,286,"Консервы мясные, 350 г",0.00041,0.8345000733844965,0.00034214503008764356,native,26
2027-01-01,288,"Консервы овощные для детского питания, кг",8e-05,0.8670572997803583,6.936458398242867e-05,native,53
2027-01-01,290,"Консервы рыбные в томатном соусе, 350 г",0.0005,0.9486359548748595,0.00047431797743742975,native,34
2027-01-01,291,"Консервы рыбные натуральные и с добавлением масла, 350 г",0.0013,0.8895788205988531,0.001156452466778509,native,34
2027-01-01,292,"Консервы томатные, кг",0.00128,0.7934153095698204,0.0010155715962493702,native,53
2027-01-01,294,"Консервы фруктово-ягодные для детского питания, кг",9e-05,0.9134766804882577,8.22129012439432e-05,native,53
2027-01-01,295,"Конструктор детский пластмассовый, набор",0.00029,0.36086953247168535,0.00010465216441678875,native,54
2027-01-01,296,"Конфеты мягкие, глазированные шоколадом, кг",0.00332,0.38070305511115604,0.001263934142969038,native,16
2027-01-01,298,"Конфеты шоколадные натуральные и с добавками, кг",0.003,0.8468914360395517,0.0025406743081186553,native,16
2027-01-01,301,"Коньяк ординарный отечественный, л",0.00278,0.3525703346177208,0.0009801455302372638,native,11
2027-01-01,302,"Корвалол, 25 мл",0.00039,1.1716422968353881,0.0004569404957658014,native,21
2027-01-01,303,"Корригирующие очки, шт.",0.00097,0.4146648046000453,0.000402224860462044,native,21
2027-01-01,304,"Костюм-двойка мужской из шерстяных, полушерстяных или смесовых  тканей, шт.",0.00255,0.3025422426883733,0.0007714827188553521,native,29
2027-01-01,305,"Костюм спортивный для взрослых, шт.",0.00175,0.5248489909022438,0.0009184857340789267,native,43
2027-01-01,306,"Костюм спортивный для детей школьного возраста, шт.",0.00141,0.48154148548448084,0.0006789734945331179,native,43
2027-01-01,307,"Костюм трикотажный для детей ясельного возраста, шт.",0.00037,0.36413135791797463,0.0001347286024296506,native,43
2027-01-01,309,"Кофе в организациях быстрого обслуживания, 200 г",0.00148,0.4830356098170229,0.000714892702529194,native,28
2027-01-01,310,"Кофе натуральный в зернах и молотый, кг",0.00406,0.4366910453823429,0.0017729656442523121,native,50
2027-01-01,311,"Кофе натуральный растворимый, кг",0.00547,0.9718766166610286,0.005316165093135827,native,50
2027-01-01,312,"Краска для волос, шт.",0.00069,0.7674200436096519,0.0005295198300906597,native,30
2027-01-01,313,"Краски масляные, эмали отечественные, кг",0.00097,0.8660609951608742,0.000840079165306048,native,38
2027-01-01,314,"Креветки мороженые неразделанные, кг",0.00036,0.7153837183609499,0.000257538138609942,native,34
2027-01-01,315,"Крем для лица, 100 г (100 мл)",0.00159,0.8098159940520462,0.0012876074305427534,native,30
2027-01-01,316,"Кровать для новорожденных,шт.",0.00051,0.5076708009066425,0.0002589121084623877,native,20
2027-01-01,319,"Кроссовые туфли для детей с верхом из искусственной кожи, пара",0.00156,0.3522332139534409,0.0005494838137673679,native,27
2027-01-01,320,"Крупа гречневая-ядрица, кг",0.00337,1.34130773477037,0.004520207066176147,native,18
2027-01-01,322,"Крупа манная, кг",0.00059,1.1098876025891116,0.0006548336855275759,native,18
2027-01-01,323,"Крупы овсяная и перловая, кг",0.00032,0.23468413848995606,7.509892431678594e-05,native,18
2027-01-01,324,"Ксерокопирование документа, лист",0.0009,0.7428863067583669,0.0006685976760825302,native,55
2027-01-01,325,"Ксилометазолин (Галазолин) 0,1%, 10 мл",0.00051,0.609381299853075,0.00031078446292506827,native,21
2027-01-01,326,"Кулинарные изделия из птицы, кг",0.00167,0.8061634601148752,0.0013462929783918415,native,26
2027-01-01,327,"Куртка для детей дошкольного возраста с верхом из плащевых тканей утепленная, шт.",0.00088,-0.13564435148803988,-0.0001193670293094751,native,29
2027-01-01,328,"Куртка для детей школьного возраста с верхом из плащевых тканей утепленная, шт.",0.00084,0.3256446041125741,0.0002735414674545623,native,29
2027-01-01,329,"Куртка женская без утеплителя (ветровка), шт.",0.00271,0.40411589041558516,0.0010951540630262358,native,29
2027-01-01,330,"Куртка мужская без утеплителя (ветровка), шт.",0.00269,0.1833805136572954,0.0004932935817381247,native,29
2027-01-01,331,"Куртка мужская из натуральной кожи, шт.",0.00068,0.33226477915880537,0.00022594004982798768,native,29
2027-01-01,332,"Куртка мужская с верхом из плащевых тканей утепленная, шт.",0.00192,-0.020595232309520324,-3.9542846034279026e-05,native,29
2027-01-01,333,"Куры охлажденные и мороженые, кг",0.00958,0.4325496660777418,0.004143825801024767,native,26
2027-01-01,334,"Ламинат, м2",0.00167,0.3942856017049633,0.0006584569548472888,native,38
2027-01-01,335,"Лампа электрическая осветительная, шт.",0.00019,0.6179592240274177,0.00011741225256520935,native,51
2027-01-01,336,"Лампа энергосберегающая, шт.",0.00022,-0.3328121449913285,-7.321867189809227e-05,native,51
2027-01-01,337,"Левомеколь, мазь, 40 г",0.00041,1.046358831264294,0.0004290071208183605,native,21
2027-01-01,338,"Легковой автомобиль импортный подержанный, шт.",0.01012,0.5175811127035385,0.005237920860559809,native,17
2027-01-01,339,"Легковой автомобиль иностранной марки новый, шт.",0.00959,1.0988886666666602,0.01053834231333327,insufficient_training_rows,17
2027-01-01,340,"Легковой автомобиль отечественный новый, шт.",0.00753,0.5036935893937473,0.0037928127281349174,native,17
2027-01-01,341,"Лечебный массаж, сеанс",0.00013,0.35947902819769517,4.673227366570037e-05,native,22
2027-01-01,342,"Лечение кариеса, пломба",0.00221,0.6259597196928703,0.0013833709805212435,native,22
2027-01-01,343,"Лимоны, кг",0.00185,-0.14369366635057923,-0.0002658332827485716,native,33
2027-01-01,345,"Линолеум, м2",0.00085,0.5688996427130469,0.00048356469630608985,native,38
2027-01-01,346,"Лопата садовая, шт.",0.00015,0.5372921609402821,8.059382414104231e-05,native,54
2027-01-01,347,"Лоперамид, 2 мг, 10 капсул (таблеток)",0.00036,-0.03281751781263905,-1.181430641255006e-05,native,21
2027-01-01,349,"Лук репчатый, кг",0.00236,6.028978829416168,0.014228390037422158,native,33
2027-01-01,350,"Майка, футболка женская бельевая, шт.",0.00079,0.45007970716126755,0.0003555629686574014,native,43
2027-01-01,351,"Майка, футболка мужская бельевая, шт.",0.00151,0.7413589212201876,0.0011194519710424834,native,43
2027-01-01,352,"Майонез, кг",0.00223,0.9646287323489057,0.00215112207313806,native,53
2027-01-01,354,"Макаронные изделия из пшеничной муки высшего сорта, кг",0.00382,0.6856590474780375,0.0026192175613661034,native,18
2027-01-01,355,"Маникюр,услуга",0.0057,0.44261541115972397,0.0025229078436104268,native,12
2027-01-01,357,"Маргарин, кг",0.0008,0.5087535409473991,0.0004070028327579193,native,19
2027-01-01,358,"Масло оливковое, л",0.00257,0.3686664050411196,0.0009474726609556772,native,19
2027-01-01,359,"Масло подсолнечное, кг",0.00543,0.524701000734321,0.002849126433987363,native,19
2027-01-01,360,"Масло сливочное, кг",0.00872,1.221343968466551,0.010650119405028325,native,19
2027-01-01,362,"Матрас детский, шт.",0.00051,0.4445785215415269,0.00022673504598617872,native,20
2027-01-01,363,"Машина стиральная автоматическая, шт.",0.0019,0.5961398211068406,0.0011326656601029972,native,51
2027-01-01,365,"Мёд пчелиный натуральный, кг",0.00469,0.6556899621818151,0.0030751859226327127,native,53
2027-01-01,369,"Металлочерепица, м2",0.00052,0.26074592853390477,0.00013558788283763048,native,38
2027-01-01,370,"Метамизол натрия (Анальгин отечественный), 500 мг, 10 таблеток",0.00036,0.777816892652351,0.0002800140813548464,native,21
2027-01-01,373,"Миксер, блендер, шт.",0.00176,0.48539179684270406,0.0008542895624431592,native,51
2027-01-01,374,"Мойка из нержавеющей стали для кухни, шт.",0.00182,0.20242264359710024,0.00036840921134672245,native,38
2027-01-01,375,"Мойка легкового автомобиля, услуга",0.00529,0.7714408936374202,0.004080922327341953,native,12
2027-01-01,378,"Молоко питьевое цельное пастеризованное 2,5-3,2% жирности, л",0.00302,1.175226236203091,0.003549183233333335,native,24
2027-01-01,379,"Молоко питьевое цельное стерилизованное 2,5-3,2% жирности, л",0.00232,1.1422919308080814,0.002650117279474749,native,24
2027-01-01,380,"Молоко сгущенное с сахаром, 400 г",0.00113,0.5137530840826743,0.0005805409850134219,native,24
2027-01-01,381,"Монитор для настольного компьютера, шт.",0.00052,0.38791350370350036,0.00020171502192582017,native,31
2027-01-01,382,"Морковь, кг",0.0021,5.288299953351883,0.011105429902038954,native,33
2027-01-01,384,"Мороженое сливочное, кг",0.00491,0.5479387331173767,0.00269037917960632,native,53
2027-01-01,386,"Музеи и выставки, билет",9e-05,0.19743237732910782,1.7768913959619703e-05,native,46
2027-01-01,388,"Мука пшеничная, кг",0.00424,0.8743858559104679,0.003707396029060384,native,53
2027-01-01,389,"Мыло туалетное, 100 г",0.00099,0.9342808017964302,0.0009249379937784659,native,25
2027-01-01,390,"Мыло хозяйственное, 200 г",0.00174,0.7124952486327657,0.0012397417326210124,native,25
2027-01-01,393,"Мясо индейки, кг",0.00424,0.8869537759431184,0.003760684009998822,native,26
2027-01-01,395,"Мясокопчености, кг",0.00303,0.6781757467124092,0.0020548725125386,native,26
2027-01-01,396,"Мяч футбольный, шт.",0.00026,0.3625451691301386,9.426174397383604e-05,native,54
2027-01-01,397,"Набор корпусной мебели, комплект",0.00062,0.5358693520212963,0.0003322389982532037,native,20
2027-01-01,399,"Набор фломастеров, набор",0.00032,0.42686971104223786,0.00013659830753351613,native,54
2027-01-01,400,"Наём жилых помещений в государственном и муниципальном жилищных фондах, м2 общей площади",0.00012,13.23918778872152,0.0015887025346465824,native,14
2027-01-01,402,"Напитки газированные, л",0.00389,0.6625883394699917,0.0025774686405382677,native,53
2027-01-01,404,"Национальные сыры и брынза, кг",0.00741,0.7042156020099299,0.005218237610893581,native,39
2027-01-01,405,"Начальный курс обучения вождению легкового автомобиля, курс",0.00108,0.7754775079695251,0.0008375157086070871,native,44
2027-01-01,406,"Нимесулид, 100 мг, 10 таблеток",0.0004,0.9718978240129472,0.0003887591296051789,native,21
2027-01-01,408,"Нитки швейные, катушка",0.00011,0.7134477448729729,7.847925193602702e-05,native,54
2027-01-01,410,"Носки мужские, пара",0.00108,0.5966991107798576,0.0006444350396422463,native,54
2027-01-01,411,"Носки, гольфы детские, пара",0.00017,0.25908986186491184,4.4045276517035014e-05,native,54
2027-01-01,412,"Обед в ресторане, на 1 человека",0.00201,0.7271671579126526,0.0014616059874044318,native,28
2027-01-01,413,"Обед в столовой, кафе, закусочной (кроме столовой в организации), на 1 человека",0.00697,0.7156639019108735,0.004988177396318788,native,28
2027-01-01,415,"Обои виниловые, 10 м",0.00248,0.641052613190579,0.001589810480712636,native,38
2027-01-01,416,"Обращение с твердыми коммунальными отходами, с человека",0.00398,0.0793565103948754,0.0003158389113716041,native,14
2027-01-01,420,"Обувь домашняя с текстильным верхом для взрослых, пара",0.00161,0.34618246263250707,0.0005573537648383365,native,27
2027-01-01,421,"Обувь домашняя с текстильным верхом для детей, пара",0.00017,0.6489151645585669,0.00011031557797495638,native,27
2027-01-01,426,"Обучение в государственных и муниципальных образовательных организациях высшего профессионального образования, семестр",0.00346,0.196241293919757,0.0006789948769623592,native,44
2027-01-01,427,"Обучение в негосударственных образовательных организациях высшего профессионального образования, семестр",0.00191,0.0,0.0,native,44
2027-01-01,429,"Обучение в образовательных организациях среднего профессионального образования, семестр",0.0022,0.4567417531080849,0.0010048318568377868,native,44
2027-01-01,430,"Общий анализ крови, анализ",0.00092,0.28783140792018846,0.0002648048952865734,native,22
2027-01-01,432,"Овощи замороженные, кг",0.00068,0.5178380381916303,0.00035212986597030866,native,33
2027-01-01,433,"Овощи натуральные консервированные, маринованные, кг",0.0028,0.44176139288000377,0.0012369319000640104,native,53
2027-01-01,434,"Овсяные хлопья ""Геркулес"", кг",0.00132,0.5057079090437899,0.0006675344399378027,native,18
2027-01-01,435,"Огурцы свежие, кг",0.00468,14.101814942328792,0.06599649393009875,native,33
2027-01-01,442,"Одеяло стеганое, шт.",0.00247,0.5074513939659963,0.0012534049430960106,native,29
2027-01-01,443,"Окорочка куриные, кг",0.00549,0.2549490355990982,0.0013996702054390492,native,26
2027-01-01,447,"Орехи, кг",0.0019,0.5931088363205288,0.0011269067890090046,native,33
2027-01-01,448,"Отопление, Гкал",0.00924,0.14890451165541563,0.0013758776876960405,native,14
2027-01-01,449,"Оформление доверенности в нотариальной конторе, услуга",0.00012,1.306388399966625,0.00015676660799599502,native,55
2027-01-01,451,"Пальто (полупальто) женское с верхом из плащевых тканей, шт.",0.00177,0.03809641011172156,6.743064589774716e-05,native,29
2027-01-01,452,"Пальто женское демисезонное из шерстяных или полушерстяных тканей, шт.",0.00203,0.4675797272864981,0.0009491868463915912,native,29
2027-01-01,453,"Пальто женское зимнее из шерстяных или полушерстяных тканей, шт.",0.00095,0.40464158454619253,0.00038440950531888293,native,29
2027-01-01,454,"Пальто женское меховое и дубленка, шт.",0.00102,0.8015067787425081,0.0008175369143173583,native,23
2027-01-01,455,"Панкреатин, 10 таблеток",0.00038,0.6111196991934005,0.0002322254856934922,native,21
2027-01-01,456,"Панталоны, трусы женские, шт.",0.00127,0.5489854780230633,0.0006972115570892905,native,43
2027-01-01,457,"Паста зубная, 100 г (100 мл)",0.00191,1.0642390594110043,0.0020326966034750183,native,30
2027-01-01,458,"Пеленки для новорожденных, шт.",0.00019,0.4725471017777313,8.978394933776895e-05,native,29
2027-01-01,459,"Пельмени, манты, равиоли, кг",0.00524,0.6865952839452375,0.0035977592878730443,native,26
2027-01-01,460,"Первичный консультативный осмотр больного у стоматолога, посещение",0.00106,1.1602848487688815,0.0012299019396950143,native,22
2027-01-01,461,"Первичный консультативный прием у врача специалиста, посещение",0.00207,0.637910197749767,0.0013204741093420175,native,22
2027-01-01,464,"Пересылка простого письма внутри России, массой до 20 г, шт.",1e-05,1.0624166038918537,1.0624166038918537e-05,native,55
2027-01-01,466,"Перчатки из натуральной кожи, пара",0.00011,0.2955149467298918,3.25066441402881e-05,native,13
2027-01-01,467,"Перчатки трикотажные женские, пара",6e-05,0.31781631626535545,1.9068978975921326e-05,native,43
2027-01-01,468,"Печать цветных фотографий, шт.",0.00011,0.9619615534922105,0.00010581577088414316,native,12
2027-01-01,469,"Печень говяжья, свиная, кг",0.00275,1.2200828508527994,0.0033552278398451983,native,26
2027-01-01,470,"Печенье, кг",0.00549,1.443246064007954,0.007923420891403668,native,16
2027-01-01,471,"Печь микроволновая, шт.",0.00067,0.9070181642133827,0.0006077021700229664,native,51
2027-01-01,475,"Пиджак, жакет женский из шерстяных, полушерстяных или смесовых тканей, шт.",0.00359,0.24457620905520283,0.0008780285905081782,native,29
2027-01-01,478,"Плата за пересылку простой посылки внутри России массой 1-2 кг, шт.",0.00013,0.7139506860901943,9.281358919172526e-05,native,55
2027-01-01,479,"Плата за пользование потребительским кредитом (процентная ставка в стоимостном выражении), руб.",0.00656,0.9876876124636608,0.006479230737761615,native,55
2027-01-01,480,"Платье (платье-костюм) женское из полушерстяных или смесовых тканей, шт.",0.00401,0.48988780106559277,0.001964450082273027,native,29
2027-01-01,481,"Платье (платье-костюм) женское из хлопчатобумажных или смесовых тканей, шт.",0.00396,0.7490690499192221,0.0029663134376801195,native,29
2027-01-01,482,"Платье (платье-костюм, сарафан) для девочек школьного возраста из полушерстяных, смесовых  тканей, шт.",0.00051,0.30296756011463133,0.000154513455658462,native,29
2027-01-01,483,"Платье (сарафан) летнее для девочек дошкольного возраста, шт.",0.00029,0.22721149248270467,6.589133281998435e-05,native,29
2027-01-01,484,"Плита бытовая, шт.",0.00148,0.41927572649549044,0.0006205280752133259,native,51
2027-01-01,485,"Плитка керамическая, облицовочная для внутренних работ, м2",0.0019,0.4102817168902183,0.0007795352620914148,native,38
2027-01-01,486,"Плиты древесностружечные, ориентированно-стружечные, м2",0.0008899999999999,0.030641667152357,2.7271083765594664e-05,native,38
2027-01-01,487,"Повторное получение гербового документа в органах ЗАГС, документ",0.00057,0.8110564367241359,0.0004623021689327574,native,55
2027-01-01,488,"Подгузники детские бумажные (памперсы), 10 шт.",0.00114,0.36659968626466777,0.0004179236423417212,native,54
2027-01-01,489,"Подушка, шт.",0.00248,0.5875860894448963,0.0014572135018233428,native,29
2027-01-01,496,"Ползунки из хлопчатобумажного трикотажного полотна, шт.",0.00019,0.638075611772696,0.00012123436623681225,native,29
2027-01-01,500,"Полотенце кухонное, шт.",0.0012,0.6605062333258203,0.0007926074799909842,native,54
2027-01-01,501,"Полотенце личное, шт.",0.00239,0.6218994739160354,0.0014863397426593248,native,54
2027-01-01,502,"Полуботинки мужские с верхом из искусственной кожи, пара",0.00083,0.4720346727363224,0.0003917887783711476,native,27
2027-01-01,503,"Полуботинки, туфли мужские с верхом из натуральной кожи, пара",0.00277,0.40176517451164595,0.0011128895333972592,native,27
2027-01-01,505,"Пользование общественным туалетом, посещение",0.00047,0.6074737343933317,0.0002855126551648659,native,55
2027-01-01,506,"Помидоры свежие, кг",0.00574,7.979895891641186,0.04580460241802041,native,33
2027-01-01,507,"Помывка в бане в общем отделении, билет",0.00103,0.2954693847734159,0.0003043334663166184,native,12
2027-01-01,508,"Порошок стиральный, кг",0.00342,0.19342611896765016,0.0006615173268693635,native,25
2027-01-01,509,"Посещение детского ясли-сада, день",0.00038,0.624727811755114,0.00023739656846694335,native,44
2027-01-01,511,"Постановка набоек, пара",0.00055,0.5097646164238543,0.0002803705390331199,native,12
2027-01-01,513,"Пребывание пациента в круглосуточном стационаре, койко-день",0.00042,-0.1312259927057438,-5.51149169364124e-05,native,22
2027-01-01,514,"Предоставление абоненту в постоянное пользование абонентской линии независимо от ее типа, месяц",0.00024,0.2822265177851332,6.773436426843197e-05,native,48
2027-01-01,518,"Предоставление местного телефонного соединения при повременной системе оплаты услуг связи, минута",0.00024,0.460550185836905,0.0001105320446008572,native,48
2027-01-01,519,"Прививка животного, шт.",0.00019,0.2216699730771213,4.211729488465305e-05,native,55
2027-01-01,524,"Продукция предприятий общественного питания быстрого обслуживания (сэндвич типа ""Гамбургер""), шт.",0.00269,0.7555021165063279,0.0020323006934020223,native,28
2027-01-01,525,"Проезд в городском автобусе,поездка",0.00185,1.1823776767668266,0.002187398702018629,native,47
2027-01-01,527,"Проезд в маршрутном такси, поездка",0.00869,1.085723933649291,0.009434940983412339,native,47
2027-01-01,528,"Проезд в междугородном автобусе, в расчете на 50 км пути",0.00057,0.8849746006205759,0.0005044355223537282,native,47
2027-01-01,531,"Проезд в такси, в расчете на 1 км пути",0.00415,0.26556286537407575,0.0011020858913024143,native,47
2027-01-01,533,"Проезд в троллейбусе, поездка",0.0001,0.7636593798723296,7.636593798723296e-05,native,47
2027-01-01,535,"Проживание в студенческом общежитии, месяц",2e-05,0.6995236134802773,1.3990472269605547e-05,native,55
2027-01-01,538,"Пряники, кг",0.0019,0.5900285960982581,0.0011210543325866904,native,16
2027-01-01,539,"Пшено, кг",0.00118,0.9301727321411617,0.0010976038239265708,native,18
2027-01-01,540,"Ранец, рюкзак для школьников, шт.",0.00108,0.703958923000854,0.0007602756368409224,native,13
2027-01-01,541,"Регулировка развала-схождения колес легкового автомобиля, один вид работы",0.00423,0.5984779579119031,0.00253156176196735,native,12
2027-01-01,542,"Ремень мужской, шт.",0.00059,0.26286468001428914,0.0001550901612084306,native,13
2027-01-01,543,"Ремонт  телевизоров, один вид работы",0.00037,0.11157214352709718,4.1281693105025955e-05,native,12
2027-01-01,544,"Ремонт брюк из всех видов тканей, один вид работы",0.00018,0.2733293146124628,4.9199276630243304e-05,native,12
2027-01-01,548,"Ремонт холодильников всех марок, один вид работы",0.00042,0.5769568310393007,0.00024232186903650632,native,12
2027-01-01,552,"Рис шлифованный, кг",0.00479,0.8959441330630246,0.004291572397371888,native,18
2027-01-01,554,"Рубероид, 10 м",0.00011,0.44273998663774494,4.870139853015195e-05,native,38
2027-01-01,555,"Рыба живая и охлажденная, кг",0.00395,0.3459143816086475,0.0013663618073541579,native,34
2027-01-01,558,"Рыба мороженая неразделанная, кг",0.00303,0.3666285095569739,0.001110884383957631,native,34
2027-01-01,559,"Рыба мороженая разделанная (кроме лососевых пород), кг",0.005,0.4488409194184572,0.0022442045970922863,native,34
2027-01-01,560,"Рыба охлажденная и мороженая разделанная лососевых пород, кг",0.00181,0.5143095718964188,0.000930900325132518,native,34
2027-01-01,561,"Рыба соленая, маринованная, копченая, кг",0.00142,1.8556628237082593,0.002635041209665728,native,34
2027-01-01,563,"Рюмка, фужер из простого стекла, шт.",0.00054,0.29815909020936693,0.00016100590871305815,native,54
2027-01-01,565,"Санаторий, день",0.001,1.4920161480364218,0.0014920161480364218,native,35
2027-01-01,566,"Сапоги женские зимние с верхом из натуральной кожи, пара",0.00253,-0.4087424845950226,-0.0010341184860254073,native,27
2027-01-01,567,"Сапоги женские осенние с верхом из натуральной кожи, пара",0.00145,0.058195371848323005,8.438328918006835e-05,native,27
2027-01-01,568,"Сапоги цельнорезиновые для взрослых, пара",0.00042,0.194985608371474,8.189395551601909e-05,native,54
2027-01-01,569,"Сапоги цельнорезиновые для детей, пара",0.00011,0.22770766417840782,2.504784305962486e-05,native,54
2027-01-01,570,"Сапоги, ботинки для детей школьного возраста зимние с верхом из натуральной кожи, пара",0.00111,0.2025986513849039,0.00022488450303724335,native,27
2027-01-01,571,"Сапоги, ботинки мужские зимние с верхом из натуральной кожи, пара",0.00223,0.176349339635854,0.00039325902738795445,native,27
2027-01-01,572,"Сахар-песок, кг",0.00532,0.33460177462642426,0.0017800814410125771,native,36
2027-01-01,573,"Свежесрезанные цветы, шт.",0.00399,1.1347111184751641,0.004527497362715904,native,54
2027-01-01,574,"Свёкла столовая, кг",0.00077,5.878350806616666,0.004526330121094832,native,33
2027-01-01,575,"Светильник потолочный, шт.",0.00208,0.7902388836316289,0.0016436968779537878,native,51
2027-01-01,577,"Свинина (кроме бескостного мяса), кг",0.00481,-0.10054101670925031,-0.00048360229037149396,native,26
2027-01-01,578,"Свинина бескостная, кг",0.00257,0.29104283601825154,0.0007479800885669064,native,26
2027-01-01,580,"Сельдь соленая, кг",0.00079,0.4637203545118711,0.00036633908006437817,native,34
2027-01-01,584,"Сковорода, шт.",0.00137,0.3684479411888115,0.0005047736794286718,native,54
2027-01-01,585,"Смартфон, шт.",0.00625,-0.43106291394439583,-0.002694143212152474,native,37
2027-01-01,587,"Смеси сухие молочные для детского питания, кг",0.00077,0.8368981652191528,0.0006444115872187477,native,24
2027-01-01,588,"Сметана, кг",0.00748,1.0225203985064206,0.007648452580828026,native,24
2027-01-01,589,"Содержание и ремонт жилья в государственном и муниципальном жилищных фондах, м2 общей площади",0.00078,0.0066302664151206975,5.1716078037941436e-06,native,14
2027-01-01,590,"Содержание, ремонт жилья для граждан-собственников жилья в результате приватизации, граждан-собственников жилых помещений по иным основаниям, м2 общей площади",0.00599,0.016923409437936326,0.00010137122253323858,native,14
2027-01-01,591,"Соки фруктовые, л",0.00232,0.8426283184774437,0.001954897698867669,native,53
2027-01-01,592,"Соленые и копченые деликатесные продукты из рыбы, кг",0.0013,0.8191832156495039,0.001064938180344355,native,34
2027-01-01,593,"Соль поваренная пищевая, кг",0.00122,0.621243554941814,0.0007579171370290131,native,53
2027-01-01,595,"Сорочка верхняя для мальчиков дошкольного возраста, шт.",0.00024,0.434376763108892,0.00010425042314613408,native,29
2027-01-01,596,"Сорочка верхняя для мальчиков школьного возраста, шт.",0.0008899999999999,0.23855237804183982,0.00021231161645721358,native,29
2027-01-01,597,"Сорочка верхняя мужская из хлопчатобумажных или смесовых тканей, шт.",0.00449,0.5323293917431007,0.002390158968926522,native,29
2027-01-01,598,"Сорочка ночная женская, шт.",0.00105,0.33638626834263596,0.00035320558175976774,native,29
2027-01-01,599,"Сосиски, сардельки, кг",0.00553,0.9707215992482319,0.005368090443842723,native,26
2027-01-01,601,"Спички, коробок",0.00059,1.4301897579701586,0.0008438119572023936,native,54
2027-01-01,602,"Стекло оконное листовое, м2",5e-05,0.5124345156511405,2.5621725782557027e-05,native,38
2027-01-01,605,"Стирка и глажение белья прямого, кг",0.00081,0.422361994104937,0.00034211321522499896,native,12
2027-01-01,606,"Стол обеденный, шт.",0.00356,0.6047267614394057,0.002152827270724284,native,20
2027-01-01,607,"Стол рабочий кухонный, шт.",0.00091,0.709678874283683,0.0006458077755981515,native,20
2027-01-01,608,"Стрижка модельная в женском зале, стрижка",0.00549,0.573341965440699,0.003147647390269438,native,12
2027-01-01,609,"Стрижка модельная в мужском зале, стрижка",0.0051,0.5723036994184677,0.0029187488670341854,native,12
2027-01-01,610,"Стул с мягким сиденьем, шт.",0.00259,0.48059139567748976,0.0012447317148046985,native,20
2027-01-01,616,"Сухие корма для домашних животных, кг",0.00104,0.6341810183216001,0.0006595482590544641,native,54
2027-01-01,617,"Сухие супы в пакетах, 100 г",0.00132,0.6187958406782476,0.0008168105096952868,native,53
2027-01-01,618,"Сухофрукты, кг",0.00073,0.9188820361927347,0.0006707838864206963,native,33
2027-01-01,620,"Сыры плавленые, кг",0.00187,0.6007729894453167,0.0011234454902627421,native,39
2027-01-01,621,"Сыры твердые, полутвердые и мягкие, кг",0.00514,0.8773982997986437,0.004509827260965028,native,39
2027-01-01,622,"Табурет для кухни, шт.",0.00063,0.7708045110031043,0.00048560684193195577,native,20
2027-01-01,623,"Тарелка обеденная, шт.",0.00085,0.3942010743120319,0.00033507091316522706,native,54
2027-01-01,624,"Таурин, 4%, 5 мл",0.00036,0.41616204144453994,0.00014981833492003438,native,21
2027-01-01,628,"Театры, билет",0.00033,1.5057552398190166,0.0004968992291402755,native,46
2027-01-01,629,"Телевизор цветного изображения, шт.",0.00258,0.09872851281461922,0.00025471956306171757,native,41
2027-01-01,633,"Термометр медицинский электронный стандартный, шт.",6e-05,1.057776586638385,6.34665951983031e-05,native,21
2027-01-01,634,"Тетрадь школьная, шт.",0.00029,0.6709505921247048,0.00019457567171616438,native,54
2027-01-01,636,"Ткани декоративные для изготовления штор и занавесей, м",0.0008,0.35542239684701726,0.0002843379174776138,native,54
2027-01-01,638,"Ткани хлопчатобумажные бельевые, м",0.0001,0.421975366694615,4.2197536669461505e-05,native,54
2027-01-01,641,"Ткань костюмная шерстяная и полушерстяная, м",6e-05,0.2228441423076281,1.3370648538457688e-05,native,54
2027-01-01,642,"Ткань платьевая из искусственного или синтетического шелка, м",8e-05,0.6798829956586459,5.4390639652691674e-05,native,54
2027-01-01,646,"Торты, кг",0.00277,1.1474628369138198,0.003178472058251281,native,16
2027-01-01,647,"Трикотажная шапочка детская, шт.",0.00072,-0.2795219911660235,-0.00020125583363953694,native,43
2027-01-01,650,"Триммер электрический, шт.",0.00056,0.4907239621813184,0.0002748054188215383,native,15
2027-01-01,651,"Троксерутин, 2% гель, 40 г",0.0004,2.1670076221962713,0.0008668030488785085,native,21
2027-01-01,652,"Трусы детские, шт.",0.00043,0.4660349333310565,0.00020039502133235428,native,43
2027-01-01,653,"Трусы мужские, шт.",0.00145,0.32585020766275796,0.000472482801110999,native,43
2027-01-01,654,"Туалетная вода, 100 мл",0.00579,0.3536236968315359,0.0020474812046545926,native,30
2027-01-01,655,"Туфли детские летние (сандалеты), пара",0.00076,0.21360219004956538,0.0001623376644376697,native,27
2027-01-01,659,"Туфли женские модельные с верхом из натуральной кожи, пара",0.00094,0.2621048898887324,0.0002463785964954084,native,27
2027-01-01,660,"Тушь для ресниц, шт.",0.00179,0.3733552732618229,0.0006683059391386629,native,30
2027-01-01,661,"Тюль, полотно гардинное, м",0.0022,0.3932778176900309,0.0008652111989180681,native,13
2027-01-01,663,"Удаление зуба под местным обезболиванием, удаление",0.00116,1.0736652069559907,0.001245451640068949,native,22
2027-01-01,664,"Удостоверение завещания в нотариальной конторе, услуга",0.00012,1.673081420902051,0.00020076977050824613,native,55
2027-01-01,665,"Ужин в ресторане, на 1 человека",0.00313,0.37937227322406847,0.0011874352151913343,native,28
2027-01-01,666,"Ультразвуковое исследование брюшной полости, исследование",0.00137,0.45581959048393117,0.0006244728389629856,native,22
2027-01-01,675,"Услуги организатора проведения торжеств, услуга",0.00247,0.15965856644254112,0.00039435665911307657,native,12
2027-01-01,678,"Услуги по воспитанию детей, предоставляемые наемным персоналом, час",0.00121,0.3766211384364201,0.00045571157750806825,native,12
2027-01-01,679,"Услуги по организации и выполнению работ по эксплуатации домов ЖК, ЖСК, ТСЖ, м2 общей площади",0.00526,0.191817329762467,0.0010089591545505764,native,14
2027-01-01,690,"Установка пластиковых окон, м2",0.0018,0.4434625176294805,0.0007982325317330649,native,12
2027-01-01,691,"Устная консультация юриста по семейным вопросам, консультация",0.00011,0.03431021054135835,3.7741231595494184e-06,native,55
2027-01-01,692,"Учебник, учебное пособие, дидактический материал для общеобразовательной школы, шт.",0.00048,0.1330278886800117,6.385338656640562e-05,native,32
2027-01-01,694,"Фарш мясной, кг",0.0094,0.6329080016930093,0.005949335215914287,native,26
2027-01-01,695,"Физиотерапевтическое лечение, процедура",0.00014,0.29509004185975307,4.1312605860365424e-05,native,22
2027-01-01,697,"Филе рыбное, кг",0.00204,0.7250418734430631,0.0014790854218238488,native,34
2027-01-01,698,"Филе сельди соленое, кг",0.00065,1.220842708795034,0.000793547760716772,native,34
2027-01-01,699,"Флеш-накопитель USB, шт.",3e-05,0.18801632686573844,5.640489805972153e-06,native,41
2027-01-01,701,"Фотоаппарат, шт.",0.00019,-0.4366830089588396,-8.296977170217953e-05,native,54
2027-01-01,703,"Футболка детская, шт.",0.00049,0.4668730497108574,0.00022876779435832012,native,43
2027-01-01,704,"Халат женский, шт.",0.00119,0.748285011312654,0.0008904591634620584,native,29
2027-01-01,706,"Химчистка мужского костюма, шт.",0.00012,0.1991700523743834,2.390040628492601e-05,native,12
2027-01-01,710,"Хлеб из ржаной муки и из смеси муки ржаной и пшеничной, кг",0.00255,0.6359149844966672,0.0016215832104665014,native,49
2027-01-01,711,"Хлопья из злаков (сухие завтраки), кг",0.00115,0.3224373191902443,0.000370802917068781,native,49
2027-01-01,712,"Холодильник двухкамерный, емкостью 250-360 л, шт.",0.00262,0.5012802058406463,0.0013133541393024932,native,51
2027-01-01,714,"Цемент тарированный, 50 кг",0.00066,0.4775039517662494,0.00031515260816572456,native,38
2027-01-01,716,"Чай черный байховый пакетированный, 25 пакетиков",0.00197,0.48414819283880633,0.0009537719398924484,native,50
2027-01-01,717,"Чай черный байховый, кг",0.00269,0.62940090074639,0.001693088423007789,native,50
2027-01-01,718,"Чайник, шт.",0.00102,0.03166607792129483,3.229939947972073e-05,native,54
2027-01-01,721,"Часы наручные, шт.",0.00028,0.4325306243059398,0.00012110857480566313,native,54
2027-01-01,722,"Чашка чайная с блюдцем, комплект",0.00028,0.5333887633352106,0.00014934885373385894,native,54
2027-01-01,723,"Чеснок, кг",0.00111,2.9477370996041983,0.00327198818056066,native,33
2027-01-01,726,"Шампунь, 250 мл",0.0019,0.4150767372576329,0.0007886458007895025,native,30
2027-01-01,727,"Шиномонтаж колес легкового автомобиля, услуга",0.00355,0.7902425894678877,0.0028053611926110015,native,12
2027-01-01,728,"Шины для легкового автомобиля, шт.",0.00355,0.7600004552896085,0.0026980016162781104,native,17
2027-01-01,729,"Шкаф-вешалка для прихожей, шт.",0.00078,0.8584909248401905,0.0006696229213753486,native,20
2027-01-01,730,"Шкаф для платья и белья, шт.",0.0023,0.5988146709423339,0.001377273743167368,native,20
2027-01-01,731,"Шкаф навесной кухонный (полка), двухстворчатый, шт.",0.00067,0.7570723961090722,0.0005072385053930783,native,20
2027-01-01,734,"Шоколад, кг",0.0034,1.0455459635724837,0.0035548562761464446,native,16
2027-01-01,735,"Щетка зубная, шт.",0.00174,0.4478650029650114,0.0007792851051591199,native,13
2027-01-01,740,"Экскурсия автобусная, час",0.00112,0.3187500719869243,0.0003570000806253552,native,55
2027-01-01,741,"Электропылесос напольный, шт.",0.00185,0.23254671734686017,0.00043021142709169134,native,51
2027-01-01,742,"Электроутюг, шт.",0.00079,0.5628608967170718,0.0004446601084064868,native,51
2027-01-01,743,"Электрочайник, шт.",0.00058,0.18237955164553626,0.00010578013995441104,native,51
2027-01-01,744,"Электроэнергия в квартирах без электроплит сверх минимального объема потребления, в расчете за 100 кВт.ч",0.00107,0.09040550642415246,9.673389187384313e-05,native,14
2027-01-01,745,"Электроэнергия в квартирах без электроплит за минимальный объем потребления, в расчете за 100 кВт.ч",0.00638,0.14612483119681202,0.0009322764230356608,native,14
2027-01-01,746,"Электроэнергия в квартирах с электроплитами за минимальный объем потребления, в расчете за 100 кВт.ч",0.00315,0.1416888204177308,0.000446319784315852,native,14
2027-01-01,747,"Электроэнергия в квартирах с электроплитами сверх минимального объема потребления, в расчете за 100 кВт.ч",0.00082,0.08499930872124734,6.969943315142281e-05,native,14
2027-01-01,748,"Эналаприл, 5 мг, 10 таблеток",0.00035,0.24360298033054023,8.526104311568907e-05,native,21
2027-01-01,750,"Юбка для девочек школьного возраста из полушерстяных тканей, шт.",0.00076,0.6782891847561522,0.0005154997804146757,native,29
2027-01-01,751,"Юбка женская из полушерстяных или смесовых тканей, шт.",0.00203,0.4300622104229991,0.0008730262871586882,native,29
2027-01-01,753,"Яблоки, кг",0.00515,3.584312790447961,0.018459210870807,native,33
2027-01-01,754,"Яйца куриные, 10 шт.",0.00543,4.207260224012541,0.022845423016388096,native,52
2027-01-01,786,"Поездка на отдых в Турцию, поездка",0.0004,3.744859137809657,0.0014979436551238628,native,67
2027-01-01,795,"Варежки (перчатки) детские, пара",8e-05,-0.056979953817458476,-4.558396305396678e-06,native,43
2027-01-01,809,"Шарф шерстяной, полушерстяной или из смесовой пряжи для взрослых, шт.",0.00077,0.01802492686003193,1.3879193682224586e-05,native,43
2027-01-01,851,"Активированный уголь, 250 мг, 10 таблеток",0.00032,0.9560802835620986,0.00030594569073987156,native,21
2027-01-01,958,"Чай зеленый, кг",0.00169,0.437189856420495,0.0007388508573506367,native,50
2027-01-01,959,"Брюки женские из джинсовой ткани (джинсы), шт.",0.00282,0.4453753184295042,0.0012559583979712017,native,29
2027-01-01,960,"Носки женские, гольфы, пара",0.0007,0.3926848551291148,0.00027487939859038033,native,54
2027-01-01,961,"Пена для бритья, 200 мл",0.00085,0.33811160114072875,0.00028739486096961944,native,30
2027-01-01,962,Крем для рук,0.00117,0.28573774788827067,0.0003343131650292767,native,30
2027-01-01,963,"Бритвенные станки одноразовые, шт.",0.0008,0.3687348166548859,0.00029498785332390874,native,13
2027-01-01,964,"Лампа светодиодная, шт.",0.00026,0.48764699496571384,0.00012678821869108558,native,51
2027-01-01,965,"Моноблок, шт.",0.00092,0.7813327540073491,0.0007188261336867612,native,31
2027-01-01,966,"Годовая стоимость полиса обязательного страхования гражданской ответственности владельцев транспортных средств (ОСАГО), полис",0.0013,0.6571806148356327,0.0008543347992863225,native,55
2027-01-01,968,"Рюкзак для взрослых, шт.",0.00087,0.12038679694754506,0.0001047365133443642,native,13
2027-01-01,970,"Сливки питьевые, л",0.00112,1.1826482288298765,0.0013245660162894616,native,24
2027-01-01,971,"Зелень свежая, кг",0.00098,4.0432815973085905,0.003962415965362419,native,33
2027-01-01,972,"Грибы свежие, кг",0.00119,4.19567821752654,0.004992857078856583,native,33
2027-01-01,973,"Ягоды замороженные, кг",0.00026,1.4691833295933192,0.000381987665694263,native,33
2027-01-01,976,"Гель для душа, 250 мл",0.00105,1.2395624390183366,0.0013015405609692534,native,30
2027-01-01,977,"Мыло туалетное жидкое, 250 мл",0.00099,0.32405903629145755,0.00032081844592854296,native,30
2027-01-01,978,"Дезодорант, 50 мл",0.00092,1.0505179920179581,0.0009664765526565215,native,30
2027-01-01,979,"Кресло мягкое, шт.",0.00377,0.607031868846324,0.0022885101455506415,native,20
2027-01-01,980,"Матрас для взрослых, шт.",0.00306,0.8864488769827892,0.0027125335635673348,native,20
2027-01-01,981,"Салфетки влажные, упаковка 20 шт.",0.00045,0.8376719274442752,0.0003769523673499238,native,54
2027-01-01,982,"Бумажные столовые салфетки, упаковка 10 шт.",0.00306,0.8492477486938355,0.0025986981110031364,native,54
2027-01-01,983,"Бумажные носовые платки, упаковка 10 шт.",0.00042,1.0977219175599662,0.00046104320537518584,native,54
2027-01-01,984,"Прокладки женские гигиенические, 10 шт.",0.00108,0.8116365542562742,0.0008765674785967762,native,54
2027-01-01,985,"Наушники беспроводные, шт.",0.00189,1.2383884367713236,0.0023405541454978016,native,37
2027-01-01,987,"Цефтриаксон, 1 г",0.0004,0.15649267048762222,6.259706819504889e-05,native,21
2027-01-01,992,"Амлодипин, 10 мг, 10 таблеток",0.00035,0.6161108888888841,0.00021563881111110944,calendar_gap_in_required_features,21
2027-01-01,993,"Омепразол, 20 мг, 10 таблеток",0.0004,0.8121126331840347,0.0003248450532736139,native,21
2027-01-01,994,"Хлоргексидин, 100 мл",0.00033,0.21833316666666194,7.204994499999845e-05,short_history,21
2027-01-01,995,"Амоксициллин с клавулановой кислотой, 500 мг+125мг, 10 таблеток",0.00039,0.46165557857910483,0.0001800456756458509,native,21
2027-01-01,996,"Ибупрофен, 200 мг, 10 таблеток",0.00049,0.9410189515919808,0.0004610992862800706,native,21
2027-01-01,997,"Шприцы одноразовые, шт.",6e-05,1.668807164528074,0.00010012842987168445,native,21
2027-01-01,999,"Антисептик для рук, 100 мл",0.00017,0.6771162391937423,0.0001151097606629362,native,21
2027-01-01,1000,"Термометр медицинский безртутный (галинстановый), шт.",6e-05,0.7585756942281844,4.551454165369106e-05,native,21
2027-01-01,1001,"Установка натяжного потолка, м2",0.00073,0.338530194661691,0.0002471270421030344,native,12
2027-01-01,1002,"Услуги аренды автомобилей, час",0.00017,0.6238543846203091,0.00010605524538545254,native,47
2027-01-01,1003,"Подписка на онлайн-видеосервисы, месяц",0.00766,0.5747833519518133,0.00440284047595089,native,48
2027-01-01,1004,"Проживание в гостинице 1* или в мотеле, сутки с человека",5e-05,0.6653575167688099,3.32678758384405e-05,native,55
2027-01-01,1005,"Проживание в гостинице 2*, сутки с человека",4e-05,0.5071859780854094,2.0287439123416378e-05,native,55
2027-01-01,1006,"Проживание в гостинице 3*, сутки с человека",0.00075,0.5973148808871673,0.0004479861606653755,native,55
2027-01-01,1007,"Проживание в гостинице 4*-5*, сутки с человека",0.00067,1.0390008887530442,0.0006961305954645396,native,55
2027-01-01,1008,"Проживание в хостеле, сутки с человека",0.00061,1.988518727538166,0.0012129964237982812,native,55
2027-01-01,1009,"Экскурсионные туры по России, поездка",0.00138,0.560210213526891,0.0007730900946671096,native,55
2027-01-01,1011,"Поездка на отдых в ОАЭ, поездка",0.0004,6.799999999999997,0.002719999999999999,missing_current_observation,67
2027-01-01,1012,"Услуги сиделок, час",0.00046,0.6036296392759382,0.0002776696340669316,native,22
2027-01-01,1013,"Диагностика на магнитно-резонансном или компьютерном томографе, услуга",0.00045,0.1605963644527699,7.226836400374645e-05,native,22
2027-01-01,1014,"Гастроскопия (ФГДС, ЭГДС), услуга",0.00059,0.6893682980668694,0.00040672729585945294,native,22
2027-01-01,1020,"Аскорбиновая кислота, 50 мг, 100 драже",0.00028,1.6054472951695988,0.00044952524264748765,native,21
2027-01-01,1024,"Валерианы экстракт, 20 мг, 10 таблеток",0.00029,1.585240960427233,0.0004597198785238976,native,21
2027-01-01,1025,"Газета в розницу, шт.",0.00024,0.8718401048368708,0.000209241625160849,native,32
2027-01-01,1030,"Клубная карта в фитнес-клуб, месяц",0.00185,0.8873034236472612,0.0016415113337474333,native,55
2027-01-01,1032,"Кроссовые туфли для взрослых, пара",0.00518,0.3990924137338676,0.002067298703141434,native,27
2027-01-01,1035,"Метилурацил, 10 % мазь, 25 г",0.00037,1.9843425205962413,0.0007342067326206093,native,21
2027-01-01,1037,"Мирамистин, 0,01%, 150 мл",0.00039,0.3717471819792855,0.00014498140097192136,native,21
2027-01-01,1038,"Натрия хлорид, 0,9%, 100 мл",0.00039,0.3200549431195175,0.0001248214278166118,native,21
2027-01-01,1039,"Нафазолин, 0,1%, 15 мл",0.00044,2.88595736390608,0.0012698212401186751,native,21
2027-01-01,1040,"Парацетамол, 500 мг, 10 таблеток",0.00039,0.6969008769686701,0.00027179134201778135,native,21
2027-01-01,1041,"Перекись водорода, 3%, 100 мл",0.00036,0.5849803557381594,0.0002105929280657374,native,21
2027-01-01,1042,"Пиво, л",0.00372,0.9888195295730409,0.003678408650011712,native,11
2027-01-01,1043,"Поездка на отдых в Египет, поездка",0.0002,6.146575018314097,0.0012293150036628195,native,67
2027-01-01,1045,"Ренгалин, 20 таблеток",0.0004,1.1830707510161629,0.0004732283004064652,native,21
2027-01-01,1046,"Сигареты с фильтром, пачка",0.0086599999999999,0.5478839539179726,0.004744675040929588,native,40
2027-01-01,1048,"Сумка женская, шт.",0.00138,-0.26161401905668896,-0.00036102734629823074,native,13
2027-01-01,1049,"Творог, кг",0.00591,1.1028554160032837,0.006517875508579407,native,24
2027-01-01,1050,"Туфли женские закрытые, пара",0.00196,-0.26697644402259546,-0.0005232738302842871,native,27
2027-01-01,1051,"Туфли женские летние, босоножки, пара",0.00356,0.0733800808324329,0.0002612330877634611,native,27
2027-01-01,1054,"Хлеб и булочные изделия из пшеничной муки различных сортов, кг",0.00735,1.1693585215135838,0.00859478513312484,native,49
2027-01-01,1055,"Цитрамон, 10 таблеток",0.00039,0.9779182026733458,0.0003813880990426049,native,21
2027-01-01,1060,"Поездки в страны Закавказья, поездка",0.00022,1.7428860505478931,0.0003834349311205365,native,67
2027-01-01,1063,"Поездки в отдельные страны Средней Азии, поездка",4e-05,9.256666777777774,0.000370266671111111,short_history,67
2027-01-01,1064,"Поездка в Беларусь, поездка",0.0001,6.43222194444444,0.0006432221944444441,short_history,67
2027-01-01,1065,"Поездки в отдельные страны Юго-Восточной Азии, поездка",0.00017,1.2580568278323963,0.00021386966073150737,native,67
2027-01-01,1066,"Молоко питьевое цельное пастеризованное более 3,2% жирности, л",0.00142,0.9684281629605436,0.001375167991403972,native,24
2027-01-01,1067,"Творожок детский, кг",6e-05,0.3491216547253507,2.0947299283521046e-05,native,24
2027-01-01,1068,"Молоко для детей, л",1e-05,0.9064119628073422,9.064119628073421e-06,native,24
2027-01-01,1069,"Сухие приправы, специи, кг",0.00139,1.4224791923739324,0.001977246077399766,native,53
2027-01-01,1070,"Трикотажный головной убор для взрослых, шт.",0.00057,-1.2898209452527054,-0.000735197938794042,native,43
2027-01-01,1071,"Крем детский, 100 г (100 мл)",0.00137,1.0093767148957222,0.0013828460994071393,native,30
2027-01-01,1072,"Чемодан, шт.",0.00108,-0.1588148651709282,-0.00017152005438460244,native,13
2027-01-01,1073,"Бумага офисная, упаковка 500 листов",0.00015,0.42716040124607724,6.407406018691158e-05,native,54
2027-01-01,1074,"Смарт-часы, шт.",0.00085,-0.8196601437802524,-0.0006967111222132145,native,37
2027-01-01,1075,"Коньки, пара",0.00035,1.8300759074644912,0.000640526567612572,native,54
2027-01-01,1076,"Гипсокартон, м2",0.00075,0.1345180512748082,0.00010088853845610616,native,38
2027-01-01,1077,"Кресло детское автомобильное, шт.",0.00056,0.531362065221521,0.0002975627565240517,native,17
2027-01-01,1078,"Соска (пустышка) детская, шт.",6e-05,0.8274501678966484,4.9647010073798906e-05,native,21
2027-01-01,1079,"Бутылочка для кормления, шт.",0.00066,0.21296745063377231,0.00014055851741828974,native,21
2027-01-01,1083,"Поездка на отдых на Черноморское побережье России и в Крым, поездка",0.00205,1.96826858603074,0.004034950601363017,native,55
2027-01-01,1086,"Горошек зеленый консервированный, кг",0.00081,2.0216592777777738,0.0016375440149999966,short_history,53
2027-01-01,1087,"Перец сладкий свежий, кг",0.00266,8.094999944444444,0.021532699852222222,short_history,33
2027-01-01,1088,"Робот-пылесос, шт.",0.00116,0.8844446111111132,0.0010259557488888913,short_history,51
2027-01-01,1091,"Валосердин, 25 мл",0.00033,0.19944427777777365,6.581661166666531e-05,short_history,21
2027-01-01,1094,"Диклофенак, 15 мл",0.00038,0.798333222222218,0.0003033666244444429,short_history,21
2027-01-01,1095,"Кардиомагнил, 100 таблеток",0.0004,0.20611116666666224,8.24444666666649e-05,short_history,21
2027-01-01,1097,"Меновазин, 40 мл",0.00034,0.14833311111110625,5.043325777777613e-05,short_history,21
2027-01-01,1099,"Пенталгин, 24 таблетки",0.00035,0.3950001111111069,0.00013825003888888742,short_history,21
2027-01-01,1100,"Салициловая кислота, 40 мл",0.00031,0.8955553333333286,0.00027762215333333186,short_history,21
2027-01-01,1101,"Спазмалгон, 10 таблеток",0.0004,0.20055533333332912,8.022213333333164e-05,short_history,21
2027-01-01,1105,Воздушный и железнодорожный транспорт,0.00569,1.2999999999999972,0.0073969999999999834,missing_current_observation,47
2027-01-01,1107,"Печень птицы, кг",0.00225,1.756111222222221,0.003951250249999997,short_history,26
2027-01-01,1108,"Кефир, кг",0.00427,0.9388887777777816,0.0040090550811111274,short_history,24
2027-01-01,1109,"Сырки творожные, глазированные, кг",0.00124,1.2255555000000034,0.0015196888200000043,short_history,24
2027-01-01,1110,"Вода питьевая, л",0.00157,2.0144369444444408,0.003162666002777772,short_history,53
2027-01-01,1111,"Жидкие средства для стирки, л",0.00146,-0.3494467222222303,-0.0005101922144444561,short_history,25
2027-01-01,1112,"Помада, шт.",0.00092,0.6133331666666746,0.0005642665133333407,short_history,30
2027-01-01,1113,"Блоки строительные, 1000 шт.",0.00028,-0.3527743888888853,-9.877682888888787e-05,short_history,38
2027-01-01,1114,"Компримированный природный газ, м3",0.00189,-1.548888888888891,-0.002927400000000004,short_history,42
2027-01-01,1115,"Хлоропирамин, 10 таблеток",0.00036,0.19888894444444027,7.16000199999985e-05,short_history,21
2027-01-01,1116,"Цетиризин, 10 таблеток",0.00037,0.20166661111110626,7.461664611110931e-05,short_history,21
2027-01-01,1117,"Интерферон альфа-2В, 10 мл",0.00039,0.09555555555555076,3.7266666666664796e-05,short_history,21
2027-01-01,1118,"Метопролол, 10 таблеток",0.00046,-0.07666705555555908,-3.5266845555557176e-05,short_history,21
2027-01-01,1119,"Спиронолактон, 10 таблеток",0.00035,-0.0055557777777824335,-1.944522222223852e-06,short_history,21
2027-01-01,1120,"Лозартан, 10 таблеток",0.0004,0.31666649999999585,0.00012666659999999836,short_history,21
2027-01-01,1121,"Аторвастатин, 10 таблеток",0.0004,0.21388883333332842,8.555553333333137e-05,short_history,21
2027-01-01,1122,"Мелоксикам, 10 таблеток",0.00038,0.06499972222221828,2.469989444444295e-05,short_history,21
2027-01-01,1123,"Кеторолак, 10 таблеток",0.00042,1.0133332222222173,0.0004255999533333313,short_history,21
2027-01-01,1124,"Розувастатин, 10 таблеток",0.00034,0.15666633333332827,5.3266553333331616e-05,short_history,21
2027-01-01,1125,"Алтея лекарственного травы экстракт, 10 таблеток",0.00041,0.04555555555555124,1.867777777777601e-05,short_history,21
2027-01-01,1126,"Римантадин, 10 таблеток",0.00032,-0.034444833333337366,-1.1022346666667957e-05,short_history,21
2027-01-01,1127,"Погребение, услуга",0.00034,0.8588888888888861,0.00029202222222222133,short_history,12
2027-01-01,1128,"Курьерская доставка, услуга",0.00012,-0.7960026666666711,-9.552032000000053e-05,short_history,55
2027-01-01,1129,"Междугородная телефонная связь, минута",0.00019,0.52055583333334,9.890560833333461e-05,short_history,48
2027-01-01,1131,"Вода минеральная, л",0.00085,2.2494370555555516,0.0019120214972222188,short_history,53
2027-02-01,101,"Абонентская плата за доступ к сети Интернет, месяц",0.0085699999999999,0.1421877634635324,0.0012185491328824585,native,48
2027-02-01,103,"Абонентская плата за неограниченный объем местных телефонных соединений, месяц",0.00026,0.3340618422430239,8.68560789831862e-05,native,48
2027-02-01,104,"Абонентская плата за пакет услуг сотовой связи, месяц",0.01009,0.5131357042943967,0.005177539256330463,native,48
2027-02-01,106,"Абонентская плата за телевизионную антенну, месяц",0.00219,0.5229585206776058,0.0011452791602839568,native,48
2027-02-01,107,"Абонентская плата при комбинированной системе оплаты услуг местной телефонной связи, месяц",0.00022,0.3468626831506032,7.630979029313271e-05,native,48
2027-02-01,109,"Авторучка шариковая, шт.",0.00063,0.9634826644381819,0.0006069940785960546,native,54
2027-02-01,112,"Альбом для рисования, шт.",0.00023,0.14598463715181567,3.3576466544917606e-05,native,54
2027-02-01,113,"Амброксол, 30 мг, 10 таблеток",0.00035,0.7406310140174965,0.00025922085490612376,native,21
2027-02-01,115,"Апельсины, кг",0.00434,-2.332929609074873,-0.010124914503384949,native,33
2027-02-01,116,"Аппарат для измерения артериального давления электронный, шт.",0.0002,0.7993131004850329,0.00015986262009700657,native,21
2027-02-01,117,"Аренда двухкомнатной квартиры у частных лиц, месяц",0.00506,0.33707805139327685,0.0017056149400499808,native,14
2027-02-01,118,"Аренда индивидуального банковского сейфа, в расчете на месяц",0.00011,0.7358128107338171,8.093940918071988e-05,native,55
2027-02-01,119,"Аренда однокомнатной квартиры у частных лиц, месяц",0.00435,0.5217722345973468,0.0022697092204984584,native,14
2027-02-01,120,"Ацетилсалициловая кислота (Аспирин отечественный), 500 мг, 10 таблеток",0.00029,1.069900639545092,0.0003102711854680767,native,21
2027-02-01,121,"Бананы, кг",0.00418,2.5823217223658443,0.010794104799489229,native,33
2027-02-01,122,"Баранина (кроме бескостного мяса), кг",0.00651,1.1665497657004118,0.007594238974709681,native,26
2027-02-01,123,"Бараночные изделия, кг",0.00116,0.4216431547759139,0.0004891060595400602,native,49
2027-02-01,124,"Батарейки электрические типа АА, шт.",0.00019,0.4771614004464474,9.066066608482501e-05,native,51
2027-02-01,126,"Белье для новорожденных и детей ясельного возраста, шт.",0.00028,0.8011301641458068,0.0002243164459608259,native,29
2027-02-01,130,"Бензин автомобильный марки АИ-92, л",0.01023,-6.132532913727719,-0.06273581170743456,native,42
2027-02-01,131,"Бензин автомобильный марки АИ-95, л",0.01543,-6.936617006614109,-0.1070320004120557,native,42
2027-02-01,132,"Бензин автомобильный марки АИ-98, л",0.00117,0.44007419308162476,0.000514886805905501,native,42
2027-02-01,134,"Бинт, шт.",4e-05,2.7448636520857455,0.00010979454608342983,native,21
2027-02-01,135,"Бисопролол, 10 мг, 10 таблеток",0.00039,0.4228093617269568,0.00016489565107351316,native,21
2027-02-01,136,"Блузка для девочек школьного возраста, шт.",0.00106,0.35832557938473025,0.00037982511414781406,native,29
2027-02-01,137,"Блузка женская, шт.",0.00257,0.48917817767461086,0.0012571879166237499,native,29
2027-02-01,138,"Ботинки, полуботинки для детей дошкольного возраста, пара",0.00078,-0.02136070722583755,-1.666135163615329e-05,native,27
2027-02-01,139,"Ботинки, полуботинки для детей школьного возраста, пара",0.0012,-0.042628244350291014,-5.115389322034921e-05,native,27
2027-02-01,141,"Брюки для детей школьного возраста из джинсовой ткани, шт.",0.00098,0.25011468628660016,0.00024511239256086816,native,29
2027-02-01,142,"Брюки для детей школьного возраста из полушерстяных тканей, шт.",0.00088,0.2205172173795238,0.00019405515129398095,native,29
2027-02-01,143,"Брюки женские из полушерстяных или смесовых тканей, шт.",0.00204,0.3749523512934051,0.0007649027966385465,native,29
2027-02-01,144,"Брюки мужские из джинсовой ткани (джинсы), шт.",0.00408,0.17013608901137764,0.0006941552431664208,native,29
2027-02-01,145,"Брюки мужские из полушерстяных или смесовых тканей, шт.",0.00183,0.47099360646747024,0.0008619182998354705,native,29
2027-02-01,146,"Булочные изделия сдобные из муки высшего сорта штучные, кг",0.00169,0.8612340351824919,0.0014554855194584113,native,49
2027-02-01,147,"Бумага туалетная, рулон",0.00099,1.5798757969149264,0.001564077038945777,native,54
2027-02-01,149,"Бюстгальтер, шт.",0.00143,0.45824115220733275,0.0006552848476564858,native,13
2027-02-01,150,"Валидол, 60 мг, 10 таблеток",0.00032,4.9150058927811475,0.0015728018856899673,native,21
2027-02-01,152,"Варенье, джем, повидло, кг",0.00113,0.550088874648246,0.0006216004283525179,native,53
2027-02-01,154,"Вата отечественная, 100 г",0.00014,1.1679097403027745,0.0001635073636423884,native,21
2027-02-01,155,"Велосипед для дошкольников, шт.",0.00107,0.808117686749681,0.0008646859248221587,native,54
2027-02-01,156,"Велосипед дорожный для взрослых, шт.",0.00059,0.43339201907307356,0.0002557012912531134,native,54
2027-02-01,158,"Вермишель, кг",0.00142,0.7629836828640483,0.0010834368296669485,native,18
2027-02-01,162,"Взносы на капитальный ремонт, м2",0.00784,0.41936129697996405,0.003287792568322918,native,14
2027-02-01,164,"Вино виноградное крепленое, л",0.00134,0.2246930660238025,0.0003010887084718954,native,11
2027-02-01,165,"Вино виноградное столовое, л",0.00172,0.535639415350613,0.0009212997944030543,native,11
2027-02-01,166,"Вино игристое отечественное, л",0.00136,0.5749382712590413,0.0007819160489122962,native,11
2027-02-01,167,"Виноград, кг",0.00338,7.491053055058124,0.025319759326096463,native,33
2027-02-01,171,"Водка, л",0.0033,1.0942572047301193,0.003611048775609394,native,11
2027-02-01,172,"Водоотведение, м3",0.00325,-0.125380901146418,-0.0004074879287258585,native,14
2027-02-01,173,"Водоснабжение горячее, м3",0.00592,0.036627280870755174,0.00021683350275487063,native,14
2027-02-01,174,"Водоснабжение холодное, м3",0.0053,0.03311338473893666,0.00017550093911636427,native,14
2027-02-01,181,"Выполнение обойных работ, 10 м2",0.00103,0.9941961525708902,0.001024022037148017,native,12
2027-02-01,182,"Выполнение работ по облицовке кафельной плиткой, м2",0.00119,0.7844130160068072,0.0009334514890481007,native,12
2027-02-01,184,"Газ сетевой, м3",0.01097,0.09680206506064593,0.001061918653715286,native,14
2027-02-01,185,"Газ сетевой, месяц с человека",0.0095,0.09583464736311315,0.0009104291499495748,native,14
2027-02-01,189,"Газовое моторное топливо, л",0.00226,-2.272133170573163,-0.005135020965495347,native,42
2027-02-01,195,"Говядина (кроме бескостного мяса), кг",0.01634,0.5167526574891936,0.008443738423373424,native,26
2027-02-01,196,"Говядина бескостная, кг",0.01193,0.7883049201444358,0.009404477697323119,native,26
2027-02-01,197,"Годовая стоимость полиса добровольного страхования жилья от стандартных рисков, полис",0.00027,0.48889650140609786,0.0001320020553796464,native,55
2027-02-01,198,"Годовая стоимость полиса добровольного страхования легкового автомобиля от стандартных рисков (КАСКО), полис",0.00223,1.188861899166708,0.0026511620351417587,native,55
2027-02-01,203,"Горох и фасоль, кг",0.00191,0.4614197194805416,0.0008813116642078345,native,18
2027-02-01,204,"Груши, кг",0.00292,3.790702671610375,0.011068851801102295,native,33
2027-02-01,205,"Джемпер для детей школьного возраста, шт.",0.00045,0.19035501548771683,8.565975696947257e-05,native,43
2027-02-01,206,"Джемпер женский, шт.",0.00129,0.6193601955715454,0.0007989746522872936,native,43
2027-02-01,207,"Джемпер мужской, шт.",0.00127,0.2974744236840513,0.00037779251807874516,native,43
2027-02-01,208,"Диван-кровать, шт.",0.00253,0.4596948382059629,0.0011630279406610862,native,20
2027-02-01,209,"Дизельное топливо, л",0.00286,0.13624359917133066,0.0003896566936300057,native,42
2027-02-01,210,"Дом отдыха, пансионат, день",0.00177,0.519999999999996,0.000920399999999993,short_history,35
2027-02-01,211,"Дополнительные занятия в государственных и муниципальных общеобразовательных организациях очной формы обучения, академический час",0.00031,0.056222141436257714,1.742886384523989e-05,native,44
2027-02-01,212,"Дополнительные занятия для детей дошкольного возраста, академический час",0.00189,0.2871877261485401,0.0005427848024207408,native,44
2027-02-01,213,"Доска обрезная, м3",0.00153,0.5253125792534682,0.0008037282462578063,native,38
2027-02-01,214,"Дрель электрическая, шт.",0.00056,0.3962920132063999,0.00022192352739558392,native,15
2027-02-01,216,"Дротаверин (Но-шпа), 40 мг, 100 таблеток",0.00039,0.8259227844528612,0.00032210988593661585,native,21
2027-02-01,218,"Еврошифер, 10 м2",0.00011,0.17723022670474642,1.9495324937522106e-05,native,38
2027-02-01,221,"Жевательная резинка, упаковка",0.00016,0.567886766427082,9.086188262833313e-05,native,16
2027-02-01,223,"Жидкие чистящие и моющие средства, л",0.00353,0.5830342020102086,0.0020581107330960363,native,25
2027-02-01,228,"Занятия в плавательных бассейнах, месяц",0.00091,0.5052426882003119,0.00045977084626228385,native,55
2027-02-01,229,"Занятия на курсах иностранных языков, академический час",0.00156,0.3990976157497908,0.0006225922805696737,native,44
2027-02-01,230,"Занятия на курсах профессионального обучения, академический час",0.00123,0.33309948060833167,0.00040971236114824793,native,44
2027-02-01,231,"Земля для растений, л",0.00027,0.4609382920432798,0.00012445333885168554,native,54
2027-02-01,232,"Зеркало навесное для ванной комнаты, шт.",0.00125,0.34577907935039176,0.0004322238491879897,native,20
2027-02-01,233,"Зефир, пастила, кг",0.00143,0.680950827970603,0.0009737596839979624,native,16
2027-02-01,234,"Зонт, шт.",0.00109,0.5417789815674428,0.0005905390899085127,native,13
2027-02-01,236,"Игрушки мягкие, шт.",0.00012,0.415992217558698,4.9919066107043756e-05,native,54
2027-02-01,237,"Игрушки пластмассовые для детей ясельного возраста, шт.",0.00039,0.6922382990552092,0.00026997293663153155,native,54
2027-02-01,238,"Изготовление гроба, шт.",0.00038,0.24736004432908193,9.399681684505114e-05,native,12
2027-02-01,239,"Изготовление коронки, шт.",0.00131,0.47979844394101545,0.0006285359615627302,native,22
2027-02-01,240,"Изготовление съёмного протеза, протез",0.00127,0.3156981079091836,0.00040093659704466323,native,22
2027-02-01,241,"Изготовление фотографий для документов, 4 шт.",0.00011,0.6485171711135984,7.133688882249582e-05,native,12
2027-02-01,243,"Икра лососевых рыб, отечественная, кг",0.00046,0.4861723494169114,0.00022363928073177924,native,34
2027-02-01,244,"Индапамид, 2,5 мг, 10 таблеток",0.00035,-0.8477793333333289,-0.0002967227666666651,calendar_gap_in_required_features,21
2027-02-01,245,"Йогурт, 125 г",0.00113,0.9392017163045042,0.0010612979394240896,native,24
2027-02-01,246,"Йод, 10 мл",0.00036,1.4357664123709655,0.0005168759084535476,native,21
2027-02-01,247,"Какао, кг",0.00055,1.227998890133617,0.0006753993895734894,native,50
2027-02-01,248,"Кальмары мороженые, кг",0.00023,1.033082345647178,0.00023760893949885097,native,34
2027-02-01,249,"Капуста белокочанная свежая, кг",0.00236,8.074491192155353,0.019055799213486633,native,33
2027-02-01,250,"Карамель, кг",0.00369,0.4765880907338873,0.0017586100548080442,native,16
2027-02-01,251,"Карандаш чернографитный, шт.",0.00034,0.22355133414476647,7.60074536092206e-05,native,54
2027-02-01,252,"Картофель, кг",0.00612,6.636787626777986,0.04061714027588127,native,33
2027-02-01,253,"Кастрюля из эмалированной или нержавеющей стали, шт.",0.00178,0.42185606672299697,0.0007509037987669346,native,54
2027-02-01,254,"Кексы, рулеты, кг",0.00333,0.7531422573751718,0.0025079637170593223,native,16
2027-02-01,256,"Кетчуп, кг",0.00182,0.734493901319371,0.0013367789004012551,native,53
2027-02-01,257,"Кинотеатры, билет",0.00023,-1.4281163272537425,-0.0003284667552683608,native,46
2027-02-01,258,"Кирпич красный, 1000 шт.",0.00015,0.294235600791938,4.41353401187907e-05,native,38
2027-02-01,259,"Кисломолочные продукты, кг",0.00311,0.8751755832809364,0.002721796064003712,native,24
2027-02-01,260,"Клинический осмотр животного, посещение",0.00037,0.39179191304113675,0.0001449630078252206,native,55
2027-02-01,261,"Книга художественная, шт.",0.00028,0.2458711989409712,6.884393570347193e-05,native,32
2027-02-01,263,"Ковер, ковровое покрытие (палас) синтетический, м2",0.00279,0.4882844364382152,0.0013623135776626204,native,54
2027-02-01,265,"Колбаса вареная, кг",0.00464,1.1105479799007618,0.005152942626739535,native,26
2027-02-01,266,"Колбаса полукопченая и варено-копченая, кг",0.00298,0.0765962976722388,0.00022825696706327162,native,26
2027-02-01,267,"Колбаса сырокопченая, кг",0.00053,1.2900051250385607,0.0006837027162704372,native,26
2027-02-01,271,"Колготки детские, шт.",0.00035,0.6261385610564625,0.00021914849636976187,native,54
2027-02-01,272,"Колготки женские эластичные, шт.",0.00127,0.9323839563506526,0.001184127624565329,native,54
2027-02-01,273,"Кольцо обручальное золотое, грамм",0.00353,1.5278485988048487,0.005393305553781116,native,54
2027-02-01,274,"Коляска для новорожденного, шт.",0.00064,0.3901822652759192,0.0002497166497765883,native,13
2027-02-01,275,"Комбинезон (костюм) утепленный для детей дошкольного возраста, шт.",0.00047,-0.44637981923111125,-0.0002097985150386223,native,29
2027-02-01,276,"Комбинезон утепленный для детей до одного года, шт.",0.00038,0.3077704490608993,0.00011695277064314174,native,29
2027-02-01,280,"Комплект постельного белья полутораспальный из хлопчатобумажной ткани, комплект",0.0027,0.45561742669393834,0.0012301670520736335,native,29
2027-02-01,281,"Комплект столовых приборов, комплект на 1 человека",0.00028,0.5428545166224709,0.00015199926465429183,native,54
2027-02-01,282,"Компьютер персональный переносной (ноутбук), шт.",0.00185,0.30434097958092665,0.0005630308122247143,native,31
2027-02-01,283,"Компьютер планшетный, шт.",0.00162,-0.444981590572742,-0.000720870176727842,native,31
2027-02-01,285,"Консервы мясные для детского питания, кг",3e-05,1.4736531530291161,4.420959459087349e-05,native,26
2027-02-01,286,"Консервы мясные, 350 г",0.00041,0.7610222187884021,0.0003120191097032449,native,26
2027-02-01,288,"Консервы овощные для детского питания, кг",8e-05,1.415496825428124,0.00011323974603424992,native,53
2027-02-01,290,"Консервы рыбные в томатном соусе, 350 г",0.0005,1.055963451249755,0.0005279817256248775,native,34
2027-02-01,291,"Консервы рыбные натуральные и с добавлением масла, 350 г",0.0013,0.796702705840586,0.0010357135175927618,native,34
2027-02-01,292,"Консервы томатные, кг",0.00128,0.9805204623094063,0.00125506619175604,native,53
2027-02-01,294,"Консервы фруктово-ягодные для детского питания, кг",9e-05,1.0566962713911439,9.510266442520295e-05,native,53
2027-02-01,295,"Конструктор детский пластмассовый, набор",0.00029,0.30042140985762206,8.71222088587104e-05,native,54
2027-02-01,296,"Конфеты мягкие, глазированные шоколадом, кг",0.00332,0.8065267548085112,0.0026776688259642573,native,16
2027-02-01,298,"Конфеты шоколадные натуральные и с добавками, кг",0.003,0.9751664389580972,0.002925499316874292,native,16
2027-02-01,301,"Коньяк ординарный отечественный, л",0.00278,0.4883355485257981,0.0013575728249017186,native,11
2027-02-01,302,"Корвалол, 25 мл",0.00039,1.3954270436508902,0.0005442165470238472,native,21
2027-02-01,303,"Корригирующие очки, шт.",0.00097,0.4167298179502763,0.00040422792341176806,native,21
2027-02-01,304,"Костюм-двойка мужской из шерстяных, полушерстяных или смесовых  тканей, шт.",0.00255,0.30699504823147217,0.0007828373729902541,native,29
2027-02-01,305,"Костюм спортивный для взрослых, шт.",0.00175,0.4618175354275546,0.0008081806869982206,native,43
2027-02-01,306,"Костюм спортивный для детей школьного возраста, шт.",0.00141,0.37159405688306235,0.0005239476202051179,native,43
2027-02-01,307,"Костюм трикотажный для детей ясельного возраста, шт.",0.00037,0.23401839196426585,8.658680502677837e-05,native,43
2027-02-01,309,"Кофе в организациях быстрого обслуживания, 200 г",0.00148,0.5264551555044237,0.000779153630146547,native,28
2027-02-01,310,"Кофе натуральный в зернах и молотый, кг",0.00406,0.7206598350587555,0.0029258789303385478,native,50
2027-02-01,311,"Кофе натуральный растворимый, кг",0.00547,0.9494392376099474,0.005193432629726412,native,50
2027-02-01,312,"Краска для волос, шт.",0.00069,0.8090647863065996,0.0005582547025515537,native,30
2027-02-01,313,"Краски масляные, эмали отечественные, кг",0.00097,0.9283492493572855,0.0009004987718765669,native,38
2027-02-01,314,"Креветки мороженые неразделанные, кг",0.00036,0.8319418949657558,0.0002994990821876721,native,34
2027-02-01,315,"Крем для лица, 100 г (100 мл)",0.00159,0.878247114452728,0.0013964129119798374,native,30
2027-02-01,316,"Кровать для новорожденных,шт.",0.00051,0.5756716227056247,0.0002935925275798686,native,20
2027-02-01,319,"Кроссовые туфли для детей с верхом из искусственной кожи, пара",0.00156,0.4282675713849078,0.0006680974113604561,native,27
2027-02-01,320,"Крупа гречневая-ядрица, кг",0.00337,1.1578804337712083,0.003902057061808972,native,18
2027-02-01,322,"Крупа манная, кг",0.00059,1.0391256341116697,0.0006130841241258852,native,18
2027-02-01,323,"Крупы овсяная и перловая, кг",0.00032,0.4887216845806549,0.00015639093906580958,native,18
2027-02-01,324,"Ксерокопирование документа, лист",0.0009,0.7323844660490642,0.0006591460194441578,native,55
2027-02-01,325,"Ксилометазолин (Галазолин) 0,1%, 10 мл",0.00051,0.3191618126775225,0.0001627725244655365,native,21
2027-02-01,326,"Кулинарные изделия из птицы, кг",0.00167,0.6227996655288373,0.0010400754414331582,native,26
2027-02-01,327,"Куртка для детей дошкольного возраста с верхом из плащевых тканей утепленная, шт.",0.00088,-0.5766070235604774,-0.0005074141807332201,native,29
2027-02-01,328,"Куртка для детей школьного возраста с верхом из плащевых тканей утепленная, шт.",0.00084,-0.007579080832671614,-6.366427899444156e-06,native,29
2027-02-01,329,"Куртка женская без утеплителя (ветровка), шт.",0.00271,0.22579470384077593,0.0006119036474085028,native,29
2027-02-01,330,"Куртка мужская без утеплителя (ветровка), шт.",0.00269,0.12797833142678344,0.00034426171153804745,native,29
2027-02-01,331,"Куртка мужская из натуральной кожи, шт.",0.00068,0.27296455962957966,0.0001856159005481142,native,29
2027-02-01,332,"Куртка мужская с верхом из плащевых тканей утепленная, шт.",0.00192,-0.4232746015223672,-0.000812687234922945,native,29
2027-02-01,333,"Куры охлажденные и мороженые, кг",0.00958,0.009411851615129696,9.016553847294249e-05,native,26
2027-02-01,334,"Ламинат, м2",0.00167,0.4060552779049985,0.0006781123141013475,native,38
2027-02-01,335,"Лампа электрическая осветительная, шт.",0.00019,0.6492843187078955,0.00012336402055450015,native,51
2027-02-01,336,"Лампа энергосберегающая, шт.",0.00022,-0.8497295902965465,-0.00018694050986524025,native,51
2027-02-01,337,"Левомеколь, мазь, 40 г",0.00041,1.187089333229709,0.00048670662662418066,native,21
2027-02-01,338,"Легковой автомобиль импортный подержанный, шт.",0.01012,0.618712121835736,0.006261366672977648,native,17
2027-02-01,339,"Легковой автомобиль иностранной марки новый, шт.",0.00959,0.3788886666666613,0.003633542313333282,insufficient_training_rows,17
2027-02-01,340,"Легковой автомобиль отечественный новый, шт.",0.00753,0.524928278429105,0.003952709936571161,native,17
2027-02-01,341,"Лечебный массаж, сеанс",0.00013,0.39022393948608086,5.0729112133190505e-05,native,22
2027-02-01,342,"Лечение кариеса, пломба",0.00221,0.609418961984904,0.0013468159059866378,native,22
2027-02-01,343,"Лимоны, кг",0.00185,2.8013731602255105,0.005182540346417195,native,33
2027-02-01,345,"Линолеум, м2",0.00085,0.5807486931397132,0.0004936363891687562,native,38
2027-02-01,346,"Лопата садовая, шт.",0.00015,0.652967725680431,9.794515885206465e-05,native,54
2027-02-01,347,"Лоперамид, 2 мг, 10 капсул (таблеток)",0.00036,-0.08179358856156335,-2.944569188216281e-05,native,21
2027-02-01,349,"Лук репчатый, кг",0.00236,11.919619066195082,0.028130300996220395,native,33
2027-02-01,350,"Майка, футболка женская бельевая, шт.",0.00079,0.42760106252802677,0.00033780483939714113,native,43
2027-02-01,351,"Майка, футболка мужская бельевая, шт.",0.00151,0.6610824369532287,0.0009982344797993753,native,43
2027-02-01,352,"Майонез, кг",0.00223,0.815533913283452,0.0018186406266220982,native,53
2027-02-01,354,"Макаронные изделия из пшеничной муки высшего сорта, кг",0.00382,0.605197010885811,0.002311852581583798,native,18
2027-02-01,355,"Маникюр,услуга",0.0057,0.5109065942055256,0.0029121675869714964,native,12
2027-02-01,357,"Маргарин, кг",0.0008,0.8462827708179281,0.0006770262166543425,native,19
2027-02-01,358,"Масло оливковое, л",0.00257,0.792472177025457,0.0020366534949554246,native,19
2027-02-01,359,"Масло подсолнечное, кг",0.00543,0.47215233852752636,0.002563787198204468,native,19
2027-02-01,360,"Масло сливочное, кг",0.00872,0.8742261065753918,0.0076232516493374165,native,19
2027-02-01,362,"Матрас детский, шт.",0.00051,0.6846051885245266,0.00034914864614750857,native,20
2027-02-01,363,"Машина стиральная автоматическая, шт.",0.0019,0.5337220917833627,0.001014071974388389,native,51
2027-02-01,365,"Мёд пчелиный натуральный, кг",0.00469,0.49761452915225524,0.002333812141724077,native,53
2027-02-01,369,"Металлочерепица, м2",0.00052,0.25055055837926193,0.00013028629035721618,native,38
2027-02-01,370,"Метамизол натрия (Анальгин отечественный), 500 мг, 10 таблеток",0.00036,0.7779303333590906,0.0002800549200092726,native,21
2027-02-01,373,"Миксер, блендер, шт.",0.00176,0.49862045557298373,0.0008775720018084514,native,51
2027-02-01,374,"Мойка из нержавеющей стали для кухни, шт.",0.00182,0.20968935916491482,0.000381634633680145,native,38
2027-02-01,375,"Мойка легкового автомобиля, услуга",0.00529,0.8787273631409831,0.004648467751015801,native,12
2027-02-01,378,"Молоко питьевое цельное пастеризованное 2,5-3,2% жирности, л",0.00302,0.8501619958586145,0.002567489227493016,native,24
2027-02-01,379,"Молоко питьевое цельное стерилизованное 2,5-3,2% жирности, л",0.00232,0.9075484296118539,0.002105512356699501,native,24
2027-02-01,380,"Молоко сгущенное с сахаром, 400 г",0.00113,0.7241932405824603,0.0008183383618581801,native,24
2027-02-01,381,"Монитор для настольного компьютера, шт.",0.00052,0.11186121112896769,5.816782978706319e-05,native,31
2027-02-01,382,"Морковь, кг",0.0021,8.171992292771602,0.017161183814820364,native,33
2027-02-01,384,"Мороженое сливочное, кг",0.00491,1.3329415108262315,0.006544742818156797,native,53
2027-02-01,386,"Музеи и выставки, билет",9e-05,0.2666838854128114,2.4001549687153027e-05,native,46
2027-02-01,388,"Мука пшеничная, кг",0.00424,0.5377673198737372,0.0022801334362646457,native,53
2027-02-01,389,"Мыло туалетное, 100 г",0.00099,0.8189952911892824,0.0008108053382773896,native,25
2027-02-01,390,"Мыло хозяйственное, 200 г",0.00174,1.1029699716819477,0.001919167750726589,native,25
2027-02-01,393,"Мясо индейки, кг",0.00424,0.8403111132432777,0.003562919120151497,native,26
2027-02-01,395,"Мясокопчености, кг",0.00303,0.7181985103033142,0.002176141486219042,native,26
2027-02-01,396,"Мяч футбольный, шт.",0.00026,0.39275967863947847,0.00010211751644626439,native,54
2027-02-01,397,"Набор корпусной мебели, комплект",0.00062,0.5543104631754218,0.0003436724871687615,native,20
2027-02-01,399,"Набор фломастеров, набор",0.00032,0.32983254780705784,0.00010554641529825852,native,54
2027-02-01,400,"Наём жилых помещений в государственном и муниципальном жилищных фондах, м2 общей площади",0.00012,13.2955983530887,0.001595471802370644,native,14
2027-02-01,402,"Напитки газированные, л",0.00389,0.7122378490370985,0.002770605232754313,native,53
2027-02-01,404,"Национальные сыры и брынза, кг",0.00741,0.7103768930189567,0.0052638927772704685,native,39
2027-02-01,405,"Начальный курс обучения вождению легкового автомобиля, курс",0.00108,0.6047142888243138,0.0006530914319302589,native,44
2027-02-01,406,"Нимесулид, 100 мг, 10 таблеток",0.0004,0.8999249138765659,0.0003599699655506264,native,21
2027-02-01,408,"Нитки швейные, катушка",0.00011,0.7265271866245938,7.991799052870532e-05,native,54
2027-02-01,410,"Носки мужские, пара",0.00108,0.7728020966600901,0.0008346262643928973,native,54
2027-02-01,411,"Носки, гольфы детские, пара",0.00017,0.2773109457679313,4.7142860780548324e-05,native,54
2027-02-01,412,"Обед в ресторане, на 1 человека",0.00201,0.6524861246687366,0.0013114971105841605,native,28
2027-02-01,413,"Обед в столовой, кафе, закусочной (кроме столовой в организации), на 1 человека",0.00697,0.7476913632864356,0.005211408802106456,native,28
2027-02-01,415,"Обои виниловые, 10 м",0.00248,0.6769800307359424,0.001678910476225137,native,38
2027-02-01,416,"Обращение с твердыми коммунальными отходами, с человека",0.00398,0.09084607228899294,0.0003615673677101919,native,14
2027-02-01,420,"Обувь домашняя с текстильным верхом для взрослых, пара",0.00161,0.4182455530903823,0.0006733753404755155,native,27
2027-02-01,421,"Обувь домашняя с текстильным верхом для детей, пара",0.00017,0.6156717536018461,0.00010466419811231385,native,27
2027-02-01,426,"Обучение в государственных и муниципальных образовательных организациях высшего профессионального образования, семестр",0.00346,0.022710307015410824,7.857766227332145e-05,native,44
2027-02-01,427,"Обучение в негосударственных образовательных организациях высшего профессионального образования, семестр",0.00191,0.0,0.0,native,44
2027-02-01,429,"Обучение в образовательных организациях среднего профессионального образования, семестр",0.0022,-0.11289726430018393,-0.0002483739814604047,native,44
2027-02-01,430,"Общий анализ крови, анализ",0.00092,0.41001215984979256,0.00037721118706180915,native,22
2027-02-01,432,"Овощи замороженные, кг",0.00068,0.7409346582934906,0.0005038355676395736,native,33
2027-02-01,433,"Овощи натуральные консервированные, маринованные, кг",0.0028,0.4520662210754684,0.0012657854190113115,native,53
2027-02-01,434,"Овсяные хлопья ""Геркулес"", кг",0.00132,0.6877585488287756,0.0009078412844539839,native,18
2027-02-01,435,"Огурцы свежие, кг",0.00468,4.942198361100475,0.023129488329950224,native,33
2027-02-01,442,"Одеяло стеганое, шт.",0.00247,0.4894382541628183,0.0012089124877821612,native,29
2027-02-01,443,"Окорочка куриные, кг",0.00549,0.3361843060536204,0.0018456518402343758,native,26
2027-02-01,447,"Орехи, кг",0.0019,0.649162281235452,0.001233408334347359,native,33
2027-02-01,448,"Отопление, Гкал",0.00924,0.062342228721361914,0.0005760421933853841,native,14
2027-02-01,449,"Оформление доверенности в нотариальной конторе, услуга",0.00012,1.0409347507601516,0.0001249121700912182,native,55
2027-02-01,451,"Пальто (полупальто) женское с верхом из плащевых тканей, шт.",0.00177,-0.09378059362439406,-0.0001659916507151775,native,29
2027-02-01,452,"Пальто женское демисезонное из шерстяных или полушерстяных тканей, шт.",0.00203,0.20402989309904868,0.00041418068299106886,native,29
2027-02-01,453,"Пальто женское зимнее из шерстяных или полушерстяных тканей, шт.",0.00095,0.0846601009074833,8.042709586210914e-05,native,29
2027-02-01,454,"Пальто женское меховое и дубленка, шт.",0.00102,0.6291374208293896,0.0006417201692459775,native,23
2027-02-01,455,"Панкреатин, 10 таблеток",0.00038,0.5431136918910257,0.00020638320291858976,native,21
2027-02-01,456,"Панталоны, трусы женские, шт.",0.00127,0.4579390748909482,0.0005815826251115043,native,43
2027-02-01,457,"Паста зубная, 100 г (100 мл)",0.00191,1.1892611271230646,0.0022714887528050534,native,30
2027-02-01,458,"Пеленки для новорожденных, шт.",0.00019,0.36784760016657614,6.989104403164947e-05,native,29
2027-02-01,459,"Пельмени, манты, равиоли, кг",0.00524,0.9673741813058097,0.005069040710042443,native,26
2027-02-01,460,"Первичный консультативный осмотр больного у стоматолога, посещение",0.00106,1.3060570452995486,0.0013844204680175214,native,22
2027-02-01,461,"Первичный консультативный прием у врача специалиста, посещение",0.00207,0.8627605171126946,0.0017859142704232777,native,22
2027-02-01,464,"Пересылка простого письма внутри России, массой до 20 г, шт.",1e-05,1.27781691940823,1.2778169194082302e-05,native,55
2027-02-01,466,"Перчатки из натуральной кожи, пара",0.00011,0.013259213602553402,1.4585134962808744e-06,native,13
2027-02-01,467,"Перчатки трикотажные женские, пара",6e-05,-0.08470062485546312,-5.082037491327787e-06,native,43
2027-02-01,468,"Печать цветных фотографий, шт.",0.00011,0.9788785145701902,0.00010767663660272091,native,12
2027-02-01,469,"Печень говяжья, свиная, кг",0.00275,1.1943116083046834,0.003284356922837879,native,26
2027-02-01,470,"Печенье, кг",0.00549,0.7657713120465921,0.00420408450313579,native,16
2027-02-01,471,"Печь микроволновая, шт.",0.00067,0.5870241729157741,0.00039330619585356867,native,51
2027-02-01,475,"Пиджак, жакет женский из шерстяных, полушерстяных или смесовых тканей, шт.",0.00359,0.2791294261983951,0.0010020746400522384,native,29
2027-02-01,478,"Плата за пересылку простой посылки внутри России массой 1-2 кг, шт.",0.00013,0.5086167237278305,6.612017408461796e-05,native,55
2027-02-01,479,"Плата за пользование потребительским кредитом (процентная ставка в стоимостном выражении), руб.",0.00656,0.8616157861003986,0.005652199556818615,native,55
2027-02-01,480,"Платье (платье-костюм) женское из полушерстяных или смесовых тканей, шт.",0.00401,0.5103268774595361,0.0020464107786127396,native,29
2027-02-01,481,"Платье (платье-костюм) женское из хлопчатобумажных или смесовых тканей, шт.",0.00396,0.9253421350752749,0.0036643548548980884,native,29
2027-02-01,482,"Платье (платье-костюм, сарафан) для девочек школьного возраста из полушерстяных, смесовых  тканей, шт.",0.00051,0.1494419999093539,7.621541995377049e-05,native,29
2027-02-01,483,"Платье (сарафан) летнее для девочек дошкольного возраста, шт.",0.00029,0.2801748902287564,8.125071816633935e-05,native,29
2027-02-01,484,"Плита бытовая, шт.",0.00148,0.5676810556962711,0.0008401679624304813,native,51
2027-02-01,485,"Плитка керамическая, облицовочная для внутренних работ, м2",0.0019,0.4348226751342556,0.0008261630827550856,native,38
2027-02-01,486,"Плиты древесностружечные, ориентированно-стружечные, м2",0.0008899999999999,0.13816490586214542,0.0001229667662172956,native,38
2027-02-01,487,"Повторное получение гербового документа в органах ЗАГС, документ",0.00057,0.7463367211360508,0.0004254119310475489,native,55
2027-02-01,488,"Подгузники детские бумажные (памперсы), 10 шт.",0.00114,0.2384892060125192,0.00027187769485427184,native,54
2027-02-01,489,"Подушка, шт.",0.00248,0.5677425138161964,0.0014080014342641672,native,29
2027-02-01,496,"Ползунки из хлопчатобумажного трикотажного полотна, шт.",0.00019,0.6404582884321861,0.00012168707480211536,native,29
2027-02-01,500,"Полотенце кухонное, шт.",0.0012,0.6976487096445414,0.0008371784515734496,native,54
2027-02-01,501,"Полотенце личное, шт.",0.00239,0.5982271981620548,0.0014297630036073112,native,54
2027-02-01,502,"Полуботинки мужские с верхом из искусственной кожи, пара",0.00083,0.4176259393680729,0.0003466295296755005,native,27
2027-02-01,503,"Полуботинки, туфли мужские с верхом из натуральной кожи, пара",0.00277,0.3184752481732756,0.0008821764374399734,native,27
2027-02-01,505,"Пользование общественным туалетом, посещение",0.00047,0.7692628317789121,0.0003615535309360887,native,55
2027-02-01,506,"Помидоры свежие, кг",0.00574,7.288516026256614,0.04183608199071297,native,33
2027-02-01,507,"Помывка в бане в общем отделении, билет",0.00103,0.20370852573155845,0.00020981978150350522,native,12
2027-02-01,508,"Порошок стиральный, кг",0.00342,0.6024868194301451,0.0020605049224510963,native,25
2027-02-01,509,"Посещение детского ясли-сада, день",0.00038,0.6347870719625779,0.0002412190873457796,native,44
2027-02-01,511,"Постановка набоек, пара",0.00055,0.39128895299255617,0.0002152089241459059,native,12
2027-02-01,513,"Пребывание пациента в круглосуточном стационаре, койко-день",0.00042,-0.07031775888615843,-2.953345873218654e-05,native,22
2027-02-01,514,"Предоставление абоненту в постоянное пользование абонентской линии независимо от ее типа, месяц",0.00024,0.2772815981189354,6.65475835485445e-05,native,48
2027-02-01,518,"Предоставление местного телефонного соединения при повременной системе оплаты услуг связи, минута",0.00024,0.5196182747658917,0.00012470838594381403,native,48
2027-02-01,519,"Прививка животного, шт.",0.00019,0.1902919019151421,3.6155461363876995e-05,native,55
2027-02-01,524,"Продукция предприятий общественного питания быстрого обслуживания (сэндвич типа ""Гамбургер""), шт.",0.00269,0.7200886310376742,0.0019370384174913437,native,28
2027-02-01,525,"Проезд в городском автобусе,поездка",0.00185,0.9099237871554944,0.0016833590062376646,native,47
2027-02-01,527,"Проезд в маршрутном такси, поездка",0.00869,1.2715630187019502,0.011049882632519947,native,47
2027-02-01,528,"Проезд в междугородном автобусе, в расчете на 50 км пути",0.00057,0.7660616461349944,0.0004366551382969468,native,47
2027-02-01,531,"Проезд в такси, в расчете на 1 км пути",0.00415,0.09023467355065395,0.0003744738952352139,native,47
2027-02-01,533,"Проезд в троллейбусе, поездка",0.0001,0.7327300564097912,7.327300564097913e-05,native,47
2027-02-01,535,"Проживание в студенческом общежитии, месяц",2e-05,0.7052710768808508,1.4105421537617017e-05,native,55
2027-02-01,538,"Пряники, кг",0.0019,0.5710507035368475,0.0010849963367200103,native,16
2027-02-01,539,"Пшено, кг",0.00118,0.9789367524922252,0.0011551453679408258,native,18
2027-02-01,540,"Ранец, рюкзак для школьников, шт.",0.00108,0.3533192961656384,0.0003815848398588895,native,13
2027-02-01,541,"Регулировка развала-схождения колес легкового автомобиля, один вид работы",0.00423,0.6428948436333435,0.002719445188569043,native,12
2027-02-01,542,"Ремень мужской, шт.",0.00059,0.3082342343335165,0.00018185819825677473,native,13
2027-02-01,543,"Ремонт  телевизоров, один вид работы",0.00037,0.1763931042979235,6.526544859023169e-05,native,12
2027-02-01,544,"Ремонт брюк из всех видов тканей, один вид работы",0.00018,0.277323593857949,4.991824689443083e-05,native,12
2027-02-01,548,"Ремонт холодильников всех марок, один вид работы",0.00042,0.530575549721686,0.00022284173088310812,native,12
2027-02-01,552,"Рис шлифованный, кг",0.00479,0.766840947299694,0.003673168137565534,native,18
2027-02-01,554,"Рубероид, 10 м",0.00011,0.623286469887167,6.856151168758837e-05,native,38
2027-02-01,555,"Рыба живая и охлажденная, кг",0.00395,0.4342722498842153,0.0017153753870426506,native,34
2027-02-01,558,"Рыба мороженая неразделанная, кг",0.00303,0.37416804561501316,0.00113372917821349,native,34
2027-02-01,559,"Рыба мороженая разделанная (кроме лососевых пород), кг",0.005,0.5589362653213354,0.0027946813266066773,native,34
2027-02-01,560,"Рыба охлажденная и мороженая разделанная лососевых пород, кг",0.00181,0.5840675785911126,0.0010571623172499138,native,34
2027-02-01,561,"Рыба соленая, маринованная, копченая, кг",0.00142,1.3407770489374549,0.001903903409491186,native,34
2027-02-01,563,"Рюмка, фужер из простого стекла, шт.",0.00054,0.2811331143924881,0.0001518118817719436,native,54
2027-02-01,565,"Санаторий, день",0.001,1.7098893351066453,0.0017098893351066454,native,35
2027-02-01,566,"Сапоги женские зимние с верхом из натуральной кожи, пара",0.00253,-0.9493120114567962,-0.0024017593889856946,native,27
2027-02-01,567,"Сапоги женские осенние с верхом из натуральной кожи, пара",0.00145,-0.3152174449634361,-0.00045706529519698235,native,27
2027-02-01,568,"Сапоги цельнорезиновые для взрослых, пара",0.00042,0.11109164191529161,4.665848960442248e-05,native,54
2027-02-01,569,"Сапоги цельнорезиновые для детей, пара",0.00011,0.2755279199602314,3.0308071195625457e-05,native,54
2027-02-01,570,"Сапоги, ботинки для детей школьного возраста зимние с верхом из натуральной кожи, пара",0.00111,-0.15969500639761425,-0.00017726145710135184,native,27
2027-02-01,571,"Сапоги, ботинки мужские зимние с верхом из натуральной кожи, пара",0.00223,-0.3064969711350858,-0.0006834882456312414,native,27
2027-02-01,572,"Сахар-песок, кг",0.00532,0.6655792775488614,0.0035408817565599424,native,36
2027-02-01,573,"Свежесрезанные цветы, шт.",0.00399,0.9518520444336759,0.0037978896572903663,native,54
2027-02-01,574,"Свёкла столовая, кг",0.00077,7.43231876094503,0.005722885445927673,native,33
2027-02-01,575,"Светильник потолочный, шт.",0.00208,0.7630736553003418,0.0015871932030247107,native,51
2027-02-01,577,"Свинина (кроме бескостного мяса), кг",0.00481,0.016069711493367334,7.729531228309688e-05,native,26
2027-02-01,578,"Свинина бескостная, кг",0.00257,0.10411994268326036,0.0002675882526959791,native,26
2027-02-01,580,"Сельдь соленая, кг",0.00079,0.5578136300099321,0.0004406727677078464,native,34
2027-02-01,584,"Сковорода, шт.",0.00137,0.9765489514984289,0.0013378720635528476,native,54
2027-02-01,585,"Смартфон, шт.",0.00625,-0.6903355029304433,-0.004314596893315271,native,37
2027-02-01,587,"Смеси сухие молочные для детского питания, кг",0.00077,0.9667824340726365,0.00074442247423593,native,24
2027-02-01,588,"Сметана, кг",0.00748,0.9304442458712788,0.006959722959117166,native,24
2027-02-01,589,"Содержание и ремонт жилья в государственном и муниципальном жилищных фондах, м2 общей площади",0.00078,0.034670310790093806,2.704284241627317e-05,native,14
2027-02-01,590,"Содержание, ремонт жилья для граждан-собственников жилья в результате приватизации, граждан-собственников жилых помещений по иным основаниям, м2 общей площади",0.00599,0.03481668783690289,0.0002085519601430483,native,14
2027-02-01,591,"Соки фруктовые, л",0.00232,0.951477367003943,0.002207427491449148,native,53
2027-02-01,592,"Соленые и копченые деликатесные продукты из рыбы, кг",0.0013,0.8057590426094644,0.0010474867553923036,native,34
2027-02-01,593,"Соль поваренная пищевая, кг",0.00122,0.7541725742282239,0.0009200905405584331,native,53
2027-02-01,595,"Сорочка верхняя для мальчиков дошкольного возраста, шт.",0.00024,0.4569205762535732,0.00010966093830085756,native,29
2027-02-01,596,"Сорочка верхняя для мальчиков школьного возраста, шт.",0.0008899999999999,0.18744543641074407,0.00016682643840554347,native,29
2027-02-01,597,"Сорочка верхняя мужская из хлопчатобумажных или смесовых тканей, шт.",0.00449,0.48105861806374717,0.0021599531951062246,native,29
2027-02-01,598,"Сорочка ночная женская, шт.",0.00105,0.3599112924548165,0.0003779068570775573,native,29
2027-02-01,599,"Сосиски, сардельки, кг",0.00553,0.5614600999983361,0.003104874352990799,native,26
2027-02-01,601,"Спички, коробок",0.00059,1.3143201214722464,0.0007754488716686254,native,54
2027-02-01,602,"Стекло оконное листовое, м2",5e-05,0.7504842461263553,3.752421230631777e-05,native,38
2027-02-01,605,"Стирка и глажение белья прямого, кг",0.00081,0.25343632693503004,0.00020528342481737432,native,12
2027-02-01,606,"Стол обеденный, шт.",0.00356,0.6572783682731475,0.002339910991052405,native,20
2027-02-01,607,"Стол рабочий кухонный, шт.",0.00091,0.7480330011154603,0.0006807100310150689,native,20
2027-02-01,608,"Стрижка модельная в женском зале, стрижка",0.00549,0.5993294444194679,0.0032903186498628788,native,12
2027-02-01,609,"Стрижка модельная в мужском зале, стрижка",0.0051,0.6160625516039928,0.0031419190131803634,native,12
2027-02-01,610,"Стул с мягким сиденьем, шт.",0.00259,0.48627979263816296,0.001259464662932842,native,20
2027-02-01,616,"Сухие корма для домашних животных, кг",0.00104,0.9741409445780623,0.0010131065823611848,native,54
2027-02-01,617,"Сухие супы в пакетах, 100 г",0.00132,0.9284285714608869,0.0012255257143283706,native,53
2027-02-01,618,"Сухофрукты, кг",0.00073,0.7504345703059976,0.0005478172363233782,native,33
2027-02-01,620,"Сыры плавленые, кг",0.00187,0.7793793666882712,0.0014574394157070671,native,39
2027-02-01,621,"Сыры твердые, полутвердые и мягкие, кг",0.00514,0.8604750323031299,0.004422841666038088,native,39
2027-02-01,622,"Табурет для кухни, шт.",0.00063,0.7205446340573813,0.00045394311945615027,native,20
2027-02-01,623,"Тарелка обеденная, шт.",0.00085,0.42496465682863893,0.0003612199583043431,native,54
2027-02-01,624,"Таурин, 4%, 5 мл",0.00036,0.8629692744510349,0.0003106689388023726,native,21
2027-02-01,628,"Театры, билет",0.00033,1.171090327805239,0.00038645980817572883,native,46
2027-02-01,629,"Телевизор цветного изображения, шт.",0.00258,-0.3440594526640268,-0.0008876733878731891,native,41
2027-02-01,633,"Термометр медицинский электронный стандартный, шт.",6e-05,0.8721820318062733,5.2330921908376396e-05,native,21
2027-02-01,634,"Тетрадь школьная, шт.",0.00029,0.7376890233767439,0.00021392981677925574,native,54
2027-02-01,636,"Ткани декоративные для изготовления штор и занавесей, м",0.0008,0.3705088402056544,0.00029640707216452354,native,54
2027-02-01,638,"Ткани хлопчатобумажные бельевые, м",0.0001,0.41798080519142033,4.1798080519142035e-05,native,54
2027-02-01,641,"Ткань костюмная шерстяная и полушерстяная, м",6e-05,0.3999123610790055,2.3994741664740332e-05,native,54
2027-02-01,642,"Ткань платьевая из искусственного или синтетического шелка, м",8e-05,0.6710907176080849,5.3687257408646796e-05,native,54
2027-02-01,646,"Торты, кг",0.00277,0.8350644328716066,0.0023131284790543502,native,16
2027-02-01,647,"Трикотажная шапочка детская, шт.",0.00072,-0.09843424336522069,-7.08726552229589e-05,native,43
2027-02-01,650,"Триммер электрический, шт.",0.00056,0.7286226461829686,0.0004080286818624624,native,15
2027-02-01,651,"Троксерутин, 2% гель, 40 г",0.0004,0.15220500262345138,6.088200104938056e-05,native,21
2027-02-01,652,"Трусы детские, шт.",0.00043,0.3770181357784084,0.00016211779838471563,native,43
2027-02-01,653,"Трусы мужские, шт.",0.00145,0.27824183344215436,0.0004034506584911238,native,43
2027-02-01,654,"Туалетная вода, 100 мл",0.00579,0.5690544456877187,0.003294825240531891,native,30
2027-02-01,655,"Туфли детские летние (сандалеты), пара",0.00076,0.40292117236146896,0.00030622009099471643,native,27
2027-02-01,659,"Туфли женские модельные с верхом из натуральной кожи, пара",0.00094,0.37168196497610995,0.0003493810470775433,native,27
2027-02-01,660,"Тушь для ресниц, шт.",0.00179,0.43640884900358645,0.0007811718397164198,native,30
2027-02-01,661,"Тюль, полотно гардинное, м",0.0022,0.37046303892707877,0.0008150186856395734,native,13
2027-02-01,663,"Удаление зуба под местным обезболиванием, удаление",0.00116,1.1237747315902817,0.0013035786886447269,native,22
2027-02-01,664,"Удостоверение завещания в нотариальной конторе, услуга",0.00012,1.8807897544892958,0.00022569477053871549,native,55
2027-02-01,665,"Ужин в ресторане, на 1 человека",0.00313,0.40296155812244855,0.001261269676923264,native,28
2027-02-01,666,"Ультразвуковое исследование брюшной полости, исследование",0.00137,0.5173318881903406,0.0007087446868207666,native,22
2027-02-01,675,"Услуги организатора проведения торжеств, услуга",0.00247,0.185772661228869,0.00045885847323530644,native,12
2027-02-01,678,"Услуги по воспитанию детей, предоставляемые наемным персоналом, час",0.00121,0.3385077286868594,0.00040959435171109986,native,12
2027-02-01,679,"Услуги по организации и выполнению работ по эксплуатации домов ЖК, ЖСК, ТСЖ, м2 общей площади",0.00526,0.16612467911305312,0.0008738158121346594,native,14
2027-02-01,690,"Установка пластиковых окон, м2",0.0018,0.5969831654387419,0.0010745696977897353,native,12
2027-02-01,691,"Устная консультация юриста по семейным вопросам, консультация",0.00011,0.03695409718914595,4.064950690806054e-06,native,55
2027-02-01,692,"Учебник, учебное пособие, дидактический материал для общеобразовательной школы, шт.",0.00048,0.152037230424778,7.297787060389345e-05,native,32
2027-02-01,694,"Фарш мясной, кг",0.0094,0.2488422586984952,0.0023391172317658547,native,26
2027-02-01,695,"Физиотерапевтическое лечение, процедура",0.00014,0.4029198865227814,5.640878411318939e-05,native,22
2027-02-01,697,"Филе рыбное, кг",0.00204,0.6880277866263915,0.0014035766847178388,native,34
2027-02-01,698,"Филе сельди соленое, кг",0.00065,1.0879605691850527,0.0007071743699702842,native,34
2027-02-01,699,"Флеш-накопитель USB, шт.",3e-05,-0.15148060514751338,-4.544418154425402e-06,native,41
2027-02-01,701,"Фотоаппарат, шт.",0.00019,0.38659610450800336,7.345325985652064e-05,native,54
2027-02-01,703,"Футболка детская, шт.",0.00049,0.36112314401690687,0.00017695034056828437,native,43
2027-02-01,704,"Халат женский, шт.",0.00119,0.7691216596705593,0.0009152547750079657,native,29
2027-02-01,706,"Химчистка мужского костюма, шт.",0.00012,0.21937212836453632,2.632465540374436e-05,native,12
2027-02-01,710,"Хлеб из ржаной муки и из смеси муки ржаной и пшеничной, кг",0.00255,0.6306192677045332,0.0016080791326465599,native,49
2027-02-01,711,"Хлопья из злаков (сухие завтраки), кг",0.00115,0.6223020499769235,0.000715647357473462,native,49
2027-02-01,712,"Холодильник двухкамерный, емкостью 250-360 л, шт.",0.00262,0.307617355258462,0.0008059574707771704,native,51
2027-02-01,714,"Цемент тарированный, 50 кг",0.00066,0.4898376471192489,0.00032329284709870426,native,38
2027-02-01,716,"Чай черный байховый пакетированный, 25 пакетиков",0.00197,0.5869979108344477,0.001156385884343862,native,50
2027-02-01,717,"Чай черный байховый, кг",0.00269,0.8811173212463201,0.0023702055941526015,native,50
2027-02-01,718,"Чайник, шт.",0.00102,0.09735791100127386,9.930506922129935e-05,native,54
2027-02-01,721,"Часы наручные, шт.",0.00028,0.3780655781201763,0.00010585836187364936,native,54
2027-02-01,722,"Чашка чайная с блюдцем, комплект",0.00028,0.4954710394148649,0.00013873189103616216,native,54
2027-02-01,723,"Чеснок, кг",0.00111,2.8395160992127644,0.0031518628701261687,native,33
2027-02-01,726,"Шампунь, 250 мл",0.0019,0.5911918790583457,0.0011232645702108567,native,30
2027-02-01,727,"Шиномонтаж колес легкового автомобиля, услуга",0.00355,0.8254409718771758,0.0029303154501639744,native,12
2027-02-01,728,"Шины для легкового автомобиля, шт.",0.00355,0.6111907787035598,0.0021697272643976372,native,17
2027-02-01,729,"Шкаф-вешалка для прихожей, шт.",0.00078,0.8837773872497018,0.0006893463620547674,native,20
2027-02-01,730,"Шкаф для платья и белья, шт.",0.0023,0.5967728743715897,0.0013725776110546561,native,20
2027-02-01,731,"Шкаф навесной кухонный (полка), двухстворчатый, шт.",0.00067,0.9067734610967344,0.000607538218934812,native,20
2027-02-01,734,"Шоколад, кг",0.0034,1.2555047844806375,0.004268716267234168,native,16
2027-02-01,735,"Щетка зубная, шт.",0.00174,1.2039136771098473,0.002094809798171134,native,13
2027-02-01,740,"Экскурсия автобусная, час",0.00112,0.5903186193632208,0.0006611568536868073,native,55
2027-02-01,741,"Электропылесос напольный, шт.",0.00185,-0.1396088959779414,-0.0002582764575591916,native,51
2027-02-01,742,"Электроутюг, шт.",0.00079,0.7775348918681598,0.0006142525645758463,native,51
2027-02-01,743,"Электрочайник, шт.",0.00058,0.0957992996281653,5.556359378433588e-05,native,51
2027-02-01,744,"Электроэнергия в квартирах без электроплит сверх минимального объема потребления, в расчете за 100 кВт.ч",0.00107,0.07474026307882484,7.997208149434258e-05,native,14
2027-02-01,745,"Электроэнергия в квартирах без электроплит за минимальный объем потребления, в расчете за 100 кВт.ч",0.00638,0.0984909439734532,0.0006283722225506314,native,14
2027-02-01,746,"Электроэнергия в квартирах с электроплитами за минимальный объем потребления, в расчете за 100 кВт.ч",0.00315,0.0893276466566505,0.00028138208696844904,native,14
2027-02-01,747,"Электроэнергия в квартирах с электроплитами сверх минимального объема потребления, в расчете за 100 кВт.ч",0.00082,0.0653280723815072,5.3569019352835904e-05,native,14
2027-02-01,748,"Эналаприл, 5 мг, 10 таблеток",0.00035,0.6060219293941177,0.0002121076752879412,native,21
2027-02-01,750,"Юбка для девочек школьного возраста из полушерстяных тканей, шт.",0.00076,0.6646359288000683,0.0005051233058880519,native,29
2027-02-01,751,"Юбка женская из полушерстяных или смесовых тканей, шт.",0.00203,0.5464063446103169,0.0011092048795589434,native,29
2027-02-01,753,"Яблоки, кг",0.00515,4.0425033956666185,0.020818892487683087,native,33
2027-02-01,754,"Яйца куриные, 10 шт.",0.00543,0.4535441741007059,0.002462744865366833,native,52
2027-02-01,786,"Поездка на отдых в Турцию, поездка",0.0004,7.58199975726226,0.003032799902904904,native,67
2027-02-01,795,"Варежки (перчатки) детские, пара",8e-05,-0.566728855150459,-4.5338308412036725e-05,native,43
2027-02-01,809,"Шарф шерстяной, полушерстяной или из смесовой пряжи для взрослых, шт.",0.00077,-0.37130522661751986,-0.00028590502449549025,native,43
2027-02-01,851,"Активированный уголь, 250 мг, 10 таблеток",0.00032,2.973966958353926,0.0009516694266732563,native,21
2027-02-01,958,"Чай зеленый, кг",0.00169,0.6294690998457343,0.001063802778739291,native,50
2027-02-01,959,"Брюки женские из джинсовой ткани (джинсы), шт.",0.00282,0.2192232546370943,0.0006182095780766059,native,29
2027-02-01,960,"Носки женские, гольфы, пара",0.0007,0.38834197195035963,0.00027183938036525173,native,54
2027-02-01,961,"Пена для бритья, 200 мл",0.00085,0.6670940365593406,0.0005670299310754395,native,30
2027-02-01,962,Крем для рук,0.00117,0.6696942149302023,0.0007835422314683367,native,30
2027-02-01,963,"Бритвенные станки одноразовые, шт.",0.0008,0.5689085000775269,0.00045512680006202155,native,13
2027-02-01,964,"Лампа светодиодная, шт.",0.00026,0.962451423108132,0.0002502373700081143,native,51
2027-02-01,965,"Моноблок, шт.",0.00092,0.7576423471022372,0.0006970309593340582,native,31
2027-02-01,966,"Годовая стоимость полиса обязательного страхования гражданской ответственности владельцев транспортных средств (ОСАГО), полис",0.0013,1.1399583885271942,0.0014819459050853525,native,55
2027-02-01,968,"Рюкзак для взрослых, шт.",0.00087,-0.10182010355727134,-8.858349009482607e-05,native,13
2027-02-01,970,"Сливки питьевые, л",0.00112,1.3040044543810185,0.0014604849889067405,native,24
2027-02-01,971,"Зелень свежая, кг",0.00098,3.121009523837114,0.003058589333360372,native,33
2027-02-01,972,"Грибы свежие, кг",0.00119,1.7151327347197638,0.002041007954316519,native,33
2027-02-01,973,"Ягоды замороженные, кг",0.00026,2.0092725223433012,0.0005224108558092583,native,33
2027-02-01,976,"Гель для душа, 250 мл",0.00105,1.0834254374863086,0.001137596709360624,native,30
2027-02-01,977,"Мыло туалетное жидкое, 250 мл",0.00099,0.8966728724765151,0.0008877061437517499,native,30
2027-02-01,978,"Дезодорант, 50 мл",0.00092,1.2944121253714038,0.0011908591553416916,native,30
2027-02-01,979,"Кресло мягкое, шт.",0.00377,0.6744287157087656,0.0025425962582220464,native,20
2027-02-01,980,"Матрас для взрослых, шт.",0.00306,0.9262564335614505,0.002834344686698038,native,20
2027-02-01,981,"Салфетки влажные, упаковка 20 шт.",0.00045,1.1532919184917898,0.0005189813633213054,native,54
2027-02-01,982,"Бумажные столовые салфетки, упаковка 10 шт.",0.00306,1.0369118197786396,0.0031729501685226367,native,54
2027-02-01,983,"Бумажные носовые платки, упаковка 10 шт.",0.00042,1.1064292736262047,0.000464700294923006,native,54
2027-02-01,984,"Прокладки женские гигиенические, 10 шт.",0.00108,1.2621162564211936,0.001363085556934889,native,54
2027-02-01,985,"Наушники беспроводные, шт.",0.00189,0.2972006090808562,0.0005617091511628182,native,37
2027-02-01,987,"Цефтриаксон, 1 г",0.0004,0.49083430249801846,0.0001963337209992074,native,21
2027-02-01,992,"Амлодипин, 10 мг, 10 таблеток",0.00035,0.15610988888889288,5.463846111111251e-05,calendar_gap_in_required_features,21
2027-02-01,993,"Омепразол, 20 мг, 10 таблеток",0.0004,0.7606037421886906,0.00030424149687547627,native,21
2027-02-01,994,"Хлоргексидин, 100 мл",0.00033,-0.24166783333332928,-7.975038499999867e-05,short_history,21
2027-02-01,995,"Амоксициллин с клавулановой кислотой, 500 мг+125мг, 10 таблеток",0.00039,0.6735525499063113,0.0002626854944634614,native,21
2027-02-01,996,"Ибупрофен, 200 мг, 10 таблеток",0.00049,1.6875564511487045,0.0008269026610628652,native,21
2027-02-01,997,"Шприцы одноразовые, шт.",6e-05,2.6545244803299703,0.00015927146881979822,native,21
2027-02-01,999,"Антисептик для рук, 100 мл",0.00017,0.7016167275721238,0.00011927484368726106,native,21
2027-02-01,1000,"Термометр медицинский безртутный (галинстановый), шт.",6e-05,0.12232961320753044,7.339776792451827e-06,native,21
2027-02-01,1001,"Установка натяжного потолка, м2",0.00073,0.3846731832528639,0.0002808114237745907,native,12
2027-02-01,1002,"Услуги аренды автомобилей, час",0.00017,0.9102181740656784,0.00015473708959116533,native,47
2027-02-01,1003,"Подписка на онлайн-видеосервисы, месяц",0.00766,0.525811379187392,0.004027715164575422,native,48
2027-02-01,1004,"Проживание в гостинице 1* или в мотеле, сутки с человека",5e-05,0.8238668941361597,4.119334470680798e-05,native,55
2027-02-01,1005,"Проживание в гостинице 2*, сутки с человека",4e-05,0.9175617712312923,3.6702470849251693e-05,native,55
2027-02-01,1006,"Проживание в гостинице 3*, сутки с человека",0.00075,3.2884867249699257,0.0024663650437274443,native,55
2027-02-01,1007,"Проживание в гостинице 4*-5*, сутки с человека",0.00067,1.0755432452574833,0.0007206139743225139,native,55
2027-02-01,1008,"Проживание в хостеле, сутки с человека",0.00061,3.615872124109977,0.002205681995707086,native,55
2027-02-01,1009,"Экскурсионные туры по России, поездка",0.00138,0.6775380130368135,0.0009350024579908026,native,55
2027-02-01,1011,"Поездка на отдых в ОАЭ, поездка",0.0004,19.83,0.007932,missing_current_observation,67
2027-02-01,1012,"Услуги сиделок, час",0.00046,0.9515672816397736,0.0004377209495542959,native,22
2027-02-01,1013,"Диагностика на магнитно-резонансном или компьютерном томографе, услуга",0.00045,0.20761776960884676,9.342799632398104e-05,native,22
2027-02-01,1014,"Гастроскопия (ФГДС, ЭГДС), услуга",0.00059,0.6133005183454561,0.0003618473058238191,native,22
2027-02-01,1020,"Аскорбиновая кислота, 50 мг, 100 драже",0.00028,1.0586063182932568,0.0002964097691221119,native,21
2027-02-01,1024,"Валерианы экстракт, 20 мг, 10 таблеток",0.00029,1.8111294709360366,0.0005252275465714506,native,21
2027-02-01,1025,"Газета в розницу, шт.",0.00024,1.1454180069487814,0.0002749003216677075,native,32
2027-02-01,1030,"Клубная карта в фитнес-клуб, месяц",0.00185,0.847849863383308,0.00156852224725912,native,55
2027-02-01,1032,"Кроссовые туфли для взрослых, пара",0.00518,0.32725683906071334,0.0016951904263344951,native,27
2027-02-01,1035,"Метилурацил, 10 % мазь, 25 г",0.00037,1.2455001835567785,0.00046083506791600804,native,21
2027-02-01,1037,"Мирамистин, 0,01%, 150 мл",0.00039,0.7694628339983818,0.0003000905052593689,native,21
2027-02-01,1038,"Натрия хлорид, 0,9%, 100 мл",0.00039,-0.015998030142752806,-6.239231755673594e-06,native,21
2027-02-01,1039,"Нафазолин, 0,1%, 15 мл",0.00044,1.9975807768098215,0.0008789355417963215,native,21
2027-02-01,1040,"Парацетамол, 500 мг, 10 таблеток",0.00039,0.3934322137519579,0.00015343856336326358,native,21
2027-02-01,1041,"Перекись водорода, 3%, 100 мл",0.00036,0.7527027869572379,0.00027097300330460565,native,21
2027-02-01,1042,"Пиво, л",0.00372,1.0966121644095703,0.004079397251603602,native,11
2027-02-01,1043,"Поездка на отдых в Египет, поездка",0.0002,5.552907750307973,0.0011105815500615948,native,67
2027-02-01,1045,"Ренгалин, 20 таблеток",0.0004,1.0777590478588208,0.00043110361914352834,native,21
2027-02-01,1046,"Сигареты с фильтром, пачка",0.0086599999999999,0.5511617319960395,0.0047730605990856465,native,40
2027-02-01,1048,"Сумка женская, шт.",0.00138,-0.4143144847160342,-0.0005717539889081272,native,13
2027-02-01,1049,"Творог, кг",0.00591,0.8601414854320181,0.0050834361789032275,native,24
2027-02-01,1050,"Туфли женские закрытые, пара",0.00196,0.13179860158242546,0.0002583252591015539,native,27
2027-02-01,1051,"Туфли женские летние, босоножки, пара",0.00356,0.09836001595272983,0.0003501616567917182,native,27
2027-02-01,1054,"Хлеб и булочные изделия из пшеничной муки различных сортов, кг",0.00735,1.0219207633508944,0.007511117610629074,native,49
2027-02-01,1055,"Цитрамон, 10 таблеток",0.00039,1.9935537868200555,0.0007774859768598216,native,21
2027-02-01,1060,"Поездки в страны Закавказья, поездка",0.00022,2.068388898586725,0.00045504555768907955,native,67
2027-02-01,1063,"Поездки в отдельные страны Средней Азии, поездка",4e-05,22.286666777777775,0.0008914666711111111,short_history,67
2027-02-01,1064,"Поездка в Беларусь, поездка",0.0001,19.46222194444444,0.0019462221944444441,short_history,67
2027-02-01,1065,"Поездки в отдельные страны Юго-Восточной Азии, поездка",0.00017,-0.9383080158079014,-0.00015951236268734324,native,67
2027-02-01,1066,"Молоко питьевое цельное пастеризованное более 3,2% жирности, л",0.00142,0.648318628945173,0.0009206124531021457,native,24
2027-02-01,1067,"Творожок детский, кг",6e-05,2.1842506340816703,0.00013105503804490022,native,24
2027-02-01,1068,"Молоко для детей, л",1e-05,0.5852791496843,5.852791496843e-06,native,24
2027-02-01,1069,"Сухие приправы, специи, кг",0.00139,1.3010714645839747,0.0018084893357717248,native,53
2027-02-01,1070,"Трикотажный головной убор для взрослых, шт.",0.00057,-1.6533796640577423,-0.0009424264085129131,native,43
2027-02-01,1071,"Крем детский, 100 г (100 мл)",0.00137,0.7741886616319338,0.0010606384664357492,native,30
2027-02-01,1072,"Чемодан, шт.",0.00108,-0.7646660000432122,-0.0008258392800466691,native,13
2027-02-01,1073,"Бумага офисная, упаковка 500 листов",0.00015,0.354476255917176,5.31714383875764e-05,native,54
2027-02-01,1074,"Смарт-часы, шт.",0.00085,-1.8220817337293844,-0.0015487694736699767,native,37
2027-02-01,1075,"Коньки, пара",0.00035,0.6144739574102988,0.00021506588509360457,native,54
2027-02-01,1076,"Гипсокартон, м2",0.00075,0.1495068764183812,0.0001121301573137859,native,38
2027-02-01,1077,"Кресло детское автомобильное, шт.",0.00056,0.6894505527608635,0.0003860923095460835,native,17
2027-02-01,1078,"Соска (пустышка) детская, шт.",6e-05,0.7871065671318545,4.722639402791127e-05,native,21
2027-02-01,1079,"Бутылочка для кормления, шт.",0.00066,0.5618238222823861,0.00037080372270637484,native,21
2027-02-01,1083,"Поездка на отдых на Черноморское побережье России и в Крым, поездка",0.00205,4.9798639997887095,0.010208721199566855,native,55
2027-02-01,1086,"Горошек зеленый консервированный, кг",0.00081,0.5151392777777788,0.0004172628150000008,short_history,53
2027-02-01,1087,"Перец сладкий свежий, кг",0.00266,5.074999944444448,0.013499499852222232,short_history,33
2027-02-01,1088,"Робот-пылесос, шт.",0.00116,-2.015552388888886,-0.0023380407711111077,short_history,51
2027-02-01,1091,"Валосердин, 25 мл",0.00033,-0.2605567222222176,-8.59837183333318e-05,short_history,21
2027-02-01,1094,"Диклофенак, 15 мл",0.00038,0.3383322222222268,0.0001285662444444462,short_history,21
2027-02-01,1095,"Кардиомагнил, 100 таблеток",0.0004,-0.253889833333329,-0.0001015559333333316,short_history,21
2027-02-01,1097,"Меновазин, 40 мл",0.00034,-0.31166788888888497,-0.00010596708222222089,short_history,21
2027-02-01,1099,"Пенталгин, 24 таблетки",0.00035,-0.06500088888888436,-2.2750311111109528e-05,short_history,21
2027-02-01,1100,"Салициловая кислота, 40 мл",0.00031,0.4355543333333374,0.0001350218433333346,short_history,21
2027-02-01,1101,"Спазмалгон, 10 таблеток",0.0004,-0.2594456666666621,-0.00010377826666666483,short_history,21
2027-02-01,1105,Воздушный и железнодорожный транспорт,0.00569,3.3799999999999955,0.019232199999999974,missing_current_observation,47
2027-02-01,1107,"Печень птицы, кг",0.00225,2.176111222222223,0.004896250250000001,short_history,26
2027-02-01,1108,"Кефир, кг",0.00427,0.01888877777777983,8.065508111111987e-05,short_history,24
2027-02-01,1109,"Сырки творожные, глазированные, кг",0.00124,0.30555550000000176,0.00037888882000000217,short_history,24
2027-02-01,1110,"Вода питьевая, л",0.00157,0.507916944444446,0.0007974296027777803,short_history,53
2027-02-01,1111,"Жидкие средства для стирки, л",0.00146,1.3205552777777807,0.0019280107055555597,short_history,25
2027-02-01,1112,"Помада, шт.",0.00092,0.6033331666666695,0.0005550665133333359,short_history,30
2027-02-01,1113,"Блоки строительные, 1000 шт.",0.00028,-0.1527773888888891,-4.277766888888894e-05,short_history,38
2027-02-01,1114,"Компримированный природный газ, м3",0.00189,-1.3988888888888853,-0.0026438999999999933,short_history,42
2027-02-01,1115,"Хлоропирамин, 10 таблеток",0.00036,-0.26111205555555095,-9.400033999999835e-05,short_history,21
2027-02-01,1116,"Цетиризин, 10 таблеток",0.00037,-0.25833438888888494,-9.558372388888743e-05,short_history,21
2027-02-01,1117,"Интерферон альфа-2В, 10 мл",0.00039,-0.3644454444444405,-0.00014213372333333178,short_history,21
2027-02-01,1118,"Метопролол, 10 таблеток",0.00046,-0.5366680555555503,-0.00024686730555555314,short_history,21
2027-02-01,1119,"Спиронолактон, 10 таблеток",0.00035,-0.46555677777777366,-0.0001629448722222208,short_history,21
2027-02-01,1120,"Лозартан, 10 таблеток",0.0004,-0.14333449999999537,-5.733379999999815e-05,short_history,21
2027-02-01,1121,"Аторвастатин, 10 таблеток",0.0004,-0.2461121666666628,-9.844486666666513e-05,short_history,21
2027-02-01,1122,"Мелоксикам, 10 таблеток",0.00038,-0.39500127777777294,-0.00015010048555555373,short_history,21
2027-02-01,1123,"Кеторолак, 10 таблеток",0.00042,0.5533322222222262,0.000232399533333335,short_history,21
2027-02-01,1124,"Розувастатин, 10 таблеток",0.00034,-0.303334666666663,-0.00010313378666666542,short_history,21
2027-02-01,1125,"Алтея лекарственного травы экстракт, 10 таблеток",0.00041,-0.41444544444444,-0.00016992263222222038,short_history,21
2027-02-01,1126,"Римантадин, 10 таблеток",0.00032,-0.4944458333333286,-0.00015822266666666517,short_history,21
2027-02-01,1127,"Погребение, услуга",0.00034,1.6888888888888844,0.0005742222222222208,short_history,12
2027-02-01,1128,"Курьерская доставка, услуга",0.00012,1.9939173333333382,0.00023927008000000058,short_history,55
2027-02-01,1129,"Междугородная телефонная связь, минута",0.00019,-0.09944416666666456,-1.889439166666627e-05,short_history,48
2027-02-01,1131,"Вода минеральная, л",0.00085,0.7429170555555571,0.0006314794972222235,short_history,53
2027-03-01,101,"Абонентская плата за доступ к сети Интернет, месяц",0.0085699999999999,0.1094198459654771,0.000937728079924128,native,48
2027-03-01,103,"Абонентская плата за неограниченный объем местных телефонных соединений, месяц",0.00026,0.33983891389491516,8.835811761267793e-05,native,48
2027-03-01,104,"Абонентская плата за пакет услуг сотовой связи, месяц",0.01009,0.5838667813217255,0.005891215823536211,native,48
2027-03-01,106,"Абонентская плата за телевизионную антенну, месяц",0.00219,0.5432418141874087,0.001189699573070425,native,48
2027-03-01,107,"Абонентская плата при комбинированной системе оплаты услуг местной телефонной связи, месяц",0.00022,0.3572695478824903,7.859930053414787e-05,native,48
2027-03-01,109,"Авторучка шариковая, шт.",0.00063,1.0245097023309633,0.0006454411124685069,native,54
2027-03-01,112,"Альбом для рисования, шт.",0.00023,0.2492071193963891,5.731763746116949e-05,native,54
2027-03-01,113,"Амброксол, 30 мг, 10 таблеток",0.00035,0.5777477115583998,0.0002022116990454399,native,21
2027-03-01,115,"Апельсины, кг",0.00434,-2.1640187676221494,-0.009391841451480129,native,33
2027-03-01,116,"Аппарат для измерения артериального давления электронный, шт.",0.0002,0.809967577976363,0.0001619935155952726,native,21
2027-03-01,117,"Аренда двухкомнатной квартиры у частных лиц, месяц",0.00506,0.21237038036297873,0.0010745941246366724,native,14
2027-03-01,118,"Аренда индивидуального банковского сейфа, в расчете на месяц",0.00011,0.6456322941824209,7.10195523600663e-05,native,55
2027-03-01,119,"Аренда однокомнатной квартиры у частных лиц, месяц",0.00435,0.2568774174503949,0.0011174167659092178,native,14
2027-03-01,120,"Ацетилсалициловая кислота (Аспирин отечественный), 500 мг, 10 таблеток",0.00029,0.8325895906979854,0.00024145098130241578,native,21
2027-03-01,121,"Бананы, кг",0.00418,1.0763111836251547,0.004498980747553146,native,33
2027-03-01,122,"Баранина (кроме бескостного мяса), кг",0.00651,1.605403197230029,0.01045117481396749,native,26
2027-03-01,123,"Бараночные изделия, кг",0.00116,0.45768185993082755,0.00053091095751976,native,49
2027-03-01,124,"Батарейки электрические типа АА, шт.",0.00019,0.4567980175357887,8.679162333179986e-05,native,51
2027-03-01,126,"Белье для новорожденных и детей ясельного возраста, шт.",0.00028,0.8552633446559936,0.0002394737365036782,native,29
2027-03-01,130,"Бензин автомобильный марки АИ-92, л",0.01023,-0.07827964215799998,-0.0008008007392763399,native,42
2027-03-01,131,"Бензин автомобильный марки АИ-95, л",0.01543,-0.5487489042815311,-0.008467195593064025,native,42
2027-03-01,132,"Бензин автомобильный марки АИ-98, л",0.00117,0.5349210179484281,0.0006258575909996608,native,42
2027-03-01,134,"Бинт, шт.",4e-05,3.2860479693435902,0.00013144191877374363,native,21
2027-03-01,135,"Бисопролол, 10 мг, 10 таблеток",0.00039,0.450269409529223,0.00017560506971639697,native,21
2027-03-01,136,"Блузка для девочек школьного возраста, шт.",0.00106,0.7045354077888615,0.0007468075322561932,native,29
2027-03-01,137,"Блузка женская, шт.",0.00257,0.4801641885524063,0.001234021964579684,native,29
2027-03-01,138,"Ботинки, полуботинки для детей дошкольного возраста, пара",0.00078,-0.09999878161180273,-7.799904965720613e-05,native,27
2027-03-01,139,"Ботинки, полуботинки для детей школьного возраста, пара",0.0012,-0.17614680137053132,-0.00021137616164463755,native,27
2027-03-01,141,"Брюки для детей школьного возраста из джинсовой ткани, шт.",0.00098,0.2333436879291086,0.0002286768141705264,native,29
2027-03-01,142,"Брюки для детей школьного возраста из полушерстяных тканей, шт.",0.00088,0.25705559123973243,0.00022620892029096454,native,29
2027-03-01,143,"Брюки женские из полушерстяных или смесовых тканей, шт.",0.00204,0.32298794633913597,0.0006588954105318374,native,29
2027-03-01,144,"Брюки мужские из джинсовой ткани (джинсы), шт.",0.00408,0.42651257109829943,0.0017401712900810618,native,29
2027-03-01,145,"Брюки мужские из полушерстяных или смесовых тканей, шт.",0.00183,0.5198629482641517,0.0009513491953233976,native,29
2027-03-01,146,"Булочные изделия сдобные из муки высшего сорта штучные, кг",0.00169,0.8145575434124496,0.0013766022483670398,native,49
2027-03-01,147,"Бумага туалетная, рулон",0.00099,1.6687437003108254,0.001652056263307717,native,54
2027-03-01,149,"Бюстгальтер, шт.",0.00143,0.3872519777013875,0.0005537703281129841,native,13
2027-03-01,150,"Валидол, 60 мг, 10 таблеток",0.00032,3.8802102927155966,0.001241667293668991,native,21
2027-03-01,152,"Варенье, джем, повидло, кг",0.00113,0.6186684138711604,0.0006990953076744113,native,53
2027-03-01,154,"Вата отечественная, 100 г",0.00014,0.7489760429850882,0.00010485664601791234,native,21
2027-03-01,155,"Велосипед для дошкольников, шт.",0.00107,0.2363863838852564,0.0002529334307572243,native,54
2027-03-01,156,"Велосипед дорожный для взрослых, шт.",0.00059,0.7237607120593256,0.0004270188201150021,native,54
2027-03-01,158,"Вермишель, кг",0.00142,0.5533726021468863,0.0007857890950485786,native,18
2027-03-01,162,"Взносы на капитальный ремонт, м2",0.00784,0.9345555076709935,0.007326915180140589,native,14
2027-03-01,164,"Вино виноградное крепленое, л",0.00134,-0.01057448400608385,-1.416980856815236e-05,native,11
2027-03-01,165,"Вино виноградное столовое, л",0.00172,0.5466734351018823,0.0009402783083752375,native,11
2027-03-01,166,"Вино игристое отечественное, л",0.00136,0.6623727363746257,0.000900826921469491,native,11
2027-03-01,167,"Виноград, кг",0.00338,12.439677467379497,0.042046109839742704,native,33
2027-03-01,171,"Водка, л",0.0033,0.9801240520683877,0.0032344093718256793,native,11
2027-03-01,172,"Водоотведение, м3",0.00325,-0.021435785929006523,-6.96663042692712e-05,native,14
2027-03-01,173,"Водоснабжение горячее, м3",0.00592,0.21412208513435094,0.0012676027439953576,native,14
2027-03-01,174,"Водоснабжение холодное, м3",0.0053,0.1938176107272052,0.0010272333368541876,native,14
2027-03-01,181,"Выполнение обойных работ, 10 м2",0.00103,0.8739967112625886,0.0009002166126004664,native,12
2027-03-01,182,"Выполнение работ по облицовке кафельной плиткой, м2",0.00119,0.7174209680184233,0.0008537309519419238,native,12
2027-03-01,184,"Газ сетевой, м3",0.01097,0.24922668969587342,0.0027340167859637313,native,14
2027-03-01,185,"Газ сетевой, месяц с человека",0.0095,0.24879011497438241,0.002363506092256633,native,14
2027-03-01,189,"Газовое моторное топливо, л",0.00226,-0.8937255176494349,-0.0020198196698877225,native,42
2027-03-01,195,"Говядина (кроме бескостного мяса), кг",0.01634,0.3008340394902664,0.004915628205270953,native,26
2027-03-01,196,"Говядина бескостная, кг",0.01193,0.7752781777268415,0.00924906866028122,native,26
2027-03-01,197,"Годовая стоимость полиса добровольного страхования жилья от стандартных рисков, полис",0.00027,0.523192609351032,0.00014126200452477863,native,55
2027-03-01,198,"Годовая стоимость полиса добровольного страхования легкового автомобиля от стандартных рисков (КАСКО), полис",0.00223,1.1024675608669932,0.002458502660733395,native,55
2027-03-01,203,"Горох и фасоль, кг",0.00191,0.7237715591129956,0.0013824036779058217,native,18
2027-03-01,204,"Груши, кг",0.00292,2.573279939964464,0.007513977424696235,native,33
2027-03-01,205,"Джемпер для детей школьного возраста, шт.",0.00045,0.07800200852439375,3.5100903835977185e-05,native,43
2027-03-01,206,"Джемпер женский, шт.",0.00129,0.5289184505376836,0.0006823048011936118,native,43
2027-03-01,207,"Джемпер мужской, шт.",0.00127,0.25584380263459416,0.0003249216293459346,native,43
2027-03-01,208,"Диван-кровать, шт.",0.00253,0.47880358573475934,0.0012113730719089412,native,20
2027-03-01,209,"Дизельное топливо, л",0.00286,0.8896658924646503,0.0025444444524489003,native,42
2027-03-01,210,"Дом отдыха, пансионат, день",0.00177,-0.3199999999999932,-0.000566399999999988,short_history,35
2027-03-01,211,"Дополнительные занятия в государственных и муниципальных общеобразовательных организациях очной формы обучения, академический час",0.00031,0.04307759170323711,1.3354053428003505e-05,native,44
2027-03-01,212,"Дополнительные занятия для детей дошкольного возраста, академический час",0.00189,0.38820728026294465,0.0007337117596969653,native,44
2027-03-01,213,"Доска обрезная, м3",0.00153,0.31618215924963405,0.0004837587036519401,native,38
2027-03-01,214,"Дрель электрическая, шт.",0.00056,0.047568241166460995,2.6638215053218155e-05,native,15
2027-03-01,216,"Дротаверин (Но-шпа), 40 мг, 100 таблеток",0.00039,0.5663831967165793,0.00022088944671946594,native,21
2027-03-01,218,"Еврошифер, 10 м2",0.00011,0.30047730411667417,3.305250345283416e-05,native,38
2027-03-01,221,"Жевательная резинка, упаковка",0.00016,0.7452556798956762,0.0001192409087833082,native,16
2027-03-01,223,"Жидкие чистящие и моющие средства, л",0.00353,0.8594566094098048,0.003033881831216611,native,25
2027-03-01,228,"Занятия в плавательных бассейнах, месяц",0.00091,0.5798324298003027,0.0005276475111182754,native,55
2027-03-01,229,"Занятия на курсах иностранных языков, академический час",0.00156,0.43351749988253696,0.0006762872998167576,native,44
2027-03-01,230,"Занятия на курсах профессионального обучения, академический час",0.00123,0.05612903035156915,6.903870733243005e-05,native,44
2027-03-01,231,"Земля для растений, л",0.00027,0.47296910978113427,0.00012770165964090624,native,54
2027-03-01,232,"Зеркало навесное для ванной комнаты, шт.",0.00125,0.4774941237490671,0.0005968676546863338,native,20
2027-03-01,233,"Зефир, пастила, кг",0.00143,0.9989189314831615,0.001428454072020921,native,16
2027-03-01,234,"Зонт, шт.",0.00109,0.36186873559468,0.00039443692179820126,native,13
2027-03-01,236,"Игрушки мягкие, шт.",0.00012,0.29803819522531017,3.5764583427037224e-05,native,54
2027-03-01,237,"Игрушки пластмассовые для детей ясельного возраста, шт.",0.00039,0.7195084885168841,0.0002806083105215848,native,54
2027-03-01,238,"Изготовление гроба, шт.",0.00038,0.1628172286658196,6.187054689301146e-05,native,12
2027-03-01,239,"Изготовление коронки, шт.",0.00131,0.4397987091812857,0.0005761363090274843,native,22
2027-03-01,240,"Изготовление съёмного протеза, протез",0.00127,0.6955522126225868,0.0008833513100306854,native,22
2027-03-01,241,"Изготовление фотографий для документов, 4 шт.",0.00011,0.7088277437307502,7.797105181038253e-05,native,12
2027-03-01,243,"Икра лососевых рыб, отечественная, кг",0.00046,0.6504058245161681,0.00029918667927743736,native,34
2027-03-01,244,"Индапамид, 2,5 мг, 10 таблеток",0.00035,0.36222166666666233,0.00012677758333333182,calendar_gap_in_required_features,21
2027-03-01,245,"Йогурт, 125 г",0.00113,0.9864420404085905,0.0011146795056617073,native,24
2027-03-01,246,"Йод, 10 мл",0.00036,1.8222426839126842,0.0006560073662085663,native,21
2027-03-01,247,"Какао, кг",0.00055,0.07269470587156121,3.9982088229358665e-05,native,50
2027-03-01,248,"Кальмары мороженые, кг",0.00023,0.7954777852011589,0.00018295989059626656,native,34
2027-03-01,249,"Капуста белокочанная свежая, кг",0.00236,10.064216318778438,0.023751550512317116,native,33
2027-03-01,250,"Карамель, кг",0.00369,0.6060629753325955,0.0022363723789772774,native,16
2027-03-01,251,"Карандаш чернографитный, шт.",0.00034,-0.15145060288159407,-5.1493204979741985e-05,native,54
2027-03-01,252,"Картофель, кг",0.00612,5.934929178229147,0.03632176657076238,native,33
2027-03-01,253,"Кастрюля из эмалированной или нержавеющей стали, шт.",0.00178,0.4847116858078637,0.0008627868007379973,native,54
2027-03-01,254,"Кексы, рулеты, кг",0.00333,0.7846308927585056,0.0026128208728858236,native,16
2027-03-01,256,"Кетчуп, кг",0.00182,0.8064933730945221,0.0014678179390320303,native,53
2027-03-01,257,"Кинотеатры, билет",0.00023,0.6859568993803684,0.00015777008685748475,native,46
2027-03-01,258,"Кирпич красный, 1000 шт.",0.00015,0.3114703653599985,4.672055480399977e-05,native,38
2027-03-01,259,"Кисломолочные продукты, кг",0.00311,0.8317218281727384,0.0025866548856172166,native,24
2027-03-01,260,"Клинический осмотр животного, посещение",0.00037,0.6964680327304922,0.0002576931721102821,native,55
2027-03-01,261,"Книга художественная, шт.",0.00028,0.27490223941020075,7.69726270348562e-05,native,32
2027-03-01,263,"Ковер, ковровое покрытие (палас) синтетический, м2",0.00279,0.52171026540101,0.0014555716404688176,native,54
2027-03-01,265,"Колбаса вареная, кг",0.00464,0.532084379516808,0.002468871520957989,native,26
2027-03-01,266,"Колбаса полукопченая и варено-копченая, кг",0.00298,1.4932277449379963,0.004449818679915229,native,26
2027-03-01,267,"Колбаса сырокопченая, кг",0.00053,0.5596750879349874,0.00029662779660554335,native,26
2027-03-01,271,"Колготки детские, шт.",0.00035,0.5071917843126523,0.00017751712450942832,native,54
2027-03-01,272,"Колготки женские эластичные, шт.",0.00127,0.8135642995778363,0.0010332266604638522,native,54
2027-03-01,273,"Кольцо обручальное золотое, грамм",0.00353,1.2513149098740406,0.0044171416318553635,native,54
2027-03-01,274,"Коляска для новорожденного, шт.",0.00064,0.41777892025652297,0.0002673785089641747,native,13
2027-03-01,275,"Комбинезон (костюм) утепленный для детей дошкольного возраста, шт.",0.00047,-0.5108211188402911,-0.00024008592585493681,native,29
2027-03-01,276,"Комбинезон утепленный для детей до одного года, шт.",0.00038,0.05022355273516166,1.9084950039361432e-05,native,29
2027-03-01,280,"Комплект постельного белья полутораспальный из хлопчатобумажной ткани, комплект",0.0027,0.4162018239670355,0.0011237449247109958,native,29
2027-03-01,281,"Комплект столовых приборов, комплект на 1 человека",0.00028,0.5733546269260084,0.00016053929553928233,native,54
2027-03-01,282,"Компьютер персональный переносной (ноутбук), шт.",0.00185,0.19439734577944007,0.00035963508969196416,native,31
2027-03-01,283,"Компьютер планшетный, шт.",0.00162,-0.3631573968737717,-0.00058831498293551,native,31
2027-03-01,285,"Консервы мясные для детского питания, кг",3e-05,0.4146880576160126,1.2440641728480377e-05,native,26
2027-03-01,286,"Консервы мясные, 350 г",0.00041,0.6347171951428903,0.00026023405000858503,native,26
2027-03-01,288,"Консервы овощные для детского питания, кг",8e-05,0.8894054947918073,7.115243958334459e-05,native,53
2027-03-01,290,"Консервы рыбные в томатном соусе, 350 г",0.0005,1.0123075114153706,0.0005061537557076853,native,34
2027-03-01,291,"Консервы рыбные натуральные и с добавлением масла, 350 г",0.0013,1.2140215603349858,0.0015782280284354815,native,34
2027-03-01,292,"Консервы томатные, кг",0.00128,0.715954789366681,0.0009164221303893517,native,53
2027-03-01,294,"Консервы фруктово-ягодные для детского питания, кг",9e-05,0.983400713858506,8.850606424726554e-05,native,53
2027-03-01,295,"Конструктор детский пластмассовый, набор",0.00029,0.14740595010428617,4.274772553024299e-05,native,54
2027-03-01,296,"Конфеты мягкие, глазированные шоколадом, кг",0.00332,0.7854898537428856,0.00260782631442638,native,16
2027-03-01,298,"Конфеты шоколадные натуральные и с добавками, кг",0.003,0.8913822546787568,0.0026741467640362705,native,16
2027-03-01,301,"Коньяк ординарный отечественный, л",0.00278,0.558578901438628,0.0015528493459993859,native,11
2027-03-01,302,"Корвалол, 25 мл",0.00039,1.3911083943593119,0.0005425322738001316,native,21
2027-03-01,303,"Корригирующие очки, шт.",0.00097,0.4305531749437377,0.0004176365796954256,native,21
2027-03-01,304,"Костюм-двойка мужской из шерстяных, полушерстяных или смесовых  тканей, шт.",0.00255,0.3182679176043435,0.0008115831898910759,native,29
2027-03-01,305,"Костюм спортивный для взрослых, шт.",0.00175,0.40971698821279023,0.000717004729372383,native,43
2027-03-01,306,"Костюм спортивный для детей школьного возраста, шт.",0.00141,0.48775588416659776,0.0006877357966749029,native,43
2027-03-01,307,"Костюм трикотажный для детей ясельного возраста, шт.",0.00037,0.2469644585962401,9.137684968060885e-05,native,43
2027-03-01,309,"Кофе в организациях быстрого обслуживания, 200 г",0.00148,0.48575184652110937,0.0007189127328512419,native,28
2027-03-01,310,"Кофе натуральный в зернах и молотый, кг",0.00406,0.65766469340232,0.0026701186552134195,native,50
2027-03-01,311,"Кофе натуральный растворимый, кг",0.00547,1.1050486222232743,0.00604461596356131,native,50
2027-03-01,312,"Краска для волос, шт.",0.00069,0.825963395821468,0.0005699147431168129,native,30
2027-03-01,313,"Краски масляные, эмали отечественные, кг",0.00097,0.9173505724109625,0.0008898300552386336,native,38
2027-03-01,314,"Креветки мороженые неразделанные, кг",0.00036,0.6467800421830847,0.0002328408151859105,native,34
2027-03-01,315,"Крем для лица, 100 г (100 мл)",0.00159,0.46641699364871075,0.0007416030199014501,native,30
2027-03-01,316,"Кровать для новорожденных,шт.",0.00051,0.5874584206371593,0.0002996037945249512,native,20
2027-03-01,319,"Кроссовые туфли для детей с верхом из искусственной кожи, пара",0.00156,0.5309001240251998,0.0008282041934793117,native,27
2027-03-01,320,"Крупа гречневая-ядрица, кг",0.00337,1.863748740462778,0.006280833255359562,native,18
2027-03-01,322,"Крупа манная, кг",0.00059,0.9067172857354997,0.0005349631985839448,native,18
2027-03-01,323,"Крупы овсяная и перловая, кг",0.00032,0.9964511746685321,0.00031886437589393027,native,18
2027-03-01,324,"Ксерокопирование документа, лист",0.0009,0.7031968330636928,0.0006328771497573235,native,55
2027-03-01,325,"Ксилометазолин (Галазолин) 0,1%, 10 мл",0.00051,0.2918961643967224,0.00014886704384232843,native,21
2027-03-01,326,"Кулинарные изделия из птицы, кг",0.00167,0.6114796001437561,0.0010211709322400727,native,26
2027-03-01,327,"Куртка для детей дошкольного возраста с верхом из плащевых тканей утепленная, шт.",0.00088,-0.9388016446018431,-0.000826145447249622,native,29
2027-03-01,328,"Куртка для детей школьного возраста с верхом из плащевых тканей утепленная, шт.",0.00084,-0.3058250575957238,-0.00025689304838040803,native,29
2027-03-01,329,"Куртка женская без утеплителя (ветровка), шт.",0.00271,0.13621310217939378,0.00036913750690615715,native,29
2027-03-01,330,"Куртка мужская без утеплителя (ветровка), шт.",0.00269,0.12678109847208172,0.00034104115488989983,native,29
2027-03-01,331,"Куртка мужская из натуральной кожи, шт.",0.00068,0.22476658771727204,0.000152841279647745,native,29
2027-03-01,332,"Куртка мужская с верхом из плащевых тканей утепленная, шт.",0.00192,-0.6513317004484769,-0.0012505568648610757,native,29
2027-03-01,333,"Куры охлажденные и мороженые, кг",0.00958,-0.05639839894368215,-0.000540296661880475,native,26
2027-03-01,334,"Ламинат, м2",0.00167,0.4104732089715726,0.0006854902589825263,native,38
2027-03-01,335,"Лампа электрическая осветительная, шт.",0.00019,0.6694750708069832,0.0001272002634533268,native,51
2027-03-01,336,"Лампа энергосберегающая, шт.",0.00022,0.6279074811826597,0.00013813964586018514,native,51
2027-03-01,337,"Левомеколь, мазь, 40 г",0.00041,1.1042416209797583,0.0004527390646017009,native,21
2027-03-01,338,"Легковой автомобиль импортный подержанный, шт.",0.01012,0.6100788402889457,0.00617399786372413,native,17
2027-03-01,339,"Легковой автомобиль иностранной марки новый, шт.",0.00959,-0.07111033333332983,-0.0006819480966666331,insufficient_training_rows,17
2027-03-01,340,"Легковой автомобиль отечественный новый, шт.",0.00753,0.4127155272015932,0.003107747919827997,native,17
2027-03-01,341,"Лечебный массаж, сеанс",0.00013,0.262076057011308,3.4069887411470034e-05,native,22
2027-03-01,342,"Лечение кариеса, пломба",0.00221,0.6139824156410213,0.0013569011385666573,native,22
2027-03-01,343,"Лимоны, кг",0.00185,4.63108549149349,0.008567508159262957,native,33
2027-03-01,345,"Линолеум, м2",0.00085,0.5864867706539012,0.000498513755055816,native,38
2027-03-01,346,"Лопата садовая, шт.",0.00015,0.7772640665109756,0.00011658960997664632,native,54
2027-03-01,347,"Лоперамид, 2 мг, 10 капсул (таблеток)",0.00036,-0.1102483074294736,-3.96893906746105e-05,native,21
2027-03-01,349,"Лук репчатый, кг",0.00236,10.639051297685644,0.02510816106253812,native,33
2027-03-01,350,"Майка, футболка женская бельевая, шт.",0.00079,0.4411029279926366,0.00034847131311418296,native,43
2027-03-01,351,"Майка, футболка мужская бельевая, шт.",0.00151,0.7392463264081541,0.0011162619528763127,native,43
2027-03-01,352,"Майонез, кг",0.00223,1.119923558516374,0.002497429535491514,native,53
2027-03-01,354,"Макаронные изделия из пшеничной муки высшего сорта, кг",0.00382,0.46982752775099434,0.0017947411560087984,native,18
2027-03-01,355,"Маникюр,услуга",0.0057,1.4375983874738054,0.008194310808600691,native,12
2027-03-01,357,"Маргарин, кг",0.0008,0.3261898660931674,0.00026095189287453395,native,19
2027-03-01,358,"Масло оливковое, л",0.00257,0.6312756276700593,0.0016223783631120522,native,19
2027-03-01,359,"Масло подсолнечное, кг",0.00543,0.3055953549791806,0.0016593827775369507,native,19
2027-03-01,360,"Масло сливочное, кг",0.00872,0.961794426611251,0.008386847400050109,native,19
2027-03-01,362,"Матрас детский, шт.",0.00051,0.047687477057016064,2.4320613299078194e-05,native,20
2027-03-01,363,"Машина стиральная автоматическая, шт.",0.0019,0.42728639459971207,0.000811844149739453,native,51
2027-03-01,365,"Мёд пчелиный натуральный, кг",0.00469,0.4994767418425763,0.0023425459192416825,native,53
2027-03-01,369,"Металлочерепица, м2",0.00052,0.3708435220988266,0.0001928386314913898,native,38
2027-03-01,370,"Метамизол натрия (Анальгин отечественный), 500 мг, 10 таблеток",0.00036,0.8621327079003742,0.00031036777484413474,native,21
2027-03-01,373,"Миксер, блендер, шт.",0.00176,0.6518615623947013,0.0011472763498146742,native,51
2027-03-01,374,"Мойка из нержавеющей стали для кухни, шт.",0.00182,0.2612094098521637,0.0004754011259309379,native,38
2027-03-01,375,"Мойка легкового автомобиля, услуга",0.00529,0.7699846469308489,0.004073218782264191,native,12
2027-03-01,378,"Молоко питьевое цельное пастеризованное 2,5-3,2% жирности, л",0.00302,1.0270702060722559,0.0031017520223382126,native,24
2027-03-01,379,"Молоко питьевое цельное стерилизованное 2,5-3,2% жирности, л",0.00232,0.4183840259810293,0.000970650940275988,native,24
2027-03-01,380,"Молоко сгущенное с сахаром, 400 г",0.00113,0.846772466557473,0.0009568528872099444,native,24
2027-03-01,381,"Монитор для настольного компьютера, шт.",0.00052,0.3688560388579264,0.00019180514020612172,native,31
2027-03-01,382,"Морковь, кг",0.0021,10.994400181951445,0.023088240382098033,native,33
2027-03-01,384,"Мороженое сливочное, кг",0.00491,0.7731397155202712,0.0037961160032045317,native,53
2027-03-01,386,"Музеи и выставки, билет",9e-05,0.4718861116755513,4.2469750050799616e-05,native,46
2027-03-01,388,"Мука пшеничная, кг",0.00424,0.9627387608044724,0.004082012345810963,native,53
2027-03-01,389,"Мыло туалетное, 100 г",0.00099,0.9386190281316977,0.0009292328378503808,native,25
2027-03-01,390,"Мыло хозяйственное, 200 г",0.00174,1.2193064390571071,0.0021215932039593665,native,25
2027-03-01,393,"Мясо индейки, кг",0.00424,0.9148186694805118,0.00387883115859737,native,26
2027-03-01,395,"Мясокопчености, кг",0.00303,0.6613266628450087,0.0020038197884203767,native,26
2027-03-01,396,"Мяч футбольный, шт.",0.00026,0.42276787021828044,0.00010991964625675291,native,54
2027-03-01,397,"Набор корпусной мебели, комплект",0.00062,0.5495076713965139,0.00034069475626583864,native,20
2027-03-01,399,"Набор фломастеров, набор",0.00032,0.48561982429106676,0.0001553983437731414,native,54
2027-03-01,400,"Наём жилых помещений в государственном и муниципальном жилищных фондах, м2 общей площади",0.00012,11.599729264041496,0.0013919675116849796,native,14
2027-03-01,402,"Напитки газированные, л",0.00389,0.6972905673987329,0.002712460307181071,native,53
2027-03-01,404,"Национальные сыры и брынза, кг",0.00741,0.5728907257817865,0.004245120278043038,native,39
2027-03-01,405,"Начальный курс обучения вождению легкового автомобиля, курс",0.00108,0.60678105760265,0.000655323542210862,native,44
2027-03-01,406,"Нимесулид, 100 мг, 10 таблеток",0.0004,0.7266273929054436,0.00029065095716217747,native,21
2027-03-01,408,"Нитки швейные, катушка",0.00011,0.7977381163219127,8.775119279541041e-05,native,54
2027-03-01,410,"Носки мужские, пара",0.00108,0.6627556101476402,0.0007157760589594514,native,54
2027-03-01,411,"Носки, гольфы детские, пара",0.00017,0.29834962963126227,5.071943703731459e-05,native,54
2027-03-01,412,"Обед в ресторане, на 1 человека",0.00201,1.2477132869819694,0.0025079037068337583,native,28
2027-03-01,413,"Обед в столовой, кафе, закусочной (кроме столовой в организации), на 1 человека",0.00697,0.8906268904817525,0.006207669426657815,native,28
2027-03-01,415,"Обои виниловые, 10 м",0.00248,0.6713314543368136,0.0016649020067552977,native,38
2027-03-01,416,"Обращение с твердыми коммунальными отходами, с человека",0.00398,0.1948034692414216,0.0007753178075808581,native,14
2027-03-01,420,"Обувь домашняя с текстильным верхом для взрослых, пара",0.00161,0.46808828266839586,0.0007536221350961174,native,27
2027-03-01,421,"Обувь домашняя с текстильным верхом для детей, пара",0.00017,0.573050029911479,9.741850508495144e-05,native,27
2027-03-01,426,"Обучение в государственных и муниципальных образовательных организациях высшего профессионального образования, семестр",0.00346,-0.047238429171552354,-0.00016344496493357115,native,44
2027-03-01,427,"Обучение в негосударственных образовательных организациях высшего профессионального образования, семестр",0.00191,0.0,0.0,native,44
2027-03-01,429,"Обучение в образовательных организациях среднего профессионального образования, семестр",0.0022,-0.3794157811349741,-0.0008347147184969431,native,44
2027-03-01,430,"Общий анализ крови, анализ",0.00092,0.4513394478871158,0.00041523229205614654,native,22
2027-03-01,432,"Овощи замороженные, кг",0.00068,0.8167277485645297,0.0005553748690238802,native,33
2027-03-01,433,"Овощи натуральные консервированные, маринованные, кг",0.0028,0.7478265198588125,0.002093914255604675,native,53
2027-03-01,434,"Овсяные хлопья ""Геркулес"", кг",0.00132,0.707620880383363,0.0009340595621060392,native,18
2027-03-01,435,"Огурцы свежие, кг",0.00468,-2.0545380036777052,-0.009615237857211661,native,33
2027-03-01,442,"Одеяло стеганое, шт.",0.00247,0.432866191495736,0.001069179492994468,native,29
2027-03-01,443,"Окорочка куриные, кг",0.00549,0.41235710671596476,0.0022638405158706466,native,26
2027-03-01,447,"Орехи, кг",0.0019,0.5775624884666302,0.0010973687280865973,native,33
2027-03-01,448,"Отопление, Гкал",0.00924,0.21576097624183008,0.00199363142047451,native,14
2027-03-01,449,"Оформление доверенности в нотариальной конторе, услуга",0.00012,0.9262561674273975,0.0001111507400912877,native,55
2027-03-01,451,"Пальто (полупальто) женское с верхом из плащевых тканей, шт.",0.00177,-0.15695253306568585,-0.00027780598352626396,native,29
2027-03-01,452,"Пальто женское демисезонное из шерстяных или полушерстяных тканей, шт.",0.00203,-0.014348074073254308,-2.9126590368706245e-05,native,29
2027-03-01,453,"Пальто женское зимнее из шерстяных или полушерстяных тканей, шт.",0.00095,-0.15772591258550087,-0.00014983961695622583,native,29
2027-03-01,454,"Пальто женское меховое и дубленка, шт.",0.00102,0.4798673149791689,0.0004894646612787524,native,23
2027-03-01,455,"Панкреатин, 10 таблеток",0.00038,0.4850440980962204,0.00018431675727656376,native,21
2027-03-01,456,"Панталоны, трусы женские, шт.",0.00127,0.4400460352570219,0.0005588584647764178,native,43
2027-03-01,457,"Паста зубная, 100 г (100 мл)",0.00191,1.2444458074460525,0.00237689149222196,native,30
2027-03-01,458,"Пеленки для новорожденных, шт.",0.00019,0.35836593449647997,6.80895275543312e-05,native,29
2027-03-01,459,"Пельмени, манты, равиоли, кг",0.00524,0.7460399251881187,0.0039092492079857415,native,26
2027-03-01,460,"Первичный консультативный осмотр больного у стоматолога, посещение",0.00106,1.2749804086518135,0.0013514792331709223,native,22
2027-03-01,461,"Первичный консультативный прием у врача специалиста, посещение",0.00207,0.7672798127279191,0.0015882692123467925,native,22
2027-03-01,464,"Пересылка простого письма внутри России, массой до 20 г, шт.",1e-05,1.3636381188691231,1.3636381188691233e-05,native,55
2027-03-01,466,"Перчатки из натуральной кожи, пара",0.00011,-0.19624913321741327,-2.158740465391546e-05,native,13
2027-03-01,467,"Перчатки трикотажные женские, пара",6e-05,-0.3672561149963072,-2.2035366899778434e-05,native,43
2027-03-01,468,"Печать цветных фотографий, шт.",0.00011,0.9813142026596515,0.00010794456229256167,native,12
2027-03-01,469,"Печень говяжья, свиная, кг",0.00275,1.0297474705124832,0.0028318055439093283,native,26
2027-03-01,470,"Печенье, кг",0.00549,0.8854750566327204,0.0048612580609136355,native,16
2027-03-01,471,"Печь микроволновая, шт.",0.00067,0.5442704107487429,0.00036466117520165777,native,51
2027-03-01,475,"Пиджак, жакет женский из шерстяных, полушерстяных или смесовых тканей, шт.",0.00359,0.3209091272607909,0.0011520637668662394,native,29
2027-03-01,478,"Плата за пересылку простой посылки внутри России массой 1-2 кг, шт.",0.00013,0.4083947681857175,5.309131986414327e-05,native,55
2027-03-01,479,"Плата за пользование потребительским кредитом (процентная ставка в стоимостном выражении), руб.",0.00656,0.5631611485858907,0.003694337134723443,native,55
2027-03-01,480,"Платье (платье-костюм) женское из полушерстяных или смесовых тканей, шт.",0.00401,0.4645503089145562,0.0018628467387473702,native,29
2027-03-01,481,"Платье (платье-костюм) женское из хлопчатобумажных или смесовых тканей, шт.",0.00396,1.058597438738078,0.0041920458574027895,native,29
2027-03-01,482,"Платье (платье-костюм, сарафан) для девочек школьного возраста из полушерстяных, смесовых  тканей, шт.",0.00051,0.24211838183314016,0.00012348037473490148,native,29
2027-03-01,483,"Платье (сарафан) летнее для девочек дошкольного возраста, шт.",0.00029,0.358051296311026,0.00010383487593019754,native,29
2027-03-01,484,"Плита бытовая, шт.",0.00148,0.762353759657711,0.0011282835642934122,native,51
2027-03-01,485,"Плитка керамическая, облицовочная для внутренних работ, м2",0.0019,0.45331823097863233,0.0008613046388594014,native,38
2027-03-01,486,"Плиты древесностружечные, ориентированно-стружечные, м2",0.0008899999999999,0.17863177318217277,0.0001589822781321159,native,38
2027-03-01,487,"Повторное получение гербового документа в органах ЗАГС, документ",0.00057,0.5746524914616647,0.0003275519201331489,native,55
2027-03-01,488,"Подгузники детские бумажные (памперсы), 10 шт.",0.00114,0.035177012732454514,4.0101794514998146e-05,native,54
2027-03-01,489,"Подушка, шт.",0.00248,0.5382006709391128,0.0013347376639289998,native,29
2027-03-01,496,"Ползунки из хлопчатобумажного трикотажного полотна, шт.",0.00019,0.750710290264019,0.00014263495515016362,native,29
2027-03-01,500,"Полотенце кухонное, шт.",0.0012,0.6787962260035496,0.0008145554712042594,native,54
2027-03-01,501,"Полотенце личное, шт.",0.00239,0.5969809683868029,0.0014267845144444592,native,54
2027-03-01,502,"Полуботинки мужские с верхом из искусственной кожи, пара",0.00083,0.39521337320765143,0.00032802709976235067,native,27
2027-03-01,503,"Полуботинки, туфли мужские с верхом из натуральной кожи, пара",0.00277,0.39335730601653035,0.001089599737665789,native,27
2027-03-01,505,"Пользование общественным туалетом, посещение",0.00047,0.916683651275766,0.00043084131609961003,native,55
2027-03-01,506,"Помидоры свежие, кг",0.00574,-1.3177351104919182,-0.007563799534223611,native,33
2027-03-01,507,"Помывка в бане в общем отделении, билет",0.00103,0.4777865714528863,0.0004921201685964729,native,12
2027-03-01,508,"Порошок стиральный, кг",0.00342,0.6186364380230241,0.0021157366180387426,native,25
2027-03-01,509,"Посещение детского ясли-сада, день",0.00038,1.032573475436359,0.0003923779206658164,native,44
2027-03-01,511,"Постановка набоек, пара",0.00055,0.4639156888657111,0.00025515362887614115,native,12
2027-03-01,513,"Пребывание пациента в круглосуточном стационаре, койко-день",0.00042,-0.025242241768385347,-1.0601741542721845e-05,native,22
2027-03-01,514,"Предоставление абоненту в постоянное пользование абонентской линии независимо от ее типа, месяц",0.00024,0.2720113171239392,6.528271610974541e-05,native,48
2027-03-01,518,"Предоставление местного телефонного соединения при повременной системе оплаты услуг связи, минута",0.00024,0.5697654006633719,0.00013674369615920926,native,48
2027-03-01,519,"Прививка животного, шт.",0.00019,0.1705192014938349,3.2398648283828635e-05,native,55
2027-03-01,524,"Продукция предприятий общественного питания быстрого обслуживания (сэндвич типа ""Гамбургер""), шт.",0.00269,1.0991848454257618,0.002956807234195299,native,28
2027-03-01,525,"Проезд в городском автобусе,поездка",0.00185,0.7066103679529022,0.0013072291807128692,native,47
2027-03-01,527,"Проезд в маршрутном такси, поездка",0.00869,1.2790316965394926,0.011114785442928191,native,47
2027-03-01,528,"Проезд в междугородном автобусе, в расчете на 50 км пути",0.00057,0.8289924724809117,0.00047252570931411965,native,47
2027-03-01,531,"Проезд в такси, в расчете на 1 км пути",0.00415,-1.0558138092730616,-0.004381627308483206,native,47
2027-03-01,533,"Проезд в троллейбусе, поездка",0.0001,0.7594952085157859,7.59495208515786e-05,native,47
2027-03-01,535,"Проживание в студенческом общежитии, месяц",2e-05,0.7106705616316074,1.4213411232632148e-05,native,55
2027-03-01,538,"Пряники, кг",0.0019,0.829554957184916,0.0015761544186513403,native,16
2027-03-01,539,"Пшено, кг",0.00118,1.4568364551922846,0.001719067017126896,native,18
2027-03-01,540,"Ранец, рюкзак для школьников, шт.",0.00108,-0.06943257769013478,-7.498718390534556e-05,native,13
2027-03-01,541,"Регулировка развала-схождения колес легкового автомобиля, один вид работы",0.00423,0.5155116873231047,0.002180614437376733,native,12
2027-03-01,542,"Ремень мужской, шт.",0.00059,0.33547622851107284,0.00019793097482153298,native,13
2027-03-01,543,"Ремонт  телевизоров, один вид работы",0.00037,0.2923006029413045,0.00010815122308828266,native,12
2027-03-01,544,"Ремонт брюк из всех видов тканей, один вид работы",0.00018,0.25449395415569237,4.580891174802463e-05,native,12
2027-03-01,548,"Ремонт холодильников всех марок, один вид работы",0.00042,0.493385777647416,0.00020722202661191473,native,12
2027-03-01,552,"Рис шлифованный, кг",0.00479,0.6730933035732317,0.00322411692411578,native,18
2027-03-01,554,"Рубероид, 10 м",0.00011,0.7068744227271465,7.775618649998611e-05,native,38
2027-03-01,555,"Рыба живая и охлажденная, кг",0.00395,0.490535063583866,0.001937613501156271,native,34
2027-03-01,558,"Рыба мороженая неразделанная, кг",0.00303,0.46901668131599206,0.001421120544387456,native,34
2027-03-01,559,"Рыба мороженая разделанная (кроме лососевых пород), кг",0.005,0.7611697047225263,0.0038058485236126317,native,34
2027-03-01,560,"Рыба охлажденная и мороженая разделанная лососевых пород, кг",0.00181,0.8010077908584714,0.0014498241014538331,native,34
2027-03-01,561,"Рыба соленая, маринованная, копченая, кг",0.00142,0.8594069474336251,0.0012203578653557476,native,34
2027-03-01,563,"Рюмка, фужер из простого стекла, шт.",0.00054,0.37624348054052864,0.00020317147949188547,native,54
2027-03-01,565,"Санаторий, день",0.001,1.2607664762961863,0.0012607664762961863,native,35
2027-03-01,566,"Сапоги женские зимние с верхом из натуральной кожи, пара",0.00253,-1.2395167693977904,-0.00313597742657641,native,27
2027-03-01,567,"Сапоги женские осенние с верхом из натуральной кожи, пара",0.00145,-0.5407901059756076,-0.000784145653664631,native,27
2027-03-01,568,"Сапоги цельнорезиновые для взрослых, пара",0.00042,0.03217375193006357,1.35129758106267e-05,native,54
2027-03-01,569,"Сапоги цельнорезиновые для детей, пара",0.00011,0.3416433651010876,3.758077016111964e-05,native,54
2027-03-01,570,"Сапоги, ботинки для детей школьного возраста зимние с верхом из натуральной кожи, пара",0.00111,-0.4121560422293968,-0.00045749320687463044,native,27
2027-03-01,571,"Сапоги, ботинки мужские зимние с верхом из натуральной кожи, пара",0.00223,-0.6511401228081086,-0.0014520424738620823,native,27
2027-03-01,572,"Сахар-песок, кг",0.00532,1.1530383082719078,0.0061341638000065495,native,36
2027-03-01,573,"Свежесрезанные цветы, шт.",0.00399,1.0266285447973422,0.004096247893741395,native,54
2027-03-01,574,"Свёкла столовая, кг",0.00077,6.857799190670935,0.00528050537681662,native,33
2027-03-01,575,"Светильник потолочный, шт.",0.00208,0.7009222817975792,0.0014579183461389646,native,51
2027-03-01,577,"Свинина (кроме бескостного мяса), кг",0.00481,0.12975245795144844,0.000624109322746467,native,26
2027-03-01,578,"Свинина бескостная, кг",0.00257,0.35022724020157975,0.0009000840073180599,native,26
2027-03-01,580,"Сельдь соленая, кг",0.00079,0.6171830999490162,0.0004875746489597228,native,34
2027-03-01,584,"Сковорода, шт.",0.00137,0.40258906396911176,0.0005515470176376831,native,54
2027-03-01,585,"Смартфон, шт.",0.00625,-0.29829583314753505,-0.0018643489571720942,native,37
2027-03-01,587,"Смеси сухие молочные для детского питания, кг",0.00077,1.2759048612614035,0.0009824467431712807,native,24
2027-03-01,588,"Сметана, кг",0.00748,0.7574826807068149,0.005665970451686975,native,24
2027-03-01,589,"Содержание и ремонт жилья в государственном и муниципальном жилищных фондах, м2 общей площади",0.00078,0.10006032372789762,7.804705250776015e-05,native,14
2027-03-01,590,"Содержание, ремонт жилья для граждан-собственников жилья в результате приватизации, граждан-собственников жилых помещений по иным основаниям, м2 общей площади",0.00599,0.09303742022146057,0.0005572941471265487,native,14
2027-03-01,591,"Соки фруктовые, л",0.00232,1.0082642772737564,0.002339173123275115,native,53
2027-03-01,592,"Соленые и копченые деликатесные продукты из рыбы, кг",0.0013,0.7739698065286762,0.001006160748487279,native,34
2027-03-01,593,"Соль поваренная пищевая, кг",0.00122,0.8638552059903806,0.0010539033513082643,native,53
2027-03-01,595,"Сорочка верхняя для мальчиков дошкольного возраста, шт.",0.00024,0.5959232879900738,0.0001430215891176177,native,29
2027-03-01,596,"Сорочка верхняя для мальчиков школьного возраста, шт.",0.0008899999999999,0.3119381545078442,0.0002776249575119501,native,29
2027-03-01,597,"Сорочка верхняя мужская из хлопчатобумажных или смесовых тканей, шт.",0.00449,0.5104366240252859,0.0022918604418735336,native,29
2027-03-01,598,"Сорочка ночная женская, шт.",0.00105,0.32330054667962616,0.00033946557401360743,native,29
2027-03-01,599,"Сосиски, сардельки, кг",0.00553,0.8551320308098698,0.00472888013037858,native,26
2027-03-01,601,"Спички, коробок",0.00059,1.389847600499846,0.0008200100842949091,native,54
2027-03-01,602,"Стекло оконное листовое, м2",5e-05,0.8779596353596241,4.3897981767981206e-05,native,38
2027-03-01,605,"Стирка и глажение белья прямого, кг",0.00081,0.18961848213781723,0.00015359097053163195,native,12
2027-03-01,606,"Стол обеденный, шт.",0.00356,0.6517883797626669,0.002320366631955094,native,20
2027-03-01,607,"Стол рабочий кухонный, шт.",0.00091,0.760102278679016,0.0006916930735979046,native,20
2027-03-01,608,"Стрижка модельная в женском зале, стрижка",0.00549,0.6164388390487507,0.0033842492263776417,native,12
2027-03-01,609,"Стрижка модельная в мужском зале, стрижка",0.0051,0.599854182142961,0.0030592563289291016,native,12
2027-03-01,610,"Стул с мягким сиденьем, шт.",0.00259,0.4273812909295851,0.0011069175435076254,native,20
2027-03-01,616,"Сухие корма для домашних животных, кг",0.00104,1.0751927869667042,0.0011182004984453722,native,54
2027-03-01,617,"Сухие супы в пакетах, 100 г",0.00132,0.8696354497560208,0.0011479187936779475,native,53
2027-03-01,618,"Сухофрукты, кг",0.00073,0.5096224184222806,0.00037202436544826484,native,33
2027-03-01,620,"Сыры плавленые, кг",0.00187,0.6477353319158081,0.0012112650706825611,native,39
2027-03-01,621,"Сыры твердые, полутвердые и мягкие, кг",0.00514,0.8773308626703724,0.0045094806341257135,native,39
2027-03-01,622,"Табурет для кухни, шт.",0.00063,0.6591010826746495,0.00041523368208502923,native,20
2027-03-01,623,"Тарелка обеденная, шт.",0.00085,0.44306671048145574,0.00037660670390923735,native,54
2027-03-01,624,"Таурин, 4%, 5 мл",0.00036,0.9069357388487711,0.00032649686598555764,native,21
2027-03-01,628,"Театры, билет",0.00033,1.19988262275514,0.0003959612655091962,native,46
2027-03-01,629,"Телевизор цветного изображения, шт.",0.00258,-0.7394469748252994,-0.0019077731950492723,native,41
2027-03-01,633,"Термометр медицинский электронный стандартный, шт.",6e-05,0.6937266017578705,4.162359610547223e-05,native,21
2027-03-01,634,"Тетрадь школьная, шт.",0.00029,0.8332423168928399,0.00024164027189892357,native,54
2027-03-01,636,"Ткани декоративные для изготовления штор и занавесей, м",0.0008,0.3811655878820328,0.00030493247030562626,native,54
2027-03-01,638,"Ткани хлопчатобумажные бельевые, м",0.0001,0.3808044171484081,3.808044171484081e-05,native,54
2027-03-01,641,"Ткань костюмная шерстяная и полушерстяная, м",6e-05,0.408432684819812,2.450596108918872e-05,native,54
2027-03-01,642,"Ткань платьевая из искусственного или синтетического шелка, м",8e-05,0.7020441164055498,5.6163529312443984e-05,native,54
2027-03-01,646,"Торты, кг",0.00277,0.8621075985763414,0.002388038048056466,native,16
2027-03-01,647,"Трикотажная шапочка детская, шт.",0.00072,-0.7959931660366126,-0.0005731150795463612,native,43
2027-03-01,650,"Триммер электрический, шт.",0.00056,0.7784522429399767,0.00043593325604638695,native,15
2027-03-01,651,"Троксерутин, 2% гель, 40 г",0.0004,1.1723726032984942,0.00046894904131939774,native,21
2027-03-01,652,"Трусы детские, шт.",0.00043,0.3652428863831177,0.00015705444114474061,native,43
2027-03-01,653,"Трусы мужские, шт.",0.00145,0.2741467562086253,0.0003975127965025066,native,43
2027-03-01,654,"Туалетная вода, 100 мл",0.00579,0.7680216477513389,0.004446845340480252,native,30
2027-03-01,655,"Туфли детские летние (сандалеты), пара",0.00076,0.8347811905119068,0.0006344337047890492,native,27
2027-03-01,659,"Туфли женские модельные с верхом из натуральной кожи, пара",0.00094,0.18463961597167589,0.00017356123901337534,native,27
2027-03-01,660,"Тушь для ресниц, шт.",0.00179,0.42444421913790586,0.0007597551522568514,native,30
2027-03-01,661,"Тюль, полотно гардинное, м",0.0022,0.3486395047473877,0.000767006910444253,native,13
2027-03-01,663,"Удаление зуба под местным обезболиванием, удаление",0.00116,1.1336357362902492,0.001315017454096689,native,22
2027-03-01,664,"Удостоверение завещания в нотариальной конторе, услуга",0.00012,2.5981859965137266,0.0003117823195816472,native,55
2027-03-01,665,"Ужин в ресторане, на 1 человека",0.00313,0.6491152934954834,0.002031730868640863,native,28
2027-03-01,666,"Ультразвуковое исследование брюшной полости, исследование",0.00137,0.6094925353756657,0.000835004773464662,native,22
2027-03-01,675,"Услуги организатора проведения торжеств, услуга",0.00247,0.13528459071699714,0.0003341529390709829,native,12
2027-03-01,678,"Услуги по воспитанию детей, предоставляемые наемным персоналом, час",0.00121,0.3530655063522744,0.000427209262686252,native,12
2027-03-01,679,"Услуги по организации и выполнению работ по эксплуатации домов ЖК, ЖСК, ТСЖ, м2 общей площади",0.00526,0.17265837786987157,0.0009081830675955245,native,14
2027-03-01,690,"Установка пластиковых окон, м2",0.0018,0.7221784718055462,0.0012999212492499832,native,12
2027-03-01,691,"Устная консультация юриста по семейным вопросам, консультация",0.00011,0.03928744658864029,4.321619124750432e-06,native,55
2027-03-01,692,"Учебник, учебное пособие, дидактический материал для общеобразовательной школы, шт.",0.00048,0.2263145056849196,0.00010863096272876141,native,32
2027-03-01,694,"Фарш мясной, кг",0.0094,0.10446618810252944,0.000981982168163777,native,26
2027-03-01,695,"Физиотерапевтическое лечение, процедура",0.00014,0.4932364879625957,6.90531083147634e-05,native,22
2027-03-01,697,"Филе рыбное, кг",0.00204,0.6058314905870759,0.0012358962407976349,native,34
2027-03-01,698,"Филе сельди соленое, кг",0.00065,1.0551951339701477,0.000685876837080596,native,34
2027-03-01,699,"Флеш-накопитель USB, шт.",3e-05,-0.3840536447396179,-1.1521609342188537e-05,native,41
2027-03-01,701,"Фотоаппарат, шт.",0.00019,0.34386547319700395,6.533443990743075e-05,native,54
2027-03-01,703,"Футболка детская, шт.",0.00049,0.5321692821795039,0.0002607629482679569,native,43
2027-03-01,704,"Халат женский, шт.",0.00119,0.7785908151672545,0.0009265230700490329,native,29
2027-03-01,706,"Химчистка мужского костюма, шт.",0.00012,0.26371085748283113,3.1645302897939735e-05,native,12
2027-03-01,710,"Хлеб из ржаной муки и из смеси муки ржаной и пшеничной, кг",0.00255,0.5461399162383285,0.0013926567864077377,native,49
2027-03-01,711,"Хлопья из злаков (сухие завтраки), кг",0.00115,0.8761135401210981,0.0010075305711392628,native,49
2027-03-01,712,"Холодильник двухкамерный, емкостью 250-360 л, шт.",0.00262,0.13054212594793838,0.0003420203699835985,native,51
2027-03-01,714,"Цемент тарированный, 50 кг",0.00066,0.5181153125861718,0.0003419561063068734,native,38
2027-03-01,716,"Чай черный байховый пакетированный, 25 пакетиков",0.00197,0.9037974501124936,0.0017804809767216123,native,50
2027-03-01,717,"Чай черный байховый, кг",0.00269,1.002610658534587,0.0026970226714580392,native,50
2027-03-01,718,"Чайник, шт.",0.00102,0.1495028267792647,0.00015249288331485003,native,54
2027-03-01,721,"Часы наручные, шт.",0.00028,0.32043089847810063,8.972065157386817e-05,native,54
2027-03-01,722,"Чашка чайная с блюдцем, комплект",0.00028,0.4574013477566396,0.00012807237737185907,native,54
2027-03-01,723,"Чеснок, кг",0.00111,1.4501735067500925,0.0016096925924926027,native,33
2027-03-01,726,"Шампунь, 250 мл",0.0019,0.721040065639583,0.0013699761247152077,native,30
2027-03-01,727,"Шиномонтаж колес легкового автомобиля, услуга",0.00355,0.6433550385688842,0.002283910386919539,native,12
2027-03-01,728,"Шины для легкового автомобиля, шт.",0.00355,0.5571807115353324,0.0019779915259504305,native,17
2027-03-01,729,"Шкаф-вешалка для прихожей, шт.",0.00078,0.9087723600480172,0.0007088424408374535,native,20
2027-03-01,730,"Шкаф для платья и белья, шт.",0.0023,0.6421172092287984,0.0014768695812262364,native,20
2027-03-01,731,"Шкаф навесной кухонный (полка), двухстворчатый, шт.",0.00067,1.0374761371477887,0.0006951090118890185,native,20
2027-03-01,734,"Шоколад, кг",0.0034,1.2831557904268052,0.004362729687451137,native,16
2027-03-01,735,"Щетка зубная, шт.",0.00174,0.8204334426862993,0.0014275541902741607,native,13
2027-03-01,740,"Экскурсия автобусная, час",0.00112,0.7810275966211977,0.0008747509082157413,native,55
2027-03-01,741,"Электропылесос напольный, шт.",0.00185,0.6933852695742685,0.0012827627487123968,native,51
2027-03-01,742,"Электроутюг, шт.",0.00079,0.5025538958914577,0.0003970175777542516,native,51
2027-03-01,743,"Электрочайник, шт.",0.00058,0.08706311316266391,5.049660563434507e-05,native,51
2027-03-01,744,"Электроэнергия в квартирах без электроплит сверх минимального объема потребления, в расчете за 100 кВт.ч",0.00107,0.2745688694464806,0.0002937886903077343,native,14
2027-03-01,745,"Электроэнергия в квартирах без электроплит за минимальный объем потребления, в расчете за 100 кВт.ч",0.00638,0.2801838671702356,0.001787573072546103,native,14
2027-03-01,746,"Электроэнергия в квартирах с электроплитами за минимальный объем потребления, в расчете за 100 кВт.ч",0.00315,0.2792295138937829,0.0008795729687654162,native,14
2027-03-01,747,"Электроэнергия в квартирах с электроплитами сверх минимального объема потребления, в расчете за 100 кВт.ч",0.00082,0.27307843042692315,0.00022392431295007698,native,14
2027-03-01,748,"Эналаприл, 5 мг, 10 таблеток",0.00035,0.5878245912239545,0.00020573860692838406,native,21
2027-03-01,750,"Юбка для девочек школьного возраста из полушерстяных тканей, шт.",0.00076,0.662036353470414,0.0005031476286375147,native,29
2027-03-01,751,"Юбка женская из полушерстяных или смесовых тканей, шт.",0.00203,0.5493184404116515,0.0011151164340356525,native,29
2027-03-01,753,"Яблоки, кг",0.00515,5.836530891631629,0.03005813409190289,native,33
2027-03-01,754,"Яйца куриные, 10 шт.",0.00543,-3.636449695188428,-0.019745921844873164,native,52
2027-03-01,786,"Поездка на отдых в Турцию, поездка",0.0004,10.728077254000299,0.00429123090160012,native,67
2027-03-01,795,"Варежки (перчатки) детские, пара",8e-05,-0.9376398986296592,-7.501119189037275e-05,native,43
2027-03-01,809,"Шарф шерстяной, полушерстяной или из смесовой пряжи для взрослых, шт.",0.00077,-0.661892616263063,-0.0005096573145225584,native,43
2027-03-01,851,"Активированный уголь, 250 мг, 10 таблеток",0.00032,2.808341079091822,0.0008986691453093831,native,21
2027-03-01,958,"Чай зеленый, кг",0.00169,0.723369672964719,0.0012224947473103752,native,50
2027-03-01,959,"Брюки женские из джинсовой ткани (джинсы), шт.",0.00282,0.49604736614745304,0.0013988535725358176,native,29
2027-03-01,960,"Носки женские, гольфы, пара",0.0007,0.8474370026596938,0.0005932059018617856,native,54
2027-03-01,961,"Пена для бритья, 200 мл",0.00085,1.0271136472604803,0.0008730466001714082,native,30
2027-03-01,962,Крем для рук,0.00117,1.325256515436379,0.0015505501230605634,native,30
2027-03-01,963,"Бритвенные станки одноразовые, шт.",0.0008,0.8794586927661594,0.0007035669542129275,native,13
2027-03-01,964,"Лампа светодиодная, шт.",0.00026,0.24036101116385106,6.249386290260127e-05,native,51
2027-03-01,965,"Моноблок, шт.",0.00092,0.2495601391277604,0.00022959532799753958,native,31
2027-03-01,966,"Годовая стоимость полиса обязательного страхования гражданской ответственности владельцев транспортных средств (ОСАГО), полис",0.0013,0.9593524208962656,0.0012471581471651453,native,55
2027-03-01,968,"Рюкзак для взрослых, шт.",0.00087,-0.1406229869195881,-0.00012234199862004165,native,13
2027-03-01,970,"Сливки питьевые, л",0.00112,1.3832601119832213,0.0015492513254212077,native,24
2027-03-01,971,"Зелень свежая, кг",0.00098,1.7620343790874116,0.0017267936915056632,native,33
2027-03-01,972,"Грибы свежие, кг",0.00119,2.233991681346187,0.002658450100801963,native,33
2027-03-01,973,"Ягоды замороженные, кг",0.00026,2.153139593073092,0.0005598162941990038,native,33
2027-03-01,976,"Гель для душа, 250 мл",0.00105,1.2140821825638262,0.0012747862916920173,native,30
2027-03-01,977,"Мыло туалетное жидкое, 250 мл",0.00099,0.6921169839550658,0.0006851958141155151,native,30
2027-03-01,978,"Дезодорант, 50 мл",0.00092,1.5532245042912916,0.0014289665439479883,native,30
2027-03-01,979,"Кресло мягкое, шт.",0.00377,0.7017575501616686,0.0026456259641094906,native,20
2027-03-01,980,"Матрас для взрослых, шт.",0.00306,1.1256047531078641,0.003444350544510064,native,20
2027-03-01,981,"Салфетки влажные, упаковка 20 шт.",0.00045,1.3861273902430726,0.0006237573256093826,native,54
2027-03-01,982,"Бумажные столовые салфетки, упаковка 10 шт.",0.00306,0.9107616132179817,0.0027869305364470235,native,54
2027-03-01,983,"Бумажные носовые платки, упаковка 10 шт.",0.00042,1.2253744139133838,0.0005146572538436212,native,54
2027-03-01,984,"Прокладки женские гигиенические, 10 шт.",0.00108,1.4024309832344068,0.0015146254618931595,native,54
2027-03-01,985,"Наушники беспроводные, шт.",0.00189,-0.6066938548443268,-0.0011466513856557775,native,37
2027-03-01,987,"Цефтриаксон, 1 г",0.0004,0.39749681067450704,0.00015899872426980283,native,21
2027-03-01,992,"Амлодипин, 10 мг, 10 таблеток",0.00035,1.3661108888888842,0.00047813881111110945,calendar_gap_in_required_features,21
2027-03-01,993,"Омепразол, 20 мг, 10 таблеток",0.0004,0.6784245513971667,0.0002713698205588667,native,21
2027-03-01,994,"Хлоргексидин, 100 мл",0.00033,0.9683331666666619,0.0003195499449999984,short_history,21
2027-03-01,995,"Амоксициллин с клавулановой кислотой, 500 мг+125мг, 10 таблеток",0.00039,0.8178145834890377,0.0003189476875607247,native,21
2027-03-01,996,"Ибупрофен, 200 мг, 10 таблеток",0.00049,1.0336028993232107,0.0005064654206683732,native,21
2027-03-01,997,"Шприцы одноразовые, шт.",6e-05,1.8092462417865947,0.00010855477450719569,native,21
2027-03-01,999,"Антисептик для рук, 100 мл",0.00017,0.41604412781246425,7.072750172811893e-05,native,21
2027-03-01,1000,"Термометр медицинский безртутный (галинстановый), шт.",6e-05,1.0102346214186304,6.0614077285117826e-05,native,21
2027-03-01,1001,"Установка натяжного потолка, м2",0.00073,0.3145328289540034,0.00022960896513642248,native,12
2027-03-01,1002,"Услуги аренды автомобилей, час",0.00017,1.0924740783942584,0.00018572059332702394,native,47
2027-03-01,1003,"Подписка на онлайн-видеосервисы, месяц",0.00766,0.5783021124857223,0.004429794181640633,native,48
2027-03-01,1004,"Проживание в гостинице 1* или в мотеле, сутки с человека",5e-05,0.8940592671264299,4.47029633563215e-05,native,55
2027-03-01,1005,"Проживание в гостинице 2*, сутки с человека",4e-05,1.2231405212321096,4.892562084928439e-05,native,55
2027-03-01,1006,"Проживание в гостинице 3*, сутки с человека",0.00075,2.087962368459265,0.0015659717763444488,native,55
2027-03-01,1007,"Проживание в гостинице 4*-5*, сутки с человека",0.00067,0.9709282802039649,0.0006505219477366566,native,55
2027-03-01,1008,"Проживание в хостеле, сутки с человека",0.00061,1.915956988623242,0.0011687337630601775,native,55
2027-03-01,1009,"Экскурсионные туры по России, поездка",0.00138,0.8244507569481938,0.0011377420445885073,native,55
2027-03-01,1011,"Поездка на отдых в ОАЭ, поездка",0.0004,6.760000000000005,0.002704000000000002,missing_current_observation,67
2027-03-01,1012,"Услуги сиделок, час",0.00046,1.2812233702750344,0.0005893627503265158,native,22
2027-03-01,1013,"Диагностика на магнитно-резонансном или компьютерном томографе, услуга",0.00045,0.20957134832096055,9.430710674443225e-05,native,22
2027-03-01,1014,"Гастроскопия (ФГДС, ЭГДС), услуга",0.00059,0.5694841891717835,0.00033599567161135226,native,22
2027-03-01,1020,"Аскорбиновая кислота, 50 мг, 100 драже",0.00028,0.5532510019400464,0.00015491028054321297,native,21
2027-03-01,1024,"Валерианы экстракт, 20 мг, 10 таблеток",0.00029,1.8063772684263455,0.0005238494078436402,native,21
2027-03-01,1025,"Газета в розницу, шт.",0.00024,1.1771882900442934,0.0002825251896106304,native,32
2027-03-01,1030,"Клубная карта в фитнес-клуб, месяц",0.00185,0.8099443343621282,0.0014983970185699373,native,55
2027-03-01,1032,"Кроссовые туфли для взрослых, пара",0.00518,-0.03890336947858963,-0.0002015194538990943,native,27
2027-03-01,1035,"Метилурацил, 10 % мазь, 25 г",0.00037,2.408343207514599,0.0008910869867804017,native,21
2027-03-01,1037,"Мирамистин, 0,01%, 150 мл",0.00039,0.35790908684468936,0.00013958454386942885,native,21
2027-03-01,1038,"Натрия хлорид, 0,9%, 100 мл",0.00039,0.725432666883764,0.0002829187400846679,native,21
2027-03-01,1039,"Нафазолин, 0,1%, 15 мл",0.00044,2.8927552310934823,0.0012728123016811322,native,21
2027-03-01,1040,"Парацетамол, 500 мг, 10 таблеток",0.00039,0.4073252342570699,0.00015885684136025726,native,21
2027-03-01,1041,"Перекись водорода, 3%, 100 мл",0.00036,0.6048408656318622,0.00021774271162747043,native,21
2027-03-01,1042,"Пиво, л",0.00372,0.9575111728648331,0.0035619415630571793,native,11
2027-03-01,1043,"Поездка на отдых в Египет, поездка",0.0002,5.344951440215247,0.0010689902880430496,native,67
2027-03-01,1045,"Ренгалин, 20 таблеток",0.0004,0.9871057683432318,0.0003948423073372927,native,21
2027-03-01,1046,"Сигареты с фильтром, пачка",0.0086599999999999,0.5093692469828617,0.004411137678871532,native,40
2027-03-01,1048,"Сумка женская, шт.",0.00138,0.19884682566912215,0.0002744086194233886,native,13
2027-03-01,1049,"Творог, кг",0.00591,0.6200173433236924,0.003664302499043022,native,24
2027-03-01,1050,"Туфли женские закрытые, пара",0.00196,1.3167255366950852,0.002580782051922367,native,27
2027-03-01,1051,"Туфли женские летние, босоножки, пара",0.00356,0.12097387293038842,0.00043066698763218276,native,27
2027-03-01,1054,"Хлеб и булочные изделия из пшеничной муки различных сортов, кг",0.00735,0.8679282731189061,0.006379272807423959,native,49
2027-03-01,1055,"Цитрамон, 10 таблеток",0.00039,2.5244737041519514,0.000984544744619261,native,21
2027-03-01,1060,"Поездки в страны Закавказья, поездка",0.00022,2.0481361919081076,0.00045058996221978366,native,67
2027-03-01,1063,"Поездки в отдельные страны Средней Азии, поездка",4e-05,9.216666777777782,0.0003686666711111113,short_history,67
2027-03-01,1064,"Поездка в Беларусь, поездка",0.0001,6.392221944444448,0.0006392221944444449,short_history,67
2027-03-01,1065,"Поездки в отдельные страны Юго-Восточной Азии, поездка",0.00017,-5.606163591796573,-0.0009530478106054175,native,67
2027-03-01,1066,"Молоко питьевое цельное пастеризованное более 3,2% жирности, л",0.00142,0.4388830957262826,0.0006232139959313213,native,24
2027-03-01,1067,"Творожок детский, кг",6e-05,0.9692161693767363,5.815297016260418e-05,native,24
2027-03-01,1068,"Молоко для детей, л",1e-05,-0.19791363714701227,-1.979136371470123e-06,native,24
2027-03-01,1069,"Сухие приправы, специи, кг",0.00139,1.1075661566173491,0.0015395169576981154,native,53
2027-03-01,1070,"Трикотажный головной убор для взрослых, шт.",0.00057,-1.8102681942203063,-0.0010318528707055745,native,43
2027-03-01,1071,"Крем детский, 100 г (100 мл)",0.00137,1.1477461690800372,0.001572412251639651,native,30
2027-03-01,1072,"Чемодан, шт.",0.00108,0.16669739958000054,0.00018003319154640058,native,13
2027-03-01,1073,"Бумага офисная, упаковка 500 листов",0.00015,0.2065397936357874,3.09809690453681e-05,native,54
2027-03-01,1074,"Смарт-часы, шт.",0.00085,-2.0149434196496214,-0.001712701906702178,native,37
2027-03-01,1075,"Коньки, пара",0.00035,0.6064492669637576,0.00021225724343731516,native,54
2027-03-01,1076,"Гипсокартон, м2",0.00075,0.23070067648344636,0.00017302550736258477,native,38
2027-03-01,1077,"Кресло детское автомобильное, шт.",0.00056,0.5038418989606099,0.0002821514634179415,native,17
2027-03-01,1078,"Соска (пустышка) детская, шт.",6e-05,0.36549091564641933,2.192945493878516e-05,native,21
2027-03-01,1079,"Бутылочка для кормления, шт.",0.00066,0.39511624843144244,0.000260776723964752,native,21
2027-03-01,1083,"Поездка на отдых на Черноморское побережье России и в Крым, поездка",0.00205,14.114250787110619,0.02893421411357677,native,55
2027-03-01,1086,"Горошек зеленый консервированный, кг",0.00081,-0.15695472222222248,-0.0001271333250000002,short_history,53
2027-03-01,1087,"Перец сладкий свежий, кг",0.00266,-0.49500005555555915,-0.0013167001477777873,short_history,33
2027-03-01,1088,"Робот-пылесос, шт.",0.00116,-1.875553388888883,-0.0021756419311111043,short_history,51
2027-03-01,1091,"Валосердин, 25 мл",0.00033,0.9494442777777736,0.0003133166116666653,short_history,21
2027-03-01,1094,"Диклофенак, 15 мл",0.00038,1.548333222222218,0.0005883666244444429,short_history,21
2027-03-01,1095,"Кардиомагнил, 100 таблеток",0.0004,0.9561111666666622,0.0003824444666666649,short_history,21
2027-03-01,1097,"Меновазин, 40 мл",0.00034,0.8983331111111063,0.00030543325777777615,short_history,21
2027-03-01,1099,"Пенталгин, 24 таблетки",0.00035,1.1450001111111068,0.00040075003888888735,short_history,21
2027-03-01,1100,"Салициловая кислота, 40 мл",0.00031,1.6455553333333286,0.0005101221533333318,short_history,21
2027-03-01,1101,"Спазмалгон, 10 таблеток",0.0004,0.9505553333333291,0.0003802221333333317,short_history,21
2027-03-01,1105,Воздушный и железнодорожный транспорт,0.00569,4.049999999999997,0.02304449999999998,missing_current_observation,47
2027-03-01,1107,"Печень птицы, кг",0.00225,1.8061112222222182,0.004063750249999991,short_history,26
2027-03-01,1108,"Кефир, кг",0.00427,-1.2411082222222187,-0.0052995321088888745,short_history,24
2027-03-01,1109,"Сырки творожные, глазированные, кг",0.00124,-0.9544414999999967,-0.0011835074599999959,short_history,24
2027-03-01,1110,"Вода питьевая, л",0.00157,-0.16417705555555528,-0.0002577579772222218,short_history,53
2027-03-01,1111,"Жидкие средства для стирки, л",0.00146,0.18055527777778005,0.00026361070555555886,short_history,25
2027-03-01,1112,"Помада, шт.",0.00092,-2.9566658333333353,-0.0027201325666666686,short_history,30
2027-03-01,1113,"Блоки строительные, 1000 шт.",0.00028,-0.13277738888889307,-3.717766888889006e-05,short_history,38
2027-03-01,1114,"Компримированный природный газ, м3",0.00189,-0.7488888888888938,-0.0014154000000000094,short_history,42
2027-03-01,1115,"Хлоропирамин, 10 таблеток",0.00036,0.9488889444444403,0.0003416000199999985,short_history,21
2027-03-01,1116,"Цетиризин, 10 таблеток",0.00037,0.9516666111111063,0.0003521166461111093,short_history,21
2027-03-01,1117,"Интерферон альфа-2В, 10 мл",0.00039,0.8455555555555507,0.0003297666666666648,short_history,21
2027-03-01,1118,"Метопролол, 10 таблеток",0.00046,0.6733329444444409,0.00030973315444444283,short_history,21
2027-03-01,1119,"Спиронолактон, 10 таблеток",0.00035,0.7444442222222176,0.00026055547777777615,short_history,21
2027-03-01,1120,"Лозартан, 10 таблеток",0.0004,1.0666664999999957,0.00042666659999999833,short_history,21
2027-03-01,1121,"Аторвастатин, 10 таблеток",0.0004,0.9638888333333284,0.0003855555333333314,short_history,21
2027-03-01,1122,"Мелоксикам, 10 таблеток",0.00038,0.8149997222222183,0.00030969989444444297,short_history,21
2027-03-01,1123,"Кеторолак, 10 таблеток",0.00042,1.7633332222222173,0.0007405999533333313,short_history,21
2027-03-01,1124,"Розувастатин, 10 таблеток",0.00034,0.9066663333333282,0.00030826655333333165,short_history,21
2027-03-01,1125,"Алтея лекарственного травы экстракт, 10 таблеток",0.00041,0.7955555555555512,0.000326177777777776,short_history,21
2027-03-01,1126,"Римантадин, 10 таблеток",0.00032,0.7155551666666626,0.00022897765333333207,short_history,21
2027-03-01,1127,"Погребение, услуга",0.00034,0.328888888888885,0.00011182222222222092,short_history,12
2027-03-01,1128,"Курьерская доставка, услуга",0.00012,1.125047333333337,0.00013500568000000045,short_history,55
2027-03-01,1129,"Междугородная телефонная связь, минута",0.00019,1.060555833333332,0.0002015056083333331,short_history,48
2027-03-01,1131,"Вода минеральная, л",0.00085,0.07082305555555576,6.01995972222224e-05,short_history,53
2027-04-01,101,"Абонентская плата за доступ к сети Интернет, месяц",0.0085699999999999,0.05518448894866447,0.000472931070290049,native,48
2027-04-01,103,"Абонентская плата за неограниченный объем местных телефонных соединений, месяц",0.00026,0.2379689028141843,6.187191473168792e-05,native,48
2027-04-01,104,"Абонентская плата за пакет услуг сотовой связи, месяц",0.01009,0.6543952180956634,0.0066028477505852435,native,48
2027-04-01,106,"Абонентская плата за телевизионную антенну, месяц",0.00219,0.5875672794554987,0.0012867723420075421,native,48
2027-04-01,107,"Абонентская плата при комбинированной системе оплаты услуг местной телефонной связи, месяц",0.00022,0.25480057258254357,5.605612596815959e-05,native,48
2027-04-01,109,"Авторучка шариковая, шт.",0.00063,0.941576467729843,0.0005931931746698012,native,54
2027-04-01,112,"Альбом для рисования, шт.",0.00023,0.4211127045187433,9.685592203931096e-05,native,54
2027-04-01,113,"Амброксол, 30 мг, 10 таблеток",0.00035,0.41258027993438157,0.00014440309797703356,native,21
2027-04-01,115,"Апельсины, кг",0.00434,-0.4235893414040861,-0.0018383777416937338,native,33
2027-04-01,116,"Аппарат для измерения артериального давления электронный, шт.",0.0002,0.578178425849831,0.00011563568516996621,native,21
2027-04-01,117,"Аренда двухкомнатной квартиры у частных лиц, месяц",0.00506,0.44169229614905026,0.0022349630185141945,native,14
2027-04-01,118,"Аренда индивидуального банковского сейфа, в расчете на месяц",0.00011,0.9879196948264202,0.00010867116643090622,native,55
2027-04-01,119,"Аренда однокомнатной квартиры у частных лиц, месяц",0.00435,0.35771966686283685,0.0015560805508533402,native,14
2027-04-01,120,"Ацетилсалициловая кислота (Аспирин отечественный), 500 мг, 10 таблеток",0.00029,0.6940025122181288,0.00020126072854325736,native,21
2027-04-01,121,"Бананы, кг",0.00418,0.3470310702206604,0.0014505898735223603,native,33
2027-04-01,122,"Баранина (кроме бескостного мяса), кг",0.00651,1.4788164101006958,0.00962709482975553,native,26
2027-04-01,123,"Бараночные изделия, кг",0.00116,0.41054671056453174,0.00047623418425485684,native,49
2027-04-01,124,"Батарейки электрические типа АА, шт.",0.00019,0.4384896218707445,8.331302815544146e-05,native,51
2027-04-01,126,"Белье для новорожденных и детей ясельного возраста, шт.",0.00028,0.5226604981780529,0.0001463449394898548,native,29
2027-04-01,130,"Бензин автомобильный марки АИ-92, л",0.01023,3.9589690669260946,0.04050025355465395,native,42
2027-04-01,131,"Бензин автомобильный марки АИ-95, л",0.01543,3.9082906794074623,0.06030492518325714,native,42
2027-04-01,132,"Бензин автомобильный марки АИ-98, л",0.00117,0.7959571089954437,0.0009312698175246691,native,42
2027-04-01,134,"Бинт, шт.",4e-05,3.4811366143909233,0.00013924546457563694,native,21
2027-04-01,135,"Бисопролол, 10 мг, 10 таблеток",0.00039,0.5039157531792531,0.0001965271437399087,native,21
2027-04-01,136,"Блузка для девочек школьного возраста, шт.",0.00106,0.9887100999234277,0.0010480327059188333,native,29
2027-04-01,137,"Блузка женская, шт.",0.00257,0.4501698374920692,0.0011569364823546177,native,29
2027-04-01,138,"Ботинки, полуботинки для детей дошкольного возраста, пара",0.00078,-0.3354267466262211,-0.00026163286236845245,native,27
2027-04-01,139,"Ботинки, полуботинки для детей школьного возраста, пара",0.0012,-0.11432990241225874,-0.00013719588289471047,native,27
2027-04-01,141,"Брюки для детей школьного возраста из джинсовой ткани, шт.",0.00098,0.2605307105502638,0.00025532009633925847,native,29
2027-04-01,142,"Брюки для детей школьного возраста из полушерстяных тканей, шт.",0.00088,0.3954067088821476,0.00034795790381628985,native,29
2027-04-01,143,"Брюки женские из полушерстяных или смесовых тканей, шт.",0.00204,0.30641168725807694,0.000625079842006477,native,29
2027-04-01,144,"Брюки мужские из джинсовой ткани (джинсы), шт.",0.00408,0.31118650306772166,0.0012696409325163045,native,29
2027-04-01,145,"Брюки мужские из полушерстяных или смесовых тканей, шт.",0.00183,0.5204881660733326,0.0009524933439141987,native,29
2027-04-01,146,"Булочные изделия сдобные из муки высшего сорта штучные, кг",0.00169,0.8354858421212998,0.0014119710731849968,native,49
2027-04-01,147,"Бумага туалетная, рулон",0.00099,1.8462397574740002,0.0018277773598992602,native,54
2027-04-01,149,"Бюстгальтер, шт.",0.00143,0.4225401749953974,0.0006042324502434183,native,13
2027-04-01,150,"Валидол, 60 мг, 10 таблеток",0.00032,1.327195570365074,0.0004247025825168237,native,21
2027-04-01,152,"Варенье, джем, повидло, кг",0.00113,0.4383948627552241,0.0004953861949134032,native,53
2027-04-01,154,"Вата отечественная, 100 г",0.00014,1.0654571977658325,0.00014916400768721653,native,21
2027-04-01,155,"Велосипед для дошкольников, шт.",0.00107,0.08108451064003161,8.676042638483382e-05,native,54
2027-04-01,156,"Велосипед дорожный для взрослых, шт.",0.00059,0.7838439146632434,0.0004624679096513136,native,54
2027-04-01,158,"Вермишель, кг",0.00142,0.5860959958886166,0.0008322563141618356,native,18
2027-04-01,162,"Взносы на капитальный ремонт, м2",0.00784,0.629268290811789,0.004933463399964426,native,14
2027-04-01,164,"Вино виноградное крепленое, л",0.00134,0.5066321192519527,0.0006788870397976167,native,11
2027-04-01,165,"Вино виноградное столовое, л",0.00172,0.546043515521885,0.0009391948466976422,native,11
2027-04-01,166,"Вино игристое отечественное, л",0.00136,0.6469314858980828,0.0008798268208213926,native,11
2027-04-01,167,"Виноград, кг",0.00338,5.365120111267942,0.018134105976085644,native,33
2027-04-01,171,"Водка, л",0.0033,0.579561769726297,0.0019125538400967801,native,11
2027-04-01,172,"Водоотведение, м3",0.00325,0.11463572037503651,0.0003725660912188686,native,14
2027-04-01,173,"Водоснабжение горячее, м3",0.00592,0.47039379585912217,0.0027847312714860033,native,14
2027-04-01,174,"Водоснабжение холодное, м3",0.0053,0.3491277029405624,0.0018503768255849807,native,14
2027-04-01,181,"Выполнение обойных работ, 10 м2",0.00103,0.6998282495637784,0.0007208230970506918,native,12
2027-04-01,182,"Выполнение работ по облицовке кафельной плиткой, м2",0.00119,0.7300276346742787,0.0008687328852623917,native,12
2027-04-01,184,"Газ сетевой, м3",0.01097,0.35210484534273634,0.0038625901534098178,native,14
2027-04-01,185,"Газ сетевой, месяц с человека",0.0095,0.35271698477108143,0.0033508113553252735,native,14
2027-04-01,189,"Газовое моторное топливо, л",0.00226,0.4053909856385661,0.0009161836275431594,native,42
2027-04-01,195,"Говядина (кроме бескостного мяса), кг",0.01634,0.28201971275279375,0.0046082021063806496,native,26
2027-04-01,196,"Говядина бескостная, кг",0.01193,0.767391123103566,0.009154976098625542,native,26
2027-04-01,197,"Годовая стоимость полиса добровольного страхования жилья от стандартных рисков, полис",0.00027,0.5569408789240328,0.00015037403730948885,native,55
2027-04-01,198,"Годовая стоимость полиса добровольного страхования легкового автомобиля от стандартных рисков (КАСКО), полис",0.00223,0.940150315110136,0.0020965352026956034,native,55
2027-04-01,203,"Горох и фасоль, кг",0.00191,0.8063457373835275,0.0015401203584025375,native,18
2027-04-01,204,"Груши, кг",0.00292,1.6887737600537673,0.004931219379357,native,33
2027-04-01,205,"Джемпер для детей школьного возраста, шт.",0.00045,0.09037823715942335,4.06702067217405e-05,native,43
2027-04-01,206,"Джемпер женский, шт.",0.00129,0.5071405361540822,0.0006542112916387659,native,43
2027-04-01,207,"Джемпер мужской, шт.",0.00127,0.24418613411272183,0.00031011639032315675,native,43
2027-04-01,208,"Диван-кровать, шт.",0.00253,0.4966926536222564,0.0012566324136643087,native,20
2027-04-01,209,"Дизельное топливо, л",0.00286,0.8822348027649274,0.0025231915359076925,native,42
2027-04-01,210,"Дом отдыха, пансионат, день",0.00177,-0.3199999999999932,-0.000566399999999988,short_history,35
2027-04-01,211,"Дополнительные занятия в государственных и муниципальных общеобразовательных организациях очной формы обучения, академический час",0.00031,0.04449672754338253,1.3793985538448585e-05,native,44
2027-04-01,212,"Дополнительные занятия для детей дошкольного возраста, академический час",0.00189,0.26687787022998577,0.0005043991747346731,native,44
2027-04-01,213,"Доска обрезная, м3",0.00153,0.6491296784934801,0.0009931684080950246,native,38
2027-04-01,214,"Дрель электрическая, шт.",0.00056,0.6894976216903583,0.0003861186681466006,native,15
2027-04-01,216,"Дротаверин (Но-шпа), 40 мг, 100 таблеток",0.00039,0.29045658123616197,0.00011327806668210317,native,21
2027-04-01,218,"Еврошифер, 10 м2",0.00011,0.4998173879990847,5.497991267989932e-05,native,38
2027-04-01,221,"Жевательная резинка, упаковка",0.00016,0.8985008584174276,0.00014376013734678842,native,16
2027-04-01,223,"Жидкие чистящие и моющие средства, л",0.00353,0.5288027034183251,0.0018666735430666879,native,25
2027-04-01,228,"Занятия в плавательных бассейнах, месяц",0.00091,0.7176409885484232,0.0006530532995790651,native,55
2027-04-01,229,"Занятия на курсах иностранных языков, академический час",0.00156,0.45014575968209425,0.0007022273851040671,native,44
2027-04-01,230,"Занятия на курсах профессионального обучения, академический час",0.00123,0.04779514738245368,5.878803128041803e-05,native,44
2027-04-01,231,"Земля для растений, л",0.00027,0.5661928048551416,0.00015287205731088824,native,54
2027-04-01,232,"Зеркало навесное для ванной комнаты, шт.",0.00125,0.3039795478239765,0.00037997443477997064,native,20
2027-04-01,233,"Зефир, пастила, кг",0.00143,0.5706237109425378,0.0008159919066478291,native,16
2027-04-01,234,"Зонт, шт.",0.00109,0.40456991688591204,0.00044098120940564415,native,13
2027-04-01,236,"Игрушки мягкие, шт.",0.00012,0.24380324758794136,2.9256389710552964e-05,native,54
2027-04-01,237,"Игрушки пластмассовые для детей ясельного возраста, шт.",0.00039,0.6628858088141527,0.00025852546543751954,native,54
2027-04-01,238,"Изготовление гроба, шт.",0.00038,0.07308303377242661,2.7771552833522113e-05,native,12
2027-04-01,239,"Изготовление коронки, шт.",0.00131,0.400863433907532,0.0005251310984188669,native,22
2027-04-01,240,"Изготовление съёмного протеза, протез",0.00127,0.6354340133058584,0.0008070011968984402,native,22
2027-04-01,241,"Изготовление фотографий для документов, 4 шт.",0.00011,0.7654960829369957,8.420456912306952e-05,native,12
2027-04-01,243,"Икра лососевых рыб, отечественная, кг",0.00046,0.5117871593894098,0.0002354220933191285,native,34
2027-04-01,244,"Индапамид, 2,5 мг, 10 таблеток",0.00035,-0.18777833333333482,-6.572241666666718e-05,calendar_gap_in_required_features,21
2027-04-01,245,"Йогурт, 125 г",0.00113,0.9489782647148546,0.0010723454391277855,native,24
2027-04-01,246,"Йод, 10 мл",0.00036,2.00824572669258,0.0007229684616093288,native,21
2027-04-01,247,"Какао, кг",0.00055,0.9787846147570977,0.0005383315381164037,native,50
2027-04-01,248,"Кальмары мороженые, кг",0.00023,1.0600811247981103,0.00024381865870356538,native,34
2027-04-01,249,"Капуста белокочанная свежая, кг",0.00236,8.546481068842482,0.02016969532246826,native,33
2027-04-01,250,"Карамель, кг",0.00369,0.456958108769621,0.0016861754213599017,native,16
2027-04-01,251,"Карандаш чернографитный, шт.",0.00034,0.559788864840161,0.00019032821404565476,native,54
2027-04-01,252,"Картофель, кг",0.00612,5.119566867852173,0.0313317492312553,native,33
2027-04-01,253,"Кастрюля из эмалированной или нержавеющей стали, шт.",0.00178,0.49938545026979814,0.0008889061014802406,native,54
2027-04-01,254,"Кексы, рулеты, кг",0.00333,0.624114185456105,0.0020783002375688296,native,16
2027-04-01,256,"Кетчуп, кг",0.00182,0.7635208488850209,0.0013896079449707381,native,53
2027-04-01,257,"Кинотеатры, билет",0.00023,-0.01878462220997859,-4.320463108295076e-06,native,46
2027-04-01,258,"Кирпич красный, 1000 шт.",0.00015,0.38529471601374654,5.779420740206198e-05,native,38
2027-04-01,259,"Кисломолочные продукты, кг",0.00311,0.6316297677984501,0.00196436857785318,native,24
2027-04-01,260,"Клинический осмотр животного, посещение",0.00037,0.6983239904356047,0.0002583798764611737,native,55
2027-04-01,261,"Книга художественная, шт.",0.00028,0.28935904208054825,8.10205317825535e-05,native,32
2027-04-01,263,"Ковер, ковровое покрытие (палас) синтетический, м2",0.00279,0.4791244445355646,0.0013367572002542251,native,54
2027-04-01,265,"Колбаса вареная, кг",0.00464,0.5391258682523238,0.0025015440286907825,native,26
2027-04-01,266,"Колбаса полукопченая и варено-копченая, кг",0.00298,-0.3412266314640291,-0.0010168553617628067,native,26
2027-04-01,267,"Колбаса сырокопченая, кг",0.00053,0.3433357914879691,0.00018196796948862363,native,26
2027-04-01,271,"Колготки детские, шт.",0.00035,0.418228438586749,0.00014637995350536215,native,54
2027-04-01,272,"Колготки женские эластичные, шт.",0.00127,0.6229048114490737,0.0007910891105403237,native,54
2027-04-01,273,"Кольцо обручальное золотое, грамм",0.00353,1.2285032392088593,0.004336616434407274,native,54
2027-04-01,274,"Коляска для новорожденного, шт.",0.00064,0.38133336810072815,0.00024405335558446605,native,13
2027-04-01,275,"Комбинезон (костюм) утепленный для детей дошкольного возраста, шт.",0.00047,-0.4120015734793259,-0.0001936407395352832,native,29
2027-04-01,276,"Комбинезон утепленный для детей до одного года, шт.",0.00038,-0.18870447424675502,-7.170770021376692e-05,native,29
2027-04-01,280,"Комплект постельного белья полутораспальный из хлопчатобумажной ткани, комплект",0.0027,0.42487174646734216,0.0011471537154618238,native,29
2027-04-01,281,"Комплект столовых приборов, комплект на 1 человека",0.00028,0.5909014461534252,0.00016545240492295906,native,54
2027-04-01,282,"Компьютер персональный переносной (ноутбук), шт.",0.00185,0.0662084812019797,0.00012248569022366244,native,31
2027-04-01,283,"Компьютер планшетный, шт.",0.00162,-0.2943954019887509,-0.0004769205512217765,native,31
2027-04-01,285,"Консервы мясные для детского питания, кг",3e-05,0.5488440001660496,1.646532000498149e-05,native,26
2027-04-01,286,"Консервы мясные, 350 г",0.00041,0.526654879353082,0.00021592850053476362,native,26
2027-04-01,288,"Консервы овощные для детского питания, кг",8e-05,1.1749438528856868,9.399550823085495e-05,native,53
2027-04-01,290,"Консервы рыбные в томатном соусе, 350 г",0.0005,0.9100219792850545,0.00045501098964252727,native,34
2027-04-01,291,"Консервы рыбные натуральные и с добавлением масла, 350 г",0.0013,0.6037054815703349,0.0007848171260414353,native,34
2027-04-01,292,"Консервы томатные, кг",0.00128,0.8073105770162028,0.0010333575385807396,native,53
2027-04-01,294,"Консервы фруктово-ягодные для детского питания, кг",9e-05,0.9594556460280897,8.635100814252809e-05,native,53
2027-04-01,295,"Конструктор детский пластмассовый, набор",0.00029,0.046159438956485,1.338623729738065e-05,native,54
2027-04-01,296,"Конфеты мягкие, глазированные шоколадом, кг",0.00332,0.6416601411268437,0.002130311668541121,native,16
2027-04-01,298,"Конфеты шоколадные натуральные и с добавками, кг",0.003,0.6548656013265896,0.0019645968039797685,native,16
2027-04-01,301,"Коньяк ординарный отечественный, л",0.00278,0.5718404016934888,0.001589716316707899,native,11
2027-04-01,302,"Корвалол, 25 мл",0.00039,1.6667238395051869,0.0006500222974070228,native,21
2027-04-01,303,"Корригирующие очки, шт.",0.00097,0.41537513719993113,0.0004029138830839332,native,21
2027-04-01,304,"Костюм-двойка мужской из шерстяных, полушерстяных или смесовых  тканей, шт.",0.00255,0.3311694750832245,0.0008444821614622225,native,29
2027-04-01,305,"Костюм спортивный для взрослых, шт.",0.00175,0.38625445983478957,0.0006759453047108818,native,43
2027-04-01,306,"Костюм спортивный для детей школьного возраста, шт.",0.00141,0.2302770503438051,0.0003246906409847652,native,43
2027-04-01,307,"Костюм трикотажный для детей ясельного возраста, шт.",0.00037,0.25095415079207134,9.28530357930664e-05,native,43
2027-04-01,309,"Кофе в организациях быстрого обслуживания, 200 г",0.00148,0.4950144158923536,0.0007326213355206833,native,28
2027-04-01,310,"Кофе натуральный в зернах и молотый, кг",0.00406,0.7271613999420125,0.0029522752837645707,native,50
2027-04-01,311,"Кофе натуральный растворимый, кг",0.00547,0.9447863589606875,0.0051679813835149606,native,50
2027-04-01,312,"Краска для волос, шт.",0.00069,1.4325418324124053,0.0009884538643645596,native,30
2027-04-01,313,"Краски масляные, эмали отечественные, кг",0.00097,1.0105680588300034,0.0009802510170651034,native,38
2027-04-01,314,"Креветки мороженые неразделанные, кг",0.00036,0.20105646149749912,7.238032613909969e-05,native,34
2027-04-01,315,"Крем для лица, 100 г (100 мл)",0.00159,1.100153957054359,0.001749244791716431,native,30
2027-04-01,316,"Кровать для новорожденных,шт.",0.00051,0.5878616797564564,0.0002998094566757928,native,20
2027-04-01,319,"Кроссовые туфли для детей с верхом из искусственной кожи, пара",0.00156,0.4353964289679476,0.0006792184291899983,native,27
2027-04-01,320,"Крупа гречневая-ядрица, кг",0.00337,1.1718538103910863,0.003949147341017961,native,18
2027-04-01,322,"Крупа манная, кг",0.00059,0.8485589472004353,0.0005006497788482569,native,18
2027-04-01,323,"Крупы овсяная и перловая, кг",0.00032,0.8698465879364399,0.00027835090813966076,native,18
2027-04-01,324,"Ксерокопирование документа, лист",0.0009,0.665434927518682,0.0005988914347668139,native,55
2027-04-01,325,"Ксилометазолин (Галазолин) 0,1%, 10 мл",0.00051,0.15782746674516726,8.049200804003531e-05,native,21
2027-04-01,326,"Кулинарные изделия из птицы, кг",0.00167,0.5987932161039232,0.0009999846708935519,native,26
2027-04-01,327,"Куртка для детей дошкольного возраста с верхом из плащевых тканей утепленная, шт.",0.00088,-0.7464413099163546,-0.000656868352726392,native,29
2027-04-01,328,"Куртка для детей школьного возраста с верхом из плащевых тканей утепленная, шт.",0.00084,-0.3571290912663981,-0.0002999884366637744,native,29
2027-04-01,329,"Куртка женская без утеплителя (ветровка), шт.",0.00271,0.14682467504126248,0.00039789486936182134,native,29
2027-04-01,330,"Куртка мужская без утеплителя (ветровка), шт.",0.00269,-0.01276571735691926,-3.433977969011281e-05,native,29
2027-04-01,331,"Куртка мужская из натуральной кожи, шт.",0.00068,0.20264056789810797,0.00013779558617071344,native,29
2027-04-01,332,"Куртка мужская с верхом из плащевых тканей утепленная, шт.",0.00192,-0.774040693671161,-0.0014861581318486292,native,29
2027-04-01,333,"Куры охлажденные и мороженые, кг",0.00958,0.720410668501503,0.006901534204244399,native,26
2027-04-01,334,"Ламинат, м2",0.00167,0.43285681310949164,0.0007228708778928511,native,38
2027-04-01,335,"Лампа электрическая осветительная, шт.",0.00019,0.7269955961831517,0.00013812916327479884,native,51
2027-04-01,336,"Лампа энергосберегающая, шт.",0.00022,0.6913367140753808,0.00015209407709658378,native,51
2027-04-01,337,"Левомеколь, мазь, 40 г",0.00041,1.0257119767111005,0.0004205419104515512,native,21
2027-04-01,338,"Легковой автомобиль импортный подержанный, шт.",0.01012,0.5420048813191113,0.005485089398949407,native,17
2027-04-01,339,"Легковой автомобиль иностранной марки новый, шт.",0.00959,0.04889266666666714,0.00046888067333333784,insufficient_training_rows,17
2027-04-01,340,"Легковой автомобиль отечественный новый, шт.",0.00753,0.35141694897938053,0.0026461696258147354,native,17
2027-04-01,341,"Лечебный массаж, сеанс",0.00013,0.24496473664639024,3.1845415764030725e-05,native,22
2027-04-01,342,"Лечение кариеса, пломба",0.00221,0.6371139044065306,0.0014080217287384326,native,22
2027-04-01,343,"Лимоны, кг",0.00185,5.37206670700669,0.009938323407962376,native,33
2027-04-01,345,"Линолеум, м2",0.00085,0.5786572580148036,0.0004918586693125831,native,38
2027-04-01,346,"Лопата садовая, шт.",0.00015,0.8669353609386883,0.00013004030414080322,native,54
2027-04-01,347,"Лоперамид, 2 мг, 10 капсул (таблеток)",0.00036,-0.08982475484308644,-3.2336911743511124e-05,native,21
2027-04-01,349,"Лук репчатый, кг",0.00236,9.806355239824667,0.023142998365986215,native,33
2027-04-01,350,"Майка, футболка женская бельевая, шт.",0.00079,0.4657656706297971,0.0003679548797975397,native,43
2027-04-01,351,"Майка, футболка мужская бельевая, шт.",0.00151,0.6111754870055692,0.0009228749853784096,native,43
2027-04-01,352,"Майонез, кг",0.00223,1.0696822681628952,0.0023853914580032566,native,53
2027-04-01,354,"Макаронные изделия из пшеничной муки высшего сорта, кг",0.00382,0.5452585613712339,0.002082887704438113,native,18
2027-04-01,355,"Маникюр,услуга",0.0057,0.7519987383216092,0.004286392808433173,native,12
2027-04-01,357,"Маргарин, кг",0.0008,0.891547351758986,0.0007132378814071889,native,19
2027-04-01,358,"Масло оливковое, л",0.00257,0.7702811287465915,0.00197962250087874,native,19
2027-04-01,359,"Масло подсолнечное, кг",0.00543,0.5511114705544838,0.0029925352851108474,native,19
2027-04-01,360,"Масло сливочное, кг",0.00872,0.5616119395704052,0.004897256113053933,native,19
2027-04-01,362,"Матрас детский, шт.",0.00051,0.428034313950604,0.00021829750011480805,native,20
2027-04-01,363,"Машина стиральная автоматическая, шт.",0.0019,0.2920266580839352,0.0005548506503594768,native,51
2027-04-01,365,"Мёд пчелиный натуральный, кг",0.00469,0.48903794033292985,0.002293587940161441,native,53
2027-04-01,369,"Металлочерепица, м2",0.00052,0.5999346512217657,0.0003119660186353181,native,38
2027-04-01,370,"Метамизол натрия (Анальгин отечественный), 500 мг, 10 таблеток",0.00036,0.9181138080087302,0.0003305209708831429,native,21
2027-04-01,373,"Миксер, блендер, шт.",0.00176,0.025406927365221318,4.471619216278952e-05,native,51
2027-04-01,374,"Мойка из нержавеющей стали для кухни, шт.",0.00182,0.3521239492601032,0.0006408655876533879,native,38
2027-04-01,375,"Мойка легкового автомобиля, услуга",0.00529,1.0159364646230804,0.0053743038978560954,native,12
2027-04-01,378,"Молоко питьевое цельное пастеризованное 2,5-3,2% жирности, л",0.00302,0.7271543192011992,0.0021960060439876216,native,24
2027-04-01,379,"Молоко питьевое цельное стерилизованное 2,5-3,2% жирности, л",0.00232,0.2522632328488206,0.0005852507002092638,native,24
2027-04-01,380,"Молоко сгущенное с сахаром, 400 г",0.00113,0.8253969639828925,0.0009326985693006685,native,24
2027-04-01,381,"Монитор для настольного компьютера, шт.",0.00052,0.25260557254511007,0.00013135489772345723,native,31
2027-04-01,382,"Морковь, кг",0.0021,10.695903268900732,0.022461396864691535,native,33
2027-04-01,384,"Мороженое сливочное, кг",0.00491,0.22169838950320553,0.0010885390924607393,native,53
2027-04-01,386,"Музеи и выставки, билет",9e-05,0.7506447006430628,6.755802305787566e-05,native,46
2027-04-01,388,"Мука пшеничная, кг",0.00424,0.3833023611466355,0.0016252020112617345,native,53
2027-04-01,389,"Мыло туалетное, 100 г",0.00099,0.8881435826225882,0.0008792621467963623,native,25
2027-04-01,390,"Мыло хозяйственное, 200 г",0.00174,1.3716220128923078,0.0023866223024326155,native,25
2027-04-01,393,"Мясо индейки, кг",0.00424,0.8105667636909548,0.0034368030780496483,native,26
2027-04-01,395,"Мясокопчености, кг",0.00303,0.60763815864117,0.0018411436206827452,native,26
2027-04-01,396,"Мяч футбольный, шт.",0.00026,0.44193255746313503,0.0001149024649404151,native,54
2027-04-01,397,"Набор корпусной мебели, комплект",0.00062,0.5464557296445787,0.0003388025523796388,native,20
2027-04-01,399,"Набор фломастеров, набор",0.00032,0.569994744911769,0.0001823983183717661,native,54
2027-04-01,400,"Наём жилых помещений в государственном и муниципальном жилищных фондах, м2 общей площади",0.00012,9.27835679299708,0.0011134028151596497,native,14
2027-04-01,402,"Напитки газированные, л",0.00389,0.8349668131236172,0.0032480209030508705,native,53
2027-04-01,404,"Национальные сыры и брынза, кг",0.00741,0.6214312802423145,0.004604805786595551,native,39
2027-04-01,405,"Начальный курс обучения вождению легкового автомобиля, курс",0.00108,0.6773165841945821,0.0007315019109301487,native,44
2027-04-01,406,"Нимесулид, 100 мг, 10 таблеток",0.0004,0.36160404983695177,0.00014464161993478072,native,21
2027-04-01,408,"Нитки швейные, катушка",0.00011,0.8193889542593611,9.013278496852972e-05,native,54
2027-04-01,410,"Носки мужские, пара",0.00108,0.6045475051839833,0.0006529113055987019,native,54
2027-04-01,411,"Носки, гольфы детские, пара",0.00017,0.3172180233583132,5.392706397091324e-05,native,54
2027-04-01,412,"Обед в ресторане, на 1 человека",0.00201,0.6588285196771756,0.001324245324551123,native,28
2027-04-01,413,"Обед в столовой, кафе, закусочной (кроме столовой в организации), на 1 человека",0.00697,0.6483046904019728,0.00451868369210175,native,28
2027-04-01,415,"Обои виниловые, 10 м",0.00248,0.6825355039537295,0.0016926880498052493,native,38
2027-04-01,416,"Обращение с твердыми коммунальными отходами, с человека",0.00398,0.36596153667137543,0.0014565269159520743,native,14
2027-04-01,420,"Обувь домашняя с текстильным верхом для взрослых, пара",0.00161,0.5749991169873852,0.0009257485783496902,native,27
2027-04-01,421,"Обувь домашняя с текстильным верхом для детей, пара",0.00017,0.550669520688835,9.361381851710196e-05,native,27
2027-04-01,426,"Обучение в государственных и муниципальных образовательных организациях высшего профессионального образования, семестр",0.00346,0.004553786831268947,1.5756102436190555e-05,native,44
2027-04-01,427,"Обучение в негосударственных образовательных организациях высшего профессионального образования, семестр",0.00191,0.0,0.0,native,44
2027-04-01,429,"Обучение в образовательных организациях среднего профессионального образования, семестр",0.0022,-0.27681410660953215,-0.0006089910345409708,native,44
2027-04-01,430,"Общий анализ крови, анализ",0.00092,0.5321885570280629,0.0004896134724658178,native,22
2027-04-01,432,"Овощи замороженные, кг",0.00068,0.8507897018008006,0.0005785369972245444,native,33
2027-04-01,433,"Овощи натуральные консервированные, маринованные, кг",0.0028,0.8533747678902591,0.0023894493500927257,native,53
2027-04-01,434,"Овсяные хлопья ""Геркулес"", кг",0.00132,0.9209958613417221,0.0012157145369710732,native,18
2027-04-01,435,"Огурцы свежие, кг",0.00468,-9.645943193594215,-0.04514301414602093,native,33
2027-04-01,442,"Одеяло стеганое, шт.",0.00247,0.3575794725444853,0.0008832212971848787,native,29
2027-04-01,443,"Окорочка куриные, кг",0.00549,0.3509427564966499,0.001926675733166608,native,26
2027-04-01,447,"Орехи, кг",0.0019,0.4592472877550978,0.0008725698467346859,native,33
2027-04-01,448,"Отопление, Гкал",0.00924,0.330480963411503,0.0030536441019222878,native,14
2027-04-01,449,"Оформление доверенности в нотариальной конторе, услуга",0.00012,0.5571772443948548,6.686126932738258e-05,native,55
2027-04-01,451,"Пальто (полупальто) женское с верхом из плащевых тканей, шт.",0.00177,-0.15604785542685645,-0.0002762047041055359,native,29
2027-04-01,452,"Пальто женское демисезонное из шерстяных или полушерстяных тканей, шт.",0.00203,-0.18584495270302015,-0.0003772652539871309,native,29
2027-04-01,453,"Пальто женское зимнее из шерстяных или полушерстяных тканей, шт.",0.00095,-0.3722878734728725,-0.00035367347979922887,native,29
2027-04-01,454,"Пальто женское меховое и дубленка, шт.",0.00102,0.09127305954646547,9.30985207373948e-05,native,23
2027-04-01,455,"Панкреатин, 10 таблеток",0.00038,0.39904457922851666,0.00015163694010683634,native,21
2027-04-01,456,"Панталоны, трусы женские, шт.",0.00127,0.50710057156778,0.0006440177258910806,native,43
2027-04-01,457,"Паста зубная, 100 г (100 мл)",0.00191,1.330105726785101,0.0025405019381595432,native,30
2027-04-01,458,"Пеленки для новорожденных, шт.",0.00019,0.21809742771725166,4.1438511266277814e-05,native,29
2027-04-01,459,"Пельмени, манты, равиоли, кг",0.00524,0.7853770290382508,0.004115375632160434,native,26
2027-04-01,460,"Первичный консультативный осмотр больного у стоматолога, посещение",0.00106,1.0935273747156873,0.0011591390171986284,native,22
2027-04-01,461,"Первичный консультативный прием у врача специалиста, посещение",0.00207,0.8035531075231557,0.001663354932572932,native,22
2027-04-01,464,"Пересылка простого письма внутри России, массой до 20 г, шт.",1e-05,10.080522180677294,0.00010080522180677295,native,55
2027-04-01,466,"Перчатки из натуральной кожи, пара",0.00011,-0.2990963562404081,-3.290059918644489e-05,native,13
2027-04-01,467,"Перчатки трикотажные женские, пара",6e-05,-0.5101491001400418,-3.060894600840251e-05,native,43
2027-04-01,468,"Печать цветных фотографий, шт.",0.00011,0.9667264494808161,0.00010633990944288977,native,12
2027-04-01,469,"Печень говяжья, свиная, кг",0.00275,0.7597220387011618,0.002089235606428195,native,26
2027-04-01,470,"Печенье, кг",0.00549,0.7286959563414892,0.004000540800314776,native,16
2027-04-01,471,"Печь микроволновая, шт.",0.00067,0.6006054075470384,0.0004024056230565157,native,51
2027-04-01,475,"Пиджак, жакет женский из шерстяных, полушерстяных или смесовых тканей, шт.",0.00359,0.37957966349814287,0.001362690991958333,native,29
2027-04-01,478,"Плата за пересылку простой посылки внутри России массой 1-2 кг, шт.",0.00013,-0.33564219819140434,-4.363348576488256e-05,native,55
2027-04-01,479,"Плата за пользование потребительским кредитом (процентная ставка в стоимостном выражении), руб.",0.00656,0.19967519518420881,0.0013098692804084098,native,55
2027-04-01,480,"Платье (платье-костюм) женское из полушерстяных или смесовых тканей, шт.",0.00401,0.4548090193552855,0.0018237841676146946,native,29
2027-04-01,481,"Платье (платье-костюм) женское из хлопчатобумажных или смесовых тканей, шт.",0.00396,1.0978963984656105,0.004347669737923818,native,29
2027-04-01,482,"Платье (платье-костюм, сарафан) для девочек школьного возраста из полушерстяных, смесовых  тканей, шт.",0.00051,0.26759881232626426,0.0001364753942863948,native,29
2027-04-01,483,"Платье (сарафан) летнее для девочек дошкольного возраста, шт.",0.00029,0.785869490862352,0.00022790215235008208,native,29
2027-04-01,484,"Плита бытовая, шт.",0.00148,0.4384816834425469,0.0006489528914949694,native,51
2027-04-01,485,"Плитка керамическая, облицовочная для внутренних работ, м2",0.0019,0.4636010885931613,0.0008808420683270064,native,38
2027-04-01,486,"Плиты древесностружечные, ориентированно-стружечные, м2",0.0008899999999999,0.29493365003558675,0.0002624909485316427,native,38
2027-04-01,487,"Повторное получение гербового документа в органах ЗАГС, документ",0.00057,0.3419907761624348,0.00019493474241258783,native,55
2027-04-01,488,"Подгузники детские бумажные (памперсы), 10 шт.",0.00114,0.29932991573835316,0.0003412361039417226,native,54
2027-04-01,489,"Подушка, шт.",0.00248,0.49326452662368525,0.0012232960260267394,native,29
2027-04-01,496,"Ползунки из хлопчатобумажного трикотажного полотна, шт.",0.00019,0.7278880155192655,0.00013829872294866046,native,29
2027-04-01,500,"Полотенце кухонное, шт.",0.0012,0.6924979555305302,0.0008309975466366361,native,54
2027-04-01,501,"Полотенце личное, шт.",0.00239,0.5685097519455797,0.0013587383071499357,native,54
2027-04-01,502,"Полуботинки мужские с верхом из искусственной кожи, пара",0.00083,0.3462940223208063,0.00028742403852626924,native,27
2027-04-01,503,"Полуботинки, туфли мужские с верхом из натуральной кожи, пара",0.00277,0.33522238630695,0.0009285660100702515,native,27
2027-04-01,505,"Пользование общественным туалетом, посещение",0.00047,1.10551435800816,0.0005195917482638351,native,55
2027-04-01,506,"Помидоры свежие, кг",0.00574,-4.771203451563397,-0.0273867078119739,native,33
2027-04-01,507,"Помывка в бане в общем отделении, билет",0.00103,0.7457193785781373,0.0007680909599354815,native,12
2027-04-01,508,"Порошок стиральный, кг",0.00342,0.8701120051111171,0.0029757830574800204,native,25
2027-04-01,509,"Посещение детского ясли-сада, день",0.00038,0.39152022923508295,0.00014877768710933154,native,44
2027-04-01,511,"Постановка набоек, пара",0.00055,0.43972808966877,0.0002418504493178235,native,12
2027-04-01,513,"Пребывание пациента в круглосуточном стационаре, койко-день",0.00042,-0.007969918064953715,-3.3473655872805607e-06,native,22
2027-04-01,514,"Предоставление абоненту в постоянное пользование абонентской линии независимо от ее типа, месяц",0.00024,0.1932745511537118,4.638589227689083e-05,native,48
2027-04-01,518,"Предоставление местного телефонного соединения при повременной системе оплаты услуг связи, минута",0.00024,0.4499687945878091,0.00010799251070107418,native,48
2027-04-01,519,"Прививка животного, шт.",0.00019,0.16576086214627908,3.149456380779303e-05,native,55
2027-04-01,524,"Продукция предприятий общественного питания быстрого обслуживания (сэндвич типа ""Гамбургер""), шт.",0.00269,0.8231893238165642,0.002214379281066558,native,28
2027-04-01,525,"Проезд в городском автобусе,поездка",0.00185,0.5922295005187606,0.0010956245759597071,native,47
2027-04-01,527,"Проезд в маршрутном такси, поездка",0.00869,1.204062668917087,0.010463304592889485,native,47
2027-04-01,528,"Проезд в междугородном автобусе, в расчете на 50 км пути",0.00057,0.665482630515005,0.0003793250993935528,native,47
2027-04-01,531,"Проезд в такси, в расчете на 1 км пути",0.00415,-0.5801120799491143,-0.0024074651317888243,native,47
2027-04-01,533,"Проезд в троллейбусе, поездка",0.0001,0.8213994947394195,8.213994947394195e-05,native,47
2027-04-01,535,"Проживание в студенческом общежитии, месяц",2e-05,0.7237793568116049,1.4475587136232099e-05,native,55
2027-04-01,538,"Пряники, кг",0.0019,0.6200175743446632,0.00117803339125486,native,16
2027-04-01,539,"Пшено, кг",0.00118,0.7638508627960848,0.0009013440180993802,native,18
2027-04-01,540,"Ранец, рюкзак для школьников, шт.",0.00108,0.6874531198956788,0.0007424493694873332,native,13
2027-04-01,541,"Регулировка развала-схождения колес легкового автомобиля, один вид работы",0.00423,0.5161148810685465,0.002183165946919952,native,12
2027-04-01,542,"Ремень мужской, шт.",0.00059,0.3423145393689606,0.00020196557822768678,native,13
2027-04-01,543,"Ремонт  телевизоров, один вид работы",0.00037,0.45252536082850003,0.000167434383506545,native,12
2027-04-01,544,"Ремонт брюк из всех видов тканей, один вид работы",0.00018,0.27508305329526583,4.9514949593147855e-05,native,12
2027-04-01,548,"Ремонт холодильников всех марок, один вид работы",0.00042,0.46455654877597563,0.00019511375048590979,native,12
2027-04-01,552,"Рис шлифованный, кг",0.00479,0.6527698495281722,0.0031267675792399446,native,18
2027-04-01,554,"Рубероид, 10 м",0.00011,0.8014900414241303,8.816390455665433e-05,native,38
2027-04-01,555,"Рыба живая и охлажденная, кг",0.00395,0.6714733072138847,0.0026523195634948447,native,34
2027-04-01,558,"Рыба мороженая неразделанная, кг",0.00303,0.4925179215251918,0.0014923293022213312,native,34
2027-04-01,559,"Рыба мороженая разделанная (кроме лососевых пород), кг",0.005,0.6474265211382059,0.0032371326056910292,native,34
2027-04-01,560,"Рыба охлажденная и мороженая разделанная лососевых пород, кг",0.00181,0.9102789468936213,0.0016476048938774545,native,34
2027-04-01,561,"Рыба соленая, маринованная, копченая, кг",0.00142,0.7381350856739074,0.0010481518216569486,native,34
2027-04-01,563,"Рюмка, фужер из простого стекла, шт.",0.00054,0.4366350967724216,0.0002357829522571077,native,54
2027-04-01,565,"Санаторий, день",0.001,0.8502485341861252,0.0008502485341861252,native,35
2027-04-01,566,"Сапоги женские зимние с верхом из натуральной кожи, пара",0.00253,-1.2754059675722913,-0.003226777097957897,native,27
2027-04-01,567,"Сапоги женские осенние с верхом из натуральной кожи, пара",0.00145,-0.3918442629247607,-0.000568174181240903,native,27
2027-04-01,568,"Сапоги цельнорезиновые для взрослых, пара",0.00042,0.03563132567837862,1.4965156784919022e-05,native,54
2027-04-01,569,"Сапоги цельнорезиновые для детей, пара",0.00011,0.21013656885777737,2.3115022574355513e-05,native,54
2027-04-01,570,"Сапоги, ботинки для детей школьного возраста зимние с верхом из натуральной кожи, пара",0.00111,-0.4465936498418294,-0.0004957189513244307,native,27
2027-04-01,571,"Сапоги, ботинки мужские зимние с верхом из натуральной кожи, пара",0.00223,-0.8059098595787819,-0.0017971789868606839,native,27
2027-04-01,572,"Сахар-песок, кг",0.00532,1.3698001041340073,0.007287336553992919,native,36
2027-04-01,573,"Свежесрезанные цветы, шт.",0.00399,0.9005013517040921,0.003593000393299327,native,54
2027-04-01,574,"Свёкла столовая, кг",0.00077,5.162201283308789,0.003974894988147767,native,33
2027-04-01,575,"Светильник потолочный, шт.",0.00208,0.6881906907367596,0.0014314366367324598,native,51
2027-04-01,577,"Свинина (кроме бескостного мяса), кг",0.00481,0.2909861854524309,0.0013996435520261924,native,26
2027-04-01,578,"Свинина бескостная, кг",0.00257,0.3068843327498016,0.00078869273516699,native,26
2027-04-01,580,"Сельдь соленая, кг",0.00079,0.5751952337222086,0.0004544042346405448,native,34
2027-04-01,584,"Сковорода, шт.",0.00137,-0.07401799478695334,-0.00010140465285812607,native,54
2027-04-01,585,"Смартфон, шт.",0.00625,-0.6678763223412598,-0.004174227014632874,native,37
2027-04-01,587,"Смеси сухие молочные для детского питания, кг",0.00077,0.9486377722551738,0.0007304510846364837,native,24
2027-04-01,588,"Сметана, кг",0.00748,0.7544310556562456,0.005643144296308716,native,24
2027-04-01,589,"Содержание и ремонт жилья в государственном и муниципальном жилищных фондах, м2 общей площади",0.00078,0.16426722068432348,0.00012812843213377232,native,14
2027-04-01,590,"Содержание, ремонт жилья для граждан-собственников жилья в результате приватизации, граждан-собственников жилых помещений по иным основаниям, м2 общей площади",0.00599,0.16714908733128522,0.0010012230331143985,native,14
2027-04-01,591,"Соки фруктовые, л",0.00232,0.7374248234129227,0.0017108255903179807,native,53
2027-04-01,592,"Соленые и копченые деликатесные продукты из рыбы, кг",0.0013,0.5189501250786708,0.000674635162602272,native,34
2027-04-01,593,"Соль поваренная пищевая, кг",0.00122,1.0676054674067625,0.0013024786702362503,native,53
2027-04-01,595,"Сорочка верхняя для мальчиков дошкольного возраста, шт.",0.00024,0.6112303474739411,0.00014669528339374588,native,29
2027-04-01,596,"Сорочка верхняя для мальчиков школьного возраста, шт.",0.0008899999999999,0.5067796243376985,0.000451033865660501,native,29
2027-04-01,597,"Сорочка верхняя мужская из хлопчатобумажных или смесовых тканей, шт.",0.00449,0.17536916676620518,0.0007874075587802613,native,29
2027-04-01,598,"Сорочка ночная женская, шт.",0.00105,0.30948394735287144,0.000324958144720515,native,29
2027-04-01,599,"Сосиски, сардельки, кг",0.00553,0.443799837453258,0.002454213101116517,native,26
2027-04-01,601,"Спички, коробок",0.00059,1.5373623187436491,0.0009070437680587531,native,54
2027-04-01,602,"Стекло оконное листовое, м2",5e-05,1.1053559840119673,5.526779920059837e-05,native,38
2027-04-01,605,"Стирка и глажение белья прямого, кг",0.00081,0.19242374215773966,0.00015586323114776912,native,12
2027-04-01,606,"Стол обеденный, шт.",0.00356,0.7578939459822684,0.0026981024476968756,native,20
2027-04-01,607,"Стол рабочий кухонный, шт.",0.00091,0.7424029647553569,0.0006755866979273748,native,20
2027-04-01,608,"Стрижка модельная в женском зале, стрижка",0.00549,0.5912548211588969,0.003245988968162344,native,12
2027-04-01,609,"Стрижка модельная в мужском зале, стрижка",0.0051,0.585234529858436,0.002984696102278024,native,12
2027-04-01,610,"Стул с мягким сиденьем, шт.",0.00259,0.41076221365736,0.0010638741333725624,native,20
2027-04-01,616,"Сухие корма для домашних животных, кг",0.00104,1.1687345339194217,0.0012154839152761984,native,54
2027-04-01,617,"Сухие супы в пакетах, 100 г",0.00132,0.8726060465276955,0.001151839981416558,native,53
2027-04-01,618,"Сухофрукты, кг",0.00073,0.47846344407780145,0.00034927831417679505,native,33
2027-04-01,620,"Сыры плавленые, кг",0.00187,0.6420339660096388,0.0012006035164380245,native,39
2027-04-01,621,"Сыры твердые, полутвердые и мягкие, кг",0.00514,0.445987003650384,0.002292373198762974,native,39
2027-04-01,622,"Табурет для кухни, шт.",0.00063,0.4941094551758241,0.0003112889567607692,native,20
2027-04-01,623,"Тарелка обеденная, шт.",0.00085,0.4745314564468127,0.0004033517379797908,native,54
2027-04-01,624,"Таурин, 4%, 5 мл",0.00036,0.851533961639612,0.00030655222619026034,native,21
2027-04-01,628,"Театры, билет",0.00033,1.677873853819013,0.0005536983717602743,native,46
2027-04-01,629,"Телевизор цветного изображения, шт.",0.00258,-0.964880171894853,-0.0024893908434887205,native,41
2027-04-01,633,"Термометр медицинский электронный стандартный, шт.",6e-05,0.4707040632298955,2.824224379379373e-05,native,21
2027-04-01,634,"Тетрадь школьная, шт.",0.00029,0.9134465072158588,0.0002648994870925991,native,54
2027-04-01,636,"Ткани декоративные для изготовления штор и занавесей, м",0.0008,0.39764381052703146,0.00031811504842162516,native,54
2027-04-01,638,"Ткани хлопчатобумажные бельевые, м",0.0001,0.32227364120596613,3.222736412059662e-05,native,54
2027-04-01,641,"Ткань костюмная шерстяная и полушерстяная, м",6e-05,0.4099492309687923,2.459695385812754e-05,native,54
2027-04-01,642,"Ткань платьевая из искусственного или синтетического шелка, м",8e-05,0.7032977288906428,5.626381831125143e-05,native,54
2027-04-01,646,"Торты, кг",0.00277,0.5770509711312611,0.0015984311900335932,native,16
2027-04-01,647,"Трикотажная шапочка детская, шт.",0.00072,-0.5381382836957591,-0.0003874595642609466,native,43
2027-04-01,650,"Триммер электрический, шт.",0.00056,0.6349516571385088,0.0003555729279975649,native,15
2027-04-01,651,"Троксерутин, 2% гель, 40 г",0.0004,0.9698935215962763,0.00038795740863851053,native,21
2027-04-01,652,"Трусы детские, шт.",0.00043,0.4298274219731995,0.00018482579144847577,native,43
2027-04-01,653,"Трусы мужские, шт.",0.00145,0.22511064087809018,0.00032641042927323075,native,43
2027-04-01,654,"Туалетная вода, 100 мл",0.00579,0.6057578056066845,0.003507337694462703,native,30
2027-04-01,655,"Туфли детские летние (сандалеты), пара",0.00076,1.2242200612040612,0.0009304072465150866,native,27
2027-04-01,659,"Туфли женские модельные с верхом из натуральной кожи, пара",0.00094,0.15754419050235896,0.0001480915390722174,native,27
2027-04-01,660,"Тушь для ресниц, шт.",0.00179,0.3726087594185063,0.0006669696793591262,native,30
2027-04-01,661,"Тюль, полотно гардинное, м",0.0022,0.3347408786145643,0.0007364299329520415,native,13
2027-04-01,663,"Удаление зуба под местным обезболиванием, удаление",0.00116,1.0978639505159014,0.0012735221825984455,native,22
2027-04-01,664,"Удостоверение завещания в нотариальной конторе, услуга",0.00012,2.6751946833685434,0.00032102336200422524,native,55
2027-04-01,665,"Ужин в ресторане, на 1 человека",0.00313,0.4346473370722631,0.0013604461650361835,native,28
2027-04-01,666,"Ультразвуковое исследование брюшной полости, исследование",0.00137,0.6359737522314419,0.0008712840405570753,native,22
2027-04-01,675,"Услуги организатора проведения торжеств, услуга",0.00247,0.11929518716982535,0.0002946591123094686,native,12
2027-04-01,678,"Услуги по воспитанию детей, предоставляемые наемным персоналом, час",0.00121,0.37498764981141247,0.0004537350562718091,native,12
2027-04-01,679,"Услуги по организации и выполнению работ по эксплуатации домов ЖК, ЖСК, ТСЖ, м2 общей площади",0.00526,0.20063045539538227,0.0010553161953797106,native,14
2027-04-01,690,"Установка пластиковых окон, м2",0.0018,0.7909676186543559,0.0014237417135778405,native,12
2027-04-01,691,"Устная консультация юриста по семейным вопросам, консультация",0.00011,0.04045182206054365,4.449700426659802e-06,native,55
2027-04-01,692,"Учебник, учебное пособие, дидактический материал для общеобразовательной школы, шт.",0.00048,0.3403392639129736,0.00016336284667822732,native,32
2027-04-01,694,"Фарш мясной, кг",0.0094,0.25793414356091116,0.0024245809494725648,native,26
2027-04-01,695,"Физиотерапевтическое лечение, процедура",0.00014,0.5398038897722051,7.55725445681087e-05,native,22
2027-04-01,697,"Филе рыбное, кг",0.00204,0.5060910998859045,0.0010324258437672453,native,34
2027-04-01,698,"Филе сельди соленое, кг",0.00065,0.6989906359476081,0.0004543439133659453,native,34
2027-04-01,699,"Флеш-накопитель USB, шт.",3e-05,-0.5695417352615323,-1.708625205784597e-05,native,41
2027-04-01,701,"Фотоаппарат, шт.",0.00019,-0.14124020063583037,-2.683563812080777e-05,native,54
2027-04-01,703,"Футболка детская, шт.",0.00049,0.2483153864085127,0.00012167453934017121,native,43
2027-04-01,704,"Халат женский, шт.",0.00119,0.7953154322279512,0.000946425364351262,native,29
2027-04-01,706,"Химчистка мужского костюма, шт.",0.00012,0.3906463063848691,4.687755676618429e-05,native,12
2027-04-01,710,"Хлеб из ржаной муки и из смеси муки ржаной и пшеничной, кг",0.00255,0.5813709150475569,0.0014824958333712701,native,49
2027-04-01,711,"Хлопья из злаков (сухие завтраки), кг",0.00115,0.13992891934295765,0.00016091825724440128,native,49
2027-04-01,712,"Холодильник двухкамерный, емкостью 250-360 л, шт.",0.00262,0.6107909875012875,0.001600272387253373,native,51
2027-04-01,714,"Цемент тарированный, 50 кг",0.00066,0.5655736164257772,0.00037327858684101296,native,38
2027-04-01,716,"Чай черный байховый пакетированный, 25 пакетиков",0.00197,0.7926571233874442,0.001561534533073265,native,50
2027-04-01,717,"Чай черный байховый, кг",0.00269,0.9936739699767422,0.0026729829792374368,native,50
2027-04-01,718,"Чайник, шт.",0.00102,0.21093398360787513,0.00021515266328003265,native,54
2027-04-01,721,"Часы наручные, шт.",0.00028,0.2816538034528293,7.88630649667922e-05,native,54
2027-04-01,722,"Чашка чайная с блюдцем, комплект",0.00028,0.41148751638317405,0.00011521650458728872,native,54
2027-04-01,723,"Чеснок, кг",0.00111,0.398695631989772,0.0004425521515086469,native,33
2027-04-01,726,"Шампунь, 250 мл",0.0019,0.7868044456883181,0.0014949284468078043,native,30
2027-04-01,727,"Шиномонтаж колес легкового автомобиля, услуга",0.00355,0.7561950828516126,0.002684492544123225,native,12
2027-04-01,728,"Шины для легкового автомобиля, шт.",0.00355,0.5524273043347234,0.0019611169303882683,native,17
2027-04-01,729,"Шкаф-вешалка для прихожей, шт.",0.00078,0.8422392218589283,0.0006569465930499641,native,20
2027-04-01,730,"Шкаф для платья и белья, шт.",0.0023,0.6481171418989943,0.0014906694263676868,native,20
2027-04-01,731,"Шкаф навесной кухонный (полка), двухстворчатый, шт.",0.00067,1.0853949654165858,0.0007272146268291125,native,20
2027-04-01,734,"Шоколад, кг",0.0034,0.9106663012385444,0.003096265424211051,native,16
2027-04-01,735,"Щетка зубная, шт.",0.00174,1.3592168296561922,0.0023650372836017744,native,13
2027-04-01,740,"Экскурсия автобусная, час",0.00112,0.7006594538233144,0.000784738588282112,native,55
2027-04-01,741,"Электропылесос напольный, шт.",0.00185,-0.4937606973661309,-0.0009134572901273422,native,51
2027-04-01,742,"Электроутюг, шт.",0.00079,-0.14472662632317118,-0.00011433403479530523,native,51
2027-04-01,743,"Электрочайник, шт.",0.00058,0.02532635880110652,1.4689288104641782e-05,native,51
2027-04-01,744,"Электроэнергия в квартирах без электроплит сверх минимального объема потребления, в расчете за 100 кВт.ч",0.00107,0.4496072796407383,0.00048107978921559,native,14
2027-04-01,745,"Электроэнергия в квартирах без электроплит за минимальный объем потребления, в расчете за 100 кВт.ч",0.00638,0.4161825201067485,0.0026552444782810556,native,14
2027-04-01,746,"Электроэнергия в квартирах с электроплитами за минимальный объем потребления, в расчете за 100 кВт.ч",0.00315,0.4170927498618373,0.0013138421620647875,native,14
2027-04-01,747,"Электроэнергия в квартирах с электроплитами сверх минимального объема потребления, в расчете за 100 кВт.ч",0.00082,0.45030129000022656,0.00036924705780018576,native,14
2027-04-01,748,"Эналаприл, 5 мг, 10 таблеток",0.00035,0.6337837592928008,0.00022182431575248028,native,21
2027-04-01,750,"Юбка для девочек школьного возраста из полушерстяных тканей, шт.",0.00076,0.6962889337863183,0.000529179589677602,native,29
2027-04-01,751,"Юбка женская из полушерстяных или смесовых тканей, шт.",0.00203,0.5547999219655237,0.0011262438415900133,native,29
2027-04-01,753,"Яблоки, кг",0.00515,4.821484425423177,0.02483064479092936,native,33
2027-04-01,754,"Яйца куриные, 10 шт.",0.00543,-3.8002808892980187,-0.02063552522888824,native,52
2027-04-01,786,"Поездка на отдых в Турцию, поездка",0.0004,11.353864860752239,0.004541545944300895,native,67
2027-04-01,795,"Варежки (перчатки) детские, пара",8e-05,-0.9283664712688879,-7.426931770151104e-05,native,43
2027-04-01,809,"Шарф шерстяной, полушерстяной или из смесовой пряжи для взрослых, шт.",0.00077,-0.5559802295420495,-0.0004281047767473781,native,43
2027-04-01,851,"Активированный уголь, 250 мг, 10 таблеток",0.00032,2.294254818520166,0.0007341615419264531,native,21
2027-04-01,958,"Чай зеленый, кг",0.00169,0.8034924237278755,0.0013579021961001097,native,50
2027-04-01,959,"Брюки женские из джинсовой ткани (джинсы), шт.",0.00282,0.4686821275816465,0.0013216835997802432,native,29
2027-04-01,960,"Носки женские, гольфы, пара",0.0007,0.439594877263216,0.0003077164140842512,native,54
2027-04-01,961,"Пена для бритья, 200 мл",0.00085,1.6967951948798579,0.0014422759156478792,native,30
2027-04-01,962,Крем для рук,0.00117,0.7641609970023142,0.0008940683664927076,native,30
2027-04-01,963,"Бритвенные станки одноразовые, шт.",0.0008,1.2470984614214162,0.000997678769137133,native,13
2027-04-01,964,"Лампа светодиодная, шт.",0.00026,-0.6374732485439911,-0.00016574304462143766,native,51
2027-04-01,965,"Моноблок, шт.",0.00092,-0.02599090882616424,-2.3911636120071103e-05,native,31
2027-04-01,966,"Годовая стоимость полиса обязательного страхования гражданской ответственности владельцев транспортных средств (ОСАГО), полис",0.0013,0.718072377670695,0.0009334940909719034,native,55
2027-04-01,968,"Рюкзак для взрослых, шт.",0.00087,-0.1311039629565258,-0.00011406044777217744,native,13
2027-04-01,970,"Сливки питьевые, л",0.00112,1.1793425242072326,0.0013208636271121003,native,24
2027-04-01,971,"Зелень свежая, кг",0.00098,0.15324493115680504,0.00015018003253366893,native,33
2027-04-01,972,"Грибы свежие, кг",0.00119,-0.6311213935966996,-0.0007510344583800725,native,33
2027-04-01,973,"Ягоды замороженные, кг",0.00026,2.279098804997279,0.0005925656892992924,native,33
2027-04-01,976,"Гель для душа, 250 мл",0.00105,1.4024015538638133,0.0014725216315570038,native,30
2027-04-01,977,"Мыло туалетное жидкое, 250 мл",0.00099,1.1443882167098272,0.001132944334542729,native,30
2027-04-01,978,"Дезодорант, 50 мл",0.00092,1.8185655266995635,0.0016730802845635986,native,30
2027-04-01,979,"Кресло мягкое, шт.",0.00377,0.675098539932542,0.002545121495545683,native,20
2027-04-01,980,"Матрас для взрослых, шт.",0.00306,0.7850109635836051,0.0024021335485658315,native,20
2027-04-01,981,"Салфетки влажные, упаковка 20 шт.",0.00045,1.3726023614763343,0.0006176710626643505,native,54
2027-04-01,982,"Бумажные столовые салфетки, упаковка 10 шт.",0.00306,0.9458685895712882,0.0028943578840881414,native,54
2027-04-01,983,"Бумажные носовые платки, упаковка 10 шт.",0.00042,1.421761355142772,0.0005971397691599642,native,54
2027-04-01,984,"Прокладки женские гигиенические, 10 шт.",0.00108,2.1109375467730938,0.0022798125505149413,native,54
2027-04-01,985,"Наушники беспроводные, шт.",0.00189,-0.8805775985177322,-0.001664291661198514,native,37
2027-04-01,987,"Цефтриаксон, 1 г",0.0004,0.9761930448395985,0.00039047721793583943,native,21
2027-04-01,992,"Амлодипин, 10 мг, 10 таблеток",0.00035,0.8161108888888869,0.0002856388111111104,calendar_gap_in_required_features,21
2027-04-01,993,"Омепразол, 20 мг, 10 таблеток",0.0004,0.562593389517684,0.00022503735580707362,native,21
2027-04-01,994,"Хлоргексидин, 100 мл",0.00033,0.41833316666666476,0.00013804994499999937,short_history,21
2027-04-01,995,"Амоксициллин с клавулановой кислотой, 500 мг+125мг, 10 таблеток",0.00039,0.8836874352030011,0.0003446380997291704,native,21
2027-04-01,996,"Ибупрофен, 200 мг, 10 таблеток",0.00049,1.2935282369419725,0.0006338288361015665,native,21
2027-04-01,997,"Шприцы одноразовые, шт.",6e-05,1.1731754779456656,7.039052867673994e-05,native,21
2027-04-01,999,"Антисептик для рук, 100 мл",0.00017,0.299839003543413,5.097263060238021e-05,native,21
2027-04-01,1000,"Термометр медицинский безртутный (галинстановый), шт.",6e-05,0.6289440234487236,3.7736641406923416e-05,native,21
2027-04-01,1001,"Установка натяжного потолка, м2",0.00073,0.3501952203722189,0.00025564251087171975,native,12
2027-04-01,1002,"Услуги аренды автомобилей, час",0.00017,1.1226114274845709,0.00019084394267237706,native,47
2027-04-01,1003,"Подписка на онлайн-видеосервисы, месяц",0.00766,0.5316506159946525,0.004072443718519038,native,48
2027-04-01,1004,"Проживание в гостинице 1* или в мотеле, сутки с человека",5e-05,0.8636428438071401,4.3182142190357003e-05,native,55
2027-04-01,1005,"Проживание в гостинице 2*, сутки с человека",4e-05,1.3723691998785212,5.489476799514086e-05,native,55
2027-04-01,1006,"Проживание в гостинице 3*, сутки с человека",0.00075,2.8101659701791806,0.0021076244776343854,native,55
2027-04-01,1007,"Проживание в гостинице 4*-5*, сутки с человека",0.00067,0.8300191715199261,0.0005561128449183506,native,55
2027-04-01,1008,"Проживание в хостеле, сутки с человека",0.00061,0.59812730718238,0.0003648576573812518,native,55
2027-04-01,1009,"Экскурсионные туры по России, поездка",0.00138,1.3168339067460855,0.001817230791309598,native,55
2027-04-01,1011,"Поездка на отдых в ОАЭ, поездка",0.0004,-11.019997000000004,-0.004407998800000002,missing_current_observation,67
2027-04-01,1012,"Услуги сиделок, час",0.00046,1.4079418016363345,0.0006476532287527139,native,22
2027-04-01,1013,"Диагностика на магнитно-резонансном или компьютерном томографе, услуга",0.00045,0.2159174136995485,9.716283616479683e-05,native,22
2027-04-01,1014,"Гастроскопия (ФГДС, ЭГДС), услуга",0.00059,0.5113654400872121,0.0003017056096514551,native,22
2027-04-01,1020,"Аскорбиновая кислота, 50 мг, 100 драже",0.00028,0.16157555331078444,4.524115492701964e-05,native,21
2027-04-01,1024,"Валерианы экстракт, 20 мг, 10 таблеток",0.00029,1.4365366547773717,0.00041659562988543777,native,21
2027-04-01,1025,"Газета в розницу, шт.",0.00024,0.9858784225786528,0.00023661082141887668,native,32
2027-04-01,1030,"Клубная карта в фитнес-клуб, месяц",0.00185,0.7966631198441714,0.001473826771711717,native,55
2027-04-01,1032,"Кроссовые туфли для взрослых, пара",0.00518,0.2739605390461743,0.0014191155922591828,native,27
2027-04-01,1035,"Метилурацил, 10 % мазь, 25 г",0.00037,0.9486186550765023,0.00035098890237830586,native,21
2027-04-01,1037,"Мирамистин, 0,01%, 150 мл",0.00039,0.4835587105386713,0.0001885878971100818,native,21
2027-04-01,1038,"Натрия хлорид, 0,9%, 100 мл",0.00039,1.4061509390451539,0.00054839886622761,native,21
2027-04-01,1039,"Нафазолин, 0,1%, 15 мл",0.00044,2.897763782017153,0.0012750160640875475,native,21
2027-04-01,1040,"Парацетамол, 500 мг, 10 таблеток",0.00039,0.833499869304109,0.0003250649490286025,native,21
2027-04-01,1041,"Перекись водорода, 3%, 100 мл",0.00036,0.6205960874986032,0.00022341459149949715,native,21
2027-04-01,1042,"Пиво, л",0.00372,0.8710608327979192,0.00324034629800826,native,11
2027-04-01,1043,"Поездка на отдых в Египет, поездка",0.0002,1.94640834322692,0.000389281668645384,native,67
2027-04-01,1045,"Ренгалин, 20 таблеток",0.0004,0.9038606975107779,0.0003615442790043112,native,21
2027-04-01,1046,"Сигареты с фильтром, пачка",0.0086599999999999,0.5131915896922011,0.004444239166734411,native,40
2027-04-01,1048,"Сумка женская, шт.",0.00138,-0.09244576146613148,-0.00012757515082326143,native,13
2027-04-01,1049,"Творог, кг",0.00591,0.42437793120223305,0.0025080735734051974,native,24
2027-04-01,1050,"Туфли женские закрытые, пара",0.00196,0.45982032309599563,0.0009012478332681514,native,27
2027-04-01,1051,"Туфли женские летние, босоножки, пара",0.00356,0.29323817133444946,0.00104392788995064,native,27
2027-04-01,1054,"Хлеб и булочные изделия из пшеничной муки различных сортов, кг",0.00735,0.7557757165890443,0.005554951516929476,native,49
2027-04-01,1055,"Цитрамон, 10 таблеток",0.00039,1.7048608608242548,0.0006648957357214593,native,21
2027-04-01,1060,"Поездки в страны Закавказья, поездка",0.00022,4.9561145388636785,0.0010903451985500093,native,67
2027-04-01,1063,"Поездки в отдельные страны Средней Азии, поездка",4e-05,-8.563330222222227,-0.0003425332088888891,short_history,67
2027-04-01,1064,"Поездка в Беларусь, поездка",0.0001,-11.38777505555556,-0.001138777505555556,short_history,67
2027-04-01,1065,"Поездки в отдельные страны Юго-Восточной Азии, поездка",0.00017,-0.4439185709851401,-7.546615706747383e-05,native,67
2027-04-01,1066,"Молоко питьевое цельное пастеризованное более 3,2% жирности, л",0.00142,0.24918587950792864,0.0003538439489012587,native,24
2027-04-01,1067,"Творожок детский, кг",6e-05,1.4077505490533104,8.446503294319862e-05,native,24
2027-04-01,1068,"Молоко для детей, л",1e-05,-0.4241485623517378,-4.241485623517379e-06,native,24
2027-04-01,1069,"Сухие приправы, специи, кг",0.00139,0.8533151070681436,0.0011861079988247196,native,53
2027-04-01,1070,"Трикотажный головной убор для взрослых, шт.",0.00057,-1.3261262538014962,-0.0007558919646668528,native,43
2027-04-01,1071,"Крем детский, 100 г (100 мл)",0.00137,0.8084505650441178,0.0011075772741104414,native,30
2027-04-01,1072,"Чемодан, шт.",0.00108,-0.4173313072655777,-0.0004507178118468239,native,13
2027-04-01,1073,"Бумага офисная, упаковка 500 листов",0.00015,0.5839554421865014,8.759331632797521e-05,native,54
2027-04-01,1074,"Смарт-часы, шт.",0.00085,-2.5014339002784785,-0.0021262188152367067,native,37
2027-04-01,1075,"Коньки, пара",0.00035,-0.6148423619702039,-0.00021519482668957136,native,54
2027-04-01,1076,"Гипсокартон, м2",0.00075,0.3812080471745416,0.0002859060353809062,native,38
2027-04-01,1077,"Кресло детское автомобильное, шт.",0.00056,0.23550176702086462,0.00013188098953168418,native,17
2027-04-01,1078,"Соска (пустышка) детская, шт.",6e-05,0.09853573740941843,5.912144244565106e-06,native,21
2027-04-01,1079,"Бутылочка для кормления, шт.",0.00066,0.9987029679351498,0.0006591439588371988,native,21
2027-04-01,1083,"Поездка на отдых на Черноморское побережье России и в Крым, поездка",0.00205,11.40170332371157,0.023373491813608722,native,55
2027-04-01,1086,"Горошек зеленый консервированный, кг",0.00081,1.1156392777777755,0.0009036678149999981,short_history,53
2027-04-01,1087,"Перец сладкий свежий, кг",0.00266,-6.675002055555561,-0.017755505467777793,short_history,33
2027-04-01,1088,"Робот-пылесос, шт.",0.00116,-1.395557388888883,-0.0016188465711111043,short_history,51
2027-04-01,1091,"Валосердин, 25 мл",0.00033,0.39944427777777647,0.00013181661166666622,short_history,21
2027-04-01,1094,"Диклофенак, 15 мл",0.00038,0.9983332222222209,0.000379366624444444,short_history,21
2027-04-01,1095,"Кардиомагнил, 100 таблеток",0.0004,0.4061111666666651,0.00016244446666666604,short_history,21
2027-04-01,1097,"Меновазин, 40 мл",0.00034,0.3483331111111091,0.0001184332577777771,short_history,21
2027-04-01,1099,"Пенталгин, 24 таблетки",0.00035,0.5950001111111097,0.00020825003888888841,short_history,21
2027-04-01,1100,"Салициловая кислота, 40 мл",0.00031,1.0955553333333314,0.0003396221533333327,short_history,21
2027-04-01,1101,"Спазмалгон, 10 таблеток",0.0004,0.400555333333332,0.0001602221333333328,short_history,21
2027-04-01,1105,Воздушный и железнодорожный транспорт,0.00569,1.0799999999999983,0.00614519999999999,missing_current_observation,47
2027-04-01,1107,"Печень птицы, кг",0.00225,0.8061112222222183,0.001813750249999991,short_history,26
2027-04-01,1108,"Кефир, кг",0.00427,0.24888877777778382,0.001062755081111137,short_history,24
2027-04-01,1109,"Сырки творожные, глазированные, кг",0.00124,0.5355555000000057,0.0006640888200000071,short_history,24
2027-04-01,1110,"Вода питьевая, л",0.00157,1.1084169444444427,0.001740214602777775,short_history,53
2027-04-01,1111,"Жидкие средства для стирки, л",0.00146,-0.4094447222222234,-0.0005977892944444461,short_history,25
2027-04-01,1112,"Помада, шт.",0.00092,-0.2966668333333362,-0.0002729334866666693,short_history,30
2027-04-01,1113,"Блоки строительные, 1000 шт.",0.00028,-0.3827803888888855,-0.00010717850888888793,short_history,38
2027-04-01,1114,"Компримированный природный газ, м3",0.00189,-0.8588888888888933,-0.0016233000000000083,short_history,42
2027-04-01,1115,"Хлоропирамин, 10 таблеток",0.00036,0.3988889444444431,0.00014360001999999953,short_history,21
2027-04-01,1116,"Цетиризин, 10 таблеток",0.00037,0.40166661111110913,0.00014861664611111038,short_history,21
2027-04-01,1117,"Интерферон альфа-2В, 10 мл",0.00039,0.2955555555555536,0.00011526666666666589,short_history,21
2027-04-01,1118,"Метопролол, 10 таблеток",0.00046,0.12333294444444376,5.673315444444413e-05,short_history,21
2027-04-01,1119,"Спиронолактон, 10 таблеток",0.00035,0.1944442222222204,6.805547777777714e-05,short_history,21
2027-04-01,1120,"Лозартан, 10 таблеток",0.0004,0.5166664999999987,0.0002066665999999995,short_history,21
2027-04-01,1121,"Аторвастатин, 10 таблеток",0.0004,0.41388883333333126,0.0001655555333333325,short_history,21
2027-04-01,1122,"Мелоксикам, 10 таблеток",0.00038,0.2649997222222211,0.00010069989444444403,short_history,21
2027-04-01,1123,"Кеторолак, 10 таблеток",0.00042,1.2133332222222202,0.0005095999533333325,short_history,21
2027-04-01,1124,"Розувастатин, 10 таблеток",0.00034,0.3566663333333311,0.00012126655333333258,short_history,21
2027-04-01,1125,"Алтея лекарственного травы экстракт, 10 таблеток",0.00041,0.24555555555555408,0.00010067777777777717,short_history,21
2027-04-01,1126,"Римантадин, 10 таблеток",0.00032,0.16555516666666548,5.2977653333332954e-05,short_history,21
2027-04-01,1127,"Погребение, услуга",0.00034,-0.09111111111111667,-3.0977777777779666e-05,short_history,12
2027-04-01,1128,"Курьерская доставка, услуга",0.00012,-0.6834926666666707,-8.20191200000005e-05,short_history,55
2027-04-01,1129,"Междугородная телефонная связь, минута",0.00019,-0.15944416666666683,-3.0294391666666698e-05,short_history,48
2027-04-01,1131,"Вода минеральная, л",0.00085,1.3434170555555538,0.0011419044972222207,short_history,53
2027-05-01,101,"Абонентская плата за доступ к сети Интернет, месяц",0.0085699999999999,-0.0012928955865412553,-1.108011517665843e-05,native,48
2027-05-01,103,"Абонентская плата за неограниченный объем местных телефонных соединений, месяц",0.00026,0.3433432279229517,8.926923925996743e-05,native,48
2027-05-01,104,"Абонентская плата за пакет услуг сотовой связи, месяц",0.01009,0.5294591685872397,0.005342243011045249,native,48
2027-05-01,106,"Абонентская плата за телевизионную антенну, месяц",0.00219,0.6024819079727901,0.0013194353784604105,native,48
2027-05-01,107,"Абонентская плата при комбинированной системе оплаты услуг местной телефонной связи, месяц",0.00022,0.37548056706690514,8.260572475471913e-05,native,48
2027-05-01,109,"Авторучка шариковая, шт.",0.00063,1.0158923838381144,0.0006400122018180121,native,54
2027-05-01,112,"Альбом для рисования, шт.",0.00023,0.6003618820557569,0.0001380832328728241,native,54
2027-05-01,113,"Амброксол, 30 мг, 10 таблеток",0.00035,0.2667982750967558,9.337939628386453e-05,native,21
2027-05-01,115,"Апельсины, кг",0.00434,1.399137230544503,0.006072255580563143,native,33
2027-05-01,116,"Аппарат для измерения артериального давления электронный, шт.",0.0002,0.6581388389371651,0.00013162776778743302,native,21
2027-05-01,117,"Аренда двухкомнатной квартиры у частных лиц, месяц",0.00506,0.3665674581562416,0.0018548313382705825,native,14
2027-05-01,118,"Аренда индивидуального банковского сейфа, в расчете на месяц",0.00011,1.2591291443269927,0.0001385042058759692,native,55
2027-05-01,119,"Аренда однокомнатной квартиры у частных лиц, месяц",0.00435,0.38405464945658546,0.0016706377251361466,native,14
2027-05-01,120,"Ацетилсалициловая кислота (Аспирин отечественный), 500 мг, 10 таблеток",0.00029,0.8528616375598324,0.0002473298748923514,native,21
2027-05-01,121,"Бананы, кг",0.00418,-0.7945630228593843,-0.0033212734355522263,native,33
2027-05-01,122,"Баранина (кроме бескостного мяса), кг",0.00651,1.4361787734994003,0.009349523815481096,native,26
2027-05-01,123,"Бараночные изделия, кг",0.00116,0.40103881095810523,0.00046520502071140205,native,49
2027-05-01,124,"Батарейки электрические типа АА, шт.",0.00019,0.35327625265728124,6.712248800488344e-05,native,51
2027-05-01,126,"Белье для новорожденных и детей ясельного возраста, шт.",0.00028,0.6856164966290247,0.0001919726190561269,native,29
2027-05-01,130,"Бензин автомобильный марки АИ-92, л",0.01023,4.10613660994807,0.04200577751976876,native,42
2027-05-01,131,"Бензин автомобильный марки АИ-95, л",0.01543,4.509516157821523,0.0695818343151861,native,42
2027-05-01,132,"Бензин автомобильный марки АИ-98, л",0.00117,1.1466206823949263,0.0013415461984020638,native,42
2027-05-01,134,"Бинт, шт.",4e-05,2.1543142688359103,8.617257075343642e-05,native,21
2027-05-01,135,"Бисопролол, 10 мг, 10 таблеток",0.00039,0.5417036486872819,0.00021126442298803995,native,21
2027-05-01,136,"Блузка для девочек школьного возраста, шт.",0.00106,0.891673782214541,0.0009451742091474134,native,29
2027-05-01,137,"Блузка женская, шт.",0.00257,0.4200742367774642,0.001079590788518083,native,29
2027-05-01,138,"Ботинки, полуботинки для детей дошкольного возраста, пара",0.00078,-0.35477607700525193,-0.00027672534006409653,native,27
2027-05-01,139,"Ботинки, полуботинки для детей школьного возраста, пара",0.0012,-0.09421550421011544,-0.00011305860505213852,native,27
2027-05-01,141,"Брюки для детей школьного возраста из джинсовой ткани, шт.",0.00098,0.23369666385361568,0.00022902273057654336,native,29
2027-05-01,142,"Брюки для детей школьного возраста из полушерстяных тканей, шт.",0.00088,0.45317704621728394,0.0003987958006712099,native,29
2027-05-01,143,"Брюки женские из полушерстяных или смесовых тканей, шт.",0.00204,0.3283149997206937,0.0006697625994302153,native,29
2027-05-01,144,"Брюки мужские из джинсовой ткани (джинсы), шт.",0.00408,0.46295680952840024,0.001888863782875873,native,29
2027-05-01,145,"Брюки мужские из полушерстяных или смесовых тканей, шт.",0.00183,0.5477845687912104,0.001002445760887915,native,29
2027-05-01,146,"Булочные изделия сдобные из муки высшего сорта штучные, кг",0.00169,0.8207766068972878,0.0013871124656564164,native,49
2027-05-01,147,"Бумага туалетная, рулон",0.00099,1.5563196561556603,0.0015407564595941036,native,54
2027-05-01,149,"Бюстгальтер, шт.",0.00143,0.38503405409796154,0.0005505986973600851,native,13
2027-05-01,150,"Валидол, 60 мг, 10 таблеток",0.00032,1.5572452607122085,0.0004983184834279067,native,21
2027-05-01,152,"Варенье, джем, повидло, кг",0.00113,0.32453298520677165,0.00036672227328365194,native,53
2027-05-01,154,"Вата отечественная, 100 г",0.00014,1.2463913563814941,0.00017449478989340917,native,21
2027-05-01,155,"Велосипед для дошкольников, шт.",0.00107,-0.00505302609673261,-5.406737923503893e-06,native,54
2027-05-01,156,"Велосипед дорожный для взрослых, шт.",0.00059,0.6593458992017094,0.00038901408052900856,native,54
2027-05-01,158,"Вермишель, кг",0.00142,0.34382115319680473,0.0004882260375394627,native,18
2027-05-01,162,"Взносы на капитальный ремонт, м2",0.00784,0.3125953956349262,0.0024507479017778213,native,14
2027-05-01,164,"Вино виноградное крепленое, л",0.00134,0.35672293482204576,0.00047800873266154133,native,11
2027-05-01,165,"Вино виноградное столовое, л",0.00172,0.5496289773703699,0.0009453618410770362,native,11
2027-05-01,166,"Вино игристое отечественное, л",0.00136,0.5611262711855843,0.0007631317288123948,native,11
2027-05-01,167,"Виноград, кг",0.00338,-0.3359325201152292,-0.0011354519179894748,native,33
2027-05-01,171,"Водка, л",0.0033,0.42163907865067846,0.001391408959547239,native,11
2027-05-01,172,"Водоотведение, м3",0.00325,0.267916826411428,0.000870729685837141,native,14
2027-05-01,173,"Водоснабжение горячее, м3",0.00592,0.7724289672645059,0.004572779486205875,native,14
2027-05-01,174,"Водоснабжение холодное, м3",0.0053,0.5328134358743881,0.002823911210134257,native,14
2027-05-01,181,"Выполнение обойных работ, 10 м2",0.00103,0.584895797355619,0.0006024426712762876,native,12
2027-05-01,182,"Выполнение работ по облицовке кафельной плиткой, м2",0.00119,0.5690360703230053,0.0006771529236843764,native,12
2027-05-01,184,"Газ сетевой, м3",0.01097,0.4912134595748773,0.005388611651536404,native,14
2027-05-01,185,"Газ сетевой, месяц с человека",0.0095,0.4929747061611448,0.004683259708530876,native,14
2027-05-01,189,"Газовое моторное топливо, л",0.00226,2.2386745069721554,0.005059404385757071,native,42
2027-05-01,195,"Говядина (кроме бескостного мяса), кг",0.01634,0.5706314142376929,0.009324117308643902,native,26
2027-05-01,196,"Говядина бескостная, кг",0.01193,0.7398576987097185,0.008826502345606942,native,26
2027-05-01,197,"Годовая стоимость полиса добровольного страхования жилья от стандартных рисков, полис",0.00027,0.5825105586786783,0.00015727785084324313,native,55
2027-05-01,198,"Годовая стоимость полиса добровольного страхования легкового автомобиля от стандартных рисков (КАСКО), полис",0.00223,0.5795853009563541,0.0012924752211326696,native,55
2027-05-01,203,"Горох и фасоль, кг",0.00191,0.866994864153044,0.0016559601905323143,native,18
2027-05-01,204,"Груши, кг",0.00292,-0.21228312843401487,-0.0006198667350273234,native,33
2027-05-01,205,"Джемпер для детей школьного возраста, шт.",0.00045,0.11641494151033538,5.2386723679650916e-05,native,43
2027-05-01,206,"Джемпер женский, шт.",0.00129,0.4802045758259291,0.0006194639028154485,native,43
2027-05-01,207,"Джемпер мужской, шт.",0.00127,0.26456646369028947,0.00033599940888666765,native,43
2027-05-01,208,"Диван-кровать, шт.",0.00253,0.46083692030556084,0.001165917408373069,native,20
2027-05-01,209,"Дизельное топливо, л",0.00286,1.0342329471367262,0.002957906228811037,native,42
2027-05-01,210,"Дом отдыха, пансионат, день",0.00177,0.0,0.0,short_history,35
2027-05-01,211,"Дополнительные занятия в государственных и муниципальных общеобразовательных организациях очной формы обучения, академический час",0.00031,0.06033261973223375,1.8703112116992462e-05,native,44
2027-05-01,212,"Дополнительные занятия для детей дошкольного возраста, академический час",0.00189,0.30285133811360354,0.0005723890290347107,native,44
2027-05-01,213,"Доска обрезная, м3",0.00153,0.9153489533737258,0.0014004838986618005,native,38
2027-05-01,214,"Дрель электрическая, шт.",0.00056,0.72932157732857,0.0004084200833039991,native,15
2027-05-01,216,"Дротаверин (Но-шпа), 40 мг, 100 таблеток",0.00039,0.028630609856636097,1.1165937844088077e-05,native,21
2027-05-01,218,"Еврошифер, 10 м2",0.00011,0.7164597469616958,7.881057216578654e-05,native,38
2027-05-01,221,"Жевательная резинка, упаковка",0.00016,0.9007160727618647,0.00014411457164189838,native,16
2027-05-01,223,"Жидкие чистящие и моющие средства, л",0.00353,0.56183197774813,0.001983266881450899,native,25
2027-05-01,228,"Занятия в плавательных бассейнах, месяц",0.00091,0.8521482138145221,0.0007754548745712151,native,55
2027-05-01,229,"Занятия на курсах иностранных языков, академический час",0.00156,0.45243652274078106,0.0007058009754756184,native,44
2027-05-01,230,"Занятия на курсах профессионального обучения, академический час",0.00123,0.06119075152328144,7.526462437363617e-05,native,44
2027-05-01,231,"Земля для растений, л",0.00027,0.5761190946862569,0.00015555215556528937,native,54
2027-05-01,232,"Зеркало навесное для ванной комнаты, шт.",0.00125,0.24474716296539256,0.0003059339537067407,native,20
2027-05-01,233,"Зефир, пастила, кг",0.00143,0.6855863547555845,0.0009803884873004858,native,16
2027-05-01,234,"Зонт, шт.",0.00109,0.2778927914011589,0.00030290314262726323,native,13
2027-05-01,236,"Игрушки мягкие, шт.",0.00012,0.21545194506345264,2.585423340761432e-05,native,54
2027-05-01,237,"Игрушки пластмассовые для детей ясельного возраста, шт.",0.00039,0.6405003230971723,0.0002497951260078972,native,54
2027-05-01,238,"Изготовление гроба, шт.",0.00038,0.01593830342319237,6.0565553008131015e-06,native,12
2027-05-01,239,"Изготовление коронки, шт.",0.00131,0.38428912340903987,0.0005034187516658423,native,22
2027-05-01,240,"Изготовление съёмного протеза, протез",0.00127,0.5384402972473163,0.0006838191775040918,native,22
2027-05-01,241,"Изготовление фотографий для документов, 4 шт.",0.00011,0.8152767848778171,8.968044633655988e-05,native,12
2027-05-01,243,"Икра лососевых рыб, отечественная, кг",0.00046,0.5052662381249038,0.00023242246953745574,native,34
2027-05-01,244,"Индапамид, 2,5 мг, 10 таблеток",0.00035,0.18222166666666972,6.37775833333344e-05,calendar_gap_in_required_features,21
2027-05-01,245,"Йогурт, 125 г",0.00113,0.8485193601908123,0.0009588268770156179,native,24
2027-05-01,246,"Йод, 10 мл",0.00036,1.9887646244246895,0.0007159552647928882,native,21
2027-05-01,247,"Какао, кг",0.00055,0.8786697653621491,0.00048326837094918204,native,50
2027-05-01,248,"Кальмары мороженые, кг",0.00023,0.48243074250495005,0.00011095907077613851,native,34
2027-05-01,249,"Капуста белокочанная свежая, кг",0.00236,4.370156642005013,0.010313569675131832,native,33
2027-05-01,250,"Карамель, кг",0.00369,0.2859315550625827,0.0010550874381809303,native,16
2027-05-01,251,"Карандаш чернографитный, шт.",0.00034,0.7959287439821965,0.0002706157729539468,native,54
2027-05-01,252,"Картофель, кг",0.00612,3.00354674452087,0.018381706076467722,native,33
2027-05-01,253,"Кастрюля из эмалированной или нержавеющей стали, шт.",0.00178,0.48442699517453813,0.0008622800514106778,native,54
2027-05-01,254,"Кексы, рулеты, кг",0.00333,0.5764288839130043,0.0019195081834303043,native,16
2027-05-01,256,"Кетчуп, кг",0.00182,0.7134438327320536,0.0012984677755723375,native,53
2027-05-01,257,"Кинотеатры, билет",0.00023,0.2226979616790501,5.122053118618152e-05,native,46
2027-05-01,258,"Кирпич красный, 1000 шт.",0.00015,0.4791690890700505,7.187536336050757e-05,native,38
2027-05-01,259,"Кисломолочные продукты, кг",0.00311,0.5382828267286505,0.0016740595911261028,native,24
2027-05-01,260,"Клинический осмотр животного, посещение",0.00037,0.3885760089030912,0.00014377312329414373,native,55
2027-05-01,261,"Книга художественная, шт.",0.00028,0.27969742017463173,7.831527764889687e-05,native,32
2027-05-01,263,"Ковер, ковровое покрытие (палас) синтетический, м2",0.00279,0.539613218147065,0.0015055208786303113,native,54
2027-05-01,265,"Колбаса вареная, кг",0.00464,0.8626073103149376,0.004002497919861311,native,26
2027-05-01,266,"Колбаса полукопченая и варено-копченая, кг",0.00298,0.3403369545098244,0.0010142041244392767,native,26
2027-05-01,267,"Колбаса сырокопченая, кг",0.00053,0.5599380946597515,0.0002967671901696683,native,26
2027-05-01,271,"Колготки детские, шт.",0.00035,0.27875868453118696,9.756553958591544e-05,native,54
2027-05-01,272,"Колготки женские эластичные, шт.",0.00127,0.4955993083860478,0.0006294111216502807,native,54
2027-05-01,273,"Кольцо обручальное золотое, грамм",0.00353,1.3530017117616222,0.0047760960425185265,native,54
2027-05-01,274,"Коляска для новорожденного, шт.",0.00064,0.32501392026983245,0.00020800890897269277,native,13
2027-05-01,275,"Комбинезон (костюм) утепленный для детей дошкольного возраста, шт.",0.00047,-0.0649683811616639,-3.053513914598203e-05,native,29
2027-05-01,276,"Комбинезон утепленный для детей до одного года, шт.",0.00038,-0.09474098417262034,-3.600157398559573e-05,native,29
2027-05-01,280,"Комплект постельного белья полутораспальный из хлопчатобумажной ткани, комплект",0.0027,0.3753568155990499,0.0010134634021174347,native,29
2027-05-01,281,"Комплект столовых приборов, комплект на 1 человека",0.00028,0.6697922422649729,0.0001875418278341924,native,54
2027-05-01,282,"Компьютер персональный переносной (ноутбук), шт.",0.00185,-0.07806819691651218,-0.00014442616429554753,native,31
2027-05-01,283,"Компьютер планшетный, шт.",0.00162,-0.45759695081836593,-0.0007413070603257528,native,31
2027-05-01,285,"Консервы мясные для детского питания, кг",3e-05,0.47679289868727165,1.430378696061815e-05,native,26
2027-05-01,286,"Консервы мясные, 350 г",0.00041,0.42590075671969857,0.00017461931025507642,native,26
2027-05-01,288,"Консервы овощные для детского питания, кг",8e-05,0.7400723072601116,5.920578458080894e-05,native,53
2027-05-01,290,"Консервы рыбные в томатном соусе, 350 г",0.0005,0.7791691871810265,0.0003895845935905132,native,34
2027-05-01,291,"Консервы рыбные натуральные и с добавлением масла, 350 г",0.0013,1.0220946872919392,0.001328723093479521,native,34
2027-05-01,292,"Консервы томатные, кг",0.00128,0.5218678011145534,0.0006679907854266285,native,53
2027-05-01,294,"Консервы фруктово-ягодные для детского питания, кг",9e-05,0.6557154476243541,5.901439028619187e-05,native,53
2027-05-01,295,"Конструктор детский пластмассовый, набор",0.00029,-0.02298390749847269,-6.665333174557081e-06,native,54
2027-05-01,296,"Конфеты мягкие, глазированные шоколадом, кг",0.00332,0.6179069253154108,0.002051450992047164,native,16
2027-05-01,298,"Конфеты шоколадные натуральные и с добавками, кг",0.003,0.37339761042503306,0.0011201928312750992,native,16
2027-05-01,301,"Коньяк ординарный отечественный, л",0.00278,0.5201888106361815,0.0014461248935685846,native,11
2027-05-01,302,"Корвалол, 25 мл",0.00039,1.6219657673272678,0.0006325666492576344,native,21
2027-05-01,303,"Корригирующие очки, шт.",0.00097,0.4120107610807942,0.0003996504382483704,native,21
2027-05-01,304,"Костюм-двойка мужской из шерстяных, полушерстяных или смесовых  тканей, шт.",0.00255,0.3449314551243455,0.000879575210567081,native,29
2027-05-01,305,"Костюм спортивный для взрослых, шт.",0.00175,0.352855572050589,0.0006174972510885308,native,43
2027-05-01,306,"Костюм спортивный для детей школьного возраста, шт.",0.00141,0.3162557175716818,0.00044592056177607134,native,43
2027-05-01,307,"Костюм трикотажный для детей ясельного возраста, шт.",0.00037,0.2587928946866461,9.575337103405907e-05,native,43
2027-05-01,309,"Кофе в организациях быстрого обслуживания, 200 г",0.00148,0.5231265864498273,0.0007742273479457444,native,28
2027-05-01,310,"Кофе натуральный в зернах и молотый, кг",0.00406,0.7417945439942172,0.0030116858486165217,native,50
2027-05-01,311,"Кофе натуральный растворимый, кг",0.00547,0.6677622826937428,0.0036526596863347732,native,50
2027-05-01,312,"Краска для волос, шт.",0.00069,1.0362013245412713,0.0007149789139334772,native,30
2027-05-01,313,"Краски масляные, эмали отечественные, кг",0.00097,1.0646357136777518,0.0010326966422674192,native,38
2027-05-01,314,"Креветки мороженые неразделанные, кг",0.00036,0.3303892245847351,0.00011894012085050464,native,34
2027-05-01,315,"Крем для лица, 100 г (100 мл)",0.00159,0.48342733164664803,0.0007686494573181704,native,30
2027-05-01,316,"Кровать для новорожденных,шт.",0.00051,0.5401069300015455,0.00027545453430078825,native,20
2027-05-01,319,"Кроссовые туфли для детей с верхом из искусственной кожи, пара",0.00156,0.3314072039331579,0.0005169952381357263,native,27
2027-05-01,320,"Крупа гречневая-ядрица, кг",0.00337,1.506221399783579,0.005075966117270661,native,18
2027-05-01,322,"Крупа манная, кг",0.00059,0.5762267204976032,0.00033997376509358585,native,18
2027-05-01,323,"Крупы овсяная и перловая, кг",0.00032,0.6951520173478529,0.00022244864555131296,native,18
2027-05-01,324,"Ксерокопирование документа, лист",0.0009,0.6305063558687938,0.0005674557202819144,native,55
2027-05-01,325,"Ксилометазолин (Галазолин) 0,1%, 10 мл",0.00051,0.13632247604647357,6.952446278370153e-05,native,21
2027-05-01,326,"Кулинарные изделия из птицы, кг",0.00167,0.5696560476539088,0.0009513255995820276,native,26
2027-05-01,327,"Куртка для детей дошкольного возраста с верхом из плащевых тканей утепленная, шт.",0.00088,-0.32581061792323557,-0.0002867133437724473,native,29
2027-05-01,328,"Куртка для детей школьного возраста с верхом из плащевых тканей утепленная, шт.",0.00084,-0.24416746620394544,-0.00020510067161131417,native,29
2027-05-01,329,"Куртка женская без утеплителя (ветровка), шт.",0.00271,0.026749556392447804,7.249129782353356e-05,native,29
2027-05-01,330,"Куртка мужская без утеплителя (ветровка), шт.",0.00269,0.07199739636936761,0.00019367299623359888,native,29
2027-05-01,331,"Куртка мужская из натуральной кожи, шт.",0.00068,0.2137375339272809,0.00014534152307055101,native,29
2027-05-01,332,"Куртка мужская с верхом из плащевых тканей утепленная, шт.",0.00192,-0.5637350646592464,-0.0010823713241457531,native,29
2027-05-01,333,"Куры охлажденные и мороженые, кг",0.00958,1.15844320999499,0.011097885951752004,native,26
2027-05-01,334,"Ламинат, м2",0.00167,0.4415319926323359,0.0007373584276960009,native,38
2027-05-01,335,"Лампа электрическая осветительная, шт.",0.00019,0.7329138635676686,0.00013925363407785705,native,51
2027-05-01,336,"Лампа энергосберегающая, шт.",0.00022,0.4886900410086964,0.00010751180902191322,native,51
2027-05-01,337,"Левомеколь, мазь, 40 г",0.00041,0.8547704237234783,0.0003504558737266261,native,21
2027-05-01,338,"Легковой автомобиль импортный подержанный, шт.",0.01012,0.41282106316688055,0.004177749159248832,native,17
2027-05-01,339,"Легковой автомобиль иностранной марки новый, шт.",0.00959,0.22888866666666985,0.002195042313333364,insufficient_training_rows,17
2027-05-01,340,"Легковой автомобиль отечественный новый, шт.",0.00753,0.28033520801286893,0.002110924116336903,native,17
2027-05-01,341,"Лечебный массаж, сеанс",0.00013,0.2584350874818276,3.3596561372637586e-05,native,22
2027-05-01,342,"Лечение кариеса, пломба",0.00221,0.6293681304507084,0.0013909035682960656,native,22
2027-05-01,343,"Лимоны, кг",0.00185,5.059863876878654,0.00936074817222551,native,33
2027-05-01,345,"Линолеум, м2",0.00085,0.5701454331571464,0.0004846236181835744,native,38
2027-05-01,346,"Лопата садовая, шт.",0.00015,0.9104468387857643,0.00013656702581786462,native,54
2027-05-01,347,"Лоперамид, 2 мг, 10 капсул (таблеток)",0.00036,-0.04001716921398531,-1.4406180917034711e-05,native,21
2027-05-01,349,"Лук репчатый, кг",0.00236,6.1925811724649,0.014614491567017164,native,33
2027-05-01,350,"Майка, футболка женская бельевая, шт.",0.00079,0.4858184008037914,0.0003837965366349952,native,43
2027-05-01,351,"Майка, футболка мужская бельевая, шт.",0.00151,0.5866170592357198,0.0008857917594459369,native,43
2027-05-01,352,"Майонез, кг",0.00223,0.8234679832000171,0.0018363336025360383,native,53
2027-05-01,354,"Макаронные изделия из пшеничной муки высшего сорта, кг",0.00382,0.2693627565913557,0.0010289657301789789,native,18
2027-05-01,355,"Маникюр,услуга",0.0057,0.663896009844475,0.003784207256113508,native,12
2027-05-01,357,"Маргарин, кг",0.0008,0.6088470986434573,0.00048707767891476586,native,19
2027-05-01,358,"Масло оливковое, л",0.00257,0.6509247002471121,0.001672876479635078,native,19
2027-05-01,359,"Масло подсолнечное, кг",0.00543,0.5193301683823272,0.0028199628143160366,native,19
2027-05-01,360,"Масло сливочное, кг",0.00872,0.47870344352198996,0.004174294027511753,native,19
2027-05-01,362,"Матрас детский, шт.",0.00051,0.3814089711494735,0.0001945185752862315,native,20
2027-05-01,363,"Машина стиральная автоматическая, шт.",0.0019,0.14605059805971587,0.00027749613631346015,native,51
2027-05-01,365,"Мёд пчелиный натуральный, кг",0.00469,0.49626498945298125,0.002327482800534482,native,53
2027-05-01,369,"Металлочерепица, м2",0.00052,0.8808637264603492,0.0004580491377593815,native,38
2027-05-01,370,"Метамизол натрия (Анальгин отечественный), 500 мг, 10 таблеток",0.00036,0.9400207682638423,0.00033840747657498324,native,21
2027-05-01,373,"Миксер, блендер, шт.",0.00176,-0.19027898550847439,-0.00033489101449491496,native,51
2027-05-01,374,"Мойка из нержавеющей стали для кухни, шт.",0.00182,0.44775868744996067,0.0008149208111589284,native,38
2027-05-01,375,"Мойка легкового автомобиля, услуга",0.00529,1.0452069512877709,0.0055291447723123084,native,12
2027-05-01,378,"Молоко питьевое цельное пастеризованное 2,5-3,2% жирности, л",0.00302,0.5986014133475841,0.001807776268309704,native,24
2027-05-01,379,"Молоко питьевое цельное стерилизованное 2,5-3,2% жирности, л",0.00232,0.004362645161947842,1.0121336775718995e-05,native,24
2027-05-01,380,"Молоко сгущенное с сахаром, 400 г",0.00113,0.7682893275272361,0.0008681669401057767,native,24
2027-05-01,381,"Монитор для настольного компьютера, шт.",0.00052,0.04347638093042217,2.2607718083819527e-05,native,31
2027-05-01,382,"Морковь, кг",0.0021,6.7233056611618265,0.014118941888439835,native,33
2027-05-01,384,"Мороженое сливочное, кг",0.00491,1.4801046667386868,0.0072673139136869526,native,53
2027-05-01,386,"Музеи и выставки, билет",9e-05,1.0439992274439278,9.395993046995351e-05,native,46
2027-05-01,388,"Мука пшеничная, кг",0.00424,0.877542493512592,0.0037207801724933897,native,53
2027-05-01,389,"Мыло туалетное, 100 г",0.00099,0.7981762873467513,0.0007901945244732837,native,25
2027-05-01,390,"Мыло хозяйственное, 200 г",0.00174,1.1887520969873073,0.0020684286487579148,native,25
2027-05-01,393,"Мясо индейки, кг",0.00424,0.5714349234972798,0.002422884075628466,native,26
2027-05-01,395,"Мясокопчености, кг",0.00303,0.6089858220807722,0.00184522704090474,native,26
2027-05-01,396,"Мяч футбольный, шт.",0.00026,0.4459392871279698,0.00011594421465327214,native,54
2027-05-01,397,"Набор корпусной мебели, комплект",0.00062,0.5194566010811077,0.0003220630926702868,native,20
2027-05-01,399,"Набор фломастеров, набор",0.00032,0.6428556995159727,0.00020571382384511127,native,54
2027-05-01,400,"Наём жилых помещений в государственном и муниципальном жилищных фондах, м2 общей площади",0.00012,6.275977471450296,0.0007531172965740355,native,14
2027-05-01,402,"Напитки газированные, л",0.00389,0.8619740233421264,0.0033530789508008714,native,53
2027-05-01,404,"Национальные сыры и брынза, кг",0.00741,0.49822662384575084,0.003691859282697014,native,39
2027-05-01,405,"Начальный курс обучения вождению легкового автомобиля, курс",0.00108,0.7072828563864497,0.0007638654848973657,native,44
2027-05-01,406,"Нимесулид, 100 мг, 10 таблеток",0.0004,0.24727643472103034,9.891057388841213e-05,native,21
2027-05-01,408,"Нитки швейные, катушка",0.00011,0.7721635172656534,8.493798689922187e-05,native,54
2027-05-01,410,"Носки мужские, пара",0.00108,0.5245205258786447,0.0005664821679489363,native,54
2027-05-01,411,"Носки, гольфы детские, пара",0.00017,0.27338973093831975,4.647625425951436e-05,native,54
2027-05-01,412,"Обед в ресторане, на 1 человека",0.00201,1.3828947144548493,0.0027796183760542474,native,28
2027-05-01,413,"Обед в столовой, кафе, закусочной (кроме столовой в организации), на 1 человека",0.00697,0.713743073169879,0.004974789219994056,native,28
2027-05-01,415,"Обои виниловые, 10 м",0.00248,0.6936077063512265,0.0017201471117510416,native,38
2027-05-01,416,"Обращение с твердыми коммунальными отходами, с человека",0.00398,0.5536097521356937,0.002203366813500061,native,14
2027-05-01,420,"Обувь домашняя с текстильным верхом для взрослых, пара",0.00161,0.5823066375085828,0.0009375136863888183,native,27
2027-05-01,421,"Обувь домашняя с текстильным верхом для детей, пара",0.00017,0.594327498035137,0.00010103567466597329,native,27
2027-05-01,426,"Обучение в государственных и муниципальных образовательных организациях высшего профессионального образования, семестр",0.00346,0.16335023494815087,0.000565191812920602,native,44
2027-05-01,427,"Обучение в негосударственных образовательных организациях высшего профессионального образования, семестр",0.00191,0.0,0.0,native,44
2027-05-01,429,"Обучение в образовательных организациях среднего профессионального образования, семестр",0.0022,0.07072435127838844,0.00015559357281245457,native,44
2027-05-01,430,"Общий анализ крови, анализ",0.00092,0.5183317322263389,0.00047686519364823176,native,22
2027-05-01,432,"Овощи замороженные, кг",0.00068,0.8409307933974732,0.0005718329395102818,native,33
2027-05-01,433,"Овощи натуральные консервированные, маринованные, кг",0.0028,0.8247400637177136,0.002309272178409598,native,53
2027-05-01,434,"Овсяные хлопья ""Геркулес"", кг",0.00132,0.7708929187138693,0.0010175786527023075,native,18
2027-05-01,435,"Огурцы свежие, кг",0.00468,-9.778325202348617,-0.04576256194699153,native,33
2027-05-01,442,"Одеяло стеганое, шт.",0.00247,0.30052579533348356,0.0007422987144737043,native,29
2027-05-01,443,"Окорочка куриные, кг",0.00549,0.3650687979383609,0.002004227700681601,native,26
2027-05-01,447,"Орехи, кг",0.0019,0.22941762410283786,0.00043589348579539195,native,33
2027-05-01,448,"Отопление, Гкал",0.00924,0.4866372549057926,0.004496528235329524,native,14
2027-05-01,449,"Оформление доверенности в нотариальной конторе, услуга",0.00012,0.1923498091910625,2.30819771029275e-05,native,55
2027-05-01,451,"Пальто (полупальто) женское с верхом из плащевых тканей, шт.",0.00177,-0.056915935657211814,-0.00010074120611326491,native,29
2027-05-01,452,"Пальто женское демисезонное из шерстяных или полушерстяных тканей, шт.",0.00203,-0.11638500891946643,-0.00023626156810651686,native,29
2027-05-01,453,"Пальто женское зимнее из шерстяных или полушерстяных тканей, шт.",0.00095,-0.2578338127591507,-0.00024494212212119315,native,29
2027-05-01,454,"Пальто женское меховое и дубленка, шт.",0.00102,-0.10267714133763356,-0.00010473068416438623,native,23
2027-05-01,455,"Панкреатин, 10 таблеток",0.00038,0.32580548487996486,0.00012380608425438666,native,21
2027-05-01,456,"Панталоны, трусы женские, шт.",0.00127,0.5015370995616532,0.0006369521164432995,native,43
2027-05-01,457,"Паста зубная, 100 г (100 мл)",0.00191,1.101385936108126,0.0021036471379665207,native,30
2027-05-01,458,"Пеленки для новорожденных, шт.",0.00019,0.1788279686491367,3.397731404333598e-05,native,29
2027-05-01,459,"Пельмени, манты, равиоли, кг",0.00524,0.5035961440324248,0.002638843794729906,native,26
2027-05-01,460,"Первичный консультативный осмотр больного у стоматолога, посещение",0.00106,0.8094666948944256,0.0008580346965880911,native,22
2027-05-01,461,"Первичный консультативный прием у врача специалиста, посещение",0.00207,1.300343952893581,0.0026917119824897123,native,22
2027-05-01,464,"Пересылка простого письма внутри России, массой до 20 г, шт.",1e-05,0.7965631526054436,7.965631526054437e-06,native,55
2027-05-01,466,"Перчатки из натуральной кожи, пара",0.00011,-0.2130518959571184,-2.3435708555283025e-05,native,13
2027-05-01,467,"Перчатки трикотажные женские, пара",6e-05,-0.4182311933160916,-2.5093871598965496e-05,native,43
2027-05-01,468,"Печать цветных фотографий, шт.",0.00011,0.9461425101694484,0.00010407567611863933,native,12
2027-05-01,469,"Печень говяжья, свиная, кг",0.00275,0.46995100410758983,0.001292365261295872,native,26
2027-05-01,470,"Печенье, кг",0.00549,0.5747326639629003,0.003155282325156323,native,16
2027-05-01,471,"Печь микроволновая, шт.",0.00067,0.3619068085318692,0.00024247756171635236,native,51
2027-05-01,475,"Пиджак, жакет женский из шерстяных, полушерстяных или смесовых тканей, шт.",0.00359,0.41676380413672404,0.0014961820568508393,native,29
2027-05-01,478,"Плата за пересылку простой посылки внутри России массой 1-2 кг, шт.",0.00013,0.313318774906268,4.073144073781484e-05,native,55
2027-05-01,479,"Плата за пользование потребительским кредитом (процентная ставка в стоимостном выражении), руб.",0.00656,-0.12568215834436686,-0.0008244749587390465,native,55
2027-05-01,480,"Платье (платье-костюм) женское из полушерстяных или смесовых тканей, шт.",0.00401,0.4325997472704123,0.0017347249865543532,native,29
2027-05-01,481,"Платье (платье-костюм) женское из хлопчатобумажных или смесовых тканей, шт.",0.00396,1.0332869553413637,0.0040918163431518,native,29
2027-05-01,482,"Платье (платье-костюм, сарафан) для девочек школьного возраста из полушерстяных, смесовых  тканей, шт.",0.00051,0.3067991961927772,0.00015646759005831637,native,29
2027-05-01,483,"Платье (сарафан) летнее для девочек дошкольного возраста, шт.",0.00029,0.9321314733643586,0.000270318127275664,native,29
2027-05-01,484,"Плита бытовая, шт.",0.00148,0.2815600669841183,0.00041670889913649503,native,51
2027-05-01,485,"Плитка керамическая, облицовочная для внутренних работ, м2",0.0019,0.46226751559078594,0.0008783082796224933,native,38
2027-05-01,486,"Плиты древесностружечные, ориентированно-стружечные, м2",0.0008899999999999,0.7617674216187982,0.0006779730052406542,native,38
2027-05-01,487,"Повторное получение гербового документа в органах ЗАГС, документ",0.00057,0.11068890991540406,6.30926786517803e-05,native,55
2027-05-01,488,"Подгузники детские бумажные (памперсы), 10 шт.",0.00114,0.03826783980622942,4.362533737910154e-05,native,54
2027-05-01,489,"Подушка, шт.",0.00248,0.4679984204418211,0.0011606360826957164,native,29
2027-05-01,496,"Ползунки из хлопчатобумажного трикотажного полотна, шт.",0.00019,0.7292012897213289,0.0001385482450470525,native,29
2027-05-01,500,"Полотенце кухонное, шт.",0.0012,0.6795103479087672,0.0008154124174905205,native,54
2027-05-01,501,"Полотенце личное, шт.",0.00239,0.541345492960564,0.001293815728175748,native,54
2027-05-01,502,"Полуботинки мужские с верхом из искусственной кожи, пара",0.00083,0.34375706046803745,0.00028531836018847107,native,27
2027-05-01,503,"Полуботинки, туфли мужские с верхом из натуральной кожи, пара",0.00277,0.2858378861331274,0.0007917709445887628,native,27
2027-05-01,505,"Пользование общественным туалетом, посещение",0.00047,1.2427307291610665,0.0005840834427057012,native,55
2027-05-01,506,"Помидоры свежие, кг",0.00574,-9.392669612142718,-0.05391392357369921,native,33
2027-05-01,507,"Помывка в бане в общем отделении, билет",0.00103,1.111933250808396,0.001145291248332648,native,12
2027-05-01,508,"Порошок стиральный, кг",0.00342,0.8401354002407464,0.0028732630688233524,native,25
2027-05-01,509,"Посещение детского ясли-сада, день",0.00038,0.20526092497712833,7.799915149130877e-05,native,44
2027-05-01,511,"Постановка набоек, пара",0.00055,0.43215309064891216,0.0002376841998569017,native,12
2027-05-01,513,"Пребывание пациента в круглосуточном стационаре, койко-день",0.00042,-0.02331119441214905,-9.790701653102601e-06,native,22
2027-05-01,514,"Предоставление абоненту в постоянное пользование абонентской линии независимо от ее типа, месяц",0.00024,0.26728270519740216,6.414784924737652e-05,native,48
2027-05-01,518,"Предоставление местного телефонного соединения при повременной системе оплаты услуг связи, минута",0.00024,0.6082919802234417,0.000145990075253626,native,48
2027-05-01,519,"Прививка животного, шт.",0.00019,0.18278113980758526,3.47284165634412e-05,native,55
2027-05-01,524,"Продукция предприятий общественного питания быстрого обслуживания (сэндвич типа ""Гамбургер""), шт.",0.00269,0.6448660921582283,0.0017346897879056342,native,28
2027-05-01,525,"Проезд в городском автобусе,поездка",0.00185,0.6577388381355163,0.001216816850550705,native,47
2027-05-01,527,"Проезд в маршрутном такси, поездка",0.00869,0.9575736342381289,0.00832131488152934,native,47
2027-05-01,528,"Проезд в междугородном автобусе, в расчете на 50 км пути",0.00057,0.670238773106471,0.0003820361006706884,native,47
2027-05-01,531,"Проезд в такси, в расчете на 1 км пути",0.00415,-0.1959389953092966,-0.0008131468305335809,native,47
2027-05-01,533,"Проезд в троллейбусе, поездка",0.0001,0.9305271632299679,9.305271632299678e-05,native,47
2027-05-01,535,"Проживание в студенческом общежитии, месяц",2e-05,0.7387934029275323,1.4775868058550647e-05,native,55
2027-05-01,538,"Пряники, кг",0.0019,0.5726970596256611,0.001088124413288756,native,16
2027-05-01,539,"Пшено, кг",0.00118,0.8403635954425059,0.000991629042622157,native,18
2027-05-01,540,"Ранец, рюкзак для школьников, шт.",0.00108,0.8833270117408825,0.000953993172680153,native,13
2027-05-01,541,"Регулировка развала-схождения колес легкового автомобиля, один вид работы",0.00423,0.5375983084727939,0.0022740408448399183,native,12
2027-05-01,542,"Ремень мужской, шт.",0.00059,0.3190358002715919,0.00018823112216023922,native,13
2027-05-01,543,"Ремонт  телевизоров, один вид работы",0.00037,0.5962098142049361,0.00022059763125582637,native,12
2027-05-01,544,"Ремонт брюк из всех видов тканей, один вид работы",0.00018,0.2993767667195051,5.388781800951092e-05,native,12
2027-05-01,548,"Ремонт холодильников всех марок, один вид работы",0.00042,0.4438662177417241,0.00018642381145152413,native,12
2027-05-01,552,"Рис шлифованный, кг",0.00479,0.49404775232400316,0.002366488733631975,native,18
2027-05-01,554,"Рубероид, 10 м",0.00011,0.8098332558616401,8.908165814478041e-05,native,38
2027-05-01,555,"Рыба живая и охлажденная, кг",0.00395,0.834479077093389,0.0032961923545188868,native,34
2027-05-01,558,"Рыба мороженая неразделанная, кг",0.00303,0.529767986621365,0.0016051969994627362,native,34
2027-05-01,559,"Рыба мороженая разделанная (кроме лососевых пород), кг",0.005,0.6394855075335215,0.0031974275376676076,native,34
2027-05-01,560,"Рыба охлажденная и мороженая разделанная лососевых пород, кг",0.00181,0.964030851874712,0.0017448958418932287,native,34
2027-05-01,561,"Рыба соленая, маринованная, копченая, кг",0.00142,0.48884301115646706,0.0006941570758421833,native,34
2027-05-01,563,"Рюмка, фужер из простого стекла, шт.",0.00054,0.39203630606023787,0.00021169960527252845,native,54
2027-05-01,565,"Санаторий, день",0.001,0.5400598167280373,0.0005400598167280373,native,35
2027-05-01,566,"Сапоги женские зимние с верхом из натуральной кожи, пара",0.00253,-0.8579061634512656,-0.002170502593531702,native,27
2027-05-01,567,"Сапоги женские осенние с верхом из натуральной кожи, пара",0.00145,-0.44319490077517726,-0.000642632606124007,native,27
2027-05-01,568,"Сапоги цельнорезиновые для взрослых, пара",0.00042,0.07133798025072266,2.996195170530352e-05,native,54
2027-05-01,569,"Сапоги цельнорезиновые для детей, пара",0.00011,0.15408482032158782,1.694933023537466e-05,native,54
2027-05-01,570,"Сапоги, ботинки для детей школьного возраста зимние с верхом из натуральной кожи, пара",0.00111,-0.34302023830675255,-0.00038075246452049535,native,27
2027-05-01,571,"Сапоги, ботинки мужские зимние с верхом из натуральной кожи, пара",0.00223,-0.6321499565189981,-0.0014096944030373658,native,27
2027-05-01,572,"Сахар-песок, кг",0.00532,1.3904807826538361,0.007397357763718408,native,36
2027-05-01,573,"Свежесрезанные цветы, шт.",0.00399,0.7775235871833286,0.0031023191128614807,native,54
2027-05-01,574,"Свёкла столовая, кг",0.00077,3.1706156511707286,0.002441374051401461,native,33
2027-05-01,575,"Светильник потолочный, шт.",0.00208,0.6637682335982534,0.001380637925884367,native,51
2027-05-01,577,"Свинина (кроме бескостного мяса), кг",0.00481,0.5213342233876077,0.002507617614494393,native,26
2027-05-01,578,"Свинина бескостная, кг",0.00257,0.35113877499473617,0.0009024266517364719,native,26
2027-05-01,580,"Сельдь соленая, кг",0.00079,0.5289858675425847,0.0004178988353586419,native,34
2027-05-01,584,"Сковорода, шт.",0.00137,0.05176089610100157,7.091242765837215e-05,native,54
2027-05-01,585,"Смартфон, шт.",0.00625,-0.6956261416806117,-0.004347663385503823,native,37
2027-05-01,587,"Смеси сухие молочные для детского питания, кг",0.00077,0.8865784736196426,0.0006826654246871247,native,24
2027-05-01,588,"Сметана, кг",0.00748,0.5926394598013528,0.004432943159314119,native,24
2027-05-01,589,"Содержание и ремонт жилья в государственном и муниципальном жилищных фондах, м2 общей площади",0.00078,0.23146162762489755,0.0001805400695474201,native,14
2027-05-01,590,"Содержание, ремонт жилья для граждан-собственников жилья в результате приватизации, граждан-собственников жилых помещений по иным основаниям, м2 общей площади",0.00599,0.24685754186969577,0.0014786766757994775,native,14
2027-05-01,591,"Соки фруктовые, л",0.00232,0.9413434835492593,0.0021839168818342815,native,53
2027-05-01,592,"Соленые и копченые деликатесные продукты из рыбы, кг",0.0013,0.5772585044602532,0.0007504360557983291,native,34
2027-05-01,593,"Соль поваренная пищевая, кг",0.00122,1.2010852241182297,0.0014653239734242402,native,53
2027-05-01,595,"Сорочка верхняя для мальчиков дошкольного возраста, шт.",0.00024,0.6493513618533879,0.0001558443268448131,native,29
2027-05-01,596,"Сорочка верхняя для мальчиков школьного возраста, шт.",0.0008899999999999,0.3779700569993219,0.0003363933507293587,native,29
2027-05-01,597,"Сорочка верхняя мужская из хлопчатобумажных или смесовых тканей, шт.",0.00449,0.35341349231988595,0.001586826580516288,native,29
2027-05-01,598,"Сорочка ночная женская, шт.",0.00105,0.3431093681723676,0.00036026483658098597,native,29
2027-05-01,599,"Сосиски, сардельки, кг",0.00553,0.26795838120370363,0.001481809848056481,native,26
2027-05-01,601,"Спички, коробок",0.00059,1.4980499049307068,0.0008838494439091171,native,54
2027-05-01,602,"Стекло оконное листовое, м2",5e-05,1.019685197155313,5.098425985776565e-05,native,38
2027-05-01,605,"Стирка и глажение белья прямого, кг",0.00081,0.25336210730984793,0.00020522330692097682,native,12
2027-05-01,606,"Стол обеденный, шт.",0.00356,0.5855114322406975,0.0020844206987768827,native,20
2027-05-01,607,"Стол рабочий кухонный, шт.",0.00091,0.6903388386806337,0.0006282083431993767,native,20
2027-05-01,608,"Стрижка модельная в женском зале, стрижка",0.00549,0.5287840527231071,0.002903024449449858,native,12
2027-05-01,609,"Стрижка модельная в мужском зале, стрижка",0.0051,0.5556330731418003,0.0028337286730231817,native,12
2027-05-01,610,"Стул с мягким сиденьем, шт.",0.00259,0.4164169377307454,0.0010785198687226305,native,20
2027-05-01,616,"Сухие корма для домашних животных, кг",0.00104,1.026026434137819,0.0010670674915033316,native,54
2027-05-01,617,"Сухие супы в пакетах, 100 г",0.00132,0.8309192087780837,0.0010968133555870705,native,53
2027-05-01,618,"Сухофрукты, кг",0.00073,0.4589880885068883,0.00033506130461002844,native,33
2027-05-01,620,"Сыры плавленые, кг",0.00187,0.6861541431191214,0.001283108247632757,native,39
2027-05-01,621,"Сыры твердые, полутвердые и мягкие, кг",0.00514,0.3479737678761029,0.0017885851668831688,native,39
2027-05-01,622,"Табурет для кухни, шт.",0.00063,0.3651703633768902,0.00023005732892744082,native,20
2027-05-01,623,"Тарелка обеденная, шт.",0.00085,0.4955818782963612,0.000421244596551907,native,54
2027-05-01,624,"Таурин, 4%, 5 мл",0.00036,0.7164860595135041,0.0002579349814248615,native,21
2027-05-01,628,"Театры, билет",0.00033,1.4684365307290468,0.00048458405514058544,native,46
2027-05-01,629,"Телевизор цветного изображения, шт.",0.00258,-1.128731925824606,-0.0029121283686274835,native,41
2027-05-01,633,"Термометр медицинский электронный стандартный, шт.",6e-05,0.4340770938568097,2.6044625631408584e-05,native,21
2027-05-01,634,"Тетрадь школьная, шт.",0.00029,0.9879454792503382,0.00028650418898259805,native,54
2027-05-01,636,"Ткани декоративные для изготовления штор и занавесей, м",0.0008,0.3794744318298318,0.0003035795454638655,native,54
2027-05-01,638,"Ткани хлопчатобумажные бельевые, м",0.0001,0.2568424106609053,2.568424106609053e-05,native,54
2027-05-01,641,"Ткань костюмная шерстяная и полушерстяная, м",6e-05,0.3791513592026435,2.274908155215861e-05,native,54
2027-05-01,642,"Ткань платьевая из искусственного или синтетического шелка, м",8e-05,0.6510013871479763,5.2080110971838106e-05,native,54
2027-05-01,646,"Торты, кг",0.00277,0.2748265815462807,0.0007612696308831975,native,16
2027-05-01,647,"Трикотажная шапочка детская, шт.",0.00072,-0.5291689186454789,-0.00038100162142474484,native,43
2027-05-01,650,"Триммер электрический, шт.",0.00056,0.42492689458225064,0.00023795906096606034,native,15
2027-05-01,651,"Троксерутин, 2% гель, 40 г",0.0004,0.39272005301877316,0.00015708802120750927,native,21
2027-05-01,652,"Трусы детские, шт.",0.00043,0.5531199035802034,0.00023784155853948745,native,43
2027-05-01,653,"Трусы мужские, шт.",0.00145,0.18809865152096117,0.00027274304470539367,native,43
2027-05-01,654,"Туалетная вода, 100 мл",0.00579,0.3829334852315357,0.0022171848794905915,native,30
2027-05-01,655,"Туфли детские летние (сандалеты), пара",0.00076,1.3206825005026905,0.001003718700382045,native,27
2027-05-01,659,"Туфли женские модельные с верхом из натуральной кожи, пара",0.00094,0.04869498942912906,4.577329006338132e-05,native,27
2027-05-01,660,"Тушь для ресниц, шт.",0.00179,0.19861257607776278,0.0003555165111791954,native,30
2027-05-01,661,"Тюль, полотно гардинное, м",0.0022,0.32596157254465985,0.0007171154595982518,native,13
2027-05-01,663,"Удаление зуба под местным обезболиванием, удаление",0.00116,1.0332009249749035,0.001198513072970888,native,22
2027-05-01,664,"Удостоверение завещания в нотариальной конторе, услуга",0.00012,2.4480400724379505,0.00029376480869255407,native,55
2027-05-01,665,"Ужин в ресторане, на 1 человека",0.00313,0.6188241371652333,0.0019369195493271804,native,28
2027-05-01,666,"Ультразвуковое исследование брюшной полости, исследование",0.00137,0.5637632620608246,0.0007723556690233296,native,22
2027-05-01,675,"Услуги организатора проведения торжеств, услуга",0.00247,0.09608889201174746,0.0002373395632690162,native,12
2027-05-01,678,"Услуги по воспитанию детей, предоставляемые наемным персоналом, час",0.00121,0.40424816238751216,0.0004891402764888897,native,12
2027-05-01,679,"Услуги по организации и выполнению работ по эксплуатации домов ЖК, ЖСК, ТСЖ, м2 общей площади",0.00526,0.23432543587375823,0.0012325517926959682,native,14
2027-05-01,690,"Установка пластиковых окон, м2",0.0018,0.791790584296127,0.0014252230517330287,native,12
2027-05-01,691,"Устная консультация юриста по семейным вопросам, консультация",0.00011,0.04020717691493533,4.422789460642887e-06,native,55
2027-05-01,692,"Учебник, учебное пособие, дидактический материал для общеобразовательной школы, шт.",0.00048,0.45624235630227256,0.00021899633102509083,native,32
2027-05-01,694,"Фарш мясной, кг",0.0094,0.393719316729953,0.003700961577261558,native,26
2027-05-01,695,"Физиотерапевтическое лечение, процедура",0.00014,0.5331619629352572,7.4642674810936e-05,native,22
2027-05-01,697,"Филе рыбное, кг",0.00204,0.42230947850657385,0.0008615113361534107,native,34
2027-05-01,698,"Филе сельди соленое, кг",0.00065,0.4273418338313919,0.0002777721919904047,native,34
2027-05-01,699,"Флеш-накопитель USB, шт.",3e-05,-0.5851368027230412,-1.7554104081691238e-05,native,41
2027-05-01,701,"Фотоаппарат, шт.",0.00019,-0.3865783137856197,-7.344987961926774e-05,native,54
2027-05-01,703,"Футболка детская, шт.",0.00049,0.1706618747489259,8.36243186269737e-05,native,43
2027-05-01,704,"Халат женский, шт.",0.00119,0.8246524450883634,0.0009813364096551527,native,29
2027-05-01,706,"Химчистка мужского костюма, шт.",0.00012,0.4738376279780023,5.6860515357360276e-05,native,12
2027-05-01,710,"Хлеб из ржаной муки и из смеси муки ржаной и пшеничной, кг",0.00255,0.5677725632388728,0.0014478200362591257,native,49
2027-05-01,711,"Хлопья из злаков (сухие завтраки), кг",0.00115,0.6374381437023593,0.0007330538652577131,native,49
2027-05-01,712,"Холодильник двухкамерный, емкостью 250-360 л, шт.",0.00262,0.29477085594855246,0.0007722996425852074,native,51
2027-05-01,714,"Цемент тарированный, 50 кг",0.00066,0.6079261317577799,0.00040123124696013474,native,38
2027-05-01,716,"Чай черный байховый пакетированный, 25 пакетиков",0.00197,0.6574104976514037,0.0012950986803732653,native,50
2027-05-01,717,"Чай черный байховый, кг",0.00269,0.8238937429865947,0.00221627416863394,native,50
2027-05-01,718,"Чайник, шт.",0.00102,0.22747289596273362,0.00023202235388198832,native,54
2027-05-01,721,"Часы наручные, шт.",0.00028,0.27778000996796676,7.777840279103069e-05,native,54
2027-05-01,722,"Чашка чайная с блюдцем, комплект",0.00028,0.350754421644234,9.82112380603855e-05,native,54
2027-05-01,723,"Чеснок, кг",0.00111,-0.7241778098007343,-0.0008038373688788151,native,33
2027-05-01,726,"Шампунь, 250 мл",0.0019,0.8204116404646996,0.0015587821168829292,native,30
2027-05-01,727,"Шиномонтаж колес легкового автомобиля, услуга",0.00355,0.7197124979798166,0.002554979367828349,native,12
2027-05-01,728,"Шины для легкового автомобиля, шт.",0.00355,0.4868711348664629,0.0017283925287759434,native,17
2027-05-01,729,"Шкаф-вешалка для прихожей, шт.",0.00078,0.6462703547048145,0.0005040908766697554,native,20
2027-05-01,730,"Шкаф для платья и белья, шт.",0.0023,0.6959851163417591,0.0016007657675860458,native,20
2027-05-01,731,"Шкаф навесной кухонный (полка), двухстворчатый, шт.",0.00067,1.0489484861162142,0.0007027954856978635,native,20
2027-05-01,734,"Шоколад, кг",0.0034,0.9214733849226557,0.0031330095087370295,native,16
2027-05-01,735,"Щетка зубная, шт.",0.00174,0.9107574877193483,0.001584718028631666,native,13
2027-05-01,740,"Экскурсия автобусная, час",0.00112,0.7649805080979455,0.0008567781690696989,native,55
2027-05-01,741,"Электропылесос напольный, шт.",0.00185,-0.3105321741170886,-0.0005744845221166139,native,51
2027-05-01,742,"Электроутюг, шт.",0.00079,0.1261631098671011,9.966885679500988e-05,native,51
2027-05-01,743,"Электрочайник, шт.",0.00058,0.020414743958979614,1.1840551496208176e-05,native,51
2027-05-01,744,"Электроэнергия в квартирах без электроплит сверх минимального объема потребления, в расчете за 100 кВт.ч",0.00107,0.6423241614304125,0.0006872868527305414,native,14
2027-05-01,745,"Электроэнергия в квартирах без электроплит за минимальный объем потребления, в расчете за 100 кВт.ч",0.00638,0.5886029952502965,0.0037552871096968917,native,14
2027-05-01,746,"Электроэнергия в квартирах с электроплитами за минимальный объем потребления, в расчете за 100 кВт.ч",0.00315,0.5906856478547138,0.0018606597907423485,native,14
2027-05-01,747,"Электроэнергия в квартирах с электроплитами сверх минимального объема потребления, в расчете за 100 кВт.ч",0.00082,0.6448043046987724,0.0005287395298529934,native,14
2027-05-01,748,"Эналаприл, 5 мг, 10 таблеток",0.00035,0.6666881627153216,0.00023334085695036257,native,21
2027-05-01,750,"Юбка для девочек школьного возраста из полушерстяных тканей, шт.",0.00076,0.6763300300828826,0.0005140108228629908,native,29
2027-05-01,751,"Юбка женская из полушерстяных или смесовых тканей, шт.",0.00203,0.5885821661543634,0.0011948217972933578,native,29
2027-05-01,753,"Яблоки, кг",0.00515,2.927539287904631,0.015076827332708851,native,33
2027-05-01,754,"Яйца куриные, 10 шт.",0.00543,-3.5174374330576366,-0.019099685261502967,native,52
2027-05-01,786,"Поездка на отдых в Турцию, поездка",0.0004,9.859346215762905,0.003943738486305162,native,67
2027-05-01,795,"Варежки (перчатки) детские, пара",8e-05,-0.6393242230634151,-5.1145937845073213e-05,native,43
2027-05-01,809,"Шарф шерстяной, полушерстяной или из смесовой пряжи для взрослых, шт.",0.00077,-0.28702243539527206,-0.00022100727525435946,native,43
2027-05-01,851,"Активированный уголь, 250 мг, 10 таблеток",0.00032,2.788695319273546,0.0008923825021675348,native,21
2027-05-01,958,"Чай зеленый, кг",0.00169,0.7271339909949216,0.0012288564447814176,native,50
2027-05-01,959,"Брюки женские из джинсовой ткани (джинсы), шт.",0.00282,0.4612221387570509,0.0013006464312948836,native,29
2027-05-01,960,"Носки женские, гольфы, пара",0.0007,0.2277564981639087,0.00015942954871473608,native,54
2027-05-01,961,"Пена для бритья, 200 мл",0.00085,1.9658856845341752,0.0016710028318540487,native,30
2027-05-01,962,Крем для рук,0.00117,1.5827251392847852,0.0018517884129631988,native,30
2027-05-01,963,"Бритвенные станки одноразовые, шт.",0.0008,1.1238012255261811,0.0008990409804209449,native,13
2027-05-01,964,"Лампа светодиодная, шт.",0.00026,0.3255858377307105,8.465231780998471e-05,native,51
2027-05-01,965,"Моноблок, шт.",0.00092,-0.3799516767025065,-0.000349555542566306,native,31
2027-05-01,966,"Годовая стоимость полиса обязательного страхования гражданской ответственности владельцев транспортных средств (ОСАГО), полис",0.0013,0.6324171335309805,0.0008221422735902747,native,55
2027-05-01,968,"Рюкзак для взрослых, шт.",0.00087,0.07560340741561453,6.577496445158463e-05,native,13
2027-05-01,970,"Сливки питьевые, л",0.00112,1.0986398702863944,0.0012304766547207616,native,24
2027-05-01,971,"Зелень свежая, кг",0.00098,-1.3633835048233192,-0.0013361158347268527,native,33
2027-05-01,972,"Грибы свежие, кг",0.00119,0.11750048064324886,0.00013982557196546614,native,33
2027-05-01,973,"Ягоды замороженные, кг",0.00026,1.5907602236542506,0.00041359765815010514,native,33
2027-05-01,976,"Гель для душа, 250 мл",0.00105,1.2779447739286303,0.0013418420126250618,native,30
2027-05-01,977,"Мыло туалетное жидкое, 250 мл",0.00099,0.9373028030737658,0.0009279297750430281,native,30
2027-05-01,978,"Дезодорант, 50 мл",0.00092,2.0068858253393227,0.0018463349593121768,native,30
2027-05-01,979,"Кресло мягкое, шт.",0.00377,0.619960552814127,0.0023372512841092585,native,20
2027-05-01,980,"Матрас для взрослых, шт.",0.00306,0.48283712799192563,0.0014774816116552923,native,20
2027-05-01,981,"Салфетки влажные, упаковка 20 шт.",0.00045,1.129983514031448,0.0005084925813141516,native,54
2027-05-01,982,"Бумажные столовые салфетки, упаковка 10 шт.",0.00306,0.9815291725430353,0.003003479267981688,native,54
2027-05-01,983,"Бумажные носовые платки, упаковка 10 шт.",0.00042,1.4739274295647038,0.0006190495204171756,native,54
2027-05-01,984,"Прокладки женские гигиенические, 10 шт.",0.00108,1.8236633664774975,0.001969556435795697,native,54
2027-05-01,985,"Наушники беспроводные, шт.",0.00189,-1.5999110210057244,-0.003023831829700819,native,37
2027-05-01,987,"Цефтриаксон, 1 г",0.0004,0.25738479423373095,0.00010295391769349238,native,21
2027-05-01,992,"Амлодипин, 10 мг, 10 таблеток",0.00035,1.1861108888888916,0.00041513881111111204,calendar_gap_in_required_features,21
2027-05-01,993,"Омепразол, 20 мг, 10 таблеток",0.0004,0.4477166635240379,0.00017908666540961517,native,21
2027-05-01,994,"Хлоргексидин, 100 мл",0.00033,0.7883331666666693,0.0002601499450000009,short_history,21
2027-05-01,995,"Амоксициллин с клавулановой кислотой, 500 мг+125мг, 10 таблеток",0.00039,0.8225583674405417,0.00032079776330181124,native,21
2027-05-01,996,"Ибупрофен, 200 мг, 10 таблеток",0.00049,0.20513841048094256,0.00010051782113566185,native,21
2027-05-01,997,"Шприцы одноразовые, шт.",6e-05,1.5547543279879148,9.32852596792749e-05,native,21
2027-05-01,999,"Антисептик для рук, 100 мл",0.00017,0.3367619481628635,5.724953118768679e-05,native,21
2027-05-01,1000,"Термометр медицинский безртутный (галинстановый), шт.",6e-05,0.5283195191664504,3.169917114998702e-05,native,21
2027-05-01,1001,"Установка натяжного потолка, м2",0.00073,0.2712205983175806,0.00019799103677183382,native,12
2027-05-01,1002,"Услуги аренды автомобилей, час",0.00017,0.9936901091587196,0.00016892731855698234,native,47
2027-05-01,1003,"Подписка на онлайн-видеосервисы, месяц",0.00766,0.5668981053369898,0.004342439486881342,native,48
2027-05-01,1004,"Проживание в гостинице 1* или в мотеле, сутки с человека",5e-05,0.7289374391960868,3.644687195980434e-05,native,55
2027-05-01,1005,"Проживание в гостинице 2*, сутки с человека",4e-05,1.3424016920538402,5.369606768215361e-05,native,55
2027-05-01,1006,"Проживание в гостинице 3*, сутки с человека",0.00075,1.9283691758966819,0.0014462768819225114,native,55
2027-05-01,1007,"Проживание в гостинице 4*-5*, сутки с человека",0.00067,0.8827659808553135,0.0005914532071730601,native,55
2027-05-01,1008,"Проживание в хостеле, сутки с человека",0.00061,0.45820654177946574,0.00027950599048547406,native,55
2027-05-01,1009,"Экскурсионные туры по России, поездка",0.00138,0.9869155814852124,0.001361943502449593,native,55
2027-05-01,1011,"Поездка на отдых в ОАЭ, поездка",0.0004,2.299999999999997,0.0009199999999999989,missing_current_observation,67
2027-05-01,1012,"Услуги сиделок, час",0.00046,1.5777218816876304,0.00072575206557631,native,22
2027-05-01,1013,"Диагностика на магнитно-резонансном или компьютерном томографе, услуга",0.00045,0.23050317615787075,0.00010372642927104184,native,22
2027-05-01,1014,"Гастроскопия (ФГДС, ЭГДС), услуга",0.00059,0.46810433556728287,0.00027618155798469693,native,22
2027-05-01,1020,"Аскорбиновая кислота, 50 мг, 100 драже",0.00028,0.10719496191326011,3.0014589335712827e-05,native,21
2027-05-01,1024,"Валерианы экстракт, 20 мг, 10 таблеток",0.00029,0.9821359217414078,0.00028481941730500827,native,21
2027-05-01,1025,"Газета в розницу, шт.",0.00024,1.0344627363360672,0.00024827105672065616,native,32
2027-05-01,1030,"Клубная карта в фитнес-клуб, месяц",0.00185,0.45479012693746446,0.0008413617348343093,native,55
2027-05-01,1032,"Кроссовые туфли для взрослых, пара",0.00518,0.1516650610440356,0.0007856250162081044,native,27
2027-05-01,1035,"Метилурацил, 10 % мазь, 25 г",0.00037,1.126247719254859,0.0004167116561242978,native,21
2027-05-01,1037,"Мирамистин, 0,01%, 150 мл",0.00039,0.35457796667141017,0.00013828540700184996,native,21
2027-05-01,1038,"Натрия хлорид, 0,9%, 100 мл",0.00039,1.725555983810414,0.0006729668336860615,native,21
2027-05-01,1039,"Нафазолин, 0,1%, 15 мл",0.00044,2.543248689598282,0.0011190294234232443,native,21
2027-05-01,1040,"Парацетамол, 500 мг, 10 таблеток",0.00039,0.39875695421134894,0.00015551521214242608,native,21
2027-05-01,1041,"Перекись водорода, 3%, 100 мл",0.00036,0.6294141737536417,0.00022658910255131103,native,21
2027-05-01,1042,"Пиво, л",0.00372,0.7352896910251467,0.002735277650613546,native,11
2027-05-01,1043,"Поездка на отдых в Египет, поездка",0.0002,2.082863962376983,0.00041657279247539665,native,67
2027-05-01,1045,"Ренгалин, 20 таблеток",0.0004,0.8009790359671147,0.0003203916143868459,native,21
2027-05-01,1046,"Сигареты с фильтром, пачка",0.0086599999999999,0.48207484294013875,0.0041747681398615535,native,40
2027-05-01,1048,"Сумка женская, шт.",0.00138,-0.09890953206050437,-0.00013649515424349603,native,13
2027-05-01,1049,"Творог, кг",0.00591,0.3681303894983595,0.002175650601935305,native,24
2027-05-01,1050,"Туфли женские закрытые, пара",0.00196,0.3899839297345695,0.0007643685022797563,native,27
2027-05-01,1051,"Туфли женские летние, босоножки, пара",0.00356,0.18760922153268322,0.0006678888286563522,native,27
2027-05-01,1054,"Хлеб и булочные изделия из пшеничной муки различных сортов, кг",0.00735,0.675272217745083,0.0049632508004263595,native,49
2027-05-01,1055,"Цитрамон, 10 таблеток",0.00039,1.700062502977326,0.0006630243761611571,native,21
2027-05-01,1060,"Поездки в страны Закавказья, поездка",0.00022,5.450765365841667,0.0011991683804851668,native,67
2027-05-01,1063,"Поездки в отдельные страны Средней Азии, поездка",4e-05,4.756666777777774,0.00019026667111111096,short_history,67
2027-05-01,1064,"Поездка в Беларусь, поездка",0.0001,1.9322219444444404,0.00019322219444444405,short_history,67
2027-05-01,1065,"Поездки в отдельные страны Юго-Восточной Азии, поездка",0.00017,0.11203664971506355,1.9046230451560806e-05,native,67
2027-05-01,1066,"Молоко питьевое цельное пастеризованное более 3,2% жирности, л",0.00142,0.2586870590018916,0.0003673356237826861,native,24
2027-05-01,1067,"Творожок детский, кг",6e-05,1.2100770519800341,7.260462311880205e-05,native,24
2027-05-01,1068,"Молоко для детей, л",1e-05,0.052402914442495785,5.240291444249578e-07,native,24
2027-05-01,1069,"Сухие приправы, специи, кг",0.00139,0.7051163996222443,0.0009801117954749195,native,53
2027-05-01,1070,"Трикотажный головной убор для взрослых, шт.",0.00057,-0.6542282276882379,-0.00037291008978229554,native,43
2027-05-01,1071,"Крем детский, 100 г (100 мл)",0.00137,0.42066532984026683,0.0005763115018811656,native,30
2027-05-01,1072,"Чемодан, шт.",0.00108,-1.7327665159963557,-0.0018713878372760642,native,13
2027-05-01,1073,"Бумага офисная, упаковка 500 листов",0.00015,0.7992446139847791,0.00011988669209771685,native,54
2027-05-01,1074,"Смарт-часы, шт.",0.00085,-2.614321670059127,-0.002222173419550258,native,37
2027-05-01,1075,"Коньки, пара",0.00035,-1.0955159102295102,-0.0003834305685803286,native,54
2027-05-01,1076,"Гипсокартон, м2",0.00075,0.4974225929559637,0.0003730669447169728,native,38
2027-05-01,1077,"Кресло детское автомобильное, шт.",0.00056,0.08685761914127986,4.864026671911672e-05,native,17
2027-05-01,1078,"Соска (пустышка) детская, шт.",6e-05,0.1539011622607433,9.234069735644598e-06,native,21
2027-05-01,1079,"Бутылочка для кормления, шт.",0.00066,0.325906948186819,0.00021509858580330053,native,21
2027-05-01,1083,"Поездка на отдых на Черноморское побережье России и в Крым, поездка",0.00205,7.311227181962332,0.014988015723022783,native,55
2027-05-01,1086,"Горошек зеленый консервированный, кг",0.00081,-0.46849372222221874,-0.00037947991499999716,short_history,53
2027-05-01,1087,"Перец сладкий свежий, кг",0.00266,-4.904998055555561,-0.013047294827777792,short_history,33
2027-05-01,1088,"Робот-пылесос, шт.",0.00116,-0.5955543888888933,-0.0006908430911111163,short_history,51
2027-05-01,1091,"Валосердин, 25 мл",0.00033,0.769444277777781,0.00025391661166666775,short_history,21
2027-05-01,1094,"Диклофенак, 15 мл",0.00038,1.3683332222222253,0.0005199666244444457,short_history,21
2027-05-01,1095,"Кардиомагнил, 100 таблеток",0.0004,0.7761111666666696,0.0003104444666666678,short_history,21
2027-05-01,1097,"Меновазин, 40 мл",0.00034,0.7183331111111136,0.0002442332577777787,short_history,21
2027-05-01,1099,"Пенталгин, 24 таблетки",0.00035,0.9650001111111143,0.00033775003888889,short_history,21
2027-05-01,1100,"Салициловая кислота, 40 мл",0.00031,1.465555333333336,0.00045432215333333415,short_history,21
2027-05-01,1101,"Спазмалгон, 10 таблеток",0.0004,0.7705553333333365,0.0003082221333333346,short_history,21
2027-05-01,1105,Воздушный и железнодорожный транспорт,0.00569,2.0600000000000023,0.011721400000000012,missing_current_observation,47
2027-05-01,1107,"Печень птицы, кг",0.00225,1.3861112222222165,0.003118750249999987,short_history,26
2027-05-01,1108,"Кефир, кг",0.00427,0.6288887777777793,0.0026853550811111178,short_history,24
2027-05-01,1109,"Сырки творожные, глазированные, кг",0.00124,0.9155555000000012,0.0011352888200000014,short_history,24
2027-05-01,1110,"Вода питьевая, л",0.00157,-0.4757160555555515,-0.0007468742072222159,short_history,53
2027-05-01,1111,"Жидкие средства для стирки, л",0.00146,0.1305552777777829,0.00019061070555556302,short_history,25
2027-05-01,1112,"Помада, шт.",0.00092,-3.216668833333333,-0.0029593353266666664,short_history,30
2027-05-01,1113,"Блоки строительные, 1000 шт.",0.00028,0.027222611111117734,7.622331111112965e-06,short_history,38
2027-05-01,1114,"Компримированный природный газ, м3",0.00189,-1.1588888888888904,-0.0021903000000000027,short_history,42
2027-05-01,1115,"Хлоропирамин, 10 таблеток",0.00036,0.7688889444444477,0.0002768000200000012,short_history,21
2027-05-01,1116,"Цетиризин, 10 таблеток",0.00037,0.7716666111111137,0.0002855166461111121,short_history,21
2027-05-01,1117,"Интерферон альфа-2В, 10 мл",0.00039,0.6655555555555581,0.00025956666666666765,short_history,21
2027-05-01,1118,"Метопролол, 10 таблеток",0.00046,0.4933329444444483,0.00022693315444444624,short_history,21
2027-05-01,1119,"Спиронолактон, 10 таблеток",0.00035,0.564444222222225,0.00019755547777777874,short_history,21
2027-05-01,1120,"Лозартан, 10 таблеток",0.0004,0.8866665000000032,0.0003546666000000013,short_history,21
2027-05-01,1121,"Аторвастатин, 10 таблеток",0.0004,0.7838888333333358,0.00031355553333333434,short_history,21
2027-05-01,1122,"Мелоксикам, 10 таблеток",0.00038,0.6349997222222257,0.00024129989444444578,short_history,21
2027-05-01,1123,"Кеторолак, 10 таблеток",0.00042,1.5833332222222247,0.0006649999533333344,short_history,21
2027-05-01,1124,"Розувастатин, 10 таблеток",0.00034,0.7266663333333356,0.0002470665533333341,short_history,21
2027-05-01,1125,"Алтея лекарственного травы экстракт, 10 таблеток",0.00041,0.6155555555555586,0.00025237777777777906,short_history,21
2027-05-01,1126,"Римантадин, 10 таблеток",0.00032,0.53555516666667,0.0001713776533333344,short_history,21
2027-05-01,1127,"Погребение, услуга",0.00034,0.308888888888889,0.00010502222222222227,short_history,12
2027-05-01,1128,"Курьерская доставка, услуга",0.00012,1.9210573333333325,0.0002305268799999999,short_history,55
2027-05-01,1129,"Междугородная телефонная связь, минута",0.00019,-0.5294471666666638,-0.00010059496166666613,short_history,48
2027-05-01,1131,"Вода минеральная, л",0.00085,-0.24071594444444047,-0.00020460855277777438,short_history,53
2027-06-01,101,"Абонентская плата за доступ к сети Интернет, месяц",0.0085699999999999,-0.045132303020830294,-0.00038678383688851115,native,48
2027-06-01,103,"Абонентская плата за неограниченный объем местных телефонных соединений, месяц",0.00026,0.3374309778819493,8.773205424930681e-05,native,48
2027-06-01,104,"Абонентская плата за пакет услуг сотовой связи, месяц",0.01009,0.46658225989547825,0.004707815002345375,native,48
2027-06-01,106,"Абонентская плата за телевизионную антенну, месяц",0.00219,0.6075512751302592,0.0013305372925352676,native,48
2027-06-01,107,"Абонентская плата при комбинированной системе оплаты услуг местной телефонной связи, месяц",0.00022,0.3761623305975498,8.275571273146096e-05,native,48
2027-06-01,109,"Авторучка шариковая, шт.",0.00063,1.0039723941123286,0.0006325026082907671,native,54
2027-06-01,112,"Альбом для рисования, шт.",0.00023,0.7494278200555022,0.00017236839861276552,native,54
2027-06-01,113,"Амброксол, 30 мг, 10 таблеток",0.00035,0.16170791270525506,5.659776944683927e-05,native,21
2027-06-01,115,"Апельсины, кг",0.00434,3.0130878973530537,0.013076801474512253,native,33
2027-06-01,116,"Аппарат для измерения артериального давления электронный, шт.",0.0002,0.18434552968571172,3.686910593714235e-05,native,21
2027-06-01,117,"Аренда двухкомнатной квартиры у частных лиц, месяц",0.00506,0.4126419308459911,0.002087968170080715,native,14
2027-06-01,118,"Аренда индивидуального банковского сейфа, в расчете на месяц",0.00011,1.3719938851519076,0.00015091932736670984,native,55
2027-06-01,119,"Аренда однокомнатной квартиры у частных лиц, месяц",0.00435,0.31644084451778387,0.0013765176736523597,native,14
2027-06-01,120,"Ацетилсалициловая кислота (Аспирин отечественный), 500 мг, 10 таблеток",0.00029,1.0025029563058063,0.0002907258573286838,native,21
2027-06-01,121,"Бананы, кг",0.00418,-1.3899698632547948,-0.0058100740284050415,native,33
2027-06-01,122,"Баранина (кроме бескостного мяса), кг",0.00651,1.102337726083501,0.007176218596803592,native,26
2027-06-01,123,"Бараночные изделия, кг",0.00116,0.3839438825381839,0.00044537490374429333,native,49
2027-06-01,124,"Батарейки электрические типа АА, шт.",0.00019,0.331081995866643,6.290557921466218e-05,native,51
2027-06-01,126,"Белье для новорожденных и детей ясельного возраста, шт.",0.00028,0.654780925266448,0.00018333865907460542,native,29
2027-06-01,130,"Бензин автомобильный марки АИ-92, л",0.01023,2.2457085374426784,0.0229735983380386,native,42
2027-06-01,131,"Бензин автомобильный марки АИ-95, л",0.01543,3.0189987736187067,0.04658315107693664,native,42
2027-06-01,132,"Бензин автомобильный марки АИ-98, л",0.00117,1.4447930229216688,0.0016904078368183526,native,42
2027-06-01,134,"Бинт, шт.",4e-05,2.0716080425966856,8.286432170386743e-05,native,21
2027-06-01,135,"Бисопролол, 10 мг, 10 таблеток",0.00039,0.6741673694316859,0.0002629252740783575,native,21
2027-06-01,136,"Блузка для девочек школьного возраста, шт.",0.00106,0.6076677217664084,0.0006441277850723928,native,29
2027-06-01,137,"Блузка женская, шт.",0.00257,0.3977591799285113,0.001022241092416274,native,29
2027-06-01,138,"Ботинки, полуботинки для детей дошкольного возраста, пара",0.00078,0.0704322045738585,5.493711956760963e-05,native,27
2027-06-01,139,"Ботинки, полуботинки для детей школьного возраста, пара",0.0012,0.1272362820695755,0.00015268353848349057,native,27
2027-06-01,141,"Брюки для детей школьного возраста из джинсовой ткани, шт.",0.00098,0.2313566481594581,0.00022672951519626895,native,29
2027-06-01,142,"Брюки для детей школьного возраста из полушерстяных тканей, шт.",0.00088,0.5289658359486202,0.0004654899356347858,native,29
2027-06-01,143,"Брюки женские из полушерстяных или смесовых тканей, шт.",0.00204,0.35410615762946895,0.0007223765615641168,native,29
2027-06-01,144,"Брюки мужские из джинсовой ткани (джинсы), шт.",0.00408,0.3382886712965175,0.0013802177788897916,native,29
2027-06-01,145,"Брюки мужские из полушерстяных или смесовых тканей, шт.",0.00183,0.535234851657161,0.0009794797785326046,native,29
2027-06-01,146,"Булочные изделия сдобные из муки высшего сорта штучные, кг",0.00169,0.7971438263856696,0.0013471730665917817,native,49
2027-06-01,147,"Бумага туалетная, рулон",0.00099,0.7192692190136776,0.0007120765268235408,native,54
2027-06-01,149,"Бюстгальтер, шт.",0.00143,0.3786672242923682,0.0005414941307380866,native,13
2027-06-01,150,"Валидол, 60 мг, 10 таблеток",0.00032,-0.9354806758260195,-0.00029935381626432624,native,21
2027-06-01,152,"Варенье, джем, повидло, кг",0.00113,0.39880802126401904,0.00045065306402834146,native,53
2027-06-01,154,"Вата отечественная, 100 г",0.00014,0.9235178716010916,0.0001292925020241528,native,21
2027-06-01,155,"Велосипед для дошкольников, шт.",0.00107,-0.19242894995241344,-0.00020589897644908238,native,54
2027-06-01,156,"Велосипед дорожный для взрослых, шт.",0.00059,0.4508775460560328,0.00026601775217305936,native,54
2027-06-01,158,"Вермишель, кг",0.00142,0.293099412963159,0.0004162011664076858,native,18
2027-06-01,162,"Взносы на капитальный ремонт, м2",0.00784,0.07418724880516236,0.000581628030632473,native,14
2027-06-01,164,"Вино виноградное крепленое, л",0.00134,0.3793599884348029,0.0005083423845026358,native,11
2027-06-01,165,"Вино виноградное столовое, л",0.00172,0.5348024871969133,0.0009198602779786907,native,11
2027-06-01,166,"Вино игристое отечественное, л",0.00136,0.4569298033817798,0.0006214245325992206,native,11
2027-06-01,167,"Виноград, кг",0.00338,-3.713903863427054,-0.012552995058383443,native,33
2027-06-01,171,"Водка, л",0.0033,0.12479548043554706,0.0004118250854373053,native,11
2027-06-01,172,"Водоотведение, м3",0.00325,0.4008872634229592,0.0013028836061246174,native,14
2027-06-01,173,"Водоснабжение горячее, м3",0.00592,1.028118555617391,0.006086461849254955,native,14
2027-06-01,174,"Водоснабжение холодное, м3",0.0053,0.6877678341532314,0.0036451695210121264,native,14
2027-06-01,181,"Выполнение обойных работ, 10 м2",0.00103,0.5170211256837018,0.000532531759454213,native,12
2027-06-01,182,"Выполнение работ по облицовке кафельной плиткой, м2",0.00119,0.4888400416451234,0.0005817196495576969,native,12
2027-06-01,184,"Газ сетевой, м3",0.01097,0.6105475216485624,0.00669770631248473,native,14
2027-06-01,185,"Газ сетевой, месяц с человека",0.0095,0.6131995214094326,0.005825395453389609,native,14
2027-06-01,189,"Газовое моторное топливо, л",0.00226,3.770272561946723,0.008520815989999594,native,42
2027-06-01,195,"Говядина (кроме бескостного мяса), кг",0.01634,0.7418832866363276,0.012122372903637595,native,26
2027-06-01,196,"Говядина бескостная, кг",0.01193,0.6821988835648208,0.008138632680928312,native,26
2027-06-01,197,"Годовая стоимость полиса добровольного страхования жилья от стандартных рисков, полис",0.00027,0.5987885157545556,0.00016167289925373,native,55
2027-06-01,198,"Годовая стоимость полиса добровольного страхования легкового автомобиля от стандартных рисков (КАСКО), полис",0.00223,0.7599881656099349,0.001694773609310155,native,55
2027-06-01,203,"Горох и фасоль, кг",0.00191,0.7653505970019612,0.001461819640273746,native,18
2027-06-01,204,"Груши, кг",0.00292,-1.2734942321848577,-0.003718603157979784,native,33
2027-06-01,205,"Джемпер для детей школьного возраста, шт.",0.00045,0.18598348799199038,8.369256959639567e-05,native,43
2027-06-01,206,"Джемпер женский, шт.",0.00129,0.48190245669205894,0.000621654169132756,native,43
2027-06-01,207,"Джемпер мужской, шт.",0.00127,0.32916787930419245,0.00041804320671632445,native,43
2027-06-01,208,"Диван-кровать, шт.",0.00253,0.4218877157842879,0.0010673759209342485,native,20
2027-06-01,209,"Дизельное топливо, л",0.00286,1.1249445919566399,0.00321734153299599,native,42
2027-06-01,210,"Дом отдыха, пансионат, день",0.00177,0.0,0.0,short_history,35
2027-06-01,211,"Дополнительные занятия в государственных и муниципальных общеобразовательных организациях очной формы обучения, академический час",0.00031,0.08568907630488509,2.656361365451438e-05,native,44
2027-06-01,212,"Дополнительные занятия для детей дошкольного возраста, академический час",0.00189,0.80009586848475,0.0015121811914361775,native,44
2027-06-01,213,"Доска обрезная, м3",0.00153,1.0610832108556019,0.0016234573126090708,native,38
2027-06-01,214,"Дрель электрическая, шт.",0.00056,0.6027998817167515,0.0003375679337613808,native,15
2027-06-01,216,"Дротаверин (Но-шпа), 40 мг, 100 таблеток",0.00039,-0.1363364643600333,-5.3171221100412985e-05,native,21
2027-06-01,218,"Еврошифер, 10 м2",0.00011,0.8325342932963429,9.157877226259773e-05,native,38
2027-06-01,221,"Жевательная резинка, упаковка",0.00016,0.7805503627242607,0.0001248880580358817,native,16
2027-06-01,223,"Жидкие чистящие и моющие средства, л",0.00353,0.38848068659098484,0.0013713368236661766,native,25
2027-06-01,228,"Занятия в плавательных бассейнах, месяц",0.00091,0.9619229688896089,0.0008753499016895441,native,55
2027-06-01,229,"Занятия на курсах иностранных языков, академический час",0.00156,0.31601150418618196,0.0004929779465304439,native,44
2027-06-01,230,"Занятия на курсах профессионального обучения, академический час",0.00123,0.09254664084231991,0.00011383236823605348,native,44
2027-06-01,231,"Земля для растений, л",0.00027,0.5820146032226685,0.0001571439428701205,native,54
2027-06-01,232,"Зеркало навесное для ванной комнаты, шт.",0.00125,0.3375982416905257,0.00042199780211315716,native,20
2027-06-01,233,"Зефир, пастила, кг",0.00143,0.5496210470641212,0.0007859580973016933,native,16
2027-06-01,234,"Зонт, шт.",0.00109,0.2887298503463021,0.0003147155368774693,native,13
2027-06-01,236,"Игрушки мягкие, шт.",0.00012,0.2423953121114487,2.9087437453373846e-05,native,54
2027-06-01,237,"Игрушки пластмассовые для детей ясельного возраста, шт.",0.00039,0.7887273856007573,0.00030760368038429533,native,54
2027-06-01,238,"Изготовление гроба, шт.",0.00038,0.006573576512557702,2.497959074771927e-06,native,12
2027-06-01,239,"Изготовление коронки, шт.",0.00131,0.39911915613945564,0.0005228460945426869,native,22
2027-06-01,240,"Изготовление съёмного протеза, протез",0.00127,0.4375922991280583,0.0005557422198926341,native,22
2027-06-01,241,"Изготовление фотографий для документов, 4 шт.",0.00011,0.9135889787567044,0.0001004947876632375,native,12
2027-06-01,243,"Икра лососевых рыб, отечественная, кг",0.00046,0.472995698249893,0.0002175780211949508,native,34
2027-06-01,244,"Индапамид, 2,5 мг, 10 таблеток",0.00035,0.3122216666666652,0.00010927758333333281,calendar_gap_in_required_features,21
2027-06-01,245,"Йогурт, 125 г",0.00113,0.7413560650085764,0.0008377323534596913,native,24
2027-06-01,246,"Йод, 10 мл",0.00036,1.8469973666785973,0.000664919052004295,native,21
2027-06-01,247,"Какао, кг",0.00055,1.0636814454905568,0.0005850247950198062,native,50
2027-06-01,248,"Кальмары мороженые, кг",0.00023,0.8956553936325276,0.00020600074053548134,native,34
2027-06-01,249,"Капуста белокочанная свежая, кг",0.00236,-0.6392013489998456,-0.0015085151836396356,native,33
2027-06-01,250,"Карамель, кг",0.00369,0.3221967456549308,0.0011889059914666946,native,16
2027-06-01,251,"Карандаш чернографитный, шт.",0.00034,0.9278204304472579,0.00031545894635206774,native,54
2027-06-01,252,"Картофель, кг",0.00612,0.6791891156728374,0.004156637387917764,native,33
2027-06-01,253,"Кастрюля из эмалированной или нержавеющей стали, шт.",0.00178,0.41310389731018116,0.0007353249372121225,native,54
2027-06-01,254,"Кексы, рулеты, кг",0.00333,0.36279427257027763,0.0012081049276590245,native,16
2027-06-01,256,"Кетчуп, кг",0.00182,0.5678572599026428,0.0010335002130228098,native,53
2027-06-01,257,"Кинотеатры, билет",0.00023,0.11080645643771578,2.548548498067463e-05,native,46
2027-06-01,258,"Кирпич красный, 1000 шт.",0.00015,0.5756396593517477,8.634594890276214e-05,native,38
2027-06-01,259,"Кисломолочные продукты, кг",0.00311,0.4175355120366134,0.0012985354424338675,native,24
2027-06-01,260,"Клинический осмотр животного, посещение",0.00037,0.7632591473174638,0.0002824058845074616,native,55
2027-06-01,261,"Книга художественная, шт.",0.00028,0.2916423574383858,8.165986008274801e-05,native,32
2027-06-01,263,"Ковер, ковровое покрытие (палас) синтетический, м2",0.00279,0.5636864016237031,0.0015726850605301316,native,54
2027-06-01,265,"Колбаса вареная, кг",0.00464,0.9932187127262635,0.004608534827049863,native,26
2027-06-01,266,"Колбаса полукопченая и варено-копченая, кг",0.00298,-0.3839260967365734,-0.0011440997682749888,native,26
2027-06-01,267,"Колбаса сырокопченая, кг",0.00053,0.45538807660459146,0.00024135568060043347,native,26
2027-06-01,271,"Колготки детские, шт.",0.00035,0.18510679867872815,6.478737953755486e-05,native,54
2027-06-01,272,"Колготки женские эластичные, шт.",0.00127,0.4482403909565529,0.0005692652965148221,native,54
2027-06-01,273,"Кольцо обручальное золотое, грамм",0.00353,1.2253687883422155,0.004325551822848021,native,54
2027-06-01,274,"Коляска для новорожденного, шт.",0.00064,0.25701351446557463,0.00016448864925796777,native,13
2027-06-01,275,"Комбинезон (костюм) утепленный для детей дошкольного возраста, шт.",0.00047,0.1685679063043658,7.922691596305192e-05,native,29
2027-06-01,276,"Комбинезон утепленный для детей до одного года, шт.",0.00038,-0.03499633588254972,-1.3298607635368893e-05,native,29
2027-06-01,280,"Комплект постельного белья полутораспальный из хлопчатобумажной ткани, комплект",0.0027,0.519749746489447,0.0014033243155215072,native,29
2027-06-01,281,"Комплект столовых приборов, комплект на 1 человека",0.00028,0.45080552348647285,0.0001262255465762124,native,54
2027-06-01,282,"Компьютер персональный переносной (ноутбук), шт.",0.00185,-0.17351700140704557,-0.0003210064526030343,native,31
2027-06-01,283,"Компьютер планшетный, шт.",0.00162,-0.4173281054142635,-0.0006760715307711068,native,31
2027-06-01,285,"Консервы мясные для детского питания, кг",3e-05,0.6077685096111893,1.823305528833568e-05,native,26
2027-06-01,286,"Консервы мясные, 350 г",0.00041,0.3524909243477569,0.00014452127898258033,native,26
2027-06-01,288,"Консервы овощные для детского питания, кг",8e-05,0.44347754326215694,3.547820346097256e-05,native,53
2027-06-01,290,"Консервы рыбные в томатном соусе, 350 г",0.0005,0.6658139928446972,0.0003329069964223486,native,34
2027-06-01,291,"Консервы рыбные натуральные и с добавлением масла, 350 г",0.0013,0.6978813378655637,0.0009072457392252328,native,34
2027-06-01,292,"Консервы томатные, кг",0.00128,0.5238627326722054,0.000670544297820423,native,53
2027-06-01,294,"Консервы фруктово-ягодные для детского питания, кг",9e-05,0.4209867556548442,3.7888808008935985e-05,native,53
2027-06-01,295,"Конструктор детский пластмассовый, набор",0.00029,-0.0734940200528336,-2.1313265815321747e-05,native,54
2027-06-01,296,"Конфеты мягкие, глазированные шоколадом, кг",0.00332,0.3518896867415904,0.0011682737599820801,native,16
2027-06-01,298,"Конфеты шоколадные натуральные и с добавками, кг",0.003,0.0674259479696564,0.00020227784390896918,native,16
2027-06-01,301,"Коньяк ординарный отечественный, л",0.00278,0.42191928028745884,0.0011729355991991356,native,11
2027-06-01,302,"Корвалол, 25 мл",0.00039,1.1780387674239188,0.0004594351192953283,native,21
2027-06-01,303,"Корригирующие очки, шт.",0.00097,0.35781972374210375,0.00034708513202984063,native,21
2027-06-01,304,"Костюм-двойка мужской из шерстяных, полушерстяных или смесовых  тканей, шт.",0.00255,0.3546513804700874,0.0009043610201987229,native,29
2027-06-01,305,"Костюм спортивный для взрослых, шт.",0.00175,0.2961255678280043,0.0005182197436990075,native,43
2027-06-01,306,"Костюм спортивный для детей школьного возраста, шт.",0.00141,0.23703098305734402,0.00033421368611085507,native,43
2027-06-01,307,"Костюм трикотажный для детей ясельного возраста, шт.",0.00037,0.3164221756566279,0.00011707620499295232,native,43
2027-06-01,309,"Кофе в организациях быстрого обслуживания, 200 г",0.00148,0.507119437023229,0.000750536766794379,native,28
2027-06-01,310,"Кофе натуральный в зернах и молотый, кг",0.00406,0.6318242971502777,0.0025652066464301273,native,50
2027-06-01,311,"Кофе натуральный растворимый, кг",0.00547,0.419346176578149,0.002293823585882475,native,50
2027-06-01,312,"Краска для волос, шт.",0.00069,0.5131536985691423,0.00035407605201270815,native,30
2027-06-01,313,"Краски масляные, эмали отечественные, кг",0.00097,1.0049386991609146,0.0009747905381860872,native,38
2027-06-01,314,"Креветки мороженые неразделанные, кг",0.00036,0.10180377596749665,3.66493593482988e-05,native,34
2027-06-01,315,"Крем для лица, 100 г (100 мл)",0.00159,0.73591529255791,0.001170105315167077,native,30
2027-06-01,316,"Кровать для новорожденных,шт.",0.00051,0.3291126497893611,0.0001678474513925742,native,20
2027-06-01,319,"Кроссовые туфли для детей с верхом из искусственной кожи, пара",0.00156,0.2468577182951398,0.0003850980405404181,native,27
2027-06-01,320,"Крупа гречневая-ядрица, кг",0.00337,0.7523379831284852,0.0025353790031429953,native,18
2027-06-01,322,"Крупа манная, кг",0.00059,0.3420993072254764,0.00020183859126303108,native,18
2027-06-01,323,"Крупы овсяная и перловая, кг",0.00032,0.5079122499517035,0.00016253191998454513,native,18
2027-06-01,324,"Ксерокопирование документа, лист",0.0009,0.6080822891381991,0.0005472740602243791,native,55
2027-06-01,325,"Ксилометазолин (Галазолин) 0,1%, 10 мл",0.00051,0.02032989986578876,1.0368248931552268e-05,native,21
2027-06-01,326,"Кулинарные изделия из птицы, кг",0.00167,0.6032343711373263,0.001007401399799335,native,26
2027-06-01,327,"Куртка для детей дошкольного возраста с верхом из плащевых тканей утепленная, шт.",0.00088,-0.15873413985667711,-0.00013968604307387588,native,29
2027-06-01,328,"Куртка для детей школьного возраста с верхом из плащевых тканей утепленная, шт.",0.00084,-0.012092207817896272,-1.0157454567032869e-05,native,29
2027-06-01,329,"Куртка женская без утеплителя (ветровка), шт.",0.00271,0.18693059044675336,0.0005065819001107017,native,29
2027-06-01,330,"Куртка мужская без утеплителя (ветровка), шт.",0.00269,0.09699293704906567,0.00026091100066198664,native,29
2027-06-01,331,"Куртка мужская из натуральной кожи, шт.",0.00068,0.25425703695772356,0.00017289478513125202,native,29
2027-06-01,332,"Куртка мужская с верхом из плащевых тканей утепленная, шт.",0.00192,-0.22977821674350532,-0.0004411741761475302,native,29
2027-06-01,333,"Куры охлажденные и мороженые, кг",0.00958,1.3455512570537111,0.012890381042574553,native,26
2027-06-01,334,"Ламинат, м2",0.00167,0.44647853599147524,0.0007456191551057637,native,38
2027-06-01,335,"Лампа электрическая осветительная, шт.",0.00019,0.7093023624194069,0.0001347674488596873,native,51
2027-06-01,336,"Лампа энергосберегающая, шт.",0.00022,0.29256328491098926,6.436392268041765e-05,native,51
2027-06-01,337,"Левомеколь, мазь, 40 г",0.00041,0.6743734233277243,0.000276493103564367,native,21
2027-06-01,338,"Легковой автомобиль импортный подержанный, шт.",0.01012,0.2901230467402247,0.0029360452330110744,native,17
2027-06-01,339,"Легковой автомобиль иностранной марки новый, шт.",0.00959,-0.16111433333333736,-0.001545086456666705,insufficient_training_rows,17
2027-06-01,340,"Легковой автомобиль отечественный новый, шт.",0.00753,0.22389962880991418,0.0016859642049386538,native,17
2027-06-01,341,"Лечебный массаж, сеанс",0.00013,0.3027881084121081,3.9362454093574056e-05,native,22
2027-06-01,342,"Лечение кариеса, пломба",0.00221,0.6592967306639892,0.0014570457747674161,native,22
2027-06-01,343,"Лимоны, кг",0.00185,3.876745741010615,0.007171979620869638,native,33
2027-06-01,345,"Линолеум, м2",0.00085,0.5679297122825413,0.0004827402554401601,native,38
2027-06-01,346,"Лопата садовая, шт.",0.00015,0.8929722102261739,0.00013394583153392609,native,54
2027-06-01,347,"Лоперамид, 2 мг, 10 капсул (таблеток)",0.00036,0.054281863513071835,1.9541470864705863e-05,native,21
2027-06-01,349,"Лук репчатый, кг",0.00236,0.49201927782274657,0.0011611654956616819,native,33
2027-06-01,350,"Майка, футболка женская бельевая, шт.",0.00079,0.5119579599471137,0.00040444678835821983,native,43
2027-06-01,351,"Майка, футболка мужская бельевая, шт.",0.00151,0.5667613750664533,0.0008558096763503446,native,43
2027-06-01,352,"Майонез, кг",0.00223,0.7448102094678162,0.0016609267671132302,native,53
2027-06-01,354,"Макаронные изделия из пшеничной муки высшего сорта, кг",0.00382,0.1296961398169738,0.00049543925410084,native,18
2027-06-01,355,"Маникюр,услуга",0.0057,0.5739688335848133,0.0032716223514334362,native,12
2027-06-01,357,"Маргарин, кг",0.0008,0.4800804542608541,0.0003840643634086833,native,19
2027-06-01,358,"Масло оливковое, л",0.00257,0.3701452158441242,0.0009512732047193991,native,19
2027-06-01,359,"Масло подсолнечное, кг",0.00543,0.6685629758746726,0.003630296958999472,native,19
2027-06-01,360,"Масло сливочное, кг",0.00872,0.41945806669908675,0.0036576743416160368,native,19
2027-06-01,362,"Матрас детский, шт.",0.00051,0.34968931162669276,0.00017834154892961332,native,20
2027-06-01,363,"Машина стиральная автоматическая, шт.",0.0019,0.0422686449250842,8.031042535765998e-05,native,51
2027-06-01,365,"Мёд пчелиный натуральный, кг",0.00469,0.46125149114907876,0.0021632694934891794,native,53
2027-06-01,369,"Металлочерепица, м2",0.00052,1.1361631872210523,0.0005908048573549471,native,38
2027-06-01,370,"Метамизол натрия (Анальгин отечественный), 500 мг, 10 таблеток",0.00036,0.91399372217037,0.0003290377399813332,native,21
2027-06-01,373,"Миксер, блендер, шт.",0.00176,-0.37421671391713973,-0.000658621416494166,native,51
2027-06-01,374,"Мойка из нержавеющей стали для кухни, шт.",0.00182,0.5235721421627435,0.0009529012987361931,native,38
2027-06-01,375,"Мойка легкового автомобиля, услуга",0.00529,1.0636330002448098,0.005626618571295044,native,12
2027-06-01,378,"Молоко питьевое цельное пастеризованное 2,5-3,2% жирности, л",0.00302,0.4568122735043588,0.0013795730659831636,native,24
2027-06-01,379,"Молоко питьевое цельное стерилизованное 2,5-3,2% жирности, л",0.00232,-0.05265259171984843,-0.00012215401279004837,native,24
2027-06-01,380,"Молоко сгущенное с сахаром, 400 г",0.00113,0.6260591079188013,0.0007074467919482454,native,24
2027-06-01,381,"Монитор для настольного компьютера, шт.",0.00052,-0.04938736367873355,-2.5681429112941446e-05,native,31
2027-06-01,382,"Морковь, кг",0.0021,2.1581070552741153,0.004532024816075642,native,33
2027-06-01,384,"Мороженое сливочное, кг",0.00491,0.9093929513974746,0.0044651193913616,native,53
2027-06-01,386,"Музеи и выставки, билет",9e-05,1.2642838834915961,0.00011378554951424366,native,46
2027-06-01,388,"Мука пшеничная, кг",0.00424,0.32100404576913033,0.0013610571540611125,native,53
2027-06-01,389,"Мыло туалетное, 100 г",0.00099,0.7960389012907416,0.0007880785122778342,native,25
2027-06-01,390,"Мыло хозяйственное, 200 г",0.00174,0.9994739890285449,0.0017390847409096682,native,25
2027-06-01,393,"Мясо индейки, кг",0.00424,0.5037176779290863,0.002135762954419326,native,26
2027-06-01,395,"Мясокопчености, кг",0.00303,0.5981487746571479,0.0018123907872111581,native,26
2027-06-01,396,"Мяч футбольный, шт.",0.00026,0.4270222104683222,0.00011102577472176377,native,54
2027-06-01,397,"Набор корпусной мебели, комплект",0.00062,0.5035614571697582,0.0003122081034452501,native,20
2027-06-01,399,"Набор фломастеров, набор",0.00032,0.7335063659905614,0.00023472203711697966,native,54
2027-06-01,400,"Наём жилых помещений в государственном и муниципальном жилищных фондах, м2 общей площади",0.00012,3.639457917460892,0.00043673495009530704,native,14
2027-06-01,402,"Напитки газированные, л",0.00389,0.7813133959538726,0.003039309110260564,native,53
2027-06-01,404,"Национальные сыры и брынза, кг",0.00741,0.35300661055111027,0.002615778984183727,native,39
2027-06-01,405,"Начальный курс обучения вождению легкового автомобиля, курс",0.00108,0.695061190295394,0.0007506660855190255,native,44
2027-06-01,406,"Нимесулид, 100 мг, 10 таблеток",0.0004,0.24195832859732888,9.678333143893156e-05,native,21
2027-06-01,408,"Нитки швейные, катушка",0.00011,0.6839924827195889,7.523917309915478e-05,native,54
2027-06-01,410,"Носки мужские, пара",0.00108,0.45069510900454035,0.0004867507177249036,native,54
2027-06-01,411,"Носки, гольфы детские, пара",0.00017,0.17758890346578118,3.0190113589182802e-05,native,54
2027-06-01,412,"Обед в ресторане, на 1 человека",0.00201,0.6769966699420775,0.0013607633065835759,native,28
2027-06-01,413,"Обед в столовой, кафе, закусочной (кроме столовой в организации), на 1 человека",0.00697,0.6911300343669815,0.004817176339537861,native,28
2027-06-01,415,"Обои виниловые, 10 м",0.00248,0.6908046173785749,0.0017131954510988658,native,38
2027-06-01,416,"Обращение с твердыми коммунальными отходами, с человека",0.00398,0.7104140606149839,0.002827447961247636,native,14
2027-06-01,420,"Обувь домашняя с текстильным верхом для взрослых, пара",0.00161,0.6142188636465542,0.0009888923704709524,native,27
2027-06-01,421,"Обувь домашняя с текстильным верхом для детей, пара",0.00017,0.606780015005434,0.00010315260255092379,native,27
2027-06-01,426,"Обучение в государственных и муниципальных образовательных организациях высшего профессионального образования, семестр",0.00346,0.3861919758787049,0.001336224236540319,native,44
2027-06-01,427,"Обучение в негосударственных образовательных организациях высшего профессионального образования, семестр",0.00191,0.0,0.0,native,44
2027-06-01,429,"Обучение в образовательных организациях среднего профессионального образования, семестр",0.0022,0.6235069624777854,0.0013717153174511278,native,44
2027-06-01,430,"Общий анализ крови, анализ",0.00092,0.4465317693095471,0.0004108092277647833,native,22
2027-06-01,432,"Овощи замороженные, кг",0.00068,0.755993357680937,0.0005140754832230372,native,33
2027-06-01,433,"Овощи натуральные консервированные, маринованные, кг",0.0028,0.8314122181898955,0.0023279542109317076,native,53
2027-06-01,434,"Овсяные хлопья ""Геркулес"", кг",0.00132,0.6757400465497309,0.0008919768614456447,native,18
2027-06-01,435,"Огурцы свежие, кг",0.00468,-7.231828202155064,-0.0338449559860857,native,33
2027-06-01,442,"Одеяло стеганое, шт.",0.00247,0.25834683806249786,0.0006381166900143697,native,29
2027-06-01,443,"Окорочка куриные, кг",0.00549,0.512932960899657,0.002816001955339117,native,26
2027-06-01,447,"Орехи, кг",0.0019,0.039775073073516715,7.557263883968176e-05,native,33
2027-06-01,448,"Отопление, Гкал",0.00924,0.6286710944928802,0.005808920913114213,native,14
2027-06-01,449,"Оформление доверенности в нотариальной конторе, услуга",0.00012,-0.07243294024478969,-8.691952829374763e-06,native,55
2027-06-01,451,"Пальто (полупальто) женское с верхом из плащевых тканей, шт.",0.00177,0.08895887730275392,0.00015745721282587444,native,29
2027-06-01,452,"Пальто женское демисезонное из шерстяных или полушерстяных тканей, шт.",0.00203,0.04660989123398104,9.461807920498153e-05,native,29
2027-06-01,453,"Пальто женское зимнее из шерстяных или полушерстяных тканей, шт.",0.00095,-0.04647729780089363,-4.415343291084895e-05,native,29
2027-06-01,454,"Пальто женское меховое и дубленка, шт.",0.00102,-0.157532527641482,-0.00016068317819431166,native,23
2027-06-01,455,"Панкреатин, 10 таблеток",0.00038,0.2628068082280641,9.986658712666438e-05,native,21
2027-06-01,456,"Панталоны, трусы женские, шт.",0.00127,0.48863044427419006,0.0006205606642282214,native,43
2027-06-01,457,"Паста зубная, 100 г (100 мл)",0.00191,0.8458599083782448,0.0016155924250024474,native,30
2027-06-01,458,"Пеленки для новорожденных, шт.",0.00019,0.22241557922339264,4.22589600524446e-05,native,29
2027-06-01,459,"Пельмени, манты, равиоли, кг",0.00524,0.49467322305526334,0.00259208768880958,native,26
2027-06-01,460,"Первичный консультативный осмотр больного у стоматолога, посещение",0.00106,0.499484257056935,0.0005294533124803511,native,22
2027-06-01,461,"Первичный консультативный прием у врача специалиста, посещение",0.00207,0.8606418706730509,0.0017815286722932151,native,22
2027-06-01,464,"Пересылка простого письма внутри России, массой до 20 г, шт.",1e-05,0.47678116558387684,4.767811655838769e-06,native,55
2027-06-01,466,"Перчатки из натуральной кожи, пара",0.00011,0.008070195112280229,8.877214623508252e-07,native,13
2027-06-01,467,"Перчатки трикотажные женские, пара",6e-05,-0.12353193411005556,-7.411916046603334e-06,native,43
2027-06-01,468,"Печать цветных фотографий, шт.",0.00011,0.9179971745146859,0.00010097968919661545,native,12
2027-06-01,469,"Печень говяжья, свиная, кг",0.00275,0.24485399838931582,0.0006733484955706184,native,26
2027-06-01,470,"Печенье, кг",0.00549,0.4369861955315424,0.002399054213468168,native,16
2027-06-01,471,"Печь микроволновая, шт.",0.00067,-0.13467195349733324,-9.023020884321328e-05,native,51
2027-06-01,475,"Пиджак, жакет женский из шерстяных, полушерстяных или смесовых тканей, шт.",0.00359,0.43446326629727045,0.0015597231260072008,native,29
2027-06-01,478,"Плата за пересылку простой посылки внутри России массой 1-2 кг, шт.",0.00013,0.3840270600571104,4.992351780742435e-05,native,55
2027-06-01,479,"Плата за пользование потребительским кредитом (процентная ставка в стоимостном выражении), руб.",0.00656,-0.32716042265930745,-0.0021461723726450567,native,55
2027-06-01,480,"Платье (платье-костюм) женское из полушерстяных или смесовых тканей, шт.",0.00401,0.4220556444363637,0.0016924431341898182,native,29
2027-06-01,481,"Платье (платье-костюм) женское из хлопчатобумажных или смесовых тканей, шт.",0.00396,0.8777159883213212,0.003475755313752432,native,29
2027-06-01,482,"Платье (платье-костюм, сарафан) для девочек школьного возраста из полушерстяных, смесовых  тканей, шт.",0.00051,0.36850726001874434,0.00018793870260955963,native,29
2027-06-01,483,"Платье (сарафан) летнее для девочек дошкольного возраста, шт.",0.00029,0.8624018186183355,0.0002500965273993173,native,29
2027-06-01,484,"Плита бытовая, шт.",0.00148,0.00658495453936872,9.745732718265706e-06,native,51
2027-06-01,485,"Плитка керамическая, облицовочная для внутренних работ, м2",0.0019,0.45289151296361674,0.0008604938746308718,native,38
2027-06-01,486,"Плиты древесностружечные, ориентированно-стружечные, м2",0.0008899999999999,0.9031027840441542,0.0008037614777992069,native,38
2027-06-01,487,"Повторное получение гербового документа в органах ЗАГС, документ",0.00057,-0.057269598208029654,-3.26436709785769e-05,native,55
2027-06-01,488,"Подгузники детские бумажные (памперсы), 10 шт.",0.00114,0.0650172170021474,7.411962738244802e-05,native,54
2027-06-01,489,"Подушка, шт.",0.00248,0.4077362705919013,0.0010111859510679153,native,29
2027-06-01,496,"Ползунки из хлопчатобумажного трикотажного полотна, шт.",0.00019,0.7510505058292438,0.00014269959610755634,native,29
2027-06-01,500,"Полотенце кухонное, шт.",0.0012,0.6932338176603614,0.0008318805811924336,native,54
2027-06-01,501,"Полотенце личное, шт.",0.00239,0.534839448383661,0.00127826628163695,native,54
2027-06-01,502,"Полуботинки мужские с верхом из искусственной кожи, пара",0.00083,0.35462972680540067,0.0002943426732484826,native,27
2027-06-01,503,"Полуботинки, туфли мужские с верхом из натуральной кожи, пара",0.00277,0.33550822716463347,0.0009293577892460346,native,27
2027-06-01,505,"Пользование общественным туалетом, посещение",0.00047,1.2880159282752919,0.0006053674862893871,native,55
2027-06-01,506,"Помидоры свежие, кг",0.00574,-11.096814183478752,-0.06369571341316804,native,33
2027-06-01,507,"Помывка в бане в общем отделении, билет",0.00103,1.4681677786124787,0.0015122128119708532,native,12
2027-06-01,508,"Порошок стиральный, кг",0.00342,0.7876611919719836,0.002693801276544184,native,25
2027-06-01,509,"Посещение детского ясли-сада, день",0.00038,0.05476577414539738,2.0810994175251006e-05,native,44
2027-06-01,511,"Постановка набоек, пара",0.00055,0.422891145106945,0.00023259012980881975,native,12
2027-06-01,513,"Пребывание пациента в круглосуточном стационаре, койко-день",0.00042,-0.06706979649393294,-2.8169314527451834e-05,native,22
2027-06-01,514,"Предоставление абоненту в постоянное пользование абонентской линии независимо от ее типа, месяц",0.00024,0.26850633984063854,6.444152156175325e-05,native,48
2027-06-01,518,"Предоставление местного телефонного соединения при повременной системе оплаты услуг связи, минута",0.00024,0.5802213698347682,0.0001392531287603444,native,48
2027-06-01,519,"Прививка животного, шт.",0.00019,0.21367642387225905,4.059852053572922e-05,native,55
2027-06-01,524,"Продукция предприятий общественного питания быстрого обслуживания (сэндвич типа ""Гамбургер""), шт.",0.00269,0.6498784163988532,0.0017481729401129153,native,28
2027-06-01,525,"Проезд в городском автобусе,поездка",0.00185,0.8545696813201505,0.0015809539104422786,native,47
2027-06-01,527,"Проезд в маршрутном такси, поездка",0.00869,0.7436457152615811,0.006462281265623139,native,47
2027-06-01,528,"Проезд в междугородном автобусе, в расчете на 50 км пути",0.00057,0.609929573495116,0.0003476598568922161,native,47
2027-06-01,531,"Проезд в такси, в расчете на 1 км пути",0.00415,0.44257257705745606,0.0018366761947884427,native,47
2027-06-01,533,"Проезд в троллейбусе, поездка",0.0001,1.0417295014763877,0.00010417295014763877,native,47
2027-06-01,535,"Проживание в студенческом общежитии, месяц",2e-05,0.7519445135185145,1.5038890270370293e-05,native,55
2027-06-01,538,"Пряники, кг",0.0019,0.5754106483625995,0.001093280231888939,native,16
2027-06-01,539,"Пшено, кг",0.00118,0.9581145252168599,0.0011305751397558948,native,18
2027-06-01,540,"Ранец, рюкзак для школьников, шт.",0.00108,0.8984176609301666,0.0009702910738045799,native,13
2027-06-01,541,"Регулировка развала-схождения колес легкового автомобиля, один вид работы",0.00423,0.6156806018071683,0.0026043289456443223,native,12
2027-06-01,542,"Ремень мужской, шт.",0.00059,0.29134714478342083,0.0001718948154222183,native,13
2027-06-01,543,"Ремонт  телевизоров, один вид работы",0.00037,0.6202214066145897,0.00022948192044739817,native,12
2027-06-01,544,"Ремонт брюк из всех видов тканей, один вид работы",0.00018,0.34082642660312434,6.134875678856238e-05,native,12
2027-06-01,548,"Ремонт холодильников всех марок, один вид работы",0.00042,0.437513842547347,0.00018375581386988573,native,12
2027-06-01,552,"Рис шлифованный, кг",0.00479,0.2982323682117047,0.0014285330437340655,native,18
2027-06-01,554,"Рубероид, 10 м",0.00011,0.787509647898349,8.66260612688184e-05,native,38
2027-06-01,555,"Рыба живая и охлажденная, кг",0.00395,0.8845675294002536,0.0034940417411310023,native,34
2027-06-01,558,"Рыба мороженая неразделанная, кг",0.00303,0.5497664414375101,0.0016657923175556555,native,34
2027-06-01,559,"Рыба мороженая разделанная (кроме лососевых пород), кг",0.005,0.5996413822979227,0.0029982069114896136,native,34
2027-06-01,560,"Рыба охлажденная и мороженая разделанная лососевых пород, кг",0.00181,0.9936339598206989,0.001798477467275465,native,34
2027-06-01,561,"Рыба соленая, маринованная, копченая, кг",0.00142,0.48793575998622934,0.0006928687791804457,native,34
2027-06-01,563,"Рюмка, фужер из простого стекла, шт.",0.00054,0.5000824887573525,0.0002700445439289704,native,54
2027-06-01,565,"Санаторий, день",0.001,0.37256401634264835,0.00037256401634264835,native,35
2027-06-01,566,"Сапоги женские зимние с верхом из натуральной кожи, пара",0.00253,-0.30710690522551387,-0.0007769804702205501,native,27
2027-06-01,567,"Сапоги женские осенние с верхом из натуральной кожи, пара",0.00145,-0.22699382284313852,-0.0003291410431225508,native,27
2027-06-01,568,"Сапоги цельнорезиновые для взрослых, пара",0.00042,0.14213809358800322,5.969799930696136e-05,native,54
2027-06-01,569,"Сапоги цельнорезиновые для детей, пара",0.00011,0.1608156112281345,1.7689717235094795e-05,native,54
2027-06-01,570,"Сапоги, ботинки для детей школьного возраста зимние с верхом из натуральной кожи, пара",0.00111,-0.09526510135361675,-0.00010574426250251461,native,27
2027-06-01,571,"Сапоги, ботинки мужские зимние с верхом из натуральной кожи, пара",0.00223,-0.2854404316742818,-0.0006365321626336485,native,27
2027-06-01,572,"Сахар-песок, кг",0.00532,1.0775470388443735,0.005732550246652067,native,36
2027-06-01,573,"Свежесрезанные цветы, шт.",0.00399,0.5729791983802931,0.002286187001537369,native,54
2027-06-01,574,"Свёкла столовая, кг",0.00077,-0.550536546063365,-0.00042391314046879105,native,33
2027-06-01,575,"Светильник потолочный, шт.",0.00208,0.6269375768844918,0.0013040301599197429,native,51
2027-06-01,577,"Свинина (кроме бескостного мяса), кг",0.00481,0.7267217941102107,0.003495531829670113,native,26
2027-06-01,578,"Свинина бескостная, кг",0.00257,0.413469208448458,0.001062615865712537,native,26
2027-06-01,580,"Сельдь соленая, кг",0.00079,0.36837088103511495,0.00029101299601774083,native,34
2027-06-01,584,"Сковорода, шт.",0.00137,0.07211301398276168,9.87948291563835e-05,native,54
2027-06-01,585,"Смартфон, шт.",0.00625,-0.6055723321918172,-0.0037848270761988573,native,37
2027-06-01,587,"Смеси сухие молочные для детского питания, кг",0.00077,0.7190775256600647,0.0005536896947582497,native,24
2027-06-01,588,"Сметана, кг",0.00748,0.30092872652709685,0.002250946874422684,native,24
2027-06-01,589,"Содержание и ремонт жилья в государственном и муниципальном жилищных фондах, м2 общей площади",0.00078,0.28253210672719653,0.0002203750432472133,native,14
2027-06-01,590,"Содержание, ремонт жилья для граждан-собственников жилья в результате приватизации, граждан-собственников жилых помещений по иным основаниям, м2 общей площади",0.00599,0.31152187179246643,0.0018660160120368737,native,14
2027-06-01,591,"Соки фруктовые, л",0.00232,0.5875803848991769,0.0013631864929660902,native,53
2027-06-01,592,"Соленые и копченые деликатесные продукты из рыбы, кг",0.0013,0.3980803236728484,0.0005175044207747029,native,34
2027-06-01,593,"Соль поваренная пищевая, кг",0.00122,1.164500177150913,0.0014206902161241137,native,53
2027-06-01,595,"Сорочка верхняя для мальчиков дошкольного возраста, шт.",0.00024,0.6132061384458352,0.00014716947322700045,native,29
2027-06-01,596,"Сорочка верхняя для мальчиков школьного возраста, шт.",0.0008899999999999,0.6084906087624572,0.000541556641798526,native,29
2027-06-01,597,"Сорочка верхняя мужская из хлопчатобумажных или смесовых тканей, шт.",0.00449,0.2933863538614445,0.001317304728837886,native,29
2027-06-01,598,"Сорочка ночная женская, шт.",0.00105,0.3925484384273862,0.0004121758603487555,native,29
2027-06-01,599,"Сосиски, сардельки, кг",0.00553,0.2691995481003032,0.0014886735009946768,native,26
2027-06-01,601,"Спички, коробок",0.00059,1.1615092913630356,0.000685290481904191,native,54
2027-06-01,602,"Стекло оконное листовое, м2",5e-05,0.7935141534862207,3.967570767431103e-05,native,38
2027-06-01,605,"Стирка и глажение белья прямого, кг",0.00081,0.36713039378460954,0.0002973756189655337,native,12
2027-06-01,606,"Стол обеденный, шт.",0.00356,0.5040510230008198,0.0017944216418829186,native,20
2027-06-01,607,"Стол рабочий кухонный, шт.",0.00091,0.5240686581241524,0.0004769024788929787,native,20
2027-06-01,608,"Стрижка модельная в женском зале, стрижка",0.00549,0.45539552884611456,0.002500121453365169,native,12
2027-06-01,609,"Стрижка модельная в мужском зале, стрижка",0.0051,0.5343756564730936,0.0027253158480127775,native,12
2027-06-01,610,"Стул с мягким сиденьем, шт.",0.00259,0.41226068330001253,0.0010677551697470325,native,20
2027-06-01,616,"Сухие корма для домашних животных, кг",0.00104,0.8877556188798096,0.0009232658436350019,native,54
2027-06-01,617,"Сухие супы в пакетах, 100 г",0.00132,0.7231397859407425,0.0009545445174417801,native,53
2027-06-01,618,"Сухофрукты, кг",0.00073,0.37531947499151336,0.00027398321674380476,native,33
2027-06-01,620,"Сыры плавленые, кг",0.00187,0.6149973541294864,0.0011500450522221395,native,39
2027-06-01,621,"Сыры твердые, полутвердые и мягкие, кг",0.00514,0.23588538622705096,0.001212450885207042,native,39
2027-06-01,622,"Табурет для кухни, шт.",0.00063,0.3217515612828465,0.0002027034836081933,native,20
2027-06-01,623,"Тарелка обеденная, шт.",0.00085,0.5097890167932753,0.00043332066427428397,native,54
2027-06-01,624,"Таурин, 4%, 5 мл",0.00036,0.5842109893747541,0.0002103159561749115,native,21
2027-06-01,628,"Театры, билет",0.00033,1.1380344707784802,0.00037555137535689846,native,46
2027-06-01,629,"Телевизор цветного изображения, шт.",0.00258,-1.0212316833899862,-0.002634777743146164,native,41
2027-06-01,633,"Термометр медицинский электронный стандартный, шт.",6e-05,0.44132221147650197,2.647933268859012e-05,native,21
2027-06-01,634,"Тетрадь школьная, шт.",0.00029,1.0126287539169472,0.0002936623386359147,native,54
2027-06-01,636,"Ткани декоративные для изготовления штор и занавесей, м",0.0008,0.36384694112961125,0.000291077552903689,native,54
2027-06-01,638,"Ткани хлопчатобумажные бельевые, м",0.0001,0.20326000466606464,2.0326000466606464e-05,native,54
2027-06-01,641,"Ткань костюмная шерстяная и полушерстяная, м",6e-05,0.3623311305288821,2.1739867831732928e-05,native,54
2027-06-01,642,"Ткань платьевая из искусственного или синтетического шелка, м",8e-05,0.6077739736993697,4.862191789594958e-05,native,54
2027-06-01,646,"Торты, кг",0.00277,0.29932753752985525,0.000829137278957699,native,16
2027-06-01,647,"Трикотажная шапочка детская, шт.",0.00072,-0.023275849185585826,-1.6758611413621796e-05,native,43
2027-06-01,650,"Триммер электрический, шт.",0.00056,0.2651974888966608,0.00014851059378213002,native,15
2027-06-01,651,"Троксерутин, 2% гель, 40 г",0.0004,1.5456948541853965,0.0006182779416741587,native,21
2027-06-01,652,"Трусы детские, шт.",0.00043,0.5898900335890747,0.0002536527144433021,native,43
2027-06-01,653,"Трусы мужские, шт.",0.00145,0.1375901709274028,0.00019950574784473405,native,43
2027-06-01,654,"Туалетная вода, 100 мл",0.00579,0.044886519932548496,0.0002598929504094558,native,30
2027-06-01,655,"Туфли детские летние (сандалеты), пара",0.00076,1.1305453639858074,0.0008592144766292137,native,27
2027-06-01,659,"Туфли женские модельные с верхом из натуральной кожи, пара",0.00094,-0.05418050937528424,-5.0929678812767186e-05,native,27
2027-06-01,660,"Тушь для ресниц, шт.",0.00179,0.20216608387968332,0.0003618772901446331,native,30
2027-06-01,661,"Тюль, полотно гардинное, м",0.0022,0.3302610223842718,0.000726574249245398,native,13
2027-06-01,663,"Удаление зуба под местным обезболиванием, удаление",0.00116,0.9525908859394192,0.0011050054276897263,native,22
2027-06-01,664,"Удостоверение завещания в нотариальной конторе, услуга",0.00012,1.970226619939187,0.00023642719439270245,native,55
2027-06-01,665,"Ужин в ресторане, на 1 человека",0.00313,0.4686810691322594,0.0014669717463839718,native,28
2027-06-01,666,"Ультразвуковое исследование брюшной полости, исследование",0.00137,0.5439490444884485,0.0007452101909491744,native,22
2027-06-01,675,"Услуги организатора проведения торжеств, услуга",0.00247,0.17316039086844282,0.00042770616544505374,native,12
2027-06-01,678,"Услуги по воспитанию детей, предоставляемые наемным персоналом, час",0.00121,0.3069290279176883,0.0003713841237804028,native,12
2027-06-01,679,"Услуги по организации и выполнению работ по эксплуатации домов ЖК, ЖСК, ТСЖ, м2 общей площади",0.00526,0.2698442957828557,0.0014193809958178208,native,14
2027-06-01,690,"Установка пластиковых окон, м2",0.0018,0.7217234809643852,0.0012991022657358933,native,12
2027-06-01,691,"Устная консультация юриста по семейным вопросам, консультация",0.00011,0.038466974107150394,4.231367151786544e-06,native,55
2027-06-01,692,"Учебник, учебное пособие, дидактический материал для общеобразовательной школы, шт.",0.00048,0.5964905813211728,0.00028631547903416296,native,32
2027-06-01,694,"Фарш мясной, кг",0.0094,0.7161603421013186,0.006731907215752396,native,26
2027-06-01,695,"Физиотерапевтическое лечение, процедура",0.00014,0.47363231214998486,6.630852370099788e-05,native,22
2027-06-01,697,"Филе рыбное, кг",0.00204,0.33239859418266854,0.0006780931321326439,native,34
2027-06-01,698,"Филе сельди соленое, кг",0.00065,0.1382765217129101,8.987973911339157e-05,native,34
2027-06-01,699,"Флеш-накопитель USB, шт.",3e-05,-0.3881204427017586,-1.1643613281052759e-05,native,41
2027-06-01,701,"Фотоаппарат, шт.",0.00019,-0.162792743711354,-3.093062130515726e-05,native,54
2027-06-01,703,"Футболка детская, шт.",0.00049,-0.029340982776825536,-1.4377081560644512e-05,native,43
2027-06-01,704,"Халат женский, шт.",0.00119,0.8260819647465394,0.0009830375380483819,native,29
2027-06-01,706,"Химчистка мужского костюма, шт.",0.00012,0.52077574003619,6.24930888043428e-05,native,12
2027-06-01,710,"Хлеб из ржаной муки и из смеси муки ржаной и пшеничной, кг",0.00255,0.5593835017576343,0.0014264279294819676,native,49
2027-06-01,711,"Хлопья из злаков (сухие завтраки), кг",0.00115,0.6283710276188659,0.0007226266817616958,native,49
2027-06-01,712,"Холодильник двухкамерный, емкостью 250-360 л, шт.",0.00262,0.06729433873058131,0.00017631116747412304,native,51
2027-06-01,714,"Цемент тарированный, 50 кг",0.00066,0.6427830970368458,0.0004242368440443182,native,38
2027-06-01,716,"Чай черный байховый пакетированный, 25 пакетиков",0.00197,0.39899826300831565,0.0007860265781263818,native,50
2027-06-01,717,"Чай черный байховый, кг",0.00269,0.5868183489258103,0.0015785413586104297,native,50
2027-06-01,718,"Чайник, шт.",0.00102,0.22980586545658194,0.00023440198276571358,native,54
2027-06-01,721,"Часы наручные, шт.",0.00028,0.31301679175194924,8.764470169054579e-05,native,54
2027-06-01,722,"Чашка чайная с блюдцем, комплект",0.00028,0.30094037494901793,8.426330498572502e-05,native,54
2027-06-01,723,"Чеснок, кг",0.00111,-0.7735083000637799,-0.0008585942130707958,native,33
2027-06-01,726,"Шампунь, 250 мл",0.0019,0.7166239941748407,0.0013615855889321973,native,30
2027-06-01,727,"Шиномонтаж колес легкового автомобиля, услуга",0.00355,0.6820088825340225,0.00242113153299578,native,12
2027-06-01,728,"Шины для легкового автомобиля, шт.",0.00355,0.40584920715592104,0.0014407646854035197,native,17
2027-06-01,729,"Шкаф-вешалка для прихожей, шт.",0.00078,0.36327143104006165,0.00028335171621124807,native,20
2027-06-01,730,"Шкаф для платья и белья, шт.",0.0023,0.5892068613634371,0.0013551757811359054,native,20
2027-06-01,731,"Шкаф навесной кухонный (полка), двухстворчатый, шт.",0.00067,0.927189042636033,0.0006212166585661421,native,20
2027-06-01,734,"Шоколад, кг",0.0034,0.6925399314688567,0.0023546357669941126,native,16
2027-06-01,735,"Щетка зубная, шт.",0.00174,1.3564614661963246,0.0023602429511816046,native,13
2027-06-01,740,"Экскурсия автобусная, час",0.00112,0.6094827414473469,0.0006826206704210285,native,55
2027-06-01,741,"Электропылесос напольный, шт.",0.00185,-0.36810082278720985,-0.0006809865221563382,native,51
2027-06-01,742,"Электроутюг, шт.",0.00079,-0.7193482022276831,-0.0005682850797598697,native,51
2027-06-01,743,"Электрочайник, шт.",0.00058,0.08263450799968429,4.792801463981689e-05,native,51
2027-06-01,744,"Электроэнергия в квартирах без электроплит сверх минимального объема потребления, в расчете за 100 кВт.ч",0.00107,0.788963878806116,0.0008441913503225441,native,14
2027-06-01,745,"Электроэнергия в квартирах без электроплит за минимальный объем потребления, в расчете за 100 кВт.ч",0.00638,0.7308173225215262,0.004662614517687337,native,14
2027-06-01,746,"Электроэнергия в квартирах с электроплитами за минимальный объем потребления, в расчете за 100 кВт.ч",0.00315,0.7333421074144038,0.0023100276383553717,native,14
2027-06-01,747,"Электроэнергия в квартирах с электроплитами сверх минимального объема потребления, в расчете за 100 кВт.ч",0.00082,0.7922821160688289,0.0006496713351764397,native,14
2027-06-01,748,"Эналаприл, 5 мг, 10 таблеток",0.00035,0.48418947992674727,0.00016946631797436153,native,21
2027-06-01,750,"Юбка для девочек школьного возраста из полушерстяных тканей, шт.",0.00076,0.6676294101427523,0.0005073983517084918,native,29
2027-06-01,751,"Юбка женская из полушерстяных или смесовых тканей, шт.",0.00203,0.5969725852521174,0.0012118543480617984,native,29
2027-06-01,753,"Яблоки, кг",0.00515,1.259792126794109,0.006487929452989661,native,33
2027-06-01,754,"Яйца куриные, 10 шт.",0.00543,-2.5597340353314735,-0.0138993558118499,native,52
2027-06-01,786,"Поездка на отдых в Турцию, поездка",0.0004,5.731168400100369,0.0022924673600401477,native,67
2027-06-01,795,"Варежки (перчатки) детские, пара",8e-05,-0.09260305646943978,-7.408244517555183e-06,native,43
2027-06-01,809,"Шарф шерстяной, полушерстяной или из смесовой пряжи для взрослых, шт.",0.00077,0.1627359092833324,0.00012530665014816593,native,43
2027-06-01,851,"Активированный уголь, 250 мг, 10 таблеток",0.00032,2.2825119008695416,0.0007304038082782534,native,21
2027-06-01,958,"Чай зеленый, кг",0.00169,0.607273373246882,0.0010262920007872306,native,50
2027-06-01,959,"Брюки женские из джинсовой ткани (джинсы), шт.",0.00282,0.45637690657824026,0.0012869828765506375,native,29
2027-06-01,960,"Носки женские, гольфы, пара",0.0007,0.13271357709036433,9.289950396325503e-05,native,54
2027-06-01,961,"Пена для бритья, 200 мл",0.00085,1.690800198523382,0.0014371801687448746,native,30
2027-06-01,962,Крем для рук,0.00117,0.8427028229615707,0.0009859623028650377,native,30
2027-06-01,963,"Бритвенные станки одноразовые, шт.",0.0008,1.2098791723017621,0.0009679033378414098,native,13
2027-06-01,964,"Лампа светодиодная, шт.",0.00026,-0.6949250428175406,-0.00018068051113256055,native,51
2027-06-01,965,"Моноблок, шт.",0.00092,-0.7977780734963283,-0.000733955827616622,native,31
2027-06-01,966,"Годовая стоимость полиса обязательного страхования гражданской ответственности владельцев транспортных средств (ОСАГО), полис",0.0013,0.6227502864983228,0.0008095753724478195,native,55
2027-06-01,968,"Рюкзак для взрослых, шт.",0.00087,0.02038901753659153,1.7738445256834633e-05,native,13
2027-06-01,970,"Сливки питьевые, л",0.00112,0.7889737214911696,0.0008836505680701099,native,24
2027-06-01,971,"Зелень свежая, кг",0.00098,-1.976911438724972,-0.0019373732099504724,native,33
2027-06-01,972,"Грибы свежие, кг",0.00119,-1.3238204434751053,-0.0015753463277353753,native,33
2027-06-01,973,"Ягоды замороженные, кг",0.00026,1.2760263950744144,0.0003317668627193477,native,33
2027-06-01,976,"Гель для душа, 250 мл",0.00105,1.0451058885423203,0.0010973611829694363,native,30
2027-06-01,977,"Мыло туалетное жидкое, 250 мл",0.00099,1.0626826039781283,0.001052055777938347,native,30
2027-06-01,978,"Дезодорант, 50 мл",0.00092,1.3333936633928105,0.0012267221703213857,native,30
2027-06-01,979,"Кресло мягкое, шт.",0.00377,0.5394743625535572,0.0020338183468269107,native,20
2027-06-01,980,"Матрас для взрослых, шт.",0.00306,0.44144812444871195,0.0013508312608130585,native,20
2027-06-01,981,"Салфетки влажные, упаковка 20 шт.",0.00045,0.8236708703533644,0.000370651891659014,native,54
2027-06-01,982,"Бумажные столовые салфетки, упаковка 10 шт.",0.00306,0.6849611152090447,0.0020959810125396766,native,54
2027-06-01,983,"Бумажные носовые платки, упаковка 10 шт.",0.00042,1.337068414921484,0.0005615687342670233,native,54
2027-06-01,984,"Прокладки женские гигиенические, 10 шт.",0.00108,1.6236629493451522,0.0017535559852927644,native,54
2027-06-01,985,"Наушники беспроводные, шт.",0.00189,-1.6948492454729613,-0.003203265073943897,native,37
2027-06-01,987,"Цефтриаксон, 1 г",0.0004,1.4561705697239793,0.0005824682278895918,native,21
2027-06-01,992,"Амлодипин, 10 мг, 10 таблеток",0.00035,1.316110888888887,0.0004606388111111105,calendar_gap_in_required_features,21
2027-06-01,993,"Омепразол, 20 мг, 10 таблеток",0.0004,0.3688369488009515,0.00014753477952038062,native,21
2027-06-01,994,"Хлоргексидин, 100 мл",0.00033,0.9183331666666648,0.0003030499449999994,short_history,21
2027-06-01,995,"Амоксициллин с клавулановой кислотой, 500 мг+125мг, 10 таблеток",0.00039,0.6718710706949573,0.00026202971757103335,native,21
2027-06-01,996,"Ибупрофен, 200 мг, 10 таблеток",0.00049,0.31918267880436296,0.00015639951261413784,native,21
2027-06-01,997,"Шприцы одноразовые, шт.",6e-05,1.811133745086512,0.00010866802470519072,native,21
2027-06-01,999,"Антисептик для рук, 100 мл",0.00017,0.1475818954553377,2.508892222740741e-05,native,21
2027-06-01,1000,"Термометр медицинский безртутный (галинстановый), шт.",6e-05,0.4698649675902489,2.8191898055414937e-05,native,21
2027-06-01,1001,"Установка натяжного потолка, м2",0.00073,0.2501403184246659,0.0001826024324500061,native,12
2027-06-01,1002,"Услуги аренды автомобилей, час",0.00017,0.7391352457391227,0.00012565299177565086,native,47
2027-06-01,1003,"Подписка на онлайн-видеосервисы, месяц",0.00766,0.6131697995392149,0.004696880664470386,native,48
2027-06-01,1004,"Проживание в гостинице 1* или в мотеле, сутки с человека",5e-05,0.5300231915903004,2.6501159579515024e-05,native,55
2027-06-01,1005,"Проживание в гостинице 2*, сутки с человека",4e-05,1.1497968563206529,4.599187425282612e-05,native,55
2027-06-01,1006,"Проживание в гостинице 3*, сутки с человека",0.00075,1.5463086251953224,0.0011597314688964917,native,55
2027-06-01,1007,"Проживание в гостинице 4*-5*, сутки с человека",0.00067,0.9660169002028336,0.0006472313231358985,native,55
2027-06-01,1008,"Проживание в хостеле, сутки с человека",0.00061,0.4025495055954118,0.0002455551984132012,native,55
2027-06-01,1009,"Экскурсионные туры по России, поездка",0.00138,0.6640089222869738,0.0009163323127560238,native,55
2027-06-01,1011,"Поездка на отдых в ОАЭ, поездка",0.0004,6.040000000000006,0.0024160000000000028,missing_current_observation,67
2027-06-01,1012,"Услуги сиделок, час",0.00046,1.4641169065125061,0.0006734937769957528,native,22
2027-06-01,1013,"Диагностика на магнитно-резонансном или компьютерном томографе, услуга",0.00045,0.2458801619158154,0.00011064607286211693,native,22
2027-06-01,1014,"Гастроскопия (ФГДС, ЭГДС), услуга",0.00059,0.46257144589421006,0.00027291715307758394,native,22
2027-06-01,1020,"Аскорбиновая кислота, 50 мг, 100 драже",0.00028,0.365260508775169,0.00010227294245704731,native,21
2027-06-01,1024,"Валерианы экстракт, 20 мг, 10 таблеток",0.00029,0.5176260793610039,0.00015011156301469113,native,21
2027-06-01,1025,"Газета в розницу, шт.",0.00024,0.9316393067467199,0.0002235934336192128,native,32
2027-06-01,1030,"Клубная карта в фитнес-клуб, месяц",0.00185,0.7153153061945036,0.0013233333164598318,native,55
2027-06-01,1032,"Кроссовые туфли для взрослых, пара",0.00518,0.09854201859941726,0.0005104476563449814,native,27
2027-06-01,1035,"Метилурацил, 10 % мазь, 25 г",0.00037,-1.1723713370895,-0.00043377739472311497,native,21
2027-06-01,1037,"Мирамистин, 0,01%, 150 мл",0.00039,0.36797871090350687,0.0001435116972523677,native,21
2027-06-01,1038,"Натрия хлорид, 0,9%, 100 мл",0.00039,2.1124645008171257,0.000823861155318679,native,21
2027-06-01,1039,"Нафазолин, 0,1%, 15 мл",0.00044,2.120030058058646,0.0009328132255458044,native,21
2027-06-01,1040,"Парацетамол, 500 мг, 10 таблеток",0.00039,0.895722826008259,0.000349331902143221,native,21
2027-06-01,1041,"Перекись водорода, 3%, 100 мл",0.00036,0.6249747371524514,0.00022499090537488254,native,21
2027-06-01,1042,"Пиво, л",0.00372,0.5878763600793689,0.0021869000594952528,native,11
2027-06-01,1043,"Поездка на отдых в Египет, поездка",0.0002,2.189332704956068,0.0004378665409912136,native,67
2027-06-01,1045,"Ренгалин, 20 таблеток",0.0004,0.7474012934307859,0.00029896051737231434,native,21
2027-06-01,1046,"Сигареты с фильтром, пачка",0.0086599999999999,0.4265224025508366,0.0036936840060902026,native,40
2027-06-01,1048,"Сумка женская, шт.",0.00138,-0.261388875685899,-0.0003607166484465406,native,13
2027-06-01,1049,"Творог, кг",0.00591,0.3983728573197624,0.002354383586759796,native,24
2027-06-01,1050,"Туфли женские закрытые, пара",0.00196,-0.06609611961384189,-0.0001295483944431301,native,27
2027-06-01,1051,"Туфли женские летние, босоножки, пара",0.00356,0.3227798415287977,0.0011490962358425196,native,27
2027-06-01,1054,"Хлеб и булочные изделия из пшеничной муки различных сортов, кг",0.00735,0.6802422654869229,0.004999780651328883,native,49
2027-06-01,1055,"Цитрамон, 10 таблеток",0.00039,1.0607710792085063,0.0004137007208913175,native,21
2027-06-01,1060,"Поездки в страны Закавказья, поездка",0.00022,3.657124523186796,0.0008045673951010951,native,67
2027-06-01,1063,"Поездки в отдельные страны Средней Азии, поездка",4e-05,8.496666777777783,0.0003398666711111113,short_history,67
2027-06-01,1064,"Поездка в Беларусь, поездка",0.0001,5.672221944444449,0.000567222194444445,short_history,67
2027-06-01,1065,"Поездки в отдельные страны Юго-Восточной Азии, поездка",0.00017,-0.6130020685599341,-0.00010421035165518881,native,67
2027-06-01,1066,"Молоко питьевое цельное пастеризованное более 3,2% жирности, л",0.00142,0.4044185065371337,0.0005742742792827298,native,24
2027-06-01,1067,"Творожок детский, кг",6e-05,1.095128391324522,6.570770347947132e-05,native,24
2027-06-01,1068,"Молоко для детей, л",1e-05,0.46710311975073054,4.671031197507306e-06,native,24
2027-06-01,1069,"Сухие приправы, специи, кг",0.00139,0.5603262631500808,0.0007788535057786123,native,53
2027-06-01,1070,"Трикотажный головной убор для взрослых, шт.",0.00057,0.05025349860201539,2.864449420314877e-05,native,43
2027-06-01,1071,"Крем детский, 100 г (100 мл)",0.00137,1.3057662657025348,0.0017888997840124726,native,30
2027-06-01,1072,"Чемодан, шт.",0.00108,-1.3998137682788787,-0.001511798869741189,native,13
2027-06-01,1073,"Бумага офисная, упаковка 500 листов",0.00015,0.8856399342596871,0.00013284599013895307,native,54
2027-06-01,1074,"Смарт-часы, шт.",0.00085,-3.4940034235589845,-0.002969902910025137,native,37
2027-06-01,1075,"Коньки, пара",0.00035,-1.2789602787555794,-0.0004476360975644528,native,54
2027-06-01,1076,"Гипсокартон, м2",0.00075,0.5658305890536914,0.0004243729417902686,native,38
2027-06-01,1077,"Кресло детское автомобильное, шт.",0.00056,0.2560365602720913,0.00014338047375237113,native,17
2027-06-01,1078,"Соска (пустышка) детская, шт.",6e-05,0.032952471856500076,1.9771483113900046e-06,native,21
2027-06-01,1079,"Бутылочка для кормления, шт.",0.00066,0.5068504526531554,0.0003345212987510826,native,21
2027-06-01,1083,"Поездка на отдых на Черноморское побережье России и в Крым, поездка",0.00205,7.859517515305159,0.01611201090637558,native,55
2027-06-01,1086,"Горошек зеленый консервированный, кг",0.00081,0.6400292777777723,0.0005184237149999956,short_history,53
2027-06-01,1087,"Перец сладкий свежий, кг",0.00266,0.8249999444444482,0.0021944998522222324,short_history,33
2027-06-01,1088,"Робот-пылесос, шт.",0.00116,0.604444611111112,0.00070115574888889,short_history,51
2027-06-01,1091,"Валосердин, 25 мл",0.00033,0.8994442777777765,0.00029681661166666625,short_history,21
2027-06-01,1094,"Диклофенак, 15 мл",0.00038,1.4983332222222208,0.0005693666244444439,short_history,21
2027-06-01,1095,"Кардиомагнил, 100 таблеток",0.0004,0.906111166666665,0.00036244446666666605,short_history,21
2027-06-01,1097,"Меновазин, 40 мл",0.00034,0.8483331111111091,0.0002884332577777771,short_history,21
2027-06-01,1099,"Пенталгин, 24 таблетки",0.00035,1.0950001111111096,0.0003832500388888884,short_history,21
2027-06-01,1100,"Салициловая кислота, 40 мл",0.00031,1.5955553333333314,0.0004946221533333327,short_history,21
2027-06-01,1101,"Спазмалгон, 10 таблеток",0.0004,0.9005553333333319,0.0003602221333333328,short_history,21
2027-06-01,1105,Воздушный и железнодорожный транспорт,0.00569,6.650000000000006,0.03783850000000003,missing_current_observation,47
2027-06-01,1107,"Печень птицы, кг",0.00225,-0.2238907777777778,-0.00050375425,short_history,26
2027-06-01,1108,"Кефир, кг",0.00427,-0.2611122222222188,-0.0011149491888888744,short_history,24
2027-06-01,1109,"Сырки творожные, глазированные, кг",0.00124,0.025554500000003116,3.1687580000003866e-05,short_history,24
2027-06-01,1110,"Вода питьевая, л",0.00157,0.6328069444444395,0.00099350690277777,short_history,53
2027-06-01,1111,"Жидкие средства для стирки, л",0.00146,-0.9894467222222166,-0.0014445922144444361,short_history,25
2027-06-01,1112,"Помада, шт.",0.00092,-1.866669833333336,-0.0017173362466666692,short_history,30
2027-06-01,1113,"Блоки строительные, 1000 шт.",0.00028,-0.20278038888889288,-5.677850888889e-05,short_history,38
2027-06-01,1114,"Компримированный природный газ, м3",0.00189,21.011111111111113,0.039711,short_history,42
2027-06-01,1115,"Хлоропирамин, 10 таблеток",0.00036,0.8988889444444431,0.00032360001999999955,short_history,21
2027-06-01,1116,"Цетиризин, 10 таблеток",0.00037,0.9016666111111091,0.00033361664611111037,short_history,21
2027-06-01,1117,"Интерферон альфа-2В, 10 мл",0.00039,0.7955555555555536,0.0003102666666666659,short_history,21
2027-06-01,1118,"Метопролол, 10 таблеток",0.00046,0.6233329444444438,0.0002867331544444441,short_history,21
2027-06-01,1119,"Спиронолактон, 10 таблеток",0.00035,0.6944442222222205,0.00024305547777777716,short_history,21
2027-06-01,1120,"Лозартан, 10 таблеток",0.0004,1.0166664999999986,0.00040666659999999947,short_history,21
2027-06-01,1121,"Аторвастатин, 10 таблеток",0.0004,0.9138888333333313,0.0003655555333333325,short_history,21
2027-06-01,1122,"Мелоксикам, 10 таблеток",0.00038,0.7649997222222211,0.000290699894444444,short_history,21
2027-06-01,1123,"Кеторолак, 10 таблеток",0.00042,1.7133332222222202,0.0007195999533333325,short_history,21
2027-06-01,1124,"Розувастатин, 10 таблеток",0.00034,0.8566663333333311,0.0002912665533333326,short_history,21
2027-06-01,1125,"Алтея лекарственного травы экстракт, 10 таблеток",0.00041,0.7455555555555541,0.00030567777777777715,short_history,21
2027-06-01,1126,"Римантадин, 10 таблеток",0.00032,0.6655551666666655,0.00021297765333333298,short_history,21
2027-06-01,1127,"Погребение, услуга",0.00034,1.3388888888888901,0.0004552222222222227,short_history,12
2027-06-01,1128,"Курьерская доставка, услуга",0.00012,-1.3382346666666696,-0.00016058816000000036,short_history,55
2027-06-01,1129,"Междугородная телефонная связь, минута",0.00019,2.2505558333333298,0.00042760560833333267,short_history,48
2027-06-01,1131,"Вода минеральная, л",0.00085,0.8678070555555506,0.0007376359972222179,short_history,53
2027-07-01,101,"Абонентская плата за доступ к сети Интернет, месяц",0.0085699999999999,-0.06447213322508684,-0.0005525261817389878,native,48
2027-07-01,103,"Абонентская плата за неограниченный объем местных телефонных соединений, месяц",0.00026,0.33058554800145046,8.59522424803771e-05,native,48
2027-07-01,104,"Абонентская плата за пакет услуг сотовой связи, месяц",0.01009,0.7702906564200679,0.007772232723278485,native,48
2027-07-01,106,"Абонентская плата за телевизионную антенну, месяц",0.00219,0.6017019708173179,0.0013177273160899262,native,48
2027-07-01,107,"Абонентская плата при комбинированной системе оплаты услуг местной телефонной связи, месяц",0.00022,0.37284039177839146,8.202488619124612e-05,native,48
2027-07-01,109,"Авторучка шариковая, шт.",0.00063,0.9643698716298625,0.0006075530191268135,native,54
2027-07-01,112,"Альбом для рисования, шт.",0.00023,0.7830764064097544,0.0001801075734742435,native,54
2027-07-01,113,"Амброксол, 30 мг, 10 таблеток",0.00035,0.1351282817210747,4.729489860237614e-05,native,21
2027-07-01,115,"Апельсины, кг",0.00434,4.135520816549281,0.01794816034382388,native,33
2027-07-01,116,"Аппарат для измерения артериального давления электронный, шт.",0.0002,0.31969468382946475,6.393893676589295e-05,native,21
2027-07-01,117,"Аренда двухкомнатной квартиры у частных лиц, месяц",0.00506,0.6180206920461958,0.003127184701753751,native,14
2027-07-01,118,"Аренда индивидуального банковского сейфа, в расчете на месяц",0.00011,2.145606914442299,0.0002360167605886529,native,55
2027-07-01,119,"Аренда однокомнатной квартиры у частных лиц, месяц",0.00435,0.6487108662312875,0.0028218922681061006,native,14
2027-07-01,120,"Ацетилсалициловая кислота (Аспирин отечественный), 500 мг, 10 таблеток",0.00029,1.2585933996657461,0.00036499208590306636,native,21
2027-07-01,121,"Бананы, кг",0.00418,-1.472273509026331,-0.006154103267730063,native,33
2027-07-01,122,"Баранина (кроме бескостного мяса), кг",0.00651,1.1004919546646352,0.007164202624866775,native,26
2027-07-01,123,"Бараночные изделия, кг",0.00116,0.36452184589002135,0.0004228453412324248,native,49
2027-07-01,124,"Батарейки электрические типа АА, шт.",0.00019,0.2946670307371201,5.598673584005282e-05,native,51
2027-07-01,126,"Белье для новорожденных и детей ясельного возраста, шт.",0.00028,0.7702952731279162,0.00021568267647581652,native,29
2027-07-01,130,"Бензин автомобильный марки АИ-92, л",0.01023,0.02551650245364301,0.000261033820100768,native,42
2027-07-01,131,"Бензин автомобильный марки АИ-95, л",0.01543,2.109906356591165,0.03255585508220168,native,42
2027-07-01,132,"Бензин автомобильный марки АИ-98, л",0.00117,1.4045021989946538,0.001643267572823745,native,42
2027-07-01,134,"Бинт, шт.",4e-05,0.7060381025830627,2.8241524103322508e-05,native,21
2027-07-01,135,"Бисопролол, 10 мг, 10 таблеток",0.00039,0.6897429897323548,0.00026899976599561835,native,21
2027-07-01,136,"Блузка для девочек школьного возраста, шт.",0.00106,0.22249894530104447,0.00023584888201910712,native,29
2027-07-01,137,"Блузка женская, шт.",0.00257,0.37969444103890826,0.0009758147134699941,native,29
2027-07-01,138,"Ботинки, полуботинки для детей дошкольного возраста, пара",0.00078,-0.023226960345813313,-1.8117029069734385e-05,native,27
2027-07-01,139,"Ботинки, полуботинки для детей школьного возраста, пара",0.0012,0.20548855387418588,0.00024658626464902305,native,27
2027-07-01,141,"Брюки для детей школьного возраста из джинсовой ткани, шт.",0.00098,0.23441234538796285,0.0002297240984802036,native,29
2027-07-01,142,"Брюки для детей школьного возраста из полушерстяных тканей, шт.",0.00088,0.5535710658248918,0.0004871425379259048,native,29
2027-07-01,143,"Брюки женские из полушерстяных или смесовых тканей, шт.",0.00204,0.3845319973240364,0.0007844452745410344,native,29
2027-07-01,144,"Брюки мужские из джинсовой ткани (джинсы), шт.",0.00408,0.5256709729950909,0.002144737569819971,native,29
2027-07-01,145,"Брюки мужские из полушерстяных или смесовых тканей, шт.",0.00183,0.5100432580513344,0.000933379162233942,native,29
2027-07-01,146,"Булочные изделия сдобные из муки высшего сорта штучные, кг",0.00169,0.759388781624377,0.0012833670409451972,native,49
2027-07-01,147,"Бумага туалетная, рулон",0.00099,0.7980376145669954,0.0007900572384213255,native,54
2027-07-01,149,"Бюстгальтер, шт.",0.00143,0.3955137588898587,0.0005655846752124979,native,13
2027-07-01,150,"Валидол, 60 мг, 10 таблеток",0.00032,-0.11019428748926913,-3.526217199656612e-05,native,21
2027-07-01,152,"Варенье, джем, повидло, кг",0.00113,0.4597101811043709,0.0005194725046479391,native,53
2027-07-01,154,"Вата отечественная, 100 г",0.00014,0.41632590046810464,5.828562606553464e-05,native,21
2027-07-01,155,"Велосипед для дошкольников, шт.",0.00107,-0.23377355991074378,-0.0002501377091044958,native,54
2027-07-01,156,"Велосипед дорожный для взрослых, шт.",0.00059,0.17051830407895163,0.00010060579940658146,native,54
2027-07-01,158,"Вермишель, кг",0.00142,0.12567835718157297,0.00017846326719783362,native,18
2027-07-01,162,"Взносы на капитальный ремонт, м2",0.00784,-0.008896089882507785,-6.974534467886103e-05,native,14
2027-07-01,164,"Вино виноградное крепленое, л",0.00134,0.45767535598993914,0.0006132849770265185,native,11
2027-07-01,165,"Вино виноградное столовое, л",0.00172,0.5371532955940266,0.0009239036684217257,native,11
2027-07-01,166,"Вино игристое отечественное, л",0.00136,0.40846646455251134,0.0005555143917914155,native,11
2027-07-01,167,"Виноград, кг",0.00338,-6.295532944755442,-0.021278901353273393,native,33
2027-07-01,171,"Водка, л",0.0033,0.16651721549752257,0.0005495068111418245,native,11
2027-07-01,172,"Водоотведение, м3",0.00325,0.47723623387302294,0.0015510177600873245,native,14
2027-07-01,173,"Водоснабжение горячее, м3",0.00592,1.1720708380591318,0.006938659361310061,native,14
2027-07-01,174,"Водоснабжение холодное, м3",0.0053,0.7714914768585024,0.004088904827350063,native,14
2027-07-01,181,"Выполнение обойных работ, 10 м2",0.00103,0.501559384102215,0.0005166061656252815,native,12
2027-07-01,182,"Выполнение работ по облицовке кафельной плиткой, м2",0.00119,0.49308606178961556,0.0005867724135296425,native,12
2027-07-01,184,"Газ сетевой, м3",0.01097,0.6789519953383777,0.0074481033888620036,native,14
2027-07-01,185,"Газ сетевой, месяц с человека",0.0095,0.6820086447597956,0.006479082125218058,native,14
2027-07-01,189,"Газовое моторное топливо, л",0.00226,1.7270500238444404,0.003903133053888435,native,42
2027-07-01,195,"Говядина (кроме бескостного мяса), кг",0.01634,0.753125005918398,0.012306062596706625,native,26
2027-07-01,196,"Говядина бескостная, кг",0.01193,0.6485649490260367,0.007737379841880617,native,26
2027-07-01,197,"Годовая стоимость полиса добровольного страхования жилья от стандартных рисков, полис",0.00027,0.5966075757298166,0.00016108404544705048,native,55
2027-07-01,198,"Годовая стоимость полиса добровольного страхования легкового автомобиля от стандартных рисков (КАСКО), полис",0.00223,0.58543940822538,0.0013055298803425976,native,55
2027-07-01,203,"Горох и фасоль, кг",0.00191,0.5850272334692191,0.0011174020159262087,native,18
2027-07-01,204,"Груши, кг",0.00292,-1.8544307233663517,-0.005414937712229746,native,33
2027-07-01,205,"Джемпер для детей школьного возраста, шт.",0.00045,0.31773013032974556,0.0001429785586483855,native,43
2027-07-01,206,"Джемпер женский, шт.",0.00129,0.4916852947760281,0.0006342740302610762,native,43
2027-07-01,207,"Джемпер мужской, шт.",0.00127,0.42661353972071014,0.0005417991954453019,native,43
2027-07-01,208,"Диван-кровать, шт.",0.00253,0.37505456896493355,0.0009488880594812819,native,20
2027-07-01,209,"Дизельное топливо, л",0.00286,-0.19574287043251498,-0.0005598246094369928,native,42
2027-07-01,210,"Дом отдыха, пансионат, день",0.00177,0.3199999999999932,0.000566399999999988,short_history,35
2027-07-01,211,"Дополнительные занятия в государственных и муниципальных общеобразовательных организациях очной формы обучения, академический час",0.00031,0.11420046813608806,3.5402145122187295e-05,native,44
2027-07-01,212,"Дополнительные занятия для детей дошкольного возраста, академический час",0.00189,0.38638904048074973,0.000730275286508617,native,44
2027-07-01,213,"Доска обрезная, м3",0.00153,1.1646822181724192,0.0017819637938038012,native,38
2027-07-01,214,"Дрель электрическая, шт.",0.00056,0.40423028608746225,0.00022636896020897886,native,15
2027-07-01,216,"Дротаверин (Но-шпа), 40 мг, 100 таблеток",0.00039,-0.10907153626589991,-4.2537899143700964e-05,native,21
2027-07-01,218,"Еврошифер, 10 м2",0.00011,0.9789480253912591,0.0001076842827930385,native,38
2027-07-01,221,"Жевательная резинка, упаковка",0.00016,0.6070172973232117,9.712276757171388e-05,native,16
2027-07-01,223,"Жидкие чистящие и моющие средства, л",0.00353,0.16695735154875185,0.0005893594509670941,native,25
2027-07-01,228,"Занятия в плавательных бассейнах, месяц",0.00091,1.010355833611499,0.0009194238085864641,native,55
2027-07-01,229,"Занятия на курсах иностранных языков, академический час",0.00156,0.4691639143386762,0.0007318957063683349,native,44
2027-07-01,230,"Занятия на курсах профессионального обучения, академический час",0.00123,0.13319177254441578,0.0001638258802296314,native,44
2027-07-01,231,"Земля для растений, л",0.00027,0.5919859942814454,0.00015983621845599026,native,54
2027-07-01,232,"Зеркало навесное для ванной комнаты, шт.",0.00125,0.49330035024421154,0.0006166254378052645,native,20
2027-07-01,233,"Зефир, пастила, кг",0.00143,0.46282373520077497,0.0006618379413371083,native,16
2027-07-01,234,"Зонт, шт.",0.00109,0.3232870684589396,0.0003523829046202442,native,13
2027-07-01,236,"Игрушки мягкие, шт.",0.00012,0.318540393002403,3.822484716028836e-05,native,54
2027-07-01,237,"Игрушки пластмассовые для детей ясельного возраста, шт.",0.00039,0.6691605559757889,0.0002609726168305577,native,54
2027-07-01,238,"Изготовление гроба, шт.",0.00038,0.04757519089085979,1.8078572538526722e-05,native,12
2027-07-01,239,"Изготовление коронки, шт.",0.00131,0.4386839037010596,0.000574675913848388,native,22
2027-07-01,240,"Изготовление съёмного протеза, протез",0.00127,0.35520029042404144,0.00045110436883853266,native,22
2027-07-01,241,"Изготовление фотографий для документов, 4 шт.",0.00011,0.8727639328079764,9.60040326088774e-05,native,12
2027-07-01,243,"Икра лососевых рыб, отечественная, кг",0.00046,0.46367256258153655,0.0002132893787875068,native,34
2027-07-01,244,"Индапамид, 2,5 мг, 10 таблеток",0.00035,-0.7677773333333356,-0.00026872206666666746,calendar_gap_in_required_features,21
2027-07-01,245,"Йогурт, 125 г",0.00113,0.5865504430633156,0.0006628020006615465,native,24
2027-07-01,246,"Йод, 10 мл",0.00036,1.5052757597872723,0.0005418992735234181,native,21
2027-07-01,247,"Какао, кг",0.00055,0.7198330837190583,0.0003959081960454821,native,50
2027-07-01,248,"Кальмары мороженые, кг",0.00023,0.647077353787384,0.00014882779137109832,native,34
2027-07-01,249,"Капуста белокочанная свежая, кг",0.00236,-0.10025185929960179,-0.00023659438794706024,native,33
2027-07-01,250,"Карамель, кг",0.00369,0.39696720400280217,0.00146480898277034,native,16
2027-07-01,251,"Карандаш чернографитный, шт.",0.00034,1.13091769197093,0.0003845120152701163,native,54
2027-07-01,252,"Картофель, кг",0.00612,-0.8557947944247637,-0.005237464141879553,native,33
2027-07-01,253,"Кастрюля из эмалированной или нержавеющей стали, шт.",0.00178,0.3128094272166133,0.0005568007804455716,native,54
2027-07-01,254,"Кексы, рулеты, кг",0.00333,0.28964437506248963,0.0009645157689580906,native,16
2027-07-01,256,"Кетчуп, кг",0.00182,0.4212099923243257,0.0007666021860302728,native,53
2027-07-01,257,"Кинотеатры, билет",0.00023,0.052263309178219974,1.2020561110990594e-05,native,46
2027-07-01,258,"Кирпич красный, 1000 шт.",0.00015,0.6504208523647381,9.75631278547107e-05,native,38
2027-07-01,259,"Кисломолочные продукты, кг",0.00311,0.3433603857741209,0.001067850799757516,native,24
2027-07-01,260,"Клинический осмотр животного, посещение",0.00037,0.6324346665180371,0.00023400082661167375,native,55
2027-07-01,261,"Книга художественная, шт.",0.00028,0.28745623983814095,8.048774715467945e-05,native,32
2027-07-01,263,"Ковер, ковровое покрытие (палас) синтетический, м2",0.00279,0.5383433046573873,0.0015019778199941106,native,54
2027-07-01,265,"Колбаса вареная, кг",0.00464,0.29427438219779906,0.0013654331333977877,native,26
2027-07-01,266,"Колбаса полукопченая и варено-копченая, кг",0.00298,1.3588220537032663,0.0040492897200357335,native,26
2027-07-01,267,"Колбаса сырокопченая, кг",0.00053,0.31630511974325687,0.00016764171346392613,native,26
2027-07-01,271,"Колготки детские, шт.",0.00035,0.11137057910468302,3.897970268663906e-05,native,54
2027-07-01,272,"Колготки женские эластичные, шт.",0.00127,0.4482224572264206,0.0005692425206775542,native,54
2027-07-01,273,"Кольцо обручальное золотое, грамм",0.00353,0.9811590532173159,0.0034634914578571254,native,54
2027-07-01,274,"Коляска для новорожденного, шт.",0.00064,0.1568211362547584,0.00010036552720304539,native,13
2027-07-01,275,"Комбинезон (костюм) утепленный для детей дошкольного возраста, шт.",0.00047,0.5460218268646639,0.00025663025862639205,native,29
2027-07-01,276,"Комбинезон утепленный для детей до одного года, шт.",0.00038,0.6169880801487673,0.00023445547045653156,native,29
2027-07-01,280,"Комплект постельного белья полутораспальный из хлопчатобумажной ткани, комплект",0.0027,0.5045300007919727,0.0013622310021383264,native,29
2027-07-01,281,"Комплект столовых приборов, комплект на 1 человека",0.00028,1.1004633848133385,0.00030812974774773475,native,54
2027-07-01,282,"Компьютер персональный переносной (ноутбук), шт.",0.00185,-0.19433503785833361,-0.0003595198200379172,native,31
2027-07-01,283,"Компьютер планшетный, шт.",0.00162,-0.44137184425381093,-0.0007150223876911737,native,31
2027-07-01,285,"Консервы мясные для детского питания, кг",3e-05,0.14530940600468606,4.359282180140582e-06,native,26
2027-07-01,286,"Консервы мясные, 350 г",0.00041,0.35954013370387855,0.0001474114548185902,native,26
2027-07-01,288,"Консервы овощные для детского питания, кг",8e-05,0.11877214495959748,9.5017715967678e-06,native,53
2027-07-01,290,"Консервы рыбные в томатном соусе, 350 г",0.0005,0.5436563352330107,0.00027182816761650537,native,34
2027-07-01,291,"Консервы рыбные натуральные и с добавлением масла, 350 г",0.0013,0.7398985833955185,0.000961868158414174,native,34
2027-07-01,292,"Консервы томатные, кг",0.00128,0.25538987266832347,0.0003268990370154541,native,53
2027-07-01,294,"Консервы фруктово-ягодные для детского питания, кг",9e-05,0.1404193831947411,1.2637744487526699e-05,native,53
2027-07-01,295,"Конструктор детский пластмассовый, набор",0.00029,-0.18278405524543,-5.30073760211747e-05,native,54
2027-07-01,296,"Конфеты мягкие, глазированные шоколадом, кг",0.00332,0.2371804662507495,0.0007874391479524884,native,16
2027-07-01,298,"Конфеты шоколадные натуральные и с добавками, кг",0.003,-0.12628303130223856,-0.0003788490939067157,native,16
2027-07-01,301,"Коньяк ординарный отечественный, л",0.00278,0.2992433307675384,0.0008318964595337567,native,11
2027-07-01,302,"Корвалол, 25 мл",0.00039,0.8339668436224394,0.0003252470690127514,native,21
2027-07-01,303,"Корригирующие очки, шт.",0.00097,0.3496216822116463,0.0003391330317452969,native,21
2027-07-01,304,"Костюм-двойка мужской из шерстяных, полушерстяных или смесовых  тканей, шт.",0.00255,0.35765832613632975,0.000912028731647641,native,29
2027-07-01,305,"Костюм спортивный для взрослых, шт.",0.00175,0.3262847438482034,0.0005709983017343559,native,43
2027-07-01,306,"Костюм спортивный для детей школьного возраста, шт.",0.00141,0.31853804898150573,0.0004491386490639231,native,43
2027-07-01,307,"Костюм трикотажный для детей ясельного возраста, шт.",0.00037,0.4163916075137555,0.00015406489478008952,native,43
2027-07-01,309,"Кофе в организациях быстрого обслуживания, 200 г",0.00148,0.5110130549415991,0.0007562993213135667,native,28
2027-07-01,310,"Кофе натуральный в зернах и молотый, кг",0.00406,0.4669418909198267,0.0018957840771344965,native,50
2027-07-01,311,"Кофе натуральный растворимый, кг",0.00547,0.04721855413937204,0.00025828549114236503,native,50
2027-07-01,312,"Краска для волос, шт.",0.00069,0.20164113156689084,0.00013913238078115466,native,30
2027-07-01,313,"Краски масляные, эмали отечественные, кг",0.00097,1.077710071453149,0.0010453787693095544,native,38
2027-07-01,314,"Креветки мороженые неразделанные, кг",0.00036,0.4334945995778205,0.00015605805584801538,native,34
2027-07-01,315,"Крем для лица, 100 г (100 мл)",0.00159,0.6136509337287545,0.0009757049846287196,native,30
2027-07-01,316,"Кровать для новорожденных,шт.",0.00051,0.19286629085119916,9.836180833411158e-05,native,20
2027-07-01,319,"Кроссовые туфли для детей с верхом из искусственной кожи, пара",0.00156,0.17012453778180783,0.0002653942789396202,native,27
2027-07-01,320,"Крупа гречневая-ядрица, кг",0.00337,0.7303870253631921,0.0024614042754739574,native,18
2027-07-01,322,"Крупа манная, кг",0.00059,0.14264290205465652,8.415931221224735e-05,native,18
2027-07-01,323,"Крупы овсяная и перловая, кг",0.00032,0.46314828198536584,0.00014820745023531707,native,18
2027-07-01,324,"Ксерокопирование документа, лист",0.0009,0.6030067082860449,0.0005427060374574404,native,55
2027-07-01,325,"Ксилометазолин (Галазолин) 0,1%, 10 мл",0.00051,0.07473328161579978,3.8113973624057894e-05,native,21
2027-07-01,326,"Кулинарные изделия из птицы, кг",0.00167,0.6819691695835635,0.001138888513204551,native,26
2027-07-01,327,"Куртка для детей дошкольного возраста с верхом из плащевых тканей утепленная, шт.",0.00088,0.3438372011124283,0.00030257673697893695,native,29
2027-07-01,328,"Куртка для детей школьного возраста с верхом из плащевых тканей утепленная, шт.",0.00084,0.29705431807856963,0.0002495256271859985,native,29
2027-07-01,329,"Куртка женская без утеплителя (ветровка), шт.",0.00271,0.14882452916840672,0.0004033144740463822,native,29
2027-07-01,330,"Куртка мужская без утеплителя (ветровка), шт.",0.00269,0.22349332826274224,0.0006011970530267767,native,29
2027-07-01,331,"Куртка мужская из натуральной кожи, шт.",0.00068,0.3130976859106799,0.00021290642641926232,native,29
2027-07-01,332,"Куртка мужская с верхом из плащевых тканей утепленная, шт.",0.00192,0.12443804557515227,0.00023892104750429237,native,29
2027-07-01,333,"Куры охлажденные и мороженые, кг",0.00958,1.32849653608515,0.012726996815695736,native,26
2027-07-01,334,"Ламинат, м2",0.00167,0.44470465408560955,0.000742656772322968,native,38
2027-07-01,335,"Лампа электрическая осветительная, шт.",0.00019,0.6827779252736158,0.000129727805801987,native,51
2027-07-01,336,"Лампа энергосберегающая, шт.",0.00022,0.59299827231847,0.00013045961991006342,native,51
2027-07-01,337,"Левомеколь, мазь, 40 г",0.00041,0.5266096464496178,0.0002159099550443433,native,21
2027-07-01,338,"Легковой автомобиль импортный подержанный, шт.",0.01012,0.23162621637213962,0.002344057309686053,native,17
2027-07-01,339,"Легковой автомобиль иностранной марки новый, шт.",0.00959,0.07889066666667333,0.0007565614933333971,insufficient_training_rows,17
2027-07-01,340,"Легковой автомобиль отечественный новый, шт.",0.00753,0.19787329863131148,0.0014899859386937756,native,17
2027-07-01,341,"Лечебный массаж, сеанс",0.00013,0.3621276954464837,4.707660040804288e-05,native,22
2027-07-01,342,"Лечение кариеса, пломба",0.00221,0.7032057117761159,0.0015540846230252163,native,22
2027-07-01,343,"Лимоны, кг",0.00185,1.5556034839438302,0.002877866445296086,native,33
2027-07-01,345,"Линолеум, м2",0.00085,0.5447773757424628,0.00046306076938109334,native,38
2027-07-01,346,"Лопата садовая, шт.",0.00015,0.8224476465480236,0.00012336714698220352,native,54
2027-07-01,347,"Лоперамид, 2 мг, 10 капсул (таблеток)",0.00036,0.1472417557423354,5.3007032067240745e-05,native,21
2027-07-01,349,"Лук репчатый, кг",0.00236,2.1048801821948655,0.004967517229979883,native,33
2027-07-01,350,"Майка, футболка женская бельевая, шт.",0.00079,0.5052255493248548,0.0003991281839666353,native,43
2027-07-01,351,"Майка, футболка мужская бельевая, шт.",0.00151,0.44835773269026946,0.0006770201763623069,native,43
2027-07-01,352,"Майонез, кг",0.00223,0.39289807581338565,0.00087616270906385,native,53
2027-07-01,354,"Макаронные изделия из пшеничной муки высшего сорта, кг",0.00382,0.07134417120821102,0.00027253473401536607,native,18
2027-07-01,355,"Маникюр,услуга",0.0057,0.7087520609421781,0.004039886747370416,native,12
2027-07-01,357,"Маргарин, кг",0.0008,0.15957303600920814,0.00012765842880736652,native,19
2027-07-01,358,"Масло оливковое, л",0.00257,0.39857498523557827,0.001024337712055436,native,19
2027-07-01,359,"Масло подсолнечное, кг",0.00543,0.4728007034233624,0.0025673078195888577,native,19
2027-07-01,360,"Масло сливочное, кг",0.00872,0.753395649176465,0.0065696100608187745,native,19
2027-07-01,362,"Матрас детский, шт.",0.00051,0.3747810912918943,0.0001911383565588661,native,20
2027-07-01,363,"Машина стиральная автоматическая, шт.",0.0019,-0.011847295639614758,-2.250986171526804e-05,native,51
2027-07-01,365,"Мёд пчелиный натуральный, кг",0.00469,0.42501972660788223,0.0019933425177909676,native,53
2027-07-01,369,"Металлочерепица, м2",0.00052,1.2949866168552906,0.000673393040764751,native,38
2027-07-01,370,"Метамизол натрия (Анальгин отечественный), 500 мг, 10 таблеток",0.00036,0.9407378868697622,0.0003386656392731144,native,21
2027-07-01,373,"Миксер, блендер, шт.",0.00176,-0.5033792765981351,-0.0008859475268127178,native,51
2027-07-01,374,"Мойка из нержавеющей стали для кухни, шт.",0.00182,0.5695864369420063,0.0010366473152344515,native,38
2027-07-01,375,"Мойка легкового автомобиля, услуга",0.00529,0.5755784661154988,0.003044810085750989,native,12
2027-07-01,378,"Молоко питьевое цельное пастеризованное 2,5-3,2% жирности, л",0.00302,0.43249373475953745,0.001306131078973803,native,24
2027-07-01,379,"Молоко питьевое цельное стерилизованное 2,5-3,2% жирности, л",0.00232,0.03391911361850919,7.869234359494132e-05,native,24
2027-07-01,380,"Молоко сгущенное с сахаром, 400 г",0.00113,0.5237923171114702,0.0005918853183359613,native,24
2027-07-01,381,"Монитор для настольного компьютера, шт.",0.00052,-0.09199842720297849,-4.783918214554881e-05,native,31
2027-07-01,382,"Морковь, кг",0.0021,-2.426058526268559,-0.005094722905163973,native,33
2027-07-01,384,"Мороженое сливочное, кг",0.00491,0.5908169894234574,0.002900911418069176,native,53
2027-07-01,386,"Музеи и выставки, билет",9e-05,1.3524386768853511,0.0001217194809196816,native,46
2027-07-01,388,"Мука пшеничная, кг",0.00424,0.09361121817321766,0.00039691156505444286,native,53
2027-07-01,389,"Мыло туалетное, 100 г",0.00099,0.6813392433923707,0.000674525850958447,native,25
2027-07-01,390,"Мыло хозяйственное, 200 г",0.00174,0.7033795645184997,0.0012238804422621894,native,25
2027-07-01,393,"Мясо индейки, кг",0.00424,0.4170720499232587,0.0017683854916746167,native,26
2027-07-01,395,"Мясокопчености, кг",0.00303,0.557898194779136,0.0016904315301807824,native,26
2027-07-01,396,"Мяч футбольный, шт.",0.00026,0.4189672084620279,0.00010893147420012725,native,54
2027-07-01,397,"Набор корпусной мебели, комплект",0.00062,0.5154255716759499,0.00031956385443908896,native,20
2027-07-01,399,"Набор фломастеров, набор",0.00032,0.7690228958861691,0.00024608732668357416,native,54
2027-07-01,400,"Наём жилых помещений в государственном и муниципальном жилищных фондах, м2 общей площади",0.00012,2.085250137728114,0.0002502300165273737,native,14
2027-07-01,402,"Напитки газированные, л",0.00389,0.6184088897960689,0.002405610581306708,native,53
2027-07-01,404,"Национальные сыры и брынза, кг",0.00741,0.3368177818719391,0.002495819763671069,native,39
2027-07-01,405,"Начальный курс обучения вождению легкового автомобиля, курс",0.00108,0.6425907935678101,0.000693998057053235,native,44
2027-07-01,406,"Нимесулид, 100 мг, 10 таблеток",0.0004,0.15196240661883306,6.0784962647533226e-05,native,21
2027-07-01,408,"Нитки швейные, катушка",0.00011,0.811306734303733,8.924374077341063e-05,native,54
2027-07-01,410,"Носки мужские, пара",0.00108,0.4486650430836365,0.00048455824653032746,native,54
2027-07-01,411,"Носки, гольфы детские, пара",0.00017,0.10553075384595827,1.7940228153812907e-05,native,54
2027-07-01,412,"Обед в ресторане, на 1 человека",0.00201,0.9568650622061561,0.0019232987750343739,native,28
2027-07-01,413,"Обед в столовой, кафе, закусочной (кроме столовой в организации), на 1 человека",0.00697,0.6968641194910119,0.004857142912852353,native,28
2027-07-01,415,"Обои виниловые, 10 м",0.00248,0.6805146191893283,0.0016876762555895343,native,38
2027-07-01,416,"Обращение с твердыми коммунальными отходами, с человека",0.00398,0.7943713902795917,0.003161598133312775,native,14
2027-07-01,420,"Обувь домашняя с текстильным верхом для взрослых, пара",0.00161,0.6014603650933894,0.000968351187800357,native,27
2027-07-01,421,"Обувь домашняя с текстильным верхом для детей, пара",0.00017,0.6317013329722461,0.00010738922660528183,native,27
2027-07-01,426,"Обучение в государственных и муниципальных образовательных организациях высшего профессионального образования, семестр",0.00346,0.6136897995508923,0.002123366706446087,native,44
2027-07-01,427,"Обучение в негосударственных образовательных организациях высшего профессионального образования, семестр",0.00191,0.0,0.0,native,44
2027-07-01,429,"Обучение в образовательных организациях среднего профессионального образования, семестр",0.0022,1.2025520771715388,0.0026456145697773856,native,44
2027-07-01,430,"Общий анализ крови, анализ",0.00092,0.38100761584518017,0.00035052700657756575,native,22
2027-07-01,432,"Овощи замороженные, кг",0.00068,0.6268420848028619,0.00042625261766594607,native,33
2027-07-01,433,"Овощи натуральные консервированные, маринованные, кг",0.0028,0.6460980854510623,0.0018090746392629743,native,53
2027-07-01,434,"Овсяные хлопья ""Геркулес"", кг",0.00132,0.6525155069907406,0.0008613204692277776,native,18
2027-07-01,435,"Огурцы свежие, кг",0.00468,-1.3006139812198647,-0.006086873432108967,native,33
2027-07-01,442,"Одеяло стеганое, шт.",0.00247,0.2513907827805887,0.000620935233468054,native,29
2027-07-01,443,"Окорочка куриные, кг",0.00549,0.5860563314073064,0.0032174492594261124,native,26
2027-07-01,447,"Орехи, кг",0.0019,-0.1089051754341579,-0.0002069198333249,native,33
2027-07-01,448,"Отопление, Гкал",0.00924,0.7158764158839943,0.006614698082768107,native,14
2027-07-01,449,"Оформление доверенности в нотариальной конторе, услуга",0.00012,-0.16183716947383137,-1.9420460336859764e-05,native,55
2027-07-01,451,"Пальто (полупальто) женское с верхом из плащевых тканей, шт.",0.00177,0.2587582817141233,0.00045800215863399824,native,29
2027-07-01,452,"Пальто женское демисезонное из шерстяных или полушерстяных тканей, шт.",0.00203,0.3036628075499045,0.0006164354993263061,native,29
2027-07-01,453,"Пальто женское зимнее из шерстяных или полушерстяных тканей, шт.",0.00095,0.2661610308018494,0.00025285297926175694,native,29
2027-07-01,454,"Пальто женское меховое и дубленка, шт.",0.00102,0.5327052273333619,0.0005433593318800292,native,23
2027-07-01,455,"Панкреатин, 10 таблеток",0.00038,0.24707554247972469,9.388870614229539e-05,native,21
2027-07-01,456,"Панталоны, трусы женские, шт.",0.00127,0.4720630024319107,0.0005995200130885266,native,43
2027-07-01,457,"Паста зубная, 100 г (100 мл)",0.00191,0.5880468053120766,0.0011231693981460665,native,30
2027-07-01,458,"Пеленки для новорожденных, шт.",0.00019,0.08560686557887828,1.6265304459986876e-05,native,29
2027-07-01,459,"Пельмени, манты, равиоли, кг",0.00524,0.4299558642178909,0.0022529687285017482,native,26
2027-07-01,460,"Первичный консультативный осмотр больного у стоматолога, посещение",0.00106,0.23403218573198803,0.0002480741168759073,native,22
2027-07-01,461,"Первичный консультативный прием у врача специалиста, посещение",0.00207,0.6787445724366603,0.0014050012649438866,native,22
2027-07-01,464,"Пересылка простого письма внутри России, массой до 20 г, шт.",1e-05,0.21557459696045211,2.1557459696045212e-06,native,55
2027-07-01,466,"Перчатки из натуральной кожи, пара",0.00011,0.3091292275353449,3.400421502888794e-05,native,13
2027-07-01,467,"Перчатки трикотажные женские, пара",6e-05,0.26362594120903554,1.5817556472542133e-05,native,43
2027-07-01,468,"Печать цветных фотографий, шт.",0.00011,0.8912671060824577,9.803938166907036e-05,native,12
2027-07-01,469,"Печень говяжья, свиная, кг",0.00275,0.11268485056124194,0.0003098833390434153,native,26
2027-07-01,470,"Печенье, кг",0.00549,0.2611149299690266,0.0014335209655299559,native,16
2027-07-01,471,"Печь микроволновая, шт.",0.00067,-0.052444490221897774,-3.513780844867151e-05,native,51
2027-07-01,475,"Пиджак, жакет женский из шерстяных, полушерстяных или смесовых тканей, шт.",0.00359,0.42750306326901294,0.0015347359971357563,native,29
2027-07-01,478,"Плата за пересылку простой посылки внутри России массой 1-2 кг, шт.",0.00013,0.5530101003228215,7.189131304196679e-05,native,55
2027-07-01,479,"Плата за пользование потребительским кредитом (процентная ставка в стоимостном выражении), руб.",0.00656,-0.364567809733508,-0.0023915648318518124,native,55
2027-07-01,480,"Платье (платье-костюм) женское из полушерстяных или смесовых тканей, шт.",0.00401,0.41742840529362735,0.0016738879052274455,native,29
2027-07-01,481,"Платье (платье-костюм) женское из хлопчатобумажных или смесовых тканей, шт.",0.00396,0.7012929242364585,0.002777119979976376,native,29
2027-07-01,482,"Платье (платье-костюм, сарафан) для девочек школьного возраста из полушерстяных, смесовых  тканей, шт.",0.00051,0.41125547683981545,0.0002097402931883059,native,29
2027-07-01,483,"Платье (сарафан) летнее для девочек дошкольного возраста, шт.",0.00029,0.5793426414305225,0.00016800936601485153,native,29
2027-07-01,484,"Плита бытовая, шт.",0.00148,-0.06255063606713096,-9.257494137935382e-05,native,51
2027-07-01,485,"Плитка керамическая, облицовочная для внутренних работ, м2",0.0019,0.42915415456535005,0.0008153928936741651,native,38
2027-07-01,486,"Плиты древесностружечные, ориентированно-стружечные, м2",0.0008899999999999,1.0952542379081451,0.0009747762717381396,native,38
2027-07-01,487,"Повторное получение гербового документа в органах ЗАГС, документ",0.00057,-0.11688037103128573,-6.662181148783286e-05,native,55
2027-07-01,488,"Подгузники детские бумажные (памперсы), 10 шт.",0.00114,0.06517494653073738,7.429943904504061e-05,native,54
2027-07-01,489,"Подушка, шт.",0.00248,0.4602694328475504,0.001141468193461925,native,29
2027-07-01,496,"Ползунки из хлопчатобумажного трикотажного полотна, шт.",0.00019,0.7042391541831825,0.00013380543929480469,native,29
2027-07-01,500,"Полотенце кухонное, шт.",0.0012,0.6804047911952547,0.0008164857494343056,native,54
2027-07-01,501,"Полотенце личное, шт.",0.00239,0.5683616044058553,0.0013583842345299942,native,54
2027-07-01,502,"Полуботинки мужские с верхом из искусственной кожи, пара",0.00083,0.393758237397925,0.00032681933704027774,native,27
2027-07-01,503,"Полуботинки, туфли мужские с верхом из натуральной кожи, пара",0.00277,0.33160674335654,0.0009185506790976158,native,27
2027-07-01,505,"Пользование общественным туалетом, посещение",0.00047,1.2334568788651006,0.0005797247330665972,native,55
2027-07-01,506,"Помидоры свежие, кг",0.00574,-7.1557861479716225,-0.041074212489357116,native,33
2027-07-01,507,"Помывка в бане в общем отделении, билет",0.00103,1.6376117712538356,0.0016867401243914509,native,12
2027-07-01,508,"Порошок стиральный, кг",0.00342,0.5670112672987301,0.0019391785341616567,native,25
2027-07-01,509,"Посещение детского ясли-сада, день",0.00038,-0.02359268621545582,-8.965220761873213e-06,native,44
2027-07-01,511,"Постановка набоек, пара",0.00055,0.4424672989650826,0.00024335701443079543,native,12
2027-07-01,513,"Пребывание пациента в круглосуточном стационаре, койко-день",0.00042,-0.1275210226283784,-5.355882950391893e-05,native,22
2027-07-01,514,"Предоставление абоненту в постоянное пользование абонентской линии независимо от ее типа, месяц",0.00024,0.2727687724482381,6.546450538757715e-05,native,48
2027-07-01,518,"Предоставление местного телефонного соединения при повременной системе оплаты услуг связи, минута",0.00024,0.5326498627652314,0.00012783596706365555,native,48
2027-07-01,519,"Прививка животного, шт.",0.00019,0.25033239066300367,4.75631542259707e-05,native,55
2027-07-01,524,"Продукция предприятий общественного питания быстрого обслуживания (сэндвич типа ""Гамбургер""), шт.",0.00269,0.6134172181579266,0.0016500923168448227,native,28
2027-07-01,525,"Проезд в городском автобусе,поездка",0.00185,1.1301661065075652,0.002090807297038996,native,47
2027-07-01,527,"Проезд в маршрутном такси, поездка",0.00869,0.4469391603143385,0.0038839013031316014,native,47
2027-07-01,528,"Проезд в междугородном автобусе, в расчете на 50 км пути",0.00057,0.576549610791327,0.0003286332781510564,native,47
2027-07-01,531,"Проезд в такси, в расчете на 1 км пути",0.00415,2.266423404698275,0.00940565712949784,native,47
2027-07-01,533,"Проезд в троллейбусе, поездка",0.0001,1.1254963102058033,0.00011254963102058033,native,47
2027-07-01,535,"Проживание в студенческом общежитии, месяц",2e-05,0.7604860598472596,1.5209721196945193e-05,native,55
2027-07-01,538,"Пряники, кг",0.0019,0.4858689675097727,0.0009231510382685681,native,16
2027-07-01,539,"Пшено, кг",0.00118,0.8650707385441636,0.001020783471482113,native,18
2027-07-01,540,"Ранец, рюкзак для школьников, шт.",0.00108,1.0160209286618584,0.001097302602954807,native,13
2027-07-01,541,"Регулировка развала-схождения колес легкового автомобиля, один вид работы",0.00423,0.6788413301023286,0.0028714988263328503,native,12
2027-07-01,542,"Ремень мужской, шт.",0.00059,0.24819790544878728,0.0001464367642147845,native,13
2027-07-01,543,"Ремонт  телевизоров, один вид работы",0.00037,0.7208680894696021,0.0002667211931037528,native,12
2027-07-01,544,"Ремонт брюк из всех видов тканей, один вид работы",0.00018,0.37315099203677715,6.71671785666199e-05,native,12
2027-07-01,548,"Ремонт холодильников всех марок, один вид работы",0.00042,0.46695269928103084,0.00019612013369803296,native,12
2027-07-01,552,"Рис шлифованный, кг",0.00479,0.2053268998831021,0.000983515850440059,native,18
2027-07-01,554,"Рубероид, 10 м",0.00011,0.6442711749106736,7.08698292401741e-05,native,38
2027-07-01,555,"Рыба живая и охлажденная, кг",0.00395,0.6972776785715906,0.002754246830357783,native,34
2027-07-01,558,"Рыба мороженая неразделанная, кг",0.00303,0.5422649539093017,0.0016430628103451844,native,34
2027-07-01,559,"Рыба мороженая разделанная (кроме лососевых пород), кг",0.005,0.5574832650788464,0.002787416325394232,native,34
2027-07-01,560,"Рыба охлажденная и мороженая разделанная лососевых пород, кг",0.00181,0.9536143056833233,0.0017260418932868152,native,34
2027-07-01,561,"Рыба соленая, маринованная, копченая, кг",0.00142,0.38265093834574876,0.0005433643324509632,native,34
2027-07-01,563,"Рюмка, фужер из простого стекла, шт.",0.00054,0.46058299267819724,0.0002487148160462265,native,54
2027-07-01,565,"Санаторий, день",0.001,0.2610118643709597,0.0002610118643709597,native,35
2027-07-01,566,"Сапоги женские зимние с верхом из натуральной кожи, пара",0.00253,0.2897863751531996,0.000733159529137595,native,27
2027-07-01,567,"Сапоги женские осенние с верхом из натуральной кожи, пара",0.00145,0.11815249825004512,0.00017132112246256542,native,27
2027-07-01,568,"Сапоги цельнорезиновые для взрослых, пара",0.00042,0.23983612140782196,0.00010073117099128523,native,54
2027-07-01,569,"Сапоги цельнорезиновые для детей, пара",0.00011,0.14450235977169068,1.5895259574885975e-05,native,54
2027-07-01,570,"Сапоги, ботинки для детей школьного возраста зимние с верхом из натуральной кожи, пара",0.00111,0.25369750366394994,0.0002816042290669845,native,27
2027-07-01,571,"Сапоги, ботинки мужские зимние с верхом из натуральной кожи, пара",0.00223,0.21562083518861058,0.00048083446247060166,native,27
2027-07-01,572,"Сахар-песок, кг",0.00532,0.6665305860224068,0.003545942717639204,native,36
2027-07-01,573,"Свежесрезанные цветы, шт.",0.00399,0.5119104975653437,0.002042522885285721,native,54
2027-07-01,574,"Свёкла столовая, кг",0.00077,-3.1287702189484694,-0.002409153068590321,native,33
2027-07-01,575,"Светильник потолочный, шт.",0.00208,0.6308897604225223,0.0013122507016788464,native,51
2027-07-01,577,"Свинина (кроме бескостного мяса), кг",0.00481,0.8349875565310545,0.004016290146914372,native,26
2027-07-01,578,"Свинина бескостная, кг",0.00257,0.4085064308702797,0.0010498615273366188,native,26
2027-07-01,580,"Сельдь соленая, кг",0.00079,0.5876000069829546,0.00046420400551653413,native,34
2027-07-01,584,"Сковорода, шт.",0.00137,0.25453039240591147,0.0003487066375960987,native,54
2027-07-01,585,"Смартфон, шт.",0.00625,-0.4626165385162593,-0.0028913533657266206,native,37
2027-07-01,587,"Смеси сухие молочные для детского питания, кг",0.00077,0.4480997764483846,0.0003450368278652561,native,24
2027-07-01,588,"Сметана, кг",0.00748,0.4155788953907513,0.00310853013752282,native,24
2027-07-01,589,"Содержание и ремонт жилья в государственном и муниципальном жилищных фондах, м2 общей площади",0.00078,0.7719432935626507,0.0006021157689788675,native,14
2027-07-01,590,"Содержание, ремонт жилья для граждан-собственников жилья в результате приватизации, граждан-собственников жилых помещений по иным основаниям, м2 общей площади",0.00599,0.35130862620791625,0.002104338670985418,native,14
2027-07-01,591,"Соки фруктовые, л",0.00232,0.3714443548482802,0.00086175090324801,native,53
2027-07-01,592,"Соленые и копченые деликатесные продукты из рыбы, кг",0.0013,0.3620295308219358,0.0004706383900685165,native,34
2027-07-01,593,"Соль поваренная пищевая, кг",0.00122,0.9348606651458353,0.0011405300114779192,native,53
2027-07-01,595,"Сорочка верхняя для мальчиков дошкольного возраста, шт.",0.00024,0.5734251291506645,0.00013762203099615947,native,29
2027-07-01,596,"Сорочка верхняя для мальчиков школьного возраста, шт.",0.0008899999999999,0.7929235676787767,0.000705701975234032,native,29
2027-07-01,597,"Сорочка верхняя мужская из хлопчатобумажных или смесовых тканей, шт.",0.00449,0.23624771973784614,0.0010607522616229291,native,29
2027-07-01,598,"Сорочка ночная женская, шт.",0.00105,0.457055080677858,0.00047990783471175085,native,29
2027-07-01,599,"Сосиски, сардельки, кг",0.00553,0.01697012554364913,9.384479425637968e-05,native,26
2027-07-01,601,"Спички, коробок",0.00059,0.8914945361538048,0.0005259817763307448,native,54
2027-07-01,602,"Стекло оконное листовое, м2",5e-05,0.8439263351381328,4.219631675690664e-05,native,38
2027-07-01,605,"Стирка и глажение белья прямого, кг",0.00081,0.49536137204114344,0.0004012427113533262,native,12
2027-07-01,606,"Стол обеденный, шт.",0.00356,0.43234684855148725,0.0015391547808432946,native,20
2027-07-01,607,"Стол рабочий кухонный, шт.",0.00091,0.5990081206345181,0.0005450973897774115,native,20
2027-07-01,608,"Стрижка модельная в женском зале, стрижка",0.00549,0.39325169087323036,0.002158951782894035,native,12
2027-07-01,609,"Стрижка модельная в мужском зале, стрижка",0.0051,0.512095491672314,0.002611687007528802,native,12
2027-07-01,610,"Стул с мягким сиденьем, шт.",0.00259,0.41702152558282973,0.001080085751259529,native,20
2027-07-01,616,"Сухие корма для домашних животных, кг",0.00104,0.8251402442327291,0.0008581458540020382,native,54
2027-07-01,617,"Сухие супы в пакетах, 100 г",0.00132,0.57759195320555,0.000762421378231326,native,53
2027-07-01,618,"Сухофрукты, кг",0.00073,0.3860251951367462,0.00028179839244982474,native,33
2027-07-01,620,"Сыры плавленые, кг",0.00187,0.5779615340962831,0.0010807880687600494,native,39
2027-07-01,621,"Сыры твердые, полутвердые и мягкие, кг",0.00514,0.13905096373797027,0.0007147219536131671,native,39
2027-07-01,622,"Табурет для кухни, шт.",0.00063,0.4680065138754056,0.0002948441037415055,native,20
2027-07-01,623,"Тарелка обеденная, шт.",0.00085,0.5259242503345979,0.00044703561278440815,native,54
2027-07-01,624,"Таурин, 4%, 5 мл",0.00036,0.24025847281382182,8.649305021297585e-05,native,21
2027-07-01,628,"Театры, билет",0.00033,0.7587317225460855,0.0002503814684402082,native,46
2027-07-01,629,"Телевизор цветного изображения, шт.",0.00258,-0.7989750588301578,-0.0020613556517818073,native,41
2027-07-01,633,"Термометр медицинский электронный стандартный, шт.",6e-05,0.5283833453200234,3.17030007192014e-05,native,21
2027-07-01,634,"Тетрадь школьная, шт.",0.00029,0.998605406643911,0.0002895955679267342,native,54
2027-07-01,636,"Ткани декоративные для изготовления штор и занавесей, м",0.0008,0.36045900980463463,0.0002883672078437077,native,54
2027-07-01,638,"Ткани хлопчатобумажные бельевые, м",0.0001,0.1753946372799249,1.753946372799249e-05,native,54
2027-07-01,641,"Ткань костюмная шерстяная и полушерстяная, м",6e-05,0.2664095236775706,1.5984571420654238e-05,native,54
2027-07-01,642,"Ткань платьевая из искусственного или синтетического шелка, м",8e-05,0.5701847709679846,4.561478167743877e-05,native,54
2027-07-01,646,"Торты, кг",0.00277,-0.014963293558313884,-4.1448323156529456e-05,native,16
2027-07-01,647,"Трикотажная шапочка детская, шт.",0.00072,0.35327851104369773,0.00025436052795146236,native,43
2027-07-01,650,"Триммер электрический, шт.",0.00056,0.09002179650883138,5.041220604494557e-05,native,15
2027-07-01,651,"Троксерутин, 2% гель, 40 г",0.0004,0.37940973867862826,0.00015176389547145132,native,21
2027-07-01,652,"Трусы детские, шт.",0.00043,0.6080013370634558,0.000261440574937286,native,43
2027-07-01,653,"Трусы мужские, шт.",0.00145,0.10640289612394994,0.0001542841993797274,native,43
2027-07-01,654,"Туалетная вода, 100 мл",0.00579,-0.1270247497826441,-0.0007354733012415094,native,30
2027-07-01,655,"Туфли детские летние (сандалеты), пара",0.00076,0.7904481909708186,0.0006007406251378221,native,27
2027-07-01,659,"Туфли женские модельные с верхом из натуральной кожи, пара",0.00094,-0.10522697371301729,-9.891335529023624e-05,native,27
2027-07-01,660,"Тушь для ресниц, шт.",0.00179,0.1896229136468387,0.00033942501542784127,native,30
2027-07-01,661,"Тюль, полотно гардинное, м",0.0022,0.3438823231288157,0.0007565411108833946,native,13
2027-07-01,663,"Удаление зуба под местным обезболиванием, удаление",0.00116,0.8726117371753666,0.0010122296151234252,native,22
2027-07-01,664,"Удостоверение завещания в нотариальной конторе, услуга",0.00012,1.3725947669992342,0.0001647113720399081,native,55
2027-07-01,665,"Ужин в ресторане, на 1 человека",0.00313,0.47867156636268493,0.0014982420027152038,native,28
2027-07-01,666,"Ультразвуковое исследование брюшной полости, исследование",0.00137,0.4753146640380561,0.0006511810897321368,native,22
2027-07-01,675,"Услуги организатора проведения торжеств, услуга",0.00247,0.10438014985168129,0.00025781897013365276,native,12
2027-07-01,678,"Услуги по воспитанию детей, предоставляемые наемным персоналом, час",0.00121,0.44625858323906875,0.0005399728857192732,native,12
2027-07-01,679,"Услуги по организации и выполнению работ по эксплуатации домов ЖК, ЖСК, ТСЖ, м2 общей площади",0.00526,0.29829115414786334,0.0015690114708177612,native,14
2027-07-01,690,"Установка пластиковых окон, м2",0.0018,0.6019164934795725,0.0010834496882632305,native,12
2027-07-01,691,"Устная консультация юриста по семейным вопросам, консультация",0.00011,0.034768435329564404,3.824527886252085e-06,native,55
2027-07-01,692,"Учебник, учебное пособие, дидактический материал для общеобразовательной школы, шт.",0.00048,0.8318957938991942,0.00039930998107161325,native,32
2027-07-01,694,"Фарш мясной, кг",0.0094,0.985070802702853,0.009259665545406819,native,26
2027-07-01,695,"Физиотерапевтическое лечение, процедура",0.00014,0.3761746365198524,5.266444911277933e-05,native,22
2027-07-01,697,"Филе рыбное, кг",0.00204,0.34134347393750175,0.0006963406868325037,native,34
2027-07-01,698,"Филе сельди соленое, кг",0.00065,-0.022793509638540405,-1.4815781265051262e-05,native,34
2027-07-01,699,"Флеш-накопитель USB, шт.",3e-05,-0.18131530638943805,-5.4394591916831415e-06,native,41
2027-07-01,701,"Фотоаппарат, шт.",0.00019,-0.07704034144773894,-1.46376648750704e-05,native,54
2027-07-01,703,"Футболка детская, шт.",0.00049,-0.15683290923522253,-7.684812552525903e-05,native,43
2027-07-01,704,"Халат женский, шт.",0.00119,0.8384924525619847,0.0009978060185487619,native,29
2027-07-01,706,"Химчистка мужского костюма, шт.",0.00012,0.6170133704680603,7.404160445616724e-05,native,12
2027-07-01,710,"Хлеб из ржаной муки и из смеси муки ржаной и пшеничной, кг",0.00255,0.5396760026191176,0.0013761738066787501,native,49
2027-07-01,711,"Хлопья из злаков (сухие завтраки), кг",0.00115,0.29110288204761914,0.000334768314354762,native,49
2027-07-01,712,"Холодильник двухкамерный, емкостью 250-360 л, шт.",0.00262,0.2012212411794349,0.0005271996518901195,native,51
2027-07-01,714,"Цемент тарированный, 50 кг",0.00066,0.6592428462028337,0.0004351002784938702,native,38
2027-07-01,716,"Чай черный байховый пакетированный, 25 пакетиков",0.00197,0.0262108893005462,5.163545192207601e-05,native,50
2027-07-01,717,"Чай черный байховый, кг",0.00269,0.3351849555387183,0.0009016475303991522,native,50
2027-07-01,718,"Чайник, шт.",0.00102,0.23000138623908756,0.0002346014139638693,native,54
2027-07-01,721,"Часы наручные, шт.",0.00028,0.36585494849709566,0.00010243938557918677,native,54
2027-07-01,722,"Чашка чайная с блюдцем, комплект",0.00028,0.2735839955778563,7.660351876179975e-05,native,54
2027-07-01,723,"Чеснок, кг",0.00111,-1.7111688881196714,-0.0018993974658128353,native,33
2027-07-01,726,"Шампунь, 250 мл",0.0019,0.591758035136756,0.0011243402667598364,native,30
2027-07-01,727,"Шиномонтаж колес легкового автомобиля, услуга",0.00355,0.7755311241817051,0.0027531354908450533,native,12
2027-07-01,728,"Шины для легкового автомобиля, шт.",0.00355,0.4043104403165224,0.0014353020631236546,native,17
2027-07-01,729,"Шкаф-вешалка для прихожей, шт.",0.00078,0.3090872321708067,0.00024108804109322922,native,20
2027-07-01,730,"Шкаф для платья и белья, шт.",0.0023,0.6203935257998532,0.0014269051093396623,native,20
2027-07-01,731,"Шкаф навесной кухонный (полка), двухстворчатый, шт.",0.00067,0.7595029150261132,0.0005088669530674959,native,20
2027-07-01,734,"Шоколад, кг",0.0034,0.17651512468807062,0.0006001514239394401,native,16
2027-07-01,735,"Щетка зубная, шт.",0.00174,0.5945409972702832,0.0010345013352502928,native,13
2027-07-01,740,"Экскурсия автобусная, час",0.00112,0.7209783997502801,0.0008074958077203137,native,55
2027-07-01,741,"Электропылесос напольный, шт.",0.00185,-0.6894181801499735,-0.001275423633277451,native,51
2027-07-01,742,"Электроутюг, шт.",0.00079,-0.3425755760032571,-0.0002706347050425731,native,51
2027-07-01,743,"Электрочайник, шт.",0.00058,-0.06061285424275492,-3.515545546079785e-05,native,51
2027-07-01,744,"Электроэнергия в квартирах без электроплит сверх минимального объема потребления, в расчете за 100 кВт.ч",0.00107,0.8534911432033523,0.0009132355232275869,native,14
2027-07-01,745,"Электроэнергия в квартирах без электроплит за минимальный объем потребления, в расчете за 100 кВт.ч",0.00638,0.8054994653327556,0.005139086588822981,native,14
2027-07-01,746,"Электроэнергия в квартирах с электроплитами за минимальный объем потребления, в расчете за 100 кВт.ч",0.00315,0.8076438314341614,0.0025440780690176084,native,14
2027-07-01,747,"Электроэнергия в квартирах с электроплитами сверх минимального объема потребления, в расчете за 100 кВт.ч",0.00082,0.8568187148206539,0.0007025913461529362,native,14
2027-07-01,748,"Эналаприл, 5 мг, 10 таблеток",0.00035,0.32413525515435027,0.0001134473393040226,native,21
2027-07-01,750,"Юбка для девочек школьного возраста из полушерстяных тканей, шт.",0.00076,0.6743373756904296,0.0005124964055247265,native,29
2027-07-01,751,"Юбка женская из полушерстяных или смесовых тканей, шт.",0.00203,0.5887000389101298,0.0011950610789875635,native,29
2027-07-01,753,"Яблоки, кг",0.00515,-1.2396729700214166,-0.006384315795610295,native,33
2027-07-01,754,"Яйца куриные, 10 шт.",0.00543,-0.5309135888334203,-0.0028828607873654724,native,52
2027-07-01,786,"Поездка на отдых в Турцию, поездка",0.0004,1.792448913157366,0.0007169795652629464,native,67
2027-07-01,795,"Варежки (перчатки) детские, пара",8e-05,0.4610500487758937,3.68840039020715e-05,native,43
2027-07-01,809,"Шарф шерстяной, полушерстяной или из смесовой пряжи для взрослых, шт.",0.00077,0.6764367487065436,0.0005208562965040385,native,43
2027-07-01,851,"Активированный уголь, 250 мг, 10 таблеток",0.00032,1.127324433012396,0.00036074381856396673,native,21
2027-07-01,958,"Чай зеленый, кг",0.00169,0.4238026194736536,0.0007162264269104747,native,50
2027-07-01,959,"Брюки женские из джинсовой ткани (джинсы), шт.",0.00282,0.4473365156532162,0.0012614889741420696,native,29
2027-07-01,960,"Носки женские, гольфы, пара",0.0007,0.01794395083567399,1.2560765584971791e-05,native,54
2027-07-01,961,"Пена для бритья, 200 мл",0.00085,1.1198712580134427,0.0009518905693114262,native,30
2027-07-01,962,Крем для рук,0.00117,0.819829470563439,0.0009592004805592237,native,30
2027-07-01,963,"Бритвенные станки одноразовые, шт.",0.0008,1.1872867247590466,0.0009498293798072373,native,13
2027-07-01,964,"Лампа светодиодная, шт.",0.00026,-0.5310973207582753,-0.00013808530339715156,native,51
2027-07-01,965,"Моноблок, шт.",0.00092,-0.9046184580820082,-0.0008322489814354476,native,31
2027-07-01,966,"Годовая стоимость полиса обязательного страхования гражданской ответственности владельцев транспортных средств (ОСАГО), полис",0.0013,0.7017546526861164,0.0009122810484919513,native,55
2027-07-01,968,"Рюкзак для взрослых, шт.",0.00087,0.060596294424472036,5.271877614929067e-05,native,13
2027-07-01,970,"Сливки питьевые, л",0.00112,0.5814248182958957,0.000651195796491403,native,24
2027-07-01,971,"Зелень свежая, кг",0.00098,-1.9671385486068333,-0.0019277957776346966,native,33
2027-07-01,972,"Грибы свежие, кг",0.00119,-2.5044507714770847,-0.002980296418057731,native,33
2027-07-01,973,"Ягоды замороженные, кг",0.00026,0.6195175794974336,0.0001610745706693327,native,33
2027-07-01,976,"Гель для душа, 250 мл",0.00105,0.8588227896055317,0.0009017639290858083,native,30
2027-07-01,977,"Мыло туалетное жидкое, 250 мл",0.00099,0.43989057582255964,0.000435491670064334,native,30
2027-07-01,978,"Дезодорант, 50 мл",0.00092,0.7949302569006071,0.0007313358363485586,native,30
2027-07-01,979,"Кресло мягкое, шт.",0.00377,0.4551853176575742,0.0017160486475690548,native,20
2027-07-01,980,"Матрас для взрослых, шт.",0.00306,0.3501530474406977,0.0010714683251685348,native,20
2027-07-01,981,"Салфетки влажные, упаковка 20 шт.",0.00045,0.4851770286885661,0.00021832966290985474,native,54
2027-07-01,982,"Бумажные столовые салфетки, упаковка 10 шт.",0.00306,0.4770843137322185,0.0014598780000205885,native,54
2027-07-01,983,"Бумажные носовые платки, упаковка 10 шт.",0.00042,1.2082098429285404,0.000507448134029987,native,54
2027-07-01,984,"Прокладки женские гигиенические, 10 шт.",0.00108,0.9850976154714446,0.0010639054247091602,native,54
2027-07-01,985,"Наушники беспроводные, шт.",0.00189,-1.5898511480996684,-0.0030048186699083734,native,37
2027-07-01,987,"Цефтриаксон, 1 г",0.0004,1.61481029402119,0.000645924117608476,native,21
2027-07-01,992,"Амлодипин, 10 мг, 10 таблеток",0.00035,0.23611188888888612,8.263916111111014e-05,calendar_gap_in_required_features,21
2027-07-01,993,"Омепразол, 20 мг, 10 таблеток",0.0004,0.3455550785773083,0.0001382220314309233,native,21
2027-07-01,994,"Хлоргексидин, 100 мл",0.00033,-0.16166583333333603,-5.334972500000089e-05,short_history,21
2027-07-01,995,"Амоксициллин с клавулановой кислотой, 500 мг+125мг, 10 таблеток",0.00039,0.45726961445904113,0.00017833514963902603,native,21
2027-07-01,996,"Ибупрофен, 200 мг, 10 таблеток",0.00049,-0.2170167523851638,-0.00010633820866873026,native,21
2027-07-01,997,"Шприцы одноразовые, шт.",6e-05,1.7017427325577859,0.00010210456395346716,native,21
2027-07-01,999,"Антисептик для рук, 100 мл",0.00017,0.28936452121961764,4.9191968607335e-05,native,21
2027-07-01,1000,"Термометр медицинский безртутный (галинстановый), шт.",6e-05,0.1641922503453709,9.851535020722256e-06,native,21
2027-07-01,1001,"Установка натяжного потолка, м2",0.00073,0.3301059611942184,0.00024097735167177945,native,12
2027-07-01,1002,"Услуги аренды автомобилей, час",0.00017,0.4271425823997274,7.261423900795367e-05,native,47
2027-07-01,1003,"Подписка на онлайн-видеосервисы, месяц",0.00766,0.6892402845290864,0.005279580579492802,native,48
2027-07-01,1004,"Проживание в гостинице 1* или в мотеле, сутки с человека",5e-05,0.3222895517827907,1.6114477589139533e-05,native,55
2027-07-01,1005,"Проживание в гостинице 2*, сутки с человека",4e-05,0.8420861905923782,3.368344762369513e-05,native,55
2027-07-01,1006,"Проживание в гостинице 3*, сутки с человека",0.00075,0.5103609655670449,0.0003827707241752837,native,55
2027-07-01,1007,"Проживание в гостинице 4*-5*, сутки с человека",0.00067,1.0678043826449906,0.0007154289363721437,native,55
2027-07-01,1008,"Проживание в хостеле, сутки с человека",0.00061,0.6215353429718337,0.0003791365592128185,native,55
2027-07-01,1009,"Экскурсионные туры по России, поездка",0.00138,0.45144917042013755,0.0006229998551797898,native,55
2027-07-01,1011,"Поездка на отдых в ОАЭ, поездка",0.0004,0.75,0.00030000000000000003,missing_current_observation,67
2027-07-01,1012,"Услуги сиделок, час",0.00046,1.2026674745609482,0.0005532270382980362,native,22
2027-07-01,1013,"Диагностика на магнитно-резонансном или компьютерном томографе, услуга",0.00045,0.22167627434997178,9.97543234574873e-05,native,22
2027-07-01,1014,"Гастроскопия (ФГДС, ЭГДС), услуга",0.00059,0.42383935262487826,0.0002500652180486782,native,22
2027-07-01,1020,"Аскорбиновая кислота, 50 мг, 100 драже",0.00028,0.8432934513384933,0.00023612216637477812,native,21
2027-07-01,1024,"Валерианы экстракт, 20 мг, 10 таблеток",0.00029,0.24538566387629146,7.116184252412453e-05,native,21
2027-07-01,1025,"Газета в розницу, шт.",0.00024,0.7756373319311125,0.000186152959663467,native,32
2027-07-01,1030,"Клубная карта в фитнес-клуб, месяц",0.00185,0.7151827099101999,0.0013230880133338699,native,55
2027-07-01,1032,"Кроссовые туфли для взрослых, пара",0.00518,0.19544067942980817,0.0010123827194464064,native,27
2027-07-01,1035,"Метилурацил, 10 % мазь, 25 г",0.00037,0.39710158216537333,0.00014692758540118812,native,21
2027-07-01,1037,"Мирамистин, 0,01%, 150 мл",0.00039,0.29157028945962915,0.00011371241288925536,native,21
2027-07-01,1038,"Натрия хлорид, 0,9%, 100 мл",0.00039,2.1101199651333045,0.0008229467864019887,native,21
2027-07-01,1039,"Нафазолин, 0,1%, 15 мл",0.00044,2.077495121664534,0.0009140978535323949,native,21
2027-07-01,1040,"Парацетамол, 500 мг, 10 таблеток",0.00039,0.7134355944616249,0.00027823988184003367,native,21
2027-07-01,1041,"Перекись водорода, 3%, 100 мл",0.00036,0.7062942303537061,0.0002542659229273342,native,21
2027-07-01,1042,"Пиво, л",0.00372,0.44172033457675547,0.0016431996446255304,native,11
2027-07-01,1043,"Поездка на отдых в Египет, поездка",0.0002,2.346780031595416,0.0004693560063190832,native,67
2027-07-01,1045,"Ренгалин, 20 таблеток",0.0004,0.7411006239334434,0.0002964402495733774,native,21
2027-07-01,1046,"Сигареты с фильтром, пачка",0.0086599999999999,0.46999751538975043,0.004070178483275192,native,40
2027-07-01,1048,"Сумка женская, шт.",0.00138,-0.18036864481034573,-0.0002489087298382771,native,13
2027-07-01,1049,"Творог, кг",0.00591,0.546277325600741,0.0032284989943003797,native,24
2027-07-01,1050,"Туфли женские закрытые, пара",0.00196,0.41093848332134914,0.0008054394273098443,native,27
2027-07-01,1051,"Туфли женские летние, босоножки, пара",0.00356,0.02336959697668966,8.319576523701519e-05,native,27
2027-07-01,1054,"Хлеб и булочные изделия из пшеничной муки различных сортов, кг",0.00735,0.7418480630169128,0.005452583263174308,native,49
2027-07-01,1055,"Цитрамон, 10 таблеток",0.00039,0.7677220896227049,0.00029941161495285494,native,21
2027-07-01,1060,"Поездки в страны Закавказья, поездка",0.00022,0.07717542017424223,1.697859243833329e-05,native,67
2027-07-01,1063,"Поездки в отдельные страны Средней Азии, поездка",4e-05,3.2066667777777766,0.00012826667111111108,short_history,67
2027-07-01,1064,"Поездка в Беларусь, поездка",0.0001,0.3822219444444433,3.822219444444433e-05,short_history,67
2027-07-01,1065,"Поездки в отдельные страны Юго-Восточной Азии, поездка",0.00017,1.5553379023491016,0.00026440744339934727,native,67
2027-07-01,1066,"Молоко питьевое цельное пастеризованное более 3,2% жирности, л",0.00142,0.6928412990859503,0.0009838346447020494,native,24
2027-07-01,1067,"Творожок детский, кг",6e-05,-0.12136815521460842,-7.282089312876506e-06,native,24
2027-07-01,1068,"Молоко для детей, л",1e-05,0.6416681813456073,6.416681813456074e-06,native,24
2027-07-01,1069,"Сухие приправы, специи, кг",0.00139,0.5927949918934408,0.0008239850387318827,native,53
2027-07-01,1070,"Трикотажный головной убор для взрослых, шт.",0.00057,0.6900971593499636,0.00039335538082947924,native,43
2027-07-01,1071,"Крем детский, 100 г (100 мл)",0.00137,0.026153225825018417,3.582991938027523e-05,native,30
2027-07-01,1072,"Чемодан, шт.",0.00108,-0.9531655908592404,-0.0010294188381279796,native,13
2027-07-01,1073,"Бумага офисная, упаковка 500 листов",0.00015,0.8011903596292823,0.00012017855394439234,native,54
2027-07-01,1074,"Смарт-часы, шт.",0.00085,-2.808610212632118,-0.0023873186807373,native,37
2027-07-01,1075,"Коньки, пара",0.00035,-1.03655289845795,-0.00036279351446028246,native,54
2027-07-01,1076,"Гипсокартон, м2",0.00075,0.6012775212702433,0.00045095814095268247,native,38
2027-07-01,1077,"Кресло детское автомобильное, шт.",0.00056,0.17300827838755287,9.68846358970296e-05,native,17
2027-07-01,1078,"Соска (пустышка) детская, шт.",6e-05,0.22233084044270815,1.333985042656249e-05,native,21
2027-07-01,1079,"Бутылочка для кормления, шт.",0.00066,0.10362423917228407,6.839199785370749e-05,native,21
2027-07-01,1083,"Поездка на отдых на Черноморское побережье России и в Крым, поездка",0.00205,-1.6414030757924047,-0.00336487630537443,native,55
2027-07-01,1086,"Горошек зеленый консервированный, кг",0.00081,0.714379277777782,0.0005786472150000034,short_history,53
2027-07-01,1087,"Перец сладкий свежий, кг",0.00266,-3.5449980555555474,-0.009429694827777757,short_history,33
2027-07-01,1088,"Робот-пылесос, шт.",0.00116,-0.43555838888888665,-0.0005052477311111085,short_history,51
2027-07-01,1091,"Валосердин, 25 мл",0.00033,-0.18055472222222432,-5.958305833333403e-05,short_history,21
2027-07-01,1094,"Диклофенак, 15 мл",0.00038,0.41833422222222005,0.00015896700444444363,short_history,21
2027-07-01,1095,"Кардиомагнил, 100 таблеток",0.0004,-0.17388783333333574,-6.95551333333343e-05,short_history,21
2027-07-01,1097,"Меновазин, 40 мл",0.00034,-0.23166588888889172,-7.876640222222319e-05,short_history,21
2027-07-01,1099,"Пенталгин, 24 таблетки",0.00035,0.015001111111108884,5.250388888888109e-06,short_history,21
2027-07-01,1100,"Салициловая кислота, 40 мл",0.00031,0.5155563333333306,0.0001598224633333325,short_history,21
2027-07-01,1101,"Спазмалгон, 10 таблеток",0.0004,-0.17944366666666886,-7.177746666666755e-05,short_history,21
2027-07-01,1105,Воздушный и железнодорожный транспорт,0.00569,-0.6900020000000069,-0.003926111380000039,missing_current_observation,47
2027-07-01,1107,"Печень птицы, кг",0.00225,2.0661112222222235,0.004648750250000003,short_history,26
2027-07-01,1108,"Кефир, кг",0.00427,0.7788887777777708,0.0033258550811110814,short_history,24
2027-07-01,1109,"Сырки творожные, глазированные, кг",0.00124,1.0655554999999926,0.0013212888199999908,short_history,24
2027-07-01,1110,"Вода питьевая, л",0.00157,0.7071569444444492,0.0011102364027777852,short_history,53
2027-07-01,1111,"Жидкие средства для стирки, л",0.00146,0.6205552777777777,0.0009060107055555554,short_history,25
2027-07-01,1112,"Помада, шт.",0.00092,-1.3366638333333358,-0.001229730726666669,short_history,30
2027-07-01,1113,"Блоки строительные, 1000 шт.",0.00028,0.18722261111111432,5.2422331111112006e-05,short_history,38
2027-07-01,1114,"Компримированный природный газ, м3",0.00189,13.84111111111111,0.026159699999999998,short_history,42
2027-07-01,1115,"Хлоропирамин, 10 таблеток",0.00036,-0.1811100555555577,-6.519962000000077e-05,short_history,21
2027-07-01,1116,"Цетиризин, 10 таблеток",0.00037,-0.17833238888889172,-6.598298388888994e-05,short_history,21
2027-07-01,1117,"Интерферон альфа-2В, 10 мл",0.00039,-0.28444344444444725,-0.00011093294333333442,short_history,21
2027-07-01,1118,"Метопролол, 10 таблеток",0.00046,-0.45666605555555706,-0.00021006638555555625,short_history,21
2027-07-01,1119,"Спиронолактон, 10 таблеток",0.00035,-0.3855547777777804,-0.00013494417222222315,short_history,21
2027-07-01,1120,"Лозартан, 10 таблеток",0.0004,-0.06333250000000214,-2.5333000000000857e-05,short_history,21
2027-07-01,1121,"Аторвастатин, 10 таблеток",0.0004,-0.16611016666666956,-6.644406666666782e-05,short_history,21
2027-07-01,1122,"Мелоксикам, 10 таблеток",0.00038,-0.3149992777777797,-0.00011969972555555629,short_history,21
2027-07-01,1123,"Кеторолак, 10 таблеток",0.00042,0.6333342222222195,0.0002660003733333322,short_history,21
2027-07-01,1124,"Розувастатин, 10 таблеток",0.00034,-0.2233326666666697,-7.59331066666677e-05,short_history,21
2027-07-01,1125,"Алтея лекарственного травы экстракт, 10 таблеток",0.00041,-0.33444344444444674,-0.00013712181222222316,short_history,21
2027-07-01,1126,"Римантадин, 10 таблеток",0.00032,-0.41444383333333534,-0.00013262202666666732,short_history,21
2027-07-01,1127,"Погребение, услуга",0.00034,-0.05111111111111041,-1.7377777777777543e-05,short_history,12
2027-07-01,1128,"Курьерская доставка, услуга",0.00012,-1.5872736666666658,-0.0001904728399999999,short_history,55
2027-07-01,1129,"Междугородная телефонная связь, минута",0.00019,0.3505558333333383,6.660560833333427e-05,short_history,48
2027-07-01,1131,"Вода минеральная, л",0.00085,0.9421570555555603,0.0008008334972222262,short_history,53
2027-08-01,101,"Абонентская плата за доступ к сети Интернет, месяц",0.0085699999999999,-0.06943698389407305,-0.0005950749519721991,native,48
2027-08-01,103,"Абонентская плата за неограниченный объем местных телефонных соединений, месяц",0.00026,0.3202849937550226,8.327409837630587e-05,native,48
2027-08-01,104,"Абонентская плата за пакет услуг сотовой связи, месяц",0.01009,0.5007303052862849,0.005052368780338615,native,48
2027-08-01,106,"Абонентская плата за телевизионную антенну, месяц",0.00219,0.5877215747817862,0.0012871102487721118,native,48
2027-08-01,107,"Абонентская плата при комбинированной системе оплаты услуг местной телефонной связи, месяц",0.00022,0.3614735969707915,7.952419133357414e-05,native,48
2027-08-01,109,"Авторучка шариковая, шт.",0.00063,1.0157782354789073,0.0006399402883517116,native,54
2027-08-01,112,"Альбом для рисования, шт.",0.00023,0.8093492777892416,0.00018615033389152556,native,54
2027-08-01,113,"Амброксол, 30 мг, 10 таблеток",0.00035,0.18588628568482596,6.506019998968908e-05,native,21
2027-08-01,115,"Апельсины, кг",0.00434,4.296413767961669,0.018646435752953643,native,33
2027-08-01,116,"Аппарат для измерения артериального давления электронный, шт.",0.0002,0.23575945064204662,4.7151890128409325e-05,native,21
2027-08-01,117,"Аренда двухкомнатной квартиры у частных лиц, месяц",0.00506,0.8676100466736008,0.00439010683616842,native,14
2027-08-01,118,"Аренда индивидуального банковского сейфа, в расчете на месяц",0.00011,1.5029031253960228,0.0001653193437935625,native,55
2027-08-01,119,"Аренда однокомнатной квартиры у частных лиц, месяц",0.00435,0.6752341027414785,0.0029372683469254313,native,14
2027-08-01,120,"Ацетилсалициловая кислота (Аспирин отечественный), 500 мг, 10 таблеток",0.00029,1.5526100489490928,0.00045025691419523693,native,21
2027-08-01,121,"Бананы, кг",0.00418,-0.8189362962934046,-0.003423153718506431,native,33
2027-08-01,122,"Баранина (кроме бескостного мяса), кг",0.00651,0.5905578736866715,0.003844531757700231,native,26
2027-08-01,123,"Бараночные изделия, кг",0.00116,0.3600417664640599,0.0004176484490983095,native,49
2027-08-01,124,"Батарейки электрические типа АА, шт.",0.00019,0.31855297083193385,6.052506445806743e-05,native,51
2027-08-01,126,"Белье для новорожденных и детей ясельного возраста, шт.",0.00028,0.6769404504236628,0.00018954332611862556,native,29
2027-08-01,130,"Бензин автомобильный марки АИ-92, л",0.01023,1.5070679407449141,0.01541730503382047,native,42
2027-08-01,131,"Бензин автомобильный марки АИ-95, л",0.01543,3.327143921514291,0.051337830708965505,native,42
2027-08-01,132,"Бензин автомобильный марки АИ-98, л",0.00117,1.198181232720186,0.0014018720422826177,native,42
2027-08-01,134,"Бинт, шт.",4e-05,0.010299442387531055,4.1197769550124225e-07,native,21
2027-08-01,135,"Бисопролол, 10 мг, 10 таблеток",0.00039,0.5530620512744124,0.00021569419999702084,native,21
2027-08-01,136,"Блузка для девочек школьного возраста, шт.",0.00106,1.2275623459924705,0.0013012160867520188,native,29
2027-08-01,137,"Блузка женская, шт.",0.00257,0.3681987338096471,0.0009462707458907931,native,29
2027-08-01,138,"Ботинки, полуботинки для детей дошкольного возраста, пара",0.00078,-0.16826802094779764,-0.00013124905633928215,native,27
2027-08-01,139,"Ботинки, полуботинки для детей школьного возраста, пара",0.0012,0.46742418337494324,0.0005609090200499318,native,27
2027-08-01,141,"Брюки для детей школьного возраста из джинсовой ткани, шт.",0.00098,0.2287340995567656,0.00022415941756563027,native,29
2027-08-01,142,"Брюки для детей школьного возраста из полушерстяных тканей, шт.",0.00088,0.5562434731516132,0.0004894942563734196,native,29
2027-08-01,143,"Брюки женские из полушерстяных или смесовых тканей, шт.",0.00204,0.4198118535527492,0.0008564161812476084,native,29
2027-08-01,144,"Брюки мужские из джинсовой ткани (джинсы), шт.",0.00408,0.5213902179680712,0.0021272720893097305,native,29
2027-08-01,145,"Брюки мужские из полушерстяных или смесовых тканей, шт.",0.00183,0.4631871441286147,0.000847632473755365,native,29
2027-08-01,146,"Булочные изделия сдобные из муки высшего сорта штучные, кг",0.00169,0.7511110680929382,0.0012693777050770654,native,49
2027-08-01,147,"Бумага туалетная, рулон",0.00099,0.22420581795052918,0.0002219637597710239,native,54
2027-08-01,149,"Бюстгальтер, шт.",0.00143,0.41686603431585856,0.0005961184290716778,native,13
2027-08-01,150,"Валидол, 60 мг, 10 таблеток",0.00032,-2.390638614635148,-0.0007650043566832475,native,21
2027-08-01,152,"Варенье, джем, повидло, кг",0.00113,0.38940956840137086,0.000440032812293549,native,53
2027-08-01,154,"Вата отечественная, 100 г",0.00014,0.49103326321456997,6.874465685003979e-05,native,21
2027-08-01,155,"Велосипед для дошкольников, шт.",0.00107,-0.10002969620128017,-0.00010703177493536978,native,54
2027-08-01,156,"Велосипед дорожный для взрослых, шт.",0.00059,-0.05870422705236217,-3.463549396089368e-05,native,54
2027-08-01,158,"Вермишель, кг",0.00142,0.13904843710326273,0.00019744878068663307,native,18
2027-08-01,162,"Взносы на капитальный ремонт, м2",0.00784,0.08550932407596012,0.0006703931007555273,native,14
2027-08-01,164,"Вино виноградное крепленое, л",0.00134,0.12720464115071062,0.00017045421914195223,native,11
2027-08-01,165,"Вино виноградное столовое, л",0.00172,0.538373553085842,0.0009260025113076482,native,11
2027-08-01,166,"Вино игристое отечественное, л",0.00136,0.285807459826739,0.00038869814536436506,native,11
2027-08-01,167,"Виноград, кг",0.00338,-5.420996127194856,-0.018322966909918616,native,33
2027-08-01,171,"Водка, л",0.0033,-0.13119998121072107,-0.0004329599379953795,native,11
2027-08-01,172,"Водоотведение, м3",0.00325,0.47744143554939955,0.0015516846655355486,native,14
2027-08-01,173,"Водоснабжение горячее, м3",0.00592,1.165118977481344,0.006897504346689556,native,14
2027-08-01,174,"Водоснабжение холодное, м3",0.0053,0.7662448727692017,0.004061097825676769,native,14
2027-08-01,181,"Выполнение обойных работ, 10 м2",0.00103,0.5629121360505953,0.0005797995001321132,native,12
2027-08-01,182,"Выполнение работ по облицовке кафельной плиткой, м2",0.00119,0.5383532326865081,0.0006406403468969447,native,12
2027-08-01,184,"Газ сетевой, м3",0.01097,0.6811176413789142,0.007471860525926689,native,14
2027-08-01,185,"Газ сетевой, месяц с человека",0.0095,0.6839518348315494,0.006497542430899719,native,14
2027-08-01,189,"Газовое моторное топливо, л",0.00226,1.8742419189415875,0.004235786736807988,native,42
2027-08-01,195,"Говядина (кроме бескостного мяса), кг",0.01634,0.751243642628661,0.01227532112055232,native,26
2027-08-01,196,"Говядина бескостная, кг",0.01193,0.6258922810184893,0.007466894912550577,native,26
2027-08-01,197,"Годовая стоимость полиса добровольного страхования жилья от стандартных рисков, полис",0.00027,0.5774031070394046,0.00015589883890063924,native,55
2027-08-01,198,"Годовая стоимость полиса добровольного страхования легкового автомобиля от стандартных рисков (КАСКО), полис",0.00223,0.37334068061067976,0.0008325497177618159,native,55
2027-08-01,203,"Горох и фасоль, кг",0.00191,0.37883554146934184,0.0007235758842064429,native,18
2027-08-01,204,"Груши, кг",0.00292,-1.9928017867434529,-0.005818981217290882,native,33
2027-08-01,205,"Джемпер для детей школьного возраста, шт.",0.00045,0.41519631591123163,0.00018683834216005424,native,43
2027-08-01,206,"Джемпер женский, шт.",0.00129,0.5091738161673648,0.0006568342228559005,native,43
2027-08-01,207,"Джемпер мужской, шт.",0.00127,0.49678962983874375,0.0006309228298952047,native,43
2027-08-01,208,"Диван-кровать, шт.",0.00253,0.33780679808368586,0.0008546511991517253,native,20
2027-08-01,209,"Дизельное топливо, л",0.00286,0.332543185158758,0.000951073509554048,native,42
2027-08-01,210,"Дом отдыха, пансионат, день",0.00177,0.3199999999999932,0.000566399999999988,short_history,35
2027-08-01,211,"Дополнительные занятия в государственных и муниципальных общеобразовательных организациях очной формы обучения, академический час",0.00031,0.13807326878033074,4.280271332190253e-05,native,44
2027-08-01,212,"Дополнительные занятия для детей дошкольного возраста, академический час",0.00189,0.41074679362744737,0.0007763114399558756,native,44
2027-08-01,213,"Доска обрезная, м3",0.00153,1.0966371282451661,0.0016778548062151041,native,38
2027-08-01,214,"Дрель электрическая, шт.",0.00056,0.42471652129539117,0.00023784125192541903,native,15
2027-08-01,216,"Дротаверин (Но-шпа), 40 мг, 100 таблеток",0.00039,0.03905645885496667,1.5232018953437001e-05,native,21
2027-08-01,218,"Еврошифер, 10 м2",0.00011,0.9794633952782182,0.00010774097348060401,native,38
2027-08-01,221,"Жевательная резинка, упаковка",0.00016,0.3891674089652015,6.226678543443225e-05,native,16
2027-08-01,223,"Жидкие чистящие и моющие средства, л",0.00353,0.22038066815450844,0.0007779437585854148,native,25
2027-08-01,228,"Занятия в плавательных бассейнах, месяц",0.00091,0.9866487571952816,0.0008978503690477062,native,55
2027-08-01,229,"Занятия на курсах иностранных языков, академический час",0.00156,0.47138353274685707,0.000735358311085097,native,44
2027-08-01,230,"Занятия на курсах профессионального обучения, академический час",0.00123,0.17102361788798662,0.00021035905000222352,native,44
2027-08-01,231,"Земля для растений, л",0.00027,0.5751528453634274,0.0001552912682481254,native,54
2027-08-01,232,"Зеркало навесное для ванной комнаты, шт.",0.00125,0.29029104193351485,0.00036286380241689356,native,20
2027-08-01,233,"Зефир, пастила, кг",0.00143,0.5346448018525141,0.0007645420666490951,native,16
2027-08-01,234,"Зонт, шт.",0.00109,0.5326236569095,0.000580559786031355,native,13
2027-08-01,236,"Игрушки мягкие, шт.",0.00012,0.43232115528339243,5.1878538634007094e-05,native,54
2027-08-01,237,"Игрушки пластмассовые для детей ясельного возраста, шт.",0.00039,0.6713775609763919,0.00026183724878079285,native,54
2027-08-01,238,"Изготовление гроба, шт.",0.00038,0.12794952822875116,4.8620820726925446e-05,native,12
2027-08-01,239,"Изготовление коронки, шт.",0.00131,0.4924574419602293,0.0006451192489679003,native,22
2027-08-01,240,"Изготовление съёмного протеза, протез",0.00127,0.3189752605159133,0.0004050985808552099,native,22
2027-08-01,241,"Изготовление фотографий для документов, 4 шт.",0.00011,0.8174142118298942,8.991556330128835e-05,native,12
2027-08-01,243,"Икра лососевых рыб, отечественная, кг",0.00046,0.6081204475071722,0.00027973540585329924,native,34
2027-08-01,244,"Индапамид, 2,5 мг, 10 таблеток",0.00035,0.14222166666666347,4.9777583333332214e-05,calendar_gap_in_required_features,21
2027-08-01,245,"Йогурт, 125 г",0.00113,0.517975772990297,0.0005853126234790355,native,24
2027-08-01,246,"Йод, 10 мл",0.00036,1.02039617051908,0.0003673426213868688,native,21
2027-08-01,247,"Какао, кг",0.00055,0.378590904646005,0.00020822499755530276,native,50
2027-08-01,248,"Кальмары мороженые, кг",0.00023,0.021208699357977423,4.878000852334807e-06,native,34
2027-08-01,249,"Капуста белокочанная свежая, кг",0.00236,-0.7289039540545368,-0.001720213331568707,native,33
2027-08-01,250,"Карамель, кг",0.00369,-0.10030873297234161,-0.00037013922466794057,native,16
2027-08-01,251,"Карандаш чернографитный, шт.",0.00034,0.9260878499173478,0.0003148698689718983,native,54
2027-08-01,252,"Картофель, кг",0.00612,-2.2593562223966908,-0.013827260081067747,native,33
2027-08-01,253,"Кастрюля из эмалированной или нержавеющей стали, шт.",0.00178,0.22499436603152476,0.00040048997153611406,native,54
2027-08-01,254,"Кексы, рулеты, кг",0.00333,0.21388742369584712,0.0007122451209071709,native,16
2027-08-01,256,"Кетчуп, кг",0.00182,0.3124899600135732,0.0005687317272247033,native,53
2027-08-01,257,"Кинотеатры, билет",0.00023,0.11571455504712645,2.6614347660839085e-05,native,46
2027-08-01,258,"Кирпич красный, 1000 шт.",0.00015,0.6828391805516748,0.00010242587708275122,native,38
2027-08-01,259,"Кисломолочные продукты, кг",0.00311,0.44910180365559127,0.0013967066093688888,native,24
2027-08-01,260,"Клинический осмотр животного, посещение",0.00037,0.5607849177165832,0.00020749041955513578,native,55
2027-08-01,261,"Книга художественная, шт.",0.00028,0.270068095856732,7.561906683988495e-05,native,32
2027-08-01,263,"Ковер, ковровое покрытие (палас) синтетический, м2",0.00279,0.5281533121845816,0.0014735477409949826,native,54
2027-08-01,265,"Колбаса вареная, кг",0.00464,-0.15632291497382522,-0.000725338325478549,native,26
2027-08-01,266,"Колбаса полукопченая и варено-копченая, кг",0.00298,0.27347620919572174,0.0008149591034032508,native,26
2027-08-01,267,"Колбаса сырокопченая, кг",0.00053,0.47270146568185123,0.00025053177681138113,native,26
2027-08-01,271,"Колготки детские, шт.",0.00035,0.05689455209511196,1.9913093233289186e-05,native,54
2027-08-01,272,"Колготки женские эластичные, шт.",0.00127,0.4871504149499494,0.0006186810269864357,native,54
2027-08-01,273,"Кольцо обручальное золотое, грамм",0.00353,0.7700319237690005,0.002718212690904572,native,54
2027-08-01,274,"Коляска для новорожденного, шт.",0.00064,0.10123467847657051,6.479019422500513e-05,native,13
2027-08-01,275,"Комбинезон (костюм) утепленный для детей дошкольного возраста, шт.",0.00047,0.80339789489545,0.00037759701060086147,native,29
2027-08-01,276,"Комбинезон утепленный для детей до одного года, шт.",0.00038,0.7637648115203239,0.0002902306283777231,native,29
2027-08-01,280,"Комплект постельного белья полутораспальный из хлопчатобумажной ткани, комплект",0.0027,0.4912085567571093,0.0013262631032441951,native,29
2027-08-01,281,"Комплект столовых приборов, комплект на 1 человека",0.00028,0.3727043153492231,0.00010435720829778246,native,54
2027-08-01,282,"Компьютер персональный переносной (ноутбук), шт.",0.00185,-0.14227668129612647,-0.000263211860397834,native,31
2027-08-01,283,"Компьютер планшетный, шт.",0.00162,-0.4135369258165834,-0.0006699298198228651,native,31
2027-08-01,285,"Консервы мясные для детского питания, кг",3e-05,0.6554381078166147,1.966314323449844e-05,native,26
2027-08-01,286,"Консервы мясные, 350 г",0.00041,0.43054653696365486,0.0001765240801550985,native,26
2027-08-01,288,"Консервы овощные для детского питания, кг",8e-05,0.07796587702629534,6.237270162103628e-06,native,53
2027-08-01,290,"Консервы рыбные в томатном соусе, 350 г",0.0005,0.5173992576643617,0.00025869962883218086,native,34
2027-08-01,291,"Консервы рыбные натуральные и с добавлением масла, 350 г",0.0013,0.7154579581284097,0.0009300953455669326,native,34
2027-08-01,292,"Консервы томатные, кг",0.00128,0.3485200053089043,0.00044610560679539754,native,53
2027-08-01,294,"Консервы фруктово-ягодные для детского питания, кг",9e-05,0.00045579597396505633,4.1021637656855074e-08,native,53
2027-08-01,295,"Конструктор детский пластмассовый, набор",0.00029,-0.046910655729987386,-1.3604090161696342e-05,native,54
2027-08-01,296,"Конфеты мягкие, глазированные шоколадом, кг",0.00332,0.08518242399851328,0.0002828056476750641,native,16
2027-08-01,298,"Конфеты шоколадные натуральные и с добавками, кг",0.003,-0.21570609766419502,-0.0006471182929925851,native,16
2027-08-01,301,"Коньяк ординарный отечественный, л",0.00278,0.18580495949058967,0.0005165377873838393,native,11
2027-08-01,302,"Корвалол, 25 мл",0.00039,0.6501556021657842,0.0002535606848446558,native,21
2027-08-01,303,"Корригирующие очки, шт.",0.00097,0.3193382666538332,0.0003097581186542182,native,21
2027-08-01,304,"Костюм-двойка мужской из шерстяных, полушерстяных или смесовых  тканей, шт.",0.00255,0.35335805751379307,0.0009010630466601724,native,29
2027-08-01,305,"Костюм спортивный для взрослых, шт.",0.00175,0.3586197615114505,0.0006275845826450384,native,43
2027-08-01,306,"Костюм спортивный для детей школьного возраста, шт.",0.00141,0.4031551230142512,0.0005684487234500943,native,43
2027-08-01,307,"Костюм трикотажный для детей ясельного возраста, шт.",0.00037,0.5032568165320496,0.00018620502211685834,native,43
2027-08-01,309,"Кофе в организациях быстрого обслуживания, 200 г",0.00148,0.5038951535990536,0.0007457648273265993,native,28
2027-08-01,310,"Кофе натуральный в зернах и молотый, кг",0.00406,0.5308589911754875,0.0021552875041724795,native,50
2027-08-01,311,"Кофе натуральный растворимый, кг",0.00547,-0.11187410787848784,-0.0006119513700953285,native,50
2027-08-01,312,"Краска для волос, шт.",0.00069,0.2410073300262098,0.00016629505771808477,native,30
2027-08-01,313,"Краски масляные, эмали отечественные, кг",0.00097,0.9978796753604389,0.0009679432850996257,native,38
2027-08-01,314,"Креветки мороженые неразделанные, кг",0.00036,0.2806389201221635,0.00010103001124397887,native,34
2027-08-01,315,"Крем для лица, 100 г (100 мл)",0.00159,0.4287628338810101,0.0006817329058708061,native,30
2027-08-01,316,"Кровать для новорожденных,шт.",0.00051,0.09693118530469327,4.943490450539357e-05,native,20
2027-08-01,319,"Кроссовые туфли для детей с верхом из искусственной кожи, пара",0.00156,0.10710724117277615,0.0001670872962295308,native,27
2027-08-01,320,"Крупа гречневая-ядрица, кг",0.00337,0.43551528165663334,0.0014676864991828545,native,18
2027-08-01,322,"Крупа манная, кг",0.00059,0.054503352735519095,3.2156978113956266e-05,native,18
2027-08-01,323,"Крупы овсяная и перловая, кг",0.00032,0.20778590090561594,6.64914882897971e-05,native,18
2027-08-01,324,"Ксерокопирование документа, лист",0.0009,0.6165607159843604,0.0005549046443859243,native,55
2027-08-01,325,"Ксилометазолин (Галазолин) 0,1%, 10 мл",0.00051,0.23762079736229735,0.00012118660665477165,native,21
2027-08-01,326,"Кулинарные изделия из птицы, кг",0.00167,0.7913610185047867,0.0013215729009029937,native,26
2027-08-01,327,"Куртка для детей дошкольного возраста с верхом из плащевых тканей утепленная, шт.",0.00088,0.9424507188166553,0.0008293566325586567,native,29
2027-08-01,328,"Куртка для детей школьного возраста с верхом из плащевых тканей утепленная, шт.",0.00084,0.621529408485084,0.0005220847031274706,native,29
2027-08-01,329,"Куртка женская без утеплителя (ветровка), шт.",0.00271,0.300993891986471,0.0008156934472833364,native,29
2027-08-01,330,"Куртка мужская без утеплителя (ветровка), шт.",0.00269,0.2831696091975735,0.0007617262487414727,native,29
2027-08-01,331,"Куртка мужская из натуральной кожи, шт.",0.00068,0.37363267924719307,0.0002540702218880913,native,29
2027-08-01,332,"Куртка мужская с верхом из плащевых тканей утепленная, шт.",0.00192,0.4529732911877164,0.0008697087190804155,native,29
2027-08-01,333,"Куры охлажденные и мороженые, кг",0.00958,1.2499833388412742,0.011974840386099406,native,26
2027-08-01,334,"Ламинат, м2",0.00167,0.43907622568028926,0.0007332572968860831,native,38
2027-08-01,335,"Лампа электрическая осветительная, шт.",0.00019,0.6595682767081738,0.00012531797257455302,native,51
2027-08-01,336,"Лампа энергосберегающая, шт.",0.00022,0.6816696148214789,0.00014996731526072536,native,51
2027-08-01,337,"Левомеколь, мазь, 40 г",0.00041,0.47030277271513,0.00019282413681320329,native,21
2027-08-01,338,"Легковой автомобиль импортный подержанный, шт.",0.01012,0.17881005598299662,0.0018095577665479259,native,17
2027-08-01,339,"Легковой автомобиль иностранной марки новый, шт.",0.00959,0.298888666666663,0.002866342313333298,insufficient_training_rows,17
2027-08-01,340,"Легковой автомобиль отечественный новый, шт.",0.00753,0.20214609417662582,0.0015221600891499926,native,17
2027-08-01,341,"Лечебный массаж, сеанс",0.00013,0.4204647373991502,5.466041586188952e-05,native,22
2027-08-01,342,"Лечение кариеса, пломба",0.00221,0.721389046350326,0.0015942697924342206,native,22
2027-08-01,343,"Лимоны, кг",0.00185,-0.8789404394893086,-0.001626039813055221,native,33
2027-08-01,345,"Линолеум, м2",0.00085,0.5329885620852833,0.0004530402777724908,native,38
2027-08-01,346,"Лопата садовая, шт.",0.00015,0.7186316140145286,0.00010779474210217927,native,54
2027-08-01,347,"Лоперамид, 2 мг, 10 капсул (таблеток)",0.00036,0.19735261679746063,7.104694204708583e-05,native,21
2027-08-01,349,"Лук репчатый, кг",0.00236,-9.040316400146395,-0.021335146704345494,native,33
2027-08-01,350,"Майка, футболка женская бельевая, шт.",0.00079,0.49697859728395266,0.0003926130918543226,native,43
2027-08-01,351,"Майка, футболка мужская бельевая, шт.",0.00151,0.5814631083782208,0.0008780092936511134,native,43
2027-08-01,352,"Майонез, кг",0.00223,0.278767842057537,0.0006216522877883076,native,53
2027-08-01,354,"Макаронные изделия из пшеничной муки высшего сорта, кг",0.00382,0.11392132018217299,0.00043517944309590085,native,18
2027-08-01,355,"Маникюр,услуга",0.0057,0.6547600978265222,0.003732132557611177,native,12
2027-08-01,357,"Маргарин, кг",0.0008,0.11259361106424487,9.00748888513959e-05,native,19
2027-08-01,358,"Масло оливковое, л",0.00257,0.15971708605350848,0.0004104729111575168,native,19
2027-08-01,359,"Масло подсолнечное, кг",0.00543,0.4776363447849917,0.002593565352182505,native,19
2027-08-01,360,"Масло сливочное, кг",0.00872,0.7135006237831668,0.006221725439389215,native,19
2027-08-01,362,"Матрас детский, шт.",0.00051,0.28007476224043404,0.00014283812874262136,native,20
2027-08-01,363,"Машина стиральная автоматическая, шт.",0.0019,0.04160685363617589,7.905302190873419e-05,native,51
2027-08-01,365,"Мёд пчелиный натуральный, кг",0.00469,0.4669149071190838,0.0021898309143885027,native,53
2027-08-01,369,"Металлочерепица, м2",0.00052,1.3199180487843738,0.0006863573853678743,native,38
2027-08-01,370,"Метамизол натрия (Анальгин отечественный), 500 мг, 10 таблеток",0.00036,0.8882783629474672,0.0003197802106610882,native,21
2027-08-01,373,"Миксер, блендер, шт.",0.00176,-0.4362062812487576,-0.0007677230549978134,native,51
2027-08-01,374,"Мойка из нержавеющей стали для кухни, шт.",0.00182,0.5617037447783075,0.0010223008154965198,native,38
2027-08-01,375,"Мойка легкового автомобиля, услуга",0.00529,0.9752866084709286,0.0051592661588112125,native,12
2027-08-01,378,"Молоко питьевое цельное пастеризованное 2,5-3,2% жирности, л",0.00302,0.43780675990486856,0.0013221764149127031,native,24
2027-08-01,379,"Молоко питьевое цельное стерилизованное 2,5-3,2% жирности, л",0.00232,0.2721282290392403,0.0006313374913710374,native,24
2027-08-01,380,"Молоко сгущенное с сахаром, 400 г",0.00113,0.37633825706264723,0.00042526223048079133,native,24
2027-08-01,381,"Монитор для настольного компьютера, шт.",0.00052,-0.0940818850243984,-4.8922580212687164e-05,native,31
2027-08-01,382,"Морковь, кг",0.0021,-6.2506921242435,-0.013126453460911349,native,33
2027-08-01,384,"Мороженое сливочное, кг",0.00491,0.7674006057130544,0.003767936974051097,native,53
2027-08-01,386,"Музеи и выставки, билет",9e-05,1.2849350843796112,0.00011564415759416502,native,46
2027-08-01,388,"Мука пшеничная, кг",0.00424,0.054404898776413746,0.00023067677081199428,native,53
2027-08-01,389,"Мыло туалетное, 100 г",0.00099,0.6712682203191138,0.0006645555381159226,native,25
2027-08-01,390,"Мыло хозяйственное, 200 г",0.00174,0.5192251127959233,0.0009034516962649066,native,25
2027-08-01,393,"Мясо индейки, кг",0.00424,0.3320064949298032,0.0014077075385023655,native,26
2027-08-01,395,"Мясокопчености, кг",0.00303,0.5351152588234234,0.001621399234234973,native,26
2027-08-01,396,"Мяч футбольный, шт.",0.00026,0.38575968445535314,0.00010029751795839181,native,54
2027-08-01,397,"Набор корпусной мебели, комплект",0.00062,0.5302952797233502,0.00032878307342847714,native,20
2027-08-01,399,"Набор фломастеров, набор",0.00032,0.8027877393340781,0.000256892076586905,native,54
2027-08-01,400,"Наём жилых помещений в государственном и муниципальном жилищных фондах, м2 общей площади",0.00012,2.0150172566110696,0.00024180207079332837,native,14
2027-08-01,402,"Напитки газированные, л",0.00389,0.511578265017048,0.0019900394509163163,native,53
2027-08-01,404,"Национальные сыры и брынза, кг",0.00741,0.37762308469241446,0.002798187057570791,native,39
2027-08-01,405,"Начальный курс обучения вождению легкового автомобиля, курс",0.00108,0.6868627973692043,0.0007418118211587406,native,44
2027-08-01,406,"Нимесулид, 100 мг, 10 таблеток",0.0004,0.3225005655767387,0.00012900022623069546,native,21
2027-08-01,408,"Нитки швейные, катушка",0.00011,0.46533953422269236,5.118734876449616e-05,native,54
2027-08-01,410,"Носки мужские, пара",0.00108,0.40676443161238907,0.0004393055861413802,native,54
2027-08-01,411,"Носки, гольфы детские, пара",0.00017,0.024799736622471813,4.215955225820209e-06,native,54
2027-08-01,412,"Обед в ресторане, на 1 человека",0.00201,0.5989813010620386,0.0012039524151346976,native,28
2027-08-01,413,"Обед в столовой, кафе, закусочной (кроме столовой в организации), на 1 человека",0.00697,0.6635899709336185,0.004625222097407321,native,28
2027-08-01,415,"Обои виниловые, 10 м",0.00248,0.6687722401648593,0.001658555155608851,native,38
2027-08-01,416,"Обращение с твердыми коммунальными отходами, с человека",0.00398,0.7830101701438914,0.003116380477172688,native,14
2027-08-01,420,"Обувь домашняя с текстильным верхом для взрослых, пара",0.00161,0.5409655088582555,0.0008709544692617914,native,27
2027-08-01,421,"Обувь домашняя с текстильным верхом для детей, пара",0.00017,0.6525743564717469,0.00011093764060019698,native,27
2027-08-01,426,"Обучение в государственных и муниципальных образовательных организациях высшего профессионального образования, семестр",0.00346,0.7848204452078205,0.002715478740419059,native,44
2027-08-01,427,"Обучение в негосударственных образовательных организациях высшего профессионального образования, семестр",0.00191,0.0,0.0,native,44
2027-08-01,429,"Обучение в образовательных организациях среднего профессионального образования, семестр",0.0022,1.670175984693775,0.003674387166326305,native,44
2027-08-01,430,"Общий анализ крови, анализ",0.00092,0.2627610084479798,0.00024174012777214142,native,22
2027-08-01,432,"Овощи замороженные, кг",0.00068,0.5364021032269918,0.0003647534301943544,native,33
2027-08-01,433,"Овощи натуральные консервированные, маринованные, кг",0.0028,0.4587043347024039,0.0012843721371667309,native,53
2027-08-01,434,"Овсяные хлопья ""Геркулес"", кг",0.00132,0.34593337014654046,0.0004566320485934334,native,18
2027-08-01,435,"Огурцы свежие, кг",0.00468,5.581896805196809,0.026123277048321066,native,33
2027-08-01,442,"Одеяло стеганое, шт.",0.00247,0.2758775859190208,0.0006814176372199813,native,29
2027-08-01,443,"Окорочка куриные, кг",0.00549,0.7275140070042292,0.003994051898453218,native,26
2027-08-01,447,"Орехи, кг",0.0019,-0.17817409884319127,-0.0003385307878020634,native,33
2027-08-01,448,"Отопление, Гкал",0.00924,0.7299094617872969,0.006744363426914623,native,14
2027-08-01,449,"Оформление доверенности в нотариальной конторе, услуга",0.00012,-0.05395338114721571,-6.474405737665885e-06,native,55
2027-08-01,451,"Пальто (полупальто) женское с верхом из плащевых тканей, шт.",0.00177,0.39975579583927984,0.0007075677586355254,native,29
2027-08-01,452,"Пальто женское демисезонное из шерстяных или полушерстяных тканей, шт.",0.00203,0.5833034792453567,0.0011841060628680743,native,29
2027-08-01,453,"Пальто женское зимнее из шерстяных или полушерстяных тканей, шт.",0.00095,0.6089564104995797,0.0005785085899746007,native,29
2027-08-01,454,"Пальто женское меховое и дубленка, шт.",0.00102,0.4186516344679528,0.0004270246671573119,native,23
2027-08-01,455,"Панкреатин, 10 таблеток",0.00038,0.28003210384101657,0.0001064121994595863,native,21
2027-08-01,456,"Панталоны, трусы женские, шт.",0.00127,0.46970183140207966,0.0005965213258806412,native,43
2027-08-01,457,"Паста зубная, 100 г (100 мл)",0.00191,0.3250705228062536,0.0006208846985599444,native,30
2027-08-01,458,"Пеленки для новорожденных, шт.",0.00019,0.16204312388723752,3.078819353857513e-05,native,29
2027-08-01,459,"Пельмени, манты, равиоли, кг",0.00524,0.5430971374540047,0.0028458290002589845,native,26
2027-08-01,460,"Первичный консультативный осмотр больного у стоматолога, посещение",0.00106,0.11795736892247008,0.0001250348110578183,native,22
2027-08-01,461,"Первичный консультативный прием у врача специалиста, посещение",0.00207,0.5878046194710274,0.0012167555623050265,native,22
2027-08-01,464,"Пересылка простого письма внутри России, массой до 20 г, шт.",1e-05,0.20438980202848983,2.0438980202848983e-06,native,55
2027-08-01,466,"Перчатки из натуральной кожи, пара",0.00011,0.6141809181863364,6.7559901000497e-05,native,13
2027-08-01,467,"Перчатки трикотажные женские, пара",6e-05,0.670256528984547,4.021539173907282e-05,native,43
2027-08-01,468,"Печать цветных фотографий, шт.",0.00011,0.8716584783938413,9.588243262332254e-05,native,12
2027-08-01,469,"Печень говяжья, свиная, кг",0.00275,0.14741566325034822,0.00040539307393845756,native,26
2027-08-01,470,"Печенье, кг",0.00549,0.39704470062421243,0.002179775406426926,native,16
2027-08-01,471,"Печь микроволновая, шт.",0.00067,-0.0002940083998468901,-1.9698562789741636e-07,native,51
2027-08-01,475,"Пиджак, жакет женский из шерстяных, полушерстяных или смесовых тканей, шт.",0.00359,0.39937445800589755,0.0014337543042411722,native,29
2027-08-01,478,"Плата за пересылку простой посылки внутри России массой 1-2 кг, шт.",0.00013,0.7249651968090328,9.424547558517426e-05,native,55
2027-08-01,479,"Плата за пользование потребительским кредитом (процентная ставка в стоимостном выражении), руб.",0.00656,-0.2229679014142848,-0.0014626694332777082,native,55
2027-08-01,480,"Платье (платье-костюм) женское из полушерстяных или смесовых тканей, шт.",0.00401,0.42858046055985893,0.0017186076468450342,native,29
2027-08-01,481,"Платье (платье-костюм) женское из хлопчатобумажных или смесовых тканей, шт.",0.00396,0.5389375814606987,0.002134192822584367,native,29
2027-08-01,482,"Платье (платье-костюм, сарафан) для девочек школьного возраста из полушерстяных, смесовых  тканей, шт.",0.00051,0.44770300743147295,0.00022832853379005122,native,29
2027-08-01,483,"Платье (сарафан) летнее для девочек дошкольного возраста, шт.",0.00029,0.29706353873763364,8.614842623391375e-05,native,29
2027-08-01,484,"Плита бытовая, шт.",0.00148,-0.03976731403091838,-5.88556247657592e-05,native,51
2027-08-01,485,"Плитка керамическая, облицовочная для внутренних работ, м2",0.0019,0.40890452665952476,0.0007769186006530971,native,38
2027-08-01,486,"Плиты древесностружечные, ориентированно-стружечные, м2",0.0008899999999999,0.9198859509812546,0.0008186984963732246,native,38
2027-08-01,487,"Повторное получение гербового документа в органах ЗАГС, документ",0.00057,-0.05217074728701038,-2.9737325953595915e-05,native,55
2027-08-01,488,"Подгузники детские бумажные (памперсы), 10 шт.",0.00114,-0.03913459509740151,-4.461343841103772e-05,native,54
2027-08-01,489,"Подушка, шт.",0.00248,0.4800089507181623,0.0011904221977810424,native,29
2027-08-01,496,"Ползунки из хлопчатобумажного трикотажного полотна, шт.",0.00019,0.6431733272891929,0.00012220293218494666,native,29
2027-08-01,500,"Полотенце кухонное, шт.",0.0012,0.6961365278275563,0.0008353638333930675,native,54
2027-08-01,501,"Полотенце личное, шт.",0.00239,0.5757521551031413,0.0013760476506965078,native,54
2027-08-01,502,"Полуботинки мужские с верхом из искусственной кожи, пара",0.00083,0.46224245742853465,0.00038366123966568377,native,27
2027-08-01,503,"Полуботинки, туфли мужские с верхом из натуральной кожи, пара",0.00277,0.3585132264872861,0.0009930816373697824,native,27
2027-08-01,505,"Пользование общественным туалетом, посещение",0.00047,1.0941127498288097,0.0005142329924195405,native,55
2027-08-01,506,"Помидоры свежие, кг",0.00574,-4.343059611982771,-0.02492916217278111,native,33
2027-08-01,507,"Помывка в бане в общем отделении, билет",0.00103,1.6483643677282949,0.0016978152987601439,native,12
2027-08-01,508,"Порошок стиральный, кг",0.00342,0.3622440063102344,0.0012388745015810016,native,25
2027-08-01,509,"Посещение детского ясли-сада, день",0.00038,-0.026492111200118768,-1.0067002256045132e-05,native,44
2027-08-01,511,"Постановка набоек, пара",0.00055,0.46322929353804554,0.00025477611144592504,native,12
2027-08-01,513,"Пребывание пациента в круглосуточном стационаре, койко-день",0.00042,-0.18846657463045552,-7.915596134479133e-05,native,22
2027-08-01,514,"Предоставление абоненту в постоянное пользование абонентской линии независимо от ее типа, месяц",0.00024,0.27720619418356546,6.652948660405571e-05,native,48
2027-08-01,518,"Предоставление местного телефонного соединения при повременной системе оплаты услуг связи, минута",0.00024,0.4703541841389108,0.00011288500419333859,native,48
2027-08-01,519,"Прививка животного, шт.",0.00019,0.28270881383522906,5.371467462869353e-05,native,55
2027-08-01,524,"Продукция предприятий общественного питания быстрого обслуживания (сэндвич типа ""Гамбургер""), шт.",0.00269,0.6038508554297979,0.0016243588011061565,native,28
2027-08-01,525,"Проезд в городском автобусе,поездка",0.00185,1.4112043990396241,0.002610728138223305,native,47
2027-08-01,527,"Проезд в маршрутном такси, поездка",0.00869,0.2292379737632676,0.0019920779920027955,native,47
2027-08-01,528,"Проезд в междугородном автобусе, в расчете на 50 км пути",0.00057,0.5817950961448164,0.00033162320480254533,native,47
2027-08-01,531,"Проезд в такси, в расчете на 1 км пути",0.00415,0.9320766393645344,0.003868118053362818,native,47
2027-08-01,533,"Проезд в троллейбусе, поездка",0.0001,1.1592542215147728,0.00011592542215147728,native,47
2027-08-01,535,"Проживание в студенческом общежитии, месяц",2e-05,0.7618935159542797,1.5237870319085595e-05,native,55
2027-08-01,538,"Пряники, кг",0.0019,0.38008969781617113,0.0007221704258507252,native,16
2027-08-01,539,"Пшено, кг",0.00118,0.7420303182483465,0.000875595775533049,native,18
2027-08-01,540,"Ранец, рюкзак для школьников, шт.",0.00108,1.1000087033955692,0.0011880093996672148,native,13
2027-08-01,541,"Регулировка развала-схождения колес легкового автомобиля, один вид работы",0.00423,0.635106487888884,0.0026865004437699796,native,12
2027-08-01,542,"Ремень мужской, шт.",0.00059,0.2036925975487779,0.00012017863255377896,native,13
2027-08-01,543,"Ремонт  телевизоров, один вид работы",0.00037,0.6590375189050948,0.00024384388199488505,native,12
2027-08-01,544,"Ремонт брюк из всех видов тканей, один вид работы",0.00018,0.40851102739248457,7.353198493064722e-05,native,12
2027-08-01,548,"Ремонт холодильников всех марок, один вид работы",0.00042,0.5048878462249566,0.0002120528954144818,native,12
2027-08-01,552,"Рис шлифованный, кг",0.00479,0.11647282356676097,0.0005579048248847851,native,18
2027-08-01,554,"Рубероид, 10 м",0.00011,0.5694834360617842,6.264317796679626e-05,native,38
2027-08-01,555,"Рыба живая и охлажденная, кг",0.00395,0.6912902537018442,0.002730596502122285,native,34
2027-08-01,558,"Рыба мороженая неразделанная, кг",0.00303,0.5197362241720714,0.0015748007592413765,native,34
2027-08-01,559,"Рыба мороженая разделанная (кроме лососевых пород), кг",0.005,0.4355518655253875,0.0021777593276269373,native,34
2027-08-01,560,"Рыба охлажденная и мороженая разделанная лососевых пород, кг",0.00181,0.8461421689907269,0.0015315173258732156,native,34
2027-08-01,561,"Рыба соленая, маринованная, копченая, кг",0.00142,0.6564729617693748,0.0009321916057125121,native,34
2027-08-01,563,"Рюмка, фужер из простого стекла, шт.",0.00054,0.48981630077680816,0.0002645008024194764,native,54
2027-08-01,565,"Санаторий, день",0.001,0.21250627008553788,0.0002125062700855379,native,35
2027-08-01,566,"Сапоги женские зимние с верхом из натуральной кожи, пара",0.00253,0.7854278792000186,0.001987132534376047,native,27
2027-08-01,567,"Сапоги женские осенние с верхом из натуральной кожи, пара",0.00145,0.41261790175937285,0.0005982959575510906,native,27
2027-08-01,568,"Сапоги цельнорезиновые для взрослых, пара",0.00042,0.33507337031850637,0.0001407308155337727,native,54
2027-08-01,569,"Сапоги цельнорезиновые для детей, пара",0.00011,0.2082890911289063,2.2911800024179694e-05,native,54
2027-08-01,570,"Сапоги, ботинки для детей школьного возраста зимние с верхом из натуральной кожи, пара",0.00111,0.561202602580741,0.0006229348888646225,native,27
2027-08-01,571,"Сапоги, ботинки мужские зимние с верхом из натуральной кожи, пара",0.00223,0.7093285580390273,0.0015818026844270309,native,27
2027-08-01,572,"Сахар-песок, кг",0.00532,-0.5753127838738633,-0.003060664010208953,native,36
2027-08-01,573,"Свежесрезанные цветы, шт.",0.00399,0.8149923439998638,0.003251819452559456,native,54
2027-08-01,574,"Свёкла столовая, кг",0.00077,-4.952658539388405,-0.003813547075329071,native,33
2027-08-01,575,"Светильник потолочный, шт.",0.00208,0.6280431510380511,0.0013063297541591461,native,51
2027-08-01,577,"Свинина (кроме бескостного мяса), кг",0.00481,0.7815303555762388,0.0037591610103217088,native,26
2027-08-01,578,"Свинина бескостная, кг",0.00257,0.4474940493948494,0.0011500597069447629,native,26
2027-08-01,580,"Сельдь соленая, кг",0.00079,0.4918825659403435,0.0003885872270928714,native,34
2027-08-01,584,"Сковорода, шт.",0.00137,0.473621373678227,0.0006488612819391709,native,54
2027-08-01,585,"Смартфон, шт.",0.00625,-0.390161293233286,-0.0024385080827080377,native,37
2027-08-01,587,"Смеси сухие молочные для детского питания, кг",0.00077,0.3306575917819069,0.0002546063456720683,native,24
2027-08-01,588,"Сметана, кг",0.00748,0.35661876407300874,0.0026675083552661055,native,24
2027-08-01,589,"Содержание и ремонт жилья в государственном и муниципальном жилищных фондах, м2 общей площади",0.00078,0.5348321068680124,0.00041716904335704967,native,14
2027-08-01,590,"Содержание, ремонт жилья для граждан-собственников жилья в результате приватизации, граждан-собственников жилых помещений по иным основаниям, м2 общей площади",0.00599,0.33651637570162884,0.002015733090452757,native,14
2027-08-01,591,"Соки фруктовые, л",0.00232,0.2412332602018601,0.0005596611636683154,native,53
2027-08-01,592,"Соленые и копченые деликатесные продукты из рыбы, кг",0.0013,0.40345310080824415,0.0005244890310507174,native,34
2027-08-01,593,"Соль поваренная пищевая, кг",0.00122,0.5189022818219353,0.0006330607838227611,native,53
2027-08-01,595,"Сорочка верхняя для мальчиков дошкольного возраста, шт.",0.00024,0.6294128567284325,0.00015105908561482382,native,29
2027-08-01,596,"Сорочка верхняя для мальчиков школьного возраста, шт.",0.0008899999999999,0.6385921800215901,0.0005683470402191513,native,29
2027-08-01,597,"Сорочка верхняя мужская из хлопчатобумажных или смесовых тканей, шт.",0.00449,0.32815429208325514,0.0014734127714538157,native,29
2027-08-01,598,"Сорочка ночная женская, шт.",0.00105,0.5049139930463747,0.0005301596926986934,native,29
2027-08-01,599,"Сосиски, сардельки, кг",0.00553,0.1816720197742983,0.0010046462693518697,native,26
2027-08-01,601,"Спички, коробок",0.00059,0.7173048976954681,0.0004232098896403262,native,54
2027-08-01,602,"Стекло оконное листовое, м2",5e-05,0.6146037239596474,3.073018619798237e-05,native,38
2027-08-01,605,"Стирка и глажение белья прямого, кг",0.00081,0.6054363857758535,0.0004904034724784413,native,12
2027-08-01,606,"Стол обеденный, шт.",0.00356,0.44252054707036664,0.0015753731475705052,native,20
2027-08-01,607,"Стол рабочий кухонный, шт.",0.00091,0.5721875061276835,0.000520690630576192,native,20
2027-08-01,608,"Стрижка модельная в женском зале, стрижка",0.00549,0.35572197865289445,0.0019529136628043905,native,12
2027-08-01,609,"Стрижка модельная в мужском зале, стрижка",0.0051,0.5035905586072578,0.002568311848897015,native,12
2027-08-01,610,"Стул с мягким сиденьем, шт.",0.00259,0.40378339342339087,0.0010457989889665824,native,20
2027-08-01,616,"Сухие корма для домашних животных, кг",0.00104,0.5144079866410206,0.0005349843061066614,native,54
2027-08-01,617,"Сухие супы в пакетах, 100 г",0.00132,0.4330882595150914,0.0005716765025599207,native,53
2027-08-01,618,"Сухофрукты, кг",0.00073,0.44636931176309674,0.0003258495975870606,native,33
2027-08-01,620,"Сыры плавленые, кг",0.00187,0.6038050772292665,0.0011291154944187282,native,39
2027-08-01,621,"Сыры твердые, полутвердые и мягкие, кг",0.00514,0.26646857732826423,0.0013696484874672781,native,39
2027-08-01,622,"Табурет для кухни, шт.",0.00063,0.3285210918450504,0.00020696828786238177,native,20
2027-08-01,623,"Тарелка обеденная, шт.",0.00085,0.49089444501362267,0.0004172602782615792,native,54
2027-08-01,624,"Таурин, 4%, 5 мл",0.00036,0.2767393649995436,9.96261713998357e-05,native,21
2027-08-01,628,"Театры, билет",0.00033,0.6814750509724261,0.0002248867668209006,native,46
2027-08-01,629,"Телевизор цветного изображения, шт.",0.00258,-0.37608485607712144,-0.0009702989286789732,native,41
2027-08-01,633,"Термометр медицинский электронный стандартный, шт.",6e-05,0.6976641619756392,4.185984971853835e-05,native,21
2027-08-01,634,"Тетрадь школьная, шт.",0.00029,0.9395009479081848,0.0002724552748933736,native,54
2027-08-01,636,"Ткани декоративные для изготовления штор и занавесей, м",0.0008,0.3512475873606511,0.0002809980698885209,native,54
2027-08-01,638,"Ткани хлопчатобумажные бельевые, м",0.0001,0.1813017217388277,1.813017217388277e-05,native,54
2027-08-01,641,"Ткань костюмная шерстяная и полушерстяная, м",6e-05,0.29488747214580424,1.7693248328748256e-05,native,54
2027-08-01,642,"Ткань платьевая из искусственного или синтетического шелка, м",8e-05,0.5483643649368508,4.3869149194948066e-05,native,54
2027-08-01,646,"Торты, кг",0.00277,0.4139735740405288,0.0011467068000922647,native,16
2027-08-01,647,"Трикотажная шапочка детская, шт.",0.00072,0.6602263672205795,0.00047536298439881724,native,43
2027-08-01,650,"Триммер электрический, шт.",0.00056,0.105557894251507,5.911242078084391e-05,native,15
2027-08-01,651,"Троксерутин, 2% гель, 40 г",0.0004,1.956997848307716,0.0007827991393230864,native,21
2027-08-01,652,"Трусы детские, шт.",0.00043,0.6476793592131427,0.00027850212446165135,native,43
2027-08-01,653,"Трусы мужские, шт.",0.00145,0.1140890381690474,0.00016542910534511873,native,43
2027-08-01,654,"Туалетная вода, 100 мл",0.00579,-0.1308186396340552,-0.0007574399234811797,native,30
2027-08-01,655,"Туфли детские летние (сандалеты), пара",0.00076,0.255927492205431,0.00019450489407612755,native,27
2027-08-01,659,"Туфли женские модельные с верхом из натуральной кожи, пара",0.00094,-0.11291270197661482,-0.00010613793985801793,native,27
2027-08-01,660,"Тушь для ресниц, шт.",0.00179,0.2151721775487109,0.0003851581978121925,native,30
2027-08-01,661,"Тюль, полотно гардинное, м",0.0022,0.3665711407502409,0.00080645650965053,native,13
2027-08-01,663,"Удаление зуба под местным обезболиванием, удаление",0.00116,0.8294132570404307,0.0009621193781668996,native,22
2027-08-01,664,"Удостоверение завещания в нотариальной конторе, услуга",0.00012,0.8170496912081646,9.804596294497975e-05,native,55
2027-08-01,665,"Ужин в ресторане, на 1 человека",0.00313,0.4336860465996604,0.001357437325856937,native,28
2027-08-01,666,"Ультразвуковое исследование брюшной полости, исследование",0.00137,0.3878327058876757,0.0005313308070661156,native,22
2027-08-01,675,"Услуги организатора проведения торжеств, услуга",0.00247,0.11606650691714555,0.0002866842720853495,native,12
2027-08-01,678,"Услуги по воспитанию детей, предоставляемые наемным персоналом, час",0.00121,0.45583291578986396,0.0005515578281057354,native,12
2027-08-01,679,"Услуги по организации и выполнению работ по эксплуатации домов ЖК, ЖСК, ТСЖ, м2 общей площади",0.00526,0.3119835184584705,0.0016410333070915547,native,14
2027-08-01,690,"Установка пластиковых окон, м2",0.0018,0.4535460048444031,0.0008163828087199256,native,12
2027-08-01,691,"Устная консультация юриста по семейным вопросам, консультация",0.00011,0.031643057146786696,3.480736286146537e-06,native,55
2027-08-01,692,"Учебник, учебное пособие, дидактический материал для общеобразовательной школы, шт.",0.00048,0.6350545684913398,0.00030482619287584313,native,32
2027-08-01,694,"Фарш мясной, кг",0.0094,0.41355786318472776,0.0038874439139364413,native,26
2027-08-01,695,"Физиотерапевтическое лечение, процедура",0.00014,0.26709193569499773,3.739287099729968e-05,native,22
2027-08-01,697,"Филе рыбное, кг",0.00204,0.3618904878792104,0.0007382565952735893,native,34
2027-08-01,698,"Филе сельди соленое, кг",0.00065,0.007740784227553615,5.03150974790985e-06,native,34
2027-08-01,699,"Флеш-накопитель USB, шт.",3e-05,0.17733959188418683,5.320187756525605e-06,native,41
2027-08-01,701,"Фотоаппарат, шт.",0.00019,-0.0857681094827043,-1.629594080171382e-05,native,54
2027-08-01,703,"Футболка детская, шт.",0.00049,-0.08740681591578944,-4.282933979873682e-05,native,43
2027-08-01,704,"Халат женский, шт.",0.00119,0.8259790745819129,0.0009829150987524765,native,29
2027-08-01,706,"Химчистка мужского костюма, шт.",0.00012,0.5652085453302538,6.782502543963046e-05,native,12
2027-08-01,710,"Хлеб из ржаной муки и из смеси муки ржаной и пшеничной, кг",0.00255,0.5389631821975378,0.0013743561146037214,native,49
2027-08-01,711,"Хлопья из злаков (сухие завтраки), кг",0.00115,0.45661301463186765,0.0005251049668266478,native,49
2027-08-01,712,"Холодильник двухкамерный, емкостью 250-360 л, шт.",0.00262,0.3272494208644261,0.0008573934826647964,native,51
2027-08-01,714,"Цемент тарированный, 50 кг",0.00066,0.6542413158905761,0.0004317992684877802,native,38
2027-08-01,716,"Чай черный байховый пакетированный, 25 пакетиков",0.00197,-0.1714399421600604,-0.000337736686055319,native,50
2027-08-01,717,"Чай черный байховый, кг",0.00269,0.09329134477294729,0.0002509537174392282,native,50
2027-08-01,718,"Чайник, шт.",0.00102,0.15663243646894487,0.0001597650851983238,native,54
2027-08-01,721,"Часы наручные, шт.",0.00028,0.429730981691125,0.00012032467487351499,native,54
2027-08-01,722,"Чашка чайная с блюдцем, комплект",0.00028,0.27661680611233874,7.745270571145484e-05,native,54
2027-08-01,723,"Чеснок, кг",0.00111,-1.0175010890267522,-0.001129426208819695,native,33
2027-08-01,726,"Шампунь, 250 мл",0.0019,0.4321434862948028,0.0008210726239601254,native,30
2027-08-01,727,"Шиномонтаж колес легкового автомобиля, услуга",0.00355,0.6478648998080118,0.002299920394318442,native,12
2027-08-01,728,"Шины для легкового автомобиля, шт.",0.00355,0.3975998478910179,0.0014114794600131135,native,17
2027-08-01,729,"Шкаф-вешалка для прихожей, шт.",0.00078,0.3335713264463841,0.0002601856346281796,native,20
2027-08-01,730,"Шкаф для платья и белья, шт.",0.0023,0.5438603919333099,0.0012508789014466129,native,20
2027-08-01,731,"Шкаф навесной кухонный (полка), двухстворчатый, шт.",0.00067,0.5902977284799218,0.0003954994780815476,native,20
2027-08-01,734,"Шоколад, кг",0.0034,0.3730265729607896,0.0012682903480666847,native,16
2027-08-01,735,"Щетка зубная, шт.",0.00174,0.42481108052559335,0.0007391712801145324,native,13
2027-08-01,740,"Экскурсия автобусная, час",0.00112,0.718569347558792,0.000804797669265847,native,55
2027-08-01,741,"Электропылесос напольный, шт.",0.00185,-0.5679423967608573,-0.001050693434007586,native,51
2027-08-01,742,"Электроутюг, шт.",0.00079,-0.4002749637644192,-0.00031621722137389115,native,51
2027-08-01,743,"Электрочайник, шт.",0.00058,-0.01332734044271567,-7.729857456775088e-06,native,51
2027-08-01,744,"Электроэнергия в квартирах без электроплит сверх минимального объема потребления, в расчете за 100 кВт.ч",0.00107,0.8175745626411169,0.0008748047820259951,native,14
2027-08-01,745,"Электроэнергия в квартирах без электроплит за минимальный объем потребления, в расчете за 100 кВт.ч",0.00638,0.7953901312336824,0.005074589037270894,native,14
2027-08-01,746,"Электроэнергия в квартирах с электроплитами за минимальный объем потребления, в расчете за 100 кВт.ч",0.00315,0.796761020439847,0.002509797214385518,native,14
2027-08-01,747,"Электроэнергия в квартирах с электроплитами сверх минимального объема потребления, в расчете за 100 кВт.ч",0.00082,0.8200347156564733,0.0006724284668383081,native,14
2027-08-01,748,"Эналаприл, 5 мг, 10 таблеток",0.00035,0.03106433724108003,1.087251803437801e-05,native,21
2027-08-01,750,"Юбка для девочек школьного возраста из полушерстяных тканей, шт.",0.00076,0.6710862050777393,0.0005100255158590819,native,29
2027-08-01,751,"Юбка женская из полушерстяных или смесовых тканей, шт.",0.00203,0.6072467201054013,0.0012327108418139646,native,29
2027-08-01,753,"Яблоки, кг",0.00515,-1.8083835922291644,-0.009313175499980198,native,33
2027-08-01,754,"Яйца куриные, 10 шт.",0.00543,1.5416827824740644,0.00837133750883417,native,52
2027-08-01,786,"Поездка на отдых в Турцию, поездка",0.0004,-2.458702824931882,-0.0009834811299727529,native,67
2027-08-01,795,"Варежки (перчатки) детские, пара",8e-05,0.9821941099906767,7.857552879925414e-05,native,43
2027-08-01,809,"Шарф шерстяной, полушерстяной или из смесовой пряжи для взрослых, шт.",0.00077,1.1245777559907553,0.0008659248721128815,native,43
2027-08-01,851,"Активированный уголь, 250 мг, 10 таблеток",0.00032,1.0210660589323581,0.00032674113885835463,native,21
2027-08-01,958,"Чай зеленый, кг",0.00169,0.2524382903948136,0.00042662071076723495,native,50
2027-08-01,959,"Брюки женские из джинсовой ткани (джинсы), шт.",0.00282,0.5016031324254234,0.001414520833439694,native,29
2027-08-01,960,"Носки женские, гольфы, пара",0.0007,0.06796637944429884,4.757646561100919e-05,native,54
2027-08-01,961,"Пена для бритья, 200 мл",0.00085,1.245368120176236,0.0010585629021498007,native,30
2027-08-01,962,Крем для рук,0.00117,0.43495296449005916,0.0005088949684533692,native,30
2027-08-01,963,"Бритвенные станки одноразовые, шт.",0.0008,0.8180037392129432,0.0006544029913703546,native,13
2027-08-01,964,"Лампа светодиодная, шт.",0.00026,0.022593205941111506,5.874233544688991e-06,native,51
2027-08-01,965,"Моноблок, шт.",0.00092,-0.836119654875354,-0.0007692300824853257,native,31
2027-08-01,966,"Годовая стоимость полиса обязательного страхования гражданской ответственности владельцев транспортных средств (ОСАГО), полис",0.0013,0.8777242421368466,0.0011410415147779006,native,55
2027-08-01,968,"Рюкзак для взрослых, шт.",0.00087,0.051389522737663174,4.470888478176696e-05,native,13
2027-08-01,970,"Сливки питьевые, л",0.00112,0.47134657973612887,0.0005279081693044643,native,24
2027-08-01,971,"Зелень свежая, кг",0.00098,-1.0020032880449607,-0.0009819632222840616,native,33
2027-08-01,972,"Грибы свежие, кг",0.00119,-1.3339040662712522,-0.0015873458388627902,native,33
2027-08-01,973,"Ягоды замороженные, кг",0.00026,0.09491798577458671,2.4678676301392543e-05,native,33
2027-08-01,976,"Гель для душа, 250 мл",0.00105,0.5163606648191292,0.0005421786980600857,native,30
2027-08-01,977,"Мыло туалетное жидкое, 250 мл",0.00099,0.018657549704888754,1.8470974207839868e-05,native,30
2027-08-01,978,"Дезодорант, 50 мл",0.00092,0.6075510860468385,0.0005589469991630914,native,30
2027-08-01,979,"Кресло мягкое, шт.",0.00377,0.389741424937848,0.0014693251720156871,native,20
2027-08-01,980,"Матрас для взрослых, шт.",0.00306,0.5700872228729303,0.0017444669019911667,native,20
2027-08-01,981,"Салфетки влажные, упаковка 20 шт.",0.00045,0.18535068647762262,8.340780891493018e-05,native,54
2027-08-01,982,"Бумажные столовые салфетки, упаковка 10 шт.",0.00306,0.29615224227038905,0.0009062258613473904,native,54
2027-08-01,983,"Бумажные носовые платки, упаковка 10 шт.",0.00042,1.1951212488600058,0.0005019509245212025,native,54
2027-08-01,984,"Прокладки женские гигиенические, 10 шт.",0.00108,0.731166114271088,0.000789659403412775,native,54
2027-08-01,985,"Наушники беспроводные, шт.",0.00189,-1.1459688850408436,-0.002165881192727194,native,37
2027-08-01,987,"Цефтриаксон, 1 г",0.0004,0.7533666659392014,0.00030134666637568057,native,21
2027-08-01,992,"Амлодипин, 10 мг, 10 таблеток",0.00035,1.1461108888888853,0.00040113881111110986,calendar_gap_in_required_features,21
2027-08-01,993,"Омепразол, 20 мг, 10 таблеток",0.0004,0.3807645468115506,0.00015230581872462023,native,21
2027-08-01,994,"Хлоргексидин, 100 мл",0.00033,0.748333166666663,0.0002469499449999988,short_history,21
2027-08-01,995,"Амоксициллин с клавулановой кислотой, 500 мг+125мг, 10 таблеток",0.00039,0.2477059034047352,9.660530232784672e-05,native,21
2027-08-01,996,"Ибупрофен, 200 мг, 10 таблеток",0.00049,0.1955863690729865,9.583732084576338e-05,native,21
2027-08-01,997,"Шприцы одноразовые, шт.",6e-05,1.439219334922869,8.635316009537214e-05,native,21
2027-08-01,999,"Антисептик для рук, 100 мл",0.00017,0.40879110728606094,6.949448823863036e-05,native,21
2027-08-01,1000,"Термометр медицинский безртутный (галинстановый), шт.",6e-05,-0.25882096172884983,-1.552925770373099e-05,native,21
2027-08-01,1001,"Установка натяжного потолка, м2",0.00073,0.21600001000385527,0.00015768000730281433,native,12
2027-08-01,1002,"Услуги аренды автомобилей, час",0.00017,0.1413341847887943,2.4026811414095033e-05,native,47
2027-08-01,1003,"Подписка на онлайн-видеосервисы, месяц",0.00766,0.7420453101464269,0.0056840670757216305,native,48
2027-08-01,1004,"Проживание в гостинице 1* или в мотеле, сутки с человека",5e-05,0.15972306589553806,7.986153294776903e-06,native,55
2027-08-01,1005,"Проживание в гостинице 2*, сутки с человека",4e-05,0.5363775041249423,2.1455100164997695e-05,native,55
2027-08-01,1006,"Проживание в гостинице 3*, сутки с человека",0.00075,-0.513664959403073,-0.00038524871955230477,native,55
2027-08-01,1007,"Проживание в гостинице 4*-5*, сутки с человека",0.00067,1.3212490019145642,0.000885236831282758,native,55
2027-08-01,1008,"Проживание в хостеле, сутки с человека",0.00061,1.1966277020044125,0.0007299428982226916,native,55
2027-08-01,1009,"Экскурсионные туры по России, поездка",0.00138,0.2378627658746209,0.0003282506169069768,native,55
2027-08-01,1011,"Поездка на отдых в ОАЭ, поездка",0.0004,4.540000000000006,0.0018160000000000025,missing_current_observation,67
2027-08-01,1012,"Услуги сиделок, час",0.00046,0.8602353370334097,0.00039570825503536846,native,22
2027-08-01,1013,"Диагностика на магнитно-резонансном или компьютерном томографе, услуга",0.00045,0.2645622703842302,0.00011905302167290358,native,22
2027-08-01,1014,"Гастроскопия (ФГДС, ЭГДС), услуга",0.00059,0.44256078321367254,0.0002611108620960668,native,22
2027-08-01,1020,"Аскорбиновая кислота, 50 мг, 100 драже",0.00028,1.4142722163576513,0.00039599622058014234,native,21
2027-08-01,1024,"Валерианы экстракт, 20 мг, 10 таблеток",0.00029,0.2210178271643367,6.409516987765765e-05,native,21
2027-08-01,1025,"Газета в розницу, шт.",0.00024,0.5771974955655288,0.00013852739893572692,native,32
2027-08-01,1030,"Клубная карта в фитнес-клуб, месяц",0.00185,0.7130823703071384,0.001319202385068206,native,55
2027-08-01,1032,"Кроссовые туфли для взрослых, пара",0.00518,0.24264923070541036,0.0012569230150540256,native,27
2027-08-01,1035,"Метилурацил, 10 % мазь, 25 г",0.00037,0.20216956465106134,7.48027389208927e-05,native,21
2027-08-01,1037,"Мирамистин, 0,01%, 150 мл",0.00039,0.30737003469331925,0.0001198743135303945,native,21
2027-08-01,1038,"Натрия хлорид, 0,9%, 100 мл",0.00039,2.0738735976239013,0.0008088107030733215,native,21
2027-08-01,1039,"Нафазолин, 0,1%, 15 мл",0.00044,0.9499515148762268,0.0004179786665455398,native,21
2027-08-01,1040,"Парацетамол, 500 мг, 10 таблеток",0.00039,1.1912746105742422,0.00046459709812395446,native,21
2027-08-01,1041,"Перекись водорода, 3%, 100 мл",0.00036,0.8337682704172484,0.00030015657735020946,native,21
2027-08-01,1042,"Пиво, л",0.00372,0.3665993702963543,0.0013637496575024382,native,11
2027-08-01,1043,"Поездка на отдых в Египет, поездка",0.0002,1.6223939594158718,0.0003244787918831744,native,67
2027-08-01,1045,"Ренгалин, 20 таблеток",0.0004,0.7713412641015622,0.0003085365056406249,native,21
2027-08-01,1046,"Сигареты с фильтром, пачка",0.0086599999999999,0.46966413960422615,0.004067291448972552,native,40
2027-08-01,1048,"Сумка женская, шт.",0.00138,-0.2521396632185474,-0.0003479527352415954,native,13
2027-08-01,1049,"Творог, кг",0.00591,0.6797079128312111,0.004017073764832458,native,24
2027-08-01,1050,"Туфли женские закрытые, пара",0.00196,0.35470906925783874,0.0006952297757453639,native,27
2027-08-01,1051,"Туфли женские летние, босоножки, пара",0.00356,-0.5830331951546153,-0.0020755981747504304,native,27
2027-08-01,1054,"Хлеб и булочные изделия из пшеничной муки различных сортов, кг",0.00735,0.8751736581047549,0.006432526387069948,native,49
2027-08-01,1055,"Цитрамон, 10 таблеток",0.00039,0.0074289175727378365,2.897277853367756e-06,native,21
2027-08-01,1060,"Поездки в страны Закавказья, поездка",0.00022,-0.5701487314902917,-0.00012543272092786417,native,67
2027-08-01,1063,"Поездки в отдельные страны Средней Азии, поездка",4e-05,6.996666777777783,0.0002798666711111113,short_history,67
2027-08-01,1064,"Поездка в Беларусь, поездка",0.0001,4.172221944444449,0.00041722219444444495,short_history,67
2027-08-01,1065,"Поездки в отдельные страны Юго-Восточной Азии, поездка",0.00017,4.2560162555309695,0.0007235227634402649,native,67
2027-08-01,1066,"Молоко питьевое цельное пастеризованное более 3,2% жирности, л",0.00142,0.8945361742611742,0.0012702413674508673,native,24
2027-08-01,1067,"Творожок детский, кг",6e-05,0.6143168349696353,3.685901009817812e-05,native,24
2027-08-01,1068,"Молоко для детей, л",1e-05,0.5207960936552442,5.207960936552442e-06,native,24
2027-08-01,1069,"Сухие приправы, специи, кг",0.00139,0.5037128590644855,0.0007001608740996348,native,53
2027-08-01,1070,"Трикотажный головной убор для взрослых, шт.",0.00057,1.0249646000279231,0.0005842298220159162,native,43
2027-08-01,1071,"Крем детский, 100 г (100 мл)",0.00137,0.667436318517661,0.0009143877563691956,native,30
2027-08-01,1072,"Чемодан, шт.",0.00108,-1.870144489380186,-0.0020197560485306007,native,13
2027-08-01,1073,"Бумага офисная, упаковка 500 листов",0.00015,0.7067695916434545,0.00010601543874651817,native,54
2027-08-01,1074,"Смарт-часы, шт.",0.00085,-2.7027930126888906,-0.0022973740607855567,native,37
2027-08-01,1075,"Коньки, пара",0.00035,-1.3254931760540478,-0.0004639226116189167,native,54
2027-08-01,1076,"Гипсокартон, м2",0.00075,0.6017586658589619,0.00045131899939422144,native,38
2027-08-01,1077,"Кресло детское автомобильное, шт.",0.00056,0.24762826056530776,0.00013867182591657234,native,17
2027-08-01,1078,"Соска (пустышка) детская, шт.",6e-05,0.2296010169468653,1.3776061016811919e-05,native,21
2027-08-01,1079,"Бутылочка для кормления, шт.",0.00066,0.17132545718906717,0.00011307480174478433,native,21
2027-08-01,1083,"Поездка на отдых на Черноморское побережье России и в Крым, поездка",0.00205,-7.089681040434357,-0.014533846132890433,native,55
2027-08-01,1086,"Горошек зеленый консервированный, кг",0.00081,0.39796927777777724,0.00032235511499999957,short_history,53
2027-08-01,1087,"Перец сладкий свежий, кг",0.00266,-8.745002055555554,-0.023261705467777775,short_history,33
2027-08-01,1088,"Робот-пылесос, шт.",0.00116,0.11444461111111713,0.00013275574888889588,short_history,51
2027-08-01,1091,"Валосердин, 25 мл",0.00033,0.7294442777777748,0.00024071661166666567,short_history,21
2027-08-01,1094,"Диклофенак, 15 мл",0.00038,1.328333222222219,0.0005047666244444432,short_history,21
2027-08-01,1095,"Кардиомагнил, 100 таблеток",0.0004,0.7361111666666633,0.00029444446666666537,short_history,21
2027-08-01,1097,"Меновазин, 40 мл",0.00034,0.6783331111111074,0.00023063325777777653,short_history,21
2027-08-01,1099,"Пенталгин, 24 таблетки",0.00035,0.925000111111108,0.0003237500388888878,short_history,21
2027-08-01,1100,"Салициловая кислота, 40 мл",0.00031,1.4255553333333297,0.0004419221533333322,short_history,21
2027-08-01,1101,"Спазмалгон, 10 таблеток",0.0004,0.7305553333333302,0.0002922221333333321,short_history,21
2027-08-01,1105,Воздушный и железнодорожный транспорт,0.00569,-4.230002999999996,-0.024068717069999978,missing_current_observation,47
2027-08-01,1107,"Печень птицы, кг",0.00225,2.2561112222222213,0.005076250249999997,short_history,26
2027-08-01,1108,"Кефир, кг",0.00427,-1.8211102222222262,-0.007776140648888906,short_history,24
2027-08-01,1109,"Сырки творожные, глазированные, кг",0.00124,-1.5344435000000043,-0.0019027099400000054,short_history,24
2027-08-01,1110,"Вода питьевая, л",0.00157,0.39074694444444447,0.0006134727027777778,short_history,53
2027-08-01,1111,"Жидкие средства для стирки, л",0.00146,1.7505552777777733,0.002555810705555549,short_history,25
2027-08-01,1112,"Помада, шт.",0.00092,-1.0266658333333285,-0.0009445325666666623,short_history,30
2027-08-01,1113,"Блоки строительные, 1000 шт.",0.00028,0.37722261111111205,0.00010562233111111136,short_history,38
2027-08-01,1114,"Компримированный природный газ, м3",0.00189,-0.8488888888888881,-0.0016043999999999984,short_history,42
2027-08-01,1115,"Хлоропирамин, 10 таблеток",0.00036,0.7288889444444414,0.0002624000199999989,short_history,21
2027-08-01,1116,"Цетиризин, 10 таблеток",0.00037,0.7316666111111074,0.00027071664611110977,short_history,21
2027-08-01,1117,"Интерферон альфа-2В, 10 мл",0.00039,0.6255555555555519,0.00024396666666666523,short_history,21
2027-08-01,1118,"Метопролол, 10 таблеток",0.00046,0.45333294444444205,0.00020853315444444335,short_history,21
2027-08-01,1119,"Спиронолактон, 10 таблеток",0.00035,0.5244442222222188,0.00018355547777777656,short_history,21
2027-08-01,1120,"Лозартан, 10 таблеток",0.0004,0.846666499999997,0.0003386665999999988,short_history,21
2027-08-01,1121,"Аторвастатин, 10 таблеток",0.0004,0.7438888333333296,0.00029755553333333184,short_history,21
2027-08-01,1122,"Мелоксикам, 10 таблеток",0.00038,0.5949997222222194,0.0002260998944444434,short_history,21
2027-08-01,1123,"Кеторолак, 10 таблеток",0.00042,1.5433332222222185,0.0006481999533333318,short_history,21
2027-08-01,1124,"Розувастатин, 10 таблеток",0.00034,0.6866663333333294,0.000233466553333332,short_history,21
2027-08-01,1125,"Алтея лекарственного травы экстракт, 10 таблеток",0.00041,0.5755555555555524,0.00023597777777777646,short_history,21
2027-08-01,1126,"Римантадин, 10 таблеток",0.00032,0.49555516666666377,0.00015857765333333242,short_history,21
2027-08-01,1127,"Погребение, услуга",0.00034,0.4588888888888947,0.0001560222222222242,short_history,12
2027-08-01,1128,"Курьерская доставка, услуга",0.00012,-3.111748666666661,-0.0003734098399999993,short_history,55
2027-08-01,1129,"Междугородная телефонная связь, минута",0.00019,-1.0594461666666675,-0.00020129477166666682,short_history,48
2027-08-01,1131,"Вода минеральная, л",0.00085,0.6257470555555555,0.0005318849972222222,short_history,53
2027-09-01,101,"Абонентская плата за доступ к сети Интернет, месяц",0.0085699999999999,-0.016531701579119526,-0.0001416766825330527,native,48
2027-09-01,103,"Абонентская плата за неограниченный объем местных телефонных соединений, месяц",0.00026,0.3107415394050401,8.079280024531043e-05,native,48
2027-09-01,104,"Абонентская плата за пакет услуг сотовой связи, месяц",0.01009,0.37634823942395734,0.0037973537357877296,native,48
2027-09-01,106,"Абонентская плата за телевизионную антенну, месяц",0.00219,0.568204166532528,0.0012443671247062364,native,48
2027-09-01,107,"Абонентская плата при комбинированной системе оплаты услуг местной телефонной связи, месяц",0.00022,0.3472158767152741,7.63874928773603e-05,native,48
2027-09-01,109,"Авторучка шариковая, шт.",0.00063,0.9791034382181768,0.0006168351660774514,native,54
2027-09-01,112,"Альбом для рисования, шт.",0.00023,0.708690398747867,0.0001629987917120094,native,54
2027-09-01,113,"Амброксол, 30 мг, 10 таблеток",0.00035,0.29733463705127783,0.00010406712296794724,native,21
2027-09-01,115,"Апельсины, кг",0.00434,3.624363933675076,0.01572973947214983,native,33
2027-09-01,116,"Аппарат для измерения артериального давления электронный, шт.",0.0002,0.08114697857454684,1.6229395714909367e-05,native,21
2027-09-01,117,"Аренда двухкомнатной квартиры у частных лиц, месяц",0.00506,0.80505359701617,0.00407357120090182,native,14
2027-09-01,118,"Аренда индивидуального банковского сейфа, в расчете на месяц",0.00011,1.4313560998946344,0.00015744917098840978,native,55
2027-09-01,119,"Аренда однокомнатной квартиры у частных лиц, месяц",0.00435,0.8338396522410589,0.003627202487248606,native,14
2027-09-01,120,"Ацетилсалициловая кислота (Аспирин отечественный), 500 мг, 10 таблеток",0.00029,1.7385823020172968,0.0005041888675850161,native,21
2027-09-01,121,"Бананы, кг",0.00418,0.5200187702690406,0.0021736784597245896,native,33
2027-09-01,122,"Баранина (кроме бескостного мяса), кг",0.00651,0.22887354881611677,0.0014899668027929202,native,26
2027-09-01,123,"Бараночные изделия, кг",0.00116,0.38570922087157333,0.0004474226962110251,native,49
2027-09-01,124,"Батарейки электрические типа АА, шт.",0.00019,0.3293983418854841,6.258568495824198e-05,native,51
2027-09-01,126,"Белье для новорожденных и детей ясельного возраста, шт.",0.00028,0.6135857353598919,0.0001718040059007697,native,29
2027-09-01,130,"Бензин автомобильный марки АИ-92, л",0.01023,2.8763651858426864,0.02942521585117068,native,42
2027-09-01,131,"Бензин автомобильный марки АИ-95, л",0.01543,3.3645957276029366,0.05191571207691331,native,42
2027-09-01,132,"Бензин автомобильный марки АИ-98, л",0.00117,1.1839578165597948,0.00138523064537496,native,42
2027-09-01,134,"Бинт, шт.",4e-05,0.48340987927435053,1.9336395170974024e-05,native,21
2027-09-01,135,"Бисопролол, 10 мг, 10 таблеток",0.00039,0.5246827777011436,0.00020462628330344599,native,21
2027-09-01,136,"Блузка для девочек школьного возраста, шт.",0.00106,0.8410583825573954,0.0008915218855108391,native,29
2027-09-01,137,"Блузка женская, шт.",0.00257,0.3954409748169794,0.0010162833052796368,native,29
2027-09-01,138,"Ботинки, полуботинки для детей дошкольного возраста, пара",0.00078,0.4935174053388281,0.0003849435761642859,native,27
2027-09-01,139,"Ботинки, полуботинки для детей школьного возраста, пара",0.0012,0.5904929006633952,0.0007085914807960742,native,27
2027-09-01,141,"Брюки для детей школьного возраста из джинсовой ткани, шт.",0.00098,0.2313794196976967,0.00022675183130374277,native,29
2027-09-01,142,"Брюки для детей школьного возраста из полушерстяных тканей, шт.",0.00088,0.49910713606636403,0.00043921427973840036,native,29
2027-09-01,143,"Брюки женские из полушерстяных или смесовых тканей, шт.",0.00204,0.4471137875653213,0.0009121121266332555,native,29
2027-09-01,144,"Брюки мужские из джинсовой ткани (джинсы), шт.",0.00408,0.17239733568271412,0.0007033811295854736,native,29
2027-09-01,145,"Брюки мужские из полушерстяных или смесовых тканей, шт.",0.00183,0.4080408908093885,0.000746714830181181,native,29
2027-09-01,146,"Булочные изделия сдобные из муки высшего сорта штучные, кг",0.00169,0.7333393392413259,0.0012393434833178408,native,49
2027-09-01,147,"Бумага туалетная, рулон",0.00099,0.10120152009086347,0.00010018950488995484,native,54
2027-09-01,149,"Бюстгальтер, шт.",0.00143,0.45782638660606906,0.0006546917328466787,native,13
2027-09-01,150,"Валидол, 60 мг, 10 таблеток",0.00032,-0.32745125679011244,-0.00010478440217283599,native,21
2027-09-01,152,"Варенье, джем, повидло, кг",0.00113,0.4191188782779318,0.0004736043324540629,native,53
2027-09-01,154,"Вата отечественная, 100 г",0.00014,0.29504688786262057,4.1306564300766875e-05,native,21
2027-09-01,155,"Велосипед для дошкольников, шт.",0.00107,-0.0033928055782146624,-3.6303019686896887e-06,native,54
2027-09-01,156,"Велосипед дорожный для взрослых, шт.",0.00059,-0.25860669953121324,-0.00015257795272341582,native,54
2027-09-01,158,"Вермишель, кг",0.00142,0.14455708561149552,0.00020527106156832363,native,18
2027-09-01,162,"Взносы на капитальный ремонт, м2",0.00784,0.3247752048319802,0.0025462376058827244,native,14
2027-09-01,164,"Вино виноградное крепленое, л",0.00134,0.36769833131691276,0.0004927157639646631,native,11
2027-09-01,165,"Вино виноградное столовое, л",0.00172,0.5337093771911711,0.0009179801287688142,native,11
2027-09-01,166,"Вино игристое отечественное, л",0.00136,0.2800270376534627,0.0003808367712087093,native,11
2027-09-01,167,"Виноград, кг",0.00338,-6.763849675364302,-0.02286181190273134,native,33
2027-09-01,171,"Водка, л",0.0033,0.15922138092866306,0.000525430557064588,native,11
2027-09-01,172,"Водоотведение, м3",0.00325,0.40089468755982327,0.0013029077345694255,native,14
2027-09-01,173,"Водоснабжение горячее, м3",0.00592,1.0086363158302103,0.005971126989714845,native,14
2027-09-01,174,"Водоснабжение холодное, м3",0.0053,0.6703699413027872,0.0035529606889047717,native,14
2027-09-01,181,"Выполнение обойных работ, 10 м2",0.00103,0.6857921334979721,0.0007063658975029113,native,12
2027-09-01,182,"Выполнение работ по облицовке кафельной плиткой, м2",0.00119,0.6142309072859045,0.0007309347796702263,native,12
2027-09-01,184,"Газ сетевой, м3",0.01097,0.6143221118793446,0.0067391135673164106,native,14
2027-09-01,185,"Газ сетевой, месяц с человека",0.0095,0.6163675111378026,0.005855491355809125,native,14
2027-09-01,189,"Газовое моторное топливо, л",0.00226,2.438593421267009,0.005511221132063439,native,42
2027-09-01,195,"Говядина (кроме бескостного мяса), кг",0.01634,0.8260381235972728,0.013497462939579439,native,26
2027-09-01,196,"Говядина бескостная, кг",0.01193,0.6300538819975984,0.007516542812231348,native,26
2027-09-01,197,"Годовая стоимость полиса добровольного страхования жилья от стандартных рисков, полис",0.00027,0.5470740822358346,0.00014771000220367535,native,55
2027-09-01,198,"Годовая стоимость полиса добровольного страхования легкового автомобиля от стандартных рисков (КАСКО), полис",0.00223,0.2710103990480084,0.0006043531898770588,native,55
2027-09-01,203,"Горох и фасоль, кг",0.00191,0.16515290687639667,0.00031544205213391766,native,18
2027-09-01,204,"Груши, кг",0.00292,-1.052093351683428,-0.00307211258691561,native,33
2027-09-01,205,"Джемпер для детей школьного возраста, шт.",0.00045,0.4793794751615066,0.00021572076382267796,native,43
2027-09-01,206,"Джемпер женский, шт.",0.00129,0.5454086694198432,0.0007035771835515977,native,43
2027-09-01,207,"Джемпер мужской, шт.",0.00127,0.504042972827991,0.0006401345754915486,native,43
2027-09-01,208,"Диван-кровать, шт.",0.00253,0.32409880873805685,0.0008199699861072839,native,20
2027-09-01,209,"Дизельное топливо, л",0.00286,1.1983312833133208,0.0034272274702760977,native,42
2027-09-01,210,"Дом отдыха, пансионат, день",0.00177,1.5699999999999932,0.0027788999999999882,short_history,35
2027-09-01,211,"Дополнительные занятия в государственных и муниципальных общеобразовательных организациях очной формы обучения, академический час",0.00031,0.15091414969579875,4.678338640569761e-05,native,44
2027-09-01,212,"Дополнительные занятия для детей дошкольного возраста, академический час",0.00189,0.9167566566990072,0.0017326700811611236,native,44
2027-09-01,213,"Доска обрезная, м3",0.00153,0.8592916875253274,0.0013147162819137509,native,38
2027-09-01,214,"Дрель электрическая, шт.",0.00056,0.36284815357372885,0.00020319496600128815,native,15
2027-09-01,216,"Дротаверин (Но-шпа), 40 мг, 100 таблеток",0.00039,0.2895333039901563,0.00011291798855616096,native,21
2027-09-01,218,"Еврошифер, 10 м2",0.00011,0.8593890232617271,9.453279255878998e-05,native,38
2027-09-01,221,"Жевательная резинка, упаковка",0.00016,0.1993767091422059,3.190027346275295e-05,native,16
2027-09-01,223,"Жидкие чистящие и моющие средства, л",0.00353,0.20097506051999028,0.0007094419636355658,native,25
2027-09-01,228,"Занятия в плавательных бассейнах, месяц",0.00091,0.8978658378714908,0.0008170579124630565,native,55
2027-09-01,229,"Занятия на курсах иностранных языков, академический час",0.00156,0.4690731690713299,0.0007317541437512746,native,44
2027-09-01,230,"Занятия на курсах профессионального обучения, академический час",0.00123,0.19645813988587663,0.00024164351205962825,native,44
2027-09-01,231,"Земля для растений, л",0.00027,0.5661626635116828,0.00015286391914815436,native,54
2027-09-01,232,"Зеркало навесное для ванной комнаты, шт.",0.00125,0.1379238856053147,0.00017240485700664338,native,20
2027-09-01,233,"Зефир, пастила, кг",0.00143,0.5136677969695321,0.000734544949666431,native,16
2027-09-01,234,"Зонт, шт.",0.00109,0.6644739018762518,0.0007242765530451144,native,13
2027-09-01,236,"Игрушки мягкие, шт.",0.00012,0.5445748161556845,6.534897793868214e-05,native,54
2027-09-01,237,"Игрушки пластмассовые для детей ясельного возраста, шт.",0.00039,0.6105212714024699,0.00023810329584696325,native,54
2027-09-01,238,"Изготовление гроба, шт.",0.00038,0.22612609474552575,8.592791600329979e-05,native,12
2027-09-01,239,"Изготовление коронки, шт.",0.00131,0.5466172967510707,0.0007160686587439027,native,22
2027-09-01,240,"Изготовление съёмного протеза, протез",0.00127,0.3314493108959824,0.0004209406248378977,native,22
2027-09-01,241,"Изготовление фотографий для документов, 4 шт.",0.00011,0.7572060055662315,8.329266061228547e-05,native,12
2027-09-01,243,"Икра лососевых рыб, отечественная, кг",0.00046,0.6390461802875406,0.0002939612429322687,native,34
2027-09-01,244,"Индапамид, 2,5 мг, 10 таблеток",0.00035,0.532221666666664,0.00018627758333333242,calendar_gap_in_required_features,21
2027-09-01,245,"Йогурт, 125 г",0.00113,0.49125154491506295,0.0005551142457540211,native,24
2027-09-01,246,"Йод, 10 мл",0.00036,0.7298603082382096,0.00026274971096575545,native,21
2027-09-01,247,"Какао, кг",0.00055,0.1982239630007732,0.00010902317965042526,native,50
2027-09-01,248,"Кальмары мороженые, кг",0.00023,0.39316440851435147,9.042781395830085e-05,native,34
2027-09-01,249,"Капуста белокочанная свежая, кг",0.00236,-0.8243413199265301,-0.0019454455150266113,native,33
2027-09-01,250,"Карамель, кг",0.00369,0.42262811148641083,0.001559497731384856,native,16
2027-09-01,251,"Карандаш чернографитный, шт.",0.00034,0.6065958255989059,0.00020624258070362801,native,54
2027-09-01,252,"Картофель, кг",0.00612,-4.021532176537615,-0.024611776920410205,native,33
2027-09-01,253,"Кастрюля из эмалированной или нержавеющей стали, шт.",0.00178,0.15391662045926832,0.0002739715844174976,native,54
2027-09-01,254,"Кексы, рулеты, кг",0.00333,0.23600095394136755,0.000785883176624754,native,16
2027-09-01,256,"Кетчуп, кг",0.00182,0.26440663545927723,0.00048122007653588454,native,53
2027-09-01,257,"Кинотеатры, билет",0.00023,0.24157844311822085,5.55630419171908e-05,native,46
2027-09-01,258,"Кирпич красный, 1000 шт.",0.00015,0.6656843763545359,9.985265645318038e-05,native,38
2027-09-01,259,"Кисломолочные продукты, кг",0.00311,0.5289196033679602,0.001644939966474356,native,24
2027-09-01,260,"Клинический осмотр животного, посещение",0.00037,0.5395098832173484,0.0001996186567904189,native,55
2027-09-01,261,"Книга художественная, шт.",0.00028,0.25349897910962105,7.097971415069389e-05,native,32
2027-09-01,263,"Ковер, ковровое покрытие (палас) синтетический, м2",0.00279,0.48330571026095337,0.0013484229316280598,native,54
2027-09-01,265,"Колбаса вареная, кг",0.00464,0.9447565613014139,0.004383670444438561,native,26
2027-09-01,266,"Колбаса полукопченая и варено-копченая, кг",0.00298,0.1585869571102813,0.00047258913218863833,native,26
2027-09-01,267,"Колбаса сырокопченая, кг",0.00053,0.11054129463731377,5.858688615777629e-05,native,26
2027-09-01,271,"Колготки детские, шт.",0.00035,0.3446539548708858,0.00012062888420481002,native,54
2027-09-01,272,"Колготки женские эластичные, шт.",0.00127,0.6131407489730438,0.0007786887511957657,native,54
2027-09-01,273,"Кольцо обручальное золотое, грамм",0.00353,0.596059858159413,0.0021040912993027278,native,54
2027-09-01,274,"Коляска для новорожденного, шт.",0.00064,0.0738863452138851,4.728726093688647e-05,native,13
2027-09-01,275,"Комбинезон (костюм) утепленный для детей дошкольного возраста, шт.",0.00047,0.8730024261178525,0.00041031114027539065,native,29
2027-09-01,276,"Комбинезон утепленный для детей до одного года, шт.",0.00038,0.9962218574117452,0.0003785643058164632,native,29
2027-09-01,280,"Комплект постельного белья полутораспальный из хлопчатобумажной ткани, комплект",0.0027,0.4979346332798257,0.0013444235098555293,native,29
2027-09-01,281,"Комплект столовых приборов, комплект на 1 человека",0.00028,0.5680446635965318,0.0001590525058070289,native,54
2027-09-01,282,"Компьютер персональный переносной (ноутбук), шт.",0.00185,-0.029992979805922505,-5.548701264095664e-05,native,31
2027-09-01,283,"Компьютер планшетный, шт.",0.00162,-0.35826019267101794,-0.000580381512127049,native,31
2027-09-01,285,"Консервы мясные для детского питания, кг",3e-05,0.2829871252707632,8.489613758122895e-06,native,26
2027-09-01,286,"Консервы мясные, 350 г",0.00041,0.5467464365130057,0.00022416603897033234,native,26
2027-09-01,288,"Консервы овощные для детского питания, кг",8e-05,0.27057984395399415,2.1646387516319532e-05,native,53
2027-09-01,290,"Консервы рыбные в томатном соусе, 350 г",0.0005,0.5318788029317246,0.0002659394014658623,native,34
2027-09-01,291,"Консервы рыбные натуральные и с добавлением масла, 350 г",0.0013,0.8205354274129183,0.0010666960556367938,native,34
2027-09-01,292,"Консервы томатные, кг",0.00128,0.26409436630301086,0.0003380407888678539,native,53
2027-09-01,294,"Консервы фруктово-ягодные для детского питания, кг",9e-05,-0.018240734970977085,-1.6416661473879377e-06,native,53
2027-09-01,295,"Конструктор детский пластмассовый, набор",0.00029,0.058766085801136306,1.7042164882329528e-05,native,54
2027-09-01,296,"Конфеты мягкие, глазированные шоколадом, кг",0.00332,-0.032171753570633344,-0.00010681022185450271,native,16
2027-09-01,298,"Конфеты шоколадные натуральные и с добавками, кг",0.003,-0.116635040683467,-0.000349905122050401,native,16
2027-09-01,301,"Коньяк ординарный отечественный, л",0.00278,0.1119462842792669,0.00031121067029636195,native,11
2027-09-01,302,"Корвалол, 25 мл",0.00039,0.44548057796764245,0.00017373742540738055,native,21
2027-09-01,303,"Корригирующие очки, шт.",0.00097,0.30567981928180665,0.0002965094247033525,native,21
2027-09-01,304,"Костюм-двойка мужской из шерстяных, полушерстяных или смесовых  тканей, шт.",0.00255,0.3427364880668452,0.0008739780445704554,native,29
2027-09-01,305,"Костюм спортивный для взрослых, шт.",0.00175,0.4065206923740392,0.0007114112116545687,native,43
2027-09-01,306,"Костюм спортивный для детей школьного возраста, шт.",0.00141,0.4690462866176337,0.0006613552641308635,native,43
2027-09-01,307,"Костюм трикотажный для детей ясельного возраста, шт.",0.00037,0.5291845688680947,0.00019579829048119504,native,43
2027-09-01,309,"Кофе в организациях быстрого обслуживания, 200 г",0.00148,0.5108177095344176,0.0007560102101109381,native,28
2027-09-01,310,"Кофе натуральный в зернах и молотый, кг",0.00406,0.3751848287546127,0.0015232504047437275,native,50
2027-09-01,311,"Кофе натуральный растворимый, кг",0.00547,-0.12897770351265503,-0.000705508038214223,native,50
2027-09-01,312,"Краска для волос, шт.",0.00069,0.17083172985945524,0.00011787389360302411,native,30
2027-09-01,313,"Краски масляные, эмали отечественные, кг",0.00097,1.020526148768959,0.0009899103643058902,native,38
2027-09-01,314,"Креветки мороженые неразделанные, кг",0.00036,0.5523234317317275,0.0001988364354234219,native,34
2027-09-01,315,"Крем для лица, 100 г (100 мл)",0.00159,0.7676675913261918,0.001220591470208645,native,30
2027-09-01,316,"Кровать для новорожденных,шт.",0.00051,0.1341515048021153,6.84172674490788e-05,native,20
2027-09-01,319,"Кроссовые туфли для детей с верхом из искусственной кожи, пара",0.00156,0.06792153865374881,0.00010595760029984814,native,27
2027-09-01,320,"Крупа гречневая-ядрица, кг",0.00337,-0.5717709217698324,-0.001926868006364335,native,18
2027-09-01,322,"Крупа манная, кг",0.00059,0.10829161224397052,6.389205122394261e-05,native,18
2027-09-01,323,"Крупы овсяная и перловая, кг",0.00032,-0.020985735492796587,-6.715435357694908e-06,native,18
2027-09-01,324,"Ксерокопирование документа, лист",0.0009,0.6451125024573572,0.0005806012522116214,native,55
2027-09-01,325,"Ксилометазолин (Галазолин) 0,1%, 10 мл",0.00051,0.3210157139053007,0.00016371801409170337,native,21
2027-09-01,326,"Кулинарные изделия из птицы, кг",0.00167,0.8781626919868649,0.0014665316956180645,native,26
2027-09-01,327,"Куртка для детей дошкольного возраста с верхом из плащевых тканей утепленная, шт.",0.00088,1.213221428531837,0.0010676348571080165,native,29
2027-09-01,328,"Куртка для детей школьного возраста с верхом из плащевых тканей утепленная, шт.",0.00084,0.8712285392787309,0.000731831972994134,native,29
2027-09-01,329,"Куртка женская без утеплителя (ветровка), шт.",0.00271,0.33463747822562456,0.0009068675659914426,native,29
2027-09-01,330,"Куртка мужская без утеплителя (ветровка), шт.",0.00269,0.3648473045527715,0.0009814392492469553,native,29
2027-09-01,331,"Куртка мужская из натуральной кожи, шт.",0.00068,0.42151930381689773,0.0002866331265954905,native,29
2027-09-01,332,"Куртка мужская с верхом из плащевых тканей утепленная, шт.",0.00192,0.6670252456287376,0.0012806884716071761,native,29
2027-09-01,333,"Куры охлажденные и мороженые, кг",0.00958,0.9995479297165687,0.009575669166684729,native,26
2027-09-01,334,"Ламинат, м2",0.00167,0.42910963213786557,0.0007166130856702355,native,38
2027-09-01,335,"Лампа электрическая осветительная, шт.",0.00019,0.6433440283644474,0.000122235365389245,native,51
2027-09-01,336,"Лампа энергосберегающая, шт.",0.00022,0.4860355826283244,0.00010692782817823137,native,51
2027-09-01,337,"Левомеколь, мазь, 40 г",0.00041,0.40746299252268947,0.0001670598269343027,native,21
2027-09-01,338,"Легковой автомобиль импортный подержанный, шт.",0.01012,0.20930371466120112,0.0021181535923713553,native,17
2027-09-01,339,"Легковой автомобиль иностранной марки новый, шт.",0.00959,-0.07111033333332983,-0.0006819480966666331,insufficient_training_rows,17
2027-09-01,340,"Легковой автомобиль отечественный новый, шт.",0.00753,0.23588276281554083,0.0017761972040010224,native,17
2027-09-01,341,"Лечебный массаж, сеанс",0.00013,0.4625441635014004,6.013074125518204e-05,native,22
2027-09-01,342,"Лечение кариеса, пломба",0.00221,0.7157061542911278,0.0015817106009833927,native,22
2027-09-01,343,"Лимоны, кг",0.00185,-2.583377372833736,-0.004779248139742412,native,33
2027-09-01,345,"Линолеум, м2",0.00085,0.5268768678097151,0.0004478453376382578,native,38
2027-09-01,346,"Лопата садовая, шт.",0.00015,0.6098482139129355,9.147723208694032e-05,native,54
2027-09-01,347,"Лоперамид, 2 мг, 10 капсул (таблеток)",0.00036,0.22703959579315983,8.173425448553754e-05,native,21
2027-09-01,349,"Лук репчатый, кг",0.00236,-10.136587327549918,-0.02392234609301781,native,33
2027-09-01,350,"Майка, футболка женская бельевая, шт.",0.00079,0.49262897953378193,0.00038917689383168773,native,43
2027-09-01,351,"Майка, футболка мужская бельевая, шт.",0.00151,0.6030610497095008,0.0009106221850613463,native,43
2027-09-01,352,"Майонез, кг",0.00223,0.17731897195892685,0.00039542130746840693,native,53
2027-09-01,354,"Макаронные изделия из пшеничной муки высшего сорта, кг",0.00382,0.2776798454824396,0.0010607370097429193,native,18
2027-09-01,355,"Маникюр,услуга",0.0057,0.7603599219643363,0.004334051555196717,native,12
2027-09-01,357,"Маргарин, кг",0.0008,-0.1912993910693922,-0.00015303951285551378,native,19
2027-09-01,358,"Масло оливковое, л",0.00257,0.1451395799523471,0.00037300872047753205,native,19
2027-09-01,359,"Масло подсолнечное, кг",0.00543,0.3899556676293191,0.0021174592752272025,native,19
2027-09-01,360,"Масло сливочное, кг",0.00872,1.141746259653602,0.009956027384179411,native,19
2027-09-01,362,"Матрас детский, шт.",0.00051,0.3793931320883538,0.00019349049736506045,native,20
2027-09-01,363,"Машина стиральная автоматическая, шт.",0.0019,0.1312769407448406,0.0002494261874151971,native,51
2027-09-01,365,"Мёд пчелиный натуральный, кг",0.00469,0.4996482642061446,0.0023433503591268182,native,53
2027-09-01,369,"Металлочерепица, м2",0.00052,1.2043126878445585,0.0006262425976791703,native,38
2027-09-01,370,"Метамизол натрия (Анальгин отечественный), 500 мг, 10 таблеток",0.00036,0.8589064377201224,0.0003092063175792441,native,21
2027-09-01,373,"Миксер, блендер, шт.",0.00176,-0.14232058214867155,-0.00025048422458166195,native,51
2027-09-01,374,"Мойка из нержавеющей стали для кухни, шт.",0.00182,0.5196362797503593,0.000945738029145654,native,38
2027-09-01,375,"Мойка легкового автомобиля, услуга",0.00529,0.6776029610230596,0.003584519663811986,native,12
2027-09-01,378,"Молоко питьевое цельное пастеризованное 2,5-3,2% жирности, л",0.00302,0.5739190445049027,0.0017332355144048064,native,24
2027-09-01,379,"Молоко питьевое цельное стерилизованное 2,5-3,2% жирности, л",0.00232,0.6011207548481362,0.001394600151247676,native,24
2027-09-01,380,"Молоко сгущенное с сахаром, 400 г",0.00113,0.28048853168922955,0.00031695204080882936,native,24
2027-09-01,381,"Монитор для настольного компьютера, шт.",0.00052,-0.11237070901163919,-5.843276868605237e-05,native,31
2027-09-01,382,"Морковь, кг",0.0021,-8.528677031752373,-0.017910221766679984,native,33
2027-09-01,384,"Мороженое сливочное, кг",0.00491,0.3959210328929104,0.0019439722715041902,native,53
2027-09-01,386,"Музеи и выставки, билет",9e-05,1.079854259033112,9.718688331298008e-05,native,46
2027-09-01,388,"Мука пшеничная, кг",0.00424,0.1435120718321759,0.0006084911845684258,native,53
2027-09-01,389,"Мыло туалетное, 100 г",0.00099,0.6491842977637361,0.0006426924547860987,native,25
2027-09-01,390,"Мыло хозяйственное, 200 г",0.00174,0.3214622125054323,0.0005593442497594522,native,25
2027-09-01,393,"Мясо индейки, кг",0.00424,0.35513480743237325,0.0015057715835132626,native,26
2027-09-01,395,"Мясокопчености, кг",0.00303,0.5614817016679584,0.001701289556053914,native,26
2027-09-01,396,"Мяч футбольный, шт.",0.00026,0.3594654619961966,9.346102011901112e-05,native,54
2027-09-01,397,"Набор корпусной мебели, комплект",0.00062,0.5409089654302337,0.0003353635585667449,native,20
2027-09-01,399,"Набор фломастеров, набор",0.00032,0.6121018625605636,0.00019587259601938037,native,54
2027-09-01,400,"Наём жилых помещений в государственном и муниципальном жилищных фондах, м2 общей площади",0.00012,3.457734010975064,0.00041492808131700766,native,14
2027-09-01,402,"Напитки газированные, л",0.00389,0.46981700030163576,0.001827588131173363,native,53
2027-09-01,404,"Национальные сыры и брынза, кг",0.00741,0.38885614695128057,0.002881424048908989,native,39
2027-09-01,405,"Начальный курс обучения вождению легкового автомобиля, курс",0.00108,0.6576708379317846,0.0007102845049663274,native,44
2027-09-01,406,"Нимесулид, 100 мг, 10 таблеток",0.0004,0.377771633325777,0.0001511086533303108,native,21
2027-09-01,408,"Нитки швейные, катушка",0.00011,0.40112750255031815,4.4124025280534996e-05,native,54
2027-09-01,410,"Носки мужские, пара",0.00108,0.48083934874219825,0.0005193064966415741,native,54
2027-09-01,411,"Носки, гольфы детские, пара",0.00017,0.026970400153683752,4.584968026126238e-06,native,54
2027-09-01,412,"Обед в ресторане, на 1 человека",0.00201,1.174484793783565,0.0023607144355049657,native,28
2027-09-01,413,"Обед в столовой, кафе, закусочной (кроме столовой в организации), на 1 человека",0.00697,0.5035860715919315,0.003509994918995762,native,28
2027-09-01,415,"Обои виниловые, 10 м",0.00248,0.6303805539160741,0.0015633437737118637,native,38
2027-09-01,416,"Обращение с твердыми коммунальными отходами, с человека",0.00398,0.6793200367159203,0.002703693746129363,native,14
2027-09-01,420,"Обувь домашняя с текстильным верхом для взрослых, пара",0.00161,0.47955899658276674,0.0007720899844982545,native,27
2027-09-01,421,"Обувь домашняя с текстильным верхом для детей, пара",0.00017,0.6696645959192535,0.00011384298130627311,native,27
2027-09-01,426,"Обучение в государственных и муниципальных образовательных организациях высшего профессионального образования, семестр",0.00346,0.8537406629106459,0.0029539426936708345,native,44
2027-09-01,427,"Обучение в негосударственных образовательных организациях высшего профессионального образования, семестр",0.00191,0.0,0.0,native,44
2027-09-01,429,"Обучение в образовательных организациях среднего профессионального образования, семестр",0.0022,1.901638829000024,0.004183605423800053,native,44
2027-09-01,430,"Общий анализ крови, анализ",0.00092,0.19047163619850493,0.00017523390530262454,native,22
2027-09-01,432,"Овощи замороженные, кг",0.00068,0.45141259227031133,0.00030696056274381173,native,33
2027-09-01,433,"Овощи натуральные консервированные, маринованные, кг",0.0028,0.23281410354622764,0.0006518794899294374,native,53
2027-09-01,434,"Овсяные хлопья ""Геркулес"", кг",0.00132,0.3171549229549546,0.00041864449830054007,native,18
2027-09-01,435,"Огурцы свежие, кг",0.00468,11.238367521835329,0.05259556000218934,native,33
2027-09-01,442,"Одеяло стеганое, шт.",0.00247,0.3315409241875329,0.0008189060827432063,native,29
2027-09-01,443,"Окорочка куриные, кг",0.00549,0.6527513495760017,0.0035836049091722494,native,26
2027-09-01,447,"Орехи, кг",0.0019,-0.13147709302574426,-0.0002498064767489141,native,33
2027-09-01,448,"Отопление, Гкал",0.00924,0.6647166628324794,0.00614198196457211,native,14
2027-09-01,449,"Оформление доверенности в нотариальной конторе, услуга",0.00012,0.22197570965241928,2.6637085158290314e-05,native,55
2027-09-01,451,"Пальто (полупальто) женское с верхом из плащевых тканей, шт.",0.00177,0.47380366732690643,0.0008386324911686244,native,29
2027-09-01,452,"Пальто женское демисезонное из шерстяных или полушерстяных тканей, шт.",0.00203,0.8124574831290874,0.0016492886907520474,native,29
2027-09-01,453,"Пальто женское зимнее из шерстяных или полушерстяных тканей, шт.",0.00095,0.8635109833009667,0.0008203354341359183,native,29
2027-09-01,454,"Пальто женское меховое и дубленка, шт.",0.00102,0.8616396653493552,0.0008788724586563423,native,23
2027-09-01,455,"Панкреатин, 10 таблеток",0.00038,0.34413591749526956,0.00013077164864820244,native,21
2027-09-01,456,"Панталоны, трусы женские, шт.",0.00127,0.4664347826366081,0.0005923721739484923,native,43
2027-09-01,457,"Паста зубная, 100 г (100 мл)",0.00191,0.29614897735196377,0.0005656445467422508,native,30
2027-09-01,458,"Пеленки для новорожденных, шт.",0.00019,0.1981641113208692,3.765118115096515e-05,native,29
2027-09-01,459,"Пельмени, манты, равиоли, кг",0.00524,0.4330043361976115,0.002268942721675484,native,26
2027-09-01,460,"Первичный консультативный осмотр больного у стоматолога, посещение",0.00106,0.14789867254513955,0.00015677259289784793,native,22
2027-09-01,461,"Первичный консультативный прием у врача специалиста, посещение",0.00207,0.5957827876282482,0.0012332703703904736,native,22
2027-09-01,464,"Пересылка простого письма внутри России, массой до 20 г, шт.",1e-05,0.2284837535061917,2.2848375350619173e-06,native,55
2027-09-01,466,"Перчатки из натуральной кожи, пара",0.00011,0.8321866236229862,9.15405285985285e-05,native,13
2027-09-01,467,"Перчатки трикотажные женские, пара",6e-05,0.9748514651984642,5.8491087911907855e-05,native,43
2027-09-01,468,"Печать цветных фотографий, шт.",0.00011,0.8640134302657736,9.50414773292351e-05,native,12
2027-09-01,469,"Печень говяжья, свиная, кг",0.00275,0.31850464276098955,0.0008758877675927213,native,26
2027-09-01,470,"Печенье, кг",0.00549,0.47168157030611924,0.0025895318209805947,native,16
2027-09-01,471,"Печь микроволновая, шт.",0.00067,-0.38045870876340426,-0.0002549073348714809,native,51
2027-09-01,475,"Пиджак, жакет женский из шерстяных, полушерстяных или смесовых тканей, шт.",0.00359,0.3574832627890047,0.001283364913412527,native,29
2027-09-01,478,"Плата за пересылку простой посылки внутри России массой 1-2 кг, шт.",0.00013,0.8928660501208616,0.000116072586515712,native,55
2027-09-01,479,"Плата за пользование потребительским кредитом (процентная ставка в стоимостном выражении), руб.",0.00656,0.059080911344859405,0.0003875707784222777,native,55
2027-09-01,480,"Платье (платье-костюм) женское из полушерстяных или смесовых тканей, шт.",0.00401,0.4559003978918073,0.0018281605955461472,native,29
2027-09-01,481,"Платье (платье-костюм) женское из хлопчатобумажных или смесовых тканей, шт.",0.00396,0.3490058692314848,0.00138206324215668,native,29
2027-09-01,482,"Платье (платье-костюм, сарафан) для девочек школьного возраста из полушерстяных, смесовых  тканей, шт.",0.00051,0.49626471428275837,0.0002530950042842068,native,29
2027-09-01,483,"Платье (сарафан) летнее для девочек дошкольного возраста, шт.",0.00029,0.06642446147109429,1.9263093826617345e-05,native,29
2027-09-01,484,"Плита бытовая, шт.",0.00148,0.019487512211822405,2.8841518073497158e-05,native,51
2027-09-01,485,"Плитка керамическая, облицовочная для внутренних работ, м2",0.0019,0.39318949596664166,0.0007470600423366191,native,38
2027-09-01,486,"Плиты древесностружечные, ориентированно-стружечные, м2",0.0008899999999999,0.8736510887124744,0.0007775494689540148,native,38
2027-09-01,487,"Повторное получение гербового документа в органах ЗАГС, документ",0.00057,0.11952034236358934,6.812659514724592e-05,native,55
2027-09-01,488,"Подгузники детские бумажные (памперсы), 10 шт.",0.00114,-0.11830933704376712,-0.0001348726442298945,native,54
2027-09-01,489,"Подушка, шт.",0.00248,0.5108694073380144,0.0012669561301982758,native,29
2027-09-01,496,"Ползунки из хлопчатобумажного трикотажного полотна, шт.",0.00019,0.8538210491873983,0.0001622259993456057,native,29
2027-09-01,500,"Полотенце кухонное, шт.",0.0012,0.67815449683264,0.0008137853961991679,native,54
2027-09-01,501,"Полотенце личное, шт.",0.00239,0.5864051419660035,0.0014015082892987485,native,54
2027-09-01,502,"Полуботинки мужские с верхом из искусственной кожи, пара",0.00083,0.4754809825645623,0.0003946492155285867,native,27
2027-09-01,503,"Полуботинки, туфли мужские с верхом из натуральной кожи, пара",0.00277,0.32978271088378536,0.0009134981091480854,native,27
2027-09-01,505,"Пользование общественным туалетом, посещение",0.00047,0.9066709111131226,0.0004261353282231676,native,55
2027-09-01,506,"Помидоры свежие, кг",0.00574,3.434584641067178,0.019714515839725603,native,33
2027-09-01,507,"Помывка в бане в общем отделении, билет",0.00103,1.4756880751715191,0.0015199587174266648,native,12
2027-09-01,508,"Порошок стиральный, кг",0.00342,0.12910205084653015,0.0004415290138951331,native,25
2027-09-01,509,"Посещение детского ясли-сада, день",0.00038,0.04939566521429167,1.8770352781430836e-05,native,44
2027-09-01,511,"Постановка набоек, пара",0.00055,0.48571861283093276,0.000267145237057013,native,12
2027-09-01,513,"Пребывание пациента в круглосуточном стационаре, койко-день",0.00042,-0.23357638239441564,-9.810208060565457e-05,native,22
2027-09-01,514,"Предоставление абоненту в постоянное пользование абонентской линии независимо от ее типа, месяц",0.00024,0.2804718770960628,6.731325050305508e-05,native,48
2027-09-01,518,"Предоставление местного телефонного соединения при повременной системе оплаты услуг связи, минута",0.00024,0.41121821378313766,9.869237130795304e-05,native,48
2027-09-01,519,"Прививка животного, шт.",0.00019,0.30234479510618645,5.744551107017543e-05,native,55
2027-09-01,524,"Продукция предприятий общественного питания быстрого обслуживания (сэндвич типа ""Гамбургер""), шт.",0.00269,0.6044884726740447,0.0016260739914931803,native,28
2027-09-01,525,"Проезд в городском автобусе,поездка",0.00185,1.6213621654548227,0.002999520006091422,native,47
2027-09-01,527,"Проезд в маршрутном такси, поездка",0.00869,0.1496561511062875,0.0013005119531136382,native,47
2027-09-01,528,"Проезд в междугородном автобусе, в расчете на 50 км пути",0.00057,0.631940031376546,0.00036020581788463117,native,47
2027-09-01,531,"Проезд в такси, в расчете на 1 км пути",0.00415,6.977464753958983,0.02895647872892978,native,47
2027-09-01,533,"Проезд в троллейбусе, поездка",0.0001,1.1338606405951706,0.00011338606405951706,native,47
2027-09-01,535,"Проживание в студенческом общежитии, месяц",2e-05,0.7558234895886118,1.5116469791772237e-05,native,55
2027-09-01,538,"Пряники, кг",0.0019,0.32465121996109436,0.0006168373179260793,native,16
2027-09-01,539,"Пшено, кг",0.00118,0.42005100791002126,0.0004956601893338251,native,18
2027-09-01,540,"Ранец, рюкзак для школьников, шт.",0.00108,0.9379951871153857,0.0010130348020846165,native,13
2027-09-01,541,"Регулировка развала-схождения колес легкового автомобиля, один вид работы",0.00423,0.6500365531022,0.002749654619622306,native,12
2027-09-01,542,"Ремень мужской, шт.",0.00059,0.17478980265977856,0.00010312598356926935,native,13
2027-09-01,543,"Ремонт  телевизоров, один вид работы",0.00037,0.541918947864309,0.00020051001070979434,native,12
2027-09-01,544,"Ремонт брюк из всех видов тканей, один вид работы",0.00018,0.43150573390744473,7.767103210334006e-05,native,12
2027-09-01,548,"Ремонт холодильников всех марок, один вид работы",0.00042,0.5417458758245368,0.00022753326784630547,native,12
2027-09-01,552,"Рис шлифованный, кг",0.00479,0.14696757540356659,0.000703974686183084,native,18
2027-09-01,554,"Рубероид, 10 м",0.00011,0.3829148440868759,4.212063284955635e-05,native,38
2027-09-01,555,"Рыба живая и охлажденная, кг",0.00395,0.5997469368158814,0.002369000400422732,native,34
2027-09-01,558,"Рыба мороженая неразделанная, кг",0.00303,0.48916469478973923,0.0014821690252129099,native,34
2027-09-01,559,"Рыба мороженая разделанная (кроме лососевых пород), кг",0.005,0.3577906650559622,0.001788953325279811,native,34
2027-09-01,560,"Рыба охлажденная и мороженая разделанная лососевых пород, кг",0.00181,0.7151125213010876,0.0012943536635549686,native,34
2027-09-01,561,"Рыба соленая, маринованная, копченая, кг",0.00142,1.0409167938902093,0.0014781018473240973,native,34
2027-09-01,563,"Рюмка, фужер из простого стекла, шт.",0.00054,0.4903597266351041,0.0002647942523829562,native,54
2027-09-01,565,"Санаторий, день",0.001,0.20895087684676442,0.00020895087684676442,native,35
2027-09-01,566,"Сапоги женские зимние с верхом из натуральной кожи, пара",0.00253,1.0458545812484803,0.0026460120905586553,native,27
2027-09-01,567,"Сапоги женские осенние с верхом из натуральной кожи, пара",0.00145,0.5958782872912011,0.0008640235165722415,native,27
2027-09-01,568,"Сапоги цельнорезиновые для взрослых, пара",0.00042,0.39718546517002395,0.00016681789537141006,native,54
2027-09-01,569,"Сапоги цельнорезиновые для детей, пара",0.00011,0.26332040047113153,2.896524405182447e-05,native,54
2027-09-01,570,"Сапоги, ботинки для детей школьного возраста зимние с верхом из натуральной кожи, пара",0.00111,0.7777506114407953,0.0008633031786992829,native,27
2027-09-01,571,"Сапоги, ботинки мужские зимние с верхом из натуральной кожи, пара",0.00223,1.064339637012321,0.002373477390537476,native,27
2027-09-01,572,"Сахар-песок, кг",0.00532,-0.5641623133268591,-0.00300134350689889,native,36
2027-09-01,573,"Свежесрезанные цветы, шт.",0.00399,0.6548305779104584,0.0026127740058627287,native,54
2027-09-01,574,"Свёкла столовая, кг",0.00077,-5.61786801435997,-0.004325758371057176,native,33
2027-09-01,575,"Светильник потолочный, шт.",0.00208,0.6254709723148169,0.001300979622414819,native,51
2027-09-01,577,"Свинина (кроме бескостного мяса), кг",0.00481,0.6374080871664818,0.0030659328992707776,native,26
2027-09-01,578,"Свинина бескостная, кг",0.00257,0.42979035713668723,0.001104561217841286,native,26
2027-09-01,580,"Сельдь соленая, кг",0.00079,0.5098386295383004,0.00040277251733525734,native,34
2027-09-01,584,"Сковорода, шт.",0.00137,0.6527023753039733,0.0008942022541664434,native,54
2027-09-01,585,"Смартфон, шт.",0.00625,-0.34041703815776114,-0.002127606488486007,native,37
2027-09-01,587,"Смеси сухие молочные для детского питания, кг",0.00077,0.2340309600939826,0.0001802038392723666,native,24
2027-09-01,588,"Сметана, кг",0.00748,0.7653967313464104,0.005725167550471149,native,24
2027-09-01,589,"Содержание и ремонт жилья в государственном и муниципальном жилищных фондах, м2 общей площади",0.00078,0.2144704290768697,0.00016728693467995835,native,14
2027-09-01,590,"Содержание, ремонт жилья для граждан-собственников жилья в результате приватизации, граждан-собственников жилых помещений по иным основаниям, м2 общей площади",0.00599,0.2816263694360901,0.0016869419529221795,native,14
2027-09-01,591,"Соки фруктовые, л",0.00232,0.26970096511290276,0.0006257062390619344,native,53
2027-09-01,592,"Соленые и копченые деликатесные продукты из рыбы, кг",0.0013,0.4961668604655722,0.0006450169186052438,native,34
2027-09-01,593,"Соль поваренная пищевая, кг",0.00122,0.13820699672161293,0.00016861253600036777,native,53
2027-09-01,595,"Сорочка верхняя для мальчиков дошкольного возраста, шт.",0.00024,0.7084202353158104,0.0001700208564757945,native,29
2027-09-01,596,"Сорочка верхняя для мальчиков школьного возраста, шт.",0.0008899999999999,0.5179042582203259,0.0004609347898160383,native,29
2027-09-01,597,"Сорочка верхняя мужская из хлопчатобумажных или смесовых тканей, шт.",0.00449,0.47215021052789014,0.002119954445270227,native,29
2027-09-01,598,"Сорочка ночная женская, шт.",0.00105,0.5611126482213247,0.0005891682806323909,native,29
2027-09-01,599,"Сосиски, сардельки, кг",0.00553,0.20969604377632284,0.0011596191220830654,native,26
2027-09-01,601,"Спички, коробок",0.00059,0.7258428198976508,0.00042824726373961395,native,54
2027-09-01,602,"Стекло оконное листовое, м2",5e-05,0.48186821642091604,2.4093410821045803e-05,native,38
2027-09-01,605,"Стирка и глажение белья прямого, кг",0.00081,0.6680884462922667,0.000541151641496736,native,12
2027-09-01,606,"Стол обеденный, шт.",0.00356,0.3922539786345514,0.001396424163939003,native,20
2027-09-01,607,"Стол рабочий кухонный, шт.",0.00091,0.5677798573762056,0.0005166796702123471,native,20
2027-09-01,608,"Стрижка модельная в женском зале, стрижка",0.00549,0.3508061527551023,0.0019259257786255117,native,12
2027-09-01,609,"Стрижка модельная в мужском зале, стрижка",0.0051,0.5058362893452717,0.002579765075660886,native,12
2027-09-01,610,"Стул с мягким сиденьем, шт.",0.00259,0.4407714914279922,0.0011415981627984997,native,20
2027-09-01,616,"Сухие корма для домашних животных, кг",0.00104,0.43369061582889074,0.00045103824046204634,native,54
2027-09-01,617,"Сухие супы в пакетах, 100 г",0.00132,0.37749538529306254,0.0004982939085868425,native,53
2027-09-01,618,"Сухофрукты, кг",0.00073,0.4774368427683258,0.0003485288952208778,native,33
2027-09-01,620,"Сыры плавленые, кг",0.00187,0.5143500253793591,0.0009618345474594015,native,39
2027-09-01,621,"Сыры твердые, полутвердые и мягкие, кг",0.00514,0.33305771318491173,0.0017119166457704462,native,39
2027-09-01,622,"Табурет для кухни, шт.",0.00063,0.4200062408880857,0.00026460393175949397,native,20
2027-09-01,623,"Тарелка обеденная, шт.",0.00085,0.4747996201165886,0.0004035796770991003,native,54
2027-09-01,624,"Таурин, 4%, 5 мл",0.00036,0.012057444876815343,4.340680155653524e-06,native,21
2027-09-01,628,"Театры, билет",0.00033,0.39553984626791655,0.00013052814926841247,native,46
2027-09-01,629,"Телевизор цветного изображения, шт.",0.00258,0.007093537457231486,1.8301326639657233e-05,native,41
2027-09-01,633,"Термометр медицинский электронный стандартный, шт.",6e-05,0.9265746170184875,5.5594477021109255e-05,native,21
2027-09-01,634,"Тетрадь школьная, шт.",0.00029,0.859549230004788,0.0002492692767013885,native,54
2027-09-01,636,"Ткани декоративные для изготовления штор и занавесей, м",0.0008,0.35581730421408236,0.0002846538433712659,native,54
2027-09-01,638,"Ткани хлопчатобумажные бельевые, м",0.0001,0.21907052949187072,2.1907052949187073e-05,native,54
2027-09-01,641,"Ткань костюмная шерстяная и полушерстяная, м",6e-05,0.25953242188191,1.55719453129146e-05,native,54
2027-09-01,642,"Ткань платьевая из искусственного или синтетического шелка, м",8e-05,0.5515087244825988,4.4120697958607906e-05,native,54
2027-09-01,646,"Торты, кг",0.00277,0.4605202010743621,0.001275640956975983,native,16
2027-09-01,647,"Трикотажная шапочка детская, шт.",0.00072,0.9450594548596584,0.0006804428074989541,native,43
2027-09-01,650,"Триммер электрический, шт.",0.00056,0.16594639323942723,9.292998021407923e-05,native,15
2027-09-01,651,"Троксерутин, 2% гель, 40 г",0.0004,0.5951640547873243,0.00023806562191492972,native,21
2027-09-01,652,"Трусы детские, шт.",0.00043,0.7358798708480774,0.00031642834446467326,native,43
2027-09-01,653,"Трусы мужские, шт.",0.00145,0.14201569883935813,0.00020592276331706929,native,43
2027-09-01,654,"Туалетная вода, 100 мл",0.00579,0.01633379294280607,9.457266113884713e-05,native,30
2027-09-01,655,"Туфли детские летние (сандалеты), пара",0.00076,-0.14841890487594744,-0.00011279836770572007,native,27
2027-09-01,659,"Туфли женские модельные с верхом из натуральной кожи, пара",0.00094,-0.015790293049707367,-1.4842875466724925e-05,native,27
2027-09-01,660,"Тушь для ресниц, шт.",0.00179,0.29689473699067187,0.0005314415792133027,native,30
2027-09-01,661,"Тюль, полотно гардинное, м",0.0022,0.39091706806112103,0.0008600175497344663,native,13
2027-09-01,663,"Удаление зуба под местным обезболиванием, удаление",0.00116,0.8196484314619477,0.0009507921804958593,native,22
2027-09-01,664,"Удостоверение завещания в нотариальной конторе, услуга",0.00012,0.45136950642546697,5.416434077105604e-05,native,55
2027-09-01,665,"Ужин в ресторане, на 1 человека",0.00313,0.5970451675486725,0.0018687513744273451,native,28
2027-09-01,666,"Ультразвуковое исследование брюшной полости, исследование",0.00137,0.3237751135396518,0.000443571905549323,native,22
2027-09-01,675,"Услуги организатора проведения торжеств, услуга",0.00247,0.1185548032823363,0.00029283036410737066,native,12
2027-09-01,678,"Услуги по воспитанию детей, предоставляемые наемным персоналом, час",0.00121,0.44629640729757664,0.0005400186528300677,native,12
2027-09-01,679,"Услуги по организации и выполнению работ по эксплуатации домов ЖК, ЖСК, ТСЖ, м2 общей площади",0.00526,0.30749913886736646,0.0016174454704423475,native,14
2027-09-01,690,"Установка пластиковых окон, м2",0.0018,0.32779987734620597,0.0005900397792231707,native,12
2027-09-01,691,"Устная консультация юриста по семейным вопросам, консультация",0.00011,0.029306030761463056,3.2236633837609363e-06,native,55
2027-09-01,692,"Учебник, учебное пособие, дидактический материал для общеобразовательной школы, шт.",0.00048,0.646090517406617,0.0003101234483551762,native,32
2027-09-01,694,"Фарш мясной, кг",0.0094,0.5220406197329078,0.004907181825489334,native,26
2027-09-01,695,"Физиотерапевтическое лечение, процедура",0.00014,0.17570174358623586,2.4598244102073018e-05,native,22
2027-09-01,697,"Филе рыбное, кг",0.00204,0.447218348508039,0.0009123254309563997,native,34
2027-09-01,698,"Филе сельди соленое, кг",0.00065,0.1310016565119309,8.515107673275509e-05,native,34
2027-09-01,699,"Флеш-накопитель USB, шт.",3e-05,0.3998173758245003,1.1994521274735009e-05,native,41
2027-09-01,701,"Фотоаппарат, шт.",0.00019,0.2392014942625901,4.544828390989212e-05,native,54
2027-09-01,703,"Футболка детская, шт.",0.00049,0.04335422255067653,2.12435690498315e-05,native,43
2027-09-01,704,"Халат женский, шт.",0.00119,0.8122536833848546,0.0009665818832279771,native,29
2027-09-01,706,"Химчистка мужского костюма, шт.",0.00012,0.5165989079809338,6.199186895771206e-05,native,12
2027-09-01,710,"Хлеб из ржаной муки и из смеси муки ржаной и пшеничной, кг",0.00255,0.5712299970244125,0.001456636492412252,native,49
2027-09-01,711,"Хлопья из злаков (сухие завтраки), кг",0.00115,0.49651585701422285,0.0005709932355663562,native,49
2027-09-01,712,"Холодильник двухкамерный, емкостью 250-360 л, шт.",0.00262,0.11318389327753117,0.00029654180038713167,native,51
2027-09-01,714,"Цемент тарированный, 50 кг",0.00066,0.6292611855740866,0.00041531238247889717,native,38
2027-09-01,716,"Чай черный байховый пакетированный, 25 пакетиков",0.00197,-0.38151278152167767,-0.000751580179597705,native,50
2027-09-01,717,"Чай черный байховый, кг",0.00269,-0.021589323274340738,-5.8075279607976585e-05,native,50
2027-09-01,718,"Чайник, шт.",0.00102,0.11097287371760646,0.00011319233119195859,native,54
2027-09-01,721,"Часы наручные, шт.",0.00028,0.48483274211743166,0.00013575316779288084,native,54
2027-09-01,722,"Чашка чайная с блюдцем, комплект",0.00028,0.31825109749626523,8.911030729895426e-05,native,54
2027-09-01,723,"Чеснок, кг",0.00111,0.6467731878130054,0.000717918238472436,native,33
2027-09-01,726,"Шампунь, 250 мл",0.0019,0.2805177327467825,0.0005329836922188867,native,30
2027-09-01,727,"Шиномонтаж колес легкового автомобиля, услуга",0.00355,0.6140216265130423,0.0021797767741213,native,12
2027-09-01,728,"Шины для легкового автомобиля, шт.",0.00355,0.41143487022870706,0.0014605937893119102,native,17
2027-09-01,729,"Шкаф-вешалка для прихожей, шт.",0.00078,0.25719874916509244,0.0002006150243487721,native,20
2027-09-01,730,"Шкаф для платья и белья, шт.",0.0023,0.5463916932571145,0.0012567008944913633,native,20
2027-09-01,731,"Шкаф навесной кухонный (полка), двухстворчатый, шт.",0.00067,0.46503588743055413,0.0003115740445784713,native,20
2027-09-01,734,"Шоколад, кг",0.0034,-0.02440183697285425,-8.296624570770445e-05,native,16
2027-09-01,735,"Щетка зубная, шт.",0.00174,0.22636394290034684,0.0003938732606466035,native,13
2027-09-01,740,"Экскурсия автобусная, час",0.00112,0.5906388824938984,0.0006615155483931662,native,55
2027-09-01,741,"Электропылесос напольный, шт.",0.00185,-0.15090654768684947,-0.0002791771132206715,native,51
2027-09-01,742,"Электроутюг, шт.",0.00079,-0.4261802478035383,-0.00033668239576479527,native,51
2027-09-01,743,"Электрочайник, шт.",0.00058,-0.11501280036657474,-6.670742421261334e-05,native,51
2027-09-01,744,"Электроэнергия в квартирах без электроплит сверх минимального объема потребления, в расчете за 100 кВт.ч",0.00107,0.6903695942236403,0.0007386954658192951,native,14
2027-09-01,745,"Электроэнергия в квартирах без электроплит за минимальный объем потребления, в расчете за 100 кВт.ч",0.00638,0.7009066791793948,0.004471784613164539,native,14
2027-09-01,746,"Электроэнергия в квартирах с электроплитами за минимальный объем потребления, в расчете за 100 кВт.ч",0.00315,0.7010811335180883,0.002208405570581978,native,14
2027-09-01,747,"Электроэнергия в квартирах с электроплитами сверх минимального объема потребления, в расчете за 100 кВт.ч",0.00082,0.6911806670946158,0.0005667681470175849,native,14
2027-09-01,748,"Эналаприл, 5 мг, 10 таблеток",0.00035,-0.049204772610134784,-1.7221670413547173e-05,native,21
2027-09-01,750,"Юбка для девочек школьного возраста из полушерстяных тканей, шт.",0.00076,0.6924222976808367,0.0005262409462374359,native,29
2027-09-01,751,"Юбка женская из полушерстяных или смесовых тканей, шт.",0.00203,0.6113306680911952,0.0012410012562251262,native,29
2027-09-01,753,"Яблоки, кг",0.00515,-4.3182768082876,-0.022239125562681143,native,33
2027-09-01,754,"Яйца куриные, 10 шт.",0.00543,3.6864816213231046,0.020017595203784457,native,52
2027-09-01,786,"Поездка на отдых в Турцию, поездка",0.0004,-5.494658858607724,-0.0021978635434430896,native,67
2027-09-01,795,"Варежки (перчатки) детские, пара",8e-05,1.1803726599776314,9.442981279821052e-05,native,43
2027-09-01,809,"Шарф шерстяной, полушерстяной или из смесовой пряжи для взрослых, шт.",0.00077,1.3801077155084118,0.001062682940941477,native,43
2027-09-01,851,"Активированный уголь, 250 мг, 10 таблеток",0.00032,0.41251347774679137,0.00013200431287897324,native,21
2027-09-01,958,"Чай зеленый, кг",0.00169,0.14042583593743718,0.00023731966273426885,native,50
2027-09-01,959,"Брюки женские из джинсовой ткани (джинсы), шт.",0.00282,0.40542155168836025,0.001143288775761176,native,29
2027-09-01,960,"Носки женские, гольфы, пара",0.0007,0.4405682389172694,0.00030839776724208857,native,54
2027-09-01,961,"Пена для бритья, 200 мл",0.00085,-0.04305629572266645,-3.659785136426648e-05,native,30
2027-09-01,962,Крем для рук,0.00117,0.14986653262682265,0.0001753438431733825,native,30
2027-09-01,963,"Бритвенные станки одноразовые, шт.",0.0008,0.7918291944229016,0.0006334633555383212,native,13
2027-09-01,964,"Лампа светодиодная, шт.",0.00026,-0.1175827936611481,-3.0571526351898504e-05,native,51
2027-09-01,965,"Моноблок, шт.",0.00092,-0.6180898814258213,-0.0005686426909117556,native,31
2027-09-01,966,"Годовая стоимость полиса обязательного страхования гражданской ответственности владельцев транспортных средств (ОСАГО), полис",0.0013,1.0498051116717955,0.001364746645173334,native,55
2027-09-01,968,"Рюкзак для взрослых, шт.",0.00087,-0.29123335598145195,-0.0002533730197038632,native,13
2027-09-01,970,"Сливки питьевые, л",0.00112,0.47543853403468317,0.0005324911581188451,native,24
2027-09-01,971,"Зелень свежая, кг",0.00098,0.36165090697255936,0.0003544178888331082,native,33
2027-09-01,972,"Грибы свежие, кг",0.00119,0.7128155887031192,0.0008482505505567119,native,33
2027-09-01,973,"Ягоды замороженные, кг",0.00026,-0.05593383686936498,-1.4542797586034894e-05,native,33
2027-09-01,976,"Гель для душа, 250 мл",0.00105,0.34061385198395916,0.0003576445445831571,native,30
2027-09-01,977,"Мыло туалетное жидкое, 250 мл",0.00099,0.19634191921415162,0.0001943785000220101,native,30
2027-09-01,978,"Дезодорант, 50 мл",0.00092,0.4083709510309383,0.00037570127494846323,native,30
2027-09-01,979,"Кресло мягкое, шт.",0.00377,0.3605309778134115,0.0013592017863565612,native,20
2027-09-01,980,"Матрас для взрослых, шт.",0.00306,0.5499668544707739,0.0016828985746805678,native,20
2027-09-01,981,"Салфетки влажные, упаковка 20 шт.",0.00045,0.018878229605510832,8.495203322479874e-06,native,54
2027-09-01,982,"Бумажные столовые салфетки, упаковка 10 шт.",0.00306,0.17044876492672492,0.0005215732206757782,native,54
2027-09-01,983,"Бумажные носовые платки, упаковка 10 шт.",0.00042,0.9477080900962328,0.0003980373978404178,native,54
2027-09-01,984,"Прокладки женские гигиенические, 10 шт.",0.00108,0.47094093570412476,0.0005086162105604547,native,54
2027-09-01,985,"Наушники беспроводные, шт.",0.00189,-0.3778655548423778,-0.000714165898652094,native,37
2027-09-01,987,"Цефтриаксон, 1 г",0.0004,0.4311482535952116,0.00017245930143808464,native,21
2027-09-01,992,"Амлодипин, 10 мг, 10 таблеток",0.00035,1.536110888888886,0.00053763881111111,calendar_gap_in_required_features,21
2027-09-01,993,"Омепразол, 20 мг, 10 таблеток",0.0004,0.4695024984887454,0.00018780099939549817,native,21
2027-09-01,994,"Хлоргексидин, 100 мл",0.00033,1.1383331666666636,0.00037564994499999897,short_history,21
2027-09-01,995,"Амоксициллин с клавулановой кислотой, 500 мг+125мг, 10 таблеток",0.00039,0.09413203819582422,3.6711494896371443e-05,native,21
2027-09-01,996,"Ибупрофен, 200 мг, 10 таблеток",0.00049,-0.17491497821211038,-8.570833932393409e-05,native,21
2027-09-01,997,"Шприцы одноразовые, шт.",6e-05,1.5008046064692064,9.004827638815238e-05,native,21
2027-09-01,999,"Антисептик для рук, 100 мл",0.00017,0.5974798597201716,0.00010157157615242917,native,21
2027-09-01,1000,"Термометр медицинский безртутный (галинстановый), шт.",6e-05,-0.011421931698870624,-6.853159019322375e-07,native,21
2027-09-01,1001,"Установка натяжного потолка, м2",0.00073,0.23892748992578589,0.00017441706764582368,native,12
2027-09-01,1002,"Услуги аренды автомобилей, час",0.00017,-0.041611230424369344,-7.073909172142789e-06,native,47
2027-09-01,1003,"Подписка на онлайн-видеосервисы, месяц",0.00766,0.7755724976054094,0.005940885331657436,native,48
2027-09-01,1004,"Проживание в гостинице 1* или в мотеле, сутки с человека",5e-05,0.08601301694998528,4.300650847499264e-06,native,55
2027-09-01,1005,"Проживание в гостинице 2*, сутки с человека",4e-05,0.23912431939013845,9.56497277560554e-06,native,55
2027-09-01,1006,"Проживание в гостинице 3*, сутки с человека",0.00075,-0.8840434935699581,-0.0006630326201774687,native,55
2027-09-01,1007,"Проживание в гостинице 4*-5*, сутки с человека",0.00067,1.4179988040189149,0.0009500591986926729,native,55
2027-09-01,1008,"Проживание в хостеле, сутки с человека",0.00061,1.811929477589778,0.0011052769813297645,native,55
2027-09-01,1009,"Экскурсионные туры по России, поездка",0.00138,0.0852227314383012,0.00011760736938485564,native,55
2027-09-01,1011,"Поездка на отдых в ОАЭ, поездка",0.0004,8.620000000000005,0.003448000000000002,missing_current_observation,67
2027-09-01,1012,"Услуги сиделок, час",0.00046,0.5319052678889146,0.0002446764232289007,native,22
2027-09-01,1013,"Диагностика на магнитно-резонансном или компьютерном томографе, услуга",0.00045,0.2597072435416198,0.0001168682595937289,native,22
2027-09-01,1014,"Гастроскопия (ФГДС, ЭГДС), услуга",0.00059,0.48065795397916794,0.0002835881928477091,native,22
2027-09-01,1020,"Аскорбиновая кислота, 50 мг, 100 драже",0.00028,1.9326301113873638,0.0005411364311884618,native,21
2027-09-01,1024,"Валерианы экстракт, 20 мг, 10 таблеток",0.00029,0.37328316667064976,0.00010825211833448843,native,21
2027-09-01,1025,"Газета в розницу, шт.",0.00024,0.6152584234431387,0.0001476620216263533,native,32
2027-09-01,1030,"Клубная карта в фитнес-клуб, месяц",0.00185,0.8022686421389479,0.0014841969879570537,native,55
2027-09-01,1032,"Кроссовые туфли для взрослых, пара",0.00518,0.4439183303737727,0.0022994969513361425,native,27
2027-09-01,1035,"Метилурацил, 10 % мазь, 25 г",0.00037,0.9645400350059983,0.0003568798129522194,native,21
2027-09-01,1037,"Мирамистин, 0,01%, 150 мл",0.00039,0.4598462107653887,0.00017934002219850158,native,21
2027-09-01,1038,"Натрия хлорид, 0,9%, 100 мл",0.00039,1.6923413042785649,0.0006600131086686403,native,21
2027-09-01,1039,"Нафазолин, 0,1%, 15 мл",0.00044,0.8985972613875411,0.00039538279501051814,native,21
2027-09-01,1040,"Парацетамол, 500 мг, 10 таблеток",0.00039,1.0348403359515168,0.00040358773102109154,native,21
2027-09-01,1041,"Перекись водорода, 3%, 100 мл",0.00036,0.8400443538399596,0.00030241596738238546,native,21
2027-09-01,1042,"Пиво, л",0.00372,0.41123968975265535,0.001529811645879878,native,11
2027-09-01,1043,"Поездка на отдых в Египет, поездка",0.0002,-0.004286090382743635,-8.57218076548727e-07,native,67
2027-09-01,1045,"Ренгалин, 20 таблеток",0.0004,0.8766754153244941,0.00035067016612979766,native,21
2027-09-01,1046,"Сигареты с фильтром, пачка",0.0086599999999999,0.4677337069824922,0.004050573902468336,native,40
2027-09-01,1048,"Сумка женская, шт.",0.00138,-0.41059723611357746,-0.0005666241858367369,native,13
2027-09-01,1049,"Творог, кг",0.00591,0.8246111108712382,0.004873451665249018,native,24
2027-09-01,1050,"Туфли женские закрытые, пара",0.00196,0.4361058428205572,0.0008547674519282921,native,27
2027-09-01,1051,"Туфли женские летние, босоножки, пара",0.00356,-0.6481820487642544,-0.0023075280936007457,native,27
2027-09-01,1054,"Хлеб и булочные изделия из пшеничной муки различных сортов, кг",0.00735,1.0308541475987065,0.007576777984850493,native,49
2027-09-01,1055,"Цитрамон, 10 таблеток",0.00039,-0.4619325570511736,-0.0001801536972499577,native,21
2027-09-01,1060,"Поездки в страны Закавказья, поездка",0.00022,-0.641348123352796,-0.00014109658713761512,native,67
2027-09-01,1063,"Поездки в отдельные страны Средней Азии, поездка",4e-05,11.076666777777781,0.0004430666711111113,short_history,67
2027-09-01,1064,"Поездка в Беларусь, поездка",0.0001,8.252221944444448,0.0008252221944444448,short_history,67
2027-09-01,1065,"Поездки в отдельные страны Юго-Восточной Азии, поездка",0.00017,3.661208979787033,0.0006224055265637956,native,67
2027-09-01,1066,"Молоко питьевое цельное пастеризованное более 3,2% жирности, л",0.00142,1.2130568954744139,0.0017225407915736678,native,24
2027-09-01,1067,"Творожок детский, кг",6e-05,0.14118224938109764,8.470934962865858e-06,native,24
2027-09-01,1068,"Молоко для детей, л",1e-05,1.228090912793486,1.2280909127934861e-05,native,24
2027-09-01,1069,"Сухие приправы, специи, кг",0.00139,0.7805271336049834,0.0010849327157109268,native,53
2027-09-01,1070,"Трикотажный головной убор для взрослых, шт.",0.00057,1.0246263643576246,0.000584037027683846,native,43
2027-09-01,1071,"Крем детский, 100 г (100 мл)",0.00137,0.033951325675803834,4.651331617585125e-05,native,30
2027-09-01,1072,"Чемодан, шт.",0.00108,-0.3814141149847904,-0.0004119272441835736,native,13
2027-09-01,1073,"Бумага офисная, упаковка 500 листов",0.00015,0.5518025443734564,8.277038165601846e-05,native,54
2027-09-01,1074,"Смарт-часы, шт.",0.00085,-2.3052406752766372,-0.0019594545739851413,native,37
2027-09-01,1075,"Коньки, пара",0.00035,-0.5062434921915464,-0.00017718522226704123,native,54
2027-09-01,1076,"Гипсокартон, м2",0.00075,0.41441331972373496,0.0003108099897928012,native,38
2027-09-01,1077,"Кресло детское автомобильное, шт.",0.00056,0.38587359966836576,0.0002160892158142848,native,17
2027-09-01,1078,"Соска (пустышка) детская, шт.",6e-05,0.12121976226788522,7.273185736073113e-06,native,21
2027-09-01,1079,"Бутылочка для кормления, шт.",0.00066,0.18034995536808018,0.00011903097054293292,native,21
2027-09-01,1083,"Поездка на отдых на Черноморское побережье России и в Крым, поездка",0.00205,-11.422532611649576,-0.02341619185388163,native,55
2027-09-01,1086,"Горошек зеленый консервированный, кг",0.00081,-0.6068837222222199,-0.0004915758149999981,short_history,53
2027-09-01,1087,"Перец сладкий свежий, кг",0.00266,0.9549999444444437,0.00254029985222222,short_history,33
2027-09-01,1088,"Робот-пылесос, шт.",0.00116,0.28444461111110464,0.0003299557488888814,short_history,51
2027-09-01,1091,"Валосердин, 25 мл",0.00033,1.1194442777777753,0.00036941661166666585,short_history,21
2027-09-01,1094,"Диклофенак, 15 мл",0.00038,1.7183332222222196,0.0006529666244444435,short_history,21
2027-09-01,1095,"Кардиомагнил, 100 таблеток",0.0004,1.1261111666666639,0.0004504444666666656,short_history,21
2027-09-01,1097,"Меновазин, 40 мл",0.00034,1.0683331111111078,0.0003632332577777767,short_history,21
2027-09-01,1099,"Пенталгин, 24 таблетки",0.00035,1.3150001111111085,0.000460250038888888,short_history,21
2027-09-01,1100,"Салициловая кислота, 40 мл",0.00031,1.8155553333333303,0.0005628221533333324,short_history,21
2027-09-01,1101,"Спазмалгон, 10 таблеток",0.0004,1.120555333333331,0.0004482221333333324,short_history,21
2027-09-01,1105,Воздушный и железнодорожный транспорт,0.00569,-4.209998999999996,-0.023954894309999978,missing_current_observation,47
2027-09-01,1107,"Печень птицы, кг",0.00225,3.906111222222227,0.00878875025000001,short_history,26
2027-09-01,1108,"Кефир, кг",0.00427,0.05888877777777187,0.00025145508111108593,short_history,24
2027-09-01,1109,"Сырки творожные, глазированные, кг",0.00124,0.3455554999999938,0.0004284888199999923,short_history,24
2027-09-01,1110,"Вода питьевая, л",0.00157,-0.6141060555555526,-0.0009641465072222176,short_history,53
2027-09-01,1111,"Жидкие средства для стирки, л",0.00146,1.41055527777777,0.002059410705555544,short_history,25
2027-09-01,1112,"Помада, шт.",0.00092,-0.2966668333333362,-0.0002729334866666693,short_history,30
2027-09-01,1113,"Блоки строительные, 1000 шт.",0.00028,0.03722261111110864,1.0422331111110418e-05,short_history,38
2027-09-01,1114,"Компримированный природный газ, м3",0.00189,4.531111111111107,0.008563799999999993,short_history,42
2027-09-01,1115,"Хлоропирамин, 10 таблеток",0.00036,1.1188889444444419,0.0004028000199999991,short_history,21
2027-09-01,1116,"Цетиризин, 10 таблеток",0.00037,1.121666611111108,0.00041501664611110997,short_history,21
2027-09-01,1117,"Интерферон альфа-2В, 10 мл",0.00039,1.0155555555555524,0.00039606666666666543,short_history,21
2027-09-01,1118,"Метопролол, 10 таблеток",0.00046,0.8433329444444426,0.00038793315444444364,short_history,21
2027-09-01,1119,"Спиронолактон, 10 таблеток",0.00035,0.9144442222222193,0.0003200554777777768,short_history,21
2027-09-01,1120,"Лозартан, 10 таблеток",0.0004,1.2366664999999974,0.000494666599999999,short_history,21
2027-09-01,1121,"Аторвастатин, 10 таблеток",0.0004,1.1338888333333301,0.00045355553333333205,short_history,21
2027-09-01,1122,"Мелоксикам, 10 таблеток",0.00038,0.98499972222222,0.0003742998944444436,short_history,21
2027-09-01,1123,"Кеторолак, 10 таблеток",0.00042,1.933333222222219,0.0008119999533333321,short_history,21
2027-09-01,1124,"Розувастатин, 10 таблеток",0.00034,1.07666633333333,0.0003660665533333322,short_history,21
2027-09-01,1125,"Алтея лекарственного травы экстракт, 10 таблеток",0.00041,0.965555555555553,0.0003958777777777767,short_history,21
2027-09-01,1126,"Римантадин, 10 таблеток",0.00032,0.8855551666666643,0.0002833776533333326,short_history,21
2027-09-01,1127,"Погребение, услуга",0.00034,1.2188888888888856,0.0004144222222222211,short_history,12
2027-09-01,1128,"Курьерская доставка, услуга",0.00012,-1.9321146666666682,-0.00023185376000000018,short_history,55
2027-09-01,1129,"Междугородная телефонная связь, минута",0.00019,-0.14944416666666172,-2.8394391666665727e-05,short_history,48
2027-09-01,1131,"Вода минеральная, л",0.00085,-0.37910594444444157,-0.0003222400527777753,short_history,53
2027-10-01,101,"Абонентская плата за доступ к сети Интернет, месяц",0.0085699999999999,0.03724325026527756,0.000319174654773425,native,48
2027-10-01,103,"Абонентская плата за неограниченный объем местных телефонных соединений, месяц",0.00026,0.30028211347521544,7.8073349503556e-05,native,48
2027-10-01,104,"Абонентская плата за пакет услуг сотовой связи, месяц",0.01009,0.47927171527454043,0.004835851607120113,native,48
2027-10-01,106,"Абонентская плата за телевизионную антенну, месяц",0.00219,0.5578573983661573,0.0012217077024218846,native,48
2027-10-01,107,"Абонентская плата при комбинированной системе оплаты услуг местной телефонной связи, месяц",0.00022,0.3281094634689577,7.218408196317069e-05,native,48
2027-10-01,109,"Авторучка шариковая, шт.",0.00063,0.9432272175793338,0.0005942331470749803,native,54
2027-10-01,112,"Альбом для рисования, шт.",0.00023,0.5347573255727927,0.00012299418488174232,native,54
2027-10-01,113,"Амброксол, 30 мг, 10 таблеток",0.00035,0.44683211446800164,0.00015639124006380057,native,21
2027-10-01,115,"Апельсины, кг",0.00434,2.1464971673015154,0.009315797706088577,native,33
2027-10-01,116,"Аппарат для измерения артериального давления электронный, шт.",0.0002,0.14622559690996254,2.9245119381992507e-05,native,21
2027-10-01,117,"Аренда двухкомнатной квартиры у частных лиц, месяц",0.00506,0.8634792372850415,0.00436920494066231,native,14
2027-10-01,118,"Аренда индивидуального банковского сейфа, в расчете на месяц",0.00011,1.319094472679042,0.0001451003919946946,native,55
2027-10-01,119,"Аренда однокомнатной квартиры у частных лиц, месяц",0.00435,0.8948552696403695,0.0038926204229356074,native,14
2027-10-01,120,"Ацетилсалициловая кислота (Аспирин отечественный), 500 мг, 10 таблеток",0.00029,1.795944661661042,0.0005208239518817022,native,21
2027-10-01,121,"Бананы, кг",0.00418,1.871907981683696,0.00782457536343785,native,33
2027-10-01,122,"Баранина (кроме бескостного мяса), кг",0.00651,0.19942430460168648,0.001298252222956979,native,26
2027-10-01,123,"Бараночные изделия, кг",0.00116,0.4046377808123499,0.0004693798257423259,native,49
2027-10-01,124,"Батарейки электрические типа АА, шт.",0.00019,0.39753151170057166,7.553098722310862e-05,native,51
2027-10-01,126,"Белье для новорожденных и детей ясельного возраста, шт.",0.00028,0.6363290920136256,0.00017817214576381518,native,29
2027-10-01,130,"Бензин автомобильный марки АИ-92, л",0.01023,1.3790442809026402,0.014107622993634009,native,42
2027-10-01,131,"Бензин автомобильный марки АИ-95, л",0.01543,0.8459661693196271,0.013053257992601845,native,42
2027-10-01,132,"Бензин автомобильный марки АИ-98, л",0.00117,1.0669998446645748,0.0012483898182575526,native,42
2027-10-01,134,"Бинт, шт.",4e-05,-0.3531655298476698,-1.4126621193906792e-05,native,21
2027-10-01,135,"Бисопролол, 10 мг, 10 таблеток",0.00039,0.5117574597159561,0.00019958540928922288,native,21
2027-10-01,136,"Блузка для девочек школьного возраста, шт.",0.00106,0.49349893382492527,0.0005231088698544208,native,29
2027-10-01,137,"Блузка женская, шт.",0.00257,0.43928219132266355,0.0011289552316992451,native,29
2027-10-01,138,"Ботинки, полуботинки для детей дошкольного возраста, пара",0.00078,0.6891073762348774,0.0005375037534632043,native,27
2027-10-01,139,"Ботинки, полуботинки для детей школьного возраста, пара",0.0012,0.5833930426450624,0.0007000716511740749,native,27
2027-10-01,141,"Брюки для детей школьного возраста из джинсовой ткани, шт.",0.00098,0.2349262868937309,0.00023022776115585628,native,29
2027-10-01,142,"Брюки для детей школьного возраста из полушерстяных тканей, шт.",0.00088,0.4061667532502961,0.0003574267428602606,native,29
2027-10-01,143,"Брюки женские из полушерстяных или смесовых тканей, шт.",0.00204,0.46311979963175665,0.0009447643912487837,native,29
2027-10-01,144,"Брюки мужские из джинсовой ткани (джинсы), шт.",0.00408,0.3178672324893611,0.0012968983085565934,native,29
2027-10-01,145,"Брюки мужские из полушерстяных или смесовых тканей, шт.",0.00183,0.40031053099037917,0.0007325682717123939,native,29
2027-10-01,146,"Булочные изделия сдобные из муки высшего сорта штучные, кг",0.00169,0.7500423317705389,0.001267571540692211,native,49
2027-10-01,147,"Бумага туалетная, рулон",0.00099,0.20204934354554294,0.0002000288501100875,native,54
2027-10-01,149,"Бюстгальтер, шт.",0.00143,0.48209232223886045,0.0006893920208015705,native,13
2027-10-01,150,"Валидол, 60 мг, 10 таблеток",0.00032,-0.1958107389897939,-6.265943647673405e-05,native,21
2027-10-01,152,"Варенье, джем, повидло, кг",0.00113,0.5313635465599538,0.0006004408076127478,native,53
2027-10-01,154,"Вата отечественная, 100 г",0.00014,0.23744240120657506,3.3241936168920504e-05,native,21
2027-10-01,155,"Велосипед для дошкольников, шт.",0.00107,0.1953891170169656,0.0002090663552081532,native,54
2027-10-01,156,"Велосипед дорожный для взрослых, шт.",0.00059,-0.29396598321645445,-0.00017343993009770814,native,54
2027-10-01,158,"Вермишель, кг",0.00142,0.2834868884242482,0.00040255138156243244,native,18
2027-10-01,162,"Взносы на капитальный ремонт, м2",0.00784,0.6264602930761238,0.004911448697716811,native,14
2027-10-01,164,"Вино виноградное крепленое, л",0.00134,0.22787713607003873,0.00030535536233385193,native,11
2027-10-01,165,"Вино виноградное столовое, л",0.00172,0.5326364294614423,0.0009161346586736807,native,11
2027-10-01,166,"Вино игристое отечественное, л",0.00136,0.2770150294313583,0.0003767404400266473,native,11
2027-10-01,167,"Виноград, кг",0.00338,-3.632226713059494,-0.01227692629014109,native,33
2027-10-01,171,"Водка, л",0.0033,0.2603927671543773,0.0008592961316094451,native,11
2027-10-01,172,"Водоотведение, м3",0.00325,0.25982468476417847,0.00084443022548358,native,14
2027-10-01,173,"Водоснабжение горячее, м3",0.00592,0.6973684942161349,0.004128421485759519,native,14
2027-10-01,174,"Водоснабжение холодное, м3",0.0053,0.47588402188165657,0.0025221853159727798,native,14
2027-10-01,181,"Выполнение обойных работ, 10 м2",0.00103,0.8249879343062537,0.0008497375723354414,native,12
2027-10-01,182,"Выполнение работ по облицовке кафельной плиткой, м2",0.00119,0.7142659188267644,0.0008499764434038497,native,12
2027-10-01,184,"Газ сетевой, м3",0.01097,0.4596078659086743,0.005041898289018157,native,14
2027-10-01,185,"Газ сетевой, месяц с человека",0.0095,0.4603448944787961,0.004373276497548563,native,14
2027-10-01,189,"Газовое моторное топливо, л",0.00226,1.2409099658604115,0.0028044565228445297,native,42
2027-10-01,195,"Говядина (кроме бескостного мяса), кг",0.01634,0.794744444165731,0.012986124217668045,native,26
2027-10-01,196,"Говядина бескостная, кг",0.01193,0.6471783169808684,0.007720837321581759,native,26
2027-10-01,197,"Годовая стоимость полиса добровольного страхования жилья от стандартных рисков, полис",0.00027,0.5131073778079346,0.00013853899200814233,native,55
2027-10-01,198,"Годовая стоимость полиса добровольного страхования легкового автомобиля от стандартных рисков (КАСКО), полис",0.00223,0.33447093233012665,0.0007458701790961825,native,55
2027-10-01,203,"Горох и фасоль, кг",0.00191,0.026606277834425263,5.081799066375225e-05,native,18
2027-10-01,204,"Груши, кг",0.00292,0.048752635008920964,0.0001423576942260492,native,33
2027-10-01,205,"Джемпер для детей школьного возраста, шт.",0.00045,0.5158572021727104,0.00023213574097771965,native,43
2027-10-01,206,"Джемпер женский, шт.",0.00129,0.5730557359499088,0.0007392418993753823,native,43
2027-10-01,207,"Джемпер мужской, шт.",0.00127,0.548377790807125,0.0006964397943250489,native,43
2027-10-01,208,"Диван-кровать, шт.",0.00253,0.3315630058676372,0.0008388544048451221,native,20
2027-10-01,209,"Дизельное топливо, л",0.00286,0.9173718266821991,0.0026236834243110897,native,42
2027-10-01,210,"Дом отдыха, пансионат, день",0.00177,-0.1600040000000007,-0.00028320708000000125,short_history,35
2027-10-01,211,"Дополнительные занятия в государственных и муниципальных общеобразовательных организациях очной формы обучения, академический час",0.00031,0.1460936862917699,4.528904275044867e-05,native,44
2027-10-01,212,"Дополнительные занятия для детей дошкольного возраста, академический час",0.00189,0.4411285064214726,0.0008337328771365832,native,44
2027-10-01,213,"Доска обрезная, м3",0.00153,0.4560717680109535,0.0006977898050567588,native,38
2027-10-01,214,"Дрель электрическая, шт.",0.00056,0.29609806199792454,0.00016581491471883772,native,15
2027-10-01,216,"Дротаверин (Но-шпа), 40 мг, 100 таблеток",0.00039,0.5877757774176238,0.00022923255319287327,native,21
2027-10-01,218,"Еврошифер, 10 м2",0.00011,0.6641059752459175,7.305165727705093e-05,native,38
2027-10-01,221,"Жевательная резинка, упаковка",0.00016,0.04729178102362544,7.566684963780071e-06,native,16
2027-10-01,223,"Жидкие чистящие и моющие средства, л",0.00353,0.18291473165029024,0.0006456890027255245,native,25
2027-10-01,228,"Занятия в плавательных бассейнах, месяц",0.00091,0.7732965305890378,0.0007036998428360244,native,55
2027-10-01,229,"Занятия на курсах иностранных языков, академический час",0.00156,0.4387858154049833,0.0006845058720317739,native,44
2027-10-01,230,"Занятия на курсах профессионального обучения, академический час",0.00123,0.23066501954586036,0.00028371797404140825,native,44
2027-10-01,231,"Земля для растений, л",0.00027,0.5480980851477595,0.00014798648298989506,native,54
2027-10-01,232,"Зеркало навесное для ванной комнаты, шт.",0.00125,0.3082599358839845,0.00038532491985498064,native,20
2027-10-01,233,"Зефир, пастила, кг",0.00143,0.5390334703165719,0.0007708178625526978,native,16
2027-10-01,234,"Зонт, шт.",0.00109,0.7382708764275958,0.0008047152553060795,native,13
2027-10-01,236,"Игрушки мягкие, шт.",0.00012,0.6250379668106983,7.50045560172838e-05,native,54
2027-10-01,237,"Игрушки пластмассовые для детей ясельного возраста, шт.",0.00039,0.6124489638879423,0.0002388550959162975,native,54
2027-10-01,238,"Изготовление гроба, шт.",0.00038,0.3132410043854253,0.00011903158166646161,native,12
2027-10-01,239,"Изготовление коронки, шт.",0.00131,0.5773340760204828,0.0007563076395868325,native,22
2027-10-01,240,"Изготовление съёмного протеза, протез",0.00127,0.38586665428712225,0.0004900506509446453,native,22
2027-10-01,241,"Изготовление фотографий для документов, 4 шт.",0.00011,0.7008811694220813,7.709692863642895e-05,native,12
2027-10-01,243,"Икра лососевых рыб, отечественная, кг",0.00046,0.6136064536653496,0.0002822589686860608,native,34
2027-10-01,244,"Индапамид, 2,5 мг, 10 таблеток",0.00035,-0.18777833333333482,-6.572241666666718e-05,calendar_gap_in_required_features,21
2027-10-01,245,"Йогурт, 125 г",0.00113,0.5276600389263832,0.000596255843986813,native,24
2027-10-01,246,"Йод, 10 мл",0.00036,0.6545134122563201,0.00023562482841227525,native,21
2027-10-01,247,"Какао, кг",0.00055,-0.39972141451716175,-0.00021984677798443896,native,50
2027-10-01,248,"Кальмары мороженые, кг",0.00023,0.4990209161415372,0.00011477481071255356,native,34
2027-10-01,249,"Капуста белокочанная свежая, кг",0.00236,-3.455430625224253,-0.008154816275529237,native,33
2027-10-01,250,"Карамель, кг",0.00369,0.06172130786025193,0.0002277516260043296,native,16
2027-10-01,251,"Карандаш чернографитный, шт.",0.00034,0.48928926556265456,0.00016635835029130255,native,54
2027-10-01,252,"Картофель, кг",0.00612,-2.565066265871401,-0.015698205547132974,native,33
2027-10-01,253,"Кастрюля из эмалированной или нержавеющей стали, шт.",0.00178,0.1263900005144993,0.00022497420091580875,native,54
2027-10-01,254,"Кексы, рулеты, кг",0.00333,0.2945223734558227,0.0009807595036078896,native,16
2027-10-01,256,"Кетчуп, кг",0.00182,0.2880365250811475,0.0005242264756476885,native,53
2027-10-01,257,"Кинотеатры, билет",0.00023,0.41980494876983787,9.655513821706271e-05,native,46
2027-10-01,258,"Кирпич красный, 1000 шт.",0.00015,0.6051374828480436,9.077062242720652e-05,native,38
2027-10-01,259,"Кисломолочные продукты, кг",0.00311,0.6775715664717576,0.002107247571727166,native,24
2027-10-01,260,"Клинический осмотр животного, посещение",0.00037,0.4643672001390139,0.00017181586405143513,native,55
2027-10-01,261,"Книга художественная, шт.",0.00028,0.2394402899907365,6.704328119740621e-05,native,32
2027-10-01,263,"Ковер, ковровое покрытие (палас) синтетический, м2",0.00279,0.4654683123639034,0.0012986565914952905,native,54
2027-10-01,265,"Колбаса вареная, кг",0.00464,0.40980446729462194,0.0019014927282470459,native,26
2027-10-01,266,"Колбаса полукопченая и варено-копченая, кг",0.00298,0.5627972948264495,0.0016771359385828195,native,26
2027-10-01,267,"Колбаса сырокопченая, кг",0.00053,0.4094917347409327,0.00021703061941269431,native,26
2027-10-01,271,"Колготки детские, шт.",0.00035,0.2980776644794946,0.0001043271825678231,native,54
2027-10-01,272,"Колготки женские эластичные, шт.",0.00127,0.7640743509302106,0.0009703744256813675,native,54
2027-10-01,273,"Кольцо обручальное золотое, грамм",0.00353,0.6293483910350078,0.002221599820353578,native,54
2027-10-01,274,"Коляска для новорожденного, шт.",0.00064,0.11028386537357998,7.05816738390912e-05,native,13
2027-10-01,275,"Комбинезон (костюм) утепленный для детей дошкольного возраста, шт.",0.00047,0.7906007813030428,0.0003715823672124301,native,29
2027-10-01,276,"Комбинезон утепленный для детей до одного года, шт.",0.00038,1.2491314203236321,0.00047466993972298025,native,29
2027-10-01,280,"Комплект постельного белья полутораспальный из хлопчатобумажной ткани, комплект",0.0027,0.4897651279459527,0.0013223658454540725,native,29
2027-10-01,281,"Комплект столовых приборов, комплект на 1 человека",0.00028,0.5879526085498222,0.0001646267303939502,native,54
2027-10-01,282,"Компьютер персональный переносной (ноутбук), шт.",0.00185,0.11006242647140282,0.00020361548897209524,native,31
2027-10-01,283,"Компьютер планшетный, шт.",0.00162,-0.2886778052953841,-0.0004676580445785222,native,31
2027-10-01,285,"Консервы мясные для детского питания, кг",3e-05,0.7171546558732629,2.1514639676197887e-05,native,26
2027-10-01,286,"Консервы мясные, 350 г",0.00041,0.6774785769100967,0.00027776621653313965,native,26
2027-10-01,288,"Консервы овощные для детского питания, кг",8e-05,0.19990167912749887,1.599213433019991e-05,native,53
2027-10-01,290,"Консервы рыбные в томатном соусе, 350 г",0.0005,0.5999486569646197,0.00029997432848230987,native,34
2027-10-01,291,"Консервы рыбные натуральные и с добавлением масла, 350 г",0.0013,0.701248009943486,0.0009116224129265318,native,34
2027-10-01,292,"Консервы томатные, кг",0.00128,0.4479190816856681,0.0005733364245576552,native,53
2027-10-01,294,"Консервы фруктово-ягодные для детского питания, кг",9e-05,0.11485910613609812,1.0337319552248831e-05,native,53
2027-10-01,295,"Конструктор детский пластмассовый, набор",0.00029,0.16996600682651075,4.9290141979688115e-05,native,54
2027-10-01,296,"Конфеты мягкие, глазированные шоколадом, кг",0.00332,0.10502505287290764,0.00034868317553805335,native,16
2027-10-01,298,"Конфеты шоколадные натуральные и с добавками, кг",0.003,0.09751585394597184,0.00029254756183791554,native,16
2027-10-01,301,"Коньяк ординарный отечественный, л",0.00278,0.09803170523548214,0.00027252814055464037,native,11
2027-10-01,302,"Корвалол, 25 мл",0.00039,0.5027940429972362,0.0001960896767689221,native,21
2027-10-01,303,"Корригирующие очки, шт.",0.00097,0.30314130020593383,0.00029404706119975585,native,21
2027-10-01,304,"Костюм-двойка мужской из шерстяных, полушерстяных или смесовых  тканей, шт.",0.00255,0.32836780405966015,0.0008373379003521334,native,29
2027-10-01,305,"Костюм спортивный для взрослых, шт.",0.00175,0.4513569776388554,0.0007898747108679969,native,43
2027-10-01,306,"Костюм спортивный для детей школьного возраста, шт.",0.00141,0.55234955306835,0.0007788128698263735,native,43
2027-10-01,307,"Костюм трикотажный для детей ясельного возраста, шт.",0.00037,0.5344457309353692,0.0001977449204460866,native,43
2027-10-01,309,"Кофе в организациях быстрого обслуживания, 200 г",0.00148,0.5075163641522974,0.0007511242189454002,native,28
2027-10-01,310,"Кофе натуральный в зернах и молотый, кг",0.00406,0.40578049542386335,0.0016474688114208854,native,50
2027-10-01,311,"Кофе натуральный растворимый, кг",0.00547,-0.014777087035209524,-8.08306660825961e-05,native,50
2027-10-01,312,"Краска для волос, шт.",0.00069,0.2232177035736802,0.00015402021546583934,native,30
2027-10-01,313,"Краски масляные, эмали отечественные, кг",0.00097,0.9591484830281184,0.0009303740285372748,native,38
2027-10-01,314,"Креветки мороженые неразделанные, кг",0.00036,0.7010339143819235,0.0002523722091774925,native,34
2027-10-01,315,"Крем для лица, 100 г (100 мл)",0.00159,0.5166309649164167,0.0008214432342171026,native,30
2027-10-01,316,"Кровать для новорожденных,шт.",0.00051,0.21360477126964753,0.00010893843334752024,native,20
2027-10-01,319,"Кроссовые туфли для детей с верхом из искусственной кожи, пара",0.00156,0.09881519750206859,0.00015415170810322698,native,27
2027-10-01,320,"Крупа гречневая-ядрица, кг",0.00337,-0.018922131809747667,-6.376758419884964e-05,native,18
2027-10-01,322,"Крупа манная, кг",0.00059,0.27065034487726913,0.0001596837034775888,native,18
2027-10-01,323,"Крупы овсяная и перловая, кг",0.00032,0.01177603686772094,3.768331797670701e-06,native,18
2027-10-01,324,"Ксерокопирование документа, лист",0.0009,0.6715746915263494,0.0006044172223737145,native,55
2027-10-01,325,"Ксилометазолин (Галазолин) 0,1%, 10 мл",0.00051,0.40939408355929563,0.0002087909826152408,native,21
2027-10-01,326,"Кулинарные изделия из птицы, кг",0.00167,0.9258343922515042,0.0015461434350600121,native,26
2027-10-01,327,"Куртка для детей дошкольного возраста с верхом из плащевых тканей утепленная, шт.",0.00088,1.4962560144583026,0.0013167052927233064,native,29
2027-10-01,328,"Куртка для детей школьного возраста с верхом из плащевых тканей утепленная, шт.",0.00084,0.9771140291724338,0.0008207757845048445,native,29
2027-10-01,329,"Куртка женская без утеплителя (ветровка), шт.",0.00271,0.4341585591733261,0.0011765696953597137,native,29
2027-10-01,330,"Куртка мужская без утеплителя (ветровка), шт.",0.00269,0.3324651145135139,0.0008943311580413524,native,29
2027-10-01,331,"Куртка мужская из натуральной кожи, шт.",0.00068,0.4432911456536956,0.00030143797904451304,native,29
2027-10-01,332,"Куртка мужская с верхом из плащевых тканей утепленная, шт.",0.00192,0.7270100421102719,0.001395859280851722,native,29
2027-10-01,333,"Куры охлажденные и мороженые, кг",0.00958,0.5287648131220964,0.005065566909709684,native,26
2027-10-01,334,"Ламинат, м2",0.00167,0.4195274843761648,0.0007006108989081953,native,38
2027-10-01,335,"Лампа электрическая осветительная, шт.",0.00019,0.6358410336868501,0.00012080979640050152,native,51
2027-10-01,336,"Лампа энергосберегающая, шт.",0.00022,0.2774129853703126,6.103085678146878e-05,native,51
2027-10-01,337,"Левомеколь, мазь, 40 г",0.00041,0.5440653835731581,0.00022306680726499482,native,21
2027-10-01,338,"Легковой автомобиль импортный подержанный, шт.",0.01012,0.30383421162424484,0.003074802221637358,native,17
2027-10-01,339,"Легковой автомобиль иностранной марки новый, шт.",0.00959,0.258888666666671,0.0024827423133333745,insufficient_training_rows,17
2027-10-01,340,"Легковой автомобиль отечественный новый, шт.",0.00753,0.30705935374250176,0.0023121569336810384,native,17
2027-10-01,341,"Лечебный массаж, сеанс",0.00013,0.5121119575084689,6.657455447610096e-05,native,22
2027-10-01,342,"Лечение кариеса, пломба",0.00221,0.6882410578896812,0.0015210127379361954,native,22
2027-10-01,343,"Лимоны, кг",0.00185,-3.453729248295484,-0.006389399109346645,native,33
2027-10-01,345,"Линолеум, м2",0.00085,0.5295097859176396,0.00045008331802999366,native,38
2027-10-01,346,"Лопата садовая, шт.",0.00015,0.5260320485305954,7.89048072795893e-05,native,54
2027-10-01,347,"Лоперамид, 2 мг, 10 капсул (таблеток)",0.00036,0.20576328048936915,7.40747809761729e-05,native,21
2027-10-01,349,"Лук репчатый, кг",0.00236,-8.687601788586104,-0.020502740221063208,native,33
2027-10-01,350,"Майка, футболка женская бельевая, шт.",0.00079,0.481415779470448,0.0003803184657816539,native,43
2027-10-01,351,"Майка, футболка мужская бельевая, шт.",0.00151,0.6250716494611155,0.0009438581906862845,native,43
2027-10-01,352,"Майонез, кг",0.00223,0.26218321407149275,0.0005846685673794289,native,53
2027-10-01,354,"Макаронные изделия из пшеничной муки высшего сорта, кг",0.00382,0.3200531290860678,0.0012226029531087791,native,18
2027-10-01,355,"Маникюр,услуга",0.0057,0.8385326007413008,0.0047796358242254144,native,12
2027-10-01,357,"Маргарин, кг",0.0008,0.06461680403471304,5.169344322777043e-05,native,19
2027-10-01,358,"Масло оливковое, л",0.00257,0.15069646207984064,0.0003872899075451904,native,19
2027-10-01,359,"Масло подсолнечное, кг",0.00543,0.5439919557163609,0.0029538763195398397,native,19
2027-10-01,360,"Масло сливочное, кг",0.00872,1.1317566044159468,0.009868917590507056,native,19
2027-10-01,362,"Матрас детский, шт.",0.00051,0.29960597257167115,0.0001527990460115523,native,20
2027-10-01,363,"Машина стиральная автоматическая, шт.",0.0019,0.2758487733339191,0.0005241126693344463,native,51
2027-10-01,365,"Мёд пчелиный натуральный, кг",0.00469,0.5135118714943917,0.002408370677308697,native,53
2027-10-01,369,"Металлочерепица, м2",0.00052,0.9715969611794453,0.0005052304198133115,native,38
2027-10-01,370,"Метамизол натрия (Анальгин отечественный), 500 мг, 10 таблеток",0.00036,0.7275238852966072,0.0002619085987067786,native,21
2027-10-01,373,"Миксер, блендер, шт.",0.00176,0.10511163811655908,0.00018499648308514398,native,51
2027-10-01,374,"Мойка из нержавеющей стали для кухни, шт.",0.00182,0.4239613332271141,0.0007716096264733476,native,38
2027-10-01,375,"Мойка легкового автомобиля, услуга",0.00529,0.7872696865762518,0.004164656641988372,native,12
2027-10-01,378,"Молоко питьевое цельное пастеризованное 2,5-3,2% жирности, л",0.00302,0.7039899405604054,0.0021260496204924244,native,24
2027-10-01,379,"Молоко питьевое цельное стерилизованное 2,5-3,2% жирности, л",0.00232,0.9029400057264474,0.002094820813285358,native,24
2027-10-01,380,"Молоко сгущенное с сахаром, 400 г",0.00113,0.2903171359561002,0.0003280583636303932,native,24
2027-10-01,381,"Монитор для настольного компьютера, шт.",0.00052,-0.006309316070983943,-3.28084435691165e-06,native,31
2027-10-01,382,"Морковь, кг",0.0021,-7.3643631986638365,-0.015465162717194055,native,33
2027-10-01,384,"Мороженое сливочное, кг",0.00491,0.3535760353291428,0.001736058333466091,native,53
2027-10-01,386,"Музеи и выставки, билет",9e-05,0.7648372831325079,6.883535548192572e-05,native,46
2027-10-01,388,"Мука пшеничная, кг",0.00424,0.300949026826424,0.0012760238737440377,native,53
2027-10-01,389,"Мыло туалетное, 100 г",0.00099,0.6374395408072643,0.0006310651453991916,native,25
2027-10-01,390,"Мыло хозяйственное, 200 г",0.00174,0.3157693100213019,0.0005494385994370653,native,25
2027-10-01,393,"Мясо индейки, кг",0.00424,0.4449099503236886,0.0018864181893724396,native,26
2027-10-01,395,"Мясокопчености, кг",0.00303,0.5833798723432533,0.0017676410132000575,native,26
2027-10-01,396,"Мяч футбольный, шт.",0.00026,0.3323591858231357,8.641338831401528e-05,native,54
2027-10-01,397,"Набор корпусной мебели, комплект",0.00062,0.5639107505319497,0.0003496246653298088,native,20
2027-10-01,399,"Набор фломастеров, набор",0.00032,0.5601382337774161,0.00017924423480877318,native,54
2027-10-01,400,"Наём жилых помещений в государственном и муниципальном жилищных фондах, м2 общей площади",0.00012,5.956414601881555,0.0007147697522257866,native,14
2027-10-01,402,"Напитки газированные, л",0.00389,0.4024543424578779,0.001565547392161145,native,53
2027-10-01,404,"Национальные сыры и брынза, кг",0.00741,0.5525133602498781,0.004094123999451597,native,39
2027-10-01,405,"Начальный курс обучения вождению легкового автомобиля, курс",0.00108,0.6386286043462903,0.0006897188926939936,native,44
2027-10-01,406,"Нимесулид, 100 мг, 10 таблеток",0.0004,0.6421244961249788,0.00025684979844999153,native,21
2027-10-01,408,"Нитки швейные, катушка",0.00011,0.39622811877800773,4.358509306558085e-05,native,54
2027-10-01,410,"Носки мужские, пара",0.00108,0.550069834965601,0.0005940754217628492,native,54
2027-10-01,411,"Носки, гольфы детские, пара",0.00017,0.10868382842916535,1.847625083295811e-05,native,54
2027-10-01,412,"Обед в ресторане, на 1 человека",0.00201,0.5579863387260938,0.0011215525408394486,native,28
2027-10-01,413,"Обед в столовой, кафе, закусочной (кроме столовой в организации), на 1 человека",0.00697,0.6248126082588527,0.004354943879564203,native,28
2027-10-01,415,"Обои виниловые, 10 м",0.00248,0.6382719463607789,0.0015829144269747315,native,38
2027-10-01,416,"Обращение с твердыми коммунальными отходами, с человека",0.00398,0.5053849253262596,0.0020114320027985132,native,14
2027-10-01,420,"Обувь домашняя с текстильным верхом для взрослых, пара",0.00161,0.40571579403392555,0.0006532024283946202,native,27
2027-10-01,421,"Обувь домашняя с текстильным верхом для детей, пара",0.00017,0.6720808459163461,0.00011425374380577884,native,27
2027-10-01,426,"Обучение в государственных и муниципальных образовательных организациях высшего профессионального образования, семестр",0.00346,0.7835894950414317,0.0027112196528433536,native,44
2027-10-01,427,"Обучение в негосударственных образовательных организациях высшего профессионального образования, семестр",0.00191,0.0,0.0,native,44
2027-10-01,429,"Обучение в образовательных организациях среднего профессионального образования, семестр",0.0022,1.6385701764929057,0.0036048543882843927,native,44
2027-10-01,430,"Общий анализ крови, анализ",0.00092,0.15779785551936232,0.00014517402707781333,native,22
2027-10-01,432,"Овощи замороженные, кг",0.00068,0.4119391722430298,0.00028011863712526026,native,33
2027-10-01,433,"Овощи натуральные консервированные, маринованные, кг",0.0028,0.24025978940174267,0.0006727274103248795,native,53
2027-10-01,434,"Овсяные хлопья ""Геркулес"", кг",0.00132,0.19471030821796959,0.00025701760684771987,native,18
2027-10-01,435,"Огурцы свежие, кг",0.00468,15.32030248395374,0.0716990156249035,native,33
2027-10-01,442,"Одеяло стеганое, шт.",0.00247,0.4005259672663269,0.0009892991391478275,native,29
2027-10-01,443,"Окорочка куриные, кг",0.00549,0.497619733312955,0.002731932335888123,native,26
2027-10-01,447,"Орехи, кг",0.0019,0.018252772982653043,3.4680268667040784e-05,native,33
2027-10-01,448,"Отопление, Гкал",0.00924,0.4973852043001035,0.004595839287732956,native,14
2027-10-01,449,"Оформление доверенности в нотариальной конторе, услуга",0.00012,0.5890807720959175,7.06896926515101e-05,native,55
2027-10-01,451,"Пальто (полупальто) женское с верхом из плащевых тканей, шт.",0.00177,0.4589704036237682,0.0008123776144140697,native,29
2027-10-01,452,"Пальто женское демисезонное из шерстяных или полушерстяных тканей, шт.",0.00203,0.9401040475965083,0.001908411216620912,native,29
2027-10-01,453,"Пальто женское зимнее из шерстяных или полушерстяных тканей, шт.",0.00095,1.0261542610368726,0.0009748465479850289,native,29
2027-10-01,454,"Пальто женское меховое и дубленка, шт.",0.00102,0.8940029666462553,0.0009118830259791806,native,23
2027-10-01,455,"Панкреатин, 10 таблеток",0.00038,0.4287009694040056,0.00016290636837352213,native,21
2027-10-01,456,"Панталоны, трусы женские, шт.",0.00127,0.4773139139132394,0.0006061886706698141,native,43
2027-10-01,457,"Паста зубная, 100 г (100 мл)",0.00191,0.3111995894491493,0.0005943912158478753,native,30
2027-10-01,458,"Пеленки для новорожденных, шт.",0.00019,0.27704181975755315,5.2637945753935105e-05,native,29
2027-10-01,459,"Пельмени, манты, равиоли, кг",0.00524,0.5609258541852722,0.0029392514759308264,native,26
2027-10-01,460,"Первичный консультативный осмотр больного у стоматолога, посещение",0.00106,0.3284690171497481,0.00034817715817873294,native,22
2027-10-01,461,"Первичный консультативный прием у врача специалиста, посещение",0.00207,0.5486940061440906,0.0011357965927182674,native,22
2027-10-01,464,"Пересылка простого письма внутри России, массой до 20 г, шт.",1e-05,0.3360973711736419,3.3609737117364195e-06,native,55
2027-10-01,466,"Перчатки из натуральной кожи, пара",0.00011,0.9092434053166821,0.00010001677458483503,native,13
2027-10-01,467,"Перчатки трикотажные женские, пара",6e-05,1.091501347042652,6.549008082255912e-05,native,43
2027-10-01,468,"Печать цветных фотографий, шт.",0.00011,0.8500822540886368,9.350904794975005e-05,native,12
2027-10-01,469,"Печень говяжья, свиная, кг",0.00275,0.5813034766915512,0.001598584560901766,native,26
2027-10-01,470,"Печенье, кг",0.00549,0.608407710361913,0.0033401583298869023,native,16
2027-10-01,471,"Печь микроволновая, шт.",0.00067,0.22550430734282698,0.00015108788591969408,native,51
2027-10-01,475,"Пиджак, жакет женский из шерстяных, полушерстяных или смесовых тканей, шт.",0.00359,0.31194090829149546,0.0011198678607664686,native,29
2027-10-01,478,"Плата за пересылку простой посылки внутри России массой 1-2 кг, шт.",0.00013,0.9456326906243888,0.00012293224978117054,native,55
2027-10-01,479,"Плата за пользование потребительским кредитом (процентная ставка в стоимостном выражении), руб.",0.00656,0.4073888687989101,0.0026724709793208502,native,55
2027-10-01,480,"Платье (платье-костюм) женское из полушерстяных или смесовых тканей, шт.",0.00401,0.49429380336600265,0.0019821181514976705,native,29
2027-10-01,481,"Платье (платье-костюм) женское из хлопчатобумажных или смесовых тканей, шт.",0.00396,0.283308496071111,0.0011219016444415997,native,29
2027-10-01,482,"Платье (платье-костюм, сарафан) для девочек школьного возраста из полушерстяных, смесовых  тканей, шт.",0.00051,0.4865404363708832,0.00024813562254915044,native,29
2027-10-01,483,"Платье (сарафан) летнее для девочек дошкольного возраста, шт.",0.00029,0.02794779345291412,8.104860101345095e-06,native,29
2027-10-01,484,"Плита бытовая, шт.",0.00148,0.22884531278436038,0.00033869106292085333,native,51
2027-10-01,485,"Плитка керамическая, облицовочная для внутренних работ, м2",0.0019,0.39241631709631847,0.0007455910024830051,native,38
2027-10-01,486,"Плиты древесностружечные, ориентированно-стружечные, м2",0.0008899999999999,0.6111323211189876,0.0005439077657958378,native,38
2027-10-01,487,"Повторное получение гербового документа в органах ЗАГС, документ",0.00057,0.3518203590477026,0.00020053760465719048,native,55
2027-10-01,488,"Подгузники детские бумажные (памперсы), 10 шт.",0.00114,0.15636812878996398,0.00017825966682055892,native,54
2027-10-01,489,"Подушка, шт.",0.00248,0.5338701633729437,0.0013239980051649003,native,29
2027-10-01,496,"Ползунки из хлопчатобумажного трикотажного полотна, шт.",0.00019,0.7204006019987554,0.00013687611437976355,native,29
2027-10-01,500,"Полотенце кухонное, шт.",0.0012,0.6785823439106421,0.0008142988126927705,native,54
2027-10-01,501,"Полотенце личное, шт.",0.00239,0.6007969548825929,0.0014359047221693972,native,54
2027-10-01,502,"Полуботинки мужские с верхом из искусственной кожи, пара",0.00083,0.5227697847786387,0.0004338989213662701,native,27
2027-10-01,503,"Полуботинки, туфли мужские с верхом из натуральной кожи, пара",0.00277,0.3800155515042542,0.001052643077666784,native,27
2027-10-01,505,"Пользование общественным туалетом, посещение",0.00047,0.7260264117441291,0.00034123241351974065,native,55
2027-10-01,506,"Помидоры свежие, кг",0.00574,8.00491493530522,0.04594821172865196,native,33
2027-10-01,507,"Помывка в бане в общем отделении, билет",0.00103,1.0410253034007166,0.0010722560625027382,native,12
2027-10-01,508,"Порошок стиральный, кг",0.00342,0.04894777930024341,0.00016740140520683246,native,25
2027-10-01,509,"Посещение детского ясли-сада, день",0.00038,0.19055704889440267,7.241167857987302e-05,native,44
2027-10-01,511,"Постановка набоек, пара",0.00055,0.5019394177343234,0.00027606667975387786,native,12
2027-10-01,513,"Пребывание пациента в круглосуточном стационаре, койко-день",0.00042,-0.24952959523074886,-0.00010480242999691453,native,22
2027-10-01,514,"Предоставление абоненту в постоянное пользование абонентской линии независимо от ее типа, месяц",0.00024,0.2793397253644798,6.704153408747516e-05,native,48
2027-10-01,518,"Предоставление местного телефонного соединения при повременной системе оплаты услуг связи, минута",0.00024,0.36470262681447185,8.752863043547324e-05,native,48
2027-10-01,519,"Прививка животного, шт.",0.00019,0.3046719164288451,5.788766412148058e-05,native,55
2027-10-01,524,"Продукция предприятий общественного питания быстрого обслуживания (сэндвич типа ""Гамбургер""), шт.",0.00269,0.7179420385663815,0.0019312640837435664,native,28
2027-10-01,525,"Проезд в городском автобусе,поездка",0.00185,1.6605575046298857,0.0030720313835652887,native,47
2027-10-01,527,"Проезд в маршрутном такси, поездка",0.00869,0.2276094381467113,0.0019779260174949214,native,47
2027-10-01,528,"Проезд в междугородном автобусе, в расчете на 50 км пути",0.00057,0.6752449977910053,0.000384889648740873,native,47
2027-10-01,531,"Проезд в такси, в расчете на 1 км пути",0.00415,0.8699547138318131,0.0036103120624020246,native,47
2027-10-01,533,"Проезд в троллейбусе, поездка",0.0001,1.0358827564933621,0.00010358827564933621,native,47
2027-10-01,535,"Проживание в студенческом общежитии, месяц",2e-05,0.7467488689522543,1.4934977379045088e-05,native,55
2027-10-01,538,"Пряники, кг",0.0019,0.34990242723042664,0.0006648146117378106,native,16
2027-10-01,539,"Пшено, кг",0.00118,0.7223161937572795,0.0008523331086335899,native,18
2027-10-01,540,"Ранец, рюкзак для школьников, шт.",0.00108,0.7903273931872303,0.0008535535846422087,native,13
2027-10-01,541,"Регулировка развала-схождения колес легкового автомобиля, один вид работы",0.00423,0.6644664830785113,0.002810693223422103,native,12
2027-10-01,542,"Ремень мужской, шт.",0.00059,0.16807566345883973,9.916464144071545e-05,native,13
2027-10-01,543,"Ремонт  телевизоров, один вид работы",0.00037,0.38692273160406654,0.00014316141069350462,native,12
2027-10-01,544,"Ремонт брюк из всех видов тканей, один вид работы",0.00018,0.4267361182782922,7.68125012900926e-05,native,12
2027-10-01,548,"Ремонт холодильников всех марок, один вид работы",0.00042,0.5734012172086269,0.0002408285112276233,native,12
2027-10-01,552,"Рис шлифованный, кг",0.00479,0.32590815215432056,0.0015611000488191956,native,18
2027-10-01,554,"Рубероид, 10 м",0.00011,0.3184062707780716,3.5024689785587876e-05,native,38
2027-10-01,555,"Рыба живая и охлажденная, кг",0.00395,0.4634686490310437,0.0018307011636726227,native,34
2027-10-01,558,"Рыба мороженая неразделанная, кг",0.00303,0.4587643401065806,0.0013900559505229393,native,34
2027-10-01,559,"Рыба мороженая разделанная (кроме лососевых пород), кг",0.005,0.3164172617354193,0.0015820863086770964,native,34
2027-10-01,560,"Рыба охлажденная и мороженая разделанная лососевых пород, кг",0.00181,0.5931970928200614,0.001073686738004311,native,34
2027-10-01,561,"Рыба соленая, маринованная, копченая, кг",0.00142,1.2811377737066132,0.0018192156386633907,native,34
2027-10-01,563,"Рюмка, фужер из простого стекла, шт.",0.00054,0.41707842667691974,0.00022522235040553666,native,54
2027-10-01,565,"Санаторий, день",0.001,0.2885773667106356,0.00028857736671063564,native,35
2027-10-01,566,"Сапоги женские зимние с верхом из натуральной кожи, пара",0.00253,1.0282237664713838,0.002601406129172601,native,27
2027-10-01,567,"Сапоги женские осенние с верхом из натуральной кожи, пара",0.00145,0.6237543918582213,0.0009044438681944209,native,27
2027-10-01,568,"Сапоги цельнорезиновые для взрослых, пара",0.00042,0.3781370308407825,0.00015881755295312866,native,54
2027-10-01,569,"Сапоги цельнорезиновые для детей, пара",0.00011,0.3326479238998209,3.65912716289803e-05,native,54
2027-10-01,570,"Сапоги, ботинки для детей школьного возраста зимние с верхом из натуральной кожи, пара",0.00111,0.8615909530809547,0.0009563659579198598,native,27
2027-10-01,571,"Сапоги, ботинки мужские зимние с верхом из натуральной кожи, пара",0.00223,1.2022214579257333,0.0026809538511743856,native,27
2027-10-01,572,"Сахар-песок, кг",0.00532,-0.507823856229196,-0.0027016229151393227,native,36
2027-10-01,573,"Свежесрезанные цветы, шт.",0.00399,0.792163191841855,0.0031607311354490014,native,54
2027-10-01,574,"Свёкла столовая, кг",0.00077,-3.6339155508301646,-0.0027981149741392267,native,33
2027-10-01,575,"Светильник потолочный, шт.",0.00208,0.6491647014203088,0.0013502625789542423,native,51
2027-10-01,577,"Свинина (кроме бескостного мяса), кг",0.00481,0.4469914646935764,0.0021500289451761028,native,26
2027-10-01,578,"Свинина бескостная, кг",0.00257,0.32372112141749576,0.0008319632820429641,native,26
2027-10-01,580,"Сельдь соленая, кг",0.00079,0.4883863934468914,0.0003858252508230442,native,34
2027-10-01,584,"Сковорода, шт.",0.00137,0.5729013416393081,0.000784874838045852,native,54
2027-10-01,585,"Смартфон, шт.",0.00625,-0.3125450640280583,-0.0019534066501753645,native,37
2027-10-01,587,"Смеси сухие молочные для детского питания, кг",0.00077,0.2505382768660508,0.0001929144731868591,native,24
2027-10-01,588,"Сметана, кг",0.00748,0.7355425977373306,0.005501858631075232,native,24
2027-10-01,589,"Содержание и ремонт жилья в государственном и муниципальном жилищных фондах, м2 общей площади",0.00078,0.17606305238542225,0.00013732918086062934,native,14
2027-10-01,590,"Содержание, ремонт жилья для граждан-собственников жилья в результате приватизации, граждан-собственников жилых помещений по иным основаниям, м2 общей площади",0.00599,0.2067978495298361,0.0012387191186837181,native,14
2027-10-01,591,"Соки фруктовые, л",0.00232,0.3179051538961257,0.0007375399570390117,native,53
2027-10-01,592,"Соленые и копченые деликатесные продукты из рыбы, кг",0.0013,0.5894290866889881,0.0007662578126956845,native,34
2027-10-01,593,"Соль поваренная пищевая, кг",0.00122,0.003672508837256838,4.480460781453343e-06,native,53
2027-10-01,595,"Сорочка верхняя для мальчиков дошкольного возраста, шт.",0.00024,0.7789430639928301,0.00018694633535827921,native,29
2027-10-01,596,"Сорочка верхняя для мальчиков школьного возраста, шт.",0.0008899999999999,0.462376942271331,0.0004115154786214384,native,29
2027-10-01,597,"Сорочка верхняя мужская из хлопчатобумажных или смесовых тканей, шт.",0.00449,0.42703669229753044,0.0019173947484159117,native,29
2027-10-01,598,"Сорочка ночная женская, шт.",0.00105,0.5760024634554446,0.0006048025866282168,native,29
2027-10-01,599,"Сосиски, сардельки, кг",0.00553,0.3301741492677426,0.0018258630454506166,native,26
2027-10-01,601,"Спички, коробок",0.00059,0.6418352384502566,0.0003786827906856514,native,54
2027-10-01,602,"Стекло оконное листовое, м2",5e-05,0.340248136479363,1.701240682396815e-05,native,38
2027-10-01,605,"Стирка и глажение белья прямого, кг",0.00081,0.6860365011076585,0.0005556895658972033,native,12
2027-10-01,606,"Стол обеденный, шт.",0.00356,0.4432107640444746,0.0015778303199983296,native,20
2027-10-01,607,"Стол рабочий кухонный, шт.",0.00091,0.5871107394664228,0.0005342707729144447,native,20
2027-10-01,608,"Стрижка модельная в женском зале, стрижка",0.00549,0.3809494399385818,0.002091412425262814,native,12
2027-10-01,609,"Стрижка модельная в мужском зале, стрижка",0.0051,0.5217200443618674,0.0026607722262455237,native,12
2027-10-01,610,"Стул с мягким сиденьем, шт.",0.00259,0.4476310838692852,0.0011593645072214486,native,20
2027-10-01,616,"Сухие корма для домашних животных, кг",0.00104,0.3285340147589124,0.00034167537534926886,native,54
2027-10-01,617,"Сухие супы в пакетах, 100 г",0.00132,0.35997783059970434,0.0004751707363916097,native,53
2027-10-01,618,"Сухофрукты, кг",0.00073,0.5532211929604889,0.00040385147086115686,native,33
2027-10-01,620,"Сыры плавленые, кг",0.00187,0.5819678671142352,0.0010882799115036197,native,39
2027-10-01,621,"Сыры твердые, полутвердые и мягкие, кг",0.00514,0.5649920786600682,0.00290405928431275,native,39
2027-10-01,622,"Табурет для кухни, шт.",0.00063,0.4779157496447699,0.00030108692227620506,native,20
2027-10-01,623,"Тарелка обеденная, шт.",0.00085,0.4414289442792802,0.00037521460263738814,native,54
2027-10-01,624,"Таурин, 4%, 5 мл",0.00036,0.04506014367084171,1.6221651721503017e-05,native,21
2027-10-01,628,"Театры, билет",0.00033,0.2949505269952794,9.73336739084422e-05,native,46
2027-10-01,629,"Телевизор цветного изображения, шт.",0.00258,0.2480612467224388,0.000639998016543892,native,41
2027-10-01,633,"Термометр медицинский электронный стандартный, шт.",6e-05,1.0855148497204925,6.513089098322955e-05,native,21
2027-10-01,634,"Тетрадь школьная, шт.",0.00029,0.765059392750065,0.00022186722389751885,native,54
2027-10-01,636,"Ткани декоративные для изготовления штор и занавесей, м",0.0008,0.3721886467175206,0.0002977509173740165,native,54
2027-10-01,638,"Ткани хлопчатобумажные бельевые, м",0.0001,0.27900511640848913,2.7900511640848914e-05,native,54
2027-10-01,641,"Ткань костюмная шерстяная и полушерстяная, м",6e-05,0.25519211340050024,1.5311526804030015e-05,native,54
2027-10-01,642,"Ткань платьевая из искусственного или синтетического шелка, м",8e-05,0.5933030153387295,4.746424122709837e-05,native,54
2027-10-01,646,"Торты, кг",0.00277,0.5578791895630508,0.0015453253550896508,native,16
2027-10-01,647,"Трикотажная шапочка детская, шт.",0.00072,1.019718200216304,0.000734197104155739,native,43
2027-10-01,650,"Триммер электрический, шт.",0.00056,0.21129464223270195,0.00011832499965031308,native,15
2027-10-01,651,"Троксерутин, 2% гель, 40 г",0.0004,1.396308529018738,0.0005585234116074953,native,21
2027-10-01,652,"Трусы детские, шт.",0.00043,0.7347810192514083,0.00031595583827810555,native,43
2027-10-01,653,"Трусы мужские, шт.",0.00145,0.20503551436979228,0.0002973014958361988,native,43
2027-10-01,654,"Туалетная вода, 100 мл",0.00579,0.22192489846797217,0.001284945162129559,native,30
2027-10-01,655,"Туфли детские летние (сандалеты), пара",0.00076,-0.3806710267064638,-0.0002893099802969125,native,27
2027-10-01,659,"Туфли женские модельные с верхом из натуральной кожи, пара",0.00094,0.029081089303167666,2.7336223944977604e-05,native,27
2027-10-01,660,"Тушь для ресниц, шт.",0.00179,0.366991266993427,0.0006569143679182343,native,30
2027-10-01,661,"Тюль, полотно гардинное, м",0.0022,0.4125406962795336,0.000907589531814974,native,13
2027-10-01,663,"Удаление зуба под местным обезболиванием, удаление",0.00116,0.8322776965904917,0.0009654421280449703,native,22
2027-10-01,664,"Удостоверение завещания в нотариальной конторе, услуга",0.00012,0.36099730765066274,4.331967691807953e-05,native,55
2027-10-01,665,"Ужин в ресторане, на 1 человека",0.00313,0.39558271948918633,0.0012381739120011532,native,28
2027-10-01,666,"Ультразвуковое исследование брюшной полости, исследование",0.00137,0.2917914050949651,0.00039975422498010214,native,22
2027-10-01,675,"Услуги организатора проведения торжеств, услуга",0.00247,0.13588249129406538,0.0003356297534963415,native,12
2027-10-01,678,"Услуги по воспитанию детей, предоставляемые наемным персоналом, час",0.00121,0.42836232094070614,0.0005183184083382544,native,12
2027-10-01,679,"Услуги по организации и выполнению работ по эксплуатации домов ЖК, ЖСК, ТСЖ, м2 общей площади",0.00526,0.2851422558076771,0.0014998482655483815,native,14
2027-10-01,690,"Установка пластиковых окон, м2",0.0018,0.2563702837197579,0.0004614665106955642,native,12
2027-10-01,691,"Устная консультация юриста по семейным вопросам, консультация",0.00011,0.028258704270439444,3.108457469748339e-06,native,55
2027-10-01,692,"Учебник, учебное пособие, дидактический материал для общеобразовательной школы, шт.",0.00048,0.5739780983661233,0.0002755094872157392,native,32
2027-10-01,694,"Фарш мясной, кг",0.0094,0.4298921776506258,0.004040986469915883,native,26
2027-10-01,695,"Физиотерапевтическое лечение, процедура",0.00014,0.1245670733818527,1.7439390273459376e-05,native,22
2027-10-01,697,"Филе рыбное, кг",0.00204,0.5418254162733418,0.0011053238491976172,native,34
2027-10-01,698,"Филе сельди соленое, кг",0.00065,0.43209297870280683,0.00028086043615682443,native,34
2027-10-01,699,"Флеш-накопитель USB, шт.",3e-05,0.7356250257144861,2.2068750771434584e-05,native,41
2027-10-01,701,"Фотоаппарат, шт.",0.00019,-0.05553765684838974,-1.0552154801194051e-05,native,54
2027-10-01,703,"Футболка детская, шт.",0.00049,0.11174790293575004,5.475647243851752e-05,native,43
2027-10-01,704,"Халат женский, шт.",0.00119,0.782739985612955,0.0009314605828794166,native,29
2027-10-01,706,"Химчистка мужского костюма, шт.",0.00012,0.43577562472089854,5.229307496650782e-05,native,12
2027-10-01,710,"Хлеб из ржаной муки и из смеси муки ржаной и пшеничной, кг",0.00255,0.5832851072196781,0.0014873770234101792,native,49
2027-10-01,711,"Хлопья из злаков (сухие завтраки), кг",0.00115,0.24388105690552103,0.00028046321544134917,native,49
2027-10-01,712,"Холодильник двухкамерный, емкостью 250-360 л, шт.",0.00262,0.26605607847735346,0.000697066925610666,native,51
2027-10-01,714,"Цемент тарированный, 50 кг",0.00066,0.5920493597363823,0.0003907525774260123,native,38
2027-10-01,716,"Чай черный байховый пакетированный, 25 пакетиков",0.00197,-0.3675176055856695,-0.0007240096830037688,native,50
2027-10-01,717,"Чай черный байховый, кг",0.00269,-0.02304167680975977,-6.198211061825378e-05,native,50
2027-10-01,718,"Чайник, шт.",0.00102,0.055238298389801384,5.6343064357597416e-05,native,54
2027-10-01,721,"Часы наручные, шт.",0.00028,0.5267719491676031,0.00014749614576692885,native,54
2027-10-01,722,"Чашка чайная с блюдцем, комплект",0.00028,0.3775341585436576,0.00010570956439222413,native,54
2027-10-01,723,"Чеснок, кг",0.00111,1.5243504642558086,0.0016920290153239477,native,33
2027-10-01,726,"Шампунь, 250 мл",0.0019,0.19948336149003457,0.00037901838683106567,native,30
2027-10-01,727,"Шиномонтаж колес легкового автомобиля, услуга",0.00355,0.6172974630411532,0.002191405993796094,native,12
2027-10-01,728,"Шины для легкового автомобиля, шт.",0.00355,0.47067869704555165,0.0016709093745117085,native,17
2027-10-01,729,"Шкаф-вешалка для прихожей, шт.",0.00078,0.30249997316471866,0.00023594997906848056,native,20
2027-10-01,730,"Шкаф для платья и белья, шт.",0.0023,0.5463408903268918,0.0012565840477518511,native,20
2027-10-01,731,"Шкаф навесной кухонный (полка), двухстворчатый, шт.",0.00067,0.418109528136146,0.0002801333838512178,native,20
2027-10-01,734,"Шоколад, кг",0.0034,0.3484960072716275,0.0011848864247235335,native,16
2027-10-01,735,"Щетка зубная, шт.",0.00174,0.24986268918102367,0.00043476107917498117,native,13
2027-10-01,740,"Экскурсия автобусная, час",0.00112,0.6801704991109658,0.0007617909590042816,native,55
2027-10-01,741,"Электропылесос напольный, шт.",0.00185,-0.3246123722837301,-0.0006005328887249007,native,51
2027-10-01,742,"Электроутюг, шт.",0.00079,0.34566528097136395,0.00027307557196737755,native,51
2027-10-01,743,"Электрочайник, шт.",0.00058,-0.0615914495174337,-3.5723040720111544e-05,native,51
2027-10-01,744,"Электроэнергия в квартирах без электроплит сверх минимального объема потребления, в расчете за 100 кВт.ч",0.00107,0.46479266531913477,0.0004973281518914742,native,14
2027-10-01,745,"Электроэнергия в квартирах без электроплит за минимальный объем потребления, в расчете за 100 кВт.ч",0.00638,0.4972301555797215,0.003172328392598623,native,14
2027-10-01,746,"Электроэнергия в квартирах с электроплитами за минимальный объем потребления, в расчете за 100 кВт.ч",0.00315,0.4950531635840729,0.0015594174652898297,native,14
2027-10-01,747,"Электроэнергия в квартирах с электроплитами сверх минимального объема потребления, в расчете за 100 кВт.ч",0.00082,0.46264474457548893,0.0003793686905519009,native,14
2027-10-01,748,"Эналаприл, 5 мг, 10 таблеток",0.00035,-0.057119246584354105,-1.9991736304523936e-05,native,21
2027-10-01,750,"Юбка для девочек школьного возраста из полушерстяных тканей, шт.",0.00076,0.6923691628877108,0.0005262005637946603,native,29
2027-10-01,751,"Юбка женская из полушерстяных или смесовых тканей, шт.",0.00203,0.6099975008962089,0.001238294926819304,native,29
2027-10-01,753,"Яблоки, кг",0.00515,-3.4631429810756376,-0.017835186352539535,native,33
2027-10-01,754,"Яйца куриные, 10 шт.",0.00543,5.346416888448523,0.02903104370427548,native,52
2027-10-01,786,"Поездка на отдых в Турцию, поездка",0.0004,-5.971741416501333,-0.002388696566600533,native,67
2027-10-01,795,"Варежки (перчатки) детские, пара",8e-05,1.2304303199901847,9.843442559921478e-05,native,43
2027-10-01,809,"Шарф шерстяной, полушерстяной или из смесовой пряжи для взрослых, шт.",0.00077,1.42421787043923,0.001096647760238207,native,43
2027-10-01,851,"Активированный уголь, 250 мг, 10 таблеток",0.00032,0.1719317710145593,5.501816672465898e-05,native,21
2027-10-01,958,"Чай зеленый, кг",0.00169,0.08587937229128631,0.00014513613917227389,native,50
2027-10-01,959,"Брюки женские из джинсовой ткани (джинсы), шт.",0.00282,0.4328962653218022,0.001220767468207482,native,29
2027-10-01,960,"Носки женские, гольфы, пара",0.0007,0.5192400505193173,0.0003634680353635221,native,54
2027-10-01,961,"Пена для бритья, 200 мл",0.00085,0.5012739414646121,0.0004260828502449203,native,30
2027-10-01,962,Крем для рук,0.00117,0.022447257234859824,2.6263290964785996e-05,native,30
2027-10-01,963,"Бритвенные станки одноразовые, шт.",0.0008,0.5200104832041482,0.0004160083865633186,native,13
2027-10-01,964,"Лампа светодиодная, шт.",0.00026,0.4629217074822852,0.00012035964394539415,native,51
2027-10-01,965,"Моноблок, шт.",0.00092,-0.23254822365553235,-0.00021394436576308978,native,31
2027-10-01,966,"Годовая стоимость полиса обязательного страхования гражданской ответственности владельцев транспортных средств (ОСАГО), полис",0.0013,1.1751067754389217,0.001527638808070598,native,55
2027-10-01,968,"Рюкзак для взрослых, шт.",0.00087,0.11006237247508192,9.575426405332127e-05,native,13
2027-10-01,970,"Сливки питьевые, л",0.00112,0.5459662109811892,0.0006114821562989319,native,24
2027-10-01,971,"Зелень свежая, кг",0.00098,2.1006187237938896,0.0020586063493180117,native,33
2027-10-01,972,"Грибы свежие, кг",0.00119,1.8153017968976317,0.002160209138308182,native,33
2027-10-01,973,"Ягоды замороженные, кг",0.00026,0.03891299307859758,1.011737820043537e-05,native,33
2027-10-01,976,"Гель для душа, 250 мл",0.00105,0.38286199594580966,0.0004020050957431001,native,30
2027-10-01,977,"Мыло туалетное жидкое, 250 мл",0.00099,-0.22791060053656792,-0.00022563149453120224,native,30
2027-10-01,978,"Дезодорант, 50 мл",0.00092,0.4814957225956788,0.0004429760647880245,native,30
2027-10-01,979,"Кресло мягкое, шт.",0.00377,0.37532274680408817,0.0014149667554514123,native,20
2027-10-01,980,"Матрас для взрослых, шт.",0.00306,0.7077273554908806,0.0021656457078020946,native,20
2027-10-01,981,"Салфетки влажные, упаковка 20 шт.",0.00045,0.04605233779228138,2.072355200652662e-05,native,54
2027-10-01,982,"Бумажные столовые салфетки, упаковка 10 шт.",0.00306,0.21856418206874303,0.0006688063971303536,native,54
2027-10-01,983,"Бумажные носовые платки, упаковка 10 шт.",0.00042,0.9217506263597662,0.00038713526307110183,native,54
2027-10-01,984,"Прокладки женские гигиенические, 10 шт.",0.00108,0.2393189834961585,0.00025846450217585117,native,54
2027-10-01,985,"Наушники беспроводные, шт.",0.00189,0.2877622443641145,0.0005438706418481764,native,37
2027-10-01,987,"Цефтриаксон, 1 г",0.0004,0.6122801334238249,0.00024491205336953,native,21
2027-10-01,992,"Амлодипин, 10 мг, 10 таблеток",0.00035,0.8161108888888869,0.0002856388111111104,calendar_gap_in_required_features,21
2027-10-01,993,"Омепразол, 20 мг, 10 таблеток",0.0004,0.5868666909282148,0.00023474667637128592,native,21
2027-10-01,994,"Хлоргексидин, 100 мл",0.00033,0.41833316666666476,0.00013804994499999937,short_history,21
2027-10-01,995,"Амоксициллин с клавулановой кислотой, 500 мг+125мг, 10 таблеток",0.00039,0.03830553817671756,1.4939159888919847e-05,native,21
2027-10-01,996,"Ибупрофен, 200 мг, 10 таблеток",0.00049,0.2629924726071297,0.00012886631157749357,native,21
2027-10-01,997,"Шприцы одноразовые, шт.",6e-05,1.0229225014688823,6.137535008813294e-05,native,21
2027-10-01,999,"Антисептик для рук, 100 мл",0.00017,0.5297718300539096,9.006121110916463e-05,native,21
2027-10-01,1000,"Термометр медицинский безртутный (галинстановый), шт.",6e-05,0.043279940317371535,2.596796419042292e-06,native,21
2027-10-01,1001,"Установка натяжного потолка, м2",0.00073,0.262284643220107,0.0001914677895506781,native,12
2027-10-01,1002,"Услуги аренды автомобилей, час",0.00017,-0.0743232001495798,-1.2634944025428566e-05,native,47
2027-10-01,1003,"Подписка на онлайн-видеосервисы, месяц",0.00766,0.7485266766178594,0.0057337143428928036,native,48
2027-10-01,1004,"Проживание в гостинице 1* или в мотеле, сутки с человека",5e-05,0.12125590720262147,6.062795360131074e-06,native,55
2027-10-01,1005,"Проживание в гостинице 2*, сутки с человека",4e-05,0.0484524537588471,1.9380981503538844e-06,native,55
2027-10-01,1006,"Проживание в гостинице 3*, сутки с человека",0.00075,-0.3521173043645862,-0.00026408797827343967,native,55
2027-10-01,1007,"Проживание в гостинице 4*-5*, сутки с человека",0.00067,1.4496826952895234,0.0009712874058439807,native,55
2027-10-01,1008,"Проживание в хостеле, сутки с человека",0.00061,2.1151855515575573,0.00129026318645011,native,55
2027-10-01,1009,"Экскурсионные туры по России, поездка",0.00138,0.08600869837548455,0.00011869200375816868,native,55
2027-10-01,1011,"Поездка на отдых в ОАЭ, поездка",0.0004,-18.449996999999996,-0.007379998799999999,missing_current_observation,67
2027-10-01,1012,"Услуги сиделок, час",0.00046,0.29516488842206506,0.00013577584867414992,native,22
2027-10-01,1013,"Диагностика на магнитно-резонансном или компьютерном томографе, услуга",0.00045,0.24616267885352158,0.00011077320548408471,native,22
2027-10-01,1014,"Гастроскопия (ФГДС, ЭГДС), услуга",0.00059,0.534798083139215,0.00031553086905213685,native,22
2027-10-01,1020,"Аскорбиновая кислота, 50 мг, 100 драже",0.00028,2.2944482510613557,0.0006424455102971796,native,21
2027-10-01,1024,"Валерианы экстракт, 20 мг, 10 таблеток",0.00029,0.7009391657296109,0.00020327235806158716,native,21
2027-10-01,1025,"Газета в розницу, шт.",0.00024,0.6390232413637955,0.00015336557792731094,native,32
2027-10-01,1030,"Клубная карта в фитнес-клуб, месяц",0.00185,0.7970943645474098,0.0014746245744127083,native,55
2027-10-01,1032,"Кроссовые туфли для взрослых, пара",0.00518,0.3624563866900805,0.001877524083054617,native,27
2027-10-01,1035,"Метилурацил, 10 % мазь, 25 г",0.00037,0.7943183321521583,0.00029389778289629857,native,21
2027-10-01,1037,"Мирамистин, 0,01%, 150 мл",0.00039,0.4675191091694525,0.00018233245257608647,native,21
2027-10-01,1038,"Натрия хлорид, 0,9%, 100 мл",0.00039,1.1491366593717505,0.00044816329715498265,native,21
2027-10-01,1039,"Нафазолин, 0,1%, 15 мл",0.00044,0.6396915505286911,0.0002814642822326241,native,21
2027-10-01,1040,"Парацетамол, 500 мг, 10 таблеток",0.00039,0.9557362474953941,0.0003727371365232037,native,21
2027-10-01,1041,"Перекись водорода, 3%, 100 мл",0.00036,0.8931183166585803,0.00032152259399708896,native,21
2027-10-01,1042,"Пиво, л",0.00372,0.5107167641197816,0.0018998663625255877,native,11
2027-10-01,1043,"Поездка на отдых в Египет, поездка",0.0002,-0.4042716097998569,-8.085432195997137e-05,native,67
2027-10-01,1045,"Ренгалин, 20 таблеток",0.0004,0.9901660466429105,0.0003960664186571642,native,21
2027-10-01,1046,"Сигареты с фильтром, пачка",0.0086599999999999,0.5035186716364998,0.004360471696372038,native,40
2027-10-01,1048,"Сумка женская, шт.",0.00138,-0.2909081552839087,-0.00040145325429179397,native,13
2027-10-01,1049,"Творог, кг",0.00591,1.0276249663459311,0.0060732635511044535,native,24
2027-10-01,1050,"Туфли женские закрытые, пара",0.00196,0.41401083799576976,0.0008114612424717087,native,27
2027-10-01,1051,"Туфли женские летние, босоножки, пара",0.00356,-0.25456356824178505,-0.0009062463029407547,native,27
2027-10-01,1054,"Хлеб и булочные изделия из пшеничной муки различных сортов, кг",0.00735,1.1574558718451575,0.008507300658061908,native,49
2027-10-01,1055,"Цитрамон, 10 таблеток",0.00039,-0.3247779600465341,-0.00012666340441814828,native,21
2027-10-01,1060,"Поездки в страны Закавказья, поездка",0.00022,-2.1027869215466506,-0.00046261312274026317,native,67
2027-10-01,1063,"Поездки в отдельные страны Средней Азии, поездка",4e-05,-15.99333022222222,-0.0006397332088888888,short_history,67
2027-10-01,1064,"Поездка в Беларусь, поездка",0.0001,-18.817775055555554,-0.0018817775055555556,short_history,67
2027-10-01,1065,"Поездки в отдельные страны Юго-Восточной Азии, поездка",0.00017,5.698966531782931,0.0009688243104030984,native,67
2027-10-01,1066,"Молоко питьевое цельное пастеризованное более 3,2% жирности, л",0.00142,1.3208006528442815,0.0018755369270388798,native,24
2027-10-01,1067,"Творожок детский, кг",6e-05,-0.26053955409741225,-1.5632373245844736e-05,native,24
2027-10-01,1068,"Молоко для детей, л",1e-05,1.676666013662862,1.676666013662862e-05,native,24
2027-10-01,1069,"Сухие приправы, специи, кг",0.00139,1.084194458473374,0.00150703029727799,native,53
2027-10-01,1070,"Трикотажный головной убор для взрослых, шт.",0.00057,0.7299305522166005,0.0004160604147634623,native,43
2027-10-01,1071,"Крем детский, 100 г (100 мл)",0.00137,0.21385384145759462,0.0002929797627969046,native,30
2027-10-01,1072,"Чемодан, шт.",0.00108,0.7141851087694278,0.000771319917470982,native,13
2027-10-01,1073,"Бумага офисная, упаковка 500 листов",0.00015,0.33300347335045943,4.995052100256891e-05,native,54
2027-10-01,1074,"Смарт-часы, шт.",0.00085,-1.8160680931335258,-0.001543657879163497,native,37
2027-10-01,1075,"Коньки, пара",0.00035,0.02904437938328902,1.0165532784151158e-05,native,54
2027-10-01,1076,"Гипсокартон, м2",0.00075,0.2872363573288099,0.00021542726799660743,native,38
2027-10-01,1077,"Кресло детское автомобильное, шт.",0.00056,0.6138366622572908,0.00034374853086408284,native,17
2027-10-01,1078,"Соска (пустышка) детская, шт.",6e-05,0.31677563361562955,1.9006538016937775e-05,native,21
2027-10-01,1079,"Бутылочка для кормления, шт.",0.00066,0.0018373426383136576,1.212646141287014e-06,native,21
2027-10-01,1083,"Поездка на отдых на Черноморское побережье России и в Крым, поездка",0.00205,-9.716445829889567,-0.019918713951273613,native,55
2027-10-01,1086,"Горошек зеленый консервированный, кг",0.00081,1.2031192777777748,0.0009745266149999975,short_history,53
2027-10-01,1087,"Перец сладкий свежий, кг",0.00266,3.814999944444443,0.010147899852222218,short_history,33
2027-10-01,1088,"Робот-пылесос, шт.",0.00116,-0.41555338888888904,-0.0004820419311111113,short_history,51
2027-10-01,1091,"Валосердин, 25 мл",0.00033,0.39944427777777647,0.00013181661166666622,short_history,21
2027-10-01,1094,"Диклофенак, 15 мл",0.00038,0.9983332222222209,0.000379366624444444,short_history,21
2027-10-01,1095,"Кардиомагнил, 100 таблеток",0.0004,0.4061111666666651,0.00016244446666666604,short_history,21
2027-10-01,1097,"Меновазин, 40 мл",0.00034,0.3483331111111091,0.0001184332577777771,short_history,21
2027-10-01,1099,"Пенталгин, 24 таблетки",0.00035,0.5950001111111097,0.00020825003888888841,short_history,21
2027-10-01,1100,"Салициловая кислота, 40 мл",0.00031,1.0955553333333314,0.0003396221533333327,short_history,21
2027-10-01,1101,"Спазмалгон, 10 таблеток",0.0004,0.400555333333332,0.0001602221333333328,short_history,21
2027-10-01,1105,Воздушный и железнодорожный транспорт,0.00569,-4.089995999999999,-0.023272077239999994,missing_current_observation,47
2027-10-01,1107,"Печень птицы, кг",0.00225,0.9461112222222189,0.0021287502499999925,short_history,26
2027-10-01,1108,"Кефир, кг",0.00427,-0.12111322222221568,-0.0005171534588888611,short_history,24
2027-10-01,1109,"Сырки творожные, глазированные, кг",0.00124,0.1655535000000062,0.0002052863400000077,short_history,24
2027-10-01,1110,"Вода питьевая, л",0.00157,1.195896944444442,0.001877558202777774,short_history,53
2027-10-01,1111,"Жидкие средства для стирки, л",0.00146,0.18055527777778005,0.00026361070555555886,short_history,25
2027-10-01,1112,"Помада, шт.",0.00092,-0.8166668333333322,-0.0007513334866666657,short_history,30
2027-10-01,1113,"Блоки строительные, 1000 шт.",0.00028,-0.042777388888889656,-1.1977668888889102e-05,short_history,38
2027-10-01,1114,"Компримированный природный газ, м3",0.00189,-1.1388888888888944,-0.0021525000000000103,short_history,42
2027-10-01,1115,"Хлоропирамин, 10 таблеток",0.00036,0.3988889444444431,0.00014360001999999953,short_history,21
2027-10-01,1116,"Цетиризин, 10 таблеток",0.00037,0.40166661111110913,0.00014861664611111038,short_history,21
2027-10-01,1117,"Интерферон альфа-2В, 10 мл",0.00039,0.2955555555555536,0.00011526666666666589,short_history,21
2027-10-01,1118,"Метопролол, 10 таблеток",0.00046,0.12333294444444376,5.673315444444413e-05,short_history,21
2027-10-01,1119,"Спиронолактон, 10 таблеток",0.00035,0.1944442222222204,6.805547777777714e-05,short_history,21
2027-10-01,1120,"Лозартан, 10 таблеток",0.0004,0.5166664999999987,0.0002066665999999995,short_history,21
2027-10-01,1121,"Аторвастатин, 10 таблеток",0.0004,0.41388883333333126,0.0001655555333333325,short_history,21
2027-10-01,1122,"Мелоксикам, 10 таблеток",0.00038,0.2649997222222211,0.00010069989444444403,short_history,21
2027-10-01,1123,"Кеторолак, 10 таблеток",0.00042,1.2133332222222202,0.0005095999533333325,short_history,21
2027-10-01,1124,"Розувастатин, 10 таблеток",0.00034,0.3566663333333311,0.00012126655333333258,short_history,21
2027-10-01,1125,"Алтея лекарственного травы экстракт, 10 таблеток",0.00041,0.24555555555555408,0.00010067777777777717,short_history,21
2027-10-01,1126,"Римантадин, 10 таблеток",0.00032,0.16555516666666548,5.2977653333332954e-05,short_history,21
2027-10-01,1127,"Погребение, услуга",0.00034,0.6788888888888935,0.00023082222222222382,short_history,12
2027-10-01,1128,"Курьерская доставка, услуга",0.00012,-2.3521126666666605,-0.0002822535199999993,short_history,55
2027-10-01,1129,"Междугородная телефонная связь, минута",0.00019,-0.15944416666666683,-3.0294391666666698e-05,short_history,48
2027-10-01,1131,"Вода минеральная, л",0.00085,1.4308970555555531,0.00121626249722222,short_history,53
2027-11-01,101,"Абонентская плата за доступ к сети Интернет, месяц",0.0085699999999999,0.09358525686075533,0.0008020256512966639,native,48
2027-11-01,103,"Абонентская плата за неограниченный объем местных телефонных соединений, месяц",0.00026,0.30519320843044606,7.935023419191597e-05,native,48
2027-11-01,104,"Абонентская плата за пакет услуг сотовой связи, месяц",0.01009,0.4951574427250675,0.0049961385970959315,native,48
2027-11-01,106,"Абонентская плата за телевизионную антенну, месяц",0.00219,0.5449689649946969,0.0011934820333383864,native,48
2027-11-01,107,"Абонентская плата при комбинированной системе оплаты услуг местной телефонной связи, месяц",0.00022,0.3259724183929419,7.171393204644722e-05,native,48
2027-11-01,109,"Авторучка шариковая, шт.",0.00063,0.9572605577058464,0.0006030741513546832,native,54
2027-11-01,112,"Альбом для рисования, шт.",0.00023,0.35711846509583034,8.213724697204098e-05,native,54
2027-11-01,113,"Амброксол, 30 мг, 10 таблеток",0.00035,0.5978875884377548,0.00020926065595321418,native,21
2027-11-01,115,"Апельсины, кг",0.00434,0.35746257242766033,0.0015513875643360458,native,33
2027-11-01,116,"Аппарат для измерения артериального давления электронный, шт.",0.0002,0.21792638053974128,4.3585276107948256e-05,native,21
2027-11-01,117,"Аренда двухкомнатной квартиры у частных лиц, месяц",0.00506,0.7826169164091624,0.003960041597030362,native,14
2027-11-01,118,"Аренда индивидуального банковского сейфа, в расчете на месяц",0.00011,0.8509270925630901,9.360198018193991e-05,native,55
2027-11-01,119,"Аренда однокомнатной квартиры у частных лиц, месяц",0.00435,0.8054671033794614,0.0035037818997006565,native,14
2027-11-01,120,"Ацетилсалициловая кислота (Аспирин отечественный), 500 мг, 10 таблеток",0.00029,1.7190153610973442,0.0004985144547182298,native,21
2027-11-01,121,"Бананы, кг",0.00418,3.0036605970537233,0.012555301295684563,native,33
2027-11-01,122,"Баранина (кроме бескостного мяса), кг",0.00651,0.3729107872614493,0.002427649225072035,native,26
2027-11-01,123,"Бараночные изделия, кг",0.00116,0.43871369689433326,0.0005089078883974265,native,49
2027-11-01,124,"Батарейки электрические типа АА, шт.",0.00019,0.4667401713066738,8.868063254826802e-05,native,51
2027-11-01,126,"Белье для новорожденных и детей ясельного возраста, шт.",0.00028,0.6838896708908377,0.00019148910784943455,native,29
2027-11-01,130,"Бензин автомобильный марки АИ-92, л",0.01023,-0.7609199487057909,-0.007784211075260241,native,42
2027-11-01,131,"Бензин автомобильный марки АИ-95, л",0.01543,-1.5769289139617326,-0.024332013142429533,native,42
2027-11-01,132,"Бензин автомобильный марки АИ-98, л",0.00117,0.7626284767457601,0.0008922753177925393,native,42
2027-11-01,134,"Бинт, шт.",4e-05,-0.4129452979078273,-1.6517811916313093e-05,native,21
2027-11-01,135,"Бисопролол, 10 мг, 10 таблеток",0.00039,0.48918239997853985,0.00019078113599163053,native,21
2027-11-01,136,"Блузка для девочек школьного возраста, шт.",0.00106,0.08278647321104177,8.775366160370427e-05,native,29
2027-11-01,137,"Блузка женская, шт.",0.00257,0.477320673288279,0.0012267141303508769,native,29
2027-11-01,138,"Ботинки, полуботинки для детей дошкольного возраста, пара",0.00078,0.5761293183504309,0.0004493808683133361,native,27
2027-11-01,139,"Ботинки, полуботинки для детей школьного возраста, пара",0.0012,0.5022574700594427,0.0006027089640713311,native,27
2027-11-01,141,"Брюки для детей школьного возраста из джинсовой ткани, шт.",0.00098,0.24102802387917902,0.00023620746340159544,native,29
2027-11-01,142,"Брюки для детей школьного возраста из полушерстяных тканей, шт.",0.00088,0.30567289516756824,0.00026899214774746006,native,29
2027-11-01,143,"Брюки женские из полушерстяных или смесовых тканей, шт.",0.00204,0.45656271369942536,0.0009313879359468278,native,29
2027-11-01,144,"Брюки мужские из джинсовой ткани (джинсы), шт.",0.00408,0.2792913855673353,0.0011395088531147282,native,29
2027-11-01,145,"Брюки мужские из полушерстяных или смесовых тканей, шт.",0.00183,0.38817591459396955,0.0007103619237069643,native,29
2027-11-01,146,"Булочные изделия сдобные из муки высшего сорта штучные, кг",0.00169,0.7694660824633452,0.0013003976793630535,native,49
2027-11-01,147,"Бумага туалетная, рулон",0.00099,0.3814551254545392,0.0003776405741999938,native,54
2027-11-01,149,"Бюстгальтер, шт.",0.00143,0.5002424162657062,0.0007153466552599598,native,13
2027-11-01,150,"Валидол, 60 мг, 10 таблеток",0.00032,0.8952080248977548,0.00028646656796728153,native,21
2027-11-01,152,"Варенье, джем, повидло, кг",0.00113,0.5208581326587675,0.0005885696899044072,native,53
2027-11-01,154,"Вата отечественная, 100 г",0.00014,0.37159827256479144,5.2023758159070795e-05,native,21
2027-11-01,155,"Велосипед для дошкольников, шт.",0.00107,0.4117051352693466,0.00044052449473820085,native,54
2027-11-01,156,"Велосипед дорожный для взрослых, шт.",0.00059,-0.19243298603263012,-0.00011353546175925178,native,54
2027-11-01,158,"Вермишель, кг",0.00142,0.40472504681594174,0.0005747095664786373,native,18
2027-11-01,162,"Взносы на капитальный ремонт, м2",0.00784,0.9263068988826908,0.007262246087240296,native,14
2027-11-01,164,"Вино виноградное крепленое, л",0.00134,0.48548533684231854,0.0006505503513687069,native,11
2027-11-01,165,"Вино виноградное столовое, л",0.00172,0.5358027161027993,0.0009215806716968148,native,11
2027-11-01,166,"Вино игристое отечественное, л",0.00136,0.34843973221711855,0.00047387803581528125,native,11
2027-11-01,167,"Виноград, кг",0.00338,1.2492556040451965,0.004222483941672765,native,33
2027-11-01,171,"Водка, л",0.0033,0.5732636116948988,0.0018917699185931661,native,11
2027-11-01,172,"Водоотведение, м3",0.00325,0.10937943832900127,0.0003554831745692541,native,14
2027-11-01,173,"Водоснабжение горячее, м3",0.00592,0.4136127245265624,0.0024485873291972492,native,14
2027-11-01,174,"Водоснабжение холодное, м3",0.0053,0.3020990464421496,0.0016011249461433928,native,14
2027-11-01,181,"Выполнение обойных работ, 10 м2",0.00103,0.9502250669527654,0.0009787318189613484,native,12
2027-11-01,182,"Выполнение работ по облицовке кафельной плиткой, м2",0.00119,0.7916928393614586,0.0009421144788401358,native,12
2027-11-01,184,"Газ сетевой, м3",0.01097,0.3299268819922004,0.0036192978954544385,native,14
2027-11-01,185,"Газ сетевой, месяц с человека",0.0095,0.3295969627631161,0.003131171146249603,native,14
2027-11-01,189,"Газовое моторное топливо, л",0.00226,-0.4575800555625721,-0.0010341309255714128,native,42
2027-11-01,195,"Говядина (кроме бескостного мяса), кг",0.01634,0.7911697528245334,0.012927713761152876,native,26
2027-11-01,196,"Говядина бескостная, кг",0.01193,0.685893194192189,0.008182705806712815,native,26
2027-11-01,197,"Годовая стоимость полиса добровольного страхования жилья от стандартных рисков, полис",0.00027,0.4852207826930073,0.00013100961132711197,native,55
2027-11-01,198,"Годовая стоимость полиса добровольного страхования легкового автомобиля от стандартных рисков (КАСКО), полис",0.00223,0.4125527944391417,0.0009199927315992862,native,55
2027-11-01,203,"Горох и фасоль, кг",0.00191,-0.0013554626919019819,-2.588933741532785e-06,native,18
2027-11-01,204,"Груши, кг",0.00292,1.4769063906821702,0.004312566660791937,native,33
2027-11-01,205,"Джемпер для детей школьного возраста, шт.",0.00045,0.4776524655515362,0.00021494360949819128,native,43
2027-11-01,206,"Джемпер женский, шт.",0.00129,0.596188666497564,0.0007690833797818575,native,43
2027-11-01,207,"Джемпер мужской, шт.",0.00127,0.5329025196478723,0.0006767861999527979,native,43
2027-11-01,208,"Диван-кровать, шт.",0.00253,0.361341093551822,0.0009141929666861096,native,20
2027-11-01,209,"Дизельное топливо, л",0.00286,0.7410899115193612,0.002119517146945373,native,42
2027-11-01,210,"Дом отдыха, пансионат, день",0.00177,0.7000000000000028,0.001239000000000005,short_history,35
2027-11-01,211,"Дополнительные занятия в государственных и муниципальных общеобразовательных организациях очной формы обучения, академический час",0.00031,0.13244011029981612,4.1056434192942994e-05,native,44
2027-11-01,212,"Дополнительные занятия для детей дошкольного возраста, академический час",0.00189,0.3990110105698624,0.0007541308099770399,native,44
2027-11-01,213,"Доска обрезная, м3",0.00153,0.24438674762104046,0.0003739117238601919,native,38
2027-11-01,214,"Дрель электрическая, шт.",0.00056,0.23218318814442682,0.000130022585360879,native,15
2027-11-01,216,"Дротаверин (Но-шпа), 40 мг, 100 таблеток",0.00039,0.845753041646923,0.0003298436862423,native,21
2027-11-01,218,"Еврошифер, 10 м2",0.00011,0.4512021458758496,4.963223604634346e-05,native,38
2027-11-01,221,"Жевательная резинка, упаковка",0.00016,0.029107336531892763,4.6571738451028425e-06,native,16
2027-11-01,223,"Жидкие чистящие и моющие средства, л",0.00353,0.2701694454709662,0.0009536981425125108,native,25
2027-11-01,228,"Занятия в плавательных бассейнах, месяц",0.00091,0.6352389093900306,0.0005780674075449279,native,55
2027-11-01,229,"Занятия на курсах иностранных языков, академический час",0.00156,0.44763008699240614,0.0006983029357081536,native,44
2027-11-01,230,"Занятия на курсах профессионального обучения, академический час",0.00123,0.21814866344304112,0.00026832285603494056,native,44
2027-11-01,231,"Земля для растений, л",0.00027,0.5387128480643968,0.00014545246897738713,native,54
2027-11-01,232,"Зеркало навесное для ванной комнаты, шт.",0.00125,0.30307749248932864,0.0003788468656116608,native,20
2027-11-01,233,"Зефир, пастила, кг",0.00143,0.6241350448425014,0.000892513114124777,native,16
2027-11-01,234,"Зонт, шт.",0.00109,0.7693581753876497,0.0008386004111725382,native,13
2027-11-01,236,"Игрушки мягкие, шт.",0.00012,0.658907267361672,7.906887208340065e-05,native,54
2027-11-01,237,"Игрушки пластмассовые для детей ясельного возраста, шт.",0.00039,0.647896500468659,0.000252679635182777,native,54
2027-11-01,238,"Изготовление гроба, шт.",0.00038,0.3693950556738103,0.00014037012115604794,native,12
2027-11-01,239,"Изготовление коронки, шт.",0.00131,0.5882586212733807,0.0007706187938681287,native,22
2027-11-01,240,"Изготовление съёмного протеза, протез",0.00127,0.4808729173246209,0.0006107086050022686,native,22
2027-11-01,241,"Изготовление фотографий для документов, 4 шт.",0.00011,0.6508420304178115,7.159262334595927e-05,native,12
2027-11-01,243,"Икра лососевых рыб, отечественная, кг",0.00046,0.6541904484920485,0.00030092760630634236,native,34
2027-11-01,244,"Индапамид, 2,5 мг, 10 таблеток",0.00035,-0.4177783333333388,-0.00014622241666666859,calendar_gap_in_required_features,21
2027-11-01,245,"Йогурт, 125 г",0.00113,0.6281194295265529,0.0007097749553650047,native,24
2027-11-01,246,"Йод, 10 мл",0.00036,0.6680816080164844,0.0002405093788859344,native,21
2027-11-01,247,"Какао, кг",0.00055,-0.2426779529204131,-0.00013347287410622722,native,50
2027-11-01,248,"Кальмары мороженые, кг",0.00023,0.46449273746128433,0.0001068333296160954,native,34
2027-11-01,249,"Капуста белокочанная свежая, кг",0.00236,-1.3149279308157733,-0.003103229916725225,native,33
2027-11-01,250,"Карамель, кг",0.00369,0.20131558634498567,0.0007428545136129971,native,16
2027-11-01,251,"Карандаш чернографитный, шт.",0.00034,0.4639592323100753,0.0001577461389854256,native,54
2027-11-01,252,"Картофель, кг",0.00612,0.3652285038565042,0.0022351984436018053,native,33
2027-11-01,253,"Кастрюля из эмалированной или нержавеющей стали, шт.",0.00178,0.15088402234666484,0.0002685735597770634,native,54
2027-11-01,254,"Кексы, рулеты, кг",0.00333,0.4282498305685479,0.0014260719357932644,native,16
2027-11-01,256,"Кетчуп, кг",0.00182,0.37433958808382933,0.0006812980503125694,native,53
2027-11-01,257,"Кинотеатры, билет",0.00023,0.5291371530332813,0.00012170154519765471,native,46
2027-11-01,258,"Кирпич красный, 1000 шт.",0.00015,0.5150148777357442,7.725223166036161e-05,native,38
2027-11-01,259,"Кисломолочные продукты, кг",0.00311,0.8165165824690536,0.0025393665714787566,native,24
2027-11-01,260,"Клинический осмотр животного, посещение",0.00037,0.4541266163508391,0.00016802684804981046,native,55
2027-11-01,261,"Книга художественная, шт.",0.00028,0.23094161637683774,6.466365258551456e-05,native,32
2027-11-01,263,"Ковер, ковровое покрытие (палас) синтетический, м2",0.00279,0.4609677993359484,0.001286100160147296,native,54
2027-11-01,265,"Колбаса вареная, кг",0.00464,0.5333679534668765,0.002474827304086307,native,26
2027-11-01,266,"Колбаса полукопченая и варено-копченая, кг",0.00298,0.25551888931116795,0.0007614462901472805,native,26
2027-11-01,267,"Колбаса сырокопченая, кг",0.00053,0.3699990393597573,0.00019609949086067137,native,26
2027-11-01,271,"Колготки детские, шт.",0.00035,0.45904416046473095,0.00016066545616265582,native,54
2027-11-01,272,"Колготки женские эластичные, шт.",0.00127,0.9110446931741696,0.0011570267603311954,native,54
2027-11-01,273,"Кольцо обручальное золотое, грамм",0.00353,0.7388186016066958,0.0026080296636716363,native,54
2027-11-01,274,"Коляска для новорожденного, шт.",0.00064,0.17330100243706706,0.00011091264155972292,native,13
2027-11-01,275,"Комбинезон (костюм) утепленный для детей дошкольного возраста, шт.",0.00047,0.5216653879507858,0.0002451827323368693,native,29
2027-11-01,276,"Комбинезон утепленный для детей до одного года, шт.",0.00038,1.180577371477706,0.0004486194011615283,native,29
2027-11-01,280,"Комплект постельного белья полутораспальный из хлопчатобумажной ткани, комплект",0.0027,0.4649475807846623,0.0012553584681185882,native,29
2027-11-01,281,"Комплект столовых приборов, комплект на 1 человека",0.00028,0.5764457071170407,0.00016140479799277136,native,54
2027-11-01,282,"Компьютер персональный переносной (ноутбук), шт.",0.00185,0.2509473382791635,0.0004642525758164525,native,31
2027-11-01,283,"Компьютер планшетный, шт.",0.00162,-0.2812344271208682,-0.00045559977193580645,native,31
2027-11-01,285,"Консервы мясные для детского питания, кг",3e-05,0.7304456460033811,2.1913369380101435e-05,native,26
2027-11-01,286,"Консервы мясные, 350 г",0.00041,0.7834657673132063,0.0003212209645984146,native,26
2027-11-01,288,"Консервы овощные для детского питания, кг",8e-05,0.4682006140149826,3.745604912119861e-05,native,53
2027-11-01,290,"Консервы рыбные в томатном соусе, 350 г",0.0005,0.7193073684017404,0.0003596536842008702,native,34
2027-11-01,291,"Консервы рыбные натуральные и с добавлением масла, 350 г",0.0013,0.6924750105389126,0.0009002175137005863,native,34
2027-11-01,292,"Консервы томатные, кг",0.00128,0.6199303075133633,0.0007935107936171051,native,53
2027-11-01,294,"Консервы фруктово-ягодные для детского питания, кг",9e-05,0.35615652282474775,3.20540870542273e-05,native,53
2027-11-01,295,"Конструктор детский пластмассовый, набор",0.00029,0.2839551713972579,8.23469997052048e-05,native,54
2027-11-01,296,"Конфеты мягкие, глазированные шоколадом, кг",0.00332,0.22176675386406375,0.0007362656228286917,native,16
2027-11-01,298,"Конфеты шоколадные натуральные и с добавками, кг",0.003,0.39507833107898965,0.001185234993236969,native,16
2027-11-01,301,"Коньяк ординарный отечественный, л",0.00278,0.14739706773105704,0.00040976384829233855,native,11
2027-11-01,302,"Корвалол, 25 мл",0.00039,0.5954137786476046,0.00023221137367256578,native,21
2027-11-01,303,"Корригирующие очки, шт.",0.00097,0.3253953625592607,0.0003156335016824829,native,21
2027-11-01,304,"Костюм-двойка мужской из шерстяных, полушерстяных или смесовых  тканей, шт.",0.00255,0.3145620400697168,0.0008021332021777778,native,29
2027-11-01,305,"Костюм спортивный для взрослых, шт.",0.00175,0.49513005656579456,0.0008664775989901405,native,43
2027-11-01,306,"Костюм спортивный для детей школьного возраста, шт.",0.00141,0.6107189013312347,0.000861113650877041,native,43
2027-11-01,307,"Костюм трикотажный для детей ясельного возраста, шт.",0.00037,0.5119004933698034,0.00018940318254682725,native,43
2027-11-01,309,"Кофе в организациях быстрого обслуживания, 200 г",0.00148,0.5047653910390011,0.0007470527787377216,native,28
2027-11-01,310,"Кофе натуральный в зернах и молотый, кг",0.00406,0.44191184858575216,0.001794162105258154,native,50
2027-11-01,311,"Кофе натуральный растворимый, кг",0.00547,0.2791013605974443,0.0015266844424680203,native,50
2027-11-01,312,"Краска для волос, шт.",0.00069,0.35427242222747646,0.00024444797133695874,native,30
2027-11-01,313,"Краски масляные, эмали отечественные, кг",0.00097,0.9157796589559561,0.0008883062691872776,native,38
2027-11-01,314,"Креветки мороженые неразделанные, кг",0.00036,0.824660259166699,0.00029687769330001166,native,34
2027-11-01,315,"Крем для лица, 100 г (100 мл)",0.00159,0.8683594158066505,0.0013806914711325744,native,30
2027-11-01,316,"Кровать для новорожденных,шт.",0.00051,0.310877733725784,0.00015854764420014983,native,20
2027-11-01,319,"Кроссовые туфли для детей с верхом из искусственной кожи, пара",0.00156,0.16959969205943637,0.0002645755196127207,native,27
2027-11-01,320,"Крупа гречневая-ядрица, кг",0.00337,-0.24810649322312267,-0.0008361188821619234,native,18
2027-11-01,322,"Крупа манная, кг",0.00059,0.5118418981650472,0.00030198671991737785,native,18
2027-11-01,323,"Крупы овсяная и перловая, кг",0.00032,0.10709425590544622,3.427016188974279e-05,native,18
2027-11-01,324,"Ксерокопирование документа, лист",0.0009,0.7060709031653305,0.0006354638128487975,native,55
2027-11-01,325,"Ксилометазолин (Галазолин) 0,1%, 10 мл",0.00051,0.4598852843603043,0.0002345414950237552,native,21
2027-11-01,326,"Кулинарные изделия из птицы, кг",0.00167,0.9347212947885045,0.0015609845622968025,native,26
2027-11-01,327,"Куртка для детей дошкольного возраста с верхом из плащевых тканей утепленная, шт.",0.00088,1.463056428224728,0.0012874896568377608,native,29
2027-11-01,328,"Куртка для детей школьного возраста с верхом из плащевых тканей утепленная, шт.",0.00084,0.9017034630226577,0.0007574309089390325,native,29
2027-11-01,329,"Куртка женская без утеплителя (ветровка), шт.",0.00271,0.44335952078135876,0.0012015043013174824,native,29
2027-11-01,330,"Куртка мужская без утеплителя (ветровка), шт.",0.00269,0.3029298102569657,0.0008148811895912377,native,29
2027-11-01,331,"Куртка мужская из натуральной кожи, шт.",0.00068,0.4321025786322177,0.00029382975346990806,native,29
2027-11-01,332,"Куртка мужская с верхом из плащевых тканей утепленная, шт.",0.00192,0.6003841559954034,0.0011527375795111745,native,29
2027-11-01,333,"Куры охлажденные и мороженые, кг",0.00958,0.15800820307055075,0.0015137185854158762,native,26
2027-11-01,334,"Ламинат, м2",0.00167,0.4112240297350128,0.0006867441296574714,native,38
2027-11-01,335,"Лампа электрическая осветительная, шт.",0.00019,0.6492023246950843,0.00012334844169206602,native,51
2027-11-01,336,"Лампа энергосберегающая, шт.",0.00022,0.2163101596758949,4.758823512869688e-05,native,51
2027-11-01,337,"Левомеколь, мазь, 40 г",0.00041,0.7012685861868868,0.00028752012033662357,native,21
2027-11-01,338,"Легковой автомобиль импортный подержанный, шт.",0.01012,0.4284060335925687,0.004335469059956795,native,17
2027-11-01,339,"Легковой автомобиль иностранной марки новый, шт.",0.00959,0.20888866666665962,0.0020032423133332657,insufficient_training_rows,17
2027-11-01,340,"Легковой автомобиль отечественный новый, шт.",0.00753,0.37373543319925906,0.002814227811990421,native,17
2027-11-01,341,"Лечебный массаж, сеанс",0.00013,0.5038254990079276,6.549731487103059e-05,native,22
2027-11-01,342,"Лечение кариеса, пломба",0.00221,0.6641312834056841,0.0014677301363265618,native,22
2027-11-01,343,"Лимоны, кг",0.00185,-3.2506651684443506,-0.0060137305616220485,native,33
2027-11-01,345,"Линолеум, м2",0.00085,0.5374268496111938,0.0004568128221695147,native,38
2027-11-01,346,"Лопата садовая, шт.",0.00015,0.48939209019959107,7.340881352993866e-05,native,54
2027-11-01,347,"Лоперамид, 2 мг, 10 капсул (таблеток)",0.00036,0.14350612396260023,5.166220462653609e-05,native,21
2027-11-01,349,"Лук репчатый, кг",0.00236,-3.2674513067085593,-0.0077111850838322005,native,33
2027-11-01,350,"Майка, футболка женская бельевая, шт.",0.00079,0.46653119570154244,0.00036855964460421855,native,43
2027-11-01,351,"Майка, футболка мужская бельевая, шт.",0.00151,0.6588967224550155,0.0009949340509070735,native,43
2027-11-01,352,"Майонез, кг",0.00223,0.47922563130727713,0.0010686731578152281,native,53
2027-11-01,354,"Макаронные изделия из пшеничной муки высшего сорта, кг",0.00382,0.4799652765323831,0.0018334673563537034,native,18
2027-11-01,355,"Маникюр,услуга",0.0057,1.0409993742381465,0.005933696433157435,native,12
2027-11-01,357,"Маргарин, кг",0.0008,0.25505078068034326,0.00020404062454427462,native,19
2027-11-01,358,"Масло оливковое, л",0.00257,0.2867612242747138,0.0007369763463860144,native,19
2027-11-01,359,"Масло подсолнечное, кг",0.00543,0.5740720183346067,0.0031172110595569145,native,19
2027-11-01,360,"Масло сливочное, кг",0.00872,1.237131690167012,0.010787788338256344,native,19
2027-11-01,362,"Матрас детский, шт.",0.00051,0.3853758156158754,0.00019654166596409648,native,20
2027-11-01,363,"Машина стиральная автоматическая, шт.",0.0019,0.4119959507844648,0.0007827923064904832,native,51
2027-11-01,365,"Мёд пчелиный натуральный, кг",0.00469,0.5406005823629453,0.002535416731282213,native,53
2027-11-01,369,"Металлочерепица, м2",0.00052,0.6877309816182249,0.0003576201104414769,native,38
2027-11-01,370,"Метамизол натрия (Анальгин отечественный), 500 мг, 10 таблеток",0.00036,0.6958921554436208,0.00025052117595970354,native,21
2027-11-01,373,"Миксер, блендер, шт.",0.00176,0.43744107533859944,0.0007698962925959351,native,51
2027-11-01,374,"Мойка из нержавеющей стали для кухни, шт.",0.00182,0.3288979567725664,0.0005985942813260709,native,38
2027-11-01,375,"Мойка легкового автомобиля, услуга",0.00529,0.6711982229686916,0.003550638599504379,native,12
2027-11-01,378,"Молоко питьевое цельное пастеризованное 2,5-3,2% жирности, л",0.00302,0.8716288437398114,0.0026323191080942308,native,24
2027-11-01,379,"Молоко питьевое цельное стерилизованное 2,5-3,2% жирности, л",0.00232,1.144340250715874,0.0026548693816608277,native,24
2027-11-01,380,"Молоко сгущенное с сахаром, 400 г",0.00113,0.3427888608210635,0.0003873514127278018,native,24
2027-11-01,381,"Монитор для настольного компьютера, шт.",0.00052,0.12286671265206595,6.389069057907429e-05,native,31
2027-11-01,382,"Морковь, кг",0.0021,-3.7025299446700184,-0.007775312883807038,native,33
2027-11-01,384,"Мороженое сливочное, кг",0.00491,0.4378545368800065,0.002149865776080832,native,53
2027-11-01,386,"Музеи и выставки, билет",9e-05,0.47973938728562404,4.317654485570617e-05,native,46
2027-11-01,388,"Мука пшеничная, кг",0.00424,0.5247978297923097,0.002225142798319393,native,53
2027-11-01,389,"Мыло туалетное, 100 г",0.00099,0.7062318002423746,0.0006991694822399509,native,25
2027-11-01,390,"Мыло хозяйственное, 200 г",0.00174,0.41680550554789864,0.0007252415796533436,native,25
2027-11-01,393,"Мясо индейки, кг",0.00424,0.5601071877138315,0.0023748544759066453,native,26
2027-11-01,395,"Мясокопчености, кг",0.00303,0.6135766388957904,0.001859137215854245,native,26
2027-11-01,396,"Мяч футбольный, шт.",0.00026,0.32356001516349564,8.412560394250886e-05,native,54
2027-11-01,397,"Набор корпусной мебели, комплект",0.00062,0.5830400538786695,0.0003614848334047751,native,20
2027-11-01,399,"Набор фломастеров, набор",0.00032,0.47189401149654514,0.00015100608367889446,native,54
2027-11-01,400,"Наём жилых помещений в государственном и муниципальном жилищных фондах, м2 общей площади",0.00012,8.908671302400247,0.0010690405562880296,native,14
2027-11-01,402,"Напитки газированные, л",0.00389,0.4190311426348276,0.0016300311448494793,native,53
2027-11-01,404,"Национальные сыры и брынза, кг",0.00741,0.6580041796269377,0.004875810971035608,native,39
2027-11-01,405,"Начальный курс обучения вождению легкового автомобиля, курс",0.00108,0.643339593985985,0.0006948067615048638,native,44
2027-11-01,406,"Нимесулид, 100 мг, 10 таблеток",0.0004,0.8299613070269067,0.0003319845228107627,native,21
2027-11-01,408,"Нитки швейные, катушка",0.00011,0.43734082338800995,4.8107490572681096e-05,native,54
2027-11-01,410,"Носки мужские, пара",0.00108,0.6328582468960003,0.0006834869066476804,native,54
2027-11-01,411,"Носки, гольфы детские, пара",0.00017,0.19363771787650025,3.2918412039005047e-05,native,54
2027-11-01,412,"Обед в ресторане, на 1 человека",0.00201,0.7117602553912088,0.0014306381133363298,native,28
2027-11-01,413,"Обед в столовой, кафе, закусочной (кроме столовой в организации), на 1 человека",0.00697,0.6299490997132166,0.004390745225001119,native,28
2027-11-01,415,"Обои виниловые, 10 м",0.00248,0.6361784828510728,0.0015777226374706606,native,38
2027-11-01,416,"Обращение с твердыми коммунальными отходами, с человека",0.00398,0.31917362071371996,0.0012703110104406055,native,14
2027-11-01,420,"Обувь домашняя с текстильным верхом для взрослых, пара",0.00161,0.3511676342330842,0.0005653798911152656,native,27
2027-11-01,421,"Обувь домашняя с текстильным верхом для детей, пара",0.00017,0.6690767114503194,0.00011374304094655432,native,27
2027-11-01,426,"Обучение в государственных и муниципальных образовательных организациях высшего профессионального образования, семестр",0.00346,0.6312936384136888,0.0021842759889113632,native,44
2027-11-01,427,"Обучение в негосударственных образовательных организациях высшего профессионального образования, семестр",0.00191,0.0,0.0,native,44
2027-11-01,429,"Обучение в образовательных организациях среднего профессионального образования, семестр",0.0022,1.495981692294285,0.003291159723047427,native,44
2027-11-01,430,"Общий анализ крови, анализ",0.00092,0.18179096838390874,0.00016724769091319605,native,22
2027-11-01,432,"Овощи замороженные, кг",0.00068,0.4388845474602152,0.00029844149227294635,native,33
2027-11-01,433,"Овощи натуральные консервированные, маринованные, кг",0.0028,0.23463346089403225,0.0006569736905032903,native,53
2027-11-01,434,"Овсяные хлопья ""Геркулес"", кг",0.00132,0.20665844946011228,0.0002727891532873482,native,18
2027-11-01,435,"Огурцы свежие, кг",0.00468,16.78373824713356,0.07854789499658506,native,33
2027-11-01,442,"Одеяло стеганое, шт.",0.00247,0.4656032790221455,0.0011500400991846993,native,29
2027-11-01,443,"Окорочка куриные, кг",0.00549,0.40717743385745936,0.002235404111877452,native,26
2027-11-01,447,"Орехи, кг",0.0019,0.22284136030245522,0.0004233985845746649,native,33
2027-11-01,448,"Отопление, Гкал",0.00924,0.35062449890262487,0.003239770369860254,native,14
2027-11-01,449,"Оформление доверенности в нотариальной конторе, услуга",0.00012,0.9498784200279848,0.00011398541040335819,native,55
2027-11-01,451,"Пальто (полупальто) женское с верхом из плащевых тканей, шт.",0.00177,0.36329762598282067,0.0006430367979895926,native,29
2027-11-01,452,"Пальто женское демисезонное из шерстяных или полушерстяных тканей, шт.",0.00203,0.9168858888428382,0.0018612783543509616,native,29
2027-11-01,453,"Пальто женское зимнее из шерстяных или полушерстяных тканей, шт.",0.00095,0.9901867240440887,0.0009406773878418843,native,29
2027-11-01,454,"Пальто женское меховое и дубленка, шт.",0.00102,0.9767671872756939,0.0009963025310212078,native,23
2027-11-01,455,"Панкреатин, 10 таблеток",0.00038,0.5099640085857589,0.00019378632326258837,native,21
2027-11-01,456,"Панталоны, трусы женские, шт.",0.00127,0.4817001206046157,0.000611759153167862,native,43
2027-11-01,457,"Паста зубная, 100 г (100 мл)",0.00191,0.4519652109017751,0.0008632535528223904,native,30
2027-11-01,458,"Пеленки для новорожденных, шт.",0.00019,0.32945900687732743,6.259721130669222e-05,native,29
2027-11-01,459,"Пельмени, манты, равиоли, кг",0.00524,0.694448687557686,0.0036389111228022743,native,26
2027-11-01,460,"Первичный консультативный осмотр больного у стоматолога, посещение",0.00106,0.6105737343803646,0.0006472081584431864,native,22
2027-11-01,461,"Первичный консультативный прием у врача специалиста, посещение",0.00207,0.5457264231278409,0.0011296536958746307,native,22
2027-11-01,464,"Пересылка простого письма внутри России, массой до 20 г, шт.",1e-05,0.42578027036524774,4.257802703652477e-06,native,55
2027-11-01,466,"Перчатки из натуральной кожи, пара",0.00011,0.8249646554022319,9.074611209424551e-05,native,13
2027-11-01,467,"Перчатки трикотажные женские, пара",6e-05,0.9963856536725009,5.978313922035005e-05,native,43
2027-11-01,468,"Печать цветных фотографий, шт.",0.00011,0.8644106205475607,9.508516826023168e-05,native,12
2027-11-01,469,"Печень говяжья, свиная, кг",0.00275,0.8684066939048404,0.002388118408238311,native,26
2027-11-01,470,"Печенье, кг",0.00549,0.7685805762856672,0.004219507363808313,native,16
2027-11-01,471,"Печь микроволновая, шт.",0.00067,0.31197664688149884,0.00020902435341060423,native,51
2027-11-01,475,"Пиджак, жакет женский из шерстяных, полушерстяных или смесовых тканей, шт.",0.00359,0.2775185565713768,0.0009962916180912427,native,29
2027-11-01,478,"Плата за пересылку простой посылки внутри России массой 1-2 кг, шт.",0.00013,0.9995439389920486,0.0001299407120689663,native,55
2027-11-01,479,"Плата за пользование потребительским кредитом (процентная ставка в стоимостном выражении), руб.",0.00656,0.7251664766933568,0.00475709208710842,native,55
2027-11-01,480,"Платье (платье-костюм) женское из полушерстяных или смесовых тканей, шт.",0.00401,0.5150997016130339,0.0020655498034682657,native,29
2027-11-01,481,"Платье (платье-костюм) женское из хлопчатобумажных или смесовых тканей, шт.",0.00396,0.33462205478526913,0.0013251033369496657,native,29
2027-11-01,482,"Платье (платье-костюм, сарафан) для девочек школьного возраста из полушерстяных, смесовых  тканей, шт.",0.00051,0.45250222063281437,0.00023077613252273535,native,29
2027-11-01,483,"Платье (сарафан) летнее для девочек дошкольного возраста, шт.",0.00029,0.07442121697246526,2.1582152922014926e-05,native,29
2027-11-01,484,"Плита бытовая, шт.",0.00148,0.3740487549234175,0.0005535921572866579,native,51
2027-11-01,485,"Плитка керамическая, облицовочная для внутренних работ, м2",0.0019,0.39707349557424154,0.0007544396415910589,native,38
2027-11-01,486,"Плиты древесностружечные, ориентированно-стружечные, м2",0.0008899999999999,0.34486788612845753,0.0003069324186542927,native,38
2027-11-01,487,"Повторное получение гербового документа в органах ЗАГС, документ",0.00057,0.582402626277957,0.0003319694969784355,native,55
2027-11-01,488,"Подгузники детские бумажные (памперсы), 10 шт.",0.00114,0.12185923824231393,0.00013891953159623788,native,54
2027-11-01,489,"Подушка, шт.",0.00248,0.5589176222971706,0.001386115703296983,native,29
2027-11-01,496,"Ползунки из хлопчатобумажного трикотажного полотна, шт.",0.00019,0.6739945834667851,0.00012805897085868916,native,29
2027-11-01,500,"Полотенце кухонное, шт.",0.0012,0.6728031538334034,0.000807363784600084,native,54
2027-11-01,501,"Полотенце личное, шт.",0.00239,0.611864105266944,0.0014623552115879963,native,54
2027-11-01,502,"Полуботинки мужские с верхом из искусственной кожи, пара",0.00083,0.5219178822707397,0.0004331918422847139,native,27
2027-11-01,503,"Полуботинки, туфли мужские с верхом из натуральной кожи, пара",0.00277,0.3600764389935813,0.0009974117360122203,native,27
2027-11-01,505,"Пользование общественным туалетом, посещение",0.00047,0.5922107303940187,0.0002783390432851888,native,55
2027-11-01,506,"Помидоры свежие, кг",0.00574,10.97065009894483,0.06297153156794333,native,33
2027-11-01,507,"Помывка в бане в общем отделении, билет",0.00103,0.7009646372823489,0.0007219935764008194,native,12
2027-11-01,508,"Порошок стиральный, кг",0.00342,0.0291838568874066,9.980879055493056e-05,native,25
2027-11-01,509,"Посещение детского ясли-сада, день",0.00038,0.38605417147296583,0.00014670058515972703,native,44
2027-11-01,511,"Постановка набоек, пара",0.00055,0.5186231778635501,0.0002852427478249526,native,12
2027-11-01,513,"Пребывание пациента в круглосуточном стационаре, койко-день",0.00042,-0.23410592017940232,-9.832448647534898e-05,native,22
2027-11-01,514,"Предоставление абоненту в постоянное пользование абонентской линии независимо от ее типа, месяц",0.00024,0.28203033884128403,6.768728132190817e-05,native,48
2027-11-01,518,"Предоставление местного телефонного соединения при повременной системе оплаты услуг связи, минута",0.00024,0.3703782565119369,8.889078156286485e-05,native,48
2027-11-01,519,"Прививка животного, шт.",0.00019,0.28774242594663413,5.467106092986049e-05,native,55
2027-11-01,524,"Продукция предприятий общественного питания быстрого обслуживания (сэндвич типа ""Гамбургер""), шт.",0.00269,0.7648404562856881,0.002057420827408501,native,28
2027-11-01,525,"Проезд в городском автобусе,поездка",0.00185,1.5961693254234988,0.002952913252033473,native,47
2027-11-01,527,"Проезд в маршрутном такси, поездка",0.00869,0.43628053402962497,0.003791277840717441,native,47
2027-11-01,528,"Проезд в междугородном автобусе, в расчете на 50 км пути",0.00057,0.7536998194026162,0.00042960889705949125,native,47
2027-11-01,531,"Проезд в такси, в расчете на 1 км пути",0.00415,4.315869227507343,0.017910857294155473,native,47
2027-11-01,533,"Проезд в троллейбусе, поездка",0.0001,0.9295328974986294,9.295328974986295e-05,native,47
2027-11-01,535,"Проживание в студенческом общежитии, месяц",2e-05,0.7318945009509195,1.463789001901839e-05,native,55
2027-11-01,538,"Пряники, кг",0.0019,0.36923225026474477,0.000701541275503015,native,16
2027-11-01,539,"Пшено, кг",0.00118,0.5363375571452653,0.0006328783174314131,native,18
2027-11-01,540,"Ранец, рюкзак для школьников, шт.",0.00108,0.7435586527334491,0.000803043344952125,native,13
2027-11-01,541,"Регулировка развала-схождения колес легкового автомобиля, один вид работы",0.00423,0.6377231819339534,0.002697569059580623,native,12
2027-11-01,542,"Ремень мужской, шт.",0.00059,0.18395621269406096,0.00010853416548949597,native,13
2027-11-01,543,"Ремонт  телевизоров, один вид работы",0.00037,0.24441564457185005,9.043378849158452e-05,native,12
2027-11-01,544,"Ремонт брюк из всех видов тканей, один вид работы",0.00018,0.40542809121217016,7.297705641819064e-05,native,12
2027-11-01,548,"Ремонт холодильников всех марок, один вид работы",0.00042,0.5936957102096667,0.00024935219828806,native,12
2027-11-01,552,"Рис шлифованный, кг",0.00479,0.4998739690084361,0.002394396311550409,native,18
2027-11-01,554,"Рубероид, 10 м",0.00011,0.29235952933666115,3.215954822703273e-05,native,38
2027-11-01,555,"Рыба живая и охлажденная, кг",0.00395,0.339508236712932,0.0013410575350160817,native,34
2027-11-01,558,"Рыба мороженая неразделанная, кг",0.00303,0.43979198242042383,0.0013325697067338843,native,34
2027-11-01,559,"Рыба мороженая разделанная (кроме лососевых пород), кг",0.005,0.3455286262814325,0.0017276431314071626,native,34
2027-11-01,560,"Рыба охлажденная и мороженая разделанная лососевых пород, кг",0.00181,0.5078746269596102,0.0009192530747968943,native,34
2027-11-01,561,"Рыба соленая, маринованная, копченая, кг",0.00142,1.5498976748630287,0.0022008546983055006,native,34
2027-11-01,563,"Рюмка, фужер из простого стекла, шт.",0.00054,0.37742496471302617,0.00020380948094503412,native,54
2027-11-01,565,"Санаторий, день",0.001,0.5003767231431557,0.0005003767231431558,native,35
2027-11-01,566,"Сапоги женские зимние с верхом из натуральной кожи, пара",0.00253,0.7131911680387952,0.001804373655138152,native,27
2027-11-01,567,"Сапоги женские осенние с верхом из натуральной кожи, пара",0.00145,0.5392455699820718,0.0007819060764740042,native,27
2027-11-01,568,"Сапоги цельнорезиновые для взрослых, пара",0.00042,0.35638710025733844,0.00014968258210808216,native,54
2027-11-01,569,"Сапоги цельнорезиновые для детей, пара",0.00011,0.3475055452115179,3.822560997326697e-05,native,54
2027-11-01,570,"Сапоги, ботинки для детей школьного возраста зимние с верхом из натуральной кожи, пара",0.00111,0.7615309269967903,0.0008452993289664373,native,27
2027-11-01,571,"Сапоги, ботинки мужские зимние с верхом из натуральной кожи, пара",0.00223,1.0693961407111043,0.002384753393785763,native,27
2027-11-01,572,"Сахар-песок, кг",0.00532,-0.35519406392289077,-0.001889632420069779,native,36
2027-11-01,573,"Свежесрезанные цветы, шт.",0.00399,0.8745789019803575,0.003489569818901626,native,54
2027-11-01,574,"Свёкла столовая, кг",0.00077,0.11078108994837149,8.530143926024604e-05,native,33
2027-11-01,575,"Светильник потолочный, шт.",0.00208,0.6784284319185233,0.0014111311383905284,native,51
2027-11-01,577,"Свинина (кроме бескостного мяса), кг",0.00481,0.21553054943814137,0.00103670194279746,native,26
2027-11-01,578,"Свинина бескостная, кг",0.00257,0.2704625062731018,0.0006950886411218716,native,26
2027-11-01,580,"Сельдь соленая, кг",0.00079,0.5531189272370161,0.0004369639525172427,native,34
2027-11-01,584,"Сковорода, шт.",0.00137,0.4634529582796065,0.0006349305528430608,native,54
2027-11-01,585,"Смартфон, шт.",0.00625,-0.3660346712782371,-0.002287716695488982,native,37
2027-11-01,587,"Смеси сухие молочные для детского питания, кг",0.00077,0.41619586889130383,0.0003204708190463039,native,24
2027-11-01,588,"Сметана, кг",0.00748,0.8319635245881718,0.006223087163919525,native,24
2027-11-01,589,"Содержание и ремонт жилья в государственном и муниципальном жилищных фондах, м2 общей площади",0.00078,0.11775549198878743,9.184928375125419e-05,native,14
2027-11-01,590,"Содержание, ремонт жилья для граждан-собственников жилья в результате приватизации, граждан-собственников жилых помещений по иным основаниям, м2 общей площади",0.00599,0.1263843150307713,0.00075704204703432,native,14
2027-11-01,591,"Соки фруктовые, л",0.00232,0.508581096209171,0.0011799081432052768,native,53
2027-11-01,592,"Соленые и копченые деликатесные продукты из рыбы, кг",0.0013,0.7060410251658966,0.0009178533327156656,native,34
2027-11-01,593,"Соль поваренная пищевая, кг",0.00122,-0.011063326950027819,-1.3497258879033939e-05,native,53
2027-11-01,595,"Сорочка верхняя для мальчиков дошкольного возраста, шт.",0.00024,0.8019207376042663,0.0001924609770250239,native,29
2027-11-01,596,"Сорочка верхняя для мальчиков школьного возраста, шт.",0.0008899999999999,0.2941640289686176,0.00026180598578204024,native,29
2027-11-01,597,"Сорочка верхняя мужская из хлопчатобумажных или смесовых тканей, шт.",0.00449,0.4967339494551821,0.0022303354330537677,native,29
2027-11-01,598,"Сорочка ночная женская, шт.",0.00105,0.5530512011919667,0.000580703761251565,native,29
2027-11-01,599,"Сосиски, сардельки, кг",0.00553,0.5459227628135325,0.0030189528783588345,native,26
2027-11-01,601,"Спички, коробок",0.00059,0.6868593841962354,0.0004052470366757789,native,54
2027-11-01,602,"Стекло оконное листовое, м2",5e-05,0.3979331960098122,1.989665980049061e-05,native,38
2027-11-01,605,"Стирка и глажение белья прямого, кг",0.00081,0.6223500706851685,0.0005041035572549864,native,12
2027-11-01,606,"Стол обеденный, шт.",0.00356,0.4993211145057759,0.001777583167640562,native,20
2027-11-01,607,"Стол рабочий кухонный, шт.",0.00091,0.611714901078404,0.0005566605599813476,native,20
2027-11-01,608,"Стрижка модельная в женском зале, стрижка",0.00549,0.4391436459477722,0.0024108986162532696,native,12
2027-11-01,609,"Стрижка модельная в мужском зале, стрижка",0.0051,0.5446694942896384,0.002777814420877156,native,12
2027-11-01,610,"Стул с мягким сиденьем, шт.",0.00259,0.45897116124052495,0.0011887353076129596,native,20
2027-11-01,616,"Сухие корма для домашних животных, кг",0.00104,0.4186561717201538,0.0004354024185889599,native,54
2027-11-01,617,"Сухие супы в пакетах, 100 г",0.00132,0.41763381480174044,0.0005512766355382974,native,53
2027-11-01,618,"Сухофрукты, кг",0.00073,0.6390669144010592,0.0004665188475127732,native,33
2027-11-01,620,"Сыры плавленые, кг",0.00187,0.6213740244306467,0.0011619694256853094,native,39
2027-11-01,621,"Сыры твердые, полутвердые и мягкие, кг",0.00514,0.7537257016827629,0.003874150106649401,native,39
2027-11-01,622,"Табурет для кухни, шт.",0.00063,0.5725036740538839,0.0003606773146539469,native,20
2027-11-01,623,"Тарелка обеденная, шт.",0.00085,0.42161186233498515,0.00035837008298473735,native,54
2027-11-01,624,"Таурин, 4%, 5 мл",0.00036,0.15858802910109157,5.7091690476392966e-05,native,21
2027-11-01,628,"Театры, билет",0.00033,0.47420102402284897,0.00015648633792754015,native,46
2027-11-01,629,"Телевизор цветного изображения, шт.",0.00258,0.3645727528722711,0.0009405977024104594,native,41
2027-11-01,633,"Термометр медицинский электронный стандартный, шт.",6e-05,1.1770076763819322,7.062046058291593e-05,native,21
2027-11-01,634,"Тетрадь школьная, шт.",0.00029,0.6955832507303387,0.00020171914271179821,native,54
2027-11-01,636,"Ткани декоративные для изготовления штор и занавесей, м",0.0008,0.3951839881143328,0.00031614719049146626,native,54
2027-11-01,638,"Ткани хлопчатобумажные бельевые, м",0.0001,0.34476390273314655,3.4476390273314656e-05,native,54
2027-11-01,641,"Ткань костюмная шерстяная и полушерстяная, м",6e-05,0.26208371187399027,1.5725022712439415e-05,native,54
2027-11-01,642,"Ткань платьевая из искусственного или синтетического шелка, м",8e-05,0.6538297849247889,5.230638279398312e-05,native,54
2027-11-01,646,"Торты, кг",0.00277,0.7694362481995433,0.002131338407512735,native,16
2027-11-01,647,"Трикотажная шапочка детская, шт.",0.00072,0.8619934465794854,0.0006206352815372295,native,43
2027-11-01,650,"Триммер электрический, шт.",0.00056,0.3447180532518822,0.000193042109821054,native,15
2027-11-01,651,"Троксерутин, 2% гель, 40 г",0.0004,1.777671001168852,0.0007110684004675408,native,21
2027-11-01,652,"Трусы детские, шт.",0.00043,0.6565450658168791,0.00028231437830125803,native,43
2027-11-01,653,"Трусы мужские, шт.",0.00145,0.2652912680010887,0.0003846723386015786,native,43
2027-11-01,654,"Туалетная вода, 100 мл",0.00579,0.42429747836722764,0.0024566823997462482,native,30
2027-11-01,655,"Туфли детские летние (сандалеты), пара",0.00076,-0.4201694270242836,-0.00031932876453845556,native,27
2027-11-01,659,"Туфли женские модельные с верхом из натуральной кожи, пара",0.00094,0.12443847595899966,0.00011697216740145968,native,27
2027-11-01,660,"Тушь для ресниц, шт.",0.00179,0.4754354300498308,0.0008510294197891971,native,30
2027-11-01,661,"Тюль, полотно гардинное, м",0.0022,0.42256918579393904,0.0009296522087466659,native,13
2027-11-01,663,"Удаление зуба под местным обезболиванием, удаление",0.00116,0.8970969627291162,0.0010406324767657747,native,22
2027-11-01,664,"Удостоверение завещания в нотариальной конторе, услуга",0.00012,0.5901766370790933,7.08211964494912e-05,native,55
2027-11-01,665,"Ужин в ресторане, на 1 человека",0.00313,0.42029604114403024,0.0013155266087808146,native,28
2027-11-01,666,"Ультразвуковое исследование брюшной полости, исследование",0.00137,0.3081204628015482,0.000422125034038121,native,22
2027-11-01,675,"Услуги организатора проведения торжеств, услуга",0.00247,0.15139175817266612,0.0003739376426864853,native,12
2027-11-01,678,"Услуги по воспитанию детей, предоставляемые наемным персоналом, час",0.00121,0.4042327992172289,0.0004891216870528469,native,12
2027-11-01,679,"Услуги по организации и выполнению работ по эксплуатации домов ЖК, ЖСК, ТСЖ, м2 общей площади",0.00526,0.2518867510452897,0.0013249243104982236,native,14
2027-11-01,690,"Установка пластиковых окон, м2",0.0018,0.25503094228233425,0.0004590556961082016,native,12
2027-11-01,691,"Устная консультация юриста по семейным вопросам, консультация",0.00011,0.028799216174996325,3.167913779249596e-06,native,55
2027-11-01,692,"Учебник, учебное пособие, дидактический материал для общеобразовательной школы, шт.",0.00048,0.3725282356469185,0.0001788135531105209,native,32
2027-11-01,694,"Фарш мясной, кг",0.0094,0.6702039254074988,0.006299916898830489,native,26
2027-11-01,695,"Физиотерапевтическое лечение, процедура",0.00014,0.13074193685737903,1.8303871160033062e-05,native,22
2027-11-01,697,"Филе рыбное, кг",0.00204,0.638971310483222,0.001303501473385773,native,34
2027-11-01,698,"Филе сельди соленое, кг",0.00065,0.7184825705002276,0.0004670136708251479,native,34
2027-11-01,699,"Флеш-накопитель USB, шт.",3e-05,0.7520234297975525,2.2560702893926576e-05,native,41
2027-11-01,701,"Фотоаппарат, шт.",0.00019,-0.24034105459326985,-4.5664800372721273e-05,native,54
2027-11-01,703,"Футболка детская, шт.",0.00049,0.22503733453501795,0.0001102682939221588,native,43
2027-11-01,704,"Халат женский, шт.",0.00119,0.7675817002919523,0.0009134222233474232,native,29
2027-11-01,706,"Химчистка мужского костюма, шт.",0.00012,0.35586320644409936,4.2703584773291924e-05,native,12
2027-11-01,710,"Хлеб из ржаной муки и из смеси муки ржаной и пшеничной, кг",0.00255,0.5957455387612139,0.0015191511238410956,native,49
2027-11-01,711,"Хлопья из злаков (сухие завтраки), кг",0.00115,0.4328958675947282,0.0004978302477339374,native,49
2027-11-01,712,"Холодильник двухкамерный, емкостью 250-360 л, шт.",0.00262,0.14154762831844966,0.0003708547861943381,native,51
2027-11-01,714,"Цемент тарированный, 50 кг",0.00066,0.5518719032962247,0.0003642354561755083,native,38
2027-11-01,716,"Чай черный байховый пакетированный, 25 пакетиков",0.00197,-0.1964850818200526,-0.0003870756111855036,native,50
2027-11-01,717,"Чай черный байховый, кг",0.00269,0.12723855213767438,0.0003422717052503441,native,50
2027-11-01,718,"Чайник, шт.",0.00102,0.017168174325079957,1.7511537811581557e-05,native,54
2027-11-01,721,"Часы наручные, шт.",0.00028,0.5278934545041971,0.0001478101672611752,native,54
2027-11-01,722,"Чашка чайная с блюдцем, комплект",0.00028,0.4389939442354893,0.000122918304385937,native,54
2027-11-01,723,"Чеснок, кг",0.00111,2.368718279215209,0.0026292772899288823,native,33
2027-11-01,726,"Шампунь, 250 мл",0.0019,0.19326723546705527,0.000367207747387405,native,30
2027-11-01,727,"Шиномонтаж колес легкового автомобиля, услуга",0.00355,0.6257253661617526,0.0022213250498742216,native,12
2027-11-01,728,"Шины для легкового автомобиля, шт.",0.00355,0.5419080159312897,0.0019237734565560785,native,17
2027-11-01,729,"Шкаф-вешалка для прихожей, шт.",0.00078,0.43385010593126805,0.00033840308262638905,native,20
2027-11-01,730,"Шкаф для платья и белья, шт.",0.0023,0.5510479663671889,0.0012674103226445344,native,20
2027-11-01,731,"Шкаф навесной кухонный (полка), двухстворчатый, шт.",0.00067,0.4615068367245273,0.0003092095806054333,native,20
2027-11-01,734,"Шоколад, кг",0.0034,0.5936542667024817,0.0020184245067884376,native,16
2027-11-01,735,"Щетка зубная, шт.",0.00174,0.2487717590026377,0.0004328628606645896,native,13
2027-11-01,740,"Экскурсия автобусная, час",0.00112,0.655462691018815,0.0007341182139410728,native,55
2027-11-01,741,"Электропылесос напольный, шт.",0.00185,0.11677346229491159,0.00021603090524558645,native,51
2027-11-01,742,"Электроутюг, шт.",0.00079,0.5433391684780449,0.00042923794309765543,native,51
2027-11-01,743,"Электрочайник, шт.",0.00058,-0.03437577081275087,-1.9937947071395502e-05,native,51
2027-11-01,744,"Электроэнергия в квартирах без электроплит сверх минимального объема потребления, в расчете за 100 кВт.ч",0.00107,0.28501512183745553,0.00030496618036607743,native,14
2027-11-01,745,"Электроэнергия в квартирах без электроплит за минимальный объем потребления, в расчете за 100 кВт.ч",0.00638,0.33843383347668354,0.002159207857581241,native,14
2027-11-01,746,"Электроэнергия в квартирах с электроплитами за минимальный объем потребления, в расчете за 100 кВт.ч",0.00315,0.3352375658134559,0.001055998332312386,native,14
2027-11-01,747,"Электроэнергия в квартирах с электроплитами сверх минимального объема потребления, в расчете за 100 кВт.ч",0.00082,0.2813812480690028,0.00023073262341658226,native,14
2027-11-01,748,"Эналаприл, 5 мг, 10 таблеток",0.00035,-0.04938178435596963,-1.728362452458937e-05,native,21
2027-11-01,750,"Юбка для девочек школьного возраста из полушерстяных тканей, шт.",0.00076,0.693810321180081,0.0005272958440968616,native,29
2027-11-01,751,"Юбка женская из полушерстяных или смесовых тканей, шт.",0.00203,0.5958597577304654,0.0012095953081928449,native,29
2027-11-01,753,"Яблоки, кг",0.00515,-1.9495950825656148,-0.010040414675212916,native,33
2027-11-01,754,"Яйца куриные, 10 шт.",0.00543,5.359565033548606,0.029102438132168926,native,52
2027-11-01,786,"Поездка на отдых в Турцию, поездка",0.0004,-4.261339968184122,-0.0017045359872736488,native,67
2027-11-01,795,"Варежки (перчатки) детские, пара",8e-05,0.9422018939404715,7.537615151523773e-05,native,43
2027-11-01,809,"Шарф шерстяной, полушерстяной или из смесовой пряжи для взрослых, шт.",0.00077,1.1696303423387981,0.0009006153636008746,native,43
2027-11-01,851,"Активированный уголь, 250 мг, 10 таблеток",0.00032,0.6247934158999099,0.00019993389308797118,native,21
2027-11-01,958,"Чай зеленый, кг",0.00169,0.13473035350755042,0.00022769429742776023,native,50
2027-11-01,959,"Брюки женские из джинсовой ткани (джинсы), шт.",0.00282,0.4394303205613965,0.0012391935039831382,native,29
2027-11-01,960,"Носки женские, гольфы, пара",0.0007,0.5735391022003327,0.00040147737154023284,native,54
2027-11-01,961,"Пена для бритья, 200 мл",0.00085,0.3925078340929848,0.00033363165897903706,native,30
2027-11-01,962,Крем для рук,0.00117,0.14235946799667168,0.00016656057755610586,native,30
2027-11-01,963,"Бритвенные станки одноразовые, шт.",0.0008,0.36363344085058186,0.0002909067526804655,native,13
2027-11-01,964,"Лампа светодиодная, шт.",0.00026,0.6050030526632425,0.00015730079369244304,native,51
2027-11-01,965,"Моноблок, шт.",0.00092,0.20026656154397365,0.00018424523662045577,native,31
2027-11-01,966,"Годовая стоимость полиса обязательного страхования гражданской ответственности владельцев транспортных средств (ОСАГО), полис",0.0013,1.281113647995935,0.0016654477423947156,native,55
2027-11-01,968,"Рюкзак для взрослых, шт.",0.00087,0.0560683256384752,4.877944330547342e-05,native,13
2027-11-01,970,"Сливки питьевые, л",0.00112,0.7611338809332228,0.0008524699466452094,native,24
2027-11-01,971,"Зелень свежая, кг",0.00098,3.433045634582282,0.0033643847218906365,native,33
2027-11-01,972,"Грибы свежие, кг",0.00119,3.141691584577128,0.003738612985646782,native,33
2027-11-01,973,"Ягоды замороженные, кг",0.00026,0.41788134849125425,0.00010864915060772609,native,33
2027-11-01,976,"Гель для душа, 250 мл",0.00105,0.4654758400236562,0.000488749632024839,native,30
2027-11-01,977,"Мыло туалетное жидкое, 250 мл",0.00099,0.0946962914881179,9.374932857323672e-05,native,30
2027-11-01,978,"Дезодорант, 50 мл",0.00092,0.5723624991057721,0.0005265734991773103,native,30
2027-11-01,979,"Кресло мягкое, шт.",0.00377,0.43081895479394494,0.0016241874595731723,native,20
2027-11-01,980,"Матрас для взрослых, шт.",0.00306,0.8634688890665045,0.002642214800543504,native,20
2027-11-01,981,"Салфетки влажные, упаковка 20 шт.",0.00045,0.24034395191213842,0.00010815477836046229,native,54
2027-11-01,982,"Бумажные столовые салфетки, упаковка 10 шт.",0.00306,0.35742475506136895,0.0010937197504877888,native,54
2027-11-01,983,"Бумажные носовые платки, упаковка 10 шт.",0.00042,0.9389929211385722,0.00039437702687820036,native,54
2027-11-01,984,"Прокладки женские гигиенические, 10 шт.",0.00108,0.2507896940509793,0.0002708528695750576,native,54
2027-11-01,985,"Наушники беспроводные, шт.",0.00189,0.8137883921052148,0.001538060061078856,native,37
2027-11-01,987,"Цефтриаксон, 1 г",0.0004,0.5039925212255986,0.00020159700849023944,native,21
2027-11-01,992,"Амлодипин, 10 мг, 10 таблеток",0.00035,0.586110888888883,0.00020513881111110902,calendar_gap_in_required_features,21
2027-11-01,993,"Омепразол, 20 мг, 10 таблеток",0.0004,0.6992650151187008,0.00027970600604748034,native,21
2027-11-01,994,"Хлоргексидин, 100 мл",0.00033,0.1883331666666608,6.214994499999807e-05,short_history,21
2027-11-01,995,"Амоксициллин с клавулановой кислотой, 500 мг+125мг, 10 таблеток",0.00039,0.09597274216782542,3.7429369445451916e-05,native,21
2027-11-01,996,"Ибупрофен, 200 мг, 10 таблеток",0.00049,0.4900572311535901,0.00024012804326525915,native,21
2027-11-01,997,"Шприцы одноразовые, шт.",6e-05,0.8837371804275257,5.302423082565154e-05,native,21
2027-11-01,999,"Антисептик для рук, 100 мл",0.00017,0.6802559233544668,0.00011564350697025937,native,21
2027-11-01,1000,"Термометр медицинский безртутный (галинстановый), шт.",6e-05,0.26187946345732105,1.5712767807439262e-05,native,21
2027-11-01,1001,"Установка натяжного потолка, м2",0.00073,0.3179795246693388,0.00023212505300861732,native,12
2027-11-01,1002,"Услуги аренды автомобилей, час",0.00017,0.05849172100360864,9.94359257061347e-06,native,47
2027-11-01,1003,"Подписка на онлайн-видеосервисы, месяц",0.00766,0.7199275593863336,0.005514645104899315,native,48
2027-11-01,1004,"Проживание в гостинице 1* или в мотеле, сутки с человека",5e-05,0.25587620723292304,1.2793810361646153e-05,native,55
2027-11-01,1005,"Проживание в гостинице 2*, сутки с человека",4e-05,0.022136923605521025,8.854769442208411e-07,native,55
2027-11-01,1006,"Проживание в гостинице 3*, сутки с человека",0.00075,-0.14988569109517608,-0.00011241426832138207,native,55
2027-11-01,1007,"Проживание в гостинице 4*-5*, сутки с человека",0.00067,1.4185509642280443,0.0009504291460327897,native,55
2027-11-01,1008,"Проживание в хостеле, сутки с человека",0.00061,2.143288213844683,0.0013074058104452565,native,55
2027-11-01,1009,"Экскурсионные туры по России, поездка",0.00138,0.05752483558939897,7.938427311337058e-05,native,55
2027-11-01,1011,"Поездка на отдых в ОАЭ, поездка",0.0004,-3.809997999999993,-0.0015239991999999973,missing_current_observation,67
2027-11-01,1012,"Услуги сиделок, час",0.00046,0.23765570676387904,0.00010932162511138436,native,22
2027-11-01,1013,"Диагностика на магнитно-резонансном или компьютерном томографе, услуга",0.00045,0.2302940928303993,0.00010363234177367968,native,22
2027-11-01,1014,"Гастроскопия (ФГДС, ЭГДС), услуга",0.00059,0.593925003410491,0.00035041575201218974,native,22
2027-11-01,1020,"Аскорбиновая кислота, 50 мг, 100 драже",0.00028,2.348752836664329,0.0006576507942660121,native,21
2027-11-01,1024,"Валерианы экстракт, 20 мг, 10 таблеток",0.00029,1.1420808709454442,0.00033120345257417884,native,21
2027-11-01,1025,"Газета в розницу, шт.",0.00024,0.713964431141136,0.00017135146347387262,native,32
2027-11-01,1030,"Клубная карта в фитнес-клуб, месяц",0.00185,0.8765658923877322,0.0016216469009173045,native,55
2027-11-01,1032,"Кроссовые туфли для взрослых, пара",0.00518,0.32177575889142773,0.0016667984310575956,native,27
2027-11-01,1035,"Метилурацил, 10 % мазь, 25 г",0.00037,1.1563485742233084,0.0004278489724626241,native,21
2027-11-01,1037,"Мирамистин, 0,01%, 150 мл",0.00039,0.5817748622722154,0.00022689219628616402,native,21
2027-11-01,1038,"Натрия хлорид, 0,9%, 100 мл",0.00039,0.8644817760353776,0.0003371478926537972,native,21
2027-11-01,1039,"Нафазолин, 0,1%, 15 мл",0.00044,0.7229213543138285,0.00031808539589808457,native,21
2027-11-01,1040,"Парацетамол, 500 мг, 10 таблеток",0.00039,0.9399385586985028,0.0003665760378924161,native,21
2027-11-01,1041,"Перекись водорода, 3%, 100 мл",0.00036,0.869352922096674,0.0003129670519548027,native,21
2027-11-01,1042,"Пиво, л",0.00372,0.6557582096904561,0.0024394205400484967,native,11
2027-11-01,1043,"Поездка на отдых в Египет, поездка",0.0002,-0.023633015958302694,-4.726603191660539e-06,native,67
2027-11-01,1045,"Ренгалин, 20 таблеток",0.0004,1.0950081901968531,0.00043800327607874126,native,21
2027-11-01,1046,"Сигареты с фильтром, пачка",0.0086599999999999,0.522460502296499,0.004524507949887629,native,40
2027-11-01,1048,"Сумка женская, шт.",0.00138,-0.20006308043098278,-0.0002760870509947562,native,13
2027-11-01,1049,"Творог, кг",0.00591,1.1408076595418306,0.0067421732678922194,native,24
2027-11-01,1050,"Туфли женские закрытые, пара",0.00196,0.1590448913031771,0.0003117279869542271,native,27
2027-11-01,1051,"Туфли женские летние, босоножки, пара",0.00356,0.07388677729062676,0.00026303692715463125,native,27
2027-11-01,1054,"Хлеб и булочные изделия из пшеничной муки различных сортов, кг",0.00735,1.231575065066274,0.009052076728237114,native,49
2027-11-01,1055,"Цитрамон, 10 таблеток",0.00039,-0.06844942626233758,-2.6695276242311653e-05,native,21
2027-11-01,1060,"Поездки в страны Закавказья, поездка",0.00022,-1.8259376094264332,-0.00040170627407381534,native,67
2027-11-01,1063,"Поездки в отдельные страны Средней Азии, поездка",4e-05,-1.3533312222222165,-5.4133248888888664e-05,short_history,67
2027-11-01,1064,"Поездка в Беларусь, поездка",0.0001,-4.17777605555555,-0.000417777605555555,short_history,67
2027-11-01,1065,"Поездки в отдельные страны Юго-Восточной Азии, поездка",0.00017,4.6256240904932495,0.0007863560953838525,native,67
2027-11-01,1066,"Молоко питьевое цельное пастеризованное более 3,2% жирности, л",0.00142,1.3017521495566764,0.0018484880523704805,native,24
2027-11-01,1067,"Творожок детский, кг",6e-05,0.09881320926027448,5.928792555616469e-06,native,24
2027-11-01,1068,"Молоко для детей, л",1e-05,1.4582290121489099,1.45822901214891e-05,native,24
2027-11-01,1069,"Сухие приправы, специи, кг",0.00139,1.2958308782580144,0.0018012049207786398,native,53
2027-11-01,1070,"Трикотажный головной убор для взрослых, шт.",0.00057,0.1394110917129901,7.946432227640436e-05,native,43
2027-11-01,1071,"Крем детский, 100 г (100 мл)",0.00137,0.6247126086695423,0.0008558562738772729,native,30
2027-11-01,1072,"Чемодан, шт.",0.00108,-1.999398939212207,-0.0021593508543491834,native,13
2027-11-01,1073,"Бумага офисная, упаковка 500 листов",0.00015,0.2630026986084525,3.945040479126787e-05,native,54
2027-11-01,1074,"Смарт-часы, шт.",0.00085,-1.3660907132941498,-0.0011611771063000272,native,37
2027-11-01,1075,"Коньки, пара",0.00035,1.056630071704459,0.00036982052509656067,native,54
2027-11-01,1076,"Гипсокартон, м2",0.00075,0.19388148606797365,0.00014541111455098024,native,38
2027-11-01,1077,"Кресло детское автомобильное, шт.",0.00056,0.7068831984424966,0.00039585459112779803,native,17
2027-11-01,1078,"Соска (пустышка) детская, шт.",6e-05,0.4930887709158207,2.9585326254949244e-05,native,21
2027-11-01,1079,"Бутылочка для кормления, шт.",0.00066,0.22258649702646377,0.0001469070880374661,native,21
2027-11-01,1083,"Поездка на отдых на Черноморское побережье России и в Крым, поездка",0.00205,-6.91045304311581,-0.014166428738387412,native,55
2027-11-01,1086,"Горошек зеленый консервированный, кг",0.00081,-0.3371917222222278,-0.0002731252950000045,short_history,53
2027-11-01,1087,"Перец сладкий свежий, кг",0.00266,0.7549999444444409,0.002008299852222213,short_history,33
2027-11-01,1088,"Робот-пылесос, шт.",0.00116,-1.0455583888888862,-0.001212847731111108,short_history,51
2027-11-01,1091,"Валосердин, 25 мл",0.00033,0.16944427777777252,5.591661166666493e-05,short_history,21
2027-11-01,1094,"Диклофенак, 15 мл",0.00038,0.7683332222222169,0.00029196662444444245,short_history,21
2027-11-01,1095,"Кардиомагнил, 100 таблеток",0.0004,0.1761111666666611,7.044446666666445e-05,short_history,21
2027-11-01,1097,"Меновазин, 40 мл",0.00034,0.1183331111111051,4.0233257777775734e-05,short_history,21
2027-11-01,1099,"Пенталгин, 24 таблетки",0.00035,0.36500011111110575,0.000127750038888887,short_history,21
2027-11-01,1100,"Салициловая кислота, 40 мл",0.00031,0.8655553333333275,0.00026832215333333153,short_history,21
2027-11-01,1101,"Спазмалгон, 10 таблеток",0.0004,0.17055533333332798,6.822213333333119e-05,short_history,21
2027-11-01,1105,Воздушный и железнодорожный транспорт,0.00569,-0.45999899999999627,-0.0026173943099999787,missing_current_observation,47
2027-11-01,1107,"Печень птицы, кг",0.00225,-0.30389177777777354,-0.0006837564999999904,short_history,26
2027-11-01,1108,"Кефир, кг",0.00427,0.2788887777777707,0.001190855081111081,short_history,24
2027-11-01,1109,"Сырки творожные, глазированные, кг",0.00124,0.5655554999999927,0.0007012888199999909,short_history,24
2027-11-01,1110,"Вода питьевая, л",0.00157,-0.3444140555555606,-0.0005407300672222302,short_history,53
2027-11-01,1111,"Жидкие средства для стирки, л",0.00146,1.2105552777777813,0.0017674107055555607,short_history,25
2027-11-01,1112,"Помада, шт.",0.00092,-1.116669833333336,-0.001027336246666669,short_history,30
2027-11-01,1113,"Блоки строительные, 1000 шт.",0.00028,0.18722261111111432,5.2422331111112006e-05,short_history,38
2027-11-01,1114,"Компримированный природный газ, м3",0.00189,-4.958889888888885,-0.009372301889999993,short_history,42
2027-11-01,1115,"Хлоропирамин, 10 таблеток",0.00036,0.16888894444443914,6.080001999999809e-05,short_history,21
2027-11-01,1116,"Цетиризин, 10 таблеток",0.00037,0.17166661111110512,6.351664611110889e-05,short_history,21
2027-11-01,1117,"Интерферон альфа-2В, 10 мл",0.00039,0.06555555555554962,2.5566666666664353e-05,short_history,21
2027-11-01,1118,"Метопролол, 10 таблеток",0.00046,-0.10666705555556022,-4.90668455555577e-05,short_history,21
2027-11-01,1119,"Спиронолактон, 10 таблеток",0.00035,-0.03555577777778357,-1.244452222222425e-05,short_history,21
2027-11-01,1120,"Лозартан, 10 таблеток",0.0004,0.2866664999999947,0.00011466659999999789,short_history,21
2027-11-01,1121,"Аторвастатин, 10 таблеток",0.0004,0.18388883333332728,7.355553333333092e-05,short_history,21
2027-11-01,1122,"Мелоксикам, 10 таблеток",0.00038,0.034999722222217144,1.3299894444442516e-05,short_history,21
2027-11-01,1123,"Кеторолак, 10 таблеток",0.00042,0.9833332222222163,0.0004129999533333309,short_history,21
2027-11-01,1124,"Розувастатин, 10 таблеток",0.00034,0.12666633333332714,4.306655333333123e-05,short_history,21
2027-11-01,1125,"Алтея лекарственного травы экстракт, 10 таблеток",0.00041,0.015555555555550105,6.377777777775543e-06,short_history,21
2027-11-01,1126,"Римантадин, 10 таблеток",0.00032,-0.0644448333333385,-2.0622346666668323e-05,short_history,21
2027-11-01,1127,"Погребение, услуга",0.00034,-0.16111111111110984,-5.477777777777735e-05,short_history,12
2027-11-01,1128,"Курьерская доставка, услуга",0.00012,-0.7435626666666668,-8.922752000000001e-05,short_history,55
2027-11-01,1129,"Междугородная телефонная связь, минута",0.00019,1.1605558333333263,0.00022050560833333202,short_history,48
2027-11-01,1131,"Вода минеральная, л",0.00085,-0.10941394444444955,-9.30018527777821e-05,short_history,53
2027-12-01,101,"Абонентская плата за доступ к сети Интернет, месяц",0.0085699999999999,0.13663954281347987,0.0011710008819115088,native,48
2027-12-01,103,"Абонентская плата за неограниченный объем местных телефонных соединений, месяц",0.00026,0.30557094820577246,7.944844653350084e-05,native,48
2027-12-01,104,"Абонентская плата за пакет услуг сотовой связи, месяц",0.01009,0.518190060850119,0.005228537713977701,native,48
2027-12-01,106,"Абонентская плата за телевизионную антенну, месяц",0.00219,0.5399797683863806,0.0011825556927661737,native,48
2027-12-01,107,"Абонентская плата при комбинированной системе оплаты услуг местной телефонной связи, месяц",0.00022,0.31965708110094004,7.032455784220681e-05,native,48
2027-12-01,109,"Авторучка шариковая, шт.",0.00063,0.9468586582518791,0.0005965209546986838,native,54
2027-12-01,112,"Альбом для рисования, шт.",0.00023,0.20825855314918507,4.789946722431257e-05,native,54
2027-12-01,113,"Амброксол, 30 мг, 10 таблеток",0.00035,0.7047701100618127,0.00024666953852163444,native,21
2027-12-01,115,"Апельсины, кг",0.00434,-1.2578206558573974,-0.005458941646421105,native,33
2027-12-01,116,"Аппарат для измерения артериального давления электронный, шт.",0.0002,0.3093782295777206,6.187564591554413e-05,native,21
2027-12-01,117,"Аренда двухкомнатной квартиры у частных лиц, месяц",0.00506,0.6454768927380499,0.0032661130772545324,native,14
2027-12-01,118,"Аренда индивидуального банковского сейфа, в расчете на месяц",0.00011,0.7325962956148229,8.058559251763052e-05,native,55
2027-12-01,119,"Аренда однокомнатной квартиры у частных лиц, месяц",0.00435,0.6789628650019023,0.0029534884627582746,native,14
2027-12-01,120,"Ацетилсалициловая кислота (Аспирин отечественный), 500 мг, 10 таблеток",0.00029,1.4993883552426024,0.00043482262302035467,native,21
2027-12-01,121,"Бананы, кг",0.00418,3.6791532556138353,0.015378860608465831,native,33
2027-12-01,122,"Баранина (кроме бескостного мяса), кг",0.00651,0.57180579265578,0.003722455710189128,native,26
2027-12-01,123,"Бараночные изделия, кг",0.00116,0.46052356102872727,0.0005342073307933236,native,49
2027-12-01,124,"Батарейки электрические типа АА, шт.",0.00019,0.4935659767272265,9.377753557817305e-05,native,51
2027-12-01,126,"Белье для новорожденных и детей ясельного возраста, шт.",0.00028,0.6669385663849982,0.00018674279858779945,native,29
2027-12-01,130,"Бензин автомобильный марки АИ-92, л",0.01023,-1.4633231131142388,-0.014969795447158662,native,42
2027-12-01,131,"Бензин автомобильный марки АИ-95, л",0.01543,-2.1282029347244835,-0.03283817128279878,native,42
2027-12-01,132,"Бензин автомобильный марки АИ-98, л",0.00117,0.46979615500746297,0.0005496615013587317,native,42
2027-12-01,134,"Бинт, шт.",4e-05,0.34823682380663173,1.392947295226527e-05,native,21
2027-12-01,135,"Бисопролол, 10 мг, 10 таблеток",0.00039,0.4863800104641204,0.00018968820408100695,native,21
2027-12-01,136,"Блузка для девочек школьного возраста, шт.",0.00106,0.2911570119021245,0.00030862643261625195,native,29
2027-12-01,137,"Блузка женская, шт.",0.00257,0.5096188918557726,0.0013097205520693355,native,29
2027-12-01,138,"Ботинки, полуботинки для детей дошкольного возраста, пара",0.00078,0.5263991727139721,0.0004105913547168982,native,27
2027-12-01,139,"Ботинки, полуботинки для детей школьного возраста, пара",0.0012,0.33488384607671356,0.00040186061529205627,native,27
2027-12-01,141,"Брюки для детей школьного возраста из джинсовой ткани, шт.",0.00098,0.24727390473676836,0.00024232842664203297,native,29
2027-12-01,142,"Брюки для детей школьного возраста из полушерстяных тканей, шт.",0.00088,0.22231685529804235,0.00019563883266227728,native,29
2027-12-01,143,"Брюки женские из полушерстяных или смесовых тканей, шт.",0.00204,0.4334990889800229,0.0008843381415192468,native,29
2027-12-01,144,"Брюки мужские из джинсовой ткани (джинсы), шт.",0.00408,0.24697711680585013,0.0010076666365678687,native,29
2027-12-01,145,"Брюки мужские из полушерстяных или смесовых тканей, шт.",0.00183,0.39842383360265254,0.0007291156154928542,native,29
2027-12-01,146,"Булочные изделия сдобные из муки высшего сорта штучные, кг",0.00169,0.7938758466795424,0.0013416501808884266,native,49
2027-12-01,147,"Бумага туалетная, рулон",0.00099,0.7165802258585041,0.000709414423599919,native,54
2027-12-01,149,"Бюстгальтер, шт.",0.00143,0.504890036251625,0.0007219927518398238,native,13
2027-12-01,150,"Валидол, 60 мг, 10 таблеток",0.00032,2.2029599777013997,0.000704947192864448,native,21
2027-12-01,152,"Варенье, джем, повидло, кг",0.00113,0.5532994421852115,0.000625228369669289,native,53
2027-12-01,154,"Вата отечественная, 100 г",0.00014,0.671016287936623,9.394228031112722e-05,native,21
2027-12-01,155,"Велосипед для дошкольников, шт.",0.00107,0.5194753075925241,0.0005558385791240008,native,54
2027-12-01,156,"Велосипед дорожный для взрослых, шт.",0.00059,0.018162468476428648,1.0715856401092902e-05,native,54
2027-12-01,158,"Вермишель, кг",0.00142,0.5621118567711858,0.0007981988366150838,native,18
2027-12-01,162,"Взносы на капитальный ремонт, м2",0.00784,1.1385551800060703,0.00892627261124759,native,14
2027-12-01,164,"Вино виноградное крепленое, л",0.00134,0.38168512453197706,0.0005114580668728493,native,11
2027-12-01,165,"Вино виноградное столовое, л",0.00172,0.5390842172536154,0.0009272248536762185,native,11
2027-12-01,166,"Вино игристое отечественное, л",0.00136,0.449668930913116,0.0006115497460418378,native,11
2027-12-01,167,"Виноград, кг",0.00338,5.721460429389833,0.019338536251337635,native,33
2027-12-01,171,"Водка, л",0.0033,0.7344882746636903,0.0024238113063901777,native,11
2027-12-01,172,"Водоотведение, м3",0.00325,-0.020200708485442198,-6.565230257768714e-05,native,14
2027-12-01,173,"Водоснабжение горячее, м3",0.00592,0.17082765746259088,0.001011299732178538,native,14
2027-12-01,174,"Водоснабжение холодное, м3",0.0053,0.15763610430829544,0.0008354713528339659,native,14
2027-12-01,181,"Выполнение обойных работ, 10 м2",0.00103,1.0303953097835594,0.0010613071690770662,native,12
2027-12-01,182,"Выполнение работ по облицовке кафельной плиткой, м2",0.00119,0.8355854251082638,0.000994346655878834,native,12
2027-12-01,184,"Газ сетевой, м3",0.01097,0.2200715782212793,0.002414185213087434,native,14
2027-12-01,185,"Газ сетевой, месяц с человека",0.0095,0.21896193413078885,0.002080138374242494,native,14
2027-12-01,189,"Газовое моторное топливо, л",0.00226,-1.660901394304148,-0.0037536371511273743,native,42
2027-12-01,195,"Говядина (кроме бескостного мяса), кг",0.01634,0.7627432490083632,0.012463224688796655,native,26
2027-12-01,196,"Говядина бескостная, кг",0.01193,0.7337742049338332,0.008753926264860629,native,26
2027-12-01,197,"Годовая стоимость полиса добровольного страхования жилья от стандартных рисков, полис",0.00027,0.47067409081333256,0.0001270820045195998,native,55
2027-12-01,198,"Годовая стоимость полиса добровольного страхования легкового автомобиля от стандартных рисков (КАСКО), полис",0.00223,0.596488048726835,0.0013301683486608422,native,55
2027-12-01,203,"Горох и фасоль, кг",0.00191,0.08346596382428995,0.0001594199909043938,native,18
2027-12-01,204,"Груши, кг",0.00292,2.6981240785099625,0.00787852230924909,native,33
2027-12-01,205,"Джемпер для детей школьного возраста, шт.",0.00045,0.3938429739992356,0.00017722933829965602,native,43
2027-12-01,206,"Джемпер женский, шт.",0.00129,0.6080740726965161,0.0007844155537785058,native,43
2027-12-01,207,"Джемпер мужской, шт.",0.00127,0.4604199201120954,0.0005847332985423612,native,43
2027-12-01,208,"Диван-кровать, шт.",0.00253,0.4035423981175684,0.0010209622672374481,native,20
2027-12-01,209,"Дизельное топливо, л",0.00286,0.654135743605335,0.0018708282267112582,native,42
2027-12-01,210,"Дом отдыха, пансионат, день",0.00177,6.859999999999999,0.012142199999999999,short_history,35
2027-12-01,211,"Дополнительные занятия в государственных и муниципальных общеобразовательных организациях очной формы обучения, академический час",0.00031,0.1053458638742609,3.265721780102088e-05,native,44
2027-12-01,212,"Дополнительные занятия для детей дошкольного возраста, академический час",0.00189,0.5532288696155152,0.0010456025635733237,native,44
2027-12-01,213,"Доска обрезная, м3",0.00153,0.01644033346250892,2.515371019763865e-05,native,38
2027-12-01,214,"Дрель электрическая, шт.",0.00056,0.2682681365916186,0.00015023015649130638,native,15
2027-12-01,216,"Дротаверин (Но-шпа), 40 мг, 100 таблеток",0.00039,0.993694026392545,0.00038754067029309253,native,21
2027-12-01,218,"Еврошифер, 10 м2",0.00011,0.27641949462451926,3.0406144408697118e-05,native,38
2027-12-01,221,"Жевательная резинка, упаковка",0.00016,0.12131643577103413,1.9410629723365462e-05,native,16
2027-12-01,223,"Жидкие чистящие и моющие средства, л",0.00353,0.41140080579557337,0.001452244844458374,native,25
2027-12-01,228,"Занятия в плавательных бассейнах, месяц",0.00091,0.5302394345900765,0.0004825178854769696,native,55
2027-12-01,229,"Занятия на курсах иностранных языков, академический час",0.00156,0.43844013823428685,0.0006839666156454874,native,44
2027-12-01,230,"Занятия на курсах профессионального обучения, академический час",0.00123,0.1857016761315045,0.00022841306164175055,native,44
2027-12-01,231,"Земля для растений, л",0.00027,0.5247728332211027,0.00014168866496969772,native,54
2027-12-01,232,"Зеркало навесное для ванной комнаты, шт.",0.00125,0.28798069478216226,0.00035997586847770285,native,20
2027-12-01,233,"Зефир, пастила, кг",0.00143,0.6536612656083586,0.0009347356098199528,native,16
2027-12-01,234,"Зонт, шт.",0.00109,0.7342793923847699,0.0008003645376993992,native,13
2027-12-01,236,"Игрушки мягкие, шт.",0.00012,0.6320044141635965,7.584052969963159e-05,native,54
2027-12-01,237,"Игрушки пластмассовые для детей ясельного возраста, шт.",0.00039,0.6490023164034555,0.0002531109033973477,native,54
2027-12-01,238,"Изготовление гроба, шт.",0.00038,0.3780888012641633,0.00014367374448038205,native,12
2027-12-01,239,"Изготовление коронки, шт.",0.00131,0.5736800488086481,0.000751520863939329,native,22
2027-12-01,240,"Изготовление съёмного протеза, протез",0.00127,0.5783956187377556,0.0007345624357969497,native,22
2027-12-01,241,"Изготовление фотографий для документов, 4 шт.",0.00011,0.6200153007730242,6.820168308503266e-05,native,12
2027-12-01,243,"Икра лососевых рыб, отечественная, кг",0.00046,0.6997252729208859,0.00032187362554360755,native,34
2027-12-01,244,"Индапамид, 2,5 мг, 10 таблеток",0.00035,-0.01777833333333312,-6.222416666666591e-06,calendar_gap_in_required_features,21
2027-12-01,245,"Йогурт, 125 г",0.00113,0.7522748076626438,0.0008500705326587874,native,24
2027-12-01,246,"Йод, 10 мл",0.00036,0.8577264015720041,0.0003087815045659215,native,21
2027-12-01,247,"Какао, кг",0.00055,-0.10958615881656092,-6.027238734910851e-05,native,50
2027-12-01,248,"Кальмары мороженые, кг",0.00023,0.8131956612817296,0.0001870350020947978,native,34
2027-12-01,249,"Капуста белокочанная свежая, кг",0.00236,2.0692429619860837,0.004883413390287158,native,33
2027-12-01,250,"Карамель, кг",0.00369,0.24782146086509566,0.000914461190592203,native,16
2027-12-01,251,"Карандаш чернографитный, шт.",0.00034,0.438480731038004,0.00014908344855292136,native,54
2027-12-01,252,"Картофель, кг",0.00612,3.448928286108287,0.021107441110982714,native,33
2027-12-01,253,"Кастрюля из эмалированной или нержавеющей стали, шт.",0.00178,0.21837095827042985,0.0003887003057213651,native,54
2027-12-01,254,"Кексы, рулеты, кг",0.00333,0.5745922471202363,0.0019133921829103868,native,16
2027-12-01,256,"Кетчуп, кг",0.00182,0.5017998785944663,0.0009132757790419287,native,53
2027-12-01,257,"Кинотеатры, билет",0.00023,0.6560616059862454,0.00015089416937683645,native,46
2027-12-01,258,"Кирпич красный, 1000 шт.",0.00015,0.4200270653457162,6.300405980185743e-05,native,38
2027-12-01,259,"Кисломолочные продукты, кг",0.00311,0.9073362329723211,0.0028218156845439186,native,24
2027-12-01,260,"Клинический осмотр животного, посещение",0.00037,0.510945002042023,0.0001890496507555485,native,55
2027-12-01,261,"Книга художественная, шт.",0.00028,0.23132415706884085,6.477076397927544e-05,native,32
2027-12-01,263,"Ковер, ковровое покрытие (палас) синтетический, м2",0.00279,0.4618963940402589,0.0012886909393723222,native,54
2027-12-01,265,"Колбаса вареная, кг",0.00464,0.9778088978514626,0.004537033286030787,native,26
2027-12-01,266,"Колбаса полукопченая и варено-копченая, кг",0.00298,0.3240794564456709,0.0009657567802080992,native,26
2027-12-01,267,"Колбаса сырокопченая, кг",0.00053,0.38401535991103997,0.00020352814075285118,native,26
2027-12-01,271,"Колготки детские, шт.",0.00035,0.5517698794907688,0.00019311945782176908,native,54
2027-12-01,272,"Колготки женские эластичные, шт.",0.00127,1.0003126677741974,0.0012703970880732307,native,54
2027-12-01,273,"Кольцо обручальное золотое, грамм",0.00353,0.8861520432356216,0.0031281167126217444,native,54
2027-12-01,274,"Коляска для новорожденного, шт.",0.00064,0.25589482208739533,0.00016377268613593303,native,13
2027-12-01,275,"Комбинезон (костюм) утепленный для детей дошкольного возраста, шт.",0.00047,0.1813359432504778,8.522789332772457e-05,native,29
2027-12-01,276,"Комбинезон утепленный для детей до одного года, шт.",0.00038,0.9159074771010842,0.000348044841298412,native,29
2027-12-01,280,"Комплект постельного белья полутораспальный из хлопчатобумажной ткани, комплект",0.0027,0.43808909254099226,0.0011828405498606792,native,29
2027-12-01,281,"Комплект столовых приборов, комплект на 1 человека",0.00028,0.5795166734232974,0.00016226466855852326,native,54
2027-12-01,282,"Компьютер персональный переносной (ноутбук), шт.",0.00185,0.34831506591329975,0.0006443828719396046,native,31
2027-12-01,283,"Компьютер планшетный, шт.",0.00162,-0.2681915324677647,-0.00043447028259777884,native,31
2027-12-01,285,"Консервы мясные для детского питания, кг",3e-05,0.8375405564320364,2.5126216692961094e-05,native,26
2027-12-01,286,"Консервы мясные, 350 г",0.00041,0.8407387742665803,0.0003447028974492979,native,26
2027-12-01,288,"Консервы овощные для детского питания, кг",8e-05,0.6693613085989256,5.3548904687914057e-05,native,53
2027-12-01,290,"Консервы рыбные в томатном соусе, 350 г",0.0005,0.8435465104515683,0.00042177325522578415,native,34
2027-12-01,291,"Консервы рыбные натуральные и с добавлением масла, 350 г",0.0013,0.7866767371711212,0.0010226797583224574,native,34
2027-12-01,292,"Консервы томатные, кг",0.00128,0.745006241908508,0.0009536079896428903,native,53
2027-12-01,294,"Консервы фруктово-ягодные для детского питания, кг",9e-05,0.6388475452214399,5.74962790699296e-05,native,53
2027-12-01,295,"Конструктор детский пластмассовый, набор",0.00029,0.3343653115263889,9.696594034265277e-05,native,54
2027-12-01,296,"Конфеты мягкие, глазированные шоколадом, кг",0.00332,0.4206745476704559,0.0013966394982659136,native,16
2027-12-01,298,"Конфеты шоколадные натуральные и с добавками, кг",0.003,0.6833278481821101,0.0020499835445463304,native,16
2027-12-01,301,"Коньяк ординарный отечественный, л",0.00278,0.24685760443085517,0.0006862641403177774,native,11
2027-12-01,302,"Корвалол, 25 мл",0.00039,0.8421732142165266,0.00032844755354444536,native,21
2027-12-01,303,"Корригирующие очки, шт.",0.00097,0.35303460375916174,0.0003424435656463869,native,21
2027-12-01,304,"Костюм-двойка мужской из шерстяных, полушерстяных или смесовых  тканей, шт.",0.00255,0.30479460778498846,0.0007772262498517206,native,29
2027-12-01,305,"Костюм спортивный для взрослых, шт.",0.00175,0.5139654302648295,0.0008994395029634517,native,43
2027-12-01,306,"Костюм спортивный для детей школьного возраста, шт.",0.00141,0.5922741850830568,0.0008351066009671101,native,43
2027-12-01,307,"Костюм трикотажный для детей ясельного возраста, шт.",0.00037,0.45954592354026047,0.00017003199170989637,native,43
2027-12-01,309,"Кофе в организациях быстрого обслуживания, 200 г",0.00148,0.5021602980765231,0.0007431972411532542,native,28
2027-12-01,310,"Кофе натуральный в зернах и молотый, кг",0.00406,0.5407648984890226,0.002195505487865432,native,50
2027-12-01,311,"Кофе натуральный растворимый, кг",0.00547,0.5951453934395536,0.0032554453021143583,native,50
2027-12-01,312,"Краска для волос, шт.",0.00069,0.672527344311284,0.00046404386757478597,native,30
2027-12-01,313,"Краски масляные, эмали отечественные, кг",0.00097,0.9270844998983231,0.0008992719649013734,native,38
2027-12-01,314,"Креветки мороженые неразделанные, кг",0.00036,0.8478392969236308,0.0003052221468925071,native,34
2027-12-01,315,"Крем для лица, 100 г (100 мл)",0.00159,0.7944790042921399,0.0012632216168245024,native,30
2027-12-01,316,"Кровать для новорожденных,шт.",0.00051,0.3962273875619532,0.00020207596765659615,native,20
2027-12-01,319,"Кроссовые туфли для детей с верхом из искусственной кожи, пара",0.00156,0.2551760853710464,0.0003980746931788324,native,27
2027-12-01,320,"Крупа гречневая-ядрица, кг",0.00337,-0.19047600254741298,-0.0006419041285847818,native,18
2027-12-01,322,"Крупа манная, кг",0.00059,0.7666785124810653,0.0004523403223638286,native,18
2027-12-01,323,"Крупы овсяная и перловая, кг",0.00032,0.2441588588226179,7.813083482323773e-05,native,18
2027-12-01,324,"Ксерокопирование документа, лист",0.0009,0.7281317257112254,0.0006553185531401028,native,55
2027-12-01,325,"Ксилометазолин (Галазолин) 0,1%, 10 мл",0.00051,0.5046264794272928,0.00025735950450791936,native,21
2027-12-01,326,"Кулинарные изделия из птицы, кг",0.00167,0.9028919062863119,0.0015078294834981409,native,26
2027-12-01,327,"Куртка для детей дошкольного возраста с верхом из плащевых тканей утепленная, шт.",0.00088,1.022404372525526,0.000899715847822463,native,29
2027-12-01,328,"Куртка для детей школьного возраста с верхом из плащевых тканей утепленная, шт.",0.00084,0.6681382163234857,0.000561236101711728,native,29
2027-12-01,329,"Куртка женская без утеплителя (ветровка), шт.",0.00271,0.384330668125355,0.001041536110619712,native,29
2027-12-01,330,"Куртка мужская без утеплителя (ветровка), шт.",0.00269,0.2425953435625243,0.0006525814741831904,native,29
2027-12-01,331,"Куртка мужская из натуральной кожи, шт.",0.00068,0.3916494331840188,0.0002663216145651328,native,29
2027-12-01,332,"Куртка мужская с верхом из плащевых тканей утепленная, шт.",0.00192,0.3204755100961214,0.0006153129793845531,native,29
2027-12-01,333,"Куры охлажденные и мороженые, кг",0.00958,-0.02738236942197203,-0.00026232309906249206,native,26
2027-12-01,334,"Ламинат, м2",0.00167,0.40678563926715605,0.0006793320175761507,native,38
2027-12-01,335,"Лампа электрическая осветительная, шт.",0.00019,0.672294273715406,0.00012773591200592713,native,51
2027-12-01,336,"Лампа энергосберегающая, шт.",0.00022,0.21253002582790714,4.675660568213957e-05,native,51
2027-12-01,337,"Левомеколь, мазь, 40 г",0.00041,0.8984578660894781,0.000368367725096686,native,21
2027-12-01,338,"Легковой автомобиль импортный подержанный, шт.",0.01012,0.5501419454698614,0.005567436488154998,native,17
2027-12-01,339,"Легковой автомобиль иностранной марки новый, шт.",0.00959,0.4488886666666687,0.004304842313333353,insufficient_training_rows,17
2027-12-01,340,"Легковой автомобиль отечественный новый, шт.",0.00753,0.4336556736858581,0.0032654272228545118,native,17
2027-12-01,341,"Лечебный массаж, сеанс",0.00013,0.4545203445144261,5.908764478687539e-05,native,22
2027-12-01,342,"Лечение кариеса, пломба",0.00221,0.6374092083847747,0.001408674350530352,native,22
2027-12-01,343,"Лимоны, кг",0.00185,-1.8977619547486722,-0.0035108596162850437,native,33
2027-12-01,345,"Линолеум, м2",0.00085,0.5497388784543639,0.00046727804668620927,native,38
2027-12-01,346,"Лопата садовая, шт.",0.00015,0.5102091081151897,7.653136621727846e-05,native,54
2027-12-01,347,"Лоперамид, 2 мг, 10 капсул (таблеток)",0.00036,0.05843912696481797,2.103808570733447e-05,native,21
2027-12-01,349,"Лук репчатый, кг",0.00236,5.253831837247529,0.012399043135904168,native,33
2027-12-01,350,"Майка, футболка женская бельевая, шт.",0.00079,0.453587454021371,0.0003583340886768831,native,43
2027-12-01,351,"Майка, футболка мужская бельевая, шт.",0.00151,0.666642883361651,0.001006630753876093,native,43
2027-12-01,352,"Майонез, кг",0.00223,0.7177791531012176,0.0016006475114157155,native,53
2027-12-01,354,"Макаронные изделия из пшеничной муки высшего сорта, кг",0.00382,0.603730879447832,0.0023062519594907183,native,18
2027-12-01,355,"Маникюр,услуга",0.0057,0.7022406430808745,0.004002771665560985,native,12
2027-12-01,357,"Маргарин, кг",0.0008,0.4080582561772846,0.0003264466049418277,native,19
2027-12-01,358,"Масло оливковое, л",0.00257,0.4507213116283704,0.0011583537708849119,native,19
2027-12-01,359,"Масло подсолнечное, кг",0.00543,0.5729949284997362,0.0031113624617535676,native,19
2027-12-01,360,"Масло сливочное, кг",0.00872,1.182712824123029,0.010313255826352813,native,19
2027-12-01,362,"Матрас детский, шт.",0.00051,0.44563837937343276,0.00022727557348045072,native,20
2027-12-01,363,"Машина стиральная автоматическая, шт.",0.0019,0.5113292624772683,0.0009715255987068097,native,51
2027-12-01,365,"Мёд пчелиный натуральный, кг",0.00469,0.5682555279456437,0.002665118426065069,native,53
2027-12-01,369,"Металлочерепица, м2",0.00052,0.43432725633719715,0.0002258501732953425,native,38
2027-12-01,370,"Метамизол натрия (Анальгин отечественный), 500 мг, 10 таблеток",0.00036,0.7037515865326973,0.00025335057115177107,native,21
2027-12-01,373,"Миксер, блендер, шт.",0.00176,0.6367001602301373,0.0011205922820050416,native,51
2027-12-01,374,"Мойка из нержавеющей стали для кухни, шт.",0.00182,0.246773877252826,0.00044912845660014336,native,38
2027-12-01,375,"Мойка легкового автомобиля, услуга",0.00529,0.7269478033563881,0.003845553879755293,native,12
2027-12-01,378,"Молоко питьевое цельное пастеризованное 2,5-3,2% жирности, л",0.00302,0.9855064499231194,0.002976229478767821,native,24
2027-12-01,379,"Молоко питьевое цельное стерилизованное 2,5-3,2% жирности, л",0.00232,1.2220025516539803,0.002835045919837234,native,24
2027-12-01,380,"Молоко сгущенное с сахаром, 400 г",0.00113,0.45610983536837846,0.0005154041139662676,native,24
2027-12-01,381,"Монитор для настольного компьютера, шт.",0.00052,0.22633830337112898,0.00011769591775298705,native,31
2027-12-01,382,"Морковь, кг",0.0021,0.8984949063021818,0.0018868393032345815,native,33
2027-12-01,384,"Мороженое сливочное, кг",0.00491,0.5046829168719879,0.0024779931218414605,native,53
2027-12-01,386,"Музеи и выставки, билет",9e-05,0.2678203173764905,2.4103828563884146e-05,native,46
2027-12-01,388,"Мука пшеничная, кг",0.00424,0.5656529168982084,0.0023983683676484036,native,53
2027-12-01,389,"Мыло туалетное, 100 г",0.00099,0.7674291765684043,0.0007597548848027202,native,25
2027-12-01,390,"Мыло хозяйственное, 200 г",0.00174,0.629914312057954,0.00109605090298084,native,25
2027-12-01,393,"Мясо индейки, кг",0.00424,0.6924510091235362,0.002935992278683793,native,26
2027-12-01,395,"Мясокопчености, кг",0.00303,0.643979081687652,0.0019512566175135858,native,26
2027-12-01,396,"Мяч футбольный, шт.",0.00026,0.3304063993908385,8.5905663841618e-05,native,54
2027-12-01,397,"Набор корпусной мебели, комплект",0.00062,0.5922044277226559,0.0003671667451880467,native,20
2027-12-01,399,"Набор фломастеров, набор",0.00032,0.40227799615462984,0.00012872895876948155,native,54
2027-12-01,400,"Наём жилых помещений в государственном и муниципальном жилищных фондах, м2 общей площади",0.00012,11.489618972721335,0.0013787542767265601,native,14
2027-12-01,402,"Напитки газированные, л",0.00389,0.4870293884113833,0.001894544320920281,native,53
2027-12-01,404,"Национальные сыры и брынза, кг",0.00741,0.7297409932562076,0.005407380760028498,native,39
2027-12-01,405,"Начальный курс обучения вождению легкового автомобиля, курс",0.00108,0.6525786827646078,0.0007047849773857764,native,44
2027-12-01,406,"Нимесулид, 100 мг, 10 таблеток",0.0004,0.904949544501441,0.00036197981780057646,native,21
2027-12-01,408,"Нитки швейные, катушка",0.00011,0.532599070540577,5.858589775946347e-05,native,54
2027-12-01,410,"Носки мужские, пара",0.00108,0.7016810913334489,0.0007578155786401249,native,54
2027-12-01,411,"Носки, гольфы детские, пара",0.00017,0.2754015524340597,4.681826391379016e-05,native,54
2027-12-01,412,"Обед в ресторане, на 1 человека",0.00201,0.6869309704778246,0.0013807312506604274,native,28
2027-12-01,413,"Обед в столовой, кафе, закусочной (кроме столовой в организации), на 1 человека",0.00697,0.6696034969541328,0.004667136373770305,native,28
2027-12-01,415,"Обои виниловые, 10 м",0.00248,0.628360480212811,0.0015583339909277713,native,38
2027-12-01,416,"Обращение с твердыми коммунальными отходами, с человека",0.00398,0.16394509255156736,0.0006525014683552382,native,14
2027-12-01,420,"Обувь домашняя с текстильным верхом для взрослых, пара",0.00161,0.33584286327219426,0.0005407070098682328,native,27
2027-12-01,421,"Обувь домашняя с текстильным верхом для детей, пара",0.00017,0.6564023523779341,0.00011158839990424881,native,27
2027-12-01,426,"Обучение в государственных и муниципальных образовательных организациях высшего профессионального образования, семестр",0.00346,0.40758920400000753,0.001410258645840026,native,44
2027-12-01,427,"Обучение в негосударственных образовательных организациях высшего профессионального образования, семестр",0.00191,0.0,0.0,native,44
2027-12-01,429,"Обучение в образовательных организациях среднего профессионального образования, семестр",0.0022,0.8127921757766033,0.0017881427867085275,native,44
2027-12-01,430,"Общий анализ крови, анализ",0.00092,0.24985754639631644,0.00022986894268461113,native,22
2027-12-01,432,"Овощи замороженные, кг",0.00068,0.5141888071938014,0.000349648388891785,native,33
2027-12-01,433,"Овощи натуральные консервированные, маринованные, кг",0.0028,0.3025639583421673,0.0008471790833580685,native,53
2027-12-01,434,"Овсяные хлопья ""Геркулес"", кг",0.00132,0.34020996382393864,0.000449077152247599,native,18
2027-12-01,435,"Огурцы свежие, кг",0.00468,14.584425718913627,0.06825511236451577,native,33
2027-12-01,442,"Одеяло стеганое, шт.",0.00247,0.5081330009540771,0.0012550885123565705,native,29
2027-12-01,443,"Окорочка куриные, кг",0.00549,0.35095114734247806,0.0019267217989102046,native,26
2027-12-01,447,"Орехи, кг",0.0019,0.4282799334575752,0.0008137318735693929,native,33
2027-12-01,448,"Отопление, Гкал",0.00924,0.2198986127365983,0.0020318631816861684,native,14
2027-12-01,449,"Оформление доверенности в нотариальной конторе, услуга",0.00012,1.2080608510432818,0.0001449673021251938,native,55
2027-12-01,451,"Пальто (полупальто) женское с верхом из плащевых тканей, шт.",0.00177,0.21010837722938128,0.0003718918276960049,native,29
2027-12-01,452,"Пальто женское демисезонное из шерстяных или полушерстяных тканей, шт.",0.00203,0.7534518770428565,0.001529507310396999,native,29
2027-12-01,453,"Пальто женское зимнее из шерстяных или полушерстяных тканей, шт.",0.00095,0.7714657552310834,0.0007328924674695292,native,29
2027-12-01,454,"Пальто женское меховое и дубленка, шт.",0.00102,0.9285803856151056,0.0009471519933274078,native,23
2027-12-01,455,"Панкреатин, 10 таблеток",0.00038,0.5665988105892418,0.0002153075480239119,native,21
2027-12-01,456,"Панталоны, трусы женские, шт.",0.00127,0.48632698613049286,0.000617635272385726,native,43
2027-12-01,457,"Паста зубная, 100 г (100 мл)",0.00191,0.6995534710117463,0.0013361471296324354,native,30
2027-12-01,458,"Пеленки для новорожденных, шт.",0.00019,0.3725989767287829,7.079380557846876e-05,native,29
2027-12-01,459,"Пельмени, манты, равиоли, кг",0.00524,0.8462602080631056,0.004434403490250673,native,26
2027-12-01,460,"Первичный консультативный осмотр больного у стоматолога, посещение",0.00106,0.9189870517511955,0.0009741262748562673,native,22
2027-12-01,461,"Первичный консультативный прием у врача специалиста, посещение",0.00207,0.6152442613567958,0.001273555621008567,native,22
2027-12-01,464,"Пересылка простого письма внутри России, массой до 20 г, шт.",1e-05,0.8546772417465716,8.546772417465717e-06,native,55
2027-12-01,466,"Перчатки из натуральной кожи, пара",0.00011,0.5997712749026355,6.59748402392899e-05,native,13
2027-12-01,467,"Перчатки трикотажные женские, пара",6e-05,0.7115948819915943,4.269569291949566e-05,native,43
2027-12-01,468,"Печать цветных фотографий, шт.",0.00011,0.883799228115286,9.721791509268147e-05,native,12
2027-12-01,469,"Печень говяжья, свиная, кг",0.00275,1.1024244432340211,0.003031667218893558,native,26
2027-12-01,470,"Печенье, кг",0.00549,0.9169573536711035,0.005034095871654359,native,16
2027-12-01,471,"Печь микроволновая, шт.",0.00067,0.41090637019753723,0.00027530726803235,native,51
2027-12-01,475,"Пиджак, жакет женский из шерстяных, полушерстяных или смесовых тканей, шт.",0.00359,0.26173107041255456,0.0009396145427810708,native,29
2027-12-01,478,"Плата за пересылку простой посылки внутри России массой 1-2 кг, шт.",0.00013,0.8637789665063094,0.00011229126564582021,native,55
2027-12-01,479,"Плата за пользование потребительским кредитом (процентная ставка в стоимостном выражении), руб.",0.00656,0.9285111347938548,0.006091033044247687,native,55
2027-12-01,480,"Платье (платье-костюм) женское из полушерстяных или смесовых тканей, шт.",0.00401,0.5244950946259159,0.002103225329449923,native,29
2027-12-01,481,"Платье (платье-костюм) женское из хлопчатобумажных или смесовых тканей, шт.",0.00396,0.4872688096754165,0.0019295844863146494,native,29
2027-12-01,482,"Платье (платье-костюм, сарафан) для девочек школьного возраста из полушерстяных, смесовых  тканей, шт.",0.00051,0.3887521453580253,0.00019826359413259293,native,29
2027-12-01,483,"Платье (сарафан) летнее для девочек дошкольного возраста, шт.",0.00029,0.18907898042310925,5.483290432270168e-05,native,29
2027-12-01,484,"Плита бытовая, шт.",0.00148,0.5260661533465556,0.0007785779069529022,native,51
2027-12-01,485,"Плитка керамическая, облицовочная для внутренних работ, м2",0.0019,0.41131412023817304,0.0007814968284525288,native,38
2027-12-01,486,"Плиты древесностружечные, ориентированно-стружечные, м2",0.0008899999999999,0.20399158559820293,0.0001815525111823802,native,38
2027-12-01,487,"Повторное получение гербового документа в органах ЗАГС, документ",0.00057,0.7496479058349581,0.0004272993063259261,native,55
2027-12-01,488,"Подгузники детские бумажные (памперсы), 10 шт.",0.00114,0.2709618091231199,0.0003088964624003567,native,54
2027-12-01,489,"Подушка, шт.",0.00248,0.5711910078568295,0.0014165536994849373,native,29
2027-12-01,496,"Ползунки из хлопчатобумажного трикотажного полотна, шт.",0.00019,0.7378694515606091,0.00014019519579651574,native,29
2027-12-01,500,"Полотенце кухонное, шт.",0.0012,0.6738373791245793,0.0008086048549494951,native,54
2027-12-01,501,"Полотенце личное, шт.",0.00239,0.6150053790425903,0.001469862855911791,native,54
2027-12-01,502,"Полуботинки мужские с верхом из искусственной кожи, пара",0.00083,0.5108097301121013,0.00042397207599304405,native,27
2027-12-01,503,"Полуботинки, туфли мужские с верхом из натуральной кожи, пара",0.00277,0.3485084029212543,0.0009653682760918744,native,27
2027-12-01,505,"Пользование общественным туалетом, посещение",0.00047,0.5448817723320978,0.00025609443299608593,native,55
2027-12-01,506,"Помидоры свежие, кг",0.00574,11.724341030608098,0.06729771751569048,native,33
2027-12-01,507,"Помывка в бане в общем отделении, билет",0.00103,0.4567636736510299,0.0004704665838605608,native,12
2027-12-01,508,"Порошок стиральный, кг",0.00342,0.14402220896457735,0.0004925559546588546,native,25
2027-12-01,509,"Посещение детского ясли-сада, день",0.00038,0.5583076500866554,0.00021215690703292906,native,44
2027-12-01,511,"Постановка набоек, пара",0.00055,0.5170164150173819,0.0002843590282595601,native,12
2027-12-01,513,"Пребывание пациента в круглосуточном стационаре, койко-день",0.00042,-0.1904388549100517,-7.998431906222171e-05,native,22
2027-12-01,514,"Предоставление абоненту в постоянное пользование абонентской линии независимо от ее типа, месяц",0.00024,0.27792008572662785,6.670082057439069e-05,native,48
2027-12-01,518,"Предоставление местного телефонного соединения при повременной системе оплаты услуг связи, минута",0.00024,0.3880065458268374,9.312157099844099e-05,native,48
2027-12-01,519,"Прививка животного, шт.",0.00019,0.2567590971144813,4.878422845175145e-05,native,55
2027-12-01,524,"Продукция предприятий общественного питания быстрого обслуживания (сэндвич типа ""Гамбургер""), шт.",0.00269,0.7964758664317142,0.0021425200807013113,native,28
2027-12-01,525,"Проезд в городском автобусе,поездка",0.00185,1.4040179569063662,0.0025974332202767774,native,47
2027-12-01,527,"Проезд в маршрутном такси, поездка",0.00869,0.7275245744952885,0.006322188552364057,native,47
2027-12-01,528,"Проезд в междугородном автобусе, в расчете на 50 км пути",0.00057,0.8083026804836836,0.00046073252787569963,native,47
2027-12-01,531,"Проезд в такси, в расчете на 1 км пути",0.00415,0.8376458522847297,0.003476230286981628,native,47
2027-12-01,533,"Проезд в троллейбусе, поездка",0.0001,0.8214293377397113,8.214293377397114e-05,native,47
2027-12-01,535,"Проживание в студенческом общежитии, месяц",2e-05,0.7183056889041881,1.4366113778083764e-05,native,55
2027-12-01,538,"Пряники, кг",0.0019,0.4557881016690021,0.0008659973931711039,native,16
2027-12-01,539,"Пшено, кг",0.00118,0.5065119357941853,0.0005976840842371387,native,18
2027-12-01,540,"Ранец, рюкзак для школьников, шт.",0.00108,0.5907476283401085,0.0006380074386073172,native,13
2027-12-01,541,"Регулировка развала-схождения колес легкового автомобиля, один вид работы",0.00423,0.612122080072874,0.0025892763987082575,native,12
2027-12-01,542,"Ремень мужской, шт.",0.00059,0.21891258983117712,0.0001291584280003945,native,13
2027-12-01,543,"Ремонт  телевизоров, один вид работы",0.00037,0.14810418892915986,5.479854990378914e-05,native,12
2027-12-01,544,"Ремонт брюк из всех видов тканей, один вид работы",0.00018,0.3692328433894452,6.646191181010013e-05,native,12
2027-12-01,548,"Ремонт холодильников всех марок, один вид работы",0.00042,0.5938519383373618,0.00024941781410169197,native,12
2027-12-01,552,"Рис шлифованный, кг",0.00479,0.6708683285185411,0.0032134592936038115,native,18
2027-12-01,554,"Рубероид, 10 м",0.00011,0.3496949435546248,3.846644379100873e-05,native,38
2027-12-01,555,"Рыба живая и охлажденная, кг",0.00395,0.2882749880196231,0.0011386862026775114,native,34
2027-12-01,558,"Рыба мороженая неразделанная, кг",0.00303,0.42996455121508326,0.0013027925901817024,native,34
2027-12-01,559,"Рыба мороженая разделанная (кроме лососевых пород), кг",0.005,0.39547620845136466,0.0019773810422568233,native,34
2027-12-01,560,"Рыба охлажденная и мороженая разделанная лососевых пород, кг",0.00181,0.48457571747621053,0.0008770820486319411,native,34
2027-12-01,561,"Рыба соленая, маринованная, копченая, кг",0.00142,1.6512014291743242,0.0023447060294275405,native,34
2027-12-01,563,"Рюмка, фужер из простого стекла, шт.",0.00054,0.35211108692817283,0.00019013998694121333,native,54
2027-12-01,565,"Санаторий, день",0.001,0.786324291480688,0.000786324291480688,native,35
2027-12-01,566,"Сапоги женские зимние с верхом из натуральной кожи, пара",0.00253,0.18275814387838873,0.00046237810401232354,native,27
2027-12-01,567,"Сапоги женские осенние с верхом из натуральной кожи, пара",0.00145,0.2784328556944407,0.000403727640756939,native,27
2027-12-01,568,"Сапоги цельнорезиновые для взрослых, пара",0.00042,0.26070730786009205,0.00010949706930123867,native,54
2027-12-01,569,"Сапоги цельнорезиновые для детей, пара",0.00011,0.3615596117273285,3.977155729000614e-05,native,54
2027-12-01,570,"Сапоги, ботинки для детей школьного возраста зимние с верхом из натуральной кожи, пара",0.00111,0.5099418667392341,0.00056603547208055,native,27
2027-12-01,571,"Сапоги, ботинки мужские зимние с верхом из натуральной кожи, пара",0.00223,0.7026411952919354,0.001566889865501016,native,27
2027-12-01,572,"Сахар-песок, кг",0.00532,-0.11626779986029245,-0.0006185446952567559,native,36
2027-12-01,573,"Свежесрезанные цветы, шт.",0.00399,1.0864478872812002,0.004334927070251989,native,54
2027-12-01,574,"Свёкла столовая, кг",0.00077,3.828387885196654,0.0029478586716014236,native,33
2027-12-01,575,"Светильник потолочный, шт.",0.00208,0.6995738865681327,0.0014551136840617158,native,51
2027-12-01,577,"Свинина (кроме бескостного мяса), кг",0.00481,0.028981877152933433,0.0001394028291056098,native,26
2027-12-01,578,"Свинина бескостная, кг",0.00257,0.21729086173322426,0.0005584375146543863,native,26
2027-12-01,580,"Сельдь соленая, кг",0.00079,0.5462635492555441,0.00043154820391187986,native,34
2027-12-01,584,"Сковорода, шт.",0.00137,0.4015293313697376,0.0005500951839765405,native,54
2027-12-01,585,"Смартфон, шт.",0.00625,-0.43758061869832654,-0.002734878866864541,native,37
2027-12-01,587,"Смеси сухие молочные для детского питания, кг",0.00077,0.5962501153525109,0.0004591125888214334,native,24
2027-12-01,588,"Сметана, кг",0.00748,0.9502822686356787,0.007108111369394876,native,24
2027-12-01,589,"Содержание и ремонт жилья в государственном и муниципальном жилищных фондах, м2 общей площади",0.00078,0.06663355269147118,5.197417109934752e-05,native,14
2027-12-01,590,"Содержание, ремонт жилья для граждан-собственников жилья в результате приватизации, граждан-собственников жилых помещений по иным основаниям, м2 общей площади",0.00599,0.06147550488180634,0.00036823827424201994,native,14
2027-12-01,591,"Соки фруктовые, л",0.00232,0.7586723025381955,0.0017601197418886136,native,53
2027-12-01,592,"Соленые и копченые деликатесные продукты из рыбы, кг",0.0013,0.804281554544717,0.001045566020908132,native,34
2027-12-01,593,"Соль поваренная пищевая, кг",0.00122,0.10979104599596301,0.00013394507611507486,native,53
2027-12-01,595,"Сорочка верхняя для мальчиков дошкольного возраста, шт.",0.00024,0.7636467112994831,0.00018327521071187595,native,29
2027-12-01,596,"Сорочка верхняя для мальчиков школьного возраста, шт.",0.0008899999999999,0.15312202218463605,0.00013627859974431079,native,29
2027-12-01,597,"Сорочка верхняя мужская из хлопчатобумажных или смесовых тканей, шт.",0.00449,0.515797478926538,0.0023159306803801558,native,29
2027-12-01,598,"Сорочка ночная женская, шт.",0.00105,0.5079014005868157,0.0005332964706161564,native,29
2027-12-01,599,"Сосиски, сардельки, кг",0.00553,0.6481019759424577,0.003584003926961791,native,26
2027-12-01,601,"Спички, коробок",0.00059,0.8929141231231832,0.0005268193326426781,native,54
2027-12-01,602,"Стекло оконное листовое, м2",5e-05,0.46443148621897684,2.3221574310948845e-05,native,38
2027-12-01,605,"Стирка и глажение белья прямого, кг",0.00081,0.5099226172187026,0.00041303731994714907,native,12
2027-12-01,606,"Стол обеденный, шт.",0.00356,0.5768229713327399,0.0020534897779445537,native,20
2027-12-01,607,"Стол рабочий кухонный, шт.",0.00091,0.655171637384041,0.0005962061900194773,native,20
2027-12-01,608,"Стрижка модельная в женском зале, стрижка",0.00549,0.5094620614209184,0.0027969467172008424,native,12
2027-12-01,609,"Стрижка модельная в мужском зале, стрижка",0.0051,0.5703963938138915,0.002909021608450847,native,12
2027-12-01,610,"Стул с мягким сиденьем, шт.",0.00259,0.4527968257678947,0.0011727437787388472,native,20
2027-12-01,616,"Сухие корма для домашних животных, кг",0.00104,0.5197452542300174,0.000540535064399218,native,54
2027-12-01,617,"Сухие супы в пакетах, 100 г",0.00132,0.533628155084348,0.0007043891647113394,native,53
2027-12-01,618,"Сухофрукты, кг",0.00073,0.6821252447819628,0.0004979514286908328,native,33
2027-12-01,620,"Сыры плавленые, кг",0.00187,0.595146492178217,0.0011129239403732658,native,39
2027-12-01,621,"Сыры твердые, полутвердые и мягкие, кг",0.00514,0.8518561240141598,0.004378540477432781,native,39
2027-12-01,622,"Табурет для кухни, шт.",0.00063,0.6432134227937771,0.0004052244563600796,native,20
2027-12-01,623,"Тарелка обеденная, шт.",0.00085,0.4104077064398176,0.00034884655047384493,native,54
2027-12-01,624,"Таурин, 4%, 5 мл",0.00036,0.3682654940788916,0.00013257557786840098,native,21
2027-12-01,628,"Театры, билет",0.00033,0.7193816591772333,0.000237395947528487,native,46
2027-12-01,629,"Телевизор цветного изображения, шт.",0.00258,0.27117585289927143,0.0006996337004801203,native,41
2027-12-01,633,"Термометр медицинский электронный стандартный, шт.",6e-05,1.1555074179141775,6.933044507485066e-05,native,21
2027-12-01,634,"Тетрадь школьная, шт.",0.00029,0.663886870053364,0.00019252719231547556,native,54
2027-12-01,636,"Ткани декоративные для изготовления штор и занавесей, м",0.0008,0.41704714631395556,0.00033363771705116445,native,54
2027-12-01,638,"Ткани хлопчатобумажные бельевые, м",0.0001,0.39882724845020323,3.9882724845020325e-05,native,54
2027-12-01,641,"Ткань костюмная шерстяная и полушерстяная, м",6e-05,0.29887104921397417,1.7932262952838452e-05,native,54
2027-12-01,642,"Ткань платьевая из искусственного или синтетического шелка, м",8e-05,0.7220213094536696,5.776170475629357e-05,native,54
2027-12-01,646,"Торты, кг",0.00277,0.7573127285901085,0.0020977562581946003,native,16
2027-12-01,647,"Трикотажная шапочка детская, шт.",0.00072,0.4584917071625667,0.00033011402915704804,native,43
2027-12-01,650,"Триммер электрический, шт.",0.00056,0.5040457281343793,0.0002822656077552524,native,15
2027-12-01,651,"Троксерутин, 2% гель, 40 г",0.0004,1.2817194499659754,0.0005126877799863902,native,21
2027-12-01,652,"Трусы детские, шт.",0.00043,0.5577459510611121,0.0002398307589562782,native,43
2027-12-01,653,"Трусы мужские, шт.",0.00145,0.3205753221079548,0.00046483421705653444,native,43
2027-12-01,654,"Туалетная вода, 100 мл",0.00579,0.6171269405495039,0.0035731649857816275,native,30
2027-12-01,655,"Туфли детские летние (сандалеты), пара",0.00076,-0.22521898488393916,-0.00017116642851179378,native,27
2027-12-01,659,"Туфли женские модельные с верхом из натуральной кожи, пара",0.00094,0.22971585440036135,0.00021593290313633967,native,27
2027-12-01,660,"Тушь для ресниц, шт.",0.00179,0.5448384346669197,0.0009752607980537863,native,30
2027-12-01,661,"Тюль, полотно гардинное, м",0.0022,0.4202812320313958,0.0009246187104690707,native,13
2027-12-01,663,"Удаление зуба под местным обезболиванием, удаление",0.00116,0.9765768913911086,0.0011328291940136859,native,22
2027-12-01,664,"Удостоверение завещания в нотариальной конторе, услуга",0.00012,1.062322099884251,0.00012747865198611014,native,55
2027-12-01,665,"Ужин в ресторане, на 1 человека",0.00313,0.39668942202639335,0.0012416378909426112,native,28
2027-12-01,666,"Ультразвуковое исследование брюшной полости, исследование",0.00137,0.3668571815756205,0.0005025943387586,native,22
2027-12-01,675,"Услуги организатора проведения торжеств, услуга",0.00247,0.1620089911033873,0.0004001622080253666,native,12
2027-12-01,678,"Услуги по воспитанию детей, предоставляемые наемным персоналом, час",0.00121,0.3903635586582743,0.0004723399059765119,native,12
2027-12-01,679,"Услуги по организации и выполнению работ по эксплуатации домов ЖК, ЖСК, ТСЖ, м2 общей площади",0.00526,0.21652188432133845,0.0011389051115302403,native,14
2027-12-01,690,"Установка пластиковых окон, м2",0.0018,0.32571615951827476,0.0005862890871328946,native,12
2027-12-01,691,"Устная консультация юриста по семейным вопросам, консультация",0.00011,0.030825393660949916,3.3907933027044907e-06,native,55
2027-12-01,692,"Учебник, учебное пособие, дидактический материал для общеобразовательной школы, шт.",0.00048,0.28410200507250993,0.00013636896243480478,native,32
2027-12-01,694,"Фарш мясной, кг",0.0094,0.5661861690201897,0.0053221499887897835,native,26
2027-12-01,695,"Физиотерапевтическое лечение, процедура",0.00014,0.19088642749451581,2.6724099849232212e-05,native,22
2027-12-01,697,"Филе рыбное, кг",0.00204,0.7039091482449782,0.0014359746624197556,native,34
2027-12-01,698,"Филе сельди соленое, кг",0.00065,1.0070110613327599,0.0006545571898662939,native,34
2027-12-01,699,"Флеш-накопитель USB, шт.",3e-05,0.5981641284656131,1.7944923853968393e-05,native,41
2027-12-01,701,"Фотоаппарат, шт.",0.00019,-0.1230535634133868,-2.3380177048543493e-05,native,54
2027-12-01,703,"Футболка детская, шт.",0.00049,0.23455910560622262,0.00011493396174704908,native,43
2027-12-01,704,"Халат женский, шт.",0.00119,0.7556040008647804,0.0008991687610290888,native,29
2027-12-01,706,"Химчистка мужского костюма, шт.",0.00012,0.28723538063715004,3.446824567645801e-05,native,12
2027-12-01,710,"Хлеб из ржаной муки и из смеси муки ржаной и пшеничной, кг",0.00255,0.6099153377634374,0.0015552841112967655,native,49
2027-12-01,711,"Хлопья из злаков (сухие завтраки), кг",0.00115,0.4122268844269268,0.0004740609170909658,native,49
2027-12-01,712,"Холодильник двухкамерный, емкостью 250-360 л, шт.",0.00262,0.12179622379606828,0.0003191061063456989,native,51
2027-12-01,714,"Цемент тарированный, 50 кг",0.00066,0.5197509959663499,0.0003430356573377909,native,38
2027-12-01,716,"Чай черный байховый пакетированный, 25 пакетиков",0.00197,0.07336050703315528,0.0001445201988553159,native,50
2027-12-01,717,"Чай черный байховый, кг",0.00269,0.36914622480544623,0.0009930033447266503,native,50
2027-12-01,718,"Чайник, шт.",0.00102,0.01375189926510028,1.4026937250402286e-05,native,54
2027-12-01,721,"Часы наручные, шт.",0.00028,0.496154546051337,0.00013892327289437436,native,54
2027-12-01,722,"Чашка чайная с блюдцем, комплект",0.00028,0.4890387286667152,0.00013693084402668026,native,54
2027-12-01,723,"Чеснок, кг",0.00111,2.9085887258026792,0.003228533485640974,native,33
2027-12-01,726,"Шампунь, 250 мл",0.0019,0.266999761358076,0.0005072995465803445,native,30
2027-12-01,727,"Шиномонтаж колес легкового автомобиля, услуга",0.00355,0.6153931455101015,0.0021846456665608606,native,12
2027-12-01,728,"Шины для легкового автомобиля, шт.",0.00355,0.5960810831463914,0.0021160878451696894,native,17
2027-12-01,729,"Шкаф-вешалка для прихожей, шт.",0.00078,0.5869855937589259,0.0004578487631319622,native,20
2027-12-01,730,"Шкаф для платья и белья, шт.",0.0023,0.5757327135343479,0.001324185241129,native,20
2027-12-01,731,"Шкаф навесной кухонный (полка), двухстворчатый, шт.",0.00067,0.58370951575856,0.0003910853755582352,native,20
2027-12-01,734,"Шоколад, кг",0.0034,0.693076338828867,0.0023564595520181478,native,16
2027-12-01,735,"Щетка зубная, шт.",0.00174,0.476064989979733,0.0008283530825647354,native,13
2027-12-01,740,"Экскурсия автобусная, час",0.00112,0.651944627911998,0.0007301779832614377,native,55
2027-12-01,741,"Электропылесос напольный, шт.",0.00185,0.15611148171922082,0.0002888062411805585,native,51
2027-12-01,742,"Электроутюг, шт.",0.00079,0.8608069537998098,0.0006800374935018497,native,51
2027-12-01,743,"Электрочайник, шт.",0.00058,0.014966041644008166,8.680304153524737e-06,native,51
2027-12-01,744,"Электроэнергия в квартирах без электроплит сверх минимального объема потребления, в расчете за 100 кВт.ч",0.00107,0.1500872742546678,0.00016059338345249455,native,14
2027-12-01,745,"Электроэнергия в квартирах без электроплит за минимальный объем потребления, в расчете за 100 кВт.ч",0.00638,0.21125191017836625,0.0013477871869379768,native,14
2027-12-01,746,"Электроэнергия в квартирах с электроплитами за минимальный объем потребления, в расчете за 100 кВт.ч",0.00315,0.2077502604182288,0.0006544133203174208,native,14
2027-12-01,747,"Электроэнергия в квартирах с электроплитами сверх минимального объема потребления, в расчете за 100 кВт.ч",0.00082,0.1457067057663149,0.00011947949872837822,native,14
2027-12-01,748,"Эналаприл, 5 мг, 10 таблеток",0.00035,0.06569423421772078,2.2992981976202273e-05,native,21
2027-12-01,750,"Юбка для девочек школьного возраста из полушерстяных тканей, шт.",0.00076,0.6925174284259998,0.0005263132456037599,native,29
2027-12-01,751,"Юбка женская из полушерстяных или смесовых тканей, шт.",0.00203,0.583629642420562,0.001184768174113741,native,29
2027-12-01,753,"Яблоки, кг",0.00515,0.41237120772112146,0.0021237117197637754,native,33
2027-12-01,754,"Яйца куриные, 10 шт.",0.00543,4.19153392425767,0.022760029208719147,native,52
2027-12-01,786,"Поездка на отдых в Турцию, поездка",0.0004,-0.632298774858963,-0.00025291950994358524,native,67
2027-12-01,795,"Варежки (перчатки) детские, пара",8e-05,0.44259604266470415,3.540768341317633e-05,native,43
2027-12-01,809,"Шарф шерстяной, полушерстяной или из смесовой пряжи для взрослых, шт.",0.00077,0.7094471903175512,0.0005462743365445144,native,43
2027-12-01,851,"Активированный уголь, 250 мг, 10 таблеток",0.00032,0.9028764998710505,0.0002889204799587362,native,21
2027-12-01,958,"Чай зеленый, кг",0.00169,0.26149050139602237,0.00044191894735927785,native,50
2027-12-01,959,"Брюки женские из джинсовой ткани (джинсы), шт.",0.00282,0.44720988418830043,0.0012611318734110073,native,29
2027-12-01,960,"Носки женские, гольфы, пара",0.0007,0.6188510593793541,0.0004331957415655479,native,54
2027-12-01,961,"Пена для бритья, 200 мл",0.00085,0.8097638503871556,0.0006882992728290822,native,30
2027-12-01,962,Крем для рук,0.00117,0.22000832889402155,0.00025740974480600523,native,30
2027-12-01,963,"Бритвенные станки одноразовые, шт.",0.0008,0.3802411003030124,0.00030419288024240994,native,13
2027-12-01,964,"Лампа светодиодная, шт.",0.00026,0.4655571889258078,0.00012104486912071001,native,51
2027-12-01,965,"Моноблок, шт.",0.00092,0.5308559712560289,0.0004883874935555467,native,31
2027-12-01,966,"Годовая стоимость полиса обязательного страхования гражданской ответственности владельцев транспортных средств (ОСАГО), полис",0.0013,1.2931352790331618,0.0016810758627431102,native,55
2027-12-01,968,"Рюкзак для взрослых, шт.",0.00087,0.004796995449535241,4.173386041095659e-06,native,13
2027-12-01,970,"Сливки питьевые, л",0.00112,0.9779950949755852,0.0010953545063726554,native,24
2027-12-01,971,"Зелень свежая, кг",0.00098,4.202017665064462,0.004117977311763173,native,33
2027-12-01,972,"Грибы свежие, кг",0.00119,3.6720643977604324,0.004369756633334915,native,33
2027-12-01,973,"Ягоды замороженные, кг",0.00026,0.9260180988014928,0.0002407647056883881,native,33
2027-12-01,976,"Гель для душа, 250 мл",0.00105,0.6553439097401359,0.0006881111052271427,native,30
2027-12-01,977,"Мыло туалетное жидкое, 250 мл",0.00099,0.15664794630142725,0.00015508146683841298,native,30
2027-12-01,978,"Дезодорант, 50 мл",0.00092,0.8444305615781108,0.000776876116651862,native,30
2027-12-01,979,"Кресло мягкое, шт.",0.00377,0.5113286317358562,0.0019277089416441778,native,20
2027-12-01,980,"Матрас для взрослых, шт.",0.00306,0.9382276143222767,0.0028709764998261665,native,20
2027-12-01,981,"Салфетки влажные, упаковка 20 шт.",0.00045,0.5523287666672608,0.0002485479450002674,native,54
2027-12-01,982,"Бумажные столовые салфетки, упаковка 10 шт.",0.00306,0.5575966243587045,0.0017062456705376357,native,54
2027-12-01,983,"Бумажные носовые платки, упаковка 10 шт.",0.00042,1.0002143812547417,0.00042009004012699154,native,54
2027-12-01,984,"Прокладки женские гигиенические, 10 шт.",0.00108,0.52821580366698,0.0005704730679603384,native,54
2027-12-01,985,"Наушники беспроводные, шт.",0.00189,1.0643182244492564,0.0020115614442090947,native,37
2027-12-01,987,"Цефтриаксон, 1 г",0.0004,0.4022920893790317,0.0001609168357516127,native,21
2027-12-01,992,"Амлодипин, 10 мг, 10 таблеток",0.00035,0.9861108888888886,0.00034513881111111104,calendar_gap_in_required_features,21
2027-12-01,993,"Омепразол, 20 мг, 10 таблеток",0.0004,0.7790448172724858,0.0003116179269089943,native,21
2027-12-01,994,"Хлоргексидин, 100 мл",0.00033,0.5883331666666665,0.00019414994499999992,short_history,21
2027-12-01,995,"Амоксициллин с клавулановой кислотой, 500 мг+125мг, 10 таблеток",0.00039,0.25182868437144645,9.821318690486412e-05,native,21
2027-12-01,996,"Ибупрофен, 200 мг, 10 таблеток",0.00049,1.0477534239759008,0.0005133991777481914,native,21
2027-12-01,997,"Шприцы одноразовые, шт.",6e-05,1.0274337906193576,6.164602743716146e-05,native,21
2027-12-01,999,"Антисептик для рук, 100 мл",0.00017,0.6900966355769593,0.00011731642804808309,native,21
2027-12-01,1000,"Термометр медицинский безртутный (галинстановый), шт.",6e-05,0.4725061007815232,2.8350366046891394e-05,native,21
2027-12-01,1001,"Установка натяжного потолка, м2",0.00073,0.33336309160669586,0.00024335505687288797,native,12
2027-12-01,1002,"Услуги аренды автомобилей, час",0.00017,0.30789557512421817,5.2342247771117094e-05,native,47
2027-12-01,1003,"Подписка на онлайн-видеосервисы, месяц",0.00766,0.6682213030162416,0.005118575181104411,native,48
2027-12-01,1004,"Проживание в гостинице 1* или в мотеле, сутки с человека",5e-05,0.45371774909754875,2.268588745487744e-05,native,55
2027-12-01,1005,"Проживание в гостинице 2*, сутки с человека",4e-05,0.20001934073759392,8.000773629503757e-06,native,55
2027-12-01,1006,"Проживание в гостинице 3*, сутки с человека",0.00075,0.5376479816151313,0.0004032359862113485,native,55
2027-12-01,1007,"Проживание в гостинице 4*-5*, сутки с человека",0.00067,1.30544642428715,0.0008746491042723905,native,55
2027-12-01,1008,"Проживание в хостеле, сутки с человека",0.00061,2.082925077364506,0.0012705842971923486,native,55
2027-12-01,1009,"Экскурсионные туры по России, поездка",0.00138,0.22855053259989613,0.00031539973498785666,native,55
2027-12-01,1011,"Поездка на отдых в ОАЭ, поездка",0.0004,-12.610000999999997,-0.005044000399999999,missing_current_observation,67
2027-12-01,1012,"Услуги сиделок, час",0.00046,0.352301673104382,0.00016205876962801572,native,22
2027-12-01,1013,"Диагностика на магнитно-резонансном или компьютерном томографе, услуга",0.00045,0.2142967228457052,9.643352528056734e-05,native,22
2027-12-01,1014,"Гастроскопия (ФГДС, ЭГДС), услуга",0.00059,0.6319026404339783,0.0003728225578560472,native,22
2027-12-01,1020,"Аскорбиновая кислота, 50 мг, 100 драже",0.00028,2.106969538980038,0.0005899514709144106,native,21
2027-12-01,1024,"Валерианы экстракт, 20 мг, 10 таблеток",0.00029,1.5654524235874143,0.00045398120284035015,native,21
2027-12-01,1025,"Газета в розницу, шт.",0.00024,0.8299937384329867,0.0001991984972239168,native,32
2027-12-01,1030,"Клубная карта в фитнес-клуб, месяц",0.00185,0.8828275880200287,0.0016332310378370531,native,55
2027-12-01,1032,"Кроссовые туфли для взрослых, пара",0.00518,0.31739046137494004,0.0016440825899221893,native,27
2027-12-01,1035,"Метилурацил, 10 % мазь, 25 г",0.00037,1.1825328328905953,0.00043753714816952027,native,21
2027-12-01,1037,"Мирамистин, 0,01%, 150 мл",0.00039,0.6267098366406272,0.00024441683628984457,native,21
2027-12-01,1038,"Натрия хлорид, 0,9%, 100 мл",0.00039,0.5516196343823174,0.0002151316574091038,native,21
2027-12-01,1039,"Нафазолин, 0,1%, 15 мл",0.00044,1.1072937197213313,0.00048720923667738576,native,21
2027-12-01,1040,"Парацетамол, 500 мг, 10 таблеток",0.00039,0.8107986981532878,0.0003162114922797822,native,21
2027-12-01,1041,"Перекись водорода, 3%, 100 мл",0.00036,0.8271815674570213,0.0002977853642845277,native,21
2027-12-01,1042,"Пиво, л",0.00372,0.8142034573889324,0.0030288368614868285,native,11
2027-12-01,1043,"Поездка на отдых в Египет, поездка",0.0002,1.5393418672800607,0.00030786837345601214,native,67
2027-12-01,1045,"Ренгалин, 20 таблеток",0.0004,1.162857387122673,0.00046514295484906926,native,21
2027-12-01,1046,"Сигареты с фильтром, пачка",0.0086599999999999,0.541795287798637,0.004691947192336142,native,40
2027-12-01,1048,"Сумка женская, шт.",0.00138,-0.08024437831198725,-0.0001107372420705424,native,13
2027-12-01,1049,"Творог, кг",0.00591,1.1392088816286665,0.00673272449042542,native,24
2027-12-01,1050,"Туфли женские закрытые, пара",0.00196,0.07846065371931303,0.00015378288128985353,native,27
2027-12-01,1051,"Туфли женские летние, босоножки, пара",0.00356,0.1917308732676316,0.0006825619088327685,native,27
2027-12-01,1054,"Хлеб и булочные изделия из пшеничной муки различных сортов, кг",0.00735,1.236858917275939,0.009090913041978151,native,49
2027-12-01,1055,"Цитрамон, 10 таблеток",0.00039,0.4157105525955774,0.00016212711551227518,native,21
2027-12-01,1060,"Поездки в страны Закавказья, поездка",0.00022,-0.760046706622988,-0.00016721027545705736,native,67
2027-12-01,1063,"Поездки в отдельные страны Средней Азии, поездка",4e-05,-10.15333422222222,-0.0004061333688888888,short_history,67
2027-12-01,1064,"Поездка в Беларусь, поездка",0.0001,-12.977779055555553,-0.0012977779055555554,short_history,67
2027-12-01,1065,"Поездки в отдельные страны Юго-Восточной Азии, поездка",0.00017,0.9975911356712435,0.0001695904930641114,native,67
2027-12-01,1066,"Молоко питьевое цельное пастеризованное более 3,2% жирности, л",0.00142,1.186576312465406,0.0016849383637008767,native,24
2027-12-01,1067,"Творожок детский, кг",6e-05,0.8304505009101224,4.9827030054607345e-05,native,24
2027-12-01,1068,"Молоко для детей, л",1e-05,0.7717777646641504,7.717777646641504e-06,native,24
2027-12-01,1069,"Сухие приправы, специи, кг",0.00139,1.3909809401110738,0.0019334635067543924,native,53
2027-12-01,1070,"Трикотажный головной убор для взрослых, шт.",0.00057,-0.5549359157756864,-0.0003163134719921412,native,43
2027-12-01,1071,"Крем детский, 100 г (100 мл)",0.00137,0.55960037715367,0.0007666525167005278,native,30
2027-12-01,1072,"Чемодан, шт.",0.00108,-0.6658580452819748,-0.0007191266889045328,native,13
2027-12-01,1073,"Бумага офисная, упаковка 500 листов",0.00015,0.23989390585223924,3.598408587783588e-05,native,54
2027-12-01,1074,"Смарт-часы, шт.",0.00085,-1.337723164523886,-0.0011370646898453032,native,37
2027-12-01,1075,"Коньки, пара",0.00035,1.4746114886342434,0.0005161140210219852,native,54
2027-12-01,1076,"Гипсокартон, м2",0.00075,0.14989655619443965,0.00011242241714582974,native,38
2027-12-01,1077,"Кресло детское автомобильное, шт.",0.00056,0.7226466103216187,0.00040468210178010644,native,17
2027-12-01,1078,"Соска (пустышка) детская, шт.",6e-05,0.6036380998076656,3.6218285988459935e-05,native,21
2027-12-01,1079,"Бутылочка для кормления, шт.",0.00066,0.16563956654469164,0.00010932211391949648,native,21
2027-12-01,1083,"Поездка на отдых на Черноморское побережье России и в Крым, поездка",0.00205,-3.9029378163455766,-0.008001022523508433,native,55
2027-12-01,1086,"Горошек зеленый консервированный, кг",0.00081,0.15337927777777496,0.0001242372149999977,short_history,53
2027-12-01,1087,"Перец сладкий свежий, кг",0.00266,-0.045000055555556306,-0.00011970014777777978,short_history,33
2027-12-01,1088,"Робот-пылесос, шт.",0.00116,-0.8255573888888897,-0.0009576465711111121,short_history,51
2027-12-01,1091,"Валосердин, 25 мл",0.00033,0.5694442777777782,0.0001879166116666668,short_history,21
2027-12-01,1094,"Диклофенак, 15 мл",0.00038,1.1683332222222225,0.00044396662444444457,short_history,21
2027-12-01,1095,"Кардиомагнил, 100 таблеток",0.0004,0.5761111666666667,0.0002304444666666667,short_history,21
2027-12-01,1097,"Меновазин, 40 мл",0.00034,0.5183331111111108,0.0001762332577777777,short_history,21
2027-12-01,1099,"Пенталгин, 24 таблетки",0.00035,0.7650001111111114,0.000267750038888889,short_history,21
2027-12-01,1100,"Салициловая кислота, 40 мл",0.00031,1.2655553333333331,0.0003923221533333333,short_history,21
2027-12-01,1101,"Спазмалгон, 10 таблеток",0.0004,0.5705553333333336,0.00022822213333333345,short_history,21
2027-12-01,1105,Воздушный и железнодорожный транспорт,0.00569,1.7199999999999989,0.009786799999999993,missing_current_observation,47
2027-12-01,1107,"Печень птицы, кг",0.00225,0.5361112222222223,0.0012062502500000002,short_history,26
2027-12-01,1108,"Кефир, кг",0.00427,1.568888777777777,0.006699155081111108,short_history,24
2027-12-01,1109,"Сырки творожные, глазированные, кг",0.00124,1.8555554999999988,0.0023008888199999985,short_history,24
2027-12-01,1110,"Вода питьевая, л",0.00157,0.14615694444444216,0.0002294664027777742,short_history,53
2027-12-01,1111,"Жидкие средства для стирки, л",0.00146,0.5105552777777783,0.0007454107055555563,short_history,25
2027-12-01,1112,"Помада, шт.",0.00092,-0.8266688333333323,-0.0007605353266666657,short_history,30
2027-12-01,1113,"Блоки строительные, 1000 шт.",0.00028,-0.1527773888888891,-4.277766888888894e-05,short_history,38
2027-12-01,1114,"Компримированный природный газ, м3",0.00189,-5.198887888888885,-0.009825898109999993,short_history,42
2027-12-01,1115,"Хлоропирамин, 10 таблеток",0.00036,0.5688889444444448,0.00020480002000000015,short_history,21
2027-12-01,1116,"Цетиризин, 10 таблеток",0.00037,0.5716666111111108,0.000211516646111111,short_history,21
2027-12-01,1117,"Интерферон альфа-2В, 10 мл",0.00039,0.4655555555555553,0.00018156666666666656,short_history,21
2027-12-01,1118,"Метопролол, 10 таблеток",0.00046,0.29333294444444546,0.00013493315444444492,short_history,21
2027-12-01,1119,"Спиронолактон, 10 таблеток",0.00035,0.3644442222222221,0.00012755547777777774,short_history,21
2027-12-01,1120,"Лозартан, 10 таблеток",0.0004,0.6866665000000004,0.00027466660000000017,short_history,21
2027-12-01,1121,"Аторвастатин, 10 таблеток",0.0004,0.583888833333333,0.0002335555333333332,short_history,21
2027-12-01,1122,"Мелоксикам, 10 таблеток",0.00038,0.43499972222222283,0.0001652998944444447,short_history,21
2027-12-01,1123,"Кеторолак, 10 таблеток",0.00042,1.3833332222222219,0.0005809999533333332,short_history,21
2027-12-01,1124,"Розувастатин, 10 таблеток",0.00034,0.5266663333333328,0.00017906655333333317,short_history,21
2027-12-01,1125,"Алтея лекарственного травы экстракт, 10 таблеток",0.00041,0.4155555555555558,0.00017037777777777788,short_history,21
2027-12-01,1126,"Римантадин, 10 таблеток",0.00032,0.3355551666666672,0.0001073776533333335,short_history,21
2027-12-01,1127,"Погребение, услуга",0.00034,0.3188888888888941,0.00010842222222222401,short_history,12
2027-12-01,1128,"Курьерская доставка, услуга",0.00012,0.47579733333332785,5.7095679999999344e-05,short_history,55
2027-12-01,1129,"Междугородная телефонная связь, минута",0.00019,0.4505558333333326,8.56056083333332e-05,short_history,48
2027-12-01,1131,"Вода минеральная, л",0.00085,0.38115705555555324,0.00032398349722222023,short_history,53
