model,observation_cutoff,status,reason,weight_vintage,observed_weight,forecast_weight,group_fallbacks,aggregation,cross_year_policy,price_reference_period,price_reference_evidence,group_family
Ridge,2023-01-01,available,,,,,,,,,,
Huber,2023-01-01,available,,,,,,,,,,
SeasonalNaive,2023-01-01,available,,,,,,,,,,
GroupsFixed,2023-01-01,available,,2023-01-01,1.0,1.0,[],fixed,freeze,2022-12-01,assumed_previous_december_not_source_verified,
P3IndependentRidge,2023-01-01,available,,2023-01-01,1.0,1.0,,fixed,freeze,2022-12-01,assumed_previous_december_not_source_verified,"{11: 'food', 12: 'services', 13: 'nonfood', 14: 'services', 15: 'nonfood', 16: 'food', 17: 'nonfood', 18: 'food', 19: 'food', 20: 'nonfood', 21: 'nonfood', 22: 'services', 23: 'nonfood', 24: 'food', 25: 'nonfood', 26: 'food', 27: 'nonfood', 28: 'food', 29: 'nonfood', 30: 'nonfood', 31: 'nonfood', 32: 'nonfood', 33: 'food', 34: 'food', 35: 'services', 36: 'food', 37: 'nonfood', 38: 'nonfood', 39: 'food', 40: 'nonfood', 41: 'nonfood', 42: 'nonfood', 43: 'nonfood', 44: 'services', 46: 'services', 47: 'services', 48: 'services', 49: 'food', 50: 'food', 51: 'nonfood', 52: 'food', 53: 'food', 54: 'nonfood', 55: 'services', 67: 'services'}"
P3PartialPooling,2023-01-01,available,,2023-01-01,1.0,1.0,,fixed,freeze,2022-12-01,assumed_previous_december_not_source_verified,"{11: 'food', 12: 'services', 13: 'nonfood', 14: 'services', 15: 'nonfood', 16: 'food', 17: 'nonfood', 18: 'food', 19: 'food', 20: 'nonfood', 21: 'nonfood', 22: 'services', 23: 'nonfood', 24: 'food', 25: 'nonfood', 26: 'food', 27: 'nonfood', 28: 'food', 29: 'nonfood', 30: 'nonfood', 31: 'nonfood', 32: 'nonfood', 33: 'food', 34: 'food', 35: 'services', 36: 'food', 37: 'nonfood', 38: 'nonfood', 39: 'food', 40: 'nonfood', 41: 'nonfood', 42: 'nonfood', 43: 'nonfood', 44: 'services', 46: 'services', 47: 'services', 48: 'services', 49: 'food', 50: 'food', 51: 'nonfood', 52: 'food', 53: 'food', 54: 'nonfood', 55: 'services', 67: 'services'}"
P3PoolingLagTrend,2023-01-01,available,,2023-01-01,1.0,1.0,,fixed,freeze,2022-12-01,assumed_previous_december_not_source_verified,"{11: 'food', 12: 'services', 13: 'nonfood', 14: 'services', 15: 'nonfood', 16: 'food', 17: 'nonfood', 18: 'food', 19: 'food', 20: 'nonfood', 21: 'nonfood', 22: 'services', 23: 'nonfood', 24: 'food', 25: 'nonfood', 26: 'food', 27: 'nonfood', 28: 'food', 29: 'nonfood', 30: 'nonfood', 31: 'nonfood', 32: 'nonfood', 33: 'food', 34: 'food', 35: 'services', 36: 'food', 37: 'nonfood', 38: 'nonfood', 39: 'food', 40: 'nonfood', 41: 'nonfood', 42: 'nonfood', 43: 'nonfood', 44: 'services', 46: 'services', 47: 'services', 48: 'services', 49: 'food', 50: 'food', 51: 'nonfood', 52: 'food', 53: 'food', 54: 'nonfood', 55: 'services', 67: 'services'}"
Ridge,2023-02-01,available,,,,,,,,,,
Huber,2023-02-01,available,,,,,,,,,,
SeasonalNaive,2023-02-01,available,,,,,,,,,,
GroupsFixed,2023-02-01,available,,2023-01-01,1.0,1.0,[],fixed,freeze,2022-12-01,assumed_previous_december_not_source_verified,
P3IndependentRidge,2023-02-01,available,,2023-01-01,1.0,1.0,,fixed,freeze,2022-12-01,assumed_previous_december_not_source_verified,"{11: 'food', 12: 'services', 13: 'nonfood', 14: 'services', 15: 'nonfood', 16: 'food', 17: 'nonfood', 18: 'food', 19: 'food', 20: 'nonfood', 21: 'nonfood', 22: 'services', 23: 'nonfood', 24: 'food', 25: 'nonfood', 26: 'food', 27: 'nonfood', 28: 'food', 29: 'nonfood', 30: 'nonfood', 31: 'nonfood', 32: 'nonfood', 33: 'food', 34: 'food', 35: 'services', 36: 'food', 37: 'nonfood', 38: 'nonfood', 39: 'food', 40: 'nonfood', 41: 'nonfood', 42: 'nonfood', 43: 'nonfood', 44: 'services', 46: 'services', 47: 'services', 48: 'services', 49: 'food', 50: 'food', 51: 'nonfood', 52: 'food', 53: 'food', 54: 'nonfood', 55: 'services', 67: 'services'}"
P3PartialPooling,2023-02-01,available,,2023-01-01,1.0,1.0,,fixed,freeze,2022-12-01,assumed_previous_december_not_source_verified,"{11: 'food', 12: 'services', 13: 'nonfood', 14: 'services', 15: 'nonfood', 16: 'food', 17: 'nonfood', 18: 'food', 19: 'food', 20: 'nonfood', 21: 'nonfood', 22: 'services', 23: 'nonfood', 24: 'food', 25: 'nonfood', 26: 'food', 27: 'nonfood', 28: 'food', 29: 'nonfood', 30: 'nonfood', 31: 'nonfood', 32: 'nonfood', 33: 'food', 34: 'food', 35: 'services', 36: 'food', 37: 'nonfood', 38: 'nonfood', 39: 'food', 40: 'nonfood', 41: 'nonfood', 42: 'nonfood', 43: 'nonfood', 44: 'services', 46: 'services', 47: 'services', 48: 'services', 49: 'food', 50: 'food', 51: 'nonfood', 52: 'food', 53: 'food', 54: 'nonfood', 55: 'services', 67: 'services'}"
P3PoolingLagTrend,2023-02-01,available,,2023-01-01,1.0,1.0,,fixed,freeze,2022-12-01,assumed_previous_december_not_source_verified,"{11: 'food', 12: 'services', 13: 'nonfood', 14: 'services', 15: 'nonfood', 16: 'food', 17: 'nonfood', 18: 'food', 19: 'food', 20: 'nonfood', 21: 'nonfood', 22: 'services', 23: 'nonfood', 24: 'food', 25: 'nonfood', 26: 'food', 27: 'nonfood', 28: 'food', 29: 'nonfood', 30: 'nonfood', 31: 'nonfood', 32: 'nonfood', 33: 'food', 34: 'food', 35: 'services', 36: 'food', 37: 'nonfood', 38: 'nonfood', 39: 'food', 40: 'nonfood', 41: 'nonfood', 42: 'nonfood', 43: 'nonfood', 44: 'services', 46: 'services', 47: 'services', 48: 'services', 49: 'food', 50: 'food', 51: 'nonfood', 52: 'food', 53: 'food', 54: 'nonfood', 55: 'services', 67: 'services'}"
Ridge,2023-03-01,available,,,,,,,,,,
Huber,2023-03-01,available,,,,,,,,,,
SeasonalNaive,2023-03-01,available,,,,,,,,,,
GroupsFixed,2023-03-01,available,,2023-01-01,1.0,1.0,[],fixed,freeze,2022-12-01,assumed_previous_december_not_source_verified,
P3IndependentRidge,2023-03-01,available,,2023-01-01,1.0,1.0,,fixed,freeze,2022-12-01,assumed_previous_december_not_source_verified,"{11: 'food', 12: 'services', 13: 'nonfood', 14: 'services', 15: 'nonfood', 16: 'food', 17: 'nonfood', 18: 'food', 19: 'food', 20: 'nonfood', 21: 'nonfood', 22: 'services', 23: 'nonfood', 24: 'food', 25: 'nonfood', 26: 'food', 27: 'nonfood', 28: 'food', 29: 'nonfood', 30: 'nonfood', 31: 'nonfood', 32: 'nonfood', 33: 'food', 34: 'food', 35: 'services', 36: 'food', 37: 'nonfood', 38: 'nonfood', 39: 'food', 40: 'nonfood', 41: 'nonfood', 42: 'nonfood', 43: 'nonfood', 44: 'services', 46: 'services', 47: 'services', 48: 'services', 49: 'food', 50: 'food', 51: 'nonfood', 52: 'food', 53: 'food', 54: 'nonfood', 55: 'services', 67: 'services'}"
P3PartialPooling,2023-03-01,available,,2023-01-01,1.0,1.0,,fixed,freeze,2022-12-01,assumed_previous_december_not_source_verified,"{11: 'food', 12: 'services', 13: 'nonfood', 14: 'services', 15: 'nonfood', 16: 'food', 17: 'nonfood', 18: 'food', 19: 'food', 20: 'nonfood', 21: 'nonfood', 22: 'services', 23: 'nonfood', 24: 'food', 25: 'nonfood', 26: 'food', 27: 'nonfood', 28: 'food', 29: 'nonfood', 30: 'nonfood', 31: 'nonfood', 32: 'nonfood', 33: 'food', 34: 'food', 35: 'services', 36: 'food', 37: 'nonfood', 38: 'nonfood', 39: 'food', 40: 'nonfood', 41: 'nonfood', 42: 'nonfood', 43: 'nonfood', 44: 'services', 46: 'services', 47: 'services', 48: 'services', 49: 'food', 50: 'food', 51: 'nonfood', 52: 'food', 53: 'food', 54: 'nonfood', 55: 'services', 67: 'services'}"
P3PoolingLagTrend,2023-03-01,available,,2023-01-01,1.0,1.0,,fixed,freeze,2022-12-01,assumed_previous_december_not_source_verified,"{11: 'food', 12: 'services', 13: 'nonfood', 14: 'services', 15: 'nonfood', 16: 'food', 17: 'nonfood', 18: 'food', 19: 'food', 20: 'nonfood', 21: 'nonfood', 22: 'services', 23: 'nonfood', 24: 'food', 25: 'nonfood', 26: 'food', 27: 'nonfood', 28: 'food', 29: 'nonfood', 30: 'nonfood', 31: 'nonfood', 32: 'nonfood', 33: 'food', 34: 'food', 35: 'services', 36: 'food', 37: 'nonfood', 38: 'nonfood', 39: 'food', 40: 'nonfood', 41: 'nonfood', 42: 'nonfood', 43: 'nonfood', 44: 'services', 46: 'services', 47: 'services', 48: 'services', 49: 'food', 50: 'food', 51: 'nonfood', 52: 'food', 53: 'food', 54: 'nonfood', 55: 'services', 67: 'services'}"
Ridge,2023-04-01,available,,,,,,,,,,
Huber,2023-04-01,available,,,,,,,,,,
SeasonalNaive,2023-04-01,available,,,,,,,,,,
GroupsFixed,2023-04-01,available,,2023-01-01,1.0,1.0,[],fixed,freeze,2022-12-01,assumed_previous_december_not_source_verified,
P3IndependentRidge,2023-04-01,available,,2023-01-01,1.0,1.0,,fixed,freeze,2022-12-01,assumed_previous_december_not_source_verified,"{11: 'food', 12: 'services', 13: 'nonfood', 14: 'services', 15: 'nonfood', 16: 'food', 17: 'nonfood', 18: 'food', 19: 'food', 20: 'nonfood', 21: 'nonfood', 22: 'services', 23: 'nonfood', 24: 'food', 25: 'nonfood', 26: 'food', 27: 'nonfood', 28: 'food', 29: 'nonfood', 30: 'nonfood', 31: 'nonfood', 32: 'nonfood', 33: 'food', 34: 'food', 35: 'services', 36: 'food', 37: 'nonfood', 38: 'nonfood', 39: 'food', 40: 'nonfood', 41: 'nonfood', 42: 'nonfood', 43: 'nonfood', 44: 'services', 46: 'services', 47: 'services', 48: 'services', 49: 'food', 50: 'food', 51: 'nonfood', 52: 'food', 53: 'food', 54: 'nonfood', 55: 'services', 67: 'services'}"
P3PartialPooling,2023-04-01,available,,2023-01-01,1.0,1.0,,fixed,freeze,2022-12-01,assumed_previous_december_not_source_verified,"{11: 'food', 12: 'services', 13: 'nonfood', 14: 'services', 15: 'nonfood', 16: 'food', 17: 'nonfood', 18: 'food', 19: 'food', 20: 'nonfood', 21: 'nonfood', 22: 'services', 23: 'nonfood', 24: 'food', 25: 'nonfood', 26: 'food', 27: 'nonfood', 28: 'food', 29: 'nonfood', 30: 'nonfood', 31: 'nonfood', 32: 'nonfood', 33: 'food', 34: 'food', 35: 'services', 36: 'food', 37: 'nonfood', 38: 'nonfood', 39: 'food', 40: 'nonfood', 41: 'nonfood', 42: 'nonfood', 43: 'nonfood', 44: 'services', 46: 'services', 47: 'services', 48: 'services', 49: 'food', 50: 'food', 51: 'nonfood', 52: 'food', 53: 'food', 54: 'nonfood', 55: 'services', 67: 'services'}"
P3PoolingLagTrend,2023-04-01,available,,2023-01-01,1.0,1.0,,fixed,freeze,2022-12-01,assumed_previous_december_not_source_verified,"{11: 'food', 12: 'services', 13: 'nonfood', 14: 'services', 15: 'nonfood', 16: 'food', 17: 'nonfood', 18: 'food', 19: 'food', 20: 'nonfood', 21: 'nonfood', 22: 'services', 23: 'nonfood', 24: 'food', 25: 'nonfood', 26: 'food', 27: 'nonfood', 28: 'food', 29: 'nonfood', 30: 'nonfood', 31: 'nonfood', 32: 'nonfood', 33: 'food', 34: 'food', 35: 'services', 36: 'food', 37: 'nonfood', 38: 'nonfood', 39: 'food', 40: 'nonfood', 41: 'nonfood', 42: 'nonfood', 43: 'nonfood', 44: 'services', 46: 'services', 47: 'services', 48: 'services', 49: 'food', 50: 'food', 51: 'nonfood', 52: 'food', 53: 'food', 54: 'nonfood', 55: 'services', 67: 'services'}"
Ridge,2023-05-01,available,,,,,,,,,,
Huber,2023-05-01,available,,,,,,,,,,
SeasonalNaive,2023-05-01,available,,,,,,,,,,
GroupsFixed,2023-05-01,available,,2023-01-01,1.0,1.0,[],fixed,freeze,2022-12-01,assumed_previous_december_not_source_verified,
P3IndependentRidge,2023-05-01,available,,2023-01-01,1.0,1.0,,fixed,freeze,2022-12-01,assumed_previous_december_not_source_verified,"{11: 'food', 12: 'services', 13: 'nonfood', 14: 'services', 15: 'nonfood', 16: 'food', 17: 'nonfood', 18: 'food', 19: 'food', 20: 'nonfood', 21: 'nonfood', 22: 'services', 23: 'nonfood', 24: 'food', 25: 'nonfood', 26: 'food', 27: 'nonfood', 28: 'food', 29: 'nonfood', 30: 'nonfood', 31: 'nonfood', 32: 'nonfood', 33: 'food', 34: 'food', 35: 'services', 36: 'food', 37: 'nonfood', 38: 'nonfood', 39: 'food', 40: 'nonfood', 41: 'nonfood', 42: 'nonfood', 43: 'nonfood', 44: 'services', 46: 'services', 47: 'services', 48: 'services', 49: 'food', 50: 'food', 51: 'nonfood', 52: 'food', 53: 'food', 54: 'nonfood', 55: 'services', 67: 'services'}"
P3PartialPooling,2023-05-01,available,,2023-01-01,1.0,1.0,,fixed,freeze,2022-12-01,assumed_previous_december_not_source_verified,"{11: 'food', 12: 'services', 13: 'nonfood', 14: 'services', 15: 'nonfood', 16: 'food', 17: 'nonfood', 18: 'food', 19: 'food', 20: 'nonfood', 21: 'nonfood', 22: 'services', 23: 'nonfood', 24: 'food', 25: 'nonfood', 26: 'food', 27: 'nonfood', 28: 'food', 29: 'nonfood', 30: 'nonfood', 31: 'nonfood', 32: 'nonfood', 33: 'food', 34: 'food', 35: 'services', 36: 'food', 37: 'nonfood', 38: 'nonfood', 39: 'food', 40: 'nonfood', 41: 'nonfood', 42: 'nonfood', 43: 'nonfood', 44: 'services', 46: 'services', 47: 'services', 48: 'services', 49: 'food', 50: 'food', 51: 'nonfood', 52: 'food', 53: 'food', 54: 'nonfood', 55: 'services', 67: 'services'}"
P3PoolingLagTrend,2023-05-01,available,,2023-01-01,1.0,1.0,,fixed,freeze,2022-12-01,assumed_previous_december_not_source_verified,"{11: 'food', 12: 'services', 13: 'nonfood', 14: 'services', 15: 'nonfood', 16: 'food', 17: 'nonfood', 18: 'food', 19: 'food', 20: 'nonfood', 21: 'nonfood', 22: 'services', 23: 'nonfood', 24: 'food', 25: 'nonfood', 26: 'food', 27: 'nonfood', 28: 'food', 29: 'nonfood', 30: 'nonfood', 31: 'nonfood', 32: 'nonfood', 33: 'food', 34: 'food', 35: 'services', 36: 'food', 37: 'nonfood', 38: 'nonfood', 39: 'food', 40: 'nonfood', 41: 'nonfood', 42: 'nonfood', 43: 'nonfood', 44: 'services', 46: 'services', 47: 'services', 48: 'services', 49: 'food', 50: 'food', 51: 'nonfood', 52: 'food', 53: 'food', 54: 'nonfood', 55: 'services', 67: 'services'}"
Ridge,2023-06-01,available,,,,,,,,,,
Huber,2023-06-01,available,,,,,,,,,,
SeasonalNaive,2023-06-01,available,,,,,,,,,,
GroupsFixed,2023-06-01,available,,2023-01-01,1.0,1.0,[],fixed,freeze,2022-12-01,assumed_previous_december_not_source_verified,
P3IndependentRidge,2023-06-01,available,,2023-01-01,1.0,1.0,,fixed,freeze,2022-12-01,assumed_previous_december_not_source_verified,"{11: 'food', 12: 'services', 13: 'nonfood', 14: 'services', 15: 'nonfood', 16: 'food', 17: 'nonfood', 18: 'food', 19: 'food', 20: 'nonfood', 21: 'nonfood', 22: 'services', 23: 'nonfood', 24: 'food', 25: 'nonfood', 26: 'food', 27: 'nonfood', 28: 'food', 29: 'nonfood', 30: 'nonfood', 31: 'nonfood', 32: 'nonfood', 33: 'food', 34: 'food', 35: 'services', 36: 'food', 37: 'nonfood', 38: 'nonfood', 39: 'food', 40: 'nonfood', 41: 'nonfood', 42: 'nonfood', 43: 'nonfood', 44: 'services', 46: 'services', 47: 'services', 48: 'services', 49: 'food', 50: 'food', 51: 'nonfood', 52: 'food', 53: 'food', 54: 'nonfood', 55: 'services', 67: 'services'}"
P3PartialPooling,2023-06-01,available,,2023-01-01,1.0,1.0,,fixed,freeze,2022-12-01,assumed_previous_december_not_source_verified,"{11: 'food', 12: 'services', 13: 'nonfood', 14: 'services', 15: 'nonfood', 16: 'food', 17: 'nonfood', 18: 'food', 19: 'food', 20: 'nonfood', 21: 'nonfood', 22: 'services', 23: 'nonfood', 24: 'food', 25: 'nonfood', 26: 'food', 27: 'nonfood', 28: 'food', 29: 'nonfood', 30: 'nonfood', 31: 'nonfood', 32: 'nonfood', 33: 'food', 34: 'food', 35: 'services', 36: 'food', 37: 'nonfood', 38: 'nonfood', 39: 'food', 40: 'nonfood', 41: 'nonfood', 42: 'nonfood', 43: 'nonfood', 44: 'services', 46: 'services', 47: 'services', 48: 'services', 49: 'food', 50: 'food', 51: 'nonfood', 52: 'food', 53: 'food', 54: 'nonfood', 55: 'services', 67: 'services'}"
P3PoolingLagTrend,2023-06-01,available,,2023-01-01,1.0,1.0,,fixed,freeze,2022-12-01,assumed_previous_december_not_source_verified,"{11: 'food', 12: 'services', 13: 'nonfood', 14: 'services', 15: 'nonfood', 16: 'food', 17: 'nonfood', 18: 'food', 19: 'food', 20: 'nonfood', 21: 'nonfood', 22: 'services', 23: 'nonfood', 24: 'food', 25: 'nonfood', 26: 'food', 27: 'nonfood', 28: 'food', 29: 'nonfood', 30: 'nonfood', 31: 'nonfood', 32: 'nonfood', 33: 'food', 34: 'food', 35: 'services', 36: 'food', 37: 'nonfood', 38: 'nonfood', 39: 'food', 40: 'nonfood', 41: 'nonfood', 42: 'nonfood', 43: 'nonfood', 44: 'services', 46: 'services', 47: 'services', 48: 'services', 49: 'food', 50: 'food', 51: 'nonfood', 52: 'food', 53: 'food', 54: 'nonfood', 55: 'services', 67: 'services'}"
Ridge,2023-07-01,available,,,,,,,,,,
Huber,2023-07-01,available,,,,,,,,,,
SeasonalNaive,2023-07-01,available,,,,,,,,,,
GroupsFixed,2023-07-01,available,,2023-01-01,1.0,1.0,[],fixed,freeze,2022-12-01,assumed_previous_december_not_source_verified,
P3IndependentRidge,2023-07-01,available,,2023-01-01,1.0,1.0,,fixed,freeze,2022-12-01,assumed_previous_december_not_source_verified,"{11: 'food', 12: 'services', 13: 'nonfood', 14: 'services', 15: 'nonfood', 16: 'food', 17: 'nonfood', 18: 'food', 19: 'food', 20: 'nonfood', 21: 'nonfood', 22: 'services', 23: 'nonfood', 24: 'food', 25: 'nonfood', 26: 'food', 27: 'nonfood', 28: 'food', 29: 'nonfood', 30: 'nonfood', 31: 'nonfood', 32: 'nonfood', 33: 'food', 34: 'food', 35: 'services', 36: 'food', 37: 'nonfood', 38: 'nonfood', 39: 'food', 40: 'nonfood', 41: 'nonfood', 42: 'nonfood', 43: 'nonfood', 44: 'services', 46: 'services', 47: 'services', 48: 'services', 49: 'food', 50: 'food', 51: 'nonfood', 52: 'food', 53: 'food', 54: 'nonfood', 55: 'services', 67: 'services'}"
P3PartialPooling,2023-07-01,available,,2023-01-01,1.0,1.0,,fixed,freeze,2022-12-01,assumed_previous_december_not_source_verified,"{11: 'food', 12: 'services', 13: 'nonfood', 14: 'services', 15: 'nonfood', 16: 'food', 17: 'nonfood', 18: 'food', 19: 'food', 20: 'nonfood', 21: 'nonfood', 22: 'services', 23: 'nonfood', 24: 'food', 25: 'nonfood', 26: 'food', 27: 'nonfood', 28: 'food', 29: 'nonfood', 30: 'nonfood', 31: 'nonfood', 32: 'nonfood', 33: 'food', 34: 'food', 35: 'services', 36: 'food', 37: 'nonfood', 38: 'nonfood', 39: 'food', 40: 'nonfood', 41: 'nonfood', 42: 'nonfood', 43: 'nonfood', 44: 'services', 46: 'services', 47: 'services', 48: 'services', 49: 'food', 50: 'food', 51: 'nonfood', 52: 'food', 53: 'food', 54: 'nonfood', 55: 'services', 67: 'services'}"
P3PoolingLagTrend,2023-07-01,available,,2023-01-01,1.0,1.0,,fixed,freeze,2022-12-01,assumed_previous_december_not_source_verified,"{11: 'food', 12: 'services', 13: 'nonfood', 14: 'services', 15: 'nonfood', 16: 'food', 17: 'nonfood', 18: 'food', 19: 'food', 20: 'nonfood', 21: 'nonfood', 22: 'services', 23: 'nonfood', 24: 'food', 25: 'nonfood', 26: 'food', 27: 'nonfood', 28: 'food', 29: 'nonfood', 30: 'nonfood', 31: 'nonfood', 32: 'nonfood', 33: 'food', 34: 'food', 35: 'services', 36: 'food', 37: 'nonfood', 38: 'nonfood', 39: 'food', 40: 'nonfood', 41: 'nonfood', 42: 'nonfood', 43: 'nonfood', 44: 'services', 46: 'services', 47: 'services', 48: 'services', 49: 'food', 50: 'food', 51: 'nonfood', 52: 'food', 53: 'food', 54: 'nonfood', 55: 'services', 67: 'services'}"
Ridge,2023-08-01,available,,,,,,,,,,
Huber,2023-08-01,available,,,,,,,,,,
SeasonalNaive,2023-08-01,available,,,,,,,,,,
GroupsFixed,2023-08-01,available,,2023-01-01,1.0,1.0,[],fixed,freeze,2022-12-01,assumed_previous_december_not_source_verified,
P3IndependentRidge,2023-08-01,available,,2023-01-01,1.0,1.0,,fixed,freeze,2022-12-01,assumed_previous_december_not_source_verified,"{11: 'food', 12: 'services', 13: 'nonfood', 14: 'services', 15: 'nonfood', 16: 'food', 17: 'nonfood', 18: 'food', 19: 'food', 20: 'nonfood', 21: 'nonfood', 22: 'services', 23: 'nonfood', 24: 'food', 25: 'nonfood', 26: 'food', 27: 'nonfood', 28: 'food', 29: 'nonfood', 30: 'nonfood', 31: 'nonfood', 32: 'nonfood', 33: 'food', 34: 'food', 35: 'services', 36: 'food', 37: 'nonfood', 38: 'nonfood', 39: 'food', 40: 'nonfood', 41: 'nonfood', 42: 'nonfood', 43: 'nonfood', 44: 'services', 46: 'services', 47: 'services', 48: 'services', 49: 'food', 50: 'food', 51: 'nonfood', 52: 'food', 53: 'food', 54: 'nonfood', 55: 'services', 67: 'services'}"
P3PartialPooling,2023-08-01,available,,2023-01-01,1.0,1.0,,fixed,freeze,2022-12-01,assumed_previous_december_not_source_verified,"{11: 'food', 12: 'services', 13: 'nonfood', 14: 'services', 15: 'nonfood', 16: 'food', 17: 'nonfood', 18: 'food', 19: 'food', 20: 'nonfood', 21: 'nonfood', 22: 'services', 23: 'nonfood', 24: 'food', 25: 'nonfood', 26: 'food', 27: 'nonfood', 28: 'food', 29: 'nonfood', 30: 'nonfood', 31: 'nonfood', 32: 'nonfood', 33: 'food', 34: 'food', 35: 'services', 36: 'food', 37: 'nonfood', 38: 'nonfood', 39: 'food', 40: 'nonfood', 41: 'nonfood', 42: 'nonfood', 43: 'nonfood', 44: 'services', 46: 'services', 47: 'services', 48: 'services', 49: 'food', 50: 'food', 51: 'nonfood', 52: 'food', 53: 'food', 54: 'nonfood', 55: 'services', 67: 'services'}"
P3PoolingLagTrend,2023-08-01,available,,2023-01-01,1.0,1.0,,fixed,freeze,2022-12-01,assumed_previous_december_not_source_verified,"{11: 'food', 12: 'services', 13: 'nonfood', 14: 'services', 15: 'nonfood', 16: 'food', 17: 'nonfood', 18: 'food', 19: 'food', 20: 'nonfood', 21: 'nonfood', 22: 'services', 23: 'nonfood', 24: 'food', 25: 'nonfood', 26: 'food', 27: 'nonfood', 28: 'food', 29: 'nonfood', 30: 'nonfood', 31: 'nonfood', 32: 'nonfood', 33: 'food', 34: 'food', 35: 'services', 36: 'food', 37: 'nonfood', 38: 'nonfood', 39: 'food', 40: 'nonfood', 41: 'nonfood', 42: 'nonfood', 43: 'nonfood', 44: 'services', 46: 'services', 47: 'services', 48: 'services', 49: 'food', 50: 'food', 51: 'nonfood', 52: 'food', 53: 'food', 54: 'nonfood', 55: 'services', 67: 'services'}"
Ridge,2023-09-01,available,,,,,,,,,,
Huber,2023-09-01,available,,,,,,,,,,
SeasonalNaive,2023-09-01,available,,,,,,,,,,
GroupsFixed,2023-09-01,available,,2023-01-01,1.0,1.0,[],fixed,freeze,2022-12-01,assumed_previous_december_not_source_verified,
P3IndependentRidge,2023-09-01,available,,2023-01-01,1.0,1.0,,fixed,freeze,2022-12-01,assumed_previous_december_not_source_verified,"{11: 'food', 12: 'services', 13: 'nonfood', 14: 'services', 15: 'nonfood', 16: 'food', 17: 'nonfood', 18: 'food', 19: 'food', 20: 'nonfood', 21: 'nonfood', 22: 'services', 23: 'nonfood', 24: 'food', 25: 'nonfood', 26: 'food', 27: 'nonfood', 28: 'food', 29: 'nonfood', 30: 'nonfood', 31: 'nonfood', 32: 'nonfood', 33: 'food', 34: 'food', 35: 'services', 36: 'food', 37: 'nonfood', 38: 'nonfood', 39: 'food', 40: 'nonfood', 41: 'nonfood', 42: 'nonfood', 43: 'nonfood', 44: 'services', 46: 'services', 47: 'services', 48: 'services', 49: 'food', 50: 'food', 51: 'nonfood', 52: 'food', 53: 'food', 54: 'nonfood', 55: 'services', 67: 'services'}"
P3PartialPooling,2023-09-01,available,,2023-01-01,1.0,1.0,,fixed,freeze,2022-12-01,assumed_previous_december_not_source_verified,"{11: 'food', 12: 'services', 13: 'nonfood', 14: 'services', 15: 'nonfood', 16: 'food', 17: 'nonfood', 18: 'food', 19: 'food', 20: 'nonfood', 21: 'nonfood', 22: 'services', 23: 'nonfood', 24: 'food', 25: 'nonfood', 26: 'food', 27: 'nonfood', 28: 'food', 29: 'nonfood', 30: 'nonfood', 31: 'nonfood', 32: 'nonfood', 33: 'food', 34: 'food', 35: 'services', 36: 'food', 37: 'nonfood', 38: 'nonfood', 39: 'food', 40: 'nonfood', 41: 'nonfood', 42: 'nonfood', 43: 'nonfood', 44: 'services', 46: 'services', 47: 'services', 48: 'services', 49: 'food', 50: 'food', 51: 'nonfood', 52: 'food', 53: 'food', 54: 'nonfood', 55: 'services', 67: 'services'}"
P3PoolingLagTrend,2023-09-01,available,,2023-01-01,1.0,1.0,,fixed,freeze,2022-12-01,assumed_previous_december_not_source_verified,"{11: 'food', 12: 'services', 13: 'nonfood', 14: 'services', 15: 'nonfood', 16: 'food', 17: 'nonfood', 18: 'food', 19: 'food', 20: 'nonfood', 21: 'nonfood', 22: 'services', 23: 'nonfood', 24: 'food', 25: 'nonfood', 26: 'food', 27: 'nonfood', 28: 'food', 29: 'nonfood', 30: 'nonfood', 31: 'nonfood', 32: 'nonfood', 33: 'food', 34: 'food', 35: 'services', 36: 'food', 37: 'nonfood', 38: 'nonfood', 39: 'food', 40: 'nonfood', 41: 'nonfood', 42: 'nonfood', 43: 'nonfood', 44: 'services', 46: 'services', 47: 'services', 48: 'services', 49: 'food', 50: 'food', 51: 'nonfood', 52: 'food', 53: 'food', 54: 'nonfood', 55: 'services', 67: 'services'}"
Ridge,2023-10-01,available,,,,,,,,,,
Huber,2023-10-01,available,,,,,,,,,,
SeasonalNaive,2023-10-01,available,,,,,,,,,,
GroupsFixed,2023-10-01,available,,2023-01-01,1.0,1.0,[],fixed,freeze,2022-12-01,assumed_previous_december_not_source_verified,
P3IndependentRidge,2023-10-01,available,,2023-01-01,1.0,1.0,,fixed,freeze,2022-12-01,assumed_previous_december_not_source_verified,"{11: 'food', 12: 'services', 13: 'nonfood', 14: 'services', 15: 'nonfood', 16: 'food', 17: 'nonfood', 18: 'food', 19: 'food', 20: 'nonfood', 21: 'nonfood', 22: 'services', 23: 'nonfood', 24: 'food', 25: 'nonfood', 26: 'food', 27: 'nonfood', 28: 'food', 29: 'nonfood', 30: 'nonfood', 31: 'nonfood', 32: 'nonfood', 33: 'food', 34: 'food', 35: 'services', 36: 'food', 37: 'nonfood', 38: 'nonfood', 39: 'food', 40: 'nonfood', 41: 'nonfood', 42: 'nonfood', 43: 'nonfood', 44: 'services', 46: 'services', 47: 'services', 48: 'services', 49: 'food', 50: 'food', 51: 'nonfood', 52: 'food', 53: 'food', 54: 'nonfood', 55: 'services', 67: 'services'}"
P3PartialPooling,2023-10-01,available,,2023-01-01,1.0,1.0,,fixed,freeze,2022-12-01,assumed_previous_december_not_source_verified,"{11: 'food', 12: 'services', 13: 'nonfood', 14: 'services', 15: 'nonfood', 16: 'food', 17: 'nonfood', 18: 'food', 19: 'food', 20: 'nonfood', 21: 'nonfood', 22: 'services', 23: 'nonfood', 24: 'food', 25: 'nonfood', 26: 'food', 27: 'nonfood', 28: 'food', 29: 'nonfood', 30: 'nonfood', 31: 'nonfood', 32: 'nonfood', 33: 'food', 34: 'food', 35: 'services', 36: 'food', 37: 'nonfood', 38: 'nonfood', 39: 'food', 40: 'nonfood', 41: 'nonfood', 42: 'nonfood', 43: 'nonfood', 44: 'services', 46: 'services', 47: 'services', 48: 'services', 49: 'food', 50: 'food', 51: 'nonfood', 52: 'food', 53: 'food', 54: 'nonfood', 55: 'services', 67: 'services'}"
P3PoolingLagTrend,2023-10-01,available,,2023-01-01,1.0,1.0,,fixed,freeze,2022-12-01,assumed_previous_december_not_source_verified,"{11: 'food', 12: 'services', 13: 'nonfood', 14: 'services', 15: 'nonfood', 16: 'food', 17: 'nonfood', 18: 'food', 19: 'food', 20: 'nonfood', 21: 'nonfood', 22: 'services', 23: 'nonfood', 24: 'food', 25: 'nonfood', 26: 'food', 27: 'nonfood', 28: 'food', 29: 'nonfood', 30: 'nonfood', 31: 'nonfood', 32: 'nonfood', 33: 'food', 34: 'food', 35: 'services', 36: 'food', 37: 'nonfood', 38: 'nonfood', 39: 'food', 40: 'nonfood', 41: 'nonfood', 42: 'nonfood', 43: 'nonfood', 44: 'services', 46: 'services', 47: 'services', 48: 'services', 49: 'food', 50: 'food', 51: 'nonfood', 52: 'food', 53: 'food', 54: 'nonfood', 55: 'services', 67: 'services'}"
Ridge,2023-11-01,available,,,,,,,,,,
Huber,2023-11-01,available,,,,,,,,,,
SeasonalNaive,2023-11-01,available,,,,,,,,,,
GroupsFixed,2023-11-01,available,,2023-01-01,1.0,1.0,[],fixed,freeze,2022-12-01,assumed_previous_december_not_source_verified,
P3IndependentRidge,2023-11-01,available,,2023-01-01,1.0,1.0,,fixed,freeze,2022-12-01,assumed_previous_december_not_source_verified,"{11: 'food', 12: 'services', 13: 'nonfood', 14: 'services', 15: 'nonfood', 16: 'food', 17: 'nonfood', 18: 'food', 19: 'food', 20: 'nonfood', 21: 'nonfood', 22: 'services', 23: 'nonfood', 24: 'food', 25: 'nonfood', 26: 'food', 27: 'nonfood', 28: 'food', 29: 'nonfood', 30: 'nonfood', 31: 'nonfood', 32: 'nonfood', 33: 'food', 34: 'food', 35: 'services', 36: 'food', 37: 'nonfood', 38: 'nonfood', 39: 'food', 40: 'nonfood', 41: 'nonfood', 42: 'nonfood', 43: 'nonfood', 44: 'services', 46: 'services', 47: 'services', 48: 'services', 49: 'food', 50: 'food', 51: 'nonfood', 52: 'food', 53: 'food', 54: 'nonfood', 55: 'services', 67: 'services'}"
P3PartialPooling,2023-11-01,available,,2023-01-01,1.0,1.0,,fixed,freeze,2022-12-01,assumed_previous_december_not_source_verified,"{11: 'food', 12: 'services', 13: 'nonfood', 14: 'services', 15: 'nonfood', 16: 'food', 17: 'nonfood', 18: 'food', 19: 'food', 20: 'nonfood', 21: 'nonfood', 22: 'services', 23: 'nonfood', 24: 'food', 25: 'nonfood', 26: 'food', 27: 'nonfood', 28: 'food', 29: 'nonfood', 30: 'nonfood', 31: 'nonfood', 32: 'nonfood', 33: 'food', 34: 'food', 35: 'services', 36: 'food', 37: 'nonfood', 38: 'nonfood', 39: 'food', 40: 'nonfood', 41: 'nonfood', 42: 'nonfood', 43: 'nonfood', 44: 'services', 46: 'services', 47: 'services', 48: 'services', 49: 'food', 50: 'food', 51: 'nonfood', 52: 'food', 53: 'food', 54: 'nonfood', 55: 'services', 67: 'services'}"
P3PoolingLagTrend,2023-11-01,available,,2023-01-01,1.0,1.0,,fixed,freeze,2022-12-01,assumed_previous_december_not_source_verified,"{11: 'food', 12: 'services', 13: 'nonfood', 14: 'services', 15: 'nonfood', 16: 'food', 17: 'nonfood', 18: 'food', 19: 'food', 20: 'nonfood', 21: 'nonfood', 22: 'services', 23: 'nonfood', 24: 'food', 25: 'nonfood', 26: 'food', 27: 'nonfood', 28: 'food', 29: 'nonfood', 30: 'nonfood', 31: 'nonfood', 32: 'nonfood', 33: 'food', 34: 'food', 35: 'services', 36: 'food', 37: 'nonfood', 38: 'nonfood', 39: 'food', 40: 'nonfood', 41: 'nonfood', 42: 'nonfood', 43: 'nonfood', 44: 'services', 46: 'services', 47: 'services', 48: 'services', 49: 'food', 50: 'food', 51: 'nonfood', 52: 'food', 53: 'food', 54: 'nonfood', 55: 'services', 67: 'services'}"
Ridge,2023-12-01,available,,,,,,,,,,
Huber,2023-12-01,available,,,,,,,,,,
SeasonalNaive,2023-12-01,available,,,,,,,,,,
GroupsFixed,2023-12-01,available,,2023-01-01,1.0,1.0,[],fixed,freeze,2022-12-01,assumed_previous_december_not_source_verified,
P3IndependentRidge,2023-12-01,available,,2023-01-01,1.0,1.0,,fixed,freeze,2022-12-01,assumed_previous_december_not_source_verified,"{11: 'food', 12: 'services', 13: 'nonfood', 14: 'services', 15: 'nonfood', 16: 'food', 17: 'nonfood', 18: 'food', 19: 'food', 20: 'nonfood', 21: 'nonfood', 22: 'services', 23: 'nonfood', 24: 'food', 25: 'nonfood', 26: 'food', 27: 'nonfood', 28: 'food', 29: 'nonfood', 30: 'nonfood', 31: 'nonfood', 32: 'nonfood', 33: 'food', 34: 'food', 35: 'services', 36: 'food', 37: 'nonfood', 38: 'nonfood', 39: 'food', 40: 'nonfood', 41: 'nonfood', 42: 'nonfood', 43: 'nonfood', 44: 'services', 46: 'services', 47: 'services', 48: 'services', 49: 'food', 50: 'food', 51: 'nonfood', 52: 'food', 53: 'food', 54: 'nonfood', 55: 'services', 67: 'services'}"
P3PartialPooling,2023-12-01,available,,2023-01-01,1.0,1.0,,fixed,freeze,2022-12-01,assumed_previous_december_not_source_verified,"{11: 'food', 12: 'services', 13: 'nonfood', 14: 'services', 15: 'nonfood', 16: 'food', 17: 'nonfood', 18: 'food', 19: 'food', 20: 'nonfood', 21: 'nonfood', 22: 'services', 23: 'nonfood', 24: 'food', 25: 'nonfood', 26: 'food', 27: 'nonfood', 28: 'food', 29: 'nonfood', 30: 'nonfood', 31: 'nonfood', 32: 'nonfood', 33: 'food', 34: 'food', 35: 'services', 36: 'food', 37: 'nonfood', 38: 'nonfood', 39: 'food', 40: 'nonfood', 41: 'nonfood', 42: 'nonfood', 43: 'nonfood', 44: 'services', 46: 'services', 47: 'services', 48: 'services', 49: 'food', 50: 'food', 51: 'nonfood', 52: 'food', 53: 'food', 54: 'nonfood', 55: 'services', 67: 'services'}"
P3PoolingLagTrend,2023-12-01,available,,2023-01-01,1.0,1.0,,fixed,freeze,2022-12-01,assumed_previous_december_not_source_verified,"{11: 'food', 12: 'services', 13: 'nonfood', 14: 'services', 15: 'nonfood', 16: 'food', 17: 'nonfood', 18: 'food', 19: 'food', 20: 'nonfood', 21: 'nonfood', 22: 'services', 23: 'nonfood', 24: 'food', 25: 'nonfood', 26: 'food', 27: 'nonfood', 28: 'food', 29: 'nonfood', 30: 'nonfood', 31: 'nonfood', 32: 'nonfood', 33: 'food', 34: 'food', 35: 'services', 36: 'food', 37: 'nonfood', 38: 'nonfood', 39: 'food', 40: 'nonfood', 41: 'nonfood', 42: 'nonfood', 43: 'nonfood', 44: 'services', 46: 'services', 47: 'services', 48: 'services', 49: 'food', 50: 'food', 51: 'nonfood', 52: 'food', 53: 'food', 54: 'nonfood', 55: 'services', 67: 'services'}"
Ridge,2024-01-01,available,,,,,,,,,,
Huber,2024-01-01,available,,,,,,,,,,
SeasonalNaive,2024-01-01,available,,,,,,,,,,
GroupsFixed,2024-01-01,available,,2024-01-01,1.0,1.0,[],fixed,freeze,2023-12-01,assumed_previous_december_not_source_verified,
P3IndependentRidge,2024-01-01,available,,2024-01-01,1.0,1.0,,fixed,freeze,2023-12-01,assumed_previous_december_not_source_verified,"{11: 'food', 12: 'services', 13: 'nonfood', 14: 'services', 15: 'nonfood', 16: 'food', 17: 'nonfood', 18: 'food', 19: 'food', 20: 'nonfood', 21: 'nonfood', 22: 'services', 23: 'nonfood', 24: 'food', 25: 'nonfood', 26: 'food', 27: 'nonfood', 28: 'food', 29: 'nonfood', 30: 'nonfood', 31: 'nonfood', 32: 'nonfood', 33: 'food', 34: 'food', 35: 'services', 36: 'food', 37: 'nonfood', 38: 'nonfood', 39: 'food', 40: 'nonfood', 41: 'nonfood', 42: 'nonfood', 43: 'nonfood', 44: 'services', 46: 'services', 47: 'services', 48: 'services', 49: 'food', 50: 'food', 51: 'nonfood', 52: 'food', 53: 'food', 54: 'nonfood', 55: 'services', 67: 'services'}"
P3PartialPooling,2024-01-01,available,,2024-01-01,1.0,1.0,,fixed,freeze,2023-12-01,assumed_previous_december_not_source_verified,"{11: 'food', 12: 'services', 13: 'nonfood', 14: 'services', 15: 'nonfood', 16: 'food', 17: 'nonfood', 18: 'food', 19: 'food', 20: 'nonfood', 21: 'nonfood', 22: 'services', 23: 'nonfood', 24: 'food', 25: 'nonfood', 26: 'food', 27: 'nonfood', 28: 'food', 29: 'nonfood', 30: 'nonfood', 31: 'nonfood', 32: 'nonfood', 33: 'food', 34: 'food', 35: 'services', 36: 'food', 37: 'nonfood', 38: 'nonfood', 39: 'food', 40: 'nonfood', 41: 'nonfood', 42: 'nonfood', 43: 'nonfood', 44: 'services', 46: 'services', 47: 'services', 48: 'services', 49: 'food', 50: 'food', 51: 'nonfood', 52: 'food', 53: 'food', 54: 'nonfood', 55: 'services', 67: 'services'}"
P3PoolingLagTrend,2024-01-01,available,,2024-01-01,1.0,1.0,,fixed,freeze,2023-12-01,assumed_previous_december_not_source_verified,"{11: 'food', 12: 'services', 13: 'nonfood', 14: 'services', 15: 'nonfood', 16: 'food', 17: 'nonfood', 18: 'food', 19: 'food', 20: 'nonfood', 21: 'nonfood', 22: 'services', 23: 'nonfood', 24: 'food', 25: 'nonfood', 26: 'food', 27: 'nonfood', 28: 'food', 29: 'nonfood', 30: 'nonfood', 31: 'nonfood', 32: 'nonfood', 33: 'food', 34: 'food', 35: 'services', 36: 'food', 37: 'nonfood', 38: 'nonfood', 39: 'food', 40: 'nonfood', 41: 'nonfood', 42: 'nonfood', 43: 'nonfood', 44: 'services', 46: 'services', 47: 'services', 48: 'services', 49: 'food', 50: 'food', 51: 'nonfood', 52: 'food', 53: 'food', 54: 'nonfood', 55: 'services', 67: 'services'}"
Ridge,2024-02-01,available,,,,,,,,,,
Huber,2024-02-01,available,,,,,,,,,,
SeasonalNaive,2024-02-01,available,,,,,,,,,,
GroupsFixed,2024-02-01,available,,2024-01-01,1.0,1.0,[],fixed,freeze,2023-12-01,assumed_previous_december_not_source_verified,
P3IndependentRidge,2024-02-01,available,,2024-01-01,1.0,1.0,,fixed,freeze,2023-12-01,assumed_previous_december_not_source_verified,"{11: 'food', 12: 'services', 13: 'nonfood', 14: 'services', 15: 'nonfood', 16: 'food', 17: 'nonfood', 18: 'food', 19: 'food', 20: 'nonfood', 21: 'nonfood', 22: 'services', 23: 'nonfood', 24: 'food', 25: 'nonfood', 26: 'food', 27: 'nonfood', 28: 'food', 29: 'nonfood', 30: 'nonfood', 31: 'nonfood', 32: 'nonfood', 33: 'food', 34: 'food', 35: 'services', 36: 'food', 37: 'nonfood', 38: 'nonfood', 39: 'food', 40: 'nonfood', 41: 'nonfood', 42: 'nonfood', 43: 'nonfood', 44: 'services', 46: 'services', 47: 'services', 48: 'services', 49: 'food', 50: 'food', 51: 'nonfood', 52: 'food', 53: 'food', 54: 'nonfood', 55: 'services', 67: 'services'}"
P3PartialPooling,2024-02-01,available,,2024-01-01,1.0,1.0,,fixed,freeze,2023-12-01,assumed_previous_december_not_source_verified,"{11: 'food', 12: 'services', 13: 'nonfood', 14: 'services', 15: 'nonfood', 16: 'food', 17: 'nonfood', 18: 'food', 19: 'food', 20: 'nonfood', 21: 'nonfood', 22: 'services', 23: 'nonfood', 24: 'food', 25: 'nonfood', 26: 'food', 27: 'nonfood', 28: 'food', 29: 'nonfood', 30: 'nonfood', 31: 'nonfood', 32: 'nonfood', 33: 'food', 34: 'food', 35: 'services', 36: 'food', 37: 'nonfood', 38: 'nonfood', 39: 'food', 40: 'nonfood', 41: 'nonfood', 42: 'nonfood', 43: 'nonfood', 44: 'services', 46: 'services', 47: 'services', 48: 'services', 49: 'food', 50: 'food', 51: 'nonfood', 52: 'food', 53: 'food', 54: 'nonfood', 55: 'services', 67: 'services'}"
P3PoolingLagTrend,2024-02-01,available,,2024-01-01,1.0,1.0,,fixed,freeze,2023-12-01,assumed_previous_december_not_source_verified,"{11: 'food', 12: 'services', 13: 'nonfood', 14: 'services', 15: 'nonfood', 16: 'food', 17: 'nonfood', 18: 'food', 19: 'food', 20: 'nonfood', 21: 'nonfood', 22: 'services', 23: 'nonfood', 24: 'food', 25: 'nonfood', 26: 'food', 27: 'nonfood', 28: 'food', 29: 'nonfood', 30: 'nonfood', 31: 'nonfood', 32: 'nonfood', 33: 'food', 34: 'food', 35: 'services', 36: 'food', 37: 'nonfood', 38: 'nonfood', 39: 'food', 40: 'nonfood', 41: 'nonfood', 42: 'nonfood', 43: 'nonfood', 44: 'services', 46: 'services', 47: 'services', 48: 'services', 49: 'food', 50: 'food', 51: 'nonfood', 52: 'food', 53: 'food', 54: 'nonfood', 55: 'services', 67: 'services'}"
Ridge,2024-03-01,available,,,,,,,,,,
Huber,2024-03-01,available,,,,,,,,,,
SeasonalNaive,2024-03-01,available,,,,,,,,,,
GroupsFixed,2024-03-01,available,,2024-01-01,1.0,1.0,[],fixed,freeze,2023-12-01,assumed_previous_december_not_source_verified,
P3IndependentRidge,2024-03-01,available,,2024-01-01,1.0,1.0,,fixed,freeze,2023-12-01,assumed_previous_december_not_source_verified,"{11: 'food', 12: 'services', 13: 'nonfood', 14: 'services', 15: 'nonfood', 16: 'food', 17: 'nonfood', 18: 'food', 19: 'food', 20: 'nonfood', 21: 'nonfood', 22: 'services', 23: 'nonfood', 24: 'food', 25: 'nonfood', 26: 'food', 27: 'nonfood', 28: 'food', 29: 'nonfood', 30: 'nonfood', 31: 'nonfood', 32: 'nonfood', 33: 'food', 34: 'food', 35: 'services', 36: 'food', 37: 'nonfood', 38: 'nonfood', 39: 'food', 40: 'nonfood', 41: 'nonfood', 42: 'nonfood', 43: 'nonfood', 44: 'services', 46: 'services', 47: 'services', 48: 'services', 49: 'food', 50: 'food', 51: 'nonfood', 52: 'food', 53: 'food', 54: 'nonfood', 55: 'services', 67: 'services'}"
P3PartialPooling,2024-03-01,available,,2024-01-01,1.0,1.0,,fixed,freeze,2023-12-01,assumed_previous_december_not_source_verified,"{11: 'food', 12: 'services', 13: 'nonfood', 14: 'services', 15: 'nonfood', 16: 'food', 17: 'nonfood', 18: 'food', 19: 'food', 20: 'nonfood', 21: 'nonfood', 22: 'services', 23: 'nonfood', 24: 'food', 25: 'nonfood', 26: 'food', 27: 'nonfood', 28: 'food', 29: 'nonfood', 30: 'nonfood', 31: 'nonfood', 32: 'nonfood', 33: 'food', 34: 'food', 35: 'services', 36: 'food', 37: 'nonfood', 38: 'nonfood', 39: 'food', 40: 'nonfood', 41: 'nonfood', 42: 'nonfood', 43: 'nonfood', 44: 'services', 46: 'services', 47: 'services', 48: 'services', 49: 'food', 50: 'food', 51: 'nonfood', 52: 'food', 53: 'food', 54: 'nonfood', 55: 'services', 67: 'services'}"
P3PoolingLagTrend,2024-03-01,available,,2024-01-01,1.0,1.0,,fixed,freeze,2023-12-01,assumed_previous_december_not_source_verified,"{11: 'food', 12: 'services', 13: 'nonfood', 14: 'services', 15: 'nonfood', 16: 'food', 17: 'nonfood', 18: 'food', 19: 'food', 20: 'nonfood', 21: 'nonfood', 22: 'services', 23: 'nonfood', 24: 'food', 25: 'nonfood', 26: 'food', 27: 'nonfood', 28: 'food', 29: 'nonfood', 30: 'nonfood', 31: 'nonfood', 32: 'nonfood', 33: 'food', 34: 'food', 35: 'services', 36: 'food', 37: 'nonfood', 38: 'nonfood', 39: 'food', 40: 'nonfood', 41: 'nonfood', 42: 'nonfood', 43: 'nonfood', 44: 'services', 46: 'services', 47: 'services', 48: 'services', 49: 'food', 50: 'food', 51: 'nonfood', 52: 'food', 53: 'food', 54: 'nonfood', 55: 'services', 67: 'services'}"
Ridge,2024-04-01,available,,,,,,,,,,
Huber,2024-04-01,available,,,,,,,,,,
SeasonalNaive,2024-04-01,available,,,,,,,,,,
GroupsFixed,2024-04-01,available,,2024-01-01,1.0,1.0,[],fixed,freeze,2023-12-01,assumed_previous_december_not_source_verified,
P3IndependentRidge,2024-04-01,available,,2024-01-01,1.0,1.0,,fixed,freeze,2023-12-01,assumed_previous_december_not_source_verified,"{11: 'food', 12: 'services', 13: 'nonfood', 14: 'services', 15: 'nonfood', 16: 'food', 17: 'nonfood', 18: 'food', 19: 'food', 20: 'nonfood', 21: 'nonfood', 22: 'services', 23: 'nonfood', 24: 'food', 25: 'nonfood', 26: 'food', 27: 'nonfood', 28: 'food', 29: 'nonfood', 30: 'nonfood', 31: 'nonfood', 32: 'nonfood', 33: 'food', 34: 'food', 35: 'services', 36: 'food', 37: 'nonfood', 38: 'nonfood', 39: 'food', 40: 'nonfood', 41: 'nonfood', 42: 'nonfood', 43: 'nonfood', 44: 'services', 46: 'services', 47: 'services', 48: 'services', 49: 'food', 50: 'food', 51: 'nonfood', 52: 'food', 53: 'food', 54: 'nonfood', 55: 'services', 67: 'services'}"
P3PartialPooling,2024-04-01,available,,2024-01-01,1.0,1.0,,fixed,freeze,2023-12-01,assumed_previous_december_not_source_verified,"{11: 'food', 12: 'services', 13: 'nonfood', 14: 'services', 15: 'nonfood', 16: 'food', 17: 'nonfood', 18: 'food', 19: 'food', 20: 'nonfood', 21: 'nonfood', 22: 'services', 23: 'nonfood', 24: 'food', 25: 'nonfood', 26: 'food', 27: 'nonfood', 28: 'food', 29: 'nonfood', 30: 'nonfood', 31: 'nonfood', 32: 'nonfood', 33: 'food', 34: 'food', 35: 'services', 36: 'food', 37: 'nonfood', 38: 'nonfood', 39: 'food', 40: 'nonfood', 41: 'nonfood', 42: 'nonfood', 43: 'nonfood', 44: 'services', 46: 'services', 47: 'services', 48: 'services', 49: 'food', 50: 'food', 51: 'nonfood', 52: 'food', 53: 'food', 54: 'nonfood', 55: 'services', 67: 'services'}"
P3PoolingLagTrend,2024-04-01,available,,2024-01-01,1.0,1.0,,fixed,freeze,2023-12-01,assumed_previous_december_not_source_verified,"{11: 'food', 12: 'services', 13: 'nonfood', 14: 'services', 15: 'nonfood', 16: 'food', 17: 'nonfood', 18: 'food', 19: 'food', 20: 'nonfood', 21: 'nonfood', 22: 'services', 23: 'nonfood', 24: 'food', 25: 'nonfood', 26: 'food', 27: 'nonfood', 28: 'food', 29: 'nonfood', 30: 'nonfood', 31: 'nonfood', 32: 'nonfood', 33: 'food', 34: 'food', 35: 'services', 36: 'food', 37: 'nonfood', 38: 'nonfood', 39: 'food', 40: 'nonfood', 41: 'nonfood', 42: 'nonfood', 43: 'nonfood', 44: 'services', 46: 'services', 47: 'services', 48: 'services', 49: 'food', 50: 'food', 51: 'nonfood', 52: 'food', 53: 'food', 54: 'nonfood', 55: 'services', 67: 'services'}"
Ridge,2024-05-01,available,,,,,,,,,,
Huber,2024-05-01,available,,,,,,,,,,
SeasonalNaive,2024-05-01,available,,,,,,,,,,
GroupsFixed,2024-05-01,available,,2024-01-01,1.0,1.0,[],fixed,freeze,2023-12-01,assumed_previous_december_not_source_verified,
P3IndependentRidge,2024-05-01,available,,2024-01-01,1.0,1.0,,fixed,freeze,2023-12-01,assumed_previous_december_not_source_verified,"{11: 'food', 12: 'services', 13: 'nonfood', 14: 'services', 15: 'nonfood', 16: 'food', 17: 'nonfood', 18: 'food', 19: 'food', 20: 'nonfood', 21: 'nonfood', 22: 'services', 23: 'nonfood', 24: 'food', 25: 'nonfood', 26: 'food', 27: 'nonfood', 28: 'food', 29: 'nonfood', 30: 'nonfood', 31: 'nonfood', 32: 'nonfood', 33: 'food', 34: 'food', 35: 'services', 36: 'food', 37: 'nonfood', 38: 'nonfood', 39: 'food', 40: 'nonfood', 41: 'nonfood', 42: 'nonfood', 43: 'nonfood', 44: 'services', 46: 'services', 47: 'services', 48: 'services', 49: 'food', 50: 'food', 51: 'nonfood', 52: 'food', 53: 'food', 54: 'nonfood', 55: 'services', 67: 'services'}"
P3PartialPooling,2024-05-01,available,,2024-01-01,1.0,1.0,,fixed,freeze,2023-12-01,assumed_previous_december_not_source_verified,"{11: 'food', 12: 'services', 13: 'nonfood', 14: 'services', 15: 'nonfood', 16: 'food', 17: 'nonfood', 18: 'food', 19: 'food', 20: 'nonfood', 21: 'nonfood', 22: 'services', 23: 'nonfood', 24: 'food', 25: 'nonfood', 26: 'food', 27: 'nonfood', 28: 'food', 29: 'nonfood', 30: 'nonfood', 31: 'nonfood', 32: 'nonfood', 33: 'food', 34: 'food', 35: 'services', 36: 'food', 37: 'nonfood', 38: 'nonfood', 39: 'food', 40: 'nonfood', 41: 'nonfood', 42: 'nonfood', 43: 'nonfood', 44: 'services', 46: 'services', 47: 'services', 48: 'services', 49: 'food', 50: 'food', 51: 'nonfood', 52: 'food', 53: 'food', 54: 'nonfood', 55: 'services', 67: 'services'}"
P3PoolingLagTrend,2024-05-01,available,,2024-01-01,1.0,1.0,,fixed,freeze,2023-12-01,assumed_previous_december_not_source_verified,"{11: 'food', 12: 'services', 13: 'nonfood', 14: 'services', 15: 'nonfood', 16: 'food', 17: 'nonfood', 18: 'food', 19: 'food', 20: 'nonfood', 21: 'nonfood', 22: 'services', 23: 'nonfood', 24: 'food', 25: 'nonfood', 26: 'food', 27: 'nonfood', 28: 'food', 29: 'nonfood', 30: 'nonfood', 31: 'nonfood', 32: 'nonfood', 33: 'food', 34: 'food', 35: 'services', 36: 'food', 37: 'nonfood', 38: 'nonfood', 39: 'food', 40: 'nonfood', 41: 'nonfood', 42: 'nonfood', 43: 'nonfood', 44: 'services', 46: 'services', 47: 'services', 48: 'services', 49: 'food', 50: 'food', 51: 'nonfood', 52: 'food', 53: 'food', 54: 'nonfood', 55: 'services', 67: 'services'}"
Ridge,2024-06-01,available,,,,,,,,,,
Huber,2024-06-01,available,,,,,,,,,,
SeasonalNaive,2024-06-01,available,,,,,,,,,,
GroupsFixed,2024-06-01,available,,2024-01-01,1.0,1.0,[],fixed,freeze,2023-12-01,assumed_previous_december_not_source_verified,
P3IndependentRidge,2024-06-01,available,,2024-01-01,1.0,1.0,,fixed,freeze,2023-12-01,assumed_previous_december_not_source_verified,"{11: 'food', 12: 'services', 13: 'nonfood', 14: 'services', 15: 'nonfood', 16: 'food', 17: 'nonfood', 18: 'food', 19: 'food', 20: 'nonfood', 21: 'nonfood', 22: 'services', 23: 'nonfood', 24: 'food', 25: 'nonfood', 26: 'food', 27: 'nonfood', 28: 'food', 29: 'nonfood', 30: 'nonfood', 31: 'nonfood', 32: 'nonfood', 33: 'food', 34: 'food', 35: 'services', 36: 'food', 37: 'nonfood', 38: 'nonfood', 39: 'food', 40: 'nonfood', 41: 'nonfood', 42: 'nonfood', 43: 'nonfood', 44: 'services', 46: 'services', 47: 'services', 48: 'services', 49: 'food', 50: 'food', 51: 'nonfood', 52: 'food', 53: 'food', 54: 'nonfood', 55: 'services', 67: 'services'}"
P3PartialPooling,2024-06-01,available,,2024-01-01,1.0,1.0,,fixed,freeze,2023-12-01,assumed_previous_december_not_source_verified,"{11: 'food', 12: 'services', 13: 'nonfood', 14: 'services', 15: 'nonfood', 16: 'food', 17: 'nonfood', 18: 'food', 19: 'food', 20: 'nonfood', 21: 'nonfood', 22: 'services', 23: 'nonfood', 24: 'food', 25: 'nonfood', 26: 'food', 27: 'nonfood', 28: 'food', 29: 'nonfood', 30: 'nonfood', 31: 'nonfood', 32: 'nonfood', 33: 'food', 34: 'food', 35: 'services', 36: 'food', 37: 'nonfood', 38: 'nonfood', 39: 'food', 40: 'nonfood', 41: 'nonfood', 42: 'nonfood', 43: 'nonfood', 44: 'services', 46: 'services', 47: 'services', 48: 'services', 49: 'food', 50: 'food', 51: 'nonfood', 52: 'food', 53: 'food', 54: 'nonfood', 55: 'services', 67: 'services'}"
P3PoolingLagTrend,2024-06-01,available,,2024-01-01,1.0,1.0,,fixed,freeze,2023-12-01,assumed_previous_december_not_source_verified,"{11: 'food', 12: 'services', 13: 'nonfood', 14: 'services', 15: 'nonfood', 16: 'food', 17: 'nonfood', 18: 'food', 19: 'food', 20: 'nonfood', 21: 'nonfood', 22: 'services', 23: 'nonfood', 24: 'food', 25: 'nonfood', 26: 'food', 27: 'nonfood', 28: 'food', 29: 'nonfood', 30: 'nonfood', 31: 'nonfood', 32: 'nonfood', 33: 'food', 34: 'food', 35: 'services', 36: 'food', 37: 'nonfood', 38: 'nonfood', 39: 'food', 40: 'nonfood', 41: 'nonfood', 42: 'nonfood', 43: 'nonfood', 44: 'services', 46: 'services', 47: 'services', 48: 'services', 49: 'food', 50: 'food', 51: 'nonfood', 52: 'food', 53: 'food', 54: 'nonfood', 55: 'services', 67: 'services'}"
Ridge,2024-07-01,available,,,,,,,,,,
Huber,2024-07-01,available,,,,,,,,,,
SeasonalNaive,2024-07-01,available,,,,,,,,,,
GroupsFixed,2024-07-01,available,,2024-01-01,1.0,1.0,[],fixed,freeze,2023-12-01,assumed_previous_december_not_source_verified,
P3IndependentRidge,2024-07-01,available,,2024-01-01,1.0,1.0,,fixed,freeze,2023-12-01,assumed_previous_december_not_source_verified,"{11: 'food', 12: 'services', 13: 'nonfood', 14: 'services', 15: 'nonfood', 16: 'food', 17: 'nonfood', 18: 'food', 19: 'food', 20: 'nonfood', 21: 'nonfood', 22: 'services', 23: 'nonfood', 24: 'food', 25: 'nonfood', 26: 'food', 27: 'nonfood', 28: 'food', 29: 'nonfood', 30: 'nonfood', 31: 'nonfood', 32: 'nonfood', 33: 'food', 34: 'food', 35: 'services', 36: 'food', 37: 'nonfood', 38: 'nonfood', 39: 'food', 40: 'nonfood', 41: 'nonfood', 42: 'nonfood', 43: 'nonfood', 44: 'services', 46: 'services', 47: 'services', 48: 'services', 49: 'food', 50: 'food', 51: 'nonfood', 52: 'food', 53: 'food', 54: 'nonfood', 55: 'services', 67: 'services'}"
P3PartialPooling,2024-07-01,available,,2024-01-01,1.0,1.0,,fixed,freeze,2023-12-01,assumed_previous_december_not_source_verified,"{11: 'food', 12: 'services', 13: 'nonfood', 14: 'services', 15: 'nonfood', 16: 'food', 17: 'nonfood', 18: 'food', 19: 'food', 20: 'nonfood', 21: 'nonfood', 22: 'services', 23: 'nonfood', 24: 'food', 25: 'nonfood', 26: 'food', 27: 'nonfood', 28: 'food', 29: 'nonfood', 30: 'nonfood', 31: 'nonfood', 32: 'nonfood', 33: 'food', 34: 'food', 35: 'services', 36: 'food', 37: 'nonfood', 38: 'nonfood', 39: 'food', 40: 'nonfood', 41: 'nonfood', 42: 'nonfood', 43: 'nonfood', 44: 'services', 46: 'services', 47: 'services', 48: 'services', 49: 'food', 50: 'food', 51: 'nonfood', 52: 'food', 53: 'food', 54: 'nonfood', 55: 'services', 67: 'services'}"
P3PoolingLagTrend,2024-07-01,available,,2024-01-01,1.0,1.0,,fixed,freeze,2023-12-01,assumed_previous_december_not_source_verified,"{11: 'food', 12: 'services', 13: 'nonfood', 14: 'services', 15: 'nonfood', 16: 'food', 17: 'nonfood', 18: 'food', 19: 'food', 20: 'nonfood', 21: 'nonfood', 22: 'services', 23: 'nonfood', 24: 'food', 25: 'nonfood', 26: 'food', 27: 'nonfood', 28: 'food', 29: 'nonfood', 30: 'nonfood', 31: 'nonfood', 32: 'nonfood', 33: 'food', 34: 'food', 35: 'services', 36: 'food', 37: 'nonfood', 38: 'nonfood', 39: 'food', 40: 'nonfood', 41: 'nonfood', 42: 'nonfood', 43: 'nonfood', 44: 'services', 46: 'services', 47: 'services', 48: 'services', 49: 'food', 50: 'food', 51: 'nonfood', 52: 'food', 53: 'food', 54: 'nonfood', 55: 'services', 67: 'services'}"
Ridge,2024-08-01,available,,,,,,,,,,
Huber,2024-08-01,available,,,,,,,,,,
SeasonalNaive,2024-08-01,available,,,,,,,,,,
GroupsFixed,2024-08-01,available,,2024-01-01,1.0,1.0,[],fixed,freeze,2023-12-01,assumed_previous_december_not_source_verified,
P3IndependentRidge,2024-08-01,available,,2024-01-01,1.0,1.0,,fixed,freeze,2023-12-01,assumed_previous_december_not_source_verified,"{11: 'food', 12: 'services', 13: 'nonfood', 14: 'services', 15: 'nonfood', 16: 'food', 17: 'nonfood', 18: 'food', 19: 'food', 20: 'nonfood', 21: 'nonfood', 22: 'services', 23: 'nonfood', 24: 'food', 25: 'nonfood', 26: 'food', 27: 'nonfood', 28: 'food', 29: 'nonfood', 30: 'nonfood', 31: 'nonfood', 32: 'nonfood', 33: 'food', 34: 'food', 35: 'services', 36: 'food', 37: 'nonfood', 38: 'nonfood', 39: 'food', 40: 'nonfood', 41: 'nonfood', 42: 'nonfood', 43: 'nonfood', 44: 'services', 46: 'services', 47: 'services', 48: 'services', 49: 'food', 50: 'food', 51: 'nonfood', 52: 'food', 53: 'food', 54: 'nonfood', 55: 'services', 67: 'services'}"
P3PartialPooling,2024-08-01,available,,2024-01-01,1.0,1.0,,fixed,freeze,2023-12-01,assumed_previous_december_not_source_verified,"{11: 'food', 12: 'services', 13: 'nonfood', 14: 'services', 15: 'nonfood', 16: 'food', 17: 'nonfood', 18: 'food', 19: 'food', 20: 'nonfood', 21: 'nonfood', 22: 'services', 23: 'nonfood', 24: 'food', 25: 'nonfood', 26: 'food', 27: 'nonfood', 28: 'food', 29: 'nonfood', 30: 'nonfood', 31: 'nonfood', 32: 'nonfood', 33: 'food', 34: 'food', 35: 'services', 36: 'food', 37: 'nonfood', 38: 'nonfood', 39: 'food', 40: 'nonfood', 41: 'nonfood', 42: 'nonfood', 43: 'nonfood', 44: 'services', 46: 'services', 47: 'services', 48: 'services', 49: 'food', 50: 'food', 51: 'nonfood', 52: 'food', 53: 'food', 54: 'nonfood', 55: 'services', 67: 'services'}"
P3PoolingLagTrend,2024-08-01,available,,2024-01-01,1.0,1.0,,fixed,freeze,2023-12-01,assumed_previous_december_not_source_verified,"{11: 'food', 12: 'services', 13: 'nonfood', 14: 'services', 15: 'nonfood', 16: 'food', 17: 'nonfood', 18: 'food', 19: 'food', 20: 'nonfood', 21: 'nonfood', 22: 'services', 23: 'nonfood', 24: 'food', 25: 'nonfood', 26: 'food', 27: 'nonfood', 28: 'food', 29: 'nonfood', 30: 'nonfood', 31: 'nonfood', 32: 'nonfood', 33: 'food', 34: 'food', 35: 'services', 36: 'food', 37: 'nonfood', 38: 'nonfood', 39: 'food', 40: 'nonfood', 41: 'nonfood', 42: 'nonfood', 43: 'nonfood', 44: 'services', 46: 'services', 47: 'services', 48: 'services', 49: 'food', 50: 'food', 51: 'nonfood', 52: 'food', 53: 'food', 54: 'nonfood', 55: 'services', 67: 'services'}"
Ridge,2024-09-01,available,,,,,,,,,,
Huber,2024-09-01,available,,,,,,,,,,
SeasonalNaive,2024-09-01,available,,,,,,,,,,
GroupsFixed,2024-09-01,available,,2024-01-01,1.0,1.0,[],fixed,freeze,2023-12-01,assumed_previous_december_not_source_verified,
P3IndependentRidge,2024-09-01,available,,2024-01-01,1.0,1.0,,fixed,freeze,2023-12-01,assumed_previous_december_not_source_verified,"{11: 'food', 12: 'services', 13: 'nonfood', 14: 'services', 15: 'nonfood', 16: 'food', 17: 'nonfood', 18: 'food', 19: 'food', 20: 'nonfood', 21: 'nonfood', 22: 'services', 23: 'nonfood', 24: 'food', 25: 'nonfood', 26: 'food', 27: 'nonfood', 28: 'food', 29: 'nonfood', 30: 'nonfood', 31: 'nonfood', 32: 'nonfood', 33: 'food', 34: 'food', 35: 'services', 36: 'food', 37: 'nonfood', 38: 'nonfood', 39: 'food', 40: 'nonfood', 41: 'nonfood', 42: 'nonfood', 43: 'nonfood', 44: 'services', 46: 'services', 47: 'services', 48: 'services', 49: 'food', 50: 'food', 51: 'nonfood', 52: 'food', 53: 'food', 54: 'nonfood', 55: 'services', 67: 'services'}"
P3PartialPooling,2024-09-01,available,,2024-01-01,1.0,1.0,,fixed,freeze,2023-12-01,assumed_previous_december_not_source_verified,"{11: 'food', 12: 'services', 13: 'nonfood', 14: 'services', 15: 'nonfood', 16: 'food', 17: 'nonfood', 18: 'food', 19: 'food', 20: 'nonfood', 21: 'nonfood', 22: 'services', 23: 'nonfood', 24: 'food', 25: 'nonfood', 26: 'food', 27: 'nonfood', 28: 'food', 29: 'nonfood', 30: 'nonfood', 31: 'nonfood', 32: 'nonfood', 33: 'food', 34: 'food', 35: 'services', 36: 'food', 37: 'nonfood', 38: 'nonfood', 39: 'food', 40: 'nonfood', 41: 'nonfood', 42: 'nonfood', 43: 'nonfood', 44: 'services', 46: 'services', 47: 'services', 48: 'services', 49: 'food', 50: 'food', 51: 'nonfood', 52: 'food', 53: 'food', 54: 'nonfood', 55: 'services', 67: 'services'}"
P3PoolingLagTrend,2024-09-01,available,,2024-01-01,1.0,1.0,,fixed,freeze,2023-12-01,assumed_previous_december_not_source_verified,"{11: 'food', 12: 'services', 13: 'nonfood', 14: 'services', 15: 'nonfood', 16: 'food', 17: 'nonfood', 18: 'food', 19: 'food', 20: 'nonfood', 21: 'nonfood', 22: 'services', 23: 'nonfood', 24: 'food', 25: 'nonfood', 26: 'food', 27: 'nonfood', 28: 'food', 29: 'nonfood', 30: 'nonfood', 31: 'nonfood', 32: 'nonfood', 33: 'food', 34: 'food', 35: 'services', 36: 'food', 37: 'nonfood', 38: 'nonfood', 39: 'food', 40: 'nonfood', 41: 'nonfood', 42: 'nonfood', 43: 'nonfood', 44: 'services', 46: 'services', 47: 'services', 48: 'services', 49: 'food', 50: 'food', 51: 'nonfood', 52: 'food', 53: 'food', 54: 'nonfood', 55: 'services', 67: 'services'}"
Ridge,2024-10-01,available,,,,,,,,,,
Huber,2024-10-01,available,,,,,,,,,,
SeasonalNaive,2024-10-01,available,,,,,,,,,,
GroupsFixed,2024-10-01,available,,2024-01-01,1.0,1.0,[],fixed,freeze,2023-12-01,assumed_previous_december_not_source_verified,
P3IndependentRidge,2024-10-01,available,,2024-01-01,1.0,1.0,,fixed,freeze,2023-12-01,assumed_previous_december_not_source_verified,"{11: 'food', 12: 'services', 13: 'nonfood', 14: 'services', 15: 'nonfood', 16: 'food', 17: 'nonfood', 18: 'food', 19: 'food', 20: 'nonfood', 21: 'nonfood', 22: 'services', 23: 'nonfood', 24: 'food', 25: 'nonfood', 26: 'food', 27: 'nonfood', 28: 'food', 29: 'nonfood', 30: 'nonfood', 31: 'nonfood', 32: 'nonfood', 33: 'food', 34: 'food', 35: 'services', 36: 'food', 37: 'nonfood', 38: 'nonfood', 39: 'food', 40: 'nonfood', 41: 'nonfood', 42: 'nonfood', 43: 'nonfood', 44: 'services', 46: 'services', 47: 'services', 48: 'services', 49: 'food', 50: 'food', 51: 'nonfood', 52: 'food', 53: 'food', 54: 'nonfood', 55: 'services', 67: 'services'}"
P3PartialPooling,2024-10-01,available,,2024-01-01,1.0,1.0,,fixed,freeze,2023-12-01,assumed_previous_december_not_source_verified,"{11: 'food', 12: 'services', 13: 'nonfood', 14: 'services', 15: 'nonfood', 16: 'food', 17: 'nonfood', 18: 'food', 19: 'food', 20: 'nonfood', 21: 'nonfood', 22: 'services', 23: 'nonfood', 24: 'food', 25: 'nonfood', 26: 'food', 27: 'nonfood', 28: 'food', 29: 'nonfood', 30: 'nonfood', 31: 'nonfood', 32: 'nonfood', 33: 'food', 34: 'food', 35: 'services', 36: 'food', 37: 'nonfood', 38: 'nonfood', 39: 'food', 40: 'nonfood', 41: 'nonfood', 42: 'nonfood', 43: 'nonfood', 44: 'services', 46: 'services', 47: 'services', 48: 'services', 49: 'food', 50: 'food', 51: 'nonfood', 52: 'food', 53: 'food', 54: 'nonfood', 55: 'services', 67: 'services'}"
P3PoolingLagTrend,2024-10-01,available,,2024-01-01,1.0,1.0,,fixed,freeze,2023-12-01,assumed_previous_december_not_source_verified,"{11: 'food', 12: 'services', 13: 'nonfood', 14: 'services', 15: 'nonfood', 16: 'food', 17: 'nonfood', 18: 'food', 19: 'food', 20: 'nonfood', 21: 'nonfood', 22: 'services', 23: 'nonfood', 24: 'food', 25: 'nonfood', 26: 'food', 27: 'nonfood', 28: 'food', 29: 'nonfood', 30: 'nonfood', 31: 'nonfood', 32: 'nonfood', 33: 'food', 34: 'food', 35: 'services', 36: 'food', 37: 'nonfood', 38: 'nonfood', 39: 'food', 40: 'nonfood', 41: 'nonfood', 42: 'nonfood', 43: 'nonfood', 44: 'services', 46: 'services', 47: 'services', 48: 'services', 49: 'food', 50: 'food', 51: 'nonfood', 52: 'food', 53: 'food', 54: 'nonfood', 55: 'services', 67: 'services'}"
Ridge,2024-11-01,available,,,,,,,,,,
Huber,2024-11-01,available,,,,,,,,,,
SeasonalNaive,2024-11-01,available,,,,,,,,,,
GroupsFixed,2024-11-01,available,,2024-01-01,1.0,1.0,[],fixed,freeze,2023-12-01,assumed_previous_december_not_source_verified,
P3IndependentRidge,2024-11-01,available,,2024-01-01,1.0,1.0,,fixed,freeze,2023-12-01,assumed_previous_december_not_source_verified,"{11: 'food', 12: 'services', 13: 'nonfood', 14: 'services', 15: 'nonfood', 16: 'food', 17: 'nonfood', 18: 'food', 19: 'food', 20: 'nonfood', 21: 'nonfood', 22: 'services', 23: 'nonfood', 24: 'food', 25: 'nonfood', 26: 'food', 27: 'nonfood', 28: 'food', 29: 'nonfood', 30: 'nonfood', 31: 'nonfood', 32: 'nonfood', 33: 'food', 34: 'food', 35: 'services', 36: 'food', 37: 'nonfood', 38: 'nonfood', 39: 'food', 40: 'nonfood', 41: 'nonfood', 42: 'nonfood', 43: 'nonfood', 44: 'services', 46: 'services', 47: 'services', 48: 'services', 49: 'food', 50: 'food', 51: 'nonfood', 52: 'food', 53: 'food', 54: 'nonfood', 55: 'services', 67: 'services'}"
P3PartialPooling,2024-11-01,available,,2024-01-01,1.0,1.0,,fixed,freeze,2023-12-01,assumed_previous_december_not_source_verified,"{11: 'food', 12: 'services', 13: 'nonfood', 14: 'services', 15: 'nonfood', 16: 'food', 17: 'nonfood', 18: 'food', 19: 'food', 20: 'nonfood', 21: 'nonfood', 22: 'services', 23: 'nonfood', 24: 'food', 25: 'nonfood', 26: 'food', 27: 'nonfood', 28: 'food', 29: 'nonfood', 30: 'nonfood', 31: 'nonfood', 32: 'nonfood', 33: 'food', 34: 'food', 35: 'services', 36: 'food', 37: 'nonfood', 38: 'nonfood', 39: 'food', 40: 'nonfood', 41: 'nonfood', 42: 'nonfood', 43: 'nonfood', 44: 'services', 46: 'services', 47: 'services', 48: 'services', 49: 'food', 50: 'food', 51: 'nonfood', 52: 'food', 53: 'food', 54: 'nonfood', 55: 'services', 67: 'services'}"
P3PoolingLagTrend,2024-11-01,available,,2024-01-01,1.0,1.0,,fixed,freeze,2023-12-01,assumed_previous_december_not_source_verified,"{11: 'food', 12: 'services', 13: 'nonfood', 14: 'services', 15: 'nonfood', 16: 'food', 17: 'nonfood', 18: 'food', 19: 'food', 20: 'nonfood', 21: 'nonfood', 22: 'services', 23: 'nonfood', 24: 'food', 25: 'nonfood', 26: 'food', 27: 'nonfood', 28: 'food', 29: 'nonfood', 30: 'nonfood', 31: 'nonfood', 32: 'nonfood', 33: 'food', 34: 'food', 35: 'services', 36: 'food', 37: 'nonfood', 38: 'nonfood', 39: 'food', 40: 'nonfood', 41: 'nonfood', 42: 'nonfood', 43: 'nonfood', 44: 'services', 46: 'services', 47: 'services', 48: 'services', 49: 'food', 50: 'food', 51: 'nonfood', 52: 'food', 53: 'food', 54: 'nonfood', 55: 'services', 67: 'services'}"
Ridge,2024-12-01,available,,,,,,,,,,
Huber,2024-12-01,available,,,,,,,,,,
SeasonalNaive,2024-12-01,available,,,,,,,,,,
GroupsFixed,2024-12-01,available,,2024-01-01,1.0,1.0,[],fixed,freeze,2023-12-01,assumed_previous_december_not_source_verified,
P3IndependentRidge,2024-12-01,available,,2024-01-01,1.0,1.0,,fixed,freeze,2023-12-01,assumed_previous_december_not_source_verified,"{11: 'food', 12: 'services', 13: 'nonfood', 14: 'services', 15: 'nonfood', 16: 'food', 17: 'nonfood', 18: 'food', 19: 'food', 20: 'nonfood', 21: 'nonfood', 22: 'services', 23: 'nonfood', 24: 'food', 25: 'nonfood', 26: 'food', 27: 'nonfood', 28: 'food', 29: 'nonfood', 30: 'nonfood', 31: 'nonfood', 32: 'nonfood', 33: 'food', 34: 'food', 35: 'services', 36: 'food', 37: 'nonfood', 38: 'nonfood', 39: 'food', 40: 'nonfood', 41: 'nonfood', 42: 'nonfood', 43: 'nonfood', 44: 'services', 46: 'services', 47: 'services', 48: 'services', 49: 'food', 50: 'food', 51: 'nonfood', 52: 'food', 53: 'food', 54: 'nonfood', 55: 'services', 67: 'services'}"
P3PartialPooling,2024-12-01,available,,2024-01-01,1.0,1.0,,fixed,freeze,2023-12-01,assumed_previous_december_not_source_verified,"{11: 'food', 12: 'services', 13: 'nonfood', 14: 'services', 15: 'nonfood', 16: 'food', 17: 'nonfood', 18: 'food', 19: 'food', 20: 'nonfood', 21: 'nonfood', 22: 'services', 23: 'nonfood', 24: 'food', 25: 'nonfood', 26: 'food', 27: 'nonfood', 28: 'food', 29: 'nonfood', 30: 'nonfood', 31: 'nonfood', 32: 'nonfood', 33: 'food', 34: 'food', 35: 'services', 36: 'food', 37: 'nonfood', 38: 'nonfood', 39: 'food', 40: 'nonfood', 41: 'nonfood', 42: 'nonfood', 43: 'nonfood', 44: 'services', 46: 'services', 47: 'services', 48: 'services', 49: 'food', 50: 'food', 51: 'nonfood', 52: 'food', 53: 'food', 54: 'nonfood', 55: 'services', 67: 'services'}"
P3PoolingLagTrend,2024-12-01,available,,2024-01-01,1.0,1.0,,fixed,freeze,2023-12-01,assumed_previous_december_not_source_verified,"{11: 'food', 12: 'services', 13: 'nonfood', 14: 'services', 15: 'nonfood', 16: 'food', 17: 'nonfood', 18: 'food', 19: 'food', 20: 'nonfood', 21: 'nonfood', 22: 'services', 23: 'nonfood', 24: 'food', 25: 'nonfood', 26: 'food', 27: 'nonfood', 28: 'food', 29: 'nonfood', 30: 'nonfood', 31: 'nonfood', 32: 'nonfood', 33: 'food', 34: 'food', 35: 'services', 36: 'food', 37: 'nonfood', 38: 'nonfood', 39: 'food', 40: 'nonfood', 41: 'nonfood', 42: 'nonfood', 43: 'nonfood', 44: 'services', 46: 'services', 47: 'services', 48: 'services', 49: 'food', 50: 'food', 51: 'nonfood', 52: 'food', 53: 'food', 54: 'nonfood', 55: 'services', 67: 'services'}"
Ridge,2025-01-01,available,,,,,,,,,,
Huber,2025-01-01,available,,,,,,,,,,
SeasonalNaive,2025-01-01,available,,,,,,,,,,
GroupsFixed,2025-01-01,available,,2025-01-01,1.0,1.0,[],fixed,freeze,2024-12-01,assumed_previous_december_not_source_verified,
P3IndependentRidge,2025-01-01,available,,2025-01-01,1.0,1.0,,fixed,freeze,2024-12-01,assumed_previous_december_not_source_verified,"{11: 'food', 12: 'services', 13: 'nonfood', 14: 'services', 15: 'nonfood', 16: 'food', 17: 'nonfood', 18: 'food', 19: 'food', 20: 'nonfood', 21: 'nonfood', 22: 'services', 23: 'nonfood', 24: 'food', 25: 'nonfood', 26: 'food', 27: 'nonfood', 28: 'food', 29: 'nonfood', 30: 'nonfood', 31: 'nonfood', 32: 'nonfood', 33: 'food', 34: 'food', 35: 'services', 36: 'food', 37: 'nonfood', 38: 'nonfood', 39: 'food', 40: 'nonfood', 41: 'nonfood', 42: 'nonfood', 43: 'nonfood', 44: 'services', 46: 'services', 47: 'services', 48: 'services', 49: 'food', 50: 'food', 51: 'nonfood', 52: 'food', 53: 'food', 54: 'nonfood', 55: 'services', 67: 'services'}"
P3PartialPooling,2025-01-01,available,,2025-01-01,1.0,1.0,,fixed,freeze,2024-12-01,assumed_previous_december_not_source_verified,"{11: 'food', 12: 'services', 13: 'nonfood', 14: 'services', 15: 'nonfood', 16: 'food', 17: 'nonfood', 18: 'food', 19: 'food', 20: 'nonfood', 21: 'nonfood', 22: 'services', 23: 'nonfood', 24: 'food', 25: 'nonfood', 26: 'food', 27: 'nonfood', 28: 'food', 29: 'nonfood', 30: 'nonfood', 31: 'nonfood', 32: 'nonfood', 33: 'food', 34: 'food', 35: 'services', 36: 'food', 37: 'nonfood', 38: 'nonfood', 39: 'food', 40: 'nonfood', 41: 'nonfood', 42: 'nonfood', 43: 'nonfood', 44: 'services', 46: 'services', 47: 'services', 48: 'services', 49: 'food', 50: 'food', 51: 'nonfood', 52: 'food', 53: 'food', 54: 'nonfood', 55: 'services', 67: 'services'}"
P3PoolingLagTrend,2025-01-01,available,,2025-01-01,1.0,1.0,,fixed,freeze,2024-12-01,assumed_previous_december_not_source_verified,"{11: 'food', 12: 'services', 13: 'nonfood', 14: 'services', 15: 'nonfood', 16: 'food', 17: 'nonfood', 18: 'food', 19: 'food', 20: 'nonfood', 21: 'nonfood', 22: 'services', 23: 'nonfood', 24: 'food', 25: 'nonfood', 26: 'food', 27: 'nonfood', 28: 'food', 29: 'nonfood', 30: 'nonfood', 31: 'nonfood', 32: 'nonfood', 33: 'food', 34: 'food', 35: 'services', 36: 'food', 37: 'nonfood', 38: 'nonfood', 39: 'food', 40: 'nonfood', 41: 'nonfood', 42: 'nonfood', 43: 'nonfood', 44: 'services', 46: 'services', 47: 'services', 48: 'services', 49: 'food', 50: 'food', 51: 'nonfood', 52: 'food', 53: 'food', 54: 'nonfood', 55: 'services', 67: 'services'}"
Ridge,2025-02-01,available,,,,,,,,,,
Huber,2025-02-01,available,,,,,,,,,,
SeasonalNaive,2025-02-01,available,,,,,,,,,,
GroupsFixed,2025-02-01,available,,2025-01-01,1.0,1.0,[],fixed,freeze,2024-12-01,assumed_previous_december_not_source_verified,
P3IndependentRidge,2025-02-01,available,,2025-01-01,1.0,1.0,,fixed,freeze,2024-12-01,assumed_previous_december_not_source_verified,"{11: 'food', 12: 'services', 13: 'nonfood', 14: 'services', 15: 'nonfood', 16: 'food', 17: 'nonfood', 18: 'food', 19: 'food', 20: 'nonfood', 21: 'nonfood', 22: 'services', 23: 'nonfood', 24: 'food', 25: 'nonfood', 26: 'food', 27: 'nonfood', 28: 'food', 29: 'nonfood', 30: 'nonfood', 31: 'nonfood', 32: 'nonfood', 33: 'food', 34: 'food', 35: 'services', 36: 'food', 37: 'nonfood', 38: 'nonfood', 39: 'food', 40: 'nonfood', 41: 'nonfood', 42: 'nonfood', 43: 'nonfood', 44: 'services', 46: 'services', 47: 'services', 48: 'services', 49: 'food', 50: 'food', 51: 'nonfood', 52: 'food', 53: 'food', 54: 'nonfood', 55: 'services', 67: 'services'}"
P3PartialPooling,2025-02-01,available,,2025-01-01,1.0,1.0,,fixed,freeze,2024-12-01,assumed_previous_december_not_source_verified,"{11: 'food', 12: 'services', 13: 'nonfood', 14: 'services', 15: 'nonfood', 16: 'food', 17: 'nonfood', 18: 'food', 19: 'food', 20: 'nonfood', 21: 'nonfood', 22: 'services', 23: 'nonfood', 24: 'food', 25: 'nonfood', 26: 'food', 27: 'nonfood', 28: 'food', 29: 'nonfood', 30: 'nonfood', 31: 'nonfood', 32: 'nonfood', 33: 'food', 34: 'food', 35: 'services', 36: 'food', 37: 'nonfood', 38: 'nonfood', 39: 'food', 40: 'nonfood', 41: 'nonfood', 42: 'nonfood', 43: 'nonfood', 44: 'services', 46: 'services', 47: 'services', 48: 'services', 49: 'food', 50: 'food', 51: 'nonfood', 52: 'food', 53: 'food', 54: 'nonfood', 55: 'services', 67: 'services'}"
P3PoolingLagTrend,2025-02-01,available,,2025-01-01,1.0,1.0,,fixed,freeze,2024-12-01,assumed_previous_december_not_source_verified,"{11: 'food', 12: 'services', 13: 'nonfood', 14: 'services', 15: 'nonfood', 16: 'food', 17: 'nonfood', 18: 'food', 19: 'food', 20: 'nonfood', 21: 'nonfood', 22: 'services', 23: 'nonfood', 24: 'food', 25: 'nonfood', 26: 'food', 27: 'nonfood', 28: 'food', 29: 'nonfood', 30: 'nonfood', 31: 'nonfood', 32: 'nonfood', 33: 'food', 34: 'food', 35: 'services', 36: 'food', 37: 'nonfood', 38: 'nonfood', 39: 'food', 40: 'nonfood', 41: 'nonfood', 42: 'nonfood', 43: 'nonfood', 44: 'services', 46: 'services', 47: 'services', 48: 'services', 49: 'food', 50: 'food', 51: 'nonfood', 52: 'food', 53: 'food', 54: 'nonfood', 55: 'services', 67: 'services'}"
Ridge,2025-03-01,available,,,,,,,,,,
Huber,2025-03-01,available,,,,,,,,,,
SeasonalNaive,2025-03-01,available,,,,,,,,,,
GroupsFixed,2025-03-01,available,,2025-01-01,1.0,1.0,[],fixed,freeze,2024-12-01,assumed_previous_december_not_source_verified,
P3IndependentRidge,2025-03-01,available,,2025-01-01,1.0,1.0,,fixed,freeze,2024-12-01,assumed_previous_december_not_source_verified,"{11: 'food', 12: 'services', 13: 'nonfood', 14: 'services', 15: 'nonfood', 16: 'food', 17: 'nonfood', 18: 'food', 19: 'food', 20: 'nonfood', 21: 'nonfood', 22: 'services', 23: 'nonfood', 24: 'food', 25: 'nonfood', 26: 'food', 27: 'nonfood', 28: 'food', 29: 'nonfood', 30: 'nonfood', 31: 'nonfood', 32: 'nonfood', 33: 'food', 34: 'food', 35: 'services', 36: 'food', 37: 'nonfood', 38: 'nonfood', 39: 'food', 40: 'nonfood', 41: 'nonfood', 42: 'nonfood', 43: 'nonfood', 44: 'services', 46: 'services', 47: 'services', 48: 'services', 49: 'food', 50: 'food', 51: 'nonfood', 52: 'food', 53: 'food', 54: 'nonfood', 55: 'services', 67: 'services'}"
P3PartialPooling,2025-03-01,available,,2025-01-01,1.0,1.0,,fixed,freeze,2024-12-01,assumed_previous_december_not_source_verified,"{11: 'food', 12: 'services', 13: 'nonfood', 14: 'services', 15: 'nonfood', 16: 'food', 17: 'nonfood', 18: 'food', 19: 'food', 20: 'nonfood', 21: 'nonfood', 22: 'services', 23: 'nonfood', 24: 'food', 25: 'nonfood', 26: 'food', 27: 'nonfood', 28: 'food', 29: 'nonfood', 30: 'nonfood', 31: 'nonfood', 32: 'nonfood', 33: 'food', 34: 'food', 35: 'services', 36: 'food', 37: 'nonfood', 38: 'nonfood', 39: 'food', 40: 'nonfood', 41: 'nonfood', 42: 'nonfood', 43: 'nonfood', 44: 'services', 46: 'services', 47: 'services', 48: 'services', 49: 'food', 50: 'food', 51: 'nonfood', 52: 'food', 53: 'food', 54: 'nonfood', 55: 'services', 67: 'services'}"
P3PoolingLagTrend,2025-03-01,available,,2025-01-01,1.0,1.0,,fixed,freeze,2024-12-01,assumed_previous_december_not_source_verified,"{11: 'food', 12: 'services', 13: 'nonfood', 14: 'services', 15: 'nonfood', 16: 'food', 17: 'nonfood', 18: 'food', 19: 'food', 20: 'nonfood', 21: 'nonfood', 22: 'services', 23: 'nonfood', 24: 'food', 25: 'nonfood', 26: 'food', 27: 'nonfood', 28: 'food', 29: 'nonfood', 30: 'nonfood', 31: 'nonfood', 32: 'nonfood', 33: 'food', 34: 'food', 35: 'services', 36: 'food', 37: 'nonfood', 38: 'nonfood', 39: 'food', 40: 'nonfood', 41: 'nonfood', 42: 'nonfood', 43: 'nonfood', 44: 'services', 46: 'services', 47: 'services', 48: 'services', 49: 'food', 50: 'food', 51: 'nonfood', 52: 'food', 53: 'food', 54: 'nonfood', 55: 'services', 67: 'services'}"
Ridge,2025-04-01,available,,,,,,,,,,
Huber,2025-04-01,available,,,,,,,,,,
SeasonalNaive,2025-04-01,available,,,,,,,,,,
GroupsFixed,2025-04-01,available,,2025-01-01,1.0,1.0,[],fixed,freeze,2024-12-01,assumed_previous_december_not_source_verified,
P3IndependentRidge,2025-04-01,available,,2025-01-01,1.0,1.0,,fixed,freeze,2024-12-01,assumed_previous_december_not_source_verified,"{11: 'food', 12: 'services', 13: 'nonfood', 14: 'services', 15: 'nonfood', 16: 'food', 17: 'nonfood', 18: 'food', 19: 'food', 20: 'nonfood', 21: 'nonfood', 22: 'services', 23: 'nonfood', 24: 'food', 25: 'nonfood', 26: 'food', 27: 'nonfood', 28: 'food', 29: 'nonfood', 30: 'nonfood', 31: 'nonfood', 32: 'nonfood', 33: 'food', 34: 'food', 35: 'services', 36: 'food', 37: 'nonfood', 38: 'nonfood', 39: 'food', 40: 'nonfood', 41: 'nonfood', 42: 'nonfood', 43: 'nonfood', 44: 'services', 46: 'services', 47: 'services', 48: 'services', 49: 'food', 50: 'food', 51: 'nonfood', 52: 'food', 53: 'food', 54: 'nonfood', 55: 'services', 67: 'services'}"
P3PartialPooling,2025-04-01,available,,2025-01-01,1.0,1.0,,fixed,freeze,2024-12-01,assumed_previous_december_not_source_verified,"{11: 'food', 12: 'services', 13: 'nonfood', 14: 'services', 15: 'nonfood', 16: 'food', 17: 'nonfood', 18: 'food', 19: 'food', 20: 'nonfood', 21: 'nonfood', 22: 'services', 23: 'nonfood', 24: 'food', 25: 'nonfood', 26: 'food', 27: 'nonfood', 28: 'food', 29: 'nonfood', 30: 'nonfood', 31: 'nonfood', 32: 'nonfood', 33: 'food', 34: 'food', 35: 'services', 36: 'food', 37: 'nonfood', 38: 'nonfood', 39: 'food', 40: 'nonfood', 41: 'nonfood', 42: 'nonfood', 43: 'nonfood', 44: 'services', 46: 'services', 47: 'services', 48: 'services', 49: 'food', 50: 'food', 51: 'nonfood', 52: 'food', 53: 'food', 54: 'nonfood', 55: 'services', 67: 'services'}"
P3PoolingLagTrend,2025-04-01,available,,2025-01-01,1.0,1.0,,fixed,freeze,2024-12-01,assumed_previous_december_not_source_verified,"{11: 'food', 12: 'services', 13: 'nonfood', 14: 'services', 15: 'nonfood', 16: 'food', 17: 'nonfood', 18: 'food', 19: 'food', 20: 'nonfood', 21: 'nonfood', 22: 'services', 23: 'nonfood', 24: 'food', 25: 'nonfood', 26: 'food', 27: 'nonfood', 28: 'food', 29: 'nonfood', 30: 'nonfood', 31: 'nonfood', 32: 'nonfood', 33: 'food', 34: 'food', 35: 'services', 36: 'food', 37: 'nonfood', 38: 'nonfood', 39: 'food', 40: 'nonfood', 41: 'nonfood', 42: 'nonfood', 43: 'nonfood', 44: 'services', 46: 'services', 47: 'services', 48: 'services', 49: 'food', 50: 'food', 51: 'nonfood', 52: 'food', 53: 'food', 54: 'nonfood', 55: 'services', 67: 'services'}"
Ridge,2025-05-01,available,,,,,,,,,,
Huber,2025-05-01,available,,,,,,,,,,
SeasonalNaive,2025-05-01,available,,,,,,,,,,
GroupsFixed,2025-05-01,available,,2025-01-01,1.0,1.0,[],fixed,freeze,2024-12-01,assumed_previous_december_not_source_verified,
P3IndependentRidge,2025-05-01,available,,2025-01-01,1.0,1.0,,fixed,freeze,2024-12-01,assumed_previous_december_not_source_verified,"{11: 'food', 12: 'services', 13: 'nonfood', 14: 'services', 15: 'nonfood', 16: 'food', 17: 'nonfood', 18: 'food', 19: 'food', 20: 'nonfood', 21: 'nonfood', 22: 'services', 23: 'nonfood', 24: 'food', 25: 'nonfood', 26: 'food', 27: 'nonfood', 28: 'food', 29: 'nonfood', 30: 'nonfood', 31: 'nonfood', 32: 'nonfood', 33: 'food', 34: 'food', 35: 'services', 36: 'food', 37: 'nonfood', 38: 'nonfood', 39: 'food', 40: 'nonfood', 41: 'nonfood', 42: 'nonfood', 43: 'nonfood', 44: 'services', 46: 'services', 47: 'services', 48: 'services', 49: 'food', 50: 'food', 51: 'nonfood', 52: 'food', 53: 'food', 54: 'nonfood', 55: 'services', 67: 'services'}"
P3PartialPooling,2025-05-01,available,,2025-01-01,1.0,1.0,,fixed,freeze,2024-12-01,assumed_previous_december_not_source_verified,"{11: 'food', 12: 'services', 13: 'nonfood', 14: 'services', 15: 'nonfood', 16: 'food', 17: 'nonfood', 18: 'food', 19: 'food', 20: 'nonfood', 21: 'nonfood', 22: 'services', 23: 'nonfood', 24: 'food', 25: 'nonfood', 26: 'food', 27: 'nonfood', 28: 'food', 29: 'nonfood', 30: 'nonfood', 31: 'nonfood', 32: 'nonfood', 33: 'food', 34: 'food', 35: 'services', 36: 'food', 37: 'nonfood', 38: 'nonfood', 39: 'food', 40: 'nonfood', 41: 'nonfood', 42: 'nonfood', 43: 'nonfood', 44: 'services', 46: 'services', 47: 'services', 48: 'services', 49: 'food', 50: 'food', 51: 'nonfood', 52: 'food', 53: 'food', 54: 'nonfood', 55: 'services', 67: 'services'}"
P3PoolingLagTrend,2025-05-01,available,,2025-01-01,1.0,1.0,,fixed,freeze,2024-12-01,assumed_previous_december_not_source_verified,"{11: 'food', 12: 'services', 13: 'nonfood', 14: 'services', 15: 'nonfood', 16: 'food', 17: 'nonfood', 18: 'food', 19: 'food', 20: 'nonfood', 21: 'nonfood', 22: 'services', 23: 'nonfood', 24: 'food', 25: 'nonfood', 26: 'food', 27: 'nonfood', 28: 'food', 29: 'nonfood', 30: 'nonfood', 31: 'nonfood', 32: 'nonfood', 33: 'food', 34: 'food', 35: 'services', 36: 'food', 37: 'nonfood', 38: 'nonfood', 39: 'food', 40: 'nonfood', 41: 'nonfood', 42: 'nonfood', 43: 'nonfood', 44: 'services', 46: 'services', 47: 'services', 48: 'services', 49: 'food', 50: 'food', 51: 'nonfood', 52: 'food', 53: 'food', 54: 'nonfood', 55: 'services', 67: 'services'}"
Ridge,2025-06-01,available,,,,,,,,,,
Huber,2025-06-01,available,,,,,,,,,,
SeasonalNaive,2025-06-01,available,,,,,,,,,,
GroupsFixed,2025-06-01,available,,2025-01-01,1.0,1.0,[],fixed,freeze,2024-12-01,assumed_previous_december_not_source_verified,
P3IndependentRidge,2025-06-01,available,,2025-01-01,1.0,1.0,,fixed,freeze,2024-12-01,assumed_previous_december_not_source_verified,"{11: 'food', 12: 'services', 13: 'nonfood', 14: 'services', 15: 'nonfood', 16: 'food', 17: 'nonfood', 18: 'food', 19: 'food', 20: 'nonfood', 21: 'nonfood', 22: 'services', 23: 'nonfood', 24: 'food', 25: 'nonfood', 26: 'food', 27: 'nonfood', 28: 'food', 29: 'nonfood', 30: 'nonfood', 31: 'nonfood', 32: 'nonfood', 33: 'food', 34: 'food', 35: 'services', 36: 'food', 37: 'nonfood', 38: 'nonfood', 39: 'food', 40: 'nonfood', 41: 'nonfood', 42: 'nonfood', 43: 'nonfood', 44: 'services', 46: 'services', 47: 'services', 48: 'services', 49: 'food', 50: 'food', 51: 'nonfood', 52: 'food', 53: 'food', 54: 'nonfood', 55: 'services', 67: 'services'}"
P3PartialPooling,2025-06-01,available,,2025-01-01,1.0,1.0,,fixed,freeze,2024-12-01,assumed_previous_december_not_source_verified,"{11: 'food', 12: 'services', 13: 'nonfood', 14: 'services', 15: 'nonfood', 16: 'food', 17: 'nonfood', 18: 'food', 19: 'food', 20: 'nonfood', 21: 'nonfood', 22: 'services', 23: 'nonfood', 24: 'food', 25: 'nonfood', 26: 'food', 27: 'nonfood', 28: 'food', 29: 'nonfood', 30: 'nonfood', 31: 'nonfood', 32: 'nonfood', 33: 'food', 34: 'food', 35: 'services', 36: 'food', 37: 'nonfood', 38: 'nonfood', 39: 'food', 40: 'nonfood', 41: 'nonfood', 42: 'nonfood', 43: 'nonfood', 44: 'services', 46: 'services', 47: 'services', 48: 'services', 49: 'food', 50: 'food', 51: 'nonfood', 52: 'food', 53: 'food', 54: 'nonfood', 55: 'services', 67: 'services'}"
P3PoolingLagTrend,2025-06-01,available,,2025-01-01,1.0,1.0,,fixed,freeze,2024-12-01,assumed_previous_december_not_source_verified,"{11: 'food', 12: 'services', 13: 'nonfood', 14: 'services', 15: 'nonfood', 16: 'food', 17: 'nonfood', 18: 'food', 19: 'food', 20: 'nonfood', 21: 'nonfood', 22: 'services', 23: 'nonfood', 24: 'food', 25: 'nonfood', 26: 'food', 27: 'nonfood', 28: 'food', 29: 'nonfood', 30: 'nonfood', 31: 'nonfood', 32: 'nonfood', 33: 'food', 34: 'food', 35: 'services', 36: 'food', 37: 'nonfood', 38: 'nonfood', 39: 'food', 40: 'nonfood', 41: 'nonfood', 42: 'nonfood', 43: 'nonfood', 44: 'services', 46: 'services', 47: 'services', 48: 'services', 49: 'food', 50: 'food', 51: 'nonfood', 52: 'food', 53: 'food', 54: 'nonfood', 55: 'services', 67: 'services'}"
Ridge,2025-07-01,available,,,,,,,,,,
Huber,2025-07-01,available,,,,,,,,,,
SeasonalNaive,2025-07-01,available,,,,,,,,,,
GroupsFixed,2025-07-01,available,,2025-01-01,1.0,1.0,[],fixed,freeze,2024-12-01,assumed_previous_december_not_source_verified,
P3IndependentRidge,2025-07-01,available,,2025-01-01,1.0,1.0,,fixed,freeze,2024-12-01,assumed_previous_december_not_source_verified,"{11: 'food', 12: 'services', 13: 'nonfood', 14: 'services', 15: 'nonfood', 16: 'food', 17: 'nonfood', 18: 'food', 19: 'food', 20: 'nonfood', 21: 'nonfood', 22: 'services', 23: 'nonfood', 24: 'food', 25: 'nonfood', 26: 'food', 27: 'nonfood', 28: 'food', 29: 'nonfood', 30: 'nonfood', 31: 'nonfood', 32: 'nonfood', 33: 'food', 34: 'food', 35: 'services', 36: 'food', 37: 'nonfood', 38: 'nonfood', 39: 'food', 40: 'nonfood', 41: 'nonfood', 42: 'nonfood', 43: 'nonfood', 44: 'services', 46: 'services', 47: 'services', 48: 'services', 49: 'food', 50: 'food', 51: 'nonfood', 52: 'food', 53: 'food', 54: 'nonfood', 55: 'services', 67: 'services'}"
P3PartialPooling,2025-07-01,available,,2025-01-01,1.0,1.0,,fixed,freeze,2024-12-01,assumed_previous_december_not_source_verified,"{11: 'food', 12: 'services', 13: 'nonfood', 14: 'services', 15: 'nonfood', 16: 'food', 17: 'nonfood', 18: 'food', 19: 'food', 20: 'nonfood', 21: 'nonfood', 22: 'services', 23: 'nonfood', 24: 'food', 25: 'nonfood', 26: 'food', 27: 'nonfood', 28: 'food', 29: 'nonfood', 30: 'nonfood', 31: 'nonfood', 32: 'nonfood', 33: 'food', 34: 'food', 35: 'services', 36: 'food', 37: 'nonfood', 38: 'nonfood', 39: 'food', 40: 'nonfood', 41: 'nonfood', 42: 'nonfood', 43: 'nonfood', 44: 'services', 46: 'services', 47: 'services', 48: 'services', 49: 'food', 50: 'food', 51: 'nonfood', 52: 'food', 53: 'food', 54: 'nonfood', 55: 'services', 67: 'services'}"
P3PoolingLagTrend,2025-07-01,available,,2025-01-01,1.0,1.0,,fixed,freeze,2024-12-01,assumed_previous_december_not_source_verified,"{11: 'food', 12: 'services', 13: 'nonfood', 14: 'services', 15: 'nonfood', 16: 'food', 17: 'nonfood', 18: 'food', 19: 'food', 20: 'nonfood', 21: 'nonfood', 22: 'services', 23: 'nonfood', 24: 'food', 25: 'nonfood', 26: 'food', 27: 'nonfood', 28: 'food', 29: 'nonfood', 30: 'nonfood', 31: 'nonfood', 32: 'nonfood', 33: 'food', 34: 'food', 35: 'services', 36: 'food', 37: 'nonfood', 38: 'nonfood', 39: 'food', 40: 'nonfood', 41: 'nonfood', 42: 'nonfood', 43: 'nonfood', 44: 'services', 46: 'services', 47: 'services', 48: 'services', 49: 'food', 50: 'food', 51: 'nonfood', 52: 'food', 53: 'food', 54: 'nonfood', 55: 'services', 67: 'services'}"
Ridge,2025-08-01,available,,,,,,,,,,
Huber,2025-08-01,available,,,,,,,,,,
SeasonalNaive,2025-08-01,available,,,,,,,,,,
GroupsFixed,2025-08-01,available,,2025-01-01,1.0,1.0,[],fixed,freeze,2024-12-01,assumed_previous_december_not_source_verified,
P3IndependentRidge,2025-08-01,available,,2025-01-01,1.0,1.0,,fixed,freeze,2024-12-01,assumed_previous_december_not_source_verified,"{11: 'food', 12: 'services', 13: 'nonfood', 14: 'services', 15: 'nonfood', 16: 'food', 17: 'nonfood', 18: 'food', 19: 'food', 20: 'nonfood', 21: 'nonfood', 22: 'services', 23: 'nonfood', 24: 'food', 25: 'nonfood', 26: 'food', 27: 'nonfood', 28: 'food', 29: 'nonfood', 30: 'nonfood', 31: 'nonfood', 32: 'nonfood', 33: 'food', 34: 'food', 35: 'services', 36: 'food', 37: 'nonfood', 38: 'nonfood', 39: 'food', 40: 'nonfood', 41: 'nonfood', 42: 'nonfood', 43: 'nonfood', 44: 'services', 46: 'services', 47: 'services', 48: 'services', 49: 'food', 50: 'food', 51: 'nonfood', 52: 'food', 53: 'food', 54: 'nonfood', 55: 'services', 67: 'services'}"
P3PartialPooling,2025-08-01,available,,2025-01-01,1.0,1.0,,fixed,freeze,2024-12-01,assumed_previous_december_not_source_verified,"{11: 'food', 12: 'services', 13: 'nonfood', 14: 'services', 15: 'nonfood', 16: 'food', 17: 'nonfood', 18: 'food', 19: 'food', 20: 'nonfood', 21: 'nonfood', 22: 'services', 23: 'nonfood', 24: 'food', 25: 'nonfood', 26: 'food', 27: 'nonfood', 28: 'food', 29: 'nonfood', 30: 'nonfood', 31: 'nonfood', 32: 'nonfood', 33: 'food', 34: 'food', 35: 'services', 36: 'food', 37: 'nonfood', 38: 'nonfood', 39: 'food', 40: 'nonfood', 41: 'nonfood', 42: 'nonfood', 43: 'nonfood', 44: 'services', 46: 'services', 47: 'services', 48: 'services', 49: 'food', 50: 'food', 51: 'nonfood', 52: 'food', 53: 'food', 54: 'nonfood', 55: 'services', 67: 'services'}"
P3PoolingLagTrend,2025-08-01,available,,2025-01-01,1.0,1.0,,fixed,freeze,2024-12-01,assumed_previous_december_not_source_verified,"{11: 'food', 12: 'services', 13: 'nonfood', 14: 'services', 15: 'nonfood', 16: 'food', 17: 'nonfood', 18: 'food', 19: 'food', 20: 'nonfood', 21: 'nonfood', 22: 'services', 23: 'nonfood', 24: 'food', 25: 'nonfood', 26: 'food', 27: 'nonfood', 28: 'food', 29: 'nonfood', 30: 'nonfood', 31: 'nonfood', 32: 'nonfood', 33: 'food', 34: 'food', 35: 'services', 36: 'food', 37: 'nonfood', 38: 'nonfood', 39: 'food', 40: 'nonfood', 41: 'nonfood', 42: 'nonfood', 43: 'nonfood', 44: 'services', 46: 'services', 47: 'services', 48: 'services', 49: 'food', 50: 'food', 51: 'nonfood', 52: 'food', 53: 'food', 54: 'nonfood', 55: 'services', 67: 'services'}"
Ridge,2025-09-01,available,,,,,,,,,,
Huber,2025-09-01,available,,,,,,,,,,
SeasonalNaive,2025-09-01,available,,,,,,,,,,
GroupsFixed,2025-09-01,available,,2025-01-01,1.0,1.0,[],fixed,freeze,2024-12-01,assumed_previous_december_not_source_verified,
P3IndependentRidge,2025-09-01,available,,2025-01-01,1.0,1.0,,fixed,freeze,2024-12-01,assumed_previous_december_not_source_verified,"{11: 'food', 12: 'services', 13: 'nonfood', 14: 'services', 15: 'nonfood', 16: 'food', 17: 'nonfood', 18: 'food', 19: 'food', 20: 'nonfood', 21: 'nonfood', 22: 'services', 23: 'nonfood', 24: 'food', 25: 'nonfood', 26: 'food', 27: 'nonfood', 28: 'food', 29: 'nonfood', 30: 'nonfood', 31: 'nonfood', 32: 'nonfood', 33: 'food', 34: 'food', 35: 'services', 36: 'food', 37: 'nonfood', 38: 'nonfood', 39: 'food', 40: 'nonfood', 41: 'nonfood', 42: 'nonfood', 43: 'nonfood', 44: 'services', 46: 'services', 47: 'services', 48: 'services', 49: 'food', 50: 'food', 51: 'nonfood', 52: 'food', 53: 'food', 54: 'nonfood', 55: 'services', 67: 'services'}"
P3PartialPooling,2025-09-01,available,,2025-01-01,1.0,1.0,,fixed,freeze,2024-12-01,assumed_previous_december_not_source_verified,"{11: 'food', 12: 'services', 13: 'nonfood', 14: 'services', 15: 'nonfood', 16: 'food', 17: 'nonfood', 18: 'food', 19: 'food', 20: 'nonfood', 21: 'nonfood', 22: 'services', 23: 'nonfood', 24: 'food', 25: 'nonfood', 26: 'food', 27: 'nonfood', 28: 'food', 29: 'nonfood', 30: 'nonfood', 31: 'nonfood', 32: 'nonfood', 33: 'food', 34: 'food', 35: 'services', 36: 'food', 37: 'nonfood', 38: 'nonfood', 39: 'food', 40: 'nonfood', 41: 'nonfood', 42: 'nonfood', 43: 'nonfood', 44: 'services', 46: 'services', 47: 'services', 48: 'services', 49: 'food', 50: 'food', 51: 'nonfood', 52: 'food', 53: 'food', 54: 'nonfood', 55: 'services', 67: 'services'}"
P3PoolingLagTrend,2025-09-01,available,,2025-01-01,1.0,1.0,,fixed,freeze,2024-12-01,assumed_previous_december_not_source_verified,"{11: 'food', 12: 'services', 13: 'nonfood', 14: 'services', 15: 'nonfood', 16: 'food', 17: 'nonfood', 18: 'food', 19: 'food', 20: 'nonfood', 21: 'nonfood', 22: 'services', 23: 'nonfood', 24: 'food', 25: 'nonfood', 26: 'food', 27: 'nonfood', 28: 'food', 29: 'nonfood', 30: 'nonfood', 31: 'nonfood', 32: 'nonfood', 33: 'food', 34: 'food', 35: 'services', 36: 'food', 37: 'nonfood', 38: 'nonfood', 39: 'food', 40: 'nonfood', 41: 'nonfood', 42: 'nonfood', 43: 'nonfood', 44: 'services', 46: 'services', 47: 'services', 48: 'services', 49: 'food', 50: 'food', 51: 'nonfood', 52: 'food', 53: 'food', 54: 'nonfood', 55: 'services', 67: 'services'}"
Ridge,2025-10-01,available,,,,,,,,,,
Huber,2025-10-01,available,,,,,,,,,,
SeasonalNaive,2025-10-01,available,,,,,,,,,,
GroupsFixed,2025-10-01,available,,2025-01-01,1.0,1.0,[],fixed,freeze,2024-12-01,assumed_previous_december_not_source_verified,
P3IndependentRidge,2025-10-01,available,,2025-01-01,1.0,1.0,,fixed,freeze,2024-12-01,assumed_previous_december_not_source_verified,"{11: 'food', 12: 'services', 13: 'nonfood', 14: 'services', 15: 'nonfood', 16: 'food', 17: 'nonfood', 18: 'food', 19: 'food', 20: 'nonfood', 21: 'nonfood', 22: 'services', 23: 'nonfood', 24: 'food', 25: 'nonfood', 26: 'food', 27: 'nonfood', 28: 'food', 29: 'nonfood', 30: 'nonfood', 31: 'nonfood', 32: 'nonfood', 33: 'food', 34: 'food', 35: 'services', 36: 'food', 37: 'nonfood', 38: 'nonfood', 39: 'food', 40: 'nonfood', 41: 'nonfood', 42: 'nonfood', 43: 'nonfood', 44: 'services', 46: 'services', 47: 'services', 48: 'services', 49: 'food', 50: 'food', 51: 'nonfood', 52: 'food', 53: 'food', 54: 'nonfood', 55: 'services', 67: 'services'}"
P3PartialPooling,2025-10-01,available,,2025-01-01,1.0,1.0,,fixed,freeze,2024-12-01,assumed_previous_december_not_source_verified,"{11: 'food', 12: 'services', 13: 'nonfood', 14: 'services', 15: 'nonfood', 16: 'food', 17: 'nonfood', 18: 'food', 19: 'food', 20: 'nonfood', 21: 'nonfood', 22: 'services', 23: 'nonfood', 24: 'food', 25: 'nonfood', 26: 'food', 27: 'nonfood', 28: 'food', 29: 'nonfood', 30: 'nonfood', 31: 'nonfood', 32: 'nonfood', 33: 'food', 34: 'food', 35: 'services', 36: 'food', 37: 'nonfood', 38: 'nonfood', 39: 'food', 40: 'nonfood', 41: 'nonfood', 42: 'nonfood', 43: 'nonfood', 44: 'services', 46: 'services', 47: 'services', 48: 'services', 49: 'food', 50: 'food', 51: 'nonfood', 52: 'food', 53: 'food', 54: 'nonfood', 55: 'services', 67: 'services'}"
P3PoolingLagTrend,2025-10-01,available,,2025-01-01,1.0,1.0,,fixed,freeze,2024-12-01,assumed_previous_december_not_source_verified,"{11: 'food', 12: 'services', 13: 'nonfood', 14: 'services', 15: 'nonfood', 16: 'food', 17: 'nonfood', 18: 'food', 19: 'food', 20: 'nonfood', 21: 'nonfood', 22: 'services', 23: 'nonfood', 24: 'food', 25: 'nonfood', 26: 'food', 27: 'nonfood', 28: 'food', 29: 'nonfood', 30: 'nonfood', 31: 'nonfood', 32: 'nonfood', 33: 'food', 34: 'food', 35: 'services', 36: 'food', 37: 'nonfood', 38: 'nonfood', 39: 'food', 40: 'nonfood', 41: 'nonfood', 42: 'nonfood', 43: 'nonfood', 44: 'services', 46: 'services', 47: 'services', 48: 'services', 49: 'food', 50: 'food', 51: 'nonfood', 52: 'food', 53: 'food', 54: 'nonfood', 55: 'services', 67: 'services'}"
Ridge,2025-11-01,available,,,,,,,,,,
Huber,2025-11-01,available,,,,,,,,,,
SeasonalNaive,2025-11-01,available,,,,,,,,,,
GroupsFixed,2025-11-01,available,,2025-01-01,1.0,1.0,[],fixed,freeze,2024-12-01,assumed_previous_december_not_source_verified,
P3IndependentRidge,2025-11-01,available,,2025-01-01,1.0,1.0,,fixed,freeze,2024-12-01,assumed_previous_december_not_source_verified,"{11: 'food', 12: 'services', 13: 'nonfood', 14: 'services', 15: 'nonfood', 16: 'food', 17: 'nonfood', 18: 'food', 19: 'food', 20: 'nonfood', 21: 'nonfood', 22: 'services', 23: 'nonfood', 24: 'food', 25: 'nonfood', 26: 'food', 27: 'nonfood', 28: 'food', 29: 'nonfood', 30: 'nonfood', 31: 'nonfood', 32: 'nonfood', 33: 'food', 34: 'food', 35: 'services', 36: 'food', 37: 'nonfood', 38: 'nonfood', 39: 'food', 40: 'nonfood', 41: 'nonfood', 42: 'nonfood', 43: 'nonfood', 44: 'services', 46: 'services', 47: 'services', 48: 'services', 49: 'food', 50: 'food', 51: 'nonfood', 52: 'food', 53: 'food', 54: 'nonfood', 55: 'services', 67: 'services'}"
P3PartialPooling,2025-11-01,available,,2025-01-01,1.0,1.0,,fixed,freeze,2024-12-01,assumed_previous_december_not_source_verified,"{11: 'food', 12: 'services', 13: 'nonfood', 14: 'services', 15: 'nonfood', 16: 'food', 17: 'nonfood', 18: 'food', 19: 'food', 20: 'nonfood', 21: 'nonfood', 22: 'services', 23: 'nonfood', 24: 'food', 25: 'nonfood', 26: 'food', 27: 'nonfood', 28: 'food', 29: 'nonfood', 30: 'nonfood', 31: 'nonfood', 32: 'nonfood', 33: 'food', 34: 'food', 35: 'services', 36: 'food', 37: 'nonfood', 38: 'nonfood', 39: 'food', 40: 'nonfood', 41: 'nonfood', 42: 'nonfood', 43: 'nonfood', 44: 'services', 46: 'services', 47: 'services', 48: 'services', 49: 'food', 50: 'food', 51: 'nonfood', 52: 'food', 53: 'food', 54: 'nonfood', 55: 'services', 67: 'services'}"
P3PoolingLagTrend,2025-11-01,available,,2025-01-01,1.0,1.0,,fixed,freeze,2024-12-01,assumed_previous_december_not_source_verified,"{11: 'food', 12: 'services', 13: 'nonfood', 14: 'services', 15: 'nonfood', 16: 'food', 17: 'nonfood', 18: 'food', 19: 'food', 20: 'nonfood', 21: 'nonfood', 22: 'services', 23: 'nonfood', 24: 'food', 25: 'nonfood', 26: 'food', 27: 'nonfood', 28: 'food', 29: 'nonfood', 30: 'nonfood', 31: 'nonfood', 32: 'nonfood', 33: 'food', 34: 'food', 35: 'services', 36: 'food', 37: 'nonfood', 38: 'nonfood', 39: 'food', 40: 'nonfood', 41: 'nonfood', 42: 'nonfood', 43: 'nonfood', 44: 'services', 46: 'services', 47: 'services', 48: 'services', 49: 'food', 50: 'food', 51: 'nonfood', 52: 'food', 53: 'food', 54: 'nonfood', 55: 'services', 67: 'services'}"
Ridge,2025-12-01,available,,,,,,,,,,
Huber,2025-12-01,available,,,,,,,,,,
SeasonalNaive,2025-12-01,available,,,,,,,,,,
GroupsFixed,2025-12-01,available,,2025-01-01,1.0,1.0,[],fixed,freeze,2024-12-01,assumed_previous_december_not_source_verified,
P3IndependentRidge,2025-12-01,available,,2025-01-01,1.0,1.0,,fixed,freeze,2024-12-01,assumed_previous_december_not_source_verified,"{11: 'food', 12: 'services', 13: 'nonfood', 14: 'services', 15: 'nonfood', 16: 'food', 17: 'nonfood', 18: 'food', 19: 'food', 20: 'nonfood', 21: 'nonfood', 22: 'services', 23: 'nonfood', 24: 'food', 25: 'nonfood', 26: 'food', 27: 'nonfood', 28: 'food', 29: 'nonfood', 30: 'nonfood', 31: 'nonfood', 32: 'nonfood', 33: 'food', 34: 'food', 35: 'services', 36: 'food', 37: 'nonfood', 38: 'nonfood', 39: 'food', 40: 'nonfood', 41: 'nonfood', 42: 'nonfood', 43: 'nonfood', 44: 'services', 46: 'services', 47: 'services', 48: 'services', 49: 'food', 50: 'food', 51: 'nonfood', 52: 'food', 53: 'food', 54: 'nonfood', 55: 'services', 67: 'services'}"
P3PartialPooling,2025-12-01,available,,2025-01-01,1.0,1.0,,fixed,freeze,2024-12-01,assumed_previous_december_not_source_verified,"{11: 'food', 12: 'services', 13: 'nonfood', 14: 'services', 15: 'nonfood', 16: 'food', 17: 'nonfood', 18: 'food', 19: 'food', 20: 'nonfood', 21: 'nonfood', 22: 'services', 23: 'nonfood', 24: 'food', 25: 'nonfood', 26: 'food', 27: 'nonfood', 28: 'food', 29: 'nonfood', 30: 'nonfood', 31: 'nonfood', 32: 'nonfood', 33: 'food', 34: 'food', 35: 'services', 36: 'food', 37: 'nonfood', 38: 'nonfood', 39: 'food', 40: 'nonfood', 41: 'nonfood', 42: 'nonfood', 43: 'nonfood', 44: 'services', 46: 'services', 47: 'services', 48: 'services', 49: 'food', 50: 'food', 51: 'nonfood', 52: 'food', 53: 'food', 54: 'nonfood', 55: 'services', 67: 'services'}"
P3PoolingLagTrend,2025-12-01,available,,2025-01-01,1.0,1.0,,fixed,freeze,2024-12-01,assumed_previous_december_not_source_verified,"{11: 'food', 12: 'services', 13: 'nonfood', 14: 'services', 15: 'nonfood', 16: 'food', 17: 'nonfood', 18: 'food', 19: 'food', 20: 'nonfood', 21: 'nonfood', 22: 'services', 23: 'nonfood', 24: 'food', 25: 'nonfood', 26: 'food', 27: 'nonfood', 28: 'food', 29: 'nonfood', 30: 'nonfood', 31: 'nonfood', 32: 'nonfood', 33: 'food', 34: 'food', 35: 'services', 36: 'food', 37: 'nonfood', 38: 'nonfood', 39: 'food', 40: 'nonfood', 41: 'nonfood', 42: 'nonfood', 43: 'nonfood', 44: 'services', 46: 'services', 47: 'services', 48: 'services', 49: 'food', 50: 'food', 51: 'nonfood', 52: 'food', 53: 'food', 54: 'nonfood', 55: 'services', 67: 'services'}"
Ridge,2026-01-01,available,,,,,,,,,,
Huber,2026-01-01,available,,,,,,,,,,
SeasonalNaive,2026-01-01,available,,,,,,,,,,
GroupsFixed,2026-01-01,available,,2026-01-01,1.0,1.0,[],fixed,freeze,2025-12-01,assumed_previous_december_not_source_verified,
P3IndependentRidge,2026-01-01,available,,2026-01-01,1.0,1.0,,fixed,freeze,2025-12-01,assumed_previous_december_not_source_verified,"{11: 'food', 12: 'services', 13: 'nonfood', 14: 'services', 15: 'nonfood', 16: 'food', 17: 'nonfood', 18: 'food', 19: 'food', 20: 'nonfood', 21: 'nonfood', 22: 'services', 23: 'nonfood', 24: 'food', 25: 'nonfood', 26: 'food', 27: 'nonfood', 28: 'food', 29: 'nonfood', 30: 'nonfood', 31: 'nonfood', 32: 'nonfood', 33: 'food', 34: 'food', 35: 'services', 36: 'food', 37: 'nonfood', 38: 'nonfood', 39: 'food', 40: 'nonfood', 41: 'nonfood', 42: 'nonfood', 43: 'nonfood', 44: 'services', 46: 'services', 47: 'services', 48: 'services', 49: 'food', 50: 'food', 51: 'nonfood', 52: 'food', 53: 'food', 54: 'nonfood', 55: 'services', 67: 'services'}"
P3PartialPooling,2026-01-01,available,,2026-01-01,1.0,1.0,,fixed,freeze,2025-12-01,assumed_previous_december_not_source_verified,"{11: 'food', 12: 'services', 13: 'nonfood', 14: 'services', 15: 'nonfood', 16: 'food', 17: 'nonfood', 18: 'food', 19: 'food', 20: 'nonfood', 21: 'nonfood', 22: 'services', 23: 'nonfood', 24: 'food', 25: 'nonfood', 26: 'food', 27: 'nonfood', 28: 'food', 29: 'nonfood', 30: 'nonfood', 31: 'nonfood', 32: 'nonfood', 33: 'food', 34: 'food', 35: 'services', 36: 'food', 37: 'nonfood', 38: 'nonfood', 39: 'food', 40: 'nonfood', 41: 'nonfood', 42: 'nonfood', 43: 'nonfood', 44: 'services', 46: 'services', 47: 'services', 48: 'services', 49: 'food', 50: 'food', 51: 'nonfood', 52: 'food', 53: 'food', 54: 'nonfood', 55: 'services', 67: 'services'}"
P3PoolingLagTrend,2026-01-01,available,,2026-01-01,1.0,1.0,,fixed,freeze,2025-12-01,assumed_previous_december_not_source_verified,"{11: 'food', 12: 'services', 13: 'nonfood', 14: 'services', 15: 'nonfood', 16: 'food', 17: 'nonfood', 18: 'food', 19: 'food', 20: 'nonfood', 21: 'nonfood', 22: 'services', 23: 'nonfood', 24: 'food', 25: 'nonfood', 26: 'food', 27: 'nonfood', 28: 'food', 29: 'nonfood', 30: 'nonfood', 31: 'nonfood', 32: 'nonfood', 33: 'food', 34: 'food', 35: 'services', 36: 'food', 37: 'nonfood', 38: 'nonfood', 39: 'food', 40: 'nonfood', 41: 'nonfood', 42: 'nonfood', 43: 'nonfood', 44: 'services', 46: 'services', 47: 'services', 48: 'services', 49: 'food', 50: 'food', 51: 'nonfood', 52: 'food', 53: 'food', 54: 'nonfood', 55: 'services', 67: 'services'}"
Ridge,2026-02-01,available,,,,,,,,,,
Huber,2026-02-01,available,,,,,,,,,,
SeasonalNaive,2026-02-01,available,,,,,,,,,,
GroupsFixed,2026-02-01,available,,2026-01-01,1.0,1.0,[],fixed,freeze,2025-12-01,assumed_previous_december_not_source_verified,
P3IndependentRidge,2026-02-01,available,,2026-01-01,1.0,1.0,,fixed,freeze,2025-12-01,assumed_previous_december_not_source_verified,"{11: 'food', 12: 'services', 13: 'nonfood', 14: 'services', 15: 'nonfood', 16: 'food', 17: 'nonfood', 18: 'food', 19: 'food', 20: 'nonfood', 21: 'nonfood', 22: 'services', 23: 'nonfood', 24: 'food', 25: 'nonfood', 26: 'food', 27: 'nonfood', 28: 'food', 29: 'nonfood', 30: 'nonfood', 31: 'nonfood', 32: 'nonfood', 33: 'food', 34: 'food', 35: 'services', 36: 'food', 37: 'nonfood', 38: 'nonfood', 39: 'food', 40: 'nonfood', 41: 'nonfood', 42: 'nonfood', 43: 'nonfood', 44: 'services', 46: 'services', 47: 'services', 48: 'services', 49: 'food', 50: 'food', 51: 'nonfood', 52: 'food', 53: 'food', 54: 'nonfood', 55: 'services', 67: 'services'}"
P3PartialPooling,2026-02-01,available,,2026-01-01,1.0,1.0,,fixed,freeze,2025-12-01,assumed_previous_december_not_source_verified,"{11: 'food', 12: 'services', 13: 'nonfood', 14: 'services', 15: 'nonfood', 16: 'food', 17: 'nonfood', 18: 'food', 19: 'food', 20: 'nonfood', 21: 'nonfood', 22: 'services', 23: 'nonfood', 24: 'food', 25: 'nonfood', 26: 'food', 27: 'nonfood', 28: 'food', 29: 'nonfood', 30: 'nonfood', 31: 'nonfood', 32: 'nonfood', 33: 'food', 34: 'food', 35: 'services', 36: 'food', 37: 'nonfood', 38: 'nonfood', 39: 'food', 40: 'nonfood', 41: 'nonfood', 42: 'nonfood', 43: 'nonfood', 44: 'services', 46: 'services', 47: 'services', 48: 'services', 49: 'food', 50: 'food', 51: 'nonfood', 52: 'food', 53: 'food', 54: 'nonfood', 55: 'services', 67: 'services'}"
P3PoolingLagTrend,2026-02-01,available,,2026-01-01,1.0,1.0,,fixed,freeze,2025-12-01,assumed_previous_december_not_source_verified,"{11: 'food', 12: 'services', 13: 'nonfood', 14: 'services', 15: 'nonfood', 16: 'food', 17: 'nonfood', 18: 'food', 19: 'food', 20: 'nonfood', 21: 'nonfood', 22: 'services', 23: 'nonfood', 24: 'food', 25: 'nonfood', 26: 'food', 27: 'nonfood', 28: 'food', 29: 'nonfood', 30: 'nonfood', 31: 'nonfood', 32: 'nonfood', 33: 'food', 34: 'food', 35: 'services', 36: 'food', 37: 'nonfood', 38: 'nonfood', 39: 'food', 40: 'nonfood', 41: 'nonfood', 42: 'nonfood', 43: 'nonfood', 44: 'services', 46: 'services', 47: 'services', 48: 'services', 49: 'food', 50: 'food', 51: 'nonfood', 52: 'food', 53: 'food', 54: 'nonfood', 55: 'services', 67: 'services'}"
Ridge,2026-03-01,available,,,,,,,,,,
Huber,2026-03-01,available,,,,,,,,,,
SeasonalNaive,2026-03-01,available,,,,,,,,,,
GroupsFixed,2026-03-01,available,,2026-01-01,1.0,1.0,[],fixed,freeze,2025-12-01,assumed_previous_december_not_source_verified,
P3IndependentRidge,2026-03-01,available,,2026-01-01,1.0,1.0,,fixed,freeze,2025-12-01,assumed_previous_december_not_source_verified,"{11: 'food', 12: 'services', 13: 'nonfood', 14: 'services', 15: 'nonfood', 16: 'food', 17: 'nonfood', 18: 'food', 19: 'food', 20: 'nonfood', 21: 'nonfood', 22: 'services', 23: 'nonfood', 24: 'food', 25: 'nonfood', 26: 'food', 27: 'nonfood', 28: 'food', 29: 'nonfood', 30: 'nonfood', 31: 'nonfood', 32: 'nonfood', 33: 'food', 34: 'food', 35: 'services', 36: 'food', 37: 'nonfood', 38: 'nonfood', 39: 'food', 40: 'nonfood', 41: 'nonfood', 42: 'nonfood', 43: 'nonfood', 44: 'services', 46: 'services', 47: 'services', 48: 'services', 49: 'food', 50: 'food', 51: 'nonfood', 52: 'food', 53: 'food', 54: 'nonfood', 55: 'services', 67: 'services'}"
P3PartialPooling,2026-03-01,available,,2026-01-01,1.0,1.0,,fixed,freeze,2025-12-01,assumed_previous_december_not_source_verified,"{11: 'food', 12: 'services', 13: 'nonfood', 14: 'services', 15: 'nonfood', 16: 'food', 17: 'nonfood', 18: 'food', 19: 'food', 20: 'nonfood', 21: 'nonfood', 22: 'services', 23: 'nonfood', 24: 'food', 25: 'nonfood', 26: 'food', 27: 'nonfood', 28: 'food', 29: 'nonfood', 30: 'nonfood', 31: 'nonfood', 32: 'nonfood', 33: 'food', 34: 'food', 35: 'services', 36: 'food', 37: 'nonfood', 38: 'nonfood', 39: 'food', 40: 'nonfood', 41: 'nonfood', 42: 'nonfood', 43: 'nonfood', 44: 'services', 46: 'services', 47: 'services', 48: 'services', 49: 'food', 50: 'food', 51: 'nonfood', 52: 'food', 53: 'food', 54: 'nonfood', 55: 'services', 67: 'services'}"
P3PoolingLagTrend,2026-03-01,available,,2026-01-01,1.0,1.0,,fixed,freeze,2025-12-01,assumed_previous_december_not_source_verified,"{11: 'food', 12: 'services', 13: 'nonfood', 14: 'services', 15: 'nonfood', 16: 'food', 17: 'nonfood', 18: 'food', 19: 'food', 20: 'nonfood', 21: 'nonfood', 22: 'services', 23: 'nonfood', 24: 'food', 25: 'nonfood', 26: 'food', 27: 'nonfood', 28: 'food', 29: 'nonfood', 30: 'nonfood', 31: 'nonfood', 32: 'nonfood', 33: 'food', 34: 'food', 35: 'services', 36: 'food', 37: 'nonfood', 38: 'nonfood', 39: 'food', 40: 'nonfood', 41: 'nonfood', 42: 'nonfood', 43: 'nonfood', 44: 'services', 46: 'services', 47: 'services', 48: 'services', 49: 'food', 50: 'food', 51: 'nonfood', 52: 'food', 53: 'food', 54: 'nonfood', 55: 'services', 67: 'services'}"
Ridge,2026-04-01,available,,,,,,,,,,
Huber,2026-04-01,available,,,,,,,,,,
SeasonalNaive,2026-04-01,available,,,,,,,,,,
GroupsFixed,2026-04-01,available,,2026-01-01,1.0,1.0,[],fixed,freeze,2025-12-01,assumed_previous_december_not_source_verified,
P3IndependentRidge,2026-04-01,available,,2026-01-01,1.0,1.0,,fixed,freeze,2025-12-01,assumed_previous_december_not_source_verified,"{11: 'food', 12: 'services', 13: 'nonfood', 14: 'services', 15: 'nonfood', 16: 'food', 17: 'nonfood', 18: 'food', 19: 'food', 20: 'nonfood', 21: 'nonfood', 22: 'services', 23: 'nonfood', 24: 'food', 25: 'nonfood', 26: 'food', 27: 'nonfood', 28: 'food', 29: 'nonfood', 30: 'nonfood', 31: 'nonfood', 32: 'nonfood', 33: 'food', 34: 'food', 35: 'services', 36: 'food', 37: 'nonfood', 38: 'nonfood', 39: 'food', 40: 'nonfood', 41: 'nonfood', 42: 'nonfood', 43: 'nonfood', 44: 'services', 46: 'services', 47: 'services', 48: 'services', 49: 'food', 50: 'food', 51: 'nonfood', 52: 'food', 53: 'food', 54: 'nonfood', 55: 'services', 67: 'services'}"
P3PartialPooling,2026-04-01,available,,2026-01-01,1.0,1.0,,fixed,freeze,2025-12-01,assumed_previous_december_not_source_verified,"{11: 'food', 12: 'services', 13: 'nonfood', 14: 'services', 15: 'nonfood', 16: 'food', 17: 'nonfood', 18: 'food', 19: 'food', 20: 'nonfood', 21: 'nonfood', 22: 'services', 23: 'nonfood', 24: 'food', 25: 'nonfood', 26: 'food', 27: 'nonfood', 28: 'food', 29: 'nonfood', 30: 'nonfood', 31: 'nonfood', 32: 'nonfood', 33: 'food', 34: 'food', 35: 'services', 36: 'food', 37: 'nonfood', 38: 'nonfood', 39: 'food', 40: 'nonfood', 41: 'nonfood', 42: 'nonfood', 43: 'nonfood', 44: 'services', 46: 'services', 47: 'services', 48: 'services', 49: 'food', 50: 'food', 51: 'nonfood', 52: 'food', 53: 'food', 54: 'nonfood', 55: 'services', 67: 'services'}"
P3PoolingLagTrend,2026-04-01,available,,2026-01-01,1.0,1.0,,fixed,freeze,2025-12-01,assumed_previous_december_not_source_verified,"{11: 'food', 12: 'services', 13: 'nonfood', 14: 'services', 15: 'nonfood', 16: 'food', 17: 'nonfood', 18: 'food', 19: 'food', 20: 'nonfood', 21: 'nonfood', 22: 'services', 23: 'nonfood', 24: 'food', 25: 'nonfood', 26: 'food', 27: 'nonfood', 28: 'food', 29: 'nonfood', 30: 'nonfood', 31: 'nonfood', 32: 'nonfood', 33: 'food', 34: 'food', 35: 'services', 36: 'food', 37: 'nonfood', 38: 'nonfood', 39: 'food', 40: 'nonfood', 41: 'nonfood', 42: 'nonfood', 43: 'nonfood', 44: 'services', 46: 'services', 47: 'services', 48: 'services', 49: 'food', 50: 'food', 51: 'nonfood', 52: 'food', 53: 'food', 54: 'nonfood', 55: 'services', 67: 'services'}"
Ridge,2026-05-01,available,,,,,,,,,,
Huber,2026-05-01,available,,,,,,,,,,
SeasonalNaive,2026-05-01,available,,,,,,,,,,
GroupsFixed,2026-05-01,available,,2026-01-01,1.0,1.0,[],fixed,freeze,2025-12-01,assumed_previous_december_not_source_verified,
P3IndependentRidge,2026-05-01,available,,2026-01-01,1.0,1.0,,fixed,freeze,2025-12-01,assumed_previous_december_not_source_verified,"{11: 'food', 12: 'services', 13: 'nonfood', 14: 'services', 15: 'nonfood', 16: 'food', 17: 'nonfood', 18: 'food', 19: 'food', 20: 'nonfood', 21: 'nonfood', 22: 'services', 23: 'nonfood', 24: 'food', 25: 'nonfood', 26: 'food', 27: 'nonfood', 28: 'food', 29: 'nonfood', 30: 'nonfood', 31: 'nonfood', 32: 'nonfood', 33: 'food', 34: 'food', 35: 'services', 36: 'food', 37: 'nonfood', 38: 'nonfood', 39: 'food', 40: 'nonfood', 41: 'nonfood', 42: 'nonfood', 43: 'nonfood', 44: 'services', 46: 'services', 47: 'services', 48: 'services', 49: 'food', 50: 'food', 51: 'nonfood', 52: 'food', 53: 'food', 54: 'nonfood', 55: 'services', 67: 'services'}"
P3PartialPooling,2026-05-01,available,,2026-01-01,1.0,1.0,,fixed,freeze,2025-12-01,assumed_previous_december_not_source_verified,"{11: 'food', 12: 'services', 13: 'nonfood', 14: 'services', 15: 'nonfood', 16: 'food', 17: 'nonfood', 18: 'food', 19: 'food', 20: 'nonfood', 21: 'nonfood', 22: 'services', 23: 'nonfood', 24: 'food', 25: 'nonfood', 26: 'food', 27: 'nonfood', 28: 'food', 29: 'nonfood', 30: 'nonfood', 31: 'nonfood', 32: 'nonfood', 33: 'food', 34: 'food', 35: 'services', 36: 'food', 37: 'nonfood', 38: 'nonfood', 39: 'food', 40: 'nonfood', 41: 'nonfood', 42: 'nonfood', 43: 'nonfood', 44: 'services', 46: 'services', 47: 'services', 48: 'services', 49: 'food', 50: 'food', 51: 'nonfood', 52: 'food', 53: 'food', 54: 'nonfood', 55: 'services', 67: 'services'}"
P3PoolingLagTrend,2026-05-01,available,,2026-01-01,1.0,1.0,,fixed,freeze,2025-12-01,assumed_previous_december_not_source_verified,"{11: 'food', 12: 'services', 13: 'nonfood', 14: 'services', 15: 'nonfood', 16: 'food', 17: 'nonfood', 18: 'food', 19: 'food', 20: 'nonfood', 21: 'nonfood', 22: 'services', 23: 'nonfood', 24: 'food', 25: 'nonfood', 26: 'food', 27: 'nonfood', 28: 'food', 29: 'nonfood', 30: 'nonfood', 31: 'nonfood', 32: 'nonfood', 33: 'food', 34: 'food', 35: 'services', 36: 'food', 37: 'nonfood', 38: 'nonfood', 39: 'food', 40: 'nonfood', 41: 'nonfood', 42: 'nonfood', 43: 'nonfood', 44: 'services', 46: 'services', 47: 'services', 48: 'services', 49: 'food', 50: 'food', 51: 'nonfood', 52: 'food', 53: 'food', 54: 'nonfood', 55: 'services', 67: 'services'}"
Ridge,2026-06-01,available,,,,,,,,,,
Huber,2026-06-01,available,,,,,,,,,,
SeasonalNaive,2026-06-01,available,,,,,,,,,,
GroupsFixed,2026-06-01,available,,2026-01-01,1.0,1.0,[],fixed,freeze,2025-12-01,assumed_previous_december_not_source_verified,
P3IndependentRidge,2026-06-01,available,,2026-01-01,1.0,1.0,,fixed,freeze,2025-12-01,assumed_previous_december_not_source_verified,"{11: 'food', 12: 'services', 13: 'nonfood', 14: 'services', 15: 'nonfood', 16: 'food', 17: 'nonfood', 18: 'food', 19: 'food', 20: 'nonfood', 21: 'nonfood', 22: 'services', 23: 'nonfood', 24: 'food', 25: 'nonfood', 26: 'food', 27: 'nonfood', 28: 'food', 29: 'nonfood', 30: 'nonfood', 31: 'nonfood', 32: 'nonfood', 33: 'food', 34: 'food', 35: 'services', 36: 'food', 37: 'nonfood', 38: 'nonfood', 39: 'food', 40: 'nonfood', 41: 'nonfood', 42: 'nonfood', 43: 'nonfood', 44: 'services', 46: 'services', 47: 'services', 48: 'services', 49: 'food', 50: 'food', 51: 'nonfood', 52: 'food', 53: 'food', 54: 'nonfood', 55: 'services', 67: 'services'}"
P3PartialPooling,2026-06-01,available,,2026-01-01,1.0,1.0,,fixed,freeze,2025-12-01,assumed_previous_december_not_source_verified,"{11: 'food', 12: 'services', 13: 'nonfood', 14: 'services', 15: 'nonfood', 16: 'food', 17: 'nonfood', 18: 'food', 19: 'food', 20: 'nonfood', 21: 'nonfood', 22: 'services', 23: 'nonfood', 24: 'food', 25: 'nonfood', 26: 'food', 27: 'nonfood', 28: 'food', 29: 'nonfood', 30: 'nonfood', 31: 'nonfood', 32: 'nonfood', 33: 'food', 34: 'food', 35: 'services', 36: 'food', 37: 'nonfood', 38: 'nonfood', 39: 'food', 40: 'nonfood', 41: 'nonfood', 42: 'nonfood', 43: 'nonfood', 44: 'services', 46: 'services', 47: 'services', 48: 'services', 49: 'food', 50: 'food', 51: 'nonfood', 52: 'food', 53: 'food', 54: 'nonfood', 55: 'services', 67: 'services'}"
P3PoolingLagTrend,2026-06-01,available,,2026-01-01,1.0,1.0,,fixed,freeze,2025-12-01,assumed_previous_december_not_source_verified,"{11: 'food', 12: 'services', 13: 'nonfood', 14: 'services', 15: 'nonfood', 16: 'food', 17: 'nonfood', 18: 'food', 19: 'food', 20: 'nonfood', 21: 'nonfood', 22: 'services', 23: 'nonfood', 24: 'food', 25: 'nonfood', 26: 'food', 27: 'nonfood', 28: 'food', 29: 'nonfood', 30: 'nonfood', 31: 'nonfood', 32: 'nonfood', 33: 'food', 34: 'food', 35: 'services', 36: 'food', 37: 'nonfood', 38: 'nonfood', 39: 'food', 40: 'nonfood', 41: 'nonfood', 42: 'nonfood', 43: 'nonfood', 44: 'services', 46: 'services', 47: 'services', 48: 'services', 49: 'food', 50: 'food', 51: 'nonfood', 52: 'food', 53: 'food', 54: 'nonfood', 55: 'services', 67: 'services'}"
Ridge,2026-07-01,available,,,,,,,,,,
Huber,2026-07-01,available,,,,,,,,,,
SeasonalNaive,2026-07-01,available,,,,,,,,,,
GroupsFixed,2026-07-01,available,,2026-01-01,1.0,1.0,[],fixed,freeze,2025-12-01,assumed_previous_december_not_source_verified,
P3IndependentRidge,2026-07-01,available,,2026-01-01,1.0,1.0,,fixed,freeze,2025-12-01,assumed_previous_december_not_source_verified,"{11: 'food', 12: 'services', 13: 'nonfood', 14: 'services', 15: 'nonfood', 16: 'food', 17: 'nonfood', 18: 'food', 19: 'food', 20: 'nonfood', 21: 'nonfood', 22: 'services', 23: 'nonfood', 24: 'food', 25: 'nonfood', 26: 'food', 27: 'nonfood', 28: 'food', 29: 'nonfood', 30: 'nonfood', 31: 'nonfood', 32: 'nonfood', 33: 'food', 34: 'food', 35: 'services', 36: 'food', 37: 'nonfood', 38: 'nonfood', 39: 'food', 40: 'nonfood', 41: 'nonfood', 42: 'nonfood', 43: 'nonfood', 44: 'services', 46: 'services', 47: 'services', 48: 'services', 49: 'food', 50: 'food', 51: 'nonfood', 52: 'food', 53: 'food', 54: 'nonfood', 55: 'services', 67: 'services'}"
P3PartialPooling,2026-07-01,available,,2026-01-01,1.0,1.0,,fixed,freeze,2025-12-01,assumed_previous_december_not_source_verified,"{11: 'food', 12: 'services', 13: 'nonfood', 14: 'services', 15: 'nonfood', 16: 'food', 17: 'nonfood', 18: 'food', 19: 'food', 20: 'nonfood', 21: 'nonfood', 22: 'services', 23: 'nonfood', 24: 'food', 25: 'nonfood', 26: 'food', 27: 'nonfood', 28: 'food', 29: 'nonfood', 30: 'nonfood', 31: 'nonfood', 32: 'nonfood', 33: 'food', 34: 'food', 35: 'services', 36: 'food', 37: 'nonfood', 38: 'nonfood', 39: 'food', 40: 'nonfood', 41: 'nonfood', 42: 'nonfood', 43: 'nonfood', 44: 'services', 46: 'services', 47: 'services', 48: 'services', 49: 'food', 50: 'food', 51: 'nonfood', 52: 'food', 53: 'food', 54: 'nonfood', 55: 'services', 67: 'services'}"
P3PoolingLagTrend,2026-07-01,available,,2026-01-01,1.0,1.0,,fixed,freeze,2025-12-01,assumed_previous_december_not_source_verified,"{11: 'food', 12: 'services', 13: 'nonfood', 14: 'services', 15: 'nonfood', 16: 'food', 17: 'nonfood', 18: 'food', 19: 'food', 20: 'nonfood', 21: 'nonfood', 22: 'services', 23: 'nonfood', 24: 'food', 25: 'nonfood', 26: 'food', 27: 'nonfood', 28: 'food', 29: 'nonfood', 30: 'nonfood', 31: 'nonfood', 32: 'nonfood', 33: 'food', 34: 'food', 35: 'services', 36: 'food', 37: 'nonfood', 38: 'nonfood', 39: 'food', 40: 'nonfood', 41: 'nonfood', 42: 'nonfood', 43: 'nonfood', 44: 'services', 46: 'services', 47: 'services', 48: 'services', 49: 'food', 50: 'food', 51: 'nonfood', 52: 'food', 53: 'food', 54: 'nonfood', 55: 'services', 67: 'services'}"
