horizon,model,baseline,target_month,N_pair,N_planned,candidate_error,baseline_error,absolute_loss_difference
1,Ridge,Huber,2024-01-01,32,32,0.12417222865728661,0.12593563101381733,-0.0017634023565307189
1,Ridge,Huber,2024-02-01,32,32,0.06355634104198771,-0.0008147809125489403,0.06274156012943877
1,Ridge,Huber,2024-03-01,32,32,0.1635471221769791,0.27284933978825165,-0.10930221761127257
1,Ridge,Huber,2024-04-01,32,32,0.1273752778933499,0.14922383071066747,-0.021848552817317568
1,Ridge,Huber,2024-05-01,32,32,-0.4743545784094465,-0.48239485397346016,-0.008040275564013655
1,Ridge,Huber,2024-06-01,32,32,0.04765943365069347,-0.0448342569768414,0.00282517667385207
1,Ridge,Huber,2024-07-01,32,32,-0.9458104571449155,-0.8883228318853611,0.05748762525955442
1,Ridge,Huber,2024-08-01,32,32,0.010534832337924627,-0.010722811326843384,-0.00018797898891875775
1,Ridge,Huber,2024-09-01,32,32,-0.12814750158511856,-0.15127140895228308,-0.02312390736716452
1,Ridge,Huber,2024-10-01,32,32,-0.45742628597942314,-0.4607828987570173,-0.003356612777594137
1,Ridge,Huber,2024-11-01,32,32,-0.892461594689749,-0.9351277576874537,-0.04266616299770476
1,Ridge,Huber,2024-12-01,32,32,0.4314984125563228,0.33717085649078626,0.09432755606553656
1,Ridge,Huber,2025-01-01,32,32,0.17694589296706908,0.18323589053740363,-0.006289997570334549
1,Ridge,Huber,2025-02-01,32,32,-0.8042696424575126,-0.6706243572502188,0.1336452852072938
1,Ridge,Huber,2025-03-01,32,32,-0.14865028948442216,-0.12545608247035034,0.02319420701407182
1,Ridge,Huber,2025-04-01,32,32,0.36912572904506646,0.4153875809224701,-0.046261851877403615
1,Ridge,Huber,2025-05-01,32,32,0.5469797017547222,0.5469980983768039,-1.839662208169557e-05
1,Ridge,Huber,2025-06-01,32,32,0.055009854317333406,0.03229069227610637,0.022719162041227037
1,Ridge,Huber,2025-07-01,32,32,-0.4446481224601797,-0.3507590533085363,0.09388906915164341
1,Ridge,Huber,2025-08-01,32,32,0.39810021919093685,0.4758510219698593,-0.07775080277892243
1,Ridge,Huber,2025-09-01,32,32,-0.6003137435213262,-0.5926685301522383,0.007645213369087855
1,Ridge,Huber,2025-10-01,32,32,0.04846178145515978,0.04322852017148193,0.005233261283677848
1,Ridge,Huber,2025-11-01,32,32,0.3338499551578451,0.28456972568250194,0.04928022947534316
1,Ridge,Huber,2025-12-01,32,32,0.023697158586131195,0.026409459671640434,-0.002712301085509239
1,Ridge,Huber,2026-01-01,32,32,-0.6078550696468028,-0.6083002726162761,-0.0004452029694732573
1,Ridge,Huber,2026-02-01,32,32,-0.24945962948905276,-0.36631131555235186,-0.1168516860632991
1,Ridge,Huber,2026-03-01,32,32,0.17563996131009674,0.20182310736899467,-0.026183146058897933
1,Ridge,Huber,2026-04-01,32,32,0.8227150608685179,0.7599688955821904,0.06274616528632748
1,Ridge,Huber,2026-05-01,32,32,0.32505420858630885,0.3110543073435821,0.013999901242726764
1,Ridge,Huber,2026-06-01,32,32,-1.0294909707675828,-1.0669420892676413,-0.037451118500058556
1,Ridge,Huber,2026-07-01,32,32,0.1461776044591545,0.1490036062327107,-0.002826001773556186
1,Ridge,Huber,2026-08-01,32,32,0.1245514083095145,0.10711162664438234,0.01743978166513216
1,Ridge,SeasonalNaive,2024-01-01,32,32,0.12417222865728661,0.2599999999999909,-0.1358277713427043
1,Ridge,SeasonalNaive,2024-02-01,32,32,0.06355634104198771,0.21999999999999886,-0.15644365895801116
1,Ridge,SeasonalNaive,2024-03-01,32,32,0.1635471221769791,-0.14000000000000057,0.02354712217697852
1,Ridge,SeasonalNaive,2024-04-01,32,32,0.1273752778933499,0.3400000000000034,-0.2126247221066535
1,Ridge,SeasonalNaive,2024-05-01,32,32,-0.4743545784094465,-1.1899999999999977,-0.7156454215905512
1,Ridge,SeasonalNaive,2024-06-01,32,32,0.04765943365069347,0.25,-0.20234056634930653
1,Ridge,SeasonalNaive,2024-07-01,32,32,-0.9458104571449155,-0.5699999999999932,0.37581045714492234
1,Ridge,SeasonalNaive,2024-08-01,32,32,0.010534832337924627,-0.1599999999999966,-0.14946516766207196
1,Ridge,SeasonalNaive,2024-09-01,32,32,-0.12814750158511856,1.1299999999999955,-1.001852498414877
1,Ridge,SeasonalNaive,2024-10-01,32,32,-0.45742628597942314,-0.5600000000000023,-0.10257371402057913
1,Ridge,SeasonalNaive,2024-11-01,32,32,-0.892461594689749,-0.7600000000000051,0.13246159468974383
1,Ridge,SeasonalNaive,2024-12-01,32,32,0.4314984125563228,-0.6199999999999903,-0.18850158744366752
1,Ridge,SeasonalNaive,2025-01-01,32,32,0.17694589296706908,0.030000000000001137,0.14694589296706795
1,Ridge,SeasonalNaive,2025-02-01,32,32,-0.8042696424575126,-0.8100000000000023,-0.005730357542489628
1,Ridge,SeasonalNaive,2025-03-01,32,32,-0.14865028948442216,-0.28000000000000114,-0.13134971051557898
1,Ridge,SeasonalNaive,2025-04-01,32,32,0.36912572904506646,-0.15000000000000568,0.21912572904506078
1,Ridge,SeasonalNaive,2025-05-01,32,32,0.5469797017547222,1.009999999999991,-0.4630202982452687
1,Ridge,SeasonalNaive,2025-06-01,32,32,0.055009854317333406,0.22000000000001307,-0.16499014568267967
1,Ridge,SeasonalNaive,2025-07-01,32,32,-0.4446481224601797,0.7099999999999937,-0.26535187753981404
1,Ridge,SeasonalNaive,2025-08-01,32,32,0.39810021919093685,0.6599999999999966,-0.26189978080905973
1,Ridge,SeasonalNaive,2025-09-01,32,32,-0.6003137435213262,-0.37999999999999545,0.2203137435213307
1,Ridge,SeasonalNaive,2025-10-01,32,32,0.04846178145515978,0.4899999999999949,-0.4415382185448351
1,Ridge,SeasonalNaive,2025-11-01,32,32,0.3338499551578451,1.3499999999999943,-1.0161500448421492
1,Ridge,SeasonalNaive,2025-12-01,32,32,0.023697158586131195,0.6199999999999903,-0.5963028414138591
1,Ridge,SeasonalNaive,2026-01-01,32,32,-0.6078550696468028,-0.7299999999999898,-0.12214493035318696
1,Ridge,SeasonalNaive,2026-02-01,32,32,-0.24945962948905276,0.2400000000000091,0.009459629489043664
1,Ridge,SeasonalNaive,2026-03-01,32,32,0.17563996131009674,0.269999999999996,-0.09436003868989928
1,Ridge,SeasonalNaive,2026-04-01,32,32,0.8227150608685179,0.8100000000000023,0.012715060868515593
1,Ridge,SeasonalNaive,2026-05-01,32,32,0.32505420858630885,-0.1599999999999966,0.16505420858631226
1,Ridge,SeasonalNaive,2026-06-01,32,32,-1.0294909707675828,-1.1000000000000085,-0.07050902923242575
1,Ridge,SeasonalNaive,2026-07-01,32,32,0.1461776044591545,-0.45999999999999375,-0.31382239554083924
1,Ridge,SeasonalNaive,2026-08-01,32,32,0.1245514083095145,-0.6899999999999977,-0.5654485916904832
1,Ridge,GroupsFixed,2024-01-01,32,32,0.12417222865728661,-0.31203641529600523,-0.18786418663871862
1,Ridge,GroupsFixed,2024-02-01,32,32,0.06355634104198771,0.18780442610207537,-0.12424808506008767
1,Ridge,GroupsFixed,2024-03-01,32,32,0.1635471221769791,0.14520475535065336,0.01834236682632573
1,Ridge,GroupsFixed,2024-04-01,32,32,0.1273752778933499,0.10533085930976954,0.02204441858358036
1,Ridge,GroupsFixed,2024-05-01,32,32,-0.4743545784094465,-0.4879271525083287,-0.013572574098882184
1,Ridge,GroupsFixed,2024-06-01,32,32,0.04765943365069347,0.18071015794227768,-0.1330507242915842
1,Ridge,GroupsFixed,2024-07-01,32,32,-0.9458104571449155,-0.7943792420704269,0.15143121507448865
1,Ridge,GroupsFixed,2024-08-01,32,32,0.010534832337924627,0.23362743026989724,-0.2230925979319726
1,Ridge,GroupsFixed,2024-09-01,32,32,-0.12814750158511856,-0.43845958090250287,-0.3103120793173843
1,Ridge,GroupsFixed,2024-10-01,32,32,-0.45742628597942314,-0.48874849678157073,-0.03132221080214759
1,Ridge,GroupsFixed,2024-11-01,32,32,-0.892461594689749,-0.843215477434377,0.04924611725537198
1,Ridge,GroupsFixed,2024-12-01,32,32,0.4314984125563228,-0.15904477323393518,0.27245363932238764
1,Ridge,GroupsFixed,2025-01-01,32,32,0.17694589296706908,-0.08282154963843258,0.0941243433286365
1,Ridge,GroupsFixed,2025-02-01,32,32,-0.8042696424575126,-0.6744787913484572,0.12979085110905542
1,Ridge,GroupsFixed,2025-03-01,32,32,-0.14865028948442216,-0.11452804901947,0.03412224046495216
1,Ridge,GroupsFixed,2025-04-01,32,32,0.36912572904506646,0.026216845803819,0.34290888324124746
1,Ridge,GroupsFixed,2025-05-01,32,32,0.5469797017547222,0.501310731392328,0.04566897036239426
1,Ridge,GroupsFixed,2025-06-01,32,32,0.055009854317333406,0.3110265619813182,-0.25601670766398477
1,Ridge,GroupsFixed,2025-07-01,32,32,-0.4446481224601797,-0.12726345387359983,0.3173846685865799
1,Ridge,GroupsFixed,2025-08-01,32,32,0.39810021919093685,0.7842150400304845,-0.3861148208395476
1,Ridge,GroupsFixed,2025-09-01,32,32,-0.6003137435213262,-0.7599730405593916,-0.15965929703806547
1,Ridge,GroupsFixed,2025-10-01,32,32,0.04846178145515978,0.1223745145122711,-0.07391273305711132
1,Ridge,GroupsFixed,2025-11-01,32,32,0.3338499551578451,0.5412472213145224,-0.2073972661566773
1,Ridge,GroupsFixed,2025-12-01,32,32,0.023697158586131195,0.42722762715406704,-0.40353046856793584
1,Ridge,GroupsFixed,2026-01-01,32,32,-0.6078550696468028,-0.8506260643726028,-0.2427709947258
1,Ridge,GroupsFixed,2026-02-01,32,32,-0.24945962948905276,-0.28854871329665743,-0.039089083807604674
1,Ridge,GroupsFixed,2026-03-01,32,32,0.17563996131009674,0.2263589728410106,-0.05071901153091385
1,Ridge,GroupsFixed,2026-04-01,32,32,0.8227150608685179,0.7505112058824355,0.0722038549860824
1,Ridge,GroupsFixed,2026-05-01,32,32,0.32505420858630885,0.17509004773328724,0.1499641608530216
1,Ridge,GroupsFixed,2026-06-01,32,32,-1.0294909707675828,-0.7340607700694574,0.2954302006981254
1,Ridge,GroupsFixed,2026-07-01,32,32,0.1461776044591545,-0.3305097059841622,-0.18433210152500767
1,Ridge,GroupsFixed,2026-08-01,32,32,0.1245514083095145,0.11682243272313803,0.007728975586376474
1,Ridge,P3IndependentRidge,2024-01-01,32,32,0.12417222865728661,-0.0736886181700187,0.050483610487267905
1,Ridge,P3IndependentRidge,2024-02-01,32,32,0.06355634104198771,0.34468917616544525,-0.28113283512345755
1,Ridge,P3IndependentRidge,2024-03-01,32,32,0.1635471221769791,0.12908461439749686,0.03446250777948223
1,Ridge,P3IndependentRidge,2024-04-01,32,32,0.1273752778933499,0.17733318843200097,-0.04995791053865106
1,Ridge,P3IndependentRidge,2024-05-01,32,32,-0.4743545784094465,-0.6559064115665675,-0.18155183315712098
1,Ridge,P3IndependentRidge,2024-06-01,32,32,0.04765943365069347,0.33089797051650616,-0.2832385368658127
1,Ridge,P3IndependentRidge,2024-07-01,32,32,-0.9458104571449155,-0.7199651315804325,0.225845325564483
1,Ridge,P3IndependentRidge,2024-08-01,32,32,0.010534832337924627,0.042195251002314665,-0.03166041866439004
1,Ridge,P3IndependentRidge,2024-09-01,32,32,-0.12814750158511856,-0.24054903814186862,-0.11240153655675006
1,Ridge,P3IndependentRidge,2024-10-01,32,32,-0.45742628597942314,-0.5292870851836144,-0.0718607992041913
1,Ridge,P3IndependentRidge,2024-11-01,32,32,-0.892461594689749,-0.7206434707894661,0.17181812390028284
1,Ridge,P3IndependentRidge,2024-12-01,32,32,0.4314984125563228,-0.08998278471834031,0.3415156278379825
1,Ridge,P3IndependentRidge,2025-01-01,32,32,0.17694589296706908,-0.023617258227219717,0.15332863473984937
1,Ridge,P3IndependentRidge,2025-02-01,32,32,-0.8042696424575126,-0.6484996345551111,0.15577000790240159
1,Ridge,P3IndependentRidge,2025-03-01,32,32,-0.14865028948442216,-0.0860725600745097,0.06257772940991246
1,Ridge,P3IndependentRidge,2025-04-01,32,32,0.36912572904506646,0.06461768430051562,0.30450804474455084
1,Ridge,P3IndependentRidge,2025-05-01,32,32,0.5469797017547222,0.5201720657600342,0.02680763599468805
1,Ridge,P3IndependentRidge,2025-06-01,32,32,0.055009854317333406,0.28722042254028224,-0.23221056822294883
1,Ridge,P3IndependentRidge,2025-07-01,32,32,-0.4446481224601797,-0.09563820367960979,0.3490099187805699
1,Ridge,P3IndependentRidge,2025-08-01,32,32,0.39810021919093685,0.6589582073079816,-0.26085798811704475
1,Ridge,P3IndependentRidge,2025-09-01,32,32,-0.6003137435213262,-0.8344073653890612,-0.23409362186773508
1,Ridge,P3IndependentRidge,2025-10-01,32,32,0.04846178145515978,0.1728756660324634,-0.12441388457730362
1,Ridge,P3IndependentRidge,2025-11-01,32,32,0.3338499551578451,0.7633780791875854,-0.4295281240297403
1,Ridge,P3IndependentRidge,2025-12-01,32,32,0.023697158586131195,0.3596302246627502,-0.335933066076619
1,Ridge,P3IndependentRidge,2026-01-01,32,32,-0.6078550696468028,-0.8582175177285412,-0.25036244808173835
1,Ridge,P3IndependentRidge,2026-02-01,32,32,-0.24945962948905276,-0.09545363154382924,0.15400599794522352
1,Ridge,P3IndependentRidge,2026-03-01,32,32,0.17563996131009674,0.28212050406997347,-0.10648054275987673
1,Ridge,P3IndependentRidge,2026-04-01,32,32,0.8227150608685179,0.7425324409495915,0.08018261991892639
1,Ridge,P3IndependentRidge,2026-05-01,32,32,0.32505420858630885,0.139728365029683,0.18532584355662585
1,Ridge,P3IndependentRidge,2026-06-01,32,32,-1.0294909707675828,-0.769227834666945,0.2602631361006378
1,Ridge,P3IndependentRidge,2026-07-01,32,32,0.1461776044591545,-0.2884933700229033,-0.1423157655637488
1,Ridge,P3IndependentRidge,2026-08-01,32,32,0.1245514083095145,0.12537852388072226,-0.0008271155712077649
1,Ridge,P3PartialPooling,2024-01-01,32,32,0.12417222865728661,-0.014639123089078554,0.10953310556820806
1,Ridge,P3PartialPooling,2024-02-01,32,32,0.06355634104198771,0.42395520961123123,-0.3603988685692435
1,Ridge,P3PartialPooling,2024-03-01,32,32,0.1635471221769791,0.17502749112193483,-0.011480368944955743
1,Ridge,P3PartialPooling,2024-04-01,32,32,0.1273752778933499,0.27704379775836185,-0.14966851986501195
1,Ridge,P3PartialPooling,2024-05-01,32,32,-0.4743545784094465,-0.6698013781155241,-0.1954467997060776
1,Ridge,P3PartialPooling,2024-06-01,32,32,0.04765943365069347,0.3322112423446032,-0.2845518086939097
1,Ridge,P3PartialPooling,2024-07-01,32,32,-0.9458104571449155,-0.777319689107776,0.16849076803713947
1,Ridge,P3PartialPooling,2024-08-01,32,32,0.010534832337924627,-0.08613008597505972,-0.0755952536371351
1,Ridge,P3PartialPooling,2024-09-01,32,32,-0.12814750158511856,-0.2712184119660721,-0.14307091038095354
1,Ridge,P3PartialPooling,2024-10-01,32,32,-0.45742628597942314,-0.5941201685249531,-0.13669388254552994
1,Ridge,P3PartialPooling,2024-11-01,32,32,-0.892461594689749,-0.720536064367035,0.17192553032271396
1,Ridge,P3PartialPooling,2024-12-01,32,32,0.4314984125563228,-0.05133957614941209,0.3801588364069107
1,Ridge,P3PartialPooling,2025-01-01,32,32,0.17694589296706908,0.11283984348561726,0.06410604948145182
1,Ridge,P3PartialPooling,2025-02-01,32,32,-0.8042696424575126,-0.6016826278965112,0.20258701456100148
1,Ridge,P3PartialPooling,2025-03-01,32,32,-0.14865028948442216,0.012628091369071615,0.13602219811535055
1,Ridge,P3PartialPooling,2025-04-01,32,32,0.36912572904506646,0.06354941952834314,0.3055763095167233
1,Ridge,P3PartialPooling,2025-05-01,32,32,0.5469797017547222,0.5114289570539747,0.03555074470074748
1,Ridge,P3PartialPooling,2025-06-01,32,32,0.055009854317333406,0.18289182731664452,-0.12788197299931112
1,Ridge,P3PartialPooling,2025-07-01,32,32,-0.4446481224601797,-0.07762470426680429,0.3670234181933754
1,Ridge,P3PartialPooling,2025-08-01,32,32,0.39810021919093685,0.5192640140892884,-0.1211637948983515
1,Ridge,P3PartialPooling,2025-09-01,32,32,-0.6003137435213262,-0.8949237260698317,-0.29460998254850557
1,Ridge,P3PartialPooling,2025-10-01,32,32,0.04846178145515978,0.2479404382291912,-0.19947865677403143
1,Ridge,P3PartialPooling,2025-11-01,32,32,0.3338499551578451,0.9044736782428437,-0.5706237230849986
1,Ridge,P3PartialPooling,2025-12-01,32,32,0.023697158586131195,0.38790971155523757,-0.3642125529691064
1,Ridge,P3PartialPooling,2026-01-01,32,32,-0.6078550696468028,-0.7878100538947522,-0.17995498424794942
1,Ridge,P3PartialPooling,2026-02-01,32,32,-0.24945962948905276,0.10389007113675741,0.14556955835229535
1,Ridge,P3PartialPooling,2026-03-01,32,32,0.17563996131009674,0.34979356163479425,-0.1741536003246975
1,Ridge,P3PartialPooling,2026-04-01,32,32,0.8227150608685179,0.7391297616097838,0.08358529925873404
1,Ridge,P3PartialPooling,2026-05-01,32,32,0.32505420858630885,0.08540387656007883,0.23965033202623
1,Ridge,P3PartialPooling,2026-06-01,32,32,-1.0294909707675828,-0.8618479592906698,0.16764301147691296
1,Ridge,P3PartialPooling,2026-07-01,32,32,0.1461776044591545,-0.3545311028821108,-0.2083534984229563
1,Ridge,P3PartialPooling,2026-08-01,32,32,0.1245514083095145,0.042543930921216194,0.0820074773882983
1,Ridge,P3PoolingLagTrend,2024-01-01,32,32,0.12417222865728661,-0.07219266336269625,0.05197956529459036
1,Ridge,P3PoolingLagTrend,2024-02-01,32,32,0.06355634104198771,0.4286171619079606,-0.3650608208659729
1,Ridge,P3PoolingLagTrend,2024-03-01,32,32,0.1635471221769791,0.11842866528637508,0.04511845689060401
1,Ridge,P3PoolingLagTrend,2024-04-01,32,32,0.1273752778933499,0.23660318163909466,-0.10922790374574476
1,Ridge,P3PoolingLagTrend,2024-05-01,32,32,-0.4743545784094465,-0.71248241319164,-0.23812783478219346
1,Ridge,P3PoolingLagTrend,2024-06-01,32,32,0.04765943365069347,0.3850141919201022,-0.33735475826940875
1,Ridge,P3PoolingLagTrend,2024-07-01,32,32,-0.9458104571449155,-0.7941701142402195,0.15164034290469597
1,Ridge,P3PoolingLagTrend,2024-08-01,32,32,0.010534832337924627,0.043547602860002005,-0.03301277052207738
1,Ridge,P3PoolingLagTrend,2024-09-01,32,32,-0.12814750158511856,-0.27013403324160484,-0.14198653165648628
1,Ridge,P3PoolingLagTrend,2024-10-01,32,32,-0.45742628597942314,-0.5383528541510518,-0.08092656817162869
1,Ridge,P3PoolingLagTrend,2024-11-01,32,32,-0.892461594689749,-0.6481078149568225,0.2443537797329265
1,Ridge,P3PoolingLagTrend,2024-12-01,32,32,0.4314984125563228,0.06856550713778731,0.3629329054185355
1,Ridge,P3PoolingLagTrend,2025-01-01,32,32,0.17694589296706908,0.13419028462603355,0.042755608341035534
1,Ridge,P3PoolingLagTrend,2025-02-01,32,32,-0.8042696424575126,-0.6164880357012841,0.18778160675622857
1,Ridge,P3PoolingLagTrend,2025-03-01,32,32,-0.14865028948442216,0.05059681369911284,0.09805347578530932
1,Ridge,P3PoolingLagTrend,2025-04-01,32,32,0.36912572904506646,0.05679130202671667,0.3123344270183498
1,Ridge,P3PoolingLagTrend,2025-05-01,32,32,0.5469797017547222,0.4803439117177456,0.06663579003697662
1,Ridge,P3PoolingLagTrend,2025-06-01,32,32,0.055009854317333406,0.12460020157995133,-0.06959034726261792
1,Ridge,P3PoolingLagTrend,2025-07-01,32,32,-0.4446481224601797,-0.11148908989516418,0.33315903256501556
1,Ridge,P3PoolingLagTrend,2025-08-01,32,32,0.39810021919093685,0.5561673078535294,-0.15806708866259256
1,Ridge,P3PoolingLagTrend,2025-09-01,32,32,-0.6003137435213262,-0.9803657615091691,-0.38005201798784294
1,Ridge,P3PoolingLagTrend,2025-10-01,32,32,0.04846178145515978,0.3321189881271559,-0.2836572066719961
1,Ridge,P3PoolingLagTrend,2025-11-01,32,32,0.3338499551578451,0.9194531707940248,-0.5856032156361797
1,Ridge,P3PoolingLagTrend,2025-12-01,32,32,0.023697158586131195,0.349684140005325,-0.3259869814191938
1,Ridge,P3PoolingLagTrend,2026-01-01,32,32,-0.6078550696468028,-0.8294130078112542,-0.22155793816445135
1,Ridge,P3PoolingLagTrend,2026-02-01,32,32,-0.24945962948905276,0.16383416898484038,0.08562546050421238
1,Ridge,P3PoolingLagTrend,2026-03-01,32,32,0.17563996131009674,0.362391351038424,-0.18675138972832728
1,Ridge,P3PoolingLagTrend,2026-04-01,32,32,0.8227150608685179,0.7107318554048363,0.11198320546368157
1,Ridge,P3PoolingLagTrend,2026-05-01,32,32,0.32505420858630885,0.001342030045584433,0.3237121785407244
1,Ridge,P3PoolingLagTrend,2026-06-01,32,32,-1.0294909707675828,-0.8897193979868305,0.13977157278075225
1,Ridge,P3PoolingLagTrend,2026-07-01,32,32,0.1461776044591545,-0.2782272426298352,-0.13204963817068072
1,Ridge,P3PoolingLagTrend,2026-08-01,32,32,0.1245514083095145,0.08958557131490774,0.03496583699460676
1,Huber,Ridge,2024-01-01,32,32,0.12593563101381733,0.12417222865728661,0.0017634023565307189
1,Huber,Ridge,2024-02-01,32,32,-0.0008147809125489403,0.06355634104198771,-0.06274156012943877
1,Huber,Ridge,2024-03-01,32,32,0.27284933978825165,0.1635471221769791,0.10930221761127257
1,Huber,Ridge,2024-04-01,32,32,0.14922383071066747,0.1273752778933499,0.021848552817317568
1,Huber,Ridge,2024-05-01,32,32,-0.48239485397346016,-0.4743545784094465,0.008040275564013655
1,Huber,Ridge,2024-06-01,32,32,-0.0448342569768414,0.04765943365069347,-0.00282517667385207
1,Huber,Ridge,2024-07-01,32,32,-0.8883228318853611,-0.9458104571449155,-0.05748762525955442
1,Huber,Ridge,2024-08-01,32,32,-0.010722811326843384,0.010534832337924627,0.00018797898891875775
1,Huber,Ridge,2024-09-01,32,32,-0.15127140895228308,-0.12814750158511856,0.02312390736716452
1,Huber,Ridge,2024-10-01,32,32,-0.4607828987570173,-0.45742628597942314,0.003356612777594137
1,Huber,Ridge,2024-11-01,32,32,-0.9351277576874537,-0.892461594689749,0.04266616299770476
1,Huber,Ridge,2024-12-01,32,32,0.33717085649078626,0.4314984125563228,-0.09432755606553656
1,Huber,Ridge,2025-01-01,32,32,0.18323589053740363,0.17694589296706908,0.006289997570334549
1,Huber,Ridge,2025-02-01,32,32,-0.6706243572502188,-0.8042696424575126,-0.1336452852072938
1,Huber,Ridge,2025-03-01,32,32,-0.12545608247035034,-0.14865028948442216,-0.02319420701407182
1,Huber,Ridge,2025-04-01,32,32,0.4153875809224701,0.36912572904506646,0.046261851877403615
1,Huber,Ridge,2025-05-01,32,32,0.5469980983768039,0.5469797017547222,1.839662208169557e-05
1,Huber,Ridge,2025-06-01,32,32,0.03229069227610637,0.055009854317333406,-0.022719162041227037
1,Huber,Ridge,2025-07-01,32,32,-0.3507590533085363,-0.4446481224601797,-0.09388906915164341
1,Huber,Ridge,2025-08-01,32,32,0.4758510219698593,0.39810021919093685,0.07775080277892243
1,Huber,Ridge,2025-09-01,32,32,-0.5926685301522383,-0.6003137435213262,-0.007645213369087855
1,Huber,Ridge,2025-10-01,32,32,0.04322852017148193,0.04846178145515978,-0.005233261283677848
1,Huber,Ridge,2025-11-01,32,32,0.28456972568250194,0.3338499551578451,-0.04928022947534316
1,Huber,Ridge,2025-12-01,32,32,0.026409459671640434,0.023697158586131195,0.002712301085509239
1,Huber,Ridge,2026-01-01,32,32,-0.6083002726162761,-0.6078550696468028,0.0004452029694732573
1,Huber,Ridge,2026-02-01,32,32,-0.36631131555235186,-0.24945962948905276,0.1168516860632991
1,Huber,Ridge,2026-03-01,32,32,0.20182310736899467,0.17563996131009674,0.026183146058897933
1,Huber,Ridge,2026-04-01,32,32,0.7599688955821904,0.8227150608685179,-0.06274616528632748
1,Huber,Ridge,2026-05-01,32,32,0.3110543073435821,0.32505420858630885,-0.013999901242726764
1,Huber,Ridge,2026-06-01,32,32,-1.0669420892676413,-1.0294909707675828,0.037451118500058556
1,Huber,Ridge,2026-07-01,32,32,0.1490036062327107,0.1461776044591545,0.002826001773556186
1,Huber,Ridge,2026-08-01,32,32,0.10711162664438234,0.1245514083095145,-0.01743978166513216
1,Huber,SeasonalNaive,2024-01-01,32,32,0.12593563101381733,0.2599999999999909,-0.13406436898617358
1,Huber,SeasonalNaive,2024-02-01,32,32,-0.0008147809125489403,0.21999999999999886,-0.21918521908744992
1,Huber,SeasonalNaive,2024-03-01,32,32,0.27284933978825165,-0.14000000000000057,0.1328493397882511
1,Huber,SeasonalNaive,2024-04-01,32,32,0.14922383071066747,0.3400000000000034,-0.19077616928933594
1,Huber,SeasonalNaive,2024-05-01,32,32,-0.48239485397346016,-1.1899999999999977,-0.7076051460265376
1,Huber,SeasonalNaive,2024-06-01,32,32,-0.0448342569768414,0.25,-0.2051657430231586
1,Huber,SeasonalNaive,2024-07-01,32,32,-0.8883228318853611,-0.5699999999999932,0.3183228318853679
1,Huber,SeasonalNaive,2024-08-01,32,32,-0.010722811326843384,-0.1599999999999966,-0.1492771886731532
1,Huber,SeasonalNaive,2024-09-01,32,32,-0.15127140895228308,1.1299999999999955,-0.9787285910477124
1,Huber,SeasonalNaive,2024-10-01,32,32,-0.4607828987570173,-0.5600000000000023,-0.099217101242985
1,Huber,SeasonalNaive,2024-11-01,32,32,-0.9351277576874537,-0.7600000000000051,0.1751277576874486
1,Huber,SeasonalNaive,2024-12-01,32,32,0.33717085649078626,-0.6199999999999903,-0.2828291435092041
1,Huber,SeasonalNaive,2025-01-01,32,32,0.18323589053740363,0.030000000000001137,0.1532358905374025
1,Huber,SeasonalNaive,2025-02-01,32,32,-0.6706243572502188,-0.8100000000000023,-0.13937564274978342
1,Huber,SeasonalNaive,2025-03-01,32,32,-0.12545608247035034,-0.28000000000000114,-0.1545439175296508
1,Huber,SeasonalNaive,2025-04-01,32,32,0.4153875809224701,-0.15000000000000568,0.2653875809224644
1,Huber,SeasonalNaive,2025-05-01,32,32,0.5469980983768039,1.009999999999991,-0.463001901623187
1,Huber,SeasonalNaive,2025-06-01,32,32,0.03229069227610637,0.22000000000001307,-0.1877093077239067
1,Huber,SeasonalNaive,2025-07-01,32,32,-0.3507590533085363,0.7099999999999937,-0.35924094669145745
1,Huber,SeasonalNaive,2025-08-01,32,32,0.4758510219698593,0.6599999999999966,-0.1841489780301373
1,Huber,SeasonalNaive,2025-09-01,32,32,-0.5926685301522383,-0.37999999999999545,0.21266853015224285
1,Huber,SeasonalNaive,2025-10-01,32,32,0.04322852017148193,0.4899999999999949,-0.44677147982851295
1,Huber,SeasonalNaive,2025-11-01,32,32,0.28456972568250194,1.3499999999999943,-1.0654302743174924
1,Huber,SeasonalNaive,2025-12-01,32,32,0.026409459671640434,0.6199999999999903,-0.5935905403283499
1,Huber,SeasonalNaive,2026-01-01,32,32,-0.6083002726162761,-0.7299999999999898,-0.12169972738371371
1,Huber,SeasonalNaive,2026-02-01,32,32,-0.36631131555235186,0.2400000000000091,0.12631131555234276
1,Huber,SeasonalNaive,2026-03-01,32,32,0.20182310736899467,0.269999999999996,-0.06817689263100135
1,Huber,SeasonalNaive,2026-04-01,32,32,0.7599688955821904,0.8100000000000023,-0.05003110441781189
1,Huber,SeasonalNaive,2026-05-01,32,32,0.3110543073435821,-0.1599999999999966,0.1510543073435855
1,Huber,SeasonalNaive,2026-06-01,32,32,-1.0669420892676413,-1.1000000000000085,-0.03305791073236719
1,Huber,SeasonalNaive,2026-07-01,32,32,0.1490036062327107,-0.45999999999999375,-0.31099639376728305
1,Huber,SeasonalNaive,2026-08-01,32,32,0.10711162664438234,-0.6899999999999977,-0.5828883733556154
1,Huber,GroupsFixed,2024-01-01,32,32,0.12593563101381733,-0.31203641529600523,-0.1861007842821879
1,Huber,GroupsFixed,2024-02-01,32,32,-0.0008147809125489403,0.18780442610207537,-0.18698964518952643
1,Huber,GroupsFixed,2024-03-01,32,32,0.27284933978825165,0.14520475535065336,0.1276445844375983
1,Huber,GroupsFixed,2024-04-01,32,32,0.14922383071066747,0.10533085930976954,0.04389297140089793
1,Huber,GroupsFixed,2024-05-01,32,32,-0.48239485397346016,-0.4879271525083287,-0.005532298534868529
1,Huber,GroupsFixed,2024-06-01,32,32,-0.0448342569768414,0.18071015794227768,-0.13587590096543628
1,Huber,GroupsFixed,2024-07-01,32,32,-0.8883228318853611,-0.7943792420704269,0.09394358981493423
1,Huber,GroupsFixed,2024-08-01,32,32,-0.010722811326843384,0.23362743026989724,-0.22290461894305386
1,Huber,GroupsFixed,2024-09-01,32,32,-0.15127140895228308,-0.43845958090250287,-0.2871881719502198
1,Huber,GroupsFixed,2024-10-01,32,32,-0.4607828987570173,-0.48874849678157073,-0.02796559802455345
1,Huber,GroupsFixed,2024-11-01,32,32,-0.9351277576874537,-0.843215477434377,0.09191228025307674
1,Huber,GroupsFixed,2024-12-01,32,32,0.33717085649078626,-0.15904477323393518,0.1781260832568511
1,Huber,GroupsFixed,2025-01-01,32,32,0.18323589053740363,-0.08282154963843258,0.10041434089897106
1,Huber,GroupsFixed,2025-02-01,32,32,-0.6706243572502188,-0.6744787913484572,-0.0038544340982383796
1,Huber,GroupsFixed,2025-03-01,32,32,-0.12545608247035034,-0.11452804901947,0.010928033450880337
1,Huber,GroupsFixed,2025-04-01,32,32,0.4153875809224701,0.026216845803819,0.3891707351186511
1,Huber,GroupsFixed,2025-05-01,32,32,0.5469980983768039,0.501310731392328,0.04568736698447595
1,Huber,GroupsFixed,2025-06-01,32,32,0.03229069227610637,0.3110265619813182,-0.2787358697052118
1,Huber,GroupsFixed,2025-07-01,32,32,-0.3507590533085363,-0.12726345387359983,0.22349559943493646
1,Huber,GroupsFixed,2025-08-01,32,32,0.4758510219698593,0.7842150400304845,-0.3083640180606252
1,Huber,GroupsFixed,2025-09-01,32,32,-0.5926685301522383,-0.7599730405593916,-0.16730451040715333
1,Huber,GroupsFixed,2025-10-01,32,32,0.04322852017148193,0.1223745145122711,-0.07914599434078917
1,Huber,GroupsFixed,2025-11-01,32,32,0.28456972568250194,0.5412472213145224,-0.25667749563202047
1,Huber,GroupsFixed,2025-12-01,32,32,0.026409459671640434,0.42722762715406704,-0.4008181674824266
1,Huber,GroupsFixed,2026-01-01,32,32,-0.6083002726162761,-0.8506260643726028,-0.24232579175632674
1,Huber,GroupsFixed,2026-02-01,32,32,-0.36631131555235186,-0.28854871329665743,0.07776260225569442
1,Huber,GroupsFixed,2026-03-01,32,32,0.20182310736899467,0.2263589728410106,-0.024535865472015916
1,Huber,GroupsFixed,2026-04-01,32,32,0.7599688955821904,0.7505112058824355,0.009457689699754912
1,Huber,GroupsFixed,2026-05-01,32,32,0.3110543073435821,0.17509004773328724,0.13596425961029485
1,Huber,GroupsFixed,2026-06-01,32,32,-1.0669420892676413,-0.7340607700694574,0.332881319198184
1,Huber,GroupsFixed,2026-07-01,32,32,0.1490036062327107,-0.3305097059841622,-0.1815060997514515
1,Huber,GroupsFixed,2026-08-01,32,32,0.10711162664438234,0.11682243272313803,-0.009710806078755685
1,Huber,P3IndependentRidge,2024-01-01,32,32,0.12593563101381733,-0.0736886181700187,0.052247012843798624
1,Huber,P3IndependentRidge,2024-02-01,32,32,-0.0008147809125489403,0.34468917616544525,-0.3438743952528963
1,Huber,P3IndependentRidge,2024-03-01,32,32,0.27284933978825165,0.12908461439749686,0.1437647253907548
1,Huber,P3IndependentRidge,2024-04-01,32,32,0.14922383071066747,0.17733318843200097,-0.028109357721333494
1,Huber,P3IndependentRidge,2024-05-01,32,32,-0.48239485397346016,-0.6559064115665675,-0.17351155759310732
1,Huber,P3IndependentRidge,2024-06-01,32,32,-0.0448342569768414,0.33089797051650616,-0.28606371353966475
1,Huber,P3IndependentRidge,2024-07-01,32,32,-0.8883228318853611,-0.7199651315804325,0.16835770030492858
1,Huber,P3IndependentRidge,2024-08-01,32,32,-0.010722811326843384,0.042195251002314665,-0.03147243967547128
1,Huber,P3IndependentRidge,2024-09-01,32,32,-0.15127140895228308,-0.24054903814186862,-0.08927762918958554
1,Huber,P3IndependentRidge,2024-10-01,32,32,-0.4607828987570173,-0.5292870851836144,-0.06850418642659717
1,Huber,P3IndependentRidge,2024-11-01,32,32,-0.9351277576874537,-0.7206434707894661,0.2144842868979876
1,Huber,P3IndependentRidge,2024-12-01,32,32,0.33717085649078626,-0.08998278471834031,0.24718807177244595
1,Huber,P3IndependentRidge,2025-01-01,32,32,0.18323589053740363,-0.023617258227219717,0.15961863231018392
1,Huber,P3IndependentRidge,2025-02-01,32,32,-0.6706243572502188,-0.6484996345551111,0.02212472269510779
1,Huber,P3IndependentRidge,2025-03-01,32,32,-0.12545608247035034,-0.0860725600745097,0.03938352239584064
1,Huber,P3IndependentRidge,2025-04-01,32,32,0.4153875809224701,0.06461768430051562,0.35076989662195446
1,Huber,P3IndependentRidge,2025-05-01,32,32,0.5469980983768039,0.5201720657600342,0.026826032616769746
1,Huber,P3IndependentRidge,2025-06-01,32,32,0.03229069227610637,0.28722042254028224,-0.25492973026417587
1,Huber,P3IndependentRidge,2025-07-01,32,32,-0.3507590533085363,-0.09563820367960979,0.2551208496289265
1,Huber,P3IndependentRidge,2025-08-01,32,32,0.4758510219698593,0.6589582073079816,-0.1831071853381223
1,Huber,P3IndependentRidge,2025-09-01,32,32,-0.5926685301522383,-0.8344073653890612,-0.24173883523682294
1,Huber,P3IndependentRidge,2025-10-01,32,32,0.04322852017148193,0.1728756660324634,-0.12964714586098147
1,Huber,P3IndependentRidge,2025-11-01,32,32,0.28456972568250194,0.7633780791875854,-0.47880835350508344
1,Huber,P3IndependentRidge,2025-12-01,32,32,0.026409459671640434,0.3596302246627502,-0.33322076499110975
1,Huber,P3IndependentRidge,2026-01-01,32,32,-0.6083002726162761,-0.8582175177285412,-0.2499172451122651
1,Huber,P3IndependentRidge,2026-02-01,32,32,-0.36631131555235186,-0.09545363154382924,0.2708576840085226
1,Huber,P3IndependentRidge,2026-03-01,32,32,0.20182310736899467,0.28212050406997347,-0.0802973967009788
1,Huber,P3IndependentRidge,2026-04-01,32,32,0.7599688955821904,0.7425324409495915,0.017436454632598908
1,Huber,P3IndependentRidge,2026-05-01,32,32,0.3110543073435821,0.139728365029683,0.17132594231389908
1,Huber,P3IndependentRidge,2026-06-01,32,32,-1.0669420892676413,-0.769227834666945,0.29771425460069634
1,Huber,P3IndependentRidge,2026-07-01,32,32,0.1490036062327107,-0.2884933700229033,-0.13948976379019262
1,Huber,P3IndependentRidge,2026-08-01,32,32,0.10711162664438234,0.12537852388072226,-0.018266897236339924
1,Huber,P3PartialPooling,2024-01-01,32,32,0.12593563101381733,-0.014639123089078554,0.11129650792473877
1,Huber,P3PartialPooling,2024-02-01,32,32,-0.0008147809125489403,0.42395520961123123,-0.4231404286986823
1,Huber,P3PartialPooling,2024-03-01,32,32,0.27284933978825165,0.17502749112193483,0.09782184866631682
1,Huber,P3PartialPooling,2024-04-01,32,32,0.14922383071066747,0.27704379775836185,-0.12781996704769438
1,Huber,P3PartialPooling,2024-05-01,32,32,-0.48239485397346016,-0.6698013781155241,-0.18740652414206393
1,Huber,P3PartialPooling,2024-06-01,32,32,-0.0448342569768414,0.3322112423446032,-0.2873769853677618
1,Huber,P3PartialPooling,2024-07-01,32,32,-0.8883228318853611,-0.777319689107776,0.11100314277758505
1,Huber,P3PartialPooling,2024-08-01,32,32,-0.010722811326843384,-0.08613008597505972,-0.07540727464821634
1,Huber,P3PartialPooling,2024-09-01,32,32,-0.15127140895228308,-0.2712184119660721,-0.11994700301378902
1,Huber,P3PartialPooling,2024-10-01,32,32,-0.4607828987570173,-0.5941201685249531,-0.1333372697679358
1,Huber,P3PartialPooling,2024-11-01,32,32,-0.9351277576874537,-0.720536064367035,0.21459169332041872
1,Huber,P3PartialPooling,2024-12-01,32,32,0.33717085649078626,-0.05133957614941209,0.28583128034137417
1,Huber,P3PartialPooling,2025-01-01,32,32,0.18323589053740363,0.11283984348561726,0.07039604705178637
1,Huber,P3PartialPooling,2025-02-01,32,32,-0.6706243572502188,-0.6016826278965112,0.06894172935370768
1,Huber,P3PartialPooling,2025-03-01,32,32,-0.12545608247035034,0.012628091369071615,0.11282799110127872
1,Huber,P3PartialPooling,2025-04-01,32,32,0.4153875809224701,0.06354941952834314,0.35183816139412694
1,Huber,P3PartialPooling,2025-05-01,32,32,0.5469980983768039,0.5114289570539747,0.03556914132282918
1,Huber,P3PartialPooling,2025-06-01,32,32,0.03229069227610637,0.18289182731664452,-0.15060113504053815
1,Huber,P3PartialPooling,2025-07-01,32,32,-0.3507590533085363,-0.07762470426680429,0.273134349041732
1,Huber,P3PartialPooling,2025-08-01,32,32,0.4758510219698593,0.5192640140892884,-0.04341299211942906
1,Huber,P3PartialPooling,2025-09-01,32,32,-0.5926685301522383,-0.8949237260698317,-0.3022551959175934
1,Huber,P3PartialPooling,2025-10-01,32,32,0.04322852017148193,0.2479404382291912,-0.20471191805770927
1,Huber,P3PartialPooling,2025-11-01,32,32,0.28456972568250194,0.9044736782428437,-0.6199039525603418
1,Huber,P3PartialPooling,2025-12-01,32,32,0.026409459671640434,0.38790971155523757,-0.36150025188359713
1,Huber,P3PartialPooling,2026-01-01,32,32,-0.6083002726162761,-0.7878100538947522,-0.17950978127847617
1,Huber,P3PartialPooling,2026-02-01,32,32,-0.36631131555235186,0.10389007113675741,0.26242124441559445
1,Huber,P3PartialPooling,2026-03-01,32,32,0.20182310736899467,0.34979356163479425,-0.14797045426579958
1,Huber,P3PartialPooling,2026-04-01,32,32,0.7599688955821904,0.7391297616097838,0.020839133972406554
1,Huber,P3PartialPooling,2026-05-01,32,32,0.3110543073435821,0.08540387656007883,0.22565043078350325
1,Huber,P3PartialPooling,2026-06-01,32,32,-1.0669420892676413,-0.8618479592906698,0.20509412997697152
1,Huber,P3PartialPooling,2026-07-01,32,32,0.1490036062327107,-0.3545311028821108,-0.20552749664940012
1,Huber,P3PartialPooling,2026-08-01,32,32,0.10711162664438234,0.042543930921216194,0.06456769572316615
1,Huber,P3PoolingLagTrend,2024-01-01,32,32,0.12593563101381733,-0.07219266336269625,0.053742967651121076
1,Huber,P3PoolingLagTrend,2024-02-01,32,32,-0.0008147809125489403,0.4286171619079606,-0.4278023809954117
1,Huber,P3PoolingLagTrend,2024-03-01,32,32,0.27284933978825165,0.11842866528637508,0.15442067450187658
1,Huber,P3PoolingLagTrend,2024-04-01,32,32,0.14922383071066747,0.23660318163909466,-0.08737935092842719
1,Huber,P3PoolingLagTrend,2024-05-01,32,32,-0.48239485397346016,-0.71248241319164,-0.2300875592181798
1,Huber,P3PoolingLagTrend,2024-06-01,32,32,-0.0448342569768414,0.3850141919201022,-0.3401799349432608
1,Huber,P3PoolingLagTrend,2024-07-01,32,32,-0.8883228318853611,-0.7941701142402195,0.09415271764514155
1,Huber,P3PoolingLagTrend,2024-08-01,32,32,-0.010722811326843384,0.043547602860002005,-0.03282479153315862
1,Huber,P3PoolingLagTrend,2024-09-01,32,32,-0.15127140895228308,-0.27013403324160484,-0.11886262428932176
1,Huber,P3PoolingLagTrend,2024-10-01,32,32,-0.4607828987570173,-0.5383528541510518,-0.07756995539403455
1,Huber,P3PoolingLagTrend,2024-11-01,32,32,-0.9351277576874537,-0.6481078149568225,0.28701994273063125
1,Huber,P3PoolingLagTrend,2024-12-01,32,32,0.33717085649078626,0.06856550713778731,0.26860534935299896
1,Huber,P3PoolingLagTrend,2025-01-01,32,32,0.18323589053740363,0.13419028462603355,0.04904560591137008
1,Huber,P3PoolingLagTrend,2025-02-01,32,32,-0.6706243572502188,-0.6164880357012841,0.054136321548934774
1,Huber,P3PoolingLagTrend,2025-03-01,32,32,-0.12545608247035034,0.05059681369911284,0.0748592687712375
1,Huber,P3PoolingLagTrend,2025-04-01,32,32,0.4153875809224701,0.05679130202671667,0.3585962788957534
1,Huber,P3PoolingLagTrend,2025-05-01,32,32,0.5469980983768039,0.4803439117177456,0.06665418665905831
1,Huber,P3PoolingLagTrend,2025-06-01,32,32,0.03229069227610637,0.12460020157995133,-0.09230950930384496
1,Huber,P3PoolingLagTrend,2025-07-01,32,32,-0.3507590533085363,-0.11148908989516418,0.23926996341337212
1,Huber,P3PoolingLagTrend,2025-08-01,32,32,0.4758510219698593,0.5561673078535294,-0.08031628588367012
1,Huber,P3PoolingLagTrend,2025-09-01,32,32,-0.5926685301522383,-0.9803657615091691,-0.3876972313569308
1,Huber,P3PoolingLagTrend,2025-10-01,32,32,0.04322852017148193,0.3321189881271559,-0.28889046795567397
1,Huber,P3PoolingLagTrend,2025-11-01,32,32,0.28456972568250194,0.9194531707940248,-0.6348834451115228
1,Huber,P3PoolingLagTrend,2025-12-01,32,32,0.026409459671640434,0.349684140005325,-0.32327468033368456
1,Huber,P3PoolingLagTrend,2026-01-01,32,32,-0.6083002726162761,-0.8294130078112542,-0.2211127351949781
1,Huber,P3PoolingLagTrend,2026-02-01,32,32,-0.36631131555235186,0.16383416898484038,0.20247714656751148
1,Huber,P3PoolingLagTrend,2026-03-01,32,32,0.20182310736899467,0.362391351038424,-0.16056824366942934
1,Huber,P3PoolingLagTrend,2026-04-01,32,32,0.7599688955821904,0.7107318554048363,0.049237040177354086
1,Huber,P3PoolingLagTrend,2026-05-01,32,32,0.3110543073435821,0.001342030045584433,0.30971227729799766
1,Huber,P3PoolingLagTrend,2026-06-01,32,32,-1.0669420892676413,-0.8897193979868305,0.1772226912808108
1,Huber,P3PoolingLagTrend,2026-07-01,32,32,0.1490036062327107,-0.2782272426298352,-0.12922363639712453
1,Huber,P3PoolingLagTrend,2026-08-01,32,32,0.10711162664438234,0.08958557131490774,0.0175260553294746
1,SeasonalNaive,Ridge,2024-01-01,32,32,0.2599999999999909,0.12417222865728661,0.1358277713427043
1,SeasonalNaive,Ridge,2024-02-01,32,32,0.21999999999999886,0.06355634104198771,0.15644365895801116
1,SeasonalNaive,Ridge,2024-03-01,32,32,-0.14000000000000057,0.1635471221769791,-0.02354712217697852
1,SeasonalNaive,Ridge,2024-04-01,32,32,0.3400000000000034,0.1273752778933499,0.2126247221066535
1,SeasonalNaive,Ridge,2024-05-01,32,32,-1.1899999999999977,-0.4743545784094465,0.7156454215905512
1,SeasonalNaive,Ridge,2024-06-01,32,32,0.25,0.04765943365069347,0.20234056634930653
1,SeasonalNaive,Ridge,2024-07-01,32,32,-0.5699999999999932,-0.9458104571449155,-0.37581045714492234
1,SeasonalNaive,Ridge,2024-08-01,32,32,-0.1599999999999966,0.010534832337924627,0.14946516766207196
1,SeasonalNaive,Ridge,2024-09-01,32,32,1.1299999999999955,-0.12814750158511856,1.001852498414877
1,SeasonalNaive,Ridge,2024-10-01,32,32,-0.5600000000000023,-0.45742628597942314,0.10257371402057913
1,SeasonalNaive,Ridge,2024-11-01,32,32,-0.7600000000000051,-0.892461594689749,-0.13246159468974383
1,SeasonalNaive,Ridge,2024-12-01,32,32,-0.6199999999999903,0.4314984125563228,0.18850158744366752
1,SeasonalNaive,Ridge,2025-01-01,32,32,0.030000000000001137,0.17694589296706908,-0.14694589296706795
1,SeasonalNaive,Ridge,2025-02-01,32,32,-0.8100000000000023,-0.8042696424575126,0.005730357542489628
1,SeasonalNaive,Ridge,2025-03-01,32,32,-0.28000000000000114,-0.14865028948442216,0.13134971051557898
1,SeasonalNaive,Ridge,2025-04-01,32,32,-0.15000000000000568,0.36912572904506646,-0.21912572904506078
1,SeasonalNaive,Ridge,2025-05-01,32,32,1.009999999999991,0.5469797017547222,0.4630202982452687
1,SeasonalNaive,Ridge,2025-06-01,32,32,0.22000000000001307,0.055009854317333406,0.16499014568267967
1,SeasonalNaive,Ridge,2025-07-01,32,32,0.7099999999999937,-0.4446481224601797,0.26535187753981404
1,SeasonalNaive,Ridge,2025-08-01,32,32,0.6599999999999966,0.39810021919093685,0.26189978080905973
1,SeasonalNaive,Ridge,2025-09-01,32,32,-0.37999999999999545,-0.6003137435213262,-0.2203137435213307
1,SeasonalNaive,Ridge,2025-10-01,32,32,0.4899999999999949,0.04846178145515978,0.4415382185448351
1,SeasonalNaive,Ridge,2025-11-01,32,32,1.3499999999999943,0.3338499551578451,1.0161500448421492
1,SeasonalNaive,Ridge,2025-12-01,32,32,0.6199999999999903,0.023697158586131195,0.5963028414138591
1,SeasonalNaive,Ridge,2026-01-01,32,32,-0.7299999999999898,-0.6078550696468028,0.12214493035318696
1,SeasonalNaive,Ridge,2026-02-01,32,32,0.2400000000000091,-0.24945962948905276,-0.009459629489043664
1,SeasonalNaive,Ridge,2026-03-01,32,32,0.269999999999996,0.17563996131009674,0.09436003868989928
1,SeasonalNaive,Ridge,2026-04-01,32,32,0.8100000000000023,0.8227150608685179,-0.012715060868515593
1,SeasonalNaive,Ridge,2026-05-01,32,32,-0.1599999999999966,0.32505420858630885,-0.16505420858631226
1,SeasonalNaive,Ridge,2026-06-01,32,32,-1.1000000000000085,-1.0294909707675828,0.07050902923242575
1,SeasonalNaive,Ridge,2026-07-01,32,32,-0.45999999999999375,0.1461776044591545,0.31382239554083924
1,SeasonalNaive,Ridge,2026-08-01,32,32,-0.6899999999999977,0.1245514083095145,0.5654485916904832
1,SeasonalNaive,Huber,2024-01-01,32,32,0.2599999999999909,0.12593563101381733,0.13406436898617358
1,SeasonalNaive,Huber,2024-02-01,32,32,0.21999999999999886,-0.0008147809125489403,0.21918521908744992
1,SeasonalNaive,Huber,2024-03-01,32,32,-0.14000000000000057,0.27284933978825165,-0.1328493397882511
1,SeasonalNaive,Huber,2024-04-01,32,32,0.3400000000000034,0.14922383071066747,0.19077616928933594
1,SeasonalNaive,Huber,2024-05-01,32,32,-1.1899999999999977,-0.48239485397346016,0.7076051460265376
1,SeasonalNaive,Huber,2024-06-01,32,32,0.25,-0.0448342569768414,0.2051657430231586
1,SeasonalNaive,Huber,2024-07-01,32,32,-0.5699999999999932,-0.8883228318853611,-0.3183228318853679
1,SeasonalNaive,Huber,2024-08-01,32,32,-0.1599999999999966,-0.010722811326843384,0.1492771886731532
1,SeasonalNaive,Huber,2024-09-01,32,32,1.1299999999999955,-0.15127140895228308,0.9787285910477124
1,SeasonalNaive,Huber,2024-10-01,32,32,-0.5600000000000023,-0.4607828987570173,0.099217101242985
1,SeasonalNaive,Huber,2024-11-01,32,32,-0.7600000000000051,-0.9351277576874537,-0.1751277576874486
1,SeasonalNaive,Huber,2024-12-01,32,32,-0.6199999999999903,0.33717085649078626,0.2828291435092041
1,SeasonalNaive,Huber,2025-01-01,32,32,0.030000000000001137,0.18323589053740363,-0.1532358905374025
1,SeasonalNaive,Huber,2025-02-01,32,32,-0.8100000000000023,-0.6706243572502188,0.13937564274978342
1,SeasonalNaive,Huber,2025-03-01,32,32,-0.28000000000000114,-0.12545608247035034,0.1545439175296508
1,SeasonalNaive,Huber,2025-04-01,32,32,-0.15000000000000568,0.4153875809224701,-0.2653875809224644
1,SeasonalNaive,Huber,2025-05-01,32,32,1.009999999999991,0.5469980983768039,0.463001901623187
1,SeasonalNaive,Huber,2025-06-01,32,32,0.22000000000001307,0.03229069227610637,0.1877093077239067
1,SeasonalNaive,Huber,2025-07-01,32,32,0.7099999999999937,-0.3507590533085363,0.35924094669145745
1,SeasonalNaive,Huber,2025-08-01,32,32,0.6599999999999966,0.4758510219698593,0.1841489780301373
1,SeasonalNaive,Huber,2025-09-01,32,32,-0.37999999999999545,-0.5926685301522383,-0.21266853015224285
1,SeasonalNaive,Huber,2025-10-01,32,32,0.4899999999999949,0.04322852017148193,0.44677147982851295
1,SeasonalNaive,Huber,2025-11-01,32,32,1.3499999999999943,0.28456972568250194,1.0654302743174924
1,SeasonalNaive,Huber,2025-12-01,32,32,0.6199999999999903,0.026409459671640434,0.5935905403283499
1,SeasonalNaive,Huber,2026-01-01,32,32,-0.7299999999999898,-0.6083002726162761,0.12169972738371371
1,SeasonalNaive,Huber,2026-02-01,32,32,0.2400000000000091,-0.36631131555235186,-0.12631131555234276
1,SeasonalNaive,Huber,2026-03-01,32,32,0.269999999999996,0.20182310736899467,0.06817689263100135
1,SeasonalNaive,Huber,2026-04-01,32,32,0.8100000000000023,0.7599688955821904,0.05003110441781189
1,SeasonalNaive,Huber,2026-05-01,32,32,-0.1599999999999966,0.3110543073435821,-0.1510543073435855
1,SeasonalNaive,Huber,2026-06-01,32,32,-1.1000000000000085,-1.0669420892676413,0.03305791073236719
1,SeasonalNaive,Huber,2026-07-01,32,32,-0.45999999999999375,0.1490036062327107,0.31099639376728305
1,SeasonalNaive,Huber,2026-08-01,32,32,-0.6899999999999977,0.10711162664438234,0.5828883733556154
1,SeasonalNaive,GroupsFixed,2024-01-01,32,32,0.2599999999999909,-0.31203641529600523,-0.05203641529601433
1,SeasonalNaive,GroupsFixed,2024-02-01,32,32,0.21999999999999886,0.18780442610207537,0.03219557389792349
1,SeasonalNaive,GroupsFixed,2024-03-01,32,32,-0.14000000000000057,0.14520475535065336,-0.00520475535065279
1,SeasonalNaive,GroupsFixed,2024-04-01,32,32,0.3400000000000034,0.10533085930976954,0.23466914069023387
1,SeasonalNaive,GroupsFixed,2024-05-01,32,32,-1.1899999999999977,-0.4879271525083287,0.7020728474916691
1,SeasonalNaive,GroupsFixed,2024-06-01,32,32,0.25,0.18071015794227768,0.06928984205772232
1,SeasonalNaive,GroupsFixed,2024-07-01,32,32,-0.5699999999999932,-0.7943792420704269,-0.2243792420704337
1,SeasonalNaive,GroupsFixed,2024-08-01,32,32,-0.1599999999999966,0.23362743026989724,-0.07362743026990065
1,SeasonalNaive,GroupsFixed,2024-09-01,32,32,1.1299999999999955,-0.43845958090250287,0.6915404190974925
1,SeasonalNaive,GroupsFixed,2024-10-01,32,32,-0.5600000000000023,-0.48874849678157073,0.07125150321843154
1,SeasonalNaive,GroupsFixed,2024-11-01,32,32,-0.7600000000000051,-0.843215477434377,-0.08321547743437185
1,SeasonalNaive,GroupsFixed,2024-12-01,32,32,-0.6199999999999903,-0.15904477323393518,0.46095522676605516
1,SeasonalNaive,GroupsFixed,2025-01-01,32,32,0.030000000000001137,-0.08282154963843258,-0.05282154963843144
1,SeasonalNaive,GroupsFixed,2025-02-01,32,32,-0.8100000000000023,-0.6744787913484572,0.13552120865154504
1,SeasonalNaive,GroupsFixed,2025-03-01,32,32,-0.28000000000000114,-0.11452804901947,0.16547195098053114
1,SeasonalNaive,GroupsFixed,2025-04-01,32,32,-0.15000000000000568,0.026216845803819,0.12378315419618668
1,SeasonalNaive,GroupsFixed,2025-05-01,32,32,1.009999999999991,0.501310731392328,0.508689268607663
1,SeasonalNaive,GroupsFixed,2025-06-01,32,32,0.22000000000001307,0.3110265619813182,-0.0910265619813051
1,SeasonalNaive,GroupsFixed,2025-07-01,32,32,0.7099999999999937,-0.12726345387359983,0.5827365461263939
1,SeasonalNaive,GroupsFixed,2025-08-01,32,32,0.6599999999999966,0.7842150400304845,-0.12421504003048789
1,SeasonalNaive,GroupsFixed,2025-09-01,32,32,-0.37999999999999545,-0.7599730405593916,-0.3799730405593962
1,SeasonalNaive,GroupsFixed,2025-10-01,32,32,0.4899999999999949,0.1223745145122711,0.3676254854877238
1,SeasonalNaive,GroupsFixed,2025-11-01,32,32,1.3499999999999943,0.5412472213145224,0.8087527786854719
1,SeasonalNaive,GroupsFixed,2025-12-01,32,32,0.6199999999999903,0.42722762715406704,0.1927723728459233
1,SeasonalNaive,GroupsFixed,2026-01-01,32,32,-0.7299999999999898,-0.8506260643726028,-0.12062606437261303
1,SeasonalNaive,GroupsFixed,2026-02-01,32,32,0.2400000000000091,-0.28854871329665743,-0.04854871329664834
1,SeasonalNaive,GroupsFixed,2026-03-01,32,32,0.269999999999996,0.2263589728410106,0.043641027158985435
1,SeasonalNaive,GroupsFixed,2026-04-01,32,32,0.8100000000000023,0.7505112058824355,0.0594887941175668
1,SeasonalNaive,GroupsFixed,2026-05-01,32,32,-0.1599999999999966,0.17509004773328724,-0.015090047733290646
1,SeasonalNaive,GroupsFixed,2026-06-01,32,32,-1.1000000000000085,-0.7340607700694574,0.36593922993055117
1,SeasonalNaive,GroupsFixed,2026-07-01,32,32,-0.45999999999999375,-0.3305097059841622,0.12949029401583156
1,SeasonalNaive,GroupsFixed,2026-08-01,32,32,-0.6899999999999977,0.11682243272313803,0.5731775672768598
1,SeasonalNaive,P3IndependentRidge,2024-01-01,32,32,0.2599999999999909,-0.0736886181700187,0.1863113818299722
1,SeasonalNaive,P3IndependentRidge,2024-02-01,32,32,0.21999999999999886,0.34468917616544525,-0.12468917616544639
1,SeasonalNaive,P3IndependentRidge,2024-03-01,32,32,-0.14000000000000057,0.12908461439749686,0.010915385602503713
1,SeasonalNaive,P3IndependentRidge,2024-04-01,32,32,0.3400000000000034,0.17733318843200097,0.16266681156800245
1,SeasonalNaive,P3IndependentRidge,2024-05-01,32,32,-1.1899999999999977,-0.6559064115665675,0.5340935884334302
1,SeasonalNaive,P3IndependentRidge,2024-06-01,32,32,0.25,0.33089797051650616,-0.08089797051650616
1,SeasonalNaive,P3IndependentRidge,2024-07-01,32,32,-0.5699999999999932,-0.7199651315804325,-0.14996513158043934
1,SeasonalNaive,P3IndependentRidge,2024-08-01,32,32,-0.1599999999999966,0.042195251002314665,0.11780474899768192
1,SeasonalNaive,P3IndependentRidge,2024-09-01,32,32,1.1299999999999955,-0.24054903814186862,0.8894509618581268
1,SeasonalNaive,P3IndependentRidge,2024-10-01,32,32,-0.5600000000000023,-0.5292870851836144,0.030712914816387826
1,SeasonalNaive,P3IndependentRidge,2024-11-01,32,32,-0.7600000000000051,-0.7206434707894661,0.039356529210539004
1,SeasonalNaive,P3IndependentRidge,2024-12-01,32,32,-0.6199999999999903,-0.08998278471834031,0.53001721528165
1,SeasonalNaive,P3IndependentRidge,2025-01-01,32,32,0.030000000000001137,-0.023617258227219717,0.0063827417727814195
1,SeasonalNaive,P3IndependentRidge,2025-02-01,32,32,-0.8100000000000023,-0.6484996345551111,0.16150036544489121
1,SeasonalNaive,P3IndependentRidge,2025-03-01,32,32,-0.28000000000000114,-0.0860725600745097,0.19392743992549144
1,SeasonalNaive,P3IndependentRidge,2025-04-01,32,32,-0.15000000000000568,0.06461768430051562,0.08538231569949006
1,SeasonalNaive,P3IndependentRidge,2025-05-01,32,32,1.009999999999991,0.5201720657600342,0.48982793423995674
1,SeasonalNaive,P3IndependentRidge,2025-06-01,32,32,0.22000000000001307,0.28722042254028224,-0.06722042254026916
1,SeasonalNaive,P3IndependentRidge,2025-07-01,32,32,0.7099999999999937,-0.09563820367960979,0.614361796320384
1,SeasonalNaive,P3IndependentRidge,2025-08-01,32,32,0.6599999999999966,0.6589582073079816,0.0010417926920149867
1,SeasonalNaive,P3IndependentRidge,2025-09-01,32,32,-0.37999999999999545,-0.8344073653890612,-0.4544073653890658
1,SeasonalNaive,P3IndependentRidge,2025-10-01,32,32,0.4899999999999949,0.1728756660324634,0.3171243339675315
1,SeasonalNaive,P3IndependentRidge,2025-11-01,32,32,1.3499999999999943,0.7633780791875854,0.5866219208124089
1,SeasonalNaive,P3IndependentRidge,2025-12-01,32,32,0.6199999999999903,0.3596302246627502,0.26036977533724015
1,SeasonalNaive,P3IndependentRidge,2026-01-01,32,32,-0.7299999999999898,-0.8582175177285412,-0.1282175177285514
1,SeasonalNaive,P3IndependentRidge,2026-02-01,32,32,0.2400000000000091,-0.09545363154382924,0.14454636845617985
1,SeasonalNaive,P3IndependentRidge,2026-03-01,32,32,0.269999999999996,0.28212050406997347,-0.012120504069977445
1,SeasonalNaive,P3IndependentRidge,2026-04-01,32,32,0.8100000000000023,0.7425324409495915,0.0674675590504108
1,SeasonalNaive,P3IndependentRidge,2026-05-01,32,32,-0.1599999999999966,0.139728365029683,0.02027163497031359
1,SeasonalNaive,P3IndependentRidge,2026-06-01,32,32,-1.1000000000000085,-0.769227834666945,0.33077216533306353
1,SeasonalNaive,P3IndependentRidge,2026-07-01,32,32,-0.45999999999999375,-0.2884933700229033,0.17150662997709043
1,SeasonalNaive,P3IndependentRidge,2026-08-01,32,32,-0.6899999999999977,0.12537852388072226,0.5646214761192755
1,SeasonalNaive,P3PartialPooling,2024-01-01,32,32,0.2599999999999909,-0.014639123089078554,0.24536087691091235
1,SeasonalNaive,P3PartialPooling,2024-02-01,32,32,0.21999999999999886,0.42395520961123123,-0.20395520961123237
1,SeasonalNaive,P3PartialPooling,2024-03-01,32,32,-0.14000000000000057,0.17502749112193483,-0.03502749112193426
1,SeasonalNaive,P3PartialPooling,2024-04-01,32,32,0.3400000000000034,0.27704379775836185,0.06295620224164156
1,SeasonalNaive,P3PartialPooling,2024-05-01,32,32,-1.1899999999999977,-0.6698013781155241,0.5201986218844736
1,SeasonalNaive,P3PartialPooling,2024-06-01,32,32,0.25,0.3322112423446032,-0.0822112423446032
1,SeasonalNaive,P3PartialPooling,2024-07-01,32,32,-0.5699999999999932,-0.777319689107776,-0.20731968910778287
1,SeasonalNaive,P3PartialPooling,2024-08-01,32,32,-0.1599999999999966,-0.08613008597505972,0.07386991402493687
1,SeasonalNaive,P3PartialPooling,2024-09-01,32,32,1.1299999999999955,-0.2712184119660721,0.8587815880339233
1,SeasonalNaive,P3PartialPooling,2024-10-01,32,32,-0.5600000000000023,-0.5941201685249531,-0.03412016852495081
1,SeasonalNaive,P3PartialPooling,2024-11-01,32,32,-0.7600000000000051,-0.720536064367035,0.039463935632970126
1,SeasonalNaive,P3PartialPooling,2024-12-01,32,32,-0.6199999999999903,-0.05133957614941209,0.5686604238505782
1,SeasonalNaive,P3PartialPooling,2025-01-01,32,32,0.030000000000001137,0.11283984348561726,-0.08283984348561613
1,SeasonalNaive,P3PartialPooling,2025-02-01,32,32,-0.8100000000000023,-0.6016826278965112,0.2083173721034911
1,SeasonalNaive,P3PartialPooling,2025-03-01,32,32,-0.28000000000000114,0.012628091369071615,0.2673719086309295
1,SeasonalNaive,P3PartialPooling,2025-04-01,32,32,-0.15000000000000568,0.06354941952834314,0.08645058047166254
1,SeasonalNaive,P3PartialPooling,2025-05-01,32,32,1.009999999999991,0.5114289570539747,0.4985710429460162
1,SeasonalNaive,P3PartialPooling,2025-06-01,32,32,0.22000000000001307,0.18289182731664452,0.03710817268336855
1,SeasonalNaive,P3PartialPooling,2025-07-01,32,32,0.7099999999999937,-0.07762470426680429,0.6323752957331894
1,SeasonalNaive,P3PartialPooling,2025-08-01,32,32,0.6599999999999966,0.5192640140892884,0.14073598591070824
1,SeasonalNaive,P3PartialPooling,2025-09-01,32,32,-0.37999999999999545,-0.8949237260698317,-0.5149237260698363
1,SeasonalNaive,P3PartialPooling,2025-10-01,32,32,0.4899999999999949,0.2479404382291912,0.24205956177080368
1,SeasonalNaive,P3PartialPooling,2025-11-01,32,32,1.3499999999999943,0.9044736782428437,0.44552632175715057
1,SeasonalNaive,P3PartialPooling,2025-12-01,32,32,0.6199999999999903,0.38790971155523757,0.23209028844475277
1,SeasonalNaive,P3PartialPooling,2026-01-01,32,32,-0.7299999999999898,-0.7878100538947522,-0.05781005389476246
1,SeasonalNaive,P3PartialPooling,2026-02-01,32,32,0.2400000000000091,0.10389007113675741,0.13610992886325168
1,SeasonalNaive,P3PartialPooling,2026-03-01,32,32,0.269999999999996,0.34979356163479425,-0.07979356163479823
1,SeasonalNaive,P3PartialPooling,2026-04-01,32,32,0.8100000000000023,0.7391297616097838,0.07087023839021844
1,SeasonalNaive,P3PartialPooling,2026-05-01,32,32,-0.1599999999999966,0.08540387656007883,0.07459612343991776
1,SeasonalNaive,P3PartialPooling,2026-06-01,32,32,-1.1000000000000085,-0.8618479592906698,0.2381520407093387
1,SeasonalNaive,P3PartialPooling,2026-07-01,32,32,-0.45999999999999375,-0.3545311028821108,0.10546889711788293
1,SeasonalNaive,P3PartialPooling,2026-08-01,32,32,-0.6899999999999977,0.042543930921216194,0.6474560690787815
1,SeasonalNaive,P3PoolingLagTrend,2024-01-01,32,32,0.2599999999999909,-0.07219266336269625,0.18780733663729465
1,SeasonalNaive,P3PoolingLagTrend,2024-02-01,32,32,0.21999999999999886,0.4286171619079606,-0.20861716190796176
1,SeasonalNaive,P3PoolingLagTrend,2024-03-01,32,32,-0.14000000000000057,0.11842866528637508,0.02157133471362549
1,SeasonalNaive,P3PoolingLagTrend,2024-04-01,32,32,0.3400000000000034,0.23660318163909466,0.10339681836090875
1,SeasonalNaive,P3PoolingLagTrend,2024-05-01,32,32,-1.1899999999999977,-0.71248241319164,0.47751758680835776
1,SeasonalNaive,P3PoolingLagTrend,2024-06-01,32,32,0.25,0.3850141919201022,-0.13501419192010222
1,SeasonalNaive,P3PoolingLagTrend,2024-07-01,32,32,-0.5699999999999932,-0.7941701142402195,-0.22417011424022637
1,SeasonalNaive,P3PoolingLagTrend,2024-08-01,32,32,-0.1599999999999966,0.043547602860002005,0.11645239713999458
1,SeasonalNaive,P3PoolingLagTrend,2024-09-01,32,32,1.1299999999999955,-0.27013403324160484,0.8598659667583906
1,SeasonalNaive,P3PoolingLagTrend,2024-10-01,32,32,-0.5600000000000023,-0.5383528541510518,0.021647145848950444
1,SeasonalNaive,P3PoolingLagTrend,2024-11-01,32,32,-0.7600000000000051,-0.6481078149568225,0.11189218504318266
1,SeasonalNaive,P3PoolingLagTrend,2024-12-01,32,32,-0.6199999999999903,0.06856550713778731,0.551434492862203
1,SeasonalNaive,P3PoolingLagTrend,2025-01-01,32,32,0.030000000000001137,0.13419028462603355,-0.10419028462603241
1,SeasonalNaive,P3PoolingLagTrend,2025-02-01,32,32,-0.8100000000000023,-0.6164880357012841,0.1935119642987182
1,SeasonalNaive,P3PoolingLagTrend,2025-03-01,32,32,-0.28000000000000114,0.05059681369911284,0.2294031863008883
1,SeasonalNaive,P3PoolingLagTrend,2025-04-01,32,32,-0.15000000000000568,0.05679130202671667,0.09320869797328901
1,SeasonalNaive,P3PoolingLagTrend,2025-05-01,32,32,1.009999999999991,0.4803439117177456,0.5296560882822453
1,SeasonalNaive,P3PoolingLagTrend,2025-06-01,32,32,0.22000000000001307,0.12460020157995133,0.09539979842006174
1,SeasonalNaive,P3PoolingLagTrend,2025-07-01,32,32,0.7099999999999937,-0.11148908989516418,0.5985109101048296
1,SeasonalNaive,P3PoolingLagTrend,2025-08-01,32,32,0.6599999999999966,0.5561673078535294,0.10383269214646718
1,SeasonalNaive,P3PoolingLagTrend,2025-09-01,32,32,-0.37999999999999545,-0.9803657615091691,-0.6003657615091736
1,SeasonalNaive,P3PoolingLagTrend,2025-10-01,32,32,0.4899999999999949,0.3321189881271559,0.15788101187283898
1,SeasonalNaive,P3PoolingLagTrend,2025-11-01,32,32,1.3499999999999943,0.9194531707940248,0.43054682920596954
1,SeasonalNaive,P3PoolingLagTrend,2025-12-01,32,32,0.6199999999999903,0.349684140005325,0.27031585999466534
1,SeasonalNaive,P3PoolingLagTrend,2026-01-01,32,32,-0.7299999999999898,-0.8294130078112542,-0.09941300781126439
1,SeasonalNaive,P3PoolingLagTrend,2026-02-01,32,32,0.2400000000000091,0.16383416898484038,0.07616583101516872
1,SeasonalNaive,P3PoolingLagTrend,2026-03-01,32,32,0.269999999999996,0.362391351038424,-0.092391351038428
1,SeasonalNaive,P3PoolingLagTrend,2026-04-01,32,32,0.8100000000000023,0.7107318554048363,0.09926814459516597
1,SeasonalNaive,P3PoolingLagTrend,2026-05-01,32,32,-0.1599999999999966,0.001342030045584433,0.15865796995441217
1,SeasonalNaive,P3PoolingLagTrend,2026-06-01,32,32,-1.1000000000000085,-0.8897193979868305,0.210280602013178
1,SeasonalNaive,P3PoolingLagTrend,2026-07-01,32,32,-0.45999999999999375,-0.2782272426298352,0.18177275737015852
1,SeasonalNaive,P3PoolingLagTrend,2026-08-01,32,32,-0.6899999999999977,0.08958557131490774,0.60041442868509
1,GroupsFixed,Ridge,2024-01-01,32,32,-0.31203641529600523,0.12417222865728661,0.18786418663871862
1,GroupsFixed,Ridge,2024-02-01,32,32,0.18780442610207537,0.06355634104198771,0.12424808506008767
1,GroupsFixed,Ridge,2024-03-01,32,32,0.14520475535065336,0.1635471221769791,-0.01834236682632573
1,GroupsFixed,Ridge,2024-04-01,32,32,0.10533085930976954,0.1273752778933499,-0.02204441858358036
1,GroupsFixed,Ridge,2024-05-01,32,32,-0.4879271525083287,-0.4743545784094465,0.013572574098882184
1,GroupsFixed,Ridge,2024-06-01,32,32,0.18071015794227768,0.04765943365069347,0.1330507242915842
1,GroupsFixed,Ridge,2024-07-01,32,32,-0.7943792420704269,-0.9458104571449155,-0.15143121507448865
1,GroupsFixed,Ridge,2024-08-01,32,32,0.23362743026989724,0.010534832337924627,0.2230925979319726
1,GroupsFixed,Ridge,2024-09-01,32,32,-0.43845958090250287,-0.12814750158511856,0.3103120793173843
1,GroupsFixed,Ridge,2024-10-01,32,32,-0.48874849678157073,-0.45742628597942314,0.03132221080214759
1,GroupsFixed,Ridge,2024-11-01,32,32,-0.843215477434377,-0.892461594689749,-0.04924611725537198
1,GroupsFixed,Ridge,2024-12-01,32,32,-0.15904477323393518,0.4314984125563228,-0.27245363932238764
1,GroupsFixed,Ridge,2025-01-01,32,32,-0.08282154963843258,0.17694589296706908,-0.0941243433286365
1,GroupsFixed,Ridge,2025-02-01,32,32,-0.6744787913484572,-0.8042696424575126,-0.12979085110905542
1,GroupsFixed,Ridge,2025-03-01,32,32,-0.11452804901947,-0.14865028948442216,-0.03412224046495216
1,GroupsFixed,Ridge,2025-04-01,32,32,0.026216845803819,0.36912572904506646,-0.34290888324124746
1,GroupsFixed,Ridge,2025-05-01,32,32,0.501310731392328,0.5469797017547222,-0.04566897036239426
1,GroupsFixed,Ridge,2025-06-01,32,32,0.3110265619813182,0.055009854317333406,0.25601670766398477
1,GroupsFixed,Ridge,2025-07-01,32,32,-0.12726345387359983,-0.4446481224601797,-0.3173846685865799
1,GroupsFixed,Ridge,2025-08-01,32,32,0.7842150400304845,0.39810021919093685,0.3861148208395476
1,GroupsFixed,Ridge,2025-09-01,32,32,-0.7599730405593916,-0.6003137435213262,0.15965929703806547
1,GroupsFixed,Ridge,2025-10-01,32,32,0.1223745145122711,0.04846178145515978,0.07391273305711132
1,GroupsFixed,Ridge,2025-11-01,32,32,0.5412472213145224,0.3338499551578451,0.2073972661566773
1,GroupsFixed,Ridge,2025-12-01,32,32,0.42722762715406704,0.023697158586131195,0.40353046856793584
1,GroupsFixed,Ridge,2026-01-01,32,32,-0.8506260643726028,-0.6078550696468028,0.2427709947258
1,GroupsFixed,Ridge,2026-02-01,32,32,-0.28854871329665743,-0.24945962948905276,0.039089083807604674
1,GroupsFixed,Ridge,2026-03-01,32,32,0.2263589728410106,0.17563996131009674,0.05071901153091385
1,GroupsFixed,Ridge,2026-04-01,32,32,0.7505112058824355,0.8227150608685179,-0.0722038549860824
1,GroupsFixed,Ridge,2026-05-01,32,32,0.17509004773328724,0.32505420858630885,-0.1499641608530216
1,GroupsFixed,Ridge,2026-06-01,32,32,-0.7340607700694574,-1.0294909707675828,-0.2954302006981254
1,GroupsFixed,Ridge,2026-07-01,32,32,-0.3305097059841622,0.1461776044591545,0.18433210152500767
1,GroupsFixed,Ridge,2026-08-01,32,32,0.11682243272313803,0.1245514083095145,-0.007728975586376474
1,GroupsFixed,Huber,2024-01-01,32,32,-0.31203641529600523,0.12593563101381733,0.1861007842821879
1,GroupsFixed,Huber,2024-02-01,32,32,0.18780442610207537,-0.0008147809125489403,0.18698964518952643
1,GroupsFixed,Huber,2024-03-01,32,32,0.14520475535065336,0.27284933978825165,-0.1276445844375983
1,GroupsFixed,Huber,2024-04-01,32,32,0.10533085930976954,0.14922383071066747,-0.04389297140089793
1,GroupsFixed,Huber,2024-05-01,32,32,-0.4879271525083287,-0.48239485397346016,0.005532298534868529
1,GroupsFixed,Huber,2024-06-01,32,32,0.18071015794227768,-0.0448342569768414,0.13587590096543628
1,GroupsFixed,Huber,2024-07-01,32,32,-0.7943792420704269,-0.8883228318853611,-0.09394358981493423
1,GroupsFixed,Huber,2024-08-01,32,32,0.23362743026989724,-0.010722811326843384,0.22290461894305386
1,GroupsFixed,Huber,2024-09-01,32,32,-0.43845958090250287,-0.15127140895228308,0.2871881719502198
1,GroupsFixed,Huber,2024-10-01,32,32,-0.48874849678157073,-0.4607828987570173,0.02796559802455345
1,GroupsFixed,Huber,2024-11-01,32,32,-0.843215477434377,-0.9351277576874537,-0.09191228025307674
1,GroupsFixed,Huber,2024-12-01,32,32,-0.15904477323393518,0.33717085649078626,-0.1781260832568511
1,GroupsFixed,Huber,2025-01-01,32,32,-0.08282154963843258,0.18323589053740363,-0.10041434089897106
1,GroupsFixed,Huber,2025-02-01,32,32,-0.6744787913484572,-0.6706243572502188,0.0038544340982383796
1,GroupsFixed,Huber,2025-03-01,32,32,-0.11452804901947,-0.12545608247035034,-0.010928033450880337
1,GroupsFixed,Huber,2025-04-01,32,32,0.026216845803819,0.4153875809224701,-0.3891707351186511
1,GroupsFixed,Huber,2025-05-01,32,32,0.501310731392328,0.5469980983768039,-0.04568736698447595
1,GroupsFixed,Huber,2025-06-01,32,32,0.3110265619813182,0.03229069227610637,0.2787358697052118
1,GroupsFixed,Huber,2025-07-01,32,32,-0.12726345387359983,-0.3507590533085363,-0.22349559943493646
1,GroupsFixed,Huber,2025-08-01,32,32,0.7842150400304845,0.4758510219698593,0.3083640180606252
1,GroupsFixed,Huber,2025-09-01,32,32,-0.7599730405593916,-0.5926685301522383,0.16730451040715333
1,GroupsFixed,Huber,2025-10-01,32,32,0.1223745145122711,0.04322852017148193,0.07914599434078917
1,GroupsFixed,Huber,2025-11-01,32,32,0.5412472213145224,0.28456972568250194,0.25667749563202047
1,GroupsFixed,Huber,2025-12-01,32,32,0.42722762715406704,0.026409459671640434,0.4008181674824266
1,GroupsFixed,Huber,2026-01-01,32,32,-0.8506260643726028,-0.6083002726162761,0.24232579175632674
1,GroupsFixed,Huber,2026-02-01,32,32,-0.28854871329665743,-0.36631131555235186,-0.07776260225569442
1,GroupsFixed,Huber,2026-03-01,32,32,0.2263589728410106,0.20182310736899467,0.024535865472015916
1,GroupsFixed,Huber,2026-04-01,32,32,0.7505112058824355,0.7599688955821904,-0.009457689699754912
1,GroupsFixed,Huber,2026-05-01,32,32,0.17509004773328724,0.3110543073435821,-0.13596425961029485
1,GroupsFixed,Huber,2026-06-01,32,32,-0.7340607700694574,-1.0669420892676413,-0.332881319198184
1,GroupsFixed,Huber,2026-07-01,32,32,-0.3305097059841622,0.1490036062327107,0.1815060997514515
1,GroupsFixed,Huber,2026-08-01,32,32,0.11682243272313803,0.10711162664438234,0.009710806078755685
1,GroupsFixed,SeasonalNaive,2024-01-01,32,32,-0.31203641529600523,0.2599999999999909,0.05203641529601433
1,GroupsFixed,SeasonalNaive,2024-02-01,32,32,0.18780442610207537,0.21999999999999886,-0.03219557389792349
1,GroupsFixed,SeasonalNaive,2024-03-01,32,32,0.14520475535065336,-0.14000000000000057,0.00520475535065279
1,GroupsFixed,SeasonalNaive,2024-04-01,32,32,0.10533085930976954,0.3400000000000034,-0.23466914069023387
1,GroupsFixed,SeasonalNaive,2024-05-01,32,32,-0.4879271525083287,-1.1899999999999977,-0.7020728474916691
1,GroupsFixed,SeasonalNaive,2024-06-01,32,32,0.18071015794227768,0.25,-0.06928984205772232
1,GroupsFixed,SeasonalNaive,2024-07-01,32,32,-0.7943792420704269,-0.5699999999999932,0.2243792420704337
1,GroupsFixed,SeasonalNaive,2024-08-01,32,32,0.23362743026989724,-0.1599999999999966,0.07362743026990065
1,GroupsFixed,SeasonalNaive,2024-09-01,32,32,-0.43845958090250287,1.1299999999999955,-0.6915404190974925
1,GroupsFixed,SeasonalNaive,2024-10-01,32,32,-0.48874849678157073,-0.5600000000000023,-0.07125150321843154
1,GroupsFixed,SeasonalNaive,2024-11-01,32,32,-0.843215477434377,-0.7600000000000051,0.08321547743437185
1,GroupsFixed,SeasonalNaive,2024-12-01,32,32,-0.15904477323393518,-0.6199999999999903,-0.46095522676605516
1,GroupsFixed,SeasonalNaive,2025-01-01,32,32,-0.08282154963843258,0.030000000000001137,0.05282154963843144
1,GroupsFixed,SeasonalNaive,2025-02-01,32,32,-0.6744787913484572,-0.8100000000000023,-0.13552120865154504
1,GroupsFixed,SeasonalNaive,2025-03-01,32,32,-0.11452804901947,-0.28000000000000114,-0.16547195098053114
1,GroupsFixed,SeasonalNaive,2025-04-01,32,32,0.026216845803819,-0.15000000000000568,-0.12378315419618668
1,GroupsFixed,SeasonalNaive,2025-05-01,32,32,0.501310731392328,1.009999999999991,-0.508689268607663
1,GroupsFixed,SeasonalNaive,2025-06-01,32,32,0.3110265619813182,0.22000000000001307,0.0910265619813051
1,GroupsFixed,SeasonalNaive,2025-07-01,32,32,-0.12726345387359983,0.7099999999999937,-0.5827365461263939
1,GroupsFixed,SeasonalNaive,2025-08-01,32,32,0.7842150400304845,0.6599999999999966,0.12421504003048789
1,GroupsFixed,SeasonalNaive,2025-09-01,32,32,-0.7599730405593916,-0.37999999999999545,0.3799730405593962
1,GroupsFixed,SeasonalNaive,2025-10-01,32,32,0.1223745145122711,0.4899999999999949,-0.3676254854877238
1,GroupsFixed,SeasonalNaive,2025-11-01,32,32,0.5412472213145224,1.3499999999999943,-0.8087527786854719
1,GroupsFixed,SeasonalNaive,2025-12-01,32,32,0.42722762715406704,0.6199999999999903,-0.1927723728459233
1,GroupsFixed,SeasonalNaive,2026-01-01,32,32,-0.8506260643726028,-0.7299999999999898,0.12062606437261303
1,GroupsFixed,SeasonalNaive,2026-02-01,32,32,-0.28854871329665743,0.2400000000000091,0.04854871329664834
1,GroupsFixed,SeasonalNaive,2026-03-01,32,32,0.2263589728410106,0.269999999999996,-0.043641027158985435
1,GroupsFixed,SeasonalNaive,2026-04-01,32,32,0.7505112058824355,0.8100000000000023,-0.0594887941175668
1,GroupsFixed,SeasonalNaive,2026-05-01,32,32,0.17509004773328724,-0.1599999999999966,0.015090047733290646
1,GroupsFixed,SeasonalNaive,2026-06-01,32,32,-0.7340607700694574,-1.1000000000000085,-0.36593922993055117
1,GroupsFixed,SeasonalNaive,2026-07-01,32,32,-0.3305097059841622,-0.45999999999999375,-0.12949029401583156
1,GroupsFixed,SeasonalNaive,2026-08-01,32,32,0.11682243272313803,-0.6899999999999977,-0.5731775672768598
1,GroupsFixed,P3IndependentRidge,2024-01-01,32,32,-0.31203641529600523,-0.0736886181700187,0.23834779712598653
1,GroupsFixed,P3IndependentRidge,2024-02-01,32,32,0.18780442610207537,0.34468917616544525,-0.15688475006336988
1,GroupsFixed,P3IndependentRidge,2024-03-01,32,32,0.14520475535065336,0.12908461439749686,0.016120140953156503
1,GroupsFixed,P3IndependentRidge,2024-04-01,32,32,0.10533085930976954,0.17733318843200097,-0.07200232912223142
1,GroupsFixed,P3IndependentRidge,2024-05-01,32,32,-0.4879271525083287,-0.6559064115665675,-0.1679792590582388
1,GroupsFixed,P3IndependentRidge,2024-06-01,32,32,0.18071015794227768,0.33089797051650616,-0.15018781257422847
1,GroupsFixed,P3IndependentRidge,2024-07-01,32,32,-0.7943792420704269,-0.7199651315804325,0.07441411048999436
1,GroupsFixed,P3IndependentRidge,2024-08-01,32,32,0.23362743026989724,0.042195251002314665,0.19143217926758258
1,GroupsFixed,P3IndependentRidge,2024-09-01,32,32,-0.43845958090250287,-0.24054903814186862,0.19791054276063424
1,GroupsFixed,P3IndependentRidge,2024-10-01,32,32,-0.48874849678157073,-0.5292870851836144,-0.04053858840204372
1,GroupsFixed,P3IndependentRidge,2024-11-01,32,32,-0.843215477434377,-0.7206434707894661,0.12257200664491086
1,GroupsFixed,P3IndependentRidge,2024-12-01,32,32,-0.15904477323393518,-0.08998278471834031,0.06906198851559486
1,GroupsFixed,P3IndependentRidge,2025-01-01,32,32,-0.08282154963843258,-0.023617258227219717,0.05920429141121286
1,GroupsFixed,P3IndependentRidge,2025-02-01,32,32,-0.6744787913484572,-0.6484996345551111,0.02597915679334617
1,GroupsFixed,P3IndependentRidge,2025-03-01,32,32,-0.11452804901947,-0.0860725600745097,0.028455488944960305
1,GroupsFixed,P3IndependentRidge,2025-04-01,32,32,0.026216845803819,0.06461768430051562,-0.03840083849669662
1,GroupsFixed,P3IndependentRidge,2025-05-01,32,32,0.501310731392328,0.5201720657600342,-0.018861334367706206
1,GroupsFixed,P3IndependentRidge,2025-06-01,32,32,0.3110265619813182,0.28722042254028224,0.023806139441035934
1,GroupsFixed,P3IndependentRidge,2025-07-01,32,32,-0.12726345387359983,-0.09563820367960979,0.03162525019399004
1,GroupsFixed,P3IndependentRidge,2025-08-01,32,32,0.7842150400304845,0.6589582073079816,0.12525683272250288
1,GroupsFixed,P3IndependentRidge,2025-09-01,32,32,-0.7599730405593916,-0.8344073653890612,-0.07443432482966961
1,GroupsFixed,P3IndependentRidge,2025-10-01,32,32,0.1223745145122711,0.1728756660324634,-0.0505011515201923
1,GroupsFixed,P3IndependentRidge,2025-11-01,32,32,0.5412472213145224,0.7633780791875854,-0.22213085787306297
1,GroupsFixed,P3IndependentRidge,2025-12-01,32,32,0.42722762715406704,0.3596302246627502,0.06759740249131685
1,GroupsFixed,P3IndependentRidge,2026-01-01,32,32,-0.8506260643726028,-0.8582175177285412,-0.00759145335593836
1,GroupsFixed,P3IndependentRidge,2026-02-01,32,32,-0.28854871329665743,-0.09545363154382924,0.1930950817528282
1,GroupsFixed,P3IndependentRidge,2026-03-01,32,32,0.2263589728410106,0.28212050406997347,-0.05576153122896288
1,GroupsFixed,P3IndependentRidge,2026-04-01,32,32,0.7505112058824355,0.7425324409495915,0.007978764932843996
1,GroupsFixed,P3IndependentRidge,2026-05-01,32,32,0.17509004773328724,0.139728365029683,0.035361682703604236
1,GroupsFixed,P3IndependentRidge,2026-06-01,32,32,-0.7340607700694574,-0.769227834666945,-0.03516706459748764
1,GroupsFixed,P3IndependentRidge,2026-07-01,32,32,-0.3305097059841622,-0.2884933700229033,0.042016335961258866
1,GroupsFixed,P3IndependentRidge,2026-08-01,32,32,0.11682243272313803,0.12537852388072226,-0.008556091157584239
1,GroupsFixed,P3PartialPooling,2024-01-01,32,32,-0.31203641529600523,-0.014639123089078554,0.2973972922069267
1,GroupsFixed,P3PartialPooling,2024-02-01,32,32,0.18780442610207537,0.42395520961123123,-0.23615078350915586
1,GroupsFixed,P3PartialPooling,2024-03-01,32,32,0.14520475535065336,0.17502749112193483,-0.029822735771281472
1,GroupsFixed,P3PartialPooling,2024-04-01,32,32,0.10533085930976954,0.27704379775836185,-0.1717129384485923
1,GroupsFixed,P3PartialPooling,2024-05-01,32,32,-0.4879271525083287,-0.6698013781155241,-0.1818742256071954
1,GroupsFixed,P3PartialPooling,2024-06-01,32,32,0.18071015794227768,0.3322112423446032,-0.15150108440232551
1,GroupsFixed,P3PartialPooling,2024-07-01,32,32,-0.7943792420704269,-0.777319689107776,0.017059552962650826
1,GroupsFixed,P3PartialPooling,2024-08-01,32,32,0.23362743026989724,-0.08613008597505972,0.14749734429483752
1,GroupsFixed,P3PartialPooling,2024-09-01,32,32,-0.43845958090250287,-0.2712184119660721,0.16724116893643076
1,GroupsFixed,P3PartialPooling,2024-10-01,32,32,-0.48874849678157073,-0.5941201685249531,-0.10537167174338236
1,GroupsFixed,P3PartialPooling,2024-11-01,32,32,-0.843215477434377,-0.720536064367035,0.12267941306734198
1,GroupsFixed,P3PartialPooling,2024-12-01,32,32,-0.15904477323393518,-0.05133957614941209,0.10770519708452309
1,GroupsFixed,P3PartialPooling,2025-01-01,32,32,-0.08282154963843258,0.11283984348561726,-0.030018293847184685
1,GroupsFixed,P3PartialPooling,2025-02-01,32,32,-0.6744787913484572,-0.6016826278965112,0.07279616345194606
1,GroupsFixed,P3PartialPooling,2025-03-01,32,32,-0.11452804901947,0.012628091369071615,0.10189995765039839
1,GroupsFixed,P3PartialPooling,2025-04-01,32,32,0.026216845803819,0.06354941952834314,-0.03733257372452414
1,GroupsFixed,P3PartialPooling,2025-05-01,32,32,0.501310731392328,0.5114289570539747,-0.010118225661646774
1,GroupsFixed,P3PartialPooling,2025-06-01,32,32,0.3110265619813182,0.18289182731664452,0.12813473466467365
1,GroupsFixed,P3PartialPooling,2025-07-01,32,32,-0.12726345387359983,-0.07762470426680429,0.04963874960679554
1,GroupsFixed,P3PartialPooling,2025-08-01,32,32,0.7842150400304845,0.5192640140892884,0.2649510259411961
1,GroupsFixed,P3PartialPooling,2025-09-01,32,32,-0.7599730405593916,-0.8949237260698317,-0.1349506855104401
1,GroupsFixed,P3PartialPooling,2025-10-01,32,32,0.1223745145122711,0.2479404382291912,-0.1255659237169201
1,GroupsFixed,P3PartialPooling,2025-11-01,32,32,0.5412472213145224,0.9044736782428437,-0.36322645692832134
1,GroupsFixed,P3PartialPooling,2025-12-01,32,32,0.42722762715406704,0.38790971155523757,0.03931791559882947
1,GroupsFixed,P3PartialPooling,2026-01-01,32,32,-0.8506260643726028,-0.7878100538947522,0.06281601047785057
1,GroupsFixed,P3PartialPooling,2026-02-01,32,32,-0.28854871329665743,0.10389007113675741,0.18465864215990002
1,GroupsFixed,P3PartialPooling,2026-03-01,32,32,0.2263589728410106,0.34979356163479425,-0.12343458879378366
1,GroupsFixed,P3PartialPooling,2026-04-01,32,32,0.7505112058824355,0.7391297616097838,0.011381444272651642
1,GroupsFixed,P3PartialPooling,2026-05-01,32,32,0.17509004773328724,0.08540387656007883,0.0896861711732084
1,GroupsFixed,P3PartialPooling,2026-06-01,32,32,-0.7340607700694574,-0.8618479592906698,-0.12778718922121246
1,GroupsFixed,P3PartialPooling,2026-07-01,32,32,-0.3305097059841622,-0.3545311028821108,-0.024021396897948633
1,GroupsFixed,P3PartialPooling,2026-08-01,32,32,0.11682243272313803,0.042543930921216194,0.07427850180192183
1,GroupsFixed,P3PoolingLagTrend,2024-01-01,32,32,-0.31203641529600523,-0.07219266336269625,0.23984375193330898
1,GroupsFixed,P3PoolingLagTrend,2024-02-01,32,32,0.18780442610207537,0.4286171619079606,-0.24081273580588525
1,GroupsFixed,P3PoolingLagTrend,2024-03-01,32,32,0.14520475535065336,0.11842866528637508,0.02677609006427828
1,GroupsFixed,P3PoolingLagTrend,2024-04-01,32,32,0.10533085930976954,0.23660318163909466,-0.13127232232932512
1,GroupsFixed,P3PoolingLagTrend,2024-05-01,32,32,-0.4879271525083287,-0.71248241319164,-0.22455526068331128
1,GroupsFixed,P3PoolingLagTrend,2024-06-01,32,32,0.18071015794227768,0.3850141919201022,-0.20430403397782454
1,GroupsFixed,P3PoolingLagTrend,2024-07-01,32,32,-0.7943792420704269,-0.7941701142402195,0.00020912783020732295
1,GroupsFixed,P3PoolingLagTrend,2024-08-01,32,32,0.23362743026989724,0.043547602860002005,0.19007982740989524
1,GroupsFixed,P3PoolingLagTrend,2024-09-01,32,32,-0.43845958090250287,-0.27013403324160484,0.16832554766089802
1,GroupsFixed,P3PoolingLagTrend,2024-10-01,32,32,-0.48874849678157073,-0.5383528541510518,-0.0496043573694811
1,GroupsFixed,P3PoolingLagTrend,2024-11-01,32,32,-0.843215477434377,-0.6481078149568225,0.1951076624775545
1,GroupsFixed,P3PoolingLagTrend,2024-12-01,32,32,-0.15904477323393518,0.06856550713778731,0.09047926609614787
1,GroupsFixed,P3PoolingLagTrend,2025-01-01,32,32,-0.08282154963843258,0.13419028462603355,-0.05136873498760097
1,GroupsFixed,P3PoolingLagTrend,2025-02-01,32,32,-0.6744787913484572,-0.6164880357012841,0.05799075564717315
1,GroupsFixed,P3PoolingLagTrend,2025-03-01,32,32,-0.11452804901947,0.05059681369911284,0.06393123532035716
1,GroupsFixed,P3PoolingLagTrend,2025-04-01,32,32,0.026216845803819,0.05679130202671667,-0.030574456222897672
1,GroupsFixed,P3PoolingLagTrend,2025-05-01,32,32,0.501310731392328,0.4803439117177456,0.02096681967458236
1,GroupsFixed,P3PoolingLagTrend,2025-06-01,32,32,0.3110265619813182,0.12460020157995133,0.18642636040136684
1,GroupsFixed,P3PoolingLagTrend,2025-07-01,32,32,-0.12726345387359983,-0.11148908989516418,0.01577436397843565
1,GroupsFixed,P3PoolingLagTrend,2025-08-01,32,32,0.7842150400304845,0.5561673078535294,0.22804773217695506
1,GroupsFixed,P3PoolingLagTrend,2025-09-01,32,32,-0.7599730405593916,-0.9803657615091691,-0.22039272094977747
1,GroupsFixed,P3PoolingLagTrend,2025-10-01,32,32,0.1223745145122711,0.3321189881271559,-0.2097444736148848
1,GroupsFixed,P3PoolingLagTrend,2025-11-01,32,32,0.5412472213145224,0.9194531707940248,-0.37820594947950237
1,GroupsFixed,P3PoolingLagTrend,2025-12-01,32,32,0.42722762715406704,0.349684140005325,0.07754348714874204
1,GroupsFixed,P3PoolingLagTrend,2026-01-01,32,32,-0.8506260643726028,-0.8294130078112542,0.021213056561348642
1,GroupsFixed,P3PoolingLagTrend,2026-02-01,32,32,-0.28854871329665743,0.16383416898484038,0.12471454431181705
1,GroupsFixed,P3PoolingLagTrend,2026-03-01,32,32,0.2263589728410106,0.362391351038424,-0.13603237819741343
1,GroupsFixed,P3PoolingLagTrend,2026-04-01,32,32,0.7505112058824355,0.7107318554048363,0.039779350477599174
1,GroupsFixed,P3PoolingLagTrend,2026-05-01,32,32,0.17509004773328724,0.001342030045584433,0.17374801768770282
1,GroupsFixed,P3PoolingLagTrend,2026-06-01,32,32,-0.7340607700694574,-0.8897193979868305,-0.15565862791737317
1,GroupsFixed,P3PoolingLagTrend,2026-07-01,32,32,-0.3305097059841622,-0.2782272426298352,0.05228246335432696
1,GroupsFixed,P3PoolingLagTrend,2026-08-01,32,32,0.11682243272313803,0.08958557131490774,0.027236861408230284
1,P3IndependentRidge,Ridge,2024-01-01,32,32,-0.0736886181700187,0.12417222865728661,-0.050483610487267905
1,P3IndependentRidge,Ridge,2024-02-01,32,32,0.34468917616544525,0.06355634104198771,0.28113283512345755
1,P3IndependentRidge,Ridge,2024-03-01,32,32,0.12908461439749686,0.1635471221769791,-0.03446250777948223
1,P3IndependentRidge,Ridge,2024-04-01,32,32,0.17733318843200097,0.1273752778933499,0.04995791053865106
1,P3IndependentRidge,Ridge,2024-05-01,32,32,-0.6559064115665675,-0.4743545784094465,0.18155183315712098
1,P3IndependentRidge,Ridge,2024-06-01,32,32,0.33089797051650616,0.04765943365069347,0.2832385368658127
1,P3IndependentRidge,Ridge,2024-07-01,32,32,-0.7199651315804325,-0.9458104571449155,-0.225845325564483
1,P3IndependentRidge,Ridge,2024-08-01,32,32,0.042195251002314665,0.010534832337924627,0.03166041866439004
1,P3IndependentRidge,Ridge,2024-09-01,32,32,-0.24054903814186862,-0.12814750158511856,0.11240153655675006
1,P3IndependentRidge,Ridge,2024-10-01,32,32,-0.5292870851836144,-0.45742628597942314,0.0718607992041913
1,P3IndependentRidge,Ridge,2024-11-01,32,32,-0.7206434707894661,-0.892461594689749,-0.17181812390028284
1,P3IndependentRidge,Ridge,2024-12-01,32,32,-0.08998278471834031,0.4314984125563228,-0.3415156278379825
1,P3IndependentRidge,Ridge,2025-01-01,32,32,-0.023617258227219717,0.17694589296706908,-0.15332863473984937
1,P3IndependentRidge,Ridge,2025-02-01,32,32,-0.6484996345551111,-0.8042696424575126,-0.15577000790240159
1,P3IndependentRidge,Ridge,2025-03-01,32,32,-0.0860725600745097,-0.14865028948442216,-0.06257772940991246
1,P3IndependentRidge,Ridge,2025-04-01,32,32,0.06461768430051562,0.36912572904506646,-0.30450804474455084
1,P3IndependentRidge,Ridge,2025-05-01,32,32,0.5201720657600342,0.5469797017547222,-0.02680763599468805
1,P3IndependentRidge,Ridge,2025-06-01,32,32,0.28722042254028224,0.055009854317333406,0.23221056822294883
1,P3IndependentRidge,Ridge,2025-07-01,32,32,-0.09563820367960979,-0.4446481224601797,-0.3490099187805699
1,P3IndependentRidge,Ridge,2025-08-01,32,32,0.6589582073079816,0.39810021919093685,0.26085798811704475
1,P3IndependentRidge,Ridge,2025-09-01,32,32,-0.8344073653890612,-0.6003137435213262,0.23409362186773508
1,P3IndependentRidge,Ridge,2025-10-01,32,32,0.1728756660324634,0.04846178145515978,0.12441388457730362
1,P3IndependentRidge,Ridge,2025-11-01,32,32,0.7633780791875854,0.3338499551578451,0.4295281240297403
1,P3IndependentRidge,Ridge,2025-12-01,32,32,0.3596302246627502,0.023697158586131195,0.335933066076619
1,P3IndependentRidge,Ridge,2026-01-01,32,32,-0.8582175177285412,-0.6078550696468028,0.25036244808173835
1,P3IndependentRidge,Ridge,2026-02-01,32,32,-0.09545363154382924,-0.24945962948905276,-0.15400599794522352
1,P3IndependentRidge,Ridge,2026-03-01,32,32,0.28212050406997347,0.17563996131009674,0.10648054275987673
1,P3IndependentRidge,Ridge,2026-04-01,32,32,0.7425324409495915,0.8227150608685179,-0.08018261991892639
1,P3IndependentRidge,Ridge,2026-05-01,32,32,0.139728365029683,0.32505420858630885,-0.18532584355662585
1,P3IndependentRidge,Ridge,2026-06-01,32,32,-0.769227834666945,-1.0294909707675828,-0.2602631361006378
1,P3IndependentRidge,Ridge,2026-07-01,32,32,-0.2884933700229033,0.1461776044591545,0.1423157655637488
1,P3IndependentRidge,Ridge,2026-08-01,32,32,0.12537852388072226,0.1245514083095145,0.0008271155712077649
1,P3IndependentRidge,Huber,2024-01-01,32,32,-0.0736886181700187,0.12593563101381733,-0.052247012843798624
1,P3IndependentRidge,Huber,2024-02-01,32,32,0.34468917616544525,-0.0008147809125489403,0.3438743952528963
1,P3IndependentRidge,Huber,2024-03-01,32,32,0.12908461439749686,0.27284933978825165,-0.1437647253907548
1,P3IndependentRidge,Huber,2024-04-01,32,32,0.17733318843200097,0.14922383071066747,0.028109357721333494
1,P3IndependentRidge,Huber,2024-05-01,32,32,-0.6559064115665675,-0.48239485397346016,0.17351155759310732
1,P3IndependentRidge,Huber,2024-06-01,32,32,0.33089797051650616,-0.0448342569768414,0.28606371353966475
1,P3IndependentRidge,Huber,2024-07-01,32,32,-0.7199651315804325,-0.8883228318853611,-0.16835770030492858
1,P3IndependentRidge,Huber,2024-08-01,32,32,0.042195251002314665,-0.010722811326843384,0.03147243967547128
1,P3IndependentRidge,Huber,2024-09-01,32,32,-0.24054903814186862,-0.15127140895228308,0.08927762918958554
1,P3IndependentRidge,Huber,2024-10-01,32,32,-0.5292870851836144,-0.4607828987570173,0.06850418642659717
1,P3IndependentRidge,Huber,2024-11-01,32,32,-0.7206434707894661,-0.9351277576874537,-0.2144842868979876
1,P3IndependentRidge,Huber,2024-12-01,32,32,-0.08998278471834031,0.33717085649078626,-0.24718807177244595
1,P3IndependentRidge,Huber,2025-01-01,32,32,-0.023617258227219717,0.18323589053740363,-0.15961863231018392
1,P3IndependentRidge,Huber,2025-02-01,32,32,-0.6484996345551111,-0.6706243572502188,-0.02212472269510779
1,P3IndependentRidge,Huber,2025-03-01,32,32,-0.0860725600745097,-0.12545608247035034,-0.03938352239584064
1,P3IndependentRidge,Huber,2025-04-01,32,32,0.06461768430051562,0.4153875809224701,-0.35076989662195446
1,P3IndependentRidge,Huber,2025-05-01,32,32,0.5201720657600342,0.5469980983768039,-0.026826032616769746
1,P3IndependentRidge,Huber,2025-06-01,32,32,0.28722042254028224,0.03229069227610637,0.25492973026417587
1,P3IndependentRidge,Huber,2025-07-01,32,32,-0.09563820367960979,-0.3507590533085363,-0.2551208496289265
1,P3IndependentRidge,Huber,2025-08-01,32,32,0.6589582073079816,0.4758510219698593,0.1831071853381223
1,P3IndependentRidge,Huber,2025-09-01,32,32,-0.8344073653890612,-0.5926685301522383,0.24173883523682294
1,P3IndependentRidge,Huber,2025-10-01,32,32,0.1728756660324634,0.04322852017148193,0.12964714586098147
1,P3IndependentRidge,Huber,2025-11-01,32,32,0.7633780791875854,0.28456972568250194,0.47880835350508344
1,P3IndependentRidge,Huber,2025-12-01,32,32,0.3596302246627502,0.026409459671640434,0.33322076499110975
1,P3IndependentRidge,Huber,2026-01-01,32,32,-0.8582175177285412,-0.6083002726162761,0.2499172451122651
1,P3IndependentRidge,Huber,2026-02-01,32,32,-0.09545363154382924,-0.36631131555235186,-0.2708576840085226
1,P3IndependentRidge,Huber,2026-03-01,32,32,0.28212050406997347,0.20182310736899467,0.0802973967009788
1,P3IndependentRidge,Huber,2026-04-01,32,32,0.7425324409495915,0.7599688955821904,-0.017436454632598908
1,P3IndependentRidge,Huber,2026-05-01,32,32,0.139728365029683,0.3110543073435821,-0.17132594231389908
1,P3IndependentRidge,Huber,2026-06-01,32,32,-0.769227834666945,-1.0669420892676413,-0.29771425460069634
1,P3IndependentRidge,Huber,2026-07-01,32,32,-0.2884933700229033,0.1490036062327107,0.13948976379019262
1,P3IndependentRidge,Huber,2026-08-01,32,32,0.12537852388072226,0.10711162664438234,0.018266897236339924
1,P3IndependentRidge,SeasonalNaive,2024-01-01,32,32,-0.0736886181700187,0.2599999999999909,-0.1863113818299722
1,P3IndependentRidge,SeasonalNaive,2024-02-01,32,32,0.34468917616544525,0.21999999999999886,0.12468917616544639
1,P3IndependentRidge,SeasonalNaive,2024-03-01,32,32,0.12908461439749686,-0.14000000000000057,-0.010915385602503713
1,P3IndependentRidge,SeasonalNaive,2024-04-01,32,32,0.17733318843200097,0.3400000000000034,-0.16266681156800245
1,P3IndependentRidge,SeasonalNaive,2024-05-01,32,32,-0.6559064115665675,-1.1899999999999977,-0.5340935884334302
1,P3IndependentRidge,SeasonalNaive,2024-06-01,32,32,0.33089797051650616,0.25,0.08089797051650616
1,P3IndependentRidge,SeasonalNaive,2024-07-01,32,32,-0.7199651315804325,-0.5699999999999932,0.14996513158043934
1,P3IndependentRidge,SeasonalNaive,2024-08-01,32,32,0.042195251002314665,-0.1599999999999966,-0.11780474899768192
1,P3IndependentRidge,SeasonalNaive,2024-09-01,32,32,-0.24054903814186862,1.1299999999999955,-0.8894509618581268
1,P3IndependentRidge,SeasonalNaive,2024-10-01,32,32,-0.5292870851836144,-0.5600000000000023,-0.030712914816387826
1,P3IndependentRidge,SeasonalNaive,2024-11-01,32,32,-0.7206434707894661,-0.7600000000000051,-0.039356529210539004
1,P3IndependentRidge,SeasonalNaive,2024-12-01,32,32,-0.08998278471834031,-0.6199999999999903,-0.53001721528165
1,P3IndependentRidge,SeasonalNaive,2025-01-01,32,32,-0.023617258227219717,0.030000000000001137,-0.0063827417727814195
1,P3IndependentRidge,SeasonalNaive,2025-02-01,32,32,-0.6484996345551111,-0.8100000000000023,-0.16150036544489121
1,P3IndependentRidge,SeasonalNaive,2025-03-01,32,32,-0.0860725600745097,-0.28000000000000114,-0.19392743992549144
1,P3IndependentRidge,SeasonalNaive,2025-04-01,32,32,0.06461768430051562,-0.15000000000000568,-0.08538231569949006
1,P3IndependentRidge,SeasonalNaive,2025-05-01,32,32,0.5201720657600342,1.009999999999991,-0.48982793423995674
1,P3IndependentRidge,SeasonalNaive,2025-06-01,32,32,0.28722042254028224,0.22000000000001307,0.06722042254026916
1,P3IndependentRidge,SeasonalNaive,2025-07-01,32,32,-0.09563820367960979,0.7099999999999937,-0.614361796320384
1,P3IndependentRidge,SeasonalNaive,2025-08-01,32,32,0.6589582073079816,0.6599999999999966,-0.0010417926920149867
1,P3IndependentRidge,SeasonalNaive,2025-09-01,32,32,-0.8344073653890612,-0.37999999999999545,0.4544073653890658
1,P3IndependentRidge,SeasonalNaive,2025-10-01,32,32,0.1728756660324634,0.4899999999999949,-0.3171243339675315
1,P3IndependentRidge,SeasonalNaive,2025-11-01,32,32,0.7633780791875854,1.3499999999999943,-0.5866219208124089
1,P3IndependentRidge,SeasonalNaive,2025-12-01,32,32,0.3596302246627502,0.6199999999999903,-0.26036977533724015
1,P3IndependentRidge,SeasonalNaive,2026-01-01,32,32,-0.8582175177285412,-0.7299999999999898,0.1282175177285514
1,P3IndependentRidge,SeasonalNaive,2026-02-01,32,32,-0.09545363154382924,0.2400000000000091,-0.14454636845617985
1,P3IndependentRidge,SeasonalNaive,2026-03-01,32,32,0.28212050406997347,0.269999999999996,0.012120504069977445
1,P3IndependentRidge,SeasonalNaive,2026-04-01,32,32,0.7425324409495915,0.8100000000000023,-0.0674675590504108
1,P3IndependentRidge,SeasonalNaive,2026-05-01,32,32,0.139728365029683,-0.1599999999999966,-0.02027163497031359
1,P3IndependentRidge,SeasonalNaive,2026-06-01,32,32,-0.769227834666945,-1.1000000000000085,-0.33077216533306353
1,P3IndependentRidge,SeasonalNaive,2026-07-01,32,32,-0.2884933700229033,-0.45999999999999375,-0.17150662997709043
1,P3IndependentRidge,SeasonalNaive,2026-08-01,32,32,0.12537852388072226,-0.6899999999999977,-0.5646214761192755
1,P3IndependentRidge,GroupsFixed,2024-01-01,32,32,-0.0736886181700187,-0.31203641529600523,-0.23834779712598653
1,P3IndependentRidge,GroupsFixed,2024-02-01,32,32,0.34468917616544525,0.18780442610207537,0.15688475006336988
1,P3IndependentRidge,GroupsFixed,2024-03-01,32,32,0.12908461439749686,0.14520475535065336,-0.016120140953156503
1,P3IndependentRidge,GroupsFixed,2024-04-01,32,32,0.17733318843200097,0.10533085930976954,0.07200232912223142
1,P3IndependentRidge,GroupsFixed,2024-05-01,32,32,-0.6559064115665675,-0.4879271525083287,0.1679792590582388
1,P3IndependentRidge,GroupsFixed,2024-06-01,32,32,0.33089797051650616,0.18071015794227768,0.15018781257422847
1,P3IndependentRidge,GroupsFixed,2024-07-01,32,32,-0.7199651315804325,-0.7943792420704269,-0.07441411048999436
1,P3IndependentRidge,GroupsFixed,2024-08-01,32,32,0.042195251002314665,0.23362743026989724,-0.19143217926758258
1,P3IndependentRidge,GroupsFixed,2024-09-01,32,32,-0.24054903814186862,-0.43845958090250287,-0.19791054276063424
1,P3IndependentRidge,GroupsFixed,2024-10-01,32,32,-0.5292870851836144,-0.48874849678157073,0.04053858840204372
1,P3IndependentRidge,GroupsFixed,2024-11-01,32,32,-0.7206434707894661,-0.843215477434377,-0.12257200664491086
1,P3IndependentRidge,GroupsFixed,2024-12-01,32,32,-0.08998278471834031,-0.15904477323393518,-0.06906198851559486
1,P3IndependentRidge,GroupsFixed,2025-01-01,32,32,-0.023617258227219717,-0.08282154963843258,-0.05920429141121286
1,P3IndependentRidge,GroupsFixed,2025-02-01,32,32,-0.6484996345551111,-0.6744787913484572,-0.02597915679334617
1,P3IndependentRidge,GroupsFixed,2025-03-01,32,32,-0.0860725600745097,-0.11452804901947,-0.028455488944960305
1,P3IndependentRidge,GroupsFixed,2025-04-01,32,32,0.06461768430051562,0.026216845803819,0.03840083849669662
1,P3IndependentRidge,GroupsFixed,2025-05-01,32,32,0.5201720657600342,0.501310731392328,0.018861334367706206
1,P3IndependentRidge,GroupsFixed,2025-06-01,32,32,0.28722042254028224,0.3110265619813182,-0.023806139441035934
1,P3IndependentRidge,GroupsFixed,2025-07-01,32,32,-0.09563820367960979,-0.12726345387359983,-0.03162525019399004
1,P3IndependentRidge,GroupsFixed,2025-08-01,32,32,0.6589582073079816,0.7842150400304845,-0.12525683272250288
1,P3IndependentRidge,GroupsFixed,2025-09-01,32,32,-0.8344073653890612,-0.7599730405593916,0.07443432482966961
1,P3IndependentRidge,GroupsFixed,2025-10-01,32,32,0.1728756660324634,0.1223745145122711,0.0505011515201923
1,P3IndependentRidge,GroupsFixed,2025-11-01,32,32,0.7633780791875854,0.5412472213145224,0.22213085787306297
1,P3IndependentRidge,GroupsFixed,2025-12-01,32,32,0.3596302246627502,0.42722762715406704,-0.06759740249131685
1,P3IndependentRidge,GroupsFixed,2026-01-01,32,32,-0.8582175177285412,-0.8506260643726028,0.00759145335593836
1,P3IndependentRidge,GroupsFixed,2026-02-01,32,32,-0.09545363154382924,-0.28854871329665743,-0.1930950817528282
1,P3IndependentRidge,GroupsFixed,2026-03-01,32,32,0.28212050406997347,0.2263589728410106,0.05576153122896288
1,P3IndependentRidge,GroupsFixed,2026-04-01,32,32,0.7425324409495915,0.7505112058824355,-0.007978764932843996
1,P3IndependentRidge,GroupsFixed,2026-05-01,32,32,0.139728365029683,0.17509004773328724,-0.035361682703604236
1,P3IndependentRidge,GroupsFixed,2026-06-01,32,32,-0.769227834666945,-0.7340607700694574,0.03516706459748764
1,P3IndependentRidge,GroupsFixed,2026-07-01,32,32,-0.2884933700229033,-0.3305097059841622,-0.042016335961258866
1,P3IndependentRidge,GroupsFixed,2026-08-01,32,32,0.12537852388072226,0.11682243272313803,0.008556091157584239
1,P3IndependentRidge,P3PartialPooling,2024-01-01,32,32,-0.0736886181700187,-0.014639123089078554,0.05904949508094015
1,P3IndependentRidge,P3PartialPooling,2024-02-01,32,32,0.34468917616544525,0.42395520961123123,-0.07926603344578598
1,P3IndependentRidge,P3PartialPooling,2024-03-01,32,32,0.12908461439749686,0.17502749112193483,-0.045942876724437975
1,P3IndependentRidge,P3PartialPooling,2024-04-01,32,32,0.17733318843200097,0.27704379775836185,-0.09971060932636089
1,P3IndependentRidge,P3PartialPooling,2024-05-01,32,32,-0.6559064115665675,-0.6698013781155241,-0.013894966548956611
1,P3IndependentRidge,P3PartialPooling,2024-06-01,32,32,0.33089797051650616,0.3322112423446032,-0.0013132718280970401
1,P3IndependentRidge,P3PartialPooling,2024-07-01,32,32,-0.7199651315804325,-0.777319689107776,-0.05735455752734353
1,P3IndependentRidge,P3PartialPooling,2024-08-01,32,32,0.042195251002314665,-0.08613008597505972,-0.04393483497274506
1,P3IndependentRidge,P3PartialPooling,2024-09-01,32,32,-0.24054903814186862,-0.2712184119660721,-0.030669373824203483
1,P3IndependentRidge,P3PartialPooling,2024-10-01,32,32,-0.5292870851836144,-0.5941201685249531,-0.06483308334133864
1,P3IndependentRidge,P3PartialPooling,2024-11-01,32,32,-0.7206434707894661,-0.720536064367035,0.0001074064224311222
1,P3IndependentRidge,P3PartialPooling,2024-12-01,32,32,-0.08998278471834031,-0.05133957614941209,0.03864320856892822
1,P3IndependentRidge,P3PartialPooling,2025-01-01,32,32,-0.023617258227219717,0.11283984348561726,-0.08922258525839755
1,P3IndependentRidge,P3PartialPooling,2025-02-01,32,32,-0.6484996345551111,-0.6016826278965112,0.04681700665859989
1,P3IndependentRidge,P3PartialPooling,2025-03-01,32,32,-0.0860725600745097,0.012628091369071615,0.07344446870543808
1,P3IndependentRidge,P3PartialPooling,2025-04-01,32,32,0.06461768430051562,0.06354941952834314,0.001068264772172478
1,P3IndependentRidge,P3PartialPooling,2025-05-01,32,32,0.5201720657600342,0.5114289570539747,0.008743108706059433
1,P3IndependentRidge,P3PartialPooling,2025-06-01,32,32,0.28722042254028224,0.18289182731664452,0.10432859522363772
1,P3IndependentRidge,P3PartialPooling,2025-07-01,32,32,-0.09563820367960979,-0.07762470426680429,0.0180134994128055
1,P3IndependentRidge,P3PartialPooling,2025-08-01,32,32,0.6589582073079816,0.5192640140892884,0.13969419321869325
1,P3IndependentRidge,P3PartialPooling,2025-09-01,32,32,-0.8344073653890612,-0.8949237260698317,-0.06051636068077049
1,P3IndependentRidge,P3PartialPooling,2025-10-01,32,32,0.1728756660324634,0.2479404382291912,-0.0750647721967278
1,P3IndependentRidge,P3PartialPooling,2025-11-01,32,32,0.7633780791875854,0.9044736782428437,-0.14109559905525837
1,P3IndependentRidge,P3PartialPooling,2025-12-01,32,32,0.3596302246627502,0.38790971155523757,-0.028279486892487382
1,P3IndependentRidge,P3PartialPooling,2026-01-01,32,32,-0.8582175177285412,-0.7878100538947522,0.07040746383378893
1,P3IndependentRidge,P3PartialPooling,2026-02-01,32,32,-0.09545363154382924,0.10389007113675741,-0.008436439592928169
1,P3IndependentRidge,P3PartialPooling,2026-03-01,32,32,0.28212050406997347,0.34979356163479425,-0.06767305756482078
1,P3IndependentRidge,P3PartialPooling,2026-04-01,32,32,0.7425324409495915,0.7391297616097838,0.003402679339807646
1,P3IndependentRidge,P3PartialPooling,2026-05-01,32,32,0.139728365029683,0.08540387656007883,0.054324488469604165
1,P3IndependentRidge,P3PartialPooling,2026-06-01,32,32,-0.769227834666945,-0.8618479592906698,-0.09262012462372482
1,P3IndependentRidge,P3PartialPooling,2026-07-01,32,32,-0.2884933700229033,-0.3545311028821108,-0.0660377328592075
1,P3IndependentRidge,P3PartialPooling,2026-08-01,32,32,0.12537852388072226,0.042543930921216194,0.08283459295950607
1,P3IndependentRidge,P3PoolingLagTrend,2024-01-01,32,32,-0.0736886181700187,-0.07219266336269625,0.0014959548073224527
1,P3IndependentRidge,P3PoolingLagTrend,2024-02-01,32,32,0.34468917616544525,0.4286171619079606,-0.08392798574251537
1,P3IndependentRidge,P3PoolingLagTrend,2024-03-01,32,32,0.12908461439749686,0.11842866528637508,0.010655949111121776
1,P3IndependentRidge,P3PoolingLagTrend,2024-04-01,32,32,0.17733318843200097,0.23660318163909466,-0.059269993207093696
1,P3IndependentRidge,P3PoolingLagTrend,2024-05-01,32,32,-0.6559064115665675,-0.71248241319164,-0.05657600162507248
1,P3IndependentRidge,P3PoolingLagTrend,2024-06-01,32,32,0.33089797051650616,0.3850141919201022,-0.054116221403596065
1,P3IndependentRidge,P3PoolingLagTrend,2024-07-01,32,32,-0.7199651315804325,-0.7941701142402195,-0.07420498265978703
1,P3IndependentRidge,P3PoolingLagTrend,2024-08-01,32,32,0.042195251002314665,0.043547602860002005,-0.0013523518576873395
1,P3IndependentRidge,P3PoolingLagTrend,2024-09-01,32,32,-0.24054903814186862,-0.27013403324160484,-0.029584995099736222
1,P3IndependentRidge,P3PoolingLagTrend,2024-10-01,32,32,-0.5292870851836144,-0.5383528541510518,-0.009065768967437382
1,P3IndependentRidge,P3PoolingLagTrend,2024-11-01,32,32,-0.7206434707894661,-0.6481078149568225,0.07253565583264365
1,P3IndependentRidge,P3PoolingLagTrend,2024-12-01,32,32,-0.08998278471834031,0.06856550713778731,0.021417277580553007
1,P3IndependentRidge,P3PoolingLagTrend,2025-01-01,32,32,-0.023617258227219717,0.13419028462603355,-0.11057302639881383
1,P3IndependentRidge,P3PoolingLagTrend,2025-02-01,32,32,-0.6484996345551111,-0.6164880357012841,0.032011598853826984
1,P3IndependentRidge,P3PoolingLagTrend,2025-03-01,32,32,-0.0860725600745097,0.05059681369911284,0.035475746375396855
1,P3IndependentRidge,P3PoolingLagTrend,2025-04-01,32,32,0.06461768430051562,0.05679130202671667,0.007826382273798949
1,P3IndependentRidge,P3PoolingLagTrend,2025-05-01,32,32,0.5201720657600342,0.4803439117177456,0.039828154042288566
1,P3IndependentRidge,P3PoolingLagTrend,2025-06-01,32,32,0.28722042254028224,0.12460020157995133,0.1626202209603309
1,P3IndependentRidge,P3PoolingLagTrend,2025-07-01,32,32,-0.09563820367960979,-0.11148908989516418,-0.01585088621555439
1,P3IndependentRidge,P3PoolingLagTrend,2025-08-01,32,32,0.6589582073079816,0.5561673078535294,0.10279089945445219
1,P3IndependentRidge,P3PoolingLagTrend,2025-09-01,32,32,-0.8344073653890612,-0.9803657615091691,-0.14595839612010786
1,P3IndependentRidge,P3PoolingLagTrend,2025-10-01,32,32,0.1728756660324634,0.3321189881271559,-0.1592433220946925
1,P3IndependentRidge,P3PoolingLagTrend,2025-11-01,32,32,0.7633780791875854,0.9194531707940248,-0.1560750916064394
1,P3IndependentRidge,P3PoolingLagTrend,2025-12-01,32,32,0.3596302246627502,0.349684140005325,0.009946084657425192
1,P3IndependentRidge,P3PoolingLagTrend,2026-01-01,32,32,-0.8582175177285412,-0.8294130078112542,0.028804509917287002
1,P3IndependentRidge,P3PoolingLagTrend,2026-02-01,32,32,-0.09545363154382924,0.16383416898484038,-0.06838053744101114
1,P3IndependentRidge,P3PoolingLagTrend,2026-03-01,32,32,0.28212050406997347,0.362391351038424,-0.08027084696845055
1,P3IndependentRidge,P3PoolingLagTrend,2026-04-01,32,32,0.7425324409495915,0.7107318554048363,0.03180058554475518
1,P3IndependentRidge,P3PoolingLagTrend,2026-05-01,32,32,0.139728365029683,0.001342030045584433,0.13838633498409858
1,P3IndependentRidge,P3PoolingLagTrend,2026-06-01,32,32,-0.769227834666945,-0.8897193979868305,-0.12049156331988553
1,P3IndependentRidge,P3PoolingLagTrend,2026-07-01,32,32,-0.2884933700229033,-0.2782272426298352,0.010266127393068092
1,P3IndependentRidge,P3PoolingLagTrend,2026-08-01,32,32,0.12537852388072226,0.08958557131490774,0.03579295256581452
1,P3PartialPooling,Ridge,2024-01-01,32,32,-0.014639123089078554,0.12417222865728661,-0.10953310556820806
1,P3PartialPooling,Ridge,2024-02-01,32,32,0.42395520961123123,0.06355634104198771,0.3603988685692435
1,P3PartialPooling,Ridge,2024-03-01,32,32,0.17502749112193483,0.1635471221769791,0.011480368944955743
1,P3PartialPooling,Ridge,2024-04-01,32,32,0.27704379775836185,0.1273752778933499,0.14966851986501195
1,P3PartialPooling,Ridge,2024-05-01,32,32,-0.6698013781155241,-0.4743545784094465,0.1954467997060776
1,P3PartialPooling,Ridge,2024-06-01,32,32,0.3322112423446032,0.04765943365069347,0.2845518086939097
1,P3PartialPooling,Ridge,2024-07-01,32,32,-0.777319689107776,-0.9458104571449155,-0.16849076803713947
1,P3PartialPooling,Ridge,2024-08-01,32,32,-0.08613008597505972,0.010534832337924627,0.0755952536371351
1,P3PartialPooling,Ridge,2024-09-01,32,32,-0.2712184119660721,-0.12814750158511856,0.14307091038095354
1,P3PartialPooling,Ridge,2024-10-01,32,32,-0.5941201685249531,-0.45742628597942314,0.13669388254552994
1,P3PartialPooling,Ridge,2024-11-01,32,32,-0.720536064367035,-0.892461594689749,-0.17192553032271396
1,P3PartialPooling,Ridge,2024-12-01,32,32,-0.05133957614941209,0.4314984125563228,-0.3801588364069107
1,P3PartialPooling,Ridge,2025-01-01,32,32,0.11283984348561726,0.17694589296706908,-0.06410604948145182
1,P3PartialPooling,Ridge,2025-02-01,32,32,-0.6016826278965112,-0.8042696424575126,-0.20258701456100148
1,P3PartialPooling,Ridge,2025-03-01,32,32,0.012628091369071615,-0.14865028948442216,-0.13602219811535055
1,P3PartialPooling,Ridge,2025-04-01,32,32,0.06354941952834314,0.36912572904506646,-0.3055763095167233
1,P3PartialPooling,Ridge,2025-05-01,32,32,0.5114289570539747,0.5469797017547222,-0.03555074470074748
1,P3PartialPooling,Ridge,2025-06-01,32,32,0.18289182731664452,0.055009854317333406,0.12788197299931112
1,P3PartialPooling,Ridge,2025-07-01,32,32,-0.07762470426680429,-0.4446481224601797,-0.3670234181933754
1,P3PartialPooling,Ridge,2025-08-01,32,32,0.5192640140892884,0.39810021919093685,0.1211637948983515
1,P3PartialPooling,Ridge,2025-09-01,32,32,-0.8949237260698317,-0.6003137435213262,0.29460998254850557
1,P3PartialPooling,Ridge,2025-10-01,32,32,0.2479404382291912,0.04846178145515978,0.19947865677403143
1,P3PartialPooling,Ridge,2025-11-01,32,32,0.9044736782428437,0.3338499551578451,0.5706237230849986
1,P3PartialPooling,Ridge,2025-12-01,32,32,0.38790971155523757,0.023697158586131195,0.3642125529691064
1,P3PartialPooling,Ridge,2026-01-01,32,32,-0.7878100538947522,-0.6078550696468028,0.17995498424794942
1,P3PartialPooling,Ridge,2026-02-01,32,32,0.10389007113675741,-0.24945962948905276,-0.14556955835229535
1,P3PartialPooling,Ridge,2026-03-01,32,32,0.34979356163479425,0.17563996131009674,0.1741536003246975
1,P3PartialPooling,Ridge,2026-04-01,32,32,0.7391297616097838,0.8227150608685179,-0.08358529925873404
1,P3PartialPooling,Ridge,2026-05-01,32,32,0.08540387656007883,0.32505420858630885,-0.23965033202623
1,P3PartialPooling,Ridge,2026-06-01,32,32,-0.8618479592906698,-1.0294909707675828,-0.16764301147691296
1,P3PartialPooling,Ridge,2026-07-01,32,32,-0.3545311028821108,0.1461776044591545,0.2083534984229563
1,P3PartialPooling,Ridge,2026-08-01,32,32,0.042543930921216194,0.1245514083095145,-0.0820074773882983
1,P3PartialPooling,Huber,2024-01-01,32,32,-0.014639123089078554,0.12593563101381733,-0.11129650792473877
1,P3PartialPooling,Huber,2024-02-01,32,32,0.42395520961123123,-0.0008147809125489403,0.4231404286986823
1,P3PartialPooling,Huber,2024-03-01,32,32,0.17502749112193483,0.27284933978825165,-0.09782184866631682
1,P3PartialPooling,Huber,2024-04-01,32,32,0.27704379775836185,0.14922383071066747,0.12781996704769438
1,P3PartialPooling,Huber,2024-05-01,32,32,-0.6698013781155241,-0.48239485397346016,0.18740652414206393
1,P3PartialPooling,Huber,2024-06-01,32,32,0.3322112423446032,-0.0448342569768414,0.2873769853677618
1,P3PartialPooling,Huber,2024-07-01,32,32,-0.777319689107776,-0.8883228318853611,-0.11100314277758505
1,P3PartialPooling,Huber,2024-08-01,32,32,-0.08613008597505972,-0.010722811326843384,0.07540727464821634
1,P3PartialPooling,Huber,2024-09-01,32,32,-0.2712184119660721,-0.15127140895228308,0.11994700301378902
1,P3PartialPooling,Huber,2024-10-01,32,32,-0.5941201685249531,-0.4607828987570173,0.1333372697679358
1,P3PartialPooling,Huber,2024-11-01,32,32,-0.720536064367035,-0.9351277576874537,-0.21459169332041872
1,P3PartialPooling,Huber,2024-12-01,32,32,-0.05133957614941209,0.33717085649078626,-0.28583128034137417
1,P3PartialPooling,Huber,2025-01-01,32,32,0.11283984348561726,0.18323589053740363,-0.07039604705178637
1,P3PartialPooling,Huber,2025-02-01,32,32,-0.6016826278965112,-0.6706243572502188,-0.06894172935370768
1,P3PartialPooling,Huber,2025-03-01,32,32,0.012628091369071615,-0.12545608247035034,-0.11282799110127872
1,P3PartialPooling,Huber,2025-04-01,32,32,0.06354941952834314,0.4153875809224701,-0.35183816139412694
1,P3PartialPooling,Huber,2025-05-01,32,32,0.5114289570539747,0.5469980983768039,-0.03556914132282918
1,P3PartialPooling,Huber,2025-06-01,32,32,0.18289182731664452,0.03229069227610637,0.15060113504053815
1,P3PartialPooling,Huber,2025-07-01,32,32,-0.07762470426680429,-0.3507590533085363,-0.273134349041732
1,P3PartialPooling,Huber,2025-08-01,32,32,0.5192640140892884,0.4758510219698593,0.04341299211942906
1,P3PartialPooling,Huber,2025-09-01,32,32,-0.8949237260698317,-0.5926685301522383,0.3022551959175934
1,P3PartialPooling,Huber,2025-10-01,32,32,0.2479404382291912,0.04322852017148193,0.20471191805770927
1,P3PartialPooling,Huber,2025-11-01,32,32,0.9044736782428437,0.28456972568250194,0.6199039525603418
1,P3PartialPooling,Huber,2025-12-01,32,32,0.38790971155523757,0.026409459671640434,0.36150025188359713
1,P3PartialPooling,Huber,2026-01-01,32,32,-0.7878100538947522,-0.6083002726162761,0.17950978127847617
1,P3PartialPooling,Huber,2026-02-01,32,32,0.10389007113675741,-0.36631131555235186,-0.26242124441559445
1,P3PartialPooling,Huber,2026-03-01,32,32,0.34979356163479425,0.20182310736899467,0.14797045426579958
1,P3PartialPooling,Huber,2026-04-01,32,32,0.7391297616097838,0.7599688955821904,-0.020839133972406554
1,P3PartialPooling,Huber,2026-05-01,32,32,0.08540387656007883,0.3110543073435821,-0.22565043078350325
1,P3PartialPooling,Huber,2026-06-01,32,32,-0.8618479592906698,-1.0669420892676413,-0.20509412997697152
1,P3PartialPooling,Huber,2026-07-01,32,32,-0.3545311028821108,0.1490036062327107,0.20552749664940012
1,P3PartialPooling,Huber,2026-08-01,32,32,0.042543930921216194,0.10711162664438234,-0.06456769572316615
1,P3PartialPooling,SeasonalNaive,2024-01-01,32,32,-0.014639123089078554,0.2599999999999909,-0.24536087691091235
1,P3PartialPooling,SeasonalNaive,2024-02-01,32,32,0.42395520961123123,0.21999999999999886,0.20395520961123237
1,P3PartialPooling,SeasonalNaive,2024-03-01,32,32,0.17502749112193483,-0.14000000000000057,0.03502749112193426
1,P3PartialPooling,SeasonalNaive,2024-04-01,32,32,0.27704379775836185,0.3400000000000034,-0.06295620224164156
1,P3PartialPooling,SeasonalNaive,2024-05-01,32,32,-0.6698013781155241,-1.1899999999999977,-0.5201986218844736
1,P3PartialPooling,SeasonalNaive,2024-06-01,32,32,0.3322112423446032,0.25,0.0822112423446032
1,P3PartialPooling,SeasonalNaive,2024-07-01,32,32,-0.777319689107776,-0.5699999999999932,0.20731968910778287
1,P3PartialPooling,SeasonalNaive,2024-08-01,32,32,-0.08613008597505972,-0.1599999999999966,-0.07386991402493687
1,P3PartialPooling,SeasonalNaive,2024-09-01,32,32,-0.2712184119660721,1.1299999999999955,-0.8587815880339233
1,P3PartialPooling,SeasonalNaive,2024-10-01,32,32,-0.5941201685249531,-0.5600000000000023,0.03412016852495081
1,P3PartialPooling,SeasonalNaive,2024-11-01,32,32,-0.720536064367035,-0.7600000000000051,-0.039463935632970126
1,P3PartialPooling,SeasonalNaive,2024-12-01,32,32,-0.05133957614941209,-0.6199999999999903,-0.5686604238505782
1,P3PartialPooling,SeasonalNaive,2025-01-01,32,32,0.11283984348561726,0.030000000000001137,0.08283984348561613
1,P3PartialPooling,SeasonalNaive,2025-02-01,32,32,-0.6016826278965112,-0.8100000000000023,-0.2083173721034911
1,P3PartialPooling,SeasonalNaive,2025-03-01,32,32,0.012628091369071615,-0.28000000000000114,-0.2673719086309295
1,P3PartialPooling,SeasonalNaive,2025-04-01,32,32,0.06354941952834314,-0.15000000000000568,-0.08645058047166254
1,P3PartialPooling,SeasonalNaive,2025-05-01,32,32,0.5114289570539747,1.009999999999991,-0.4985710429460162
1,P3PartialPooling,SeasonalNaive,2025-06-01,32,32,0.18289182731664452,0.22000000000001307,-0.03710817268336855
1,P3PartialPooling,SeasonalNaive,2025-07-01,32,32,-0.07762470426680429,0.7099999999999937,-0.6323752957331894
1,P3PartialPooling,SeasonalNaive,2025-08-01,32,32,0.5192640140892884,0.6599999999999966,-0.14073598591070824
1,P3PartialPooling,SeasonalNaive,2025-09-01,32,32,-0.8949237260698317,-0.37999999999999545,0.5149237260698363
1,P3PartialPooling,SeasonalNaive,2025-10-01,32,32,0.2479404382291912,0.4899999999999949,-0.24205956177080368
1,P3PartialPooling,SeasonalNaive,2025-11-01,32,32,0.9044736782428437,1.3499999999999943,-0.44552632175715057
1,P3PartialPooling,SeasonalNaive,2025-12-01,32,32,0.38790971155523757,0.6199999999999903,-0.23209028844475277
1,P3PartialPooling,SeasonalNaive,2026-01-01,32,32,-0.7878100538947522,-0.7299999999999898,0.05781005389476246
1,P3PartialPooling,SeasonalNaive,2026-02-01,32,32,0.10389007113675741,0.2400000000000091,-0.13610992886325168
1,P3PartialPooling,SeasonalNaive,2026-03-01,32,32,0.34979356163479425,0.269999999999996,0.07979356163479823
1,P3PartialPooling,SeasonalNaive,2026-04-01,32,32,0.7391297616097838,0.8100000000000023,-0.07087023839021844
1,P3PartialPooling,SeasonalNaive,2026-05-01,32,32,0.08540387656007883,-0.1599999999999966,-0.07459612343991776
1,P3PartialPooling,SeasonalNaive,2026-06-01,32,32,-0.8618479592906698,-1.1000000000000085,-0.2381520407093387
1,P3PartialPooling,SeasonalNaive,2026-07-01,32,32,-0.3545311028821108,-0.45999999999999375,-0.10546889711788293
1,P3PartialPooling,SeasonalNaive,2026-08-01,32,32,0.042543930921216194,-0.6899999999999977,-0.6474560690787815
1,P3PartialPooling,GroupsFixed,2024-01-01,32,32,-0.014639123089078554,-0.31203641529600523,-0.2973972922069267
1,P3PartialPooling,GroupsFixed,2024-02-01,32,32,0.42395520961123123,0.18780442610207537,0.23615078350915586
1,P3PartialPooling,GroupsFixed,2024-03-01,32,32,0.17502749112193483,0.14520475535065336,0.029822735771281472
1,P3PartialPooling,GroupsFixed,2024-04-01,32,32,0.27704379775836185,0.10533085930976954,0.1717129384485923
1,P3PartialPooling,GroupsFixed,2024-05-01,32,32,-0.6698013781155241,-0.4879271525083287,0.1818742256071954
1,P3PartialPooling,GroupsFixed,2024-06-01,32,32,0.3322112423446032,0.18071015794227768,0.15150108440232551
1,P3PartialPooling,GroupsFixed,2024-07-01,32,32,-0.777319689107776,-0.7943792420704269,-0.017059552962650826
1,P3PartialPooling,GroupsFixed,2024-08-01,32,32,-0.08613008597505972,0.23362743026989724,-0.14749734429483752
1,P3PartialPooling,GroupsFixed,2024-09-01,32,32,-0.2712184119660721,-0.43845958090250287,-0.16724116893643076
1,P3PartialPooling,GroupsFixed,2024-10-01,32,32,-0.5941201685249531,-0.48874849678157073,0.10537167174338236
1,P3PartialPooling,GroupsFixed,2024-11-01,32,32,-0.720536064367035,-0.843215477434377,-0.12267941306734198
1,P3PartialPooling,GroupsFixed,2024-12-01,32,32,-0.05133957614941209,-0.15904477323393518,-0.10770519708452309
1,P3PartialPooling,GroupsFixed,2025-01-01,32,32,0.11283984348561726,-0.08282154963843258,0.030018293847184685
1,P3PartialPooling,GroupsFixed,2025-02-01,32,32,-0.6016826278965112,-0.6744787913484572,-0.07279616345194606
1,P3PartialPooling,GroupsFixed,2025-03-01,32,32,0.012628091369071615,-0.11452804901947,-0.10189995765039839
1,P3PartialPooling,GroupsFixed,2025-04-01,32,32,0.06354941952834314,0.026216845803819,0.03733257372452414
1,P3PartialPooling,GroupsFixed,2025-05-01,32,32,0.5114289570539747,0.501310731392328,0.010118225661646774
1,P3PartialPooling,GroupsFixed,2025-06-01,32,32,0.18289182731664452,0.3110265619813182,-0.12813473466467365
1,P3PartialPooling,GroupsFixed,2025-07-01,32,32,-0.07762470426680429,-0.12726345387359983,-0.04963874960679554
1,P3PartialPooling,GroupsFixed,2025-08-01,32,32,0.5192640140892884,0.7842150400304845,-0.2649510259411961
1,P3PartialPooling,GroupsFixed,2025-09-01,32,32,-0.8949237260698317,-0.7599730405593916,0.1349506855104401
1,P3PartialPooling,GroupsFixed,2025-10-01,32,32,0.2479404382291912,0.1223745145122711,0.1255659237169201
1,P3PartialPooling,GroupsFixed,2025-11-01,32,32,0.9044736782428437,0.5412472213145224,0.36322645692832134
1,P3PartialPooling,GroupsFixed,2025-12-01,32,32,0.38790971155523757,0.42722762715406704,-0.03931791559882947
1,P3PartialPooling,GroupsFixed,2026-01-01,32,32,-0.7878100538947522,-0.8506260643726028,-0.06281601047785057
1,P3PartialPooling,GroupsFixed,2026-02-01,32,32,0.10389007113675741,-0.28854871329665743,-0.18465864215990002
1,P3PartialPooling,GroupsFixed,2026-03-01,32,32,0.34979356163479425,0.2263589728410106,0.12343458879378366
1,P3PartialPooling,GroupsFixed,2026-04-01,32,32,0.7391297616097838,0.7505112058824355,-0.011381444272651642
1,P3PartialPooling,GroupsFixed,2026-05-01,32,32,0.08540387656007883,0.17509004773328724,-0.0896861711732084
1,P3PartialPooling,GroupsFixed,2026-06-01,32,32,-0.8618479592906698,-0.7340607700694574,0.12778718922121246
1,P3PartialPooling,GroupsFixed,2026-07-01,32,32,-0.3545311028821108,-0.3305097059841622,0.024021396897948633
1,P3PartialPooling,GroupsFixed,2026-08-01,32,32,0.042543930921216194,0.11682243272313803,-0.07427850180192183
1,P3PartialPooling,P3IndependentRidge,2024-01-01,32,32,-0.014639123089078554,-0.0736886181700187,-0.05904949508094015
1,P3PartialPooling,P3IndependentRidge,2024-02-01,32,32,0.42395520961123123,0.34468917616544525,0.07926603344578598
1,P3PartialPooling,P3IndependentRidge,2024-03-01,32,32,0.17502749112193483,0.12908461439749686,0.045942876724437975
1,P3PartialPooling,P3IndependentRidge,2024-04-01,32,32,0.27704379775836185,0.17733318843200097,0.09971060932636089
1,P3PartialPooling,P3IndependentRidge,2024-05-01,32,32,-0.6698013781155241,-0.6559064115665675,0.013894966548956611
1,P3PartialPooling,P3IndependentRidge,2024-06-01,32,32,0.3322112423446032,0.33089797051650616,0.0013132718280970401
1,P3PartialPooling,P3IndependentRidge,2024-07-01,32,32,-0.777319689107776,-0.7199651315804325,0.05735455752734353
1,P3PartialPooling,P3IndependentRidge,2024-08-01,32,32,-0.08613008597505972,0.042195251002314665,0.04393483497274506
1,P3PartialPooling,P3IndependentRidge,2024-09-01,32,32,-0.2712184119660721,-0.24054903814186862,0.030669373824203483
1,P3PartialPooling,P3IndependentRidge,2024-10-01,32,32,-0.5941201685249531,-0.5292870851836144,0.06483308334133864
1,P3PartialPooling,P3IndependentRidge,2024-11-01,32,32,-0.720536064367035,-0.7206434707894661,-0.0001074064224311222
1,P3PartialPooling,P3IndependentRidge,2024-12-01,32,32,-0.05133957614941209,-0.08998278471834031,-0.03864320856892822
1,P3PartialPooling,P3IndependentRidge,2025-01-01,32,32,0.11283984348561726,-0.023617258227219717,0.08922258525839755
1,P3PartialPooling,P3IndependentRidge,2025-02-01,32,32,-0.6016826278965112,-0.6484996345551111,-0.04681700665859989
1,P3PartialPooling,P3IndependentRidge,2025-03-01,32,32,0.012628091369071615,-0.0860725600745097,-0.07344446870543808
1,P3PartialPooling,P3IndependentRidge,2025-04-01,32,32,0.06354941952834314,0.06461768430051562,-0.001068264772172478
1,P3PartialPooling,P3IndependentRidge,2025-05-01,32,32,0.5114289570539747,0.5201720657600342,-0.008743108706059433
1,P3PartialPooling,P3IndependentRidge,2025-06-01,32,32,0.18289182731664452,0.28722042254028224,-0.10432859522363772
1,P3PartialPooling,P3IndependentRidge,2025-07-01,32,32,-0.07762470426680429,-0.09563820367960979,-0.0180134994128055
1,P3PartialPooling,P3IndependentRidge,2025-08-01,32,32,0.5192640140892884,0.6589582073079816,-0.13969419321869325
1,P3PartialPooling,P3IndependentRidge,2025-09-01,32,32,-0.8949237260698317,-0.8344073653890612,0.06051636068077049
1,P3PartialPooling,P3IndependentRidge,2025-10-01,32,32,0.2479404382291912,0.1728756660324634,0.0750647721967278
1,P3PartialPooling,P3IndependentRidge,2025-11-01,32,32,0.9044736782428437,0.7633780791875854,0.14109559905525837
1,P3PartialPooling,P3IndependentRidge,2025-12-01,32,32,0.38790971155523757,0.3596302246627502,0.028279486892487382
1,P3PartialPooling,P3IndependentRidge,2026-01-01,32,32,-0.7878100538947522,-0.8582175177285412,-0.07040746383378893
1,P3PartialPooling,P3IndependentRidge,2026-02-01,32,32,0.10389007113675741,-0.09545363154382924,0.008436439592928169
1,P3PartialPooling,P3IndependentRidge,2026-03-01,32,32,0.34979356163479425,0.28212050406997347,0.06767305756482078
1,P3PartialPooling,P3IndependentRidge,2026-04-01,32,32,0.7391297616097838,0.7425324409495915,-0.003402679339807646
1,P3PartialPooling,P3IndependentRidge,2026-05-01,32,32,0.08540387656007883,0.139728365029683,-0.054324488469604165
1,P3PartialPooling,P3IndependentRidge,2026-06-01,32,32,-0.8618479592906698,-0.769227834666945,0.09262012462372482
1,P3PartialPooling,P3IndependentRidge,2026-07-01,32,32,-0.3545311028821108,-0.2884933700229033,0.0660377328592075
1,P3PartialPooling,P3IndependentRidge,2026-08-01,32,32,0.042543930921216194,0.12537852388072226,-0.08283459295950607
1,P3PartialPooling,P3PoolingLagTrend,2024-01-01,32,32,-0.014639123089078554,-0.07219266336269625,-0.0575535402736177
1,P3PartialPooling,P3PoolingLagTrend,2024-02-01,32,32,0.42395520961123123,0.4286171619079606,-0.004661952296729388
1,P3PartialPooling,P3PoolingLagTrend,2024-03-01,32,32,0.17502749112193483,0.11842866528637508,0.05659882583555975
1,P3PartialPooling,P3PoolingLagTrend,2024-04-01,32,32,0.27704379775836185,0.23660318163909466,0.04044061611926719
1,P3PartialPooling,P3PoolingLagTrend,2024-05-01,32,32,-0.6698013781155241,-0.71248241319164,-0.04268103507611587
1,P3PartialPooling,P3PoolingLagTrend,2024-06-01,32,32,0.3322112423446032,0.3850141919201022,-0.052802949575499025
1,P3PartialPooling,P3PoolingLagTrend,2024-07-01,32,32,-0.777319689107776,-0.7941701142402195,-0.016850425132443503
1,P3PartialPooling,P3PoolingLagTrend,2024-08-01,32,32,-0.08613008597505972,0.043547602860002005,0.04258248311505772
1,P3PartialPooling,P3PoolingLagTrend,2024-09-01,32,32,-0.2712184119660721,-0.27013403324160484,0.001084378724467261
1,P3PartialPooling,P3PoolingLagTrend,2024-10-01,32,32,-0.5941201685249531,-0.5383528541510518,0.055767314373901256
1,P3PartialPooling,P3PoolingLagTrend,2024-11-01,32,32,-0.720536064367035,-0.6481078149568225,0.07242824941021253
1,P3PartialPooling,P3PoolingLagTrend,2024-12-01,32,32,-0.05133957614941209,0.06856550713778731,-0.017225930988375215
1,P3PartialPooling,P3PoolingLagTrend,2025-01-01,32,32,0.11283984348561726,0.13419028462603355,-0.021350441140416287
1,P3PartialPooling,P3PoolingLagTrend,2025-02-01,32,32,-0.6016826278965112,-0.6164880357012841,-0.014805407804772908
1,P3PartialPooling,P3PoolingLagTrend,2025-03-01,32,32,0.012628091369071615,0.05059681369911284,-0.03796872233004123
1,P3PartialPooling,P3PoolingLagTrend,2025-04-01,32,32,0.06354941952834314,0.05679130202671667,0.0067581175016264705
1,P3PartialPooling,P3PoolingLagTrend,2025-05-01,32,32,0.5114289570539747,0.4803439117177456,0.031085045336229133
1,P3PartialPooling,P3PoolingLagTrend,2025-06-01,32,32,0.18289182731664452,0.12460020157995133,0.05829162573669319
1,P3PartialPooling,P3PoolingLagTrend,2025-07-01,32,32,-0.07762470426680429,-0.11148908989516418,-0.03386438562835989
1,P3PartialPooling,P3PoolingLagTrend,2025-08-01,32,32,0.5192640140892884,0.5561673078535294,-0.03690329376424106
1,P3PartialPooling,P3PoolingLagTrend,2025-09-01,32,32,-0.8949237260698317,-0.9803657615091691,-0.08544203543933737
1,P3PartialPooling,P3PoolingLagTrend,2025-10-01,32,32,0.2479404382291912,0.3321189881271559,-0.0841785498979647
1,P3PartialPooling,P3PoolingLagTrend,2025-11-01,32,32,0.9044736782428437,0.9194531707940248,-0.014979492551181028
1,P3PartialPooling,P3PoolingLagTrend,2025-12-01,32,32,0.38790971155523757,0.349684140005325,0.038225571549912574
1,P3PartialPooling,P3PoolingLagTrend,2026-01-01,32,32,-0.7878100538947522,-0.8294130078112542,-0.04160295391650193
1,P3PartialPooling,P3PoolingLagTrend,2026-02-01,32,32,0.10389007113675741,0.16383416898484038,-0.05994409784808297
1,P3PartialPooling,P3PoolingLagTrend,2026-03-01,32,32,0.34979356163479425,0.362391351038424,-0.012597789403629767
1,P3PartialPooling,P3PoolingLagTrend,2026-04-01,32,32,0.7391297616097838,0.7107318554048363,0.02839790620494753
1,P3PartialPooling,P3PoolingLagTrend,2026-05-01,32,32,0.08540387656007883,0.001342030045584433,0.0840618465144944
1,P3PartialPooling,P3PoolingLagTrend,2026-06-01,32,32,-0.8618479592906698,-0.8897193979868305,-0.02787143869616071
1,P3PartialPooling,P3PoolingLagTrend,2026-07-01,32,32,-0.3545311028821108,-0.2782272426298352,0.07630386025227559
1,P3PartialPooling,P3PoolingLagTrend,2026-08-01,32,32,0.042543930921216194,0.08958557131490774,-0.04704164039369155
1,P3PoolingLagTrend,Ridge,2024-01-01,32,32,-0.07219266336269625,0.12417222865728661,-0.05197956529459036
1,P3PoolingLagTrend,Ridge,2024-02-01,32,32,0.4286171619079606,0.06355634104198771,0.3650608208659729
1,P3PoolingLagTrend,Ridge,2024-03-01,32,32,0.11842866528637508,0.1635471221769791,-0.04511845689060401
1,P3PoolingLagTrend,Ridge,2024-04-01,32,32,0.23660318163909466,0.1273752778933499,0.10922790374574476
1,P3PoolingLagTrend,Ridge,2024-05-01,32,32,-0.71248241319164,-0.4743545784094465,0.23812783478219346
1,P3PoolingLagTrend,Ridge,2024-06-01,32,32,0.3850141919201022,0.04765943365069347,0.33735475826940875
1,P3PoolingLagTrend,Ridge,2024-07-01,32,32,-0.7941701142402195,-0.9458104571449155,-0.15164034290469597
1,P3PoolingLagTrend,Ridge,2024-08-01,32,32,0.043547602860002005,0.010534832337924627,0.03301277052207738
1,P3PoolingLagTrend,Ridge,2024-09-01,32,32,-0.27013403324160484,-0.12814750158511856,0.14198653165648628
1,P3PoolingLagTrend,Ridge,2024-10-01,32,32,-0.5383528541510518,-0.45742628597942314,0.08092656817162869
1,P3PoolingLagTrend,Ridge,2024-11-01,32,32,-0.6481078149568225,-0.892461594689749,-0.2443537797329265
1,P3PoolingLagTrend,Ridge,2024-12-01,32,32,0.06856550713778731,0.4314984125563228,-0.3629329054185355
1,P3PoolingLagTrend,Ridge,2025-01-01,32,32,0.13419028462603355,0.17694589296706908,-0.042755608341035534
1,P3PoolingLagTrend,Ridge,2025-02-01,32,32,-0.6164880357012841,-0.8042696424575126,-0.18778160675622857
1,P3PoolingLagTrend,Ridge,2025-03-01,32,32,0.05059681369911284,-0.14865028948442216,-0.09805347578530932
1,P3PoolingLagTrend,Ridge,2025-04-01,32,32,0.05679130202671667,0.36912572904506646,-0.3123344270183498
1,P3PoolingLagTrend,Ridge,2025-05-01,32,32,0.4803439117177456,0.5469797017547222,-0.06663579003697662
1,P3PoolingLagTrend,Ridge,2025-06-01,32,32,0.12460020157995133,0.055009854317333406,0.06959034726261792
1,P3PoolingLagTrend,Ridge,2025-07-01,32,32,-0.11148908989516418,-0.4446481224601797,-0.33315903256501556
1,P3PoolingLagTrend,Ridge,2025-08-01,32,32,0.5561673078535294,0.39810021919093685,0.15806708866259256
1,P3PoolingLagTrend,Ridge,2025-09-01,32,32,-0.9803657615091691,-0.6003137435213262,0.38005201798784294
1,P3PoolingLagTrend,Ridge,2025-10-01,32,32,0.3321189881271559,0.04846178145515978,0.2836572066719961
1,P3PoolingLagTrend,Ridge,2025-11-01,32,32,0.9194531707940248,0.3338499551578451,0.5856032156361797
1,P3PoolingLagTrend,Ridge,2025-12-01,32,32,0.349684140005325,0.023697158586131195,0.3259869814191938
1,P3PoolingLagTrend,Ridge,2026-01-01,32,32,-0.8294130078112542,-0.6078550696468028,0.22155793816445135
1,P3PoolingLagTrend,Ridge,2026-02-01,32,32,0.16383416898484038,-0.24945962948905276,-0.08562546050421238
1,P3PoolingLagTrend,Ridge,2026-03-01,32,32,0.362391351038424,0.17563996131009674,0.18675138972832728
1,P3PoolingLagTrend,Ridge,2026-04-01,32,32,0.7107318554048363,0.8227150608685179,-0.11198320546368157
1,P3PoolingLagTrend,Ridge,2026-05-01,32,32,0.001342030045584433,0.32505420858630885,-0.3237121785407244
1,P3PoolingLagTrend,Ridge,2026-06-01,32,32,-0.8897193979868305,-1.0294909707675828,-0.13977157278075225
1,P3PoolingLagTrend,Ridge,2026-07-01,32,32,-0.2782272426298352,0.1461776044591545,0.13204963817068072
1,P3PoolingLagTrend,Ridge,2026-08-01,32,32,0.08958557131490774,0.1245514083095145,-0.03496583699460676
1,P3PoolingLagTrend,Huber,2024-01-01,32,32,-0.07219266336269625,0.12593563101381733,-0.053742967651121076
1,P3PoolingLagTrend,Huber,2024-02-01,32,32,0.4286171619079606,-0.0008147809125489403,0.4278023809954117
1,P3PoolingLagTrend,Huber,2024-03-01,32,32,0.11842866528637508,0.27284933978825165,-0.15442067450187658
1,P3PoolingLagTrend,Huber,2024-04-01,32,32,0.23660318163909466,0.14922383071066747,0.08737935092842719
1,P3PoolingLagTrend,Huber,2024-05-01,32,32,-0.71248241319164,-0.48239485397346016,0.2300875592181798
1,P3PoolingLagTrend,Huber,2024-06-01,32,32,0.3850141919201022,-0.0448342569768414,0.3401799349432608
1,P3PoolingLagTrend,Huber,2024-07-01,32,32,-0.7941701142402195,-0.8883228318853611,-0.09415271764514155
1,P3PoolingLagTrend,Huber,2024-08-01,32,32,0.043547602860002005,-0.010722811326843384,0.03282479153315862
1,P3PoolingLagTrend,Huber,2024-09-01,32,32,-0.27013403324160484,-0.15127140895228308,0.11886262428932176
1,P3PoolingLagTrend,Huber,2024-10-01,32,32,-0.5383528541510518,-0.4607828987570173,0.07756995539403455
1,P3PoolingLagTrend,Huber,2024-11-01,32,32,-0.6481078149568225,-0.9351277576874537,-0.28701994273063125
1,P3PoolingLagTrend,Huber,2024-12-01,32,32,0.06856550713778731,0.33717085649078626,-0.26860534935299896
1,P3PoolingLagTrend,Huber,2025-01-01,32,32,0.13419028462603355,0.18323589053740363,-0.04904560591137008
1,P3PoolingLagTrend,Huber,2025-02-01,32,32,-0.6164880357012841,-0.6706243572502188,-0.054136321548934774
1,P3PoolingLagTrend,Huber,2025-03-01,32,32,0.05059681369911284,-0.12545608247035034,-0.0748592687712375
1,P3PoolingLagTrend,Huber,2025-04-01,32,32,0.05679130202671667,0.4153875809224701,-0.3585962788957534
1,P3PoolingLagTrend,Huber,2025-05-01,32,32,0.4803439117177456,0.5469980983768039,-0.06665418665905831
1,P3PoolingLagTrend,Huber,2025-06-01,32,32,0.12460020157995133,0.03229069227610637,0.09230950930384496
1,P3PoolingLagTrend,Huber,2025-07-01,32,32,-0.11148908989516418,-0.3507590533085363,-0.23926996341337212
1,P3PoolingLagTrend,Huber,2025-08-01,32,32,0.5561673078535294,0.4758510219698593,0.08031628588367012
1,P3PoolingLagTrend,Huber,2025-09-01,32,32,-0.9803657615091691,-0.5926685301522383,0.3876972313569308
1,P3PoolingLagTrend,Huber,2025-10-01,32,32,0.3321189881271559,0.04322852017148193,0.28889046795567397
1,P3PoolingLagTrend,Huber,2025-11-01,32,32,0.9194531707940248,0.28456972568250194,0.6348834451115228
1,P3PoolingLagTrend,Huber,2025-12-01,32,32,0.349684140005325,0.026409459671640434,0.32327468033368456
1,P3PoolingLagTrend,Huber,2026-01-01,32,32,-0.8294130078112542,-0.6083002726162761,0.2211127351949781
1,P3PoolingLagTrend,Huber,2026-02-01,32,32,0.16383416898484038,-0.36631131555235186,-0.20247714656751148
1,P3PoolingLagTrend,Huber,2026-03-01,32,32,0.362391351038424,0.20182310736899467,0.16056824366942934
1,P3PoolingLagTrend,Huber,2026-04-01,32,32,0.7107318554048363,0.7599688955821904,-0.049237040177354086
1,P3PoolingLagTrend,Huber,2026-05-01,32,32,0.001342030045584433,0.3110543073435821,-0.30971227729799766
1,P3PoolingLagTrend,Huber,2026-06-01,32,32,-0.8897193979868305,-1.0669420892676413,-0.1772226912808108
1,P3PoolingLagTrend,Huber,2026-07-01,32,32,-0.2782272426298352,0.1490036062327107,0.12922363639712453
1,P3PoolingLagTrend,Huber,2026-08-01,32,32,0.08958557131490774,0.10711162664438234,-0.0175260553294746
1,P3PoolingLagTrend,SeasonalNaive,2024-01-01,32,32,-0.07219266336269625,0.2599999999999909,-0.18780733663729465
1,P3PoolingLagTrend,SeasonalNaive,2024-02-01,32,32,0.4286171619079606,0.21999999999999886,0.20861716190796176
1,P3PoolingLagTrend,SeasonalNaive,2024-03-01,32,32,0.11842866528637508,-0.14000000000000057,-0.02157133471362549
1,P3PoolingLagTrend,SeasonalNaive,2024-04-01,32,32,0.23660318163909466,0.3400000000000034,-0.10339681836090875
1,P3PoolingLagTrend,SeasonalNaive,2024-05-01,32,32,-0.71248241319164,-1.1899999999999977,-0.47751758680835776
1,P3PoolingLagTrend,SeasonalNaive,2024-06-01,32,32,0.3850141919201022,0.25,0.13501419192010222
1,P3PoolingLagTrend,SeasonalNaive,2024-07-01,32,32,-0.7941701142402195,-0.5699999999999932,0.22417011424022637
1,P3PoolingLagTrend,SeasonalNaive,2024-08-01,32,32,0.043547602860002005,-0.1599999999999966,-0.11645239713999458
1,P3PoolingLagTrend,SeasonalNaive,2024-09-01,32,32,-0.27013403324160484,1.1299999999999955,-0.8598659667583906
1,P3PoolingLagTrend,SeasonalNaive,2024-10-01,32,32,-0.5383528541510518,-0.5600000000000023,-0.021647145848950444
1,P3PoolingLagTrend,SeasonalNaive,2024-11-01,32,32,-0.6481078149568225,-0.7600000000000051,-0.11189218504318266
1,P3PoolingLagTrend,SeasonalNaive,2024-12-01,32,32,0.06856550713778731,-0.6199999999999903,-0.551434492862203
1,P3PoolingLagTrend,SeasonalNaive,2025-01-01,32,32,0.13419028462603355,0.030000000000001137,0.10419028462603241
1,P3PoolingLagTrend,SeasonalNaive,2025-02-01,32,32,-0.6164880357012841,-0.8100000000000023,-0.1935119642987182
1,P3PoolingLagTrend,SeasonalNaive,2025-03-01,32,32,0.05059681369911284,-0.28000000000000114,-0.2294031863008883
1,P3PoolingLagTrend,SeasonalNaive,2025-04-01,32,32,0.05679130202671667,-0.15000000000000568,-0.09320869797328901
1,P3PoolingLagTrend,SeasonalNaive,2025-05-01,32,32,0.4803439117177456,1.009999999999991,-0.5296560882822453
1,P3PoolingLagTrend,SeasonalNaive,2025-06-01,32,32,0.12460020157995133,0.22000000000001307,-0.09539979842006174
1,P3PoolingLagTrend,SeasonalNaive,2025-07-01,32,32,-0.11148908989516418,0.7099999999999937,-0.5985109101048296
1,P3PoolingLagTrend,SeasonalNaive,2025-08-01,32,32,0.5561673078535294,0.6599999999999966,-0.10383269214646718
1,P3PoolingLagTrend,SeasonalNaive,2025-09-01,32,32,-0.9803657615091691,-0.37999999999999545,0.6003657615091736
1,P3PoolingLagTrend,SeasonalNaive,2025-10-01,32,32,0.3321189881271559,0.4899999999999949,-0.15788101187283898
1,P3PoolingLagTrend,SeasonalNaive,2025-11-01,32,32,0.9194531707940248,1.3499999999999943,-0.43054682920596954
1,P3PoolingLagTrend,SeasonalNaive,2025-12-01,32,32,0.349684140005325,0.6199999999999903,-0.27031585999466534
1,P3PoolingLagTrend,SeasonalNaive,2026-01-01,32,32,-0.8294130078112542,-0.7299999999999898,0.09941300781126439
1,P3PoolingLagTrend,SeasonalNaive,2026-02-01,32,32,0.16383416898484038,0.2400000000000091,-0.07616583101516872
1,P3PoolingLagTrend,SeasonalNaive,2026-03-01,32,32,0.362391351038424,0.269999999999996,0.092391351038428
1,P3PoolingLagTrend,SeasonalNaive,2026-04-01,32,32,0.7107318554048363,0.8100000000000023,-0.09926814459516597
1,P3PoolingLagTrend,SeasonalNaive,2026-05-01,32,32,0.001342030045584433,-0.1599999999999966,-0.15865796995441217
1,P3PoolingLagTrend,SeasonalNaive,2026-06-01,32,32,-0.8897193979868305,-1.1000000000000085,-0.210280602013178
1,P3PoolingLagTrend,SeasonalNaive,2026-07-01,32,32,-0.2782272426298352,-0.45999999999999375,-0.18177275737015852
1,P3PoolingLagTrend,SeasonalNaive,2026-08-01,32,32,0.08958557131490774,-0.6899999999999977,-0.60041442868509
1,P3PoolingLagTrend,GroupsFixed,2024-01-01,32,32,-0.07219266336269625,-0.31203641529600523,-0.23984375193330898
1,P3PoolingLagTrend,GroupsFixed,2024-02-01,32,32,0.4286171619079606,0.18780442610207537,0.24081273580588525
1,P3PoolingLagTrend,GroupsFixed,2024-03-01,32,32,0.11842866528637508,0.14520475535065336,-0.02677609006427828
1,P3PoolingLagTrend,GroupsFixed,2024-04-01,32,32,0.23660318163909466,0.10533085930976954,0.13127232232932512
1,P3PoolingLagTrend,GroupsFixed,2024-05-01,32,32,-0.71248241319164,-0.4879271525083287,0.22455526068331128
1,P3PoolingLagTrend,GroupsFixed,2024-06-01,32,32,0.3850141919201022,0.18071015794227768,0.20430403397782454
1,P3PoolingLagTrend,GroupsFixed,2024-07-01,32,32,-0.7941701142402195,-0.7943792420704269,-0.00020912783020732295
1,P3PoolingLagTrend,GroupsFixed,2024-08-01,32,32,0.043547602860002005,0.23362743026989724,-0.19007982740989524
1,P3PoolingLagTrend,GroupsFixed,2024-09-01,32,32,-0.27013403324160484,-0.43845958090250287,-0.16832554766089802
1,P3PoolingLagTrend,GroupsFixed,2024-10-01,32,32,-0.5383528541510518,-0.48874849678157073,0.0496043573694811
1,P3PoolingLagTrend,GroupsFixed,2024-11-01,32,32,-0.6481078149568225,-0.843215477434377,-0.1951076624775545
1,P3PoolingLagTrend,GroupsFixed,2024-12-01,32,32,0.06856550713778731,-0.15904477323393518,-0.09047926609614787
1,P3PoolingLagTrend,GroupsFixed,2025-01-01,32,32,0.13419028462603355,-0.08282154963843258,0.05136873498760097
1,P3PoolingLagTrend,GroupsFixed,2025-02-01,32,32,-0.6164880357012841,-0.6744787913484572,-0.05799075564717315
1,P3PoolingLagTrend,GroupsFixed,2025-03-01,32,32,0.05059681369911284,-0.11452804901947,-0.06393123532035716
1,P3PoolingLagTrend,GroupsFixed,2025-04-01,32,32,0.05679130202671667,0.026216845803819,0.030574456222897672
1,P3PoolingLagTrend,GroupsFixed,2025-05-01,32,32,0.4803439117177456,0.501310731392328,-0.02096681967458236
1,P3PoolingLagTrend,GroupsFixed,2025-06-01,32,32,0.12460020157995133,0.3110265619813182,-0.18642636040136684
1,P3PoolingLagTrend,GroupsFixed,2025-07-01,32,32,-0.11148908989516418,-0.12726345387359983,-0.01577436397843565
1,P3PoolingLagTrend,GroupsFixed,2025-08-01,32,32,0.5561673078535294,0.7842150400304845,-0.22804773217695506
1,P3PoolingLagTrend,GroupsFixed,2025-09-01,32,32,-0.9803657615091691,-0.7599730405593916,0.22039272094977747
1,P3PoolingLagTrend,GroupsFixed,2025-10-01,32,32,0.3321189881271559,0.1223745145122711,0.2097444736148848
1,P3PoolingLagTrend,GroupsFixed,2025-11-01,32,32,0.9194531707940248,0.5412472213145224,0.37820594947950237
1,P3PoolingLagTrend,GroupsFixed,2025-12-01,32,32,0.349684140005325,0.42722762715406704,-0.07754348714874204
1,P3PoolingLagTrend,GroupsFixed,2026-01-01,32,32,-0.8294130078112542,-0.8506260643726028,-0.021213056561348642
1,P3PoolingLagTrend,GroupsFixed,2026-02-01,32,32,0.16383416898484038,-0.28854871329665743,-0.12471454431181705
1,P3PoolingLagTrend,GroupsFixed,2026-03-01,32,32,0.362391351038424,0.2263589728410106,0.13603237819741343
1,P3PoolingLagTrend,GroupsFixed,2026-04-01,32,32,0.7107318554048363,0.7505112058824355,-0.039779350477599174
1,P3PoolingLagTrend,GroupsFixed,2026-05-01,32,32,0.001342030045584433,0.17509004773328724,-0.17374801768770282
1,P3PoolingLagTrend,GroupsFixed,2026-06-01,32,32,-0.8897193979868305,-0.7340607700694574,0.15565862791737317
1,P3PoolingLagTrend,GroupsFixed,2026-07-01,32,32,-0.2782272426298352,-0.3305097059841622,-0.05228246335432696
1,P3PoolingLagTrend,GroupsFixed,2026-08-01,32,32,0.08958557131490774,0.11682243272313803,-0.027236861408230284
1,P3PoolingLagTrend,P3IndependentRidge,2024-01-01,32,32,-0.07219266336269625,-0.0736886181700187,-0.0014959548073224527
1,P3PoolingLagTrend,P3IndependentRidge,2024-02-01,32,32,0.4286171619079606,0.34468917616544525,0.08392798574251537
1,P3PoolingLagTrend,P3IndependentRidge,2024-03-01,32,32,0.11842866528637508,0.12908461439749686,-0.010655949111121776
1,P3PoolingLagTrend,P3IndependentRidge,2024-04-01,32,32,0.23660318163909466,0.17733318843200097,0.059269993207093696
1,P3PoolingLagTrend,P3IndependentRidge,2024-05-01,32,32,-0.71248241319164,-0.6559064115665675,0.05657600162507248
1,P3PoolingLagTrend,P3IndependentRidge,2024-06-01,32,32,0.3850141919201022,0.33089797051650616,0.054116221403596065
1,P3PoolingLagTrend,P3IndependentRidge,2024-07-01,32,32,-0.7941701142402195,-0.7199651315804325,0.07420498265978703
1,P3PoolingLagTrend,P3IndependentRidge,2024-08-01,32,32,0.043547602860002005,0.042195251002314665,0.0013523518576873395
1,P3PoolingLagTrend,P3IndependentRidge,2024-09-01,32,32,-0.27013403324160484,-0.24054903814186862,0.029584995099736222
1,P3PoolingLagTrend,P3IndependentRidge,2024-10-01,32,32,-0.5383528541510518,-0.5292870851836144,0.009065768967437382
1,P3PoolingLagTrend,P3IndependentRidge,2024-11-01,32,32,-0.6481078149568225,-0.7206434707894661,-0.07253565583264365
1,P3PoolingLagTrend,P3IndependentRidge,2024-12-01,32,32,0.06856550713778731,-0.08998278471834031,-0.021417277580553007
1,P3PoolingLagTrend,P3IndependentRidge,2025-01-01,32,32,0.13419028462603355,-0.023617258227219717,0.11057302639881383
1,P3PoolingLagTrend,P3IndependentRidge,2025-02-01,32,32,-0.6164880357012841,-0.6484996345551111,-0.032011598853826984
1,P3PoolingLagTrend,P3IndependentRidge,2025-03-01,32,32,0.05059681369911284,-0.0860725600745097,-0.035475746375396855
1,P3PoolingLagTrend,P3IndependentRidge,2025-04-01,32,32,0.05679130202671667,0.06461768430051562,-0.007826382273798949
1,P3PoolingLagTrend,P3IndependentRidge,2025-05-01,32,32,0.4803439117177456,0.5201720657600342,-0.039828154042288566
1,P3PoolingLagTrend,P3IndependentRidge,2025-06-01,32,32,0.12460020157995133,0.28722042254028224,-0.1626202209603309
1,P3PoolingLagTrend,P3IndependentRidge,2025-07-01,32,32,-0.11148908989516418,-0.09563820367960979,0.01585088621555439
1,P3PoolingLagTrend,P3IndependentRidge,2025-08-01,32,32,0.5561673078535294,0.6589582073079816,-0.10279089945445219
1,P3PoolingLagTrend,P3IndependentRidge,2025-09-01,32,32,-0.9803657615091691,-0.8344073653890612,0.14595839612010786
1,P3PoolingLagTrend,P3IndependentRidge,2025-10-01,32,32,0.3321189881271559,0.1728756660324634,0.1592433220946925
1,P3PoolingLagTrend,P3IndependentRidge,2025-11-01,32,32,0.9194531707940248,0.7633780791875854,0.1560750916064394
1,P3PoolingLagTrend,P3IndependentRidge,2025-12-01,32,32,0.349684140005325,0.3596302246627502,-0.009946084657425192
1,P3PoolingLagTrend,P3IndependentRidge,2026-01-01,32,32,-0.8294130078112542,-0.8582175177285412,-0.028804509917287002
1,P3PoolingLagTrend,P3IndependentRidge,2026-02-01,32,32,0.16383416898484038,-0.09545363154382924,0.06838053744101114
1,P3PoolingLagTrend,P3IndependentRidge,2026-03-01,32,32,0.362391351038424,0.28212050406997347,0.08027084696845055
1,P3PoolingLagTrend,P3IndependentRidge,2026-04-01,32,32,0.7107318554048363,0.7425324409495915,-0.03180058554475518
1,P3PoolingLagTrend,P3IndependentRidge,2026-05-01,32,32,0.001342030045584433,0.139728365029683,-0.13838633498409858
1,P3PoolingLagTrend,P3IndependentRidge,2026-06-01,32,32,-0.8897193979868305,-0.769227834666945,0.12049156331988553
1,P3PoolingLagTrend,P3IndependentRidge,2026-07-01,32,32,-0.2782272426298352,-0.2884933700229033,-0.010266127393068092
1,P3PoolingLagTrend,P3IndependentRidge,2026-08-01,32,32,0.08958557131490774,0.12537852388072226,-0.03579295256581452
1,P3PoolingLagTrend,P3PartialPooling,2024-01-01,32,32,-0.07219266336269625,-0.014639123089078554,0.0575535402736177
1,P3PoolingLagTrend,P3PartialPooling,2024-02-01,32,32,0.4286171619079606,0.42395520961123123,0.004661952296729388
1,P3PoolingLagTrend,P3PartialPooling,2024-03-01,32,32,0.11842866528637508,0.17502749112193483,-0.05659882583555975
1,P3PoolingLagTrend,P3PartialPooling,2024-04-01,32,32,0.23660318163909466,0.27704379775836185,-0.04044061611926719
1,P3PoolingLagTrend,P3PartialPooling,2024-05-01,32,32,-0.71248241319164,-0.6698013781155241,0.04268103507611587
1,P3PoolingLagTrend,P3PartialPooling,2024-06-01,32,32,0.3850141919201022,0.3322112423446032,0.052802949575499025
1,P3PoolingLagTrend,P3PartialPooling,2024-07-01,32,32,-0.7941701142402195,-0.777319689107776,0.016850425132443503
1,P3PoolingLagTrend,P3PartialPooling,2024-08-01,32,32,0.043547602860002005,-0.08613008597505972,-0.04258248311505772
1,P3PoolingLagTrend,P3PartialPooling,2024-09-01,32,32,-0.27013403324160484,-0.2712184119660721,-0.001084378724467261
1,P3PoolingLagTrend,P3PartialPooling,2024-10-01,32,32,-0.5383528541510518,-0.5941201685249531,-0.055767314373901256
1,P3PoolingLagTrend,P3PartialPooling,2024-11-01,32,32,-0.6481078149568225,-0.720536064367035,-0.07242824941021253
1,P3PoolingLagTrend,P3PartialPooling,2024-12-01,32,32,0.06856550713778731,-0.05133957614941209,0.017225930988375215
1,P3PoolingLagTrend,P3PartialPooling,2025-01-01,32,32,0.13419028462603355,0.11283984348561726,0.021350441140416287
1,P3PoolingLagTrend,P3PartialPooling,2025-02-01,32,32,-0.6164880357012841,-0.6016826278965112,0.014805407804772908
1,P3PoolingLagTrend,P3PartialPooling,2025-03-01,32,32,0.05059681369911284,0.012628091369071615,0.03796872233004123
1,P3PoolingLagTrend,P3PartialPooling,2025-04-01,32,32,0.05679130202671667,0.06354941952834314,-0.0067581175016264705
1,P3PoolingLagTrend,P3PartialPooling,2025-05-01,32,32,0.4803439117177456,0.5114289570539747,-0.031085045336229133
1,P3PoolingLagTrend,P3PartialPooling,2025-06-01,32,32,0.12460020157995133,0.18289182731664452,-0.05829162573669319
1,P3PoolingLagTrend,P3PartialPooling,2025-07-01,32,32,-0.11148908989516418,-0.07762470426680429,0.03386438562835989
1,P3PoolingLagTrend,P3PartialPooling,2025-08-01,32,32,0.5561673078535294,0.5192640140892884,0.03690329376424106
1,P3PoolingLagTrend,P3PartialPooling,2025-09-01,32,32,-0.9803657615091691,-0.8949237260698317,0.08544203543933737
1,P3PoolingLagTrend,P3PartialPooling,2025-10-01,32,32,0.3321189881271559,0.2479404382291912,0.0841785498979647
1,P3PoolingLagTrend,P3PartialPooling,2025-11-01,32,32,0.9194531707940248,0.9044736782428437,0.014979492551181028
1,P3PoolingLagTrend,P3PartialPooling,2025-12-01,32,32,0.349684140005325,0.38790971155523757,-0.038225571549912574
1,P3PoolingLagTrend,P3PartialPooling,2026-01-01,32,32,-0.8294130078112542,-0.7878100538947522,0.04160295391650193
1,P3PoolingLagTrend,P3PartialPooling,2026-02-01,32,32,0.16383416898484038,0.10389007113675741,0.05994409784808297
1,P3PoolingLagTrend,P3PartialPooling,2026-03-01,32,32,0.362391351038424,0.34979356163479425,0.012597789403629767
1,P3PoolingLagTrend,P3PartialPooling,2026-04-01,32,32,0.7107318554048363,0.7391297616097838,-0.02839790620494753
1,P3PoolingLagTrend,P3PartialPooling,2026-05-01,32,32,0.001342030045584433,0.08540387656007883,-0.0840618465144944
1,P3PoolingLagTrend,P3PartialPooling,2026-06-01,32,32,-0.8897193979868305,-0.8618479592906698,0.02787143869616071
1,P3PoolingLagTrend,P3PartialPooling,2026-07-01,32,32,-0.2782272426298352,-0.3545311028821108,-0.07630386025227559
1,P3PoolingLagTrend,P3PartialPooling,2026-08-01,32,32,0.08958557131490774,0.042543930921216194,0.04704164039369155
2,Ridge,Huber,2024-01-01,32,32,0.12406856945681,0.12123354405446207,0.0028350254023479238
2,Ridge,Huber,2024-02-01,32,32,0.143657643350096,-0.10651196242599781,0.0371456809240982
2,Ridge,Huber,2024-03-01,32,32,0.1123041195152723,0.27046312975562614,-0.15815901024035384
2,Ridge,Huber,2024-04-01,32,32,0.27844063671773256,0.23889915152787466,0.039541485189857895
2,Ridge,Huber,2024-05-01,32,32,-0.49151161210849637,-0.49586894153924277,-0.004357329430746404
2,Ridge,Huber,2024-06-01,32,32,0.015346541920450818,-0.09362081583405768,-0.07827427391360686
2,Ridge,Huber,2024-07-01,32,32,-1.0018139342466128,-0.7322174966392367,0.26959643760737606
2,Ridge,Huber,2024-08-01,32,32,-0.22285851280577162,-0.1637460179564414,0.05911249484933023
2,Ridge,Huber,2024-09-01,32,32,-0.20121432479955104,-0.18127398819800078,0.019940336601550257
2,Ridge,Huber,2024-10-01,32,32,-0.4734329502460497,-0.489592494902908,-0.016159544656858316
2,Ridge,Huber,2024-11-01,32,32,-1.0990772372578874,-1.062093039443809,0.03698419781407836
2,Ridge,Huber,2024-12-01,32,32,-0.2990775245643391,-0.013447246392303214,0.2856302781720359
2,Ridge,Huber,2025-01-01,32,32,0.16567000190184444,0.17349004804887613,-0.00782004614703169
2,Ridge,Huber,2025-02-01,32,32,-0.5884937052548622,-0.4855162199298917,0.10297748532497053
2,Ridge,Huber,2025-03-01,32,32,-0.2701259348715581,-0.17950802247813158,0.09061791239342654
2,Ridge,Huber,2025-04-01,32,32,0.15125234065492066,0.32357482568235696,-0.1723224850274363
2,Ridge,Huber,2025-05-01,32,32,0.5700519700101836,0.5681226301117022,0.0019293398984814303
2,Ridge,Huber,2025-06-01,32,32,0.1552308156800848,0.14439125480072335,0.010839560879361443
2,Ridge,Huber,2025-07-01,32,32,-0.33128856564621856,-0.3634504311384603,-0.03216186549224176
2,Ridge,Huber,2025-08-01,32,32,0.5389313594252343,0.6012636040496488,-0.06233224462441456
2,Ridge,Huber,2025-09-01,32,32,-0.5865487243131042,-0.590513556134681,-0.003964831821576809
2,Ridge,Huber,2025-10-01,32,32,0.059120913770769334,0.022530901022278726,0.03659001274849061
2,Ridge,Huber,2025-11-01,32,32,0.526539359730549,0.5616134896538227,-0.035074129923273745
2,Ridge,Huber,2025-12-01,32,32,0.34266830959812467,0.36968578383121553,-0.027017474233090866
2,Ridge,Huber,2026-01-01,32,32,-0.5955404842890886,-0.6040514701391544,-0.008510985850065822
2,Ridge,Huber,2026-02-01,32,32,-0.36145304578907655,-0.6557378452114477,-0.2942847994223712
2,Ridge,Huber,2026-03-01,32,32,0.15772066925065076,0.26434274197997354,-0.10662207272932278
2,Ridge,Huber,2026-04-01,32,32,0.885550586984877,0.8776357478905794,0.007914839094297577
2,Ridge,Huber,2026-05-01,32,32,0.3524366769258904,0.3350550222066886,0.017381654719201833
2,Ridge,Huber,2026-06-01,32,32,-0.898373488629332,-1.0263111695610974,-0.12793768093176539
2,Ridge,Huber,2026-07-01,32,32,-0.6212250366499461,-0.5908282247541194,0.03039681189582666
2,Ridge,Huber,2026-08-01,32,32,0.2116150911218,0.1751524935350801,0.03646259758671988
2,Ridge,SeasonalNaive,2024-01-01,32,32,0.12406856945681,0.2599999999999909,-0.1359314305431809
2,Ridge,SeasonalNaive,2024-02-01,32,32,0.143657643350096,0.21999999999999886,-0.07634235664990285
2,Ridge,SeasonalNaive,2024-03-01,32,32,0.1123041195152723,-0.14000000000000057,-0.027695880484728264
2,Ridge,SeasonalNaive,2024-04-01,32,32,0.27844063671773256,0.3400000000000034,-0.06155936328227085
2,Ridge,SeasonalNaive,2024-05-01,32,32,-0.49151161210849637,-1.1899999999999977,-0.6984883878915014
2,Ridge,SeasonalNaive,2024-06-01,32,32,0.015346541920450818,0.25,-0.23465345807954918
2,Ridge,SeasonalNaive,2024-07-01,32,32,-1.0018139342466128,-0.5699999999999932,0.4318139342466196
2,Ridge,SeasonalNaive,2024-08-01,32,32,-0.22285851280577162,-0.1599999999999966,0.06285851280577504
2,Ridge,SeasonalNaive,2024-09-01,32,32,-0.20121432479955104,1.1299999999999955,-0.9287856752004444
2,Ridge,SeasonalNaive,2024-10-01,32,32,-0.4734329502460497,-0.5600000000000023,-0.08656704975395257
2,Ridge,SeasonalNaive,2024-11-01,32,32,-1.0990772372578874,-0.7600000000000051,0.3390772372578823
2,Ridge,SeasonalNaive,2024-12-01,32,32,-0.2990775245643391,-0.6199999999999903,-0.3209224754356512
2,Ridge,SeasonalNaive,2025-01-01,32,32,0.16567000190184444,0.030000000000001137,0.1356700019018433
2,Ridge,SeasonalNaive,2025-02-01,32,32,-0.5884937052548622,-0.8100000000000023,-0.22150629474514005
2,Ridge,SeasonalNaive,2025-03-01,32,32,-0.2701259348715581,-0.28000000000000114,-0.009874065128443021
2,Ridge,SeasonalNaive,2025-04-01,32,32,0.15125234065492066,-0.15000000000000568,0.001252340654914974
2,Ridge,SeasonalNaive,2025-05-01,32,32,0.5700519700101836,1.009999999999991,-0.4399480299898073
2,Ridge,SeasonalNaive,2025-06-01,32,32,0.1552308156800848,0.22000000000001307,-0.06476918431992829
2,Ridge,SeasonalNaive,2025-07-01,32,32,-0.33128856564621856,0.7099999999999937,-0.3787114343537752
2,Ridge,SeasonalNaive,2025-08-01,32,32,0.5389313594252343,0.6599999999999966,-0.1210686405747623
2,Ridge,SeasonalNaive,2025-09-01,32,32,-0.5865487243131042,-0.37999999999999545,0.20654872431310878
2,Ridge,SeasonalNaive,2025-10-01,32,32,0.059120913770769334,0.4899999999999949,-0.43087908622922555
2,Ridge,SeasonalNaive,2025-11-01,32,32,0.526539359730549,1.3499999999999943,-0.8234606402694453
2,Ridge,SeasonalNaive,2025-12-01,32,32,0.34266830959812467,0.6199999999999903,-0.27733169040186567
2,Ridge,SeasonalNaive,2026-01-01,32,32,-0.5955404842890886,-0.7299999999999898,-0.1344595157109012
2,Ridge,SeasonalNaive,2026-02-01,32,32,-0.36145304578907655,0.2400000000000091,0.12145304578906746
2,Ridge,SeasonalNaive,2026-03-01,32,32,0.15772066925065076,0.269999999999996,-0.11227933074934526
2,Ridge,SeasonalNaive,2026-04-01,32,32,0.885550586984877,0.8100000000000023,0.07555058698487471
2,Ridge,SeasonalNaive,2026-05-01,32,32,0.3524366769258904,-0.1599999999999966,0.19243667692589383
2,Ridge,SeasonalNaive,2026-06-01,32,32,-0.898373488629332,-1.1000000000000085,-0.20162651137067655
2,Ridge,SeasonalNaive,2026-07-01,32,32,-0.6212250366499461,-0.45999999999999375,0.16122503664995236
2,Ridge,SeasonalNaive,2026-08-01,32,32,0.2116150911218,-0.6899999999999977,-0.47838490887819773
2,Ridge,GroupsFixed,2024-01-01,32,32,0.12406856945681,-0.2538493294274441,-0.1297807599706341
2,Ridge,GroupsFixed,2024-02-01,32,32,0.143657643350096,0.15107738702891016,-0.00741974367881415
2,Ridge,GroupsFixed,2024-03-01,32,32,0.1123041195152723,0.19814566088593477,-0.08584154137066247
2,Ridge,GroupsFixed,2024-04-01,32,32,0.27844063671773256,0.12525071074140515,0.1531899259763274
2,Ridge,GroupsFixed,2024-05-01,32,32,-0.49151161210849637,-0.4757704651950253,0.01574114691347106
2,Ridge,GroupsFixed,2024-06-01,32,32,0.015346541920450818,0.11976270815872408,-0.10441616623827327
2,Ridge,GroupsFixed,2024-07-01,32,32,-1.0018139342466128,-0.761641756370182,0.24017217787643075
2,Ridge,GroupsFixed,2024-08-01,32,32,-0.22285851280577162,0.1717761287672669,0.051082384038504736
2,Ridge,GroupsFixed,2024-09-01,32,32,-0.20121432479955104,-0.4391098393909475,-0.23789551459139646
2,Ridge,GroupsFixed,2024-10-01,32,32,-0.4734329502460497,-0.5633567664424337,-0.08992381619638401
2,Ridge,GroupsFixed,2024-11-01,32,32,-1.0990772372578874,-0.9372672915904041,0.1618099456674833
2,Ridge,GroupsFixed,2024-12-01,32,32,-0.2990775245643391,-0.2530849858831903,0.04599253868114883
2,Ridge,GroupsFixed,2025-01-01,32,32,0.16567000190184444,-0.13138080484995251,0.03428919705189193
2,Ridge,GroupsFixed,2025-02-01,32,32,-0.5884937052548622,-0.7186805553055987,-0.1301868500507365
2,Ridge,GroupsFixed,2025-03-01,32,32,-0.2701259348715581,-0.15819579880987256,0.11193013606168556
2,Ridge,GroupsFixed,2025-04-01,32,32,0.15125234065492066,0.028254202150180707,0.12299813850473995
2,Ridge,GroupsFixed,2025-05-01,32,32,0.5700519700101836,0.521224761476487,0.0488272085336966
2,Ridge,GroupsFixed,2025-06-01,32,32,0.1552308156800848,0.3943614844111454,-0.2391306687310606
2,Ridge,GroupsFixed,2025-07-01,32,32,-0.33128856564621856,-0.08232687311682568,0.24896169252939288
2,Ridge,GroupsFixed,2025-08-01,32,32,0.5389313594252343,0.8982914449825128,-0.3593600855572785
2,Ridge,GroupsFixed,2025-09-01,32,32,-0.5865487243131042,-0.6595031616347746,-0.0729544373216704
2,Ridge,GroupsFixed,2025-10-01,32,32,0.059120913770769334,-0.010303090966192086,0.04881782280457725
2,Ridge,GroupsFixed,2025-11-01,32,32,0.526539359730549,0.5219376606149245,0.004601699115624469
2,Ridge,GroupsFixed,2025-12-01,32,32,0.34266830959812467,0.5067673894689295,-0.16409907987080485
2,Ridge,GroupsFixed,2026-01-01,32,32,-0.5955404842890886,-0.7653281778195927,-0.16978769353050416
2,Ridge,GroupsFixed,2026-02-01,32,32,-0.36145304578907655,-0.34531256238740426,0.01614048340167229
2,Ridge,GroupsFixed,2026-03-01,32,32,0.15772066925065076,0.21987943208061833,-0.06215876282996757
2,Ridge,GroupsFixed,2026-04-01,32,32,0.885550586984877,0.8016889834288704,0.08386160355600658
2,Ridge,GroupsFixed,2026-05-01,32,32,0.3524366769258904,0.27233879258928767,0.08009788433660275
2,Ridge,GroupsFixed,2026-06-01,32,32,-0.898373488629332,-0.7283711289446042,0.17000235968472777
2,Ridge,GroupsFixed,2026-07-01,32,32,-0.6212250366499461,-0.4943559375918192,0.12686909905812693
2,Ridge,GroupsFixed,2026-08-01,32,32,0.2116150911218,0.012057123840142348,0.19955796728165764
2,Ridge,P3IndependentRidge,2024-01-01,32,32,0.12406856945681,-0.05859997387712801,0.06546859557968199
2,Ridge,P3IndependentRidge,2024-02-01,32,32,0.143657643350096,0.29283725198834765,-0.14917960863825164
2,Ridge,P3IndependentRidge,2024-03-01,32,32,0.1123041195152723,0.2435328639474852,-0.13122874443221288
2,Ridge,P3IndependentRidge,2024-04-01,32,32,0.27844063671773256,0.20158497163442568,0.07685566508330688
2,Ridge,P3IndependentRidge,2024-05-01,32,32,-0.49151161210849637,-0.5955406132426746,-0.10402900113417823
2,Ridge,P3IndependentRidge,2024-06-01,32,32,0.015346541920450818,0.1918658804910453,-0.1765193385705945
2,Ridge,P3IndependentRidge,2024-07-01,32,32,-1.0018139342466128,-0.6932096965425065,0.3086042377041063
2,Ridge,P3IndependentRidge,2024-08-01,32,32,-0.22285851280577162,-0.0009226442446952365,0.2219358685610764
2,Ridge,P3IndependentRidge,2024-09-01,32,32,-0.20121432479955104,-0.2598524267017231,-0.05863810190217206
2,Ridge,P3IndependentRidge,2024-10-01,32,32,-0.4734329502460497,-0.5821335117497852,-0.10870056150373553
2,Ridge,P3IndependentRidge,2024-11-01,32,32,-1.0990772372578874,-0.8495207480845599,0.2495564891733275
2,Ridge,P3IndependentRidge,2024-12-01,32,32,-0.2990775245643391,-0.2339049240656863,0.06517260049865281
2,Ridge,P3IndependentRidge,2025-01-01,32,32,0.16567000190184444,-0.048593549435844596,0.11707645246599985
2,Ridge,P3IndependentRidge,2025-02-01,32,32,-0.5884937052548622,-0.6732457678199957,-0.08475206256513346
2,Ridge,P3IndependentRidge,2025-03-01,32,32,-0.2701259348715581,-0.14044515142849234,0.12968078344306577
2,Ridge,P3IndependentRidge,2025-04-01,32,32,0.15125234065492066,0.09941677009824179,0.05183557055667887
2,Ridge,P3IndependentRidge,2025-05-01,32,32,0.5700519700101836,0.5555730046733167,0.014478965336866878
2,Ridge,P3IndependentRidge,2025-06-01,32,32,0.1552308156800848,0.38199446451577557,-0.22676364883569078
2,Ridge,P3IndependentRidge,2025-07-01,32,32,-0.33128856564621856,-0.033229062135938126,0.29805950351028043
2,Ridge,P3IndependentRidge,2025-08-01,32,32,0.5389313594252343,0.8253967788837773,-0.286465419458543
2,Ridge,P3IndependentRidge,2025-09-01,32,32,-0.5865487243131042,-0.7044454440950907,-0.11789671978198646
2,Ridge,P3IndependentRidge,2025-10-01,32,32,0.059120913770769334,-0.009093851240889572,0.05002706252987976
2,Ridge,P3IndependentRidge,2025-11-01,32,32,0.526539359730549,0.7425039204149847,-0.2159645606844357
2,Ridge,P3IndependentRidge,2025-12-01,32,32,0.34266830959812467,0.47471834279159275,-0.13205003319346809
2,Ridge,P3IndependentRidge,2026-01-01,32,32,-0.5955404842890886,-0.7662050600729882,-0.1706645757838996
2,Ridge,P3IndependentRidge,2026-02-01,32,32,-0.36145304578907655,-0.19262999863174535,0.1688230471573312
2,Ridge,P3IndependentRidge,2026-03-01,32,32,0.15772066925065076,0.2993582456248528,-0.14163757637420205
2,Ridge,P3IndependentRidge,2026-04-01,32,32,0.885550586984877,0.8068622449007181,0.07868834208415887
2,Ridge,P3IndependentRidge,2026-05-01,32,32,0.3524366769258904,0.24327359088301043,0.10916308604288
2,Ridge,P3IndependentRidge,2026-06-01,32,32,-0.898373488629332,-0.7654374918361397,0.13293599679319223
2,Ridge,P3IndependentRidge,2026-07-01,32,32,-0.6212250366499461,-0.43259662139152544,0.18862841525842067
2,Ridge,P3IndependentRidge,2026-08-01,32,32,0.2116150911218,-0.07336019539290117,0.13825489572889882
2,Ridge,P3PartialPooling,2024-01-01,32,32,0.12406856945681,0.02111664897412391,0.10295192048268609
2,Ridge,P3PartialPooling,2024-02-01,32,32,0.143657643350096,0.3846543221993526,-0.24099667884925657
2,Ridge,P3PartialPooling,2024-03-01,32,32,0.1123041195152723,0.296696659511265,-0.1843925399959927
2,Ridge,P3PartialPooling,2024-04-01,32,32,0.27844063671773256,0.2555388522637775,0.022901784453955076
2,Ridge,P3PartialPooling,2024-05-01,32,32,-0.49151161210849637,-0.600100754068874,-0.10858914196037761
2,Ridge,P3PartialPooling,2024-06-01,32,32,0.015346541920450818,0.12484504986076195,-0.10949850794031113
2,Ridge,P3PartialPooling,2024-07-01,32,32,-1.0018139342466128,-0.7386881829868848,0.26312575125972804
2,Ridge,P3PartialPooling,2024-08-01,32,32,-0.22285851280577162,-0.10286245754332202,0.11999605526244961
2,Ridge,P3PartialPooling,2024-09-01,32,32,-0.20121432479955104,-0.28465596674048793,-0.0834416419409369
2,Ridge,P3PartialPooling,2024-10-01,32,32,-0.4734329502460497,-0.645461451368974,-0.17202850112292434
2,Ridge,P3PartialPooling,2024-11-01,32,32,-1.0990772372578874,-0.8654699644549023,0.2336072728029851
2,Ridge,P3PartialPooling,2024-12-01,32,32,-0.2990775245643391,-0.219002436426445,0.0800750881378941
2,Ridge,P3PartialPooling,2025-01-01,32,32,0.16567000190184444,0.057065492362080916,0.10860450953976353
2,Ridge,P3PartialPooling,2025-02-01,32,32,-0.5884937052548622,-0.571433127026683,0.01706057822817919
2,Ridge,P3PartialPooling,2025-03-01,32,32,-0.2701259348715581,-0.08262189054837266,0.18750404432318546
2,Ridge,P3PartialPooling,2025-04-01,32,32,0.15125234065492066,0.09736125613225544,0.05389108452266522
2,Ridge,P3PartialPooling,2025-05-01,32,32,0.5700519700101836,0.5537877507810816,0.01626421922910204
2,Ridge,P3PartialPooling,2025-06-01,32,32,0.1552308156800848,0.2868247750851876,-0.13159395940510282
2,Ridge,P3PartialPooling,2025-07-01,32,32,-0.33128856564621856,-0.011877336229191737,0.3194112294170268
2,Ridge,P3PartialPooling,2025-08-01,32,32,0.5389313594252343,0.7088889046681386,-0.1699575452429043
2,Ridge,P3PartialPooling,2025-09-01,32,32,-0.5865487243131042,-0.7679062141355222,-0.18135748982241795
2,Ridge,P3PartialPooling,2025-10-01,32,32,0.059120913770769334,-0.02891425912614687,0.030206654644622466
2,Ridge,P3PartialPooling,2025-11-01,32,32,0.526539359730549,0.9192290014141409,-0.3926896416835919
2,Ridge,P3PartialPooling,2025-12-01,32,32,0.34266830959812467,0.5895895868412628,-0.24692127724313817
2,Ridge,P3PartialPooling,2026-01-01,32,32,-0.5955404842890886,-0.6584435459879333,-0.06290306169884474
2,Ridge,P3PartialPooling,2026-02-01,32,32,-0.36145304578907655,-0.052120478216561184,0.30933256757251537
2,Ridge,P3PartialPooling,2026-03-01,32,32,0.15772066925065076,0.38883281943439385,-0.2311121501837431
2,Ridge,P3PartialPooling,2026-04-01,32,32,0.885550586984877,0.8196158934643396,0.06593469352053738
2,Ridge,P3PartialPooling,2026-05-01,32,32,0.3524366769258904,0.2069852250160346,0.1454514519098558
2,Ridge,P3PartialPooling,2026-06-01,32,32,-0.898373488629332,-0.8775280706468093,0.020845417982522707
2,Ridge,P3PartialPooling,2026-07-01,32,32,-0.6212250366499461,-0.5038043620002763,0.11742067464966977
2,Ridge,P3PartialPooling,2026-08-01,32,32,0.2116150911218,-0.2071484836024689,0.0044666075193310895
2,Ridge,P3PoolingLagTrend,2024-01-01,32,32,0.12406856945681,0.01980421575883118,0.10426435369797882
2,Ridge,P3PoolingLagTrend,2024-02-01,32,32,0.143657643350096,0.3718669192323394,-0.22820927588224338
2,Ridge,P3PoolingLagTrend,2024-03-01,32,32,0.1123041195152723,0.29685085023592206,-0.18454673072064975
2,Ridge,P3PoolingLagTrend,2024-04-01,32,32,0.27844063671773256,0.2215452189263708,0.05689541779136176
2,Ridge,P3PoolingLagTrend,2024-05-01,32,32,-0.49151161210849637,-0.6150767142394968,-0.12356510213100047
2,Ridge,P3PoolingLagTrend,2024-06-01,32,32,0.015346541920450818,0.08931306958788893,-0.07396652766743811
2,Ridge,P3PoolingLagTrend,2024-07-01,32,32,-1.0018139342466128,-0.6933000480411102,0.3085138862055026
2,Ridge,P3PoolingLagTrend,2024-08-01,32,32,-0.22285851280577162,-0.08340677435685018,0.13945173844892145
2,Ridge,P3PoolingLagTrend,2024-09-01,32,32,-0.20121432479955104,-0.2610059043625933,-0.05979157956304226
2,Ridge,P3PoolingLagTrend,2024-10-01,32,32,-0.4734329502460497,-0.6252907755867708,-0.15185782534072112
2,Ridge,P3PoolingLagTrend,2024-11-01,32,32,-1.0990772372578874,-0.8447113623017392,0.25436587495614826
2,Ridge,P3PoolingLagTrend,2024-12-01,32,32,-0.2990775245643391,-0.17563092360240118,0.12344660096193794
2,Ridge,P3PoolingLagTrend,2025-01-01,32,32,0.16567000190184444,0.1000374545978473,0.06563254730399715
2,Ridge,P3PoolingLagTrend,2025-02-01,32,32,-0.5884937052548622,-0.5619068923548592,0.026586812900002976
2,Ridge,P3PoolingLagTrend,2025-03-01,32,32,-0.2701259348715581,-0.11623638871412978,0.15388954615742834
2,Ridge,P3PoolingLagTrend,2025-04-01,32,32,0.15125234065492066,0.098163150208878,0.053089190446042656
2,Ridge,P3PoolingLagTrend,2025-05-01,32,32,0.5700519700101836,0.5389461884092049,0.031105781600978655
2,Ridge,P3PoolingLagTrend,2025-06-01,32,32,0.1552308156800848,0.2788223197953709,-0.12359150411528613
2,Ridge,P3PoolingLagTrend,2025-07-01,32,32,-0.33128856564621856,-0.033640475939627434,0.2976480897065911
2,Ridge,P3PoolingLagTrend,2025-08-01,32,32,0.5389313594252343,0.7220289165878697,-0.18309755716263543
2,Ridge,P3PoolingLagTrend,2025-09-01,32,32,-0.5865487243131042,-0.7737027214957292,-0.18715399718262493
2,Ridge,P3PoolingLagTrend,2025-10-01,32,32,0.059120913770769334,-0.06294251728782391,-0.0038216035170545726
2,Ridge,P3PoolingLagTrend,2025-11-01,32,32,0.526539359730549,0.9752618477375063,-0.44872248800695735
2,Ridge,P3PoolingLagTrend,2025-12-01,32,32,0.34266830959812467,0.6289313527578593,-0.2862630431597346
2,Ridge,P3PoolingLagTrend,2026-01-01,32,32,-0.5955404842890886,-0.6789432469273106,-0.083402762638222
2,Ridge,P3PoolingLagTrend,2026-02-01,32,32,-0.36145304578907655,-0.07347097589886142,0.28798206989021513
2,Ridge,P3PoolingLagTrend,2026-03-01,32,32,0.15772066925065076,0.4260652446879811,-0.26834457543733037
2,Ridge,P3PoolingLagTrend,2026-04-01,32,32,0.885550586984877,0.8265570699363979,0.058993517048479105
2,Ridge,P3PoolingLagTrend,2026-05-01,32,32,0.3524366769258904,0.18293274661247982,0.1695039303134106
2,Ridge,P3PoolingLagTrend,2026-06-01,32,32,-0.898373488629332,-0.9221604335161733,-0.0237869448868413
2,Ridge,P3PoolingLagTrend,2026-07-01,32,32,-0.6212250366499461,-0.5130176186415523,0.10820741800839384
2,Ridge,P3PoolingLagTrend,2026-08-01,32,32,0.2116150911218,-0.156906268565068,0.054708822556731984
2,Huber,Ridge,2024-01-01,32,32,0.12123354405446207,0.12406856945681,-0.0028350254023479238
2,Huber,Ridge,2024-02-01,32,32,-0.10651196242599781,0.143657643350096,-0.0371456809240982
2,Huber,Ridge,2024-03-01,32,32,0.27046312975562614,0.1123041195152723,0.15815901024035384
2,Huber,Ridge,2024-04-01,32,32,0.23889915152787466,0.27844063671773256,-0.039541485189857895
2,Huber,Ridge,2024-05-01,32,32,-0.49586894153924277,-0.49151161210849637,0.004357329430746404
2,Huber,Ridge,2024-06-01,32,32,-0.09362081583405768,0.015346541920450818,0.07827427391360686
2,Huber,Ridge,2024-07-01,32,32,-0.7322174966392367,-1.0018139342466128,-0.26959643760737606
2,Huber,Ridge,2024-08-01,32,32,-0.1637460179564414,-0.22285851280577162,-0.05911249484933023
2,Huber,Ridge,2024-09-01,32,32,-0.18127398819800078,-0.20121432479955104,-0.019940336601550257
2,Huber,Ridge,2024-10-01,32,32,-0.489592494902908,-0.4734329502460497,0.016159544656858316
2,Huber,Ridge,2024-11-01,32,32,-1.062093039443809,-1.0990772372578874,-0.03698419781407836
2,Huber,Ridge,2024-12-01,32,32,-0.013447246392303214,-0.2990775245643391,-0.2856302781720359
2,Huber,Ridge,2025-01-01,32,32,0.17349004804887613,0.16567000190184444,0.00782004614703169
2,Huber,Ridge,2025-02-01,32,32,-0.4855162199298917,-0.5884937052548622,-0.10297748532497053
2,Huber,Ridge,2025-03-01,32,32,-0.17950802247813158,-0.2701259348715581,-0.09061791239342654
2,Huber,Ridge,2025-04-01,32,32,0.32357482568235696,0.15125234065492066,0.1723224850274363
2,Huber,Ridge,2025-05-01,32,32,0.5681226301117022,0.5700519700101836,-0.0019293398984814303
2,Huber,Ridge,2025-06-01,32,32,0.14439125480072335,0.1552308156800848,-0.010839560879361443
2,Huber,Ridge,2025-07-01,32,32,-0.3634504311384603,-0.33128856564621856,0.03216186549224176
2,Huber,Ridge,2025-08-01,32,32,0.6012636040496488,0.5389313594252343,0.06233224462441456
2,Huber,Ridge,2025-09-01,32,32,-0.590513556134681,-0.5865487243131042,0.003964831821576809
2,Huber,Ridge,2025-10-01,32,32,0.022530901022278726,0.059120913770769334,-0.03659001274849061
2,Huber,Ridge,2025-11-01,32,32,0.5616134896538227,0.526539359730549,0.035074129923273745
2,Huber,Ridge,2025-12-01,32,32,0.36968578383121553,0.34266830959812467,0.027017474233090866
2,Huber,Ridge,2026-01-01,32,32,-0.6040514701391544,-0.5955404842890886,0.008510985850065822
2,Huber,Ridge,2026-02-01,32,32,-0.6557378452114477,-0.36145304578907655,0.2942847994223712
2,Huber,Ridge,2026-03-01,32,32,0.26434274197997354,0.15772066925065076,0.10662207272932278
2,Huber,Ridge,2026-04-01,32,32,0.8776357478905794,0.885550586984877,-0.007914839094297577
2,Huber,Ridge,2026-05-01,32,32,0.3350550222066886,0.3524366769258904,-0.017381654719201833
2,Huber,Ridge,2026-06-01,32,32,-1.0263111695610974,-0.898373488629332,0.12793768093176539
2,Huber,Ridge,2026-07-01,32,32,-0.5908282247541194,-0.6212250366499461,-0.03039681189582666
2,Huber,Ridge,2026-08-01,32,32,0.1751524935350801,0.2116150911218,-0.03646259758671988
2,Huber,SeasonalNaive,2024-01-01,32,32,0.12123354405446207,0.2599999999999909,-0.13876645594552883
2,Huber,SeasonalNaive,2024-02-01,32,32,-0.10651196242599781,0.21999999999999886,-0.11348803757400105
2,Huber,SeasonalNaive,2024-03-01,32,32,0.27046312975562614,-0.14000000000000057,0.13046312975562557
2,Huber,SeasonalNaive,2024-04-01,32,32,0.23889915152787466,0.3400000000000034,-0.10110084847212875
2,Huber,SeasonalNaive,2024-05-01,32,32,-0.49586894153924277,-1.1899999999999977,-0.694131058460755
2,Huber,SeasonalNaive,2024-06-01,32,32,-0.09362081583405768,0.25,-0.15637918416594232
2,Huber,SeasonalNaive,2024-07-01,32,32,-0.7322174966392367,-0.5699999999999932,0.16221749663924356
2,Huber,SeasonalNaive,2024-08-01,32,32,-0.1637460179564414,-0.1599999999999966,0.0037460179564448026
2,Huber,SeasonalNaive,2024-09-01,32,32,-0.18127398819800078,1.1299999999999955,-0.9487260118019947
2,Huber,SeasonalNaive,2024-10-01,32,32,-0.489592494902908,-0.5600000000000023,-0.07040750509709426
2,Huber,SeasonalNaive,2024-11-01,32,32,-1.062093039443809,-0.7600000000000051,0.30209303944380395
2,Huber,SeasonalNaive,2024-12-01,32,32,-0.013447246392303214,-0.6199999999999903,-0.6065527536076871
2,Huber,SeasonalNaive,2025-01-01,32,32,0.17349004804887613,0.030000000000001137,0.143490048048875
2,Huber,SeasonalNaive,2025-02-01,32,32,-0.4855162199298917,-0.8100000000000023,-0.3244837800701106
2,Huber,SeasonalNaive,2025-03-01,32,32,-0.17950802247813158,-0.28000000000000114,-0.10049197752186956
2,Huber,SeasonalNaive,2025-04-01,32,32,0.32357482568235696,-0.15000000000000568,0.17357482568235127
2,Huber,SeasonalNaive,2025-05-01,32,32,0.5681226301117022,1.009999999999991,-0.44187736988828874
2,Huber,SeasonalNaive,2025-06-01,32,32,0.14439125480072335,0.22000000000001307,-0.07560874519928973
2,Huber,SeasonalNaive,2025-07-01,32,32,-0.3634504311384603,0.7099999999999937,-0.34654956886153343
2,Huber,SeasonalNaive,2025-08-01,32,32,0.6012636040496488,0.6599999999999966,-0.05873639595034774
2,Huber,SeasonalNaive,2025-09-01,32,32,-0.590513556134681,-0.37999999999999545,0.2105135561346856
2,Huber,SeasonalNaive,2025-10-01,32,32,0.022530901022278726,0.4899999999999949,-0.46746909897771616
2,Huber,SeasonalNaive,2025-11-01,32,32,0.5616134896538227,1.3499999999999943,-0.7883865103461716
2,Huber,SeasonalNaive,2025-12-01,32,32,0.36968578383121553,0.6199999999999903,-0.2503142161687748
2,Huber,SeasonalNaive,2026-01-01,32,32,-0.6040514701391544,-0.7299999999999898,-0.12594852986083538
2,Huber,SeasonalNaive,2026-02-01,32,32,-0.6557378452114477,0.2400000000000091,0.41573784521143864
2,Huber,SeasonalNaive,2026-03-01,32,32,0.26434274197997354,0.269999999999996,-0.005657258020022482
2,Huber,SeasonalNaive,2026-04-01,32,32,0.8776357478905794,0.8100000000000023,0.06763574789057714
2,Huber,SeasonalNaive,2026-05-01,32,32,0.3350550222066886,-0.1599999999999966,0.175055022206692
2,Huber,SeasonalNaive,2026-06-01,32,32,-1.0263111695610974,-1.1000000000000085,-0.07368883043891117
2,Huber,SeasonalNaive,2026-07-01,32,32,-0.5908282247541194,-0.45999999999999375,0.1308282247541257
2,Huber,SeasonalNaive,2026-08-01,32,32,0.1751524935350801,-0.6899999999999977,-0.5148475064649176
2,Huber,GroupsFixed,2024-01-01,32,32,0.12123354405446207,-0.2538493294274441,-0.13261578537298202
2,Huber,GroupsFixed,2024-02-01,32,32,-0.10651196242599781,0.15107738702891016,-0.04456542460291235
2,Huber,GroupsFixed,2024-03-01,32,32,0.27046312975562614,0.19814566088593477,0.07231746886969137
2,Huber,GroupsFixed,2024-04-01,32,32,0.23889915152787466,0.12525071074140515,0.11364844078646952
2,Huber,GroupsFixed,2024-05-01,32,32,-0.49586894153924277,-0.4757704651950253,0.020098476344217464
2,Huber,GroupsFixed,2024-06-01,32,32,-0.09362081583405768,0.11976270815872408,-0.026141892324666405
2,Huber,GroupsFixed,2024-07-01,32,32,-0.7322174966392367,-0.761641756370182,-0.029424259730945312
2,Huber,GroupsFixed,2024-08-01,32,32,-0.1637460179564414,0.1717761287672669,-0.008030110810825497
2,Huber,GroupsFixed,2024-09-01,32,32,-0.18127398819800078,-0.4391098393909475,-0.2578358511929467
2,Huber,GroupsFixed,2024-10-01,32,32,-0.489592494902908,-0.5633567664424337,-0.0737642715395257
2,Huber,GroupsFixed,2024-11-01,32,32,-1.062093039443809,-0.9372672915904041,0.12482574785340494
2,Huber,GroupsFixed,2024-12-01,32,32,-0.013447246392303214,-0.2530849858831903,-0.23963773949088707
2,Huber,GroupsFixed,2025-01-01,32,32,0.17349004804887613,-0.13138080484995251,0.04210924319892362
2,Huber,GroupsFixed,2025-02-01,32,32,-0.4855162199298917,-0.7186805553055987,-0.23316433537570702
2,Huber,GroupsFixed,2025-03-01,32,32,-0.17950802247813158,-0.15819579880987256,0.021312223668259023
2,Huber,GroupsFixed,2025-04-01,32,32,0.32357482568235696,0.028254202150180707,0.29532062353217625
2,Huber,GroupsFixed,2025-05-01,32,32,0.5681226301117022,0.521224761476487,0.04689786863521517
2,Huber,GroupsFixed,2025-06-01,32,32,0.14439125480072335,0.3943614844111454,-0.24997022961042203
2,Huber,GroupsFixed,2025-07-01,32,32,-0.3634504311384603,-0.08232687311682568,0.28112355802163463
2,Huber,GroupsFixed,2025-08-01,32,32,0.6012636040496488,0.8982914449825128,-0.29702784093286394
2,Huber,GroupsFixed,2025-09-01,32,32,-0.590513556134681,-0.6595031616347746,-0.06898960550009359
2,Huber,GroupsFixed,2025-10-01,32,32,0.022530901022278726,-0.010303090966192086,0.012227810056086641
2,Huber,GroupsFixed,2025-11-01,32,32,0.5616134896538227,0.5219376606149245,0.039675829038898214
2,Huber,GroupsFixed,2025-12-01,32,32,0.36968578383121553,0.5067673894689295,-0.137081605637714
2,Huber,GroupsFixed,2026-01-01,32,32,-0.6040514701391544,-0.7653281778195927,-0.16127670768043834
2,Huber,GroupsFixed,2026-02-01,32,32,-0.6557378452114477,-0.34531256238740426,0.31042528282404347
2,Huber,GroupsFixed,2026-03-01,32,32,0.26434274197997354,0.21987943208061833,0.04446330989935521
2,Huber,GroupsFixed,2026-04-01,32,32,0.8776357478905794,0.8016889834288704,0.075946764461709
2,Huber,GroupsFixed,2026-05-01,32,32,0.3350550222066886,0.27233879258928767,0.06271622961740092
2,Huber,GroupsFixed,2026-06-01,32,32,-1.0263111695610974,-0.7283711289446042,0.29794004061649315
2,Huber,GroupsFixed,2026-07-01,32,32,-0.5908282247541194,-0.4943559375918192,0.09647228716230027
2,Huber,GroupsFixed,2026-08-01,32,32,0.1751524935350801,0.012057123840142348,0.16309536969493776
2,Huber,P3IndependentRidge,2024-01-01,32,32,0.12123354405446207,-0.05859997387712801,0.06263357017733406
2,Huber,P3IndependentRidge,2024-02-01,32,32,-0.10651196242599781,0.29283725198834765,-0.18632528956234984
2,Huber,P3IndependentRidge,2024-03-01,32,32,0.27046312975562614,0.2435328639474852,0.026930265808140952
2,Huber,P3IndependentRidge,2024-04-01,32,32,0.23889915152787466,0.20158497163442568,0.037314179893448984
2,Huber,P3IndependentRidge,2024-05-01,32,32,-0.49586894153924277,-0.5955406132426746,-0.09967167170343183
2,Huber,P3IndependentRidge,2024-06-01,32,32,-0.09362081583405768,0.1918658804910453,-0.09824506465698762
2,Huber,P3IndependentRidge,2024-07-01,32,32,-0.7322174966392367,-0.6932096965425065,0.039007800096730216
2,Huber,P3IndependentRidge,2024-08-01,32,32,-0.1637460179564414,-0.0009226442446952365,0.16282337371174616
2,Huber,P3IndependentRidge,2024-09-01,32,32,-0.18127398819800078,-0.2598524267017231,-0.07857843850372231
2,Huber,P3IndependentRidge,2024-10-01,32,32,-0.489592494902908,-0.5821335117497852,-0.09254101684687721
2,Huber,P3IndependentRidge,2024-11-01,32,32,-1.062093039443809,-0.8495207480845599,0.21257229135924915
2,Huber,P3IndependentRidge,2024-12-01,32,32,-0.013447246392303214,-0.2339049240656863,-0.2204576776733831
2,Huber,P3IndependentRidge,2025-01-01,32,32,0.17349004804887613,-0.048593549435844596,0.12489649861303154
2,Huber,P3IndependentRidge,2025-02-01,32,32,-0.4855162199298917,-0.6732457678199957,-0.187729547890104
2,Huber,P3IndependentRidge,2025-03-01,32,32,-0.17950802247813158,-0.14044515142849234,0.039062871049639236
2,Huber,P3IndependentRidge,2025-04-01,32,32,0.32357482568235696,0.09941677009824179,0.22415805558411517
2,Huber,P3IndependentRidge,2025-05-01,32,32,0.5681226301117022,0.5555730046733167,0.012549625438385448
2,Huber,P3IndependentRidge,2025-06-01,32,32,0.14439125480072335,0.38199446451577557,-0.23760320971505222
2,Huber,P3IndependentRidge,2025-07-01,32,32,-0.3634504311384603,-0.033229062135938126,0.3302213690025222
2,Huber,P3IndependentRidge,2025-08-01,32,32,0.6012636040496488,0.8253967788837773,-0.22413317483412842
2,Huber,P3IndependentRidge,2025-09-01,32,32,-0.590513556134681,-0.7044454440950907,-0.11393188796040965
2,Huber,P3IndependentRidge,2025-10-01,32,32,0.022530901022278726,-0.009093851240889572,0.013437049781389154
2,Huber,P3IndependentRidge,2025-11-01,32,32,0.5616134896538227,0.7425039204149847,-0.18089043076116196
2,Huber,P3IndependentRidge,2025-12-01,32,32,0.36968578383121553,0.47471834279159275,-0.10503255896037722
2,Huber,P3IndependentRidge,2026-01-01,32,32,-0.6040514701391544,-0.7662050600729882,-0.16215358993383377
2,Huber,P3IndependentRidge,2026-02-01,32,32,-0.6557378452114477,-0.19262999863174535,0.4631078465797024
2,Huber,P3IndependentRidge,2026-03-01,32,32,0.26434274197997354,0.2993582456248528,-0.035015503644879264
2,Huber,P3IndependentRidge,2026-04-01,32,32,0.8776357478905794,0.8068622449007181,0.07077350298986129
2,Huber,P3IndependentRidge,2026-05-01,32,32,0.3350550222066886,0.24327359088301043,0.09178143132367816
2,Huber,P3IndependentRidge,2026-06-01,32,32,-1.0263111695610974,-0.7654374918361397,0.2608736777249576
2,Huber,P3IndependentRidge,2026-07-01,32,32,-0.5908282247541194,-0.43259662139152544,0.158231603362594
2,Huber,P3IndependentRidge,2026-08-01,32,32,0.1751524935350801,-0.07336019539290117,0.10179229814217894
2,Huber,P3PartialPooling,2024-01-01,32,32,0.12123354405446207,0.02111664897412391,0.10011689508033816
2,Huber,P3PartialPooling,2024-02-01,32,32,-0.10651196242599781,0.3846543221993526,-0.2781423597733548
2,Huber,P3PartialPooling,2024-03-01,32,32,0.27046312975562614,0.296696659511265,-0.026233529755638862
2,Huber,P3PartialPooling,2024-04-01,32,32,0.23889915152787466,0.2555388522637775,-0.016639700735902818
2,Huber,P3PartialPooling,2024-05-01,32,32,-0.49586894153924277,-0.600100754068874,-0.10423181252963121
2,Huber,P3PartialPooling,2024-06-01,32,32,-0.09362081583405768,0.12484504986076195,-0.031224234026704267
2,Huber,P3PartialPooling,2024-07-01,32,32,-0.7322174966392367,-0.7386881829868848,-0.006470686347648025
2,Huber,P3PartialPooling,2024-08-01,32,32,-0.1637460179564414,-0.10286245754332202,0.060883560413119375
2,Huber,P3PartialPooling,2024-09-01,32,32,-0.18127398819800078,-0.28465596674048793,-0.10338197854248715
2,Huber,P3PartialPooling,2024-10-01,32,32,-0.489592494902908,-0.645461451368974,-0.15586895646606602
2,Huber,P3PartialPooling,2024-11-01,32,32,-1.062093039443809,-0.8654699644549023,0.19662307498890674
2,Huber,P3PartialPooling,2024-12-01,32,32,-0.013447246392303214,-0.219002436426445,-0.2055551900341418
2,Huber,P3PartialPooling,2025-01-01,32,32,0.17349004804887613,0.057065492362080916,0.11642455568679522
2,Huber,P3PartialPooling,2025-02-01,32,32,-0.4855162199298917,-0.571433127026683,-0.08591690709679134
2,Huber,P3PartialPooling,2025-03-01,32,32,-0.17950802247813158,-0.08262189054837266,0.09688613192975892
2,Huber,P3PartialPooling,2025-04-01,32,32,0.32357482568235696,0.09736125613225544,0.22621356955010152
2,Huber,P3PartialPooling,2025-05-01,32,32,0.5681226301117022,0.5537877507810816,0.014334879330620609
2,Huber,P3PartialPooling,2025-06-01,32,32,0.14439125480072335,0.2868247750851876,-0.14243352028446427
2,Huber,P3PartialPooling,2025-07-01,32,32,-0.3634504311384603,-0.011877336229191737,0.3515730949092686
2,Huber,P3PartialPooling,2025-08-01,32,32,0.6012636040496488,0.7088889046681386,-0.10762530061848974
2,Huber,P3PartialPooling,2025-09-01,32,32,-0.590513556134681,-0.7679062141355222,-0.17739265800084114
2,Huber,P3PartialPooling,2025-10-01,32,32,0.022530901022278726,-0.02891425912614687,-0.006383358103868142
2,Huber,P3PartialPooling,2025-11-01,32,32,0.5616134896538227,0.9192290014141409,-0.35761551176031814
2,Huber,P3PartialPooling,2025-12-01,32,32,0.36968578383121553,0.5895895868412628,-0.2199038030100473
2,Huber,P3PartialPooling,2026-01-01,32,32,-0.6040514701391544,-0.6584435459879333,-0.05439207584877892
2,Huber,P3PartialPooling,2026-02-01,32,32,-0.6557378452114477,-0.052120478216561184,0.6036173669948866
2,Huber,P3PartialPooling,2026-03-01,32,32,0.26434274197997354,0.38883281943439385,-0.12449007745442031
2,Huber,P3PartialPooling,2026-04-01,32,32,0.8776357478905794,0.8196158934643396,0.0580198544262398
2,Huber,P3PartialPooling,2026-05-01,32,32,0.3350550222066886,0.2069852250160346,0.12806979719065398
2,Huber,P3PartialPooling,2026-06-01,32,32,-1.0263111695610974,-0.8775280706468093,0.1487830989142881
2,Huber,P3PartialPooling,2026-07-01,32,32,-0.5908282247541194,-0.5038043620002763,0.0870238627538431
2,Huber,P3PartialPooling,2026-08-01,32,32,0.1751524935350801,-0.2071484836024689,-0.03199599006738879
2,Huber,P3PoolingLagTrend,2024-01-01,32,32,0.12123354405446207,0.01980421575883118,0.1014293282956309
2,Huber,P3PoolingLagTrend,2024-02-01,32,32,-0.10651196242599781,0.3718669192323394,-0.2653549568063416
2,Huber,P3PoolingLagTrend,2024-03-01,32,32,0.27046312975562614,0.29685085023592206,-0.026387720480295918
2,Huber,P3PoolingLagTrend,2024-04-01,32,32,0.23889915152787466,0.2215452189263708,0.017353932601503863
2,Huber,P3PoolingLagTrend,2024-05-01,32,32,-0.49586894153924277,-0.6150767142394968,-0.11920777270025407
2,Huber,P3PoolingLagTrend,2024-06-01,32,32,-0.09362081583405768,0.08931306958788893,0.004307746246168753
2,Huber,P3PoolingLagTrend,2024-07-01,32,32,-0.7322174966392367,-0.6933000480411102,0.038917448598126514
2,Huber,P3PoolingLagTrend,2024-08-01,32,32,-0.1637460179564414,-0.08340677435685018,0.08033924359959121
2,Huber,P3PoolingLagTrend,2024-09-01,32,32,-0.18127398819800078,-0.2610059043625933,-0.07973191616459252
2,Huber,P3PoolingLagTrend,2024-10-01,32,32,-0.489592494902908,-0.6252907755867708,-0.1356982806838628
2,Huber,P3PoolingLagTrend,2024-11-01,32,32,-1.062093039443809,-0.8447113623017392,0.2173816771420699
2,Huber,P3PoolingLagTrend,2024-12-01,32,32,-0.013447246392303214,-0.17563092360240118,-0.16218367721009797
2,Huber,P3PoolingLagTrend,2025-01-01,32,32,0.17349004804887613,0.1000374545978473,0.07345259345102884
2,Huber,P3PoolingLagTrend,2025-02-01,32,32,-0.4855162199298917,-0.5619068923548592,-0.07639067242496755
2,Huber,P3PoolingLagTrend,2025-03-01,32,32,-0.17950802247813158,-0.11623638871412978,0.0632716337640018
2,Huber,P3PoolingLagTrend,2025-04-01,32,32,0.32357482568235696,0.098163150208878,0.22541167547347896
2,Huber,P3PoolingLagTrend,2025-05-01,32,32,0.5681226301117022,0.5389461884092049,0.029176441702497224
2,Huber,P3PoolingLagTrend,2025-06-01,32,32,0.14439125480072335,0.2788223197953709,-0.13443106499464758
2,Huber,P3PoolingLagTrend,2025-07-01,32,32,-0.3634504311384603,-0.033640475939627434,0.3298099551988329
2,Huber,P3PoolingLagTrend,2025-08-01,32,32,0.6012636040496488,0.7220289165878697,-0.12076531253822087
2,Huber,P3PoolingLagTrend,2025-09-01,32,32,-0.590513556134681,-0.7737027214957292,-0.18318916536104812
2,Huber,P3PoolingLagTrend,2025-10-01,32,32,0.022530901022278726,-0.06294251728782391,-0.04041161626554518
2,Huber,P3PoolingLagTrend,2025-11-01,32,32,0.5616134896538227,0.9752618477375063,-0.4136483580836836
2,Huber,P3PoolingLagTrend,2025-12-01,32,32,0.36968578383121553,0.6289313527578593,-0.25924556892664374
2,Huber,P3PoolingLagTrend,2026-01-01,32,32,-0.6040514701391544,-0.6789432469273106,-0.07489177678815617
2,Huber,P3PoolingLagTrend,2026-02-01,32,32,-0.6557378452114477,-0.07347097589886142,0.5822668693125863
2,Huber,P3PoolingLagTrend,2026-03-01,32,32,0.26434274197997354,0.4260652446879811,-0.1617225027080076
2,Huber,P3PoolingLagTrend,2026-04-01,32,32,0.8776357478905794,0.8265570699363979,0.05107867795418153
2,Huber,P3PoolingLagTrend,2026-05-01,32,32,0.3350550222066886,0.18293274661247982,0.15212227559420877
2,Huber,P3PoolingLagTrend,2026-06-01,32,32,-1.0263111695610974,-0.9221604335161733,0.10415073604492409
2,Huber,P3PoolingLagTrend,2026-07-01,32,32,-0.5908282247541194,-0.5130176186415523,0.07781060611256718
2,Huber,P3PoolingLagTrend,2026-08-01,32,32,0.1751524935350801,-0.156906268565068,0.018246224970012104
2,SeasonalNaive,Ridge,2024-01-01,32,32,0.2599999999999909,0.12406856945681,0.1359314305431809
2,SeasonalNaive,Ridge,2024-02-01,32,32,0.21999999999999886,0.143657643350096,0.07634235664990285
2,SeasonalNaive,Ridge,2024-03-01,32,32,-0.14000000000000057,0.1123041195152723,0.027695880484728264
2,SeasonalNaive,Ridge,2024-04-01,32,32,0.3400000000000034,0.27844063671773256,0.06155936328227085
2,SeasonalNaive,Ridge,2024-05-01,32,32,-1.1899999999999977,-0.49151161210849637,0.6984883878915014
2,SeasonalNaive,Ridge,2024-06-01,32,32,0.25,0.015346541920450818,0.23465345807954918
2,SeasonalNaive,Ridge,2024-07-01,32,32,-0.5699999999999932,-1.0018139342466128,-0.4318139342466196
2,SeasonalNaive,Ridge,2024-08-01,32,32,-0.1599999999999966,-0.22285851280577162,-0.06285851280577504
2,SeasonalNaive,Ridge,2024-09-01,32,32,1.1299999999999955,-0.20121432479955104,0.9287856752004444
2,SeasonalNaive,Ridge,2024-10-01,32,32,-0.5600000000000023,-0.4734329502460497,0.08656704975395257
2,SeasonalNaive,Ridge,2024-11-01,32,32,-0.7600000000000051,-1.0990772372578874,-0.3390772372578823
2,SeasonalNaive,Ridge,2024-12-01,32,32,-0.6199999999999903,-0.2990775245643391,0.3209224754356512
2,SeasonalNaive,Ridge,2025-01-01,32,32,0.030000000000001137,0.16567000190184444,-0.1356700019018433
2,SeasonalNaive,Ridge,2025-02-01,32,32,-0.8100000000000023,-0.5884937052548622,0.22150629474514005
2,SeasonalNaive,Ridge,2025-03-01,32,32,-0.28000000000000114,-0.2701259348715581,0.009874065128443021
2,SeasonalNaive,Ridge,2025-04-01,32,32,-0.15000000000000568,0.15125234065492066,-0.001252340654914974
2,SeasonalNaive,Ridge,2025-05-01,32,32,1.009999999999991,0.5700519700101836,0.4399480299898073
2,SeasonalNaive,Ridge,2025-06-01,32,32,0.22000000000001307,0.1552308156800848,0.06476918431992829
2,SeasonalNaive,Ridge,2025-07-01,32,32,0.7099999999999937,-0.33128856564621856,0.3787114343537752
2,SeasonalNaive,Ridge,2025-08-01,32,32,0.6599999999999966,0.5389313594252343,0.1210686405747623
2,SeasonalNaive,Ridge,2025-09-01,32,32,-0.37999999999999545,-0.5865487243131042,-0.20654872431310878
2,SeasonalNaive,Ridge,2025-10-01,32,32,0.4899999999999949,0.059120913770769334,0.43087908622922555
2,SeasonalNaive,Ridge,2025-11-01,32,32,1.3499999999999943,0.526539359730549,0.8234606402694453
2,SeasonalNaive,Ridge,2025-12-01,32,32,0.6199999999999903,0.34266830959812467,0.27733169040186567
2,SeasonalNaive,Ridge,2026-01-01,32,32,-0.7299999999999898,-0.5955404842890886,0.1344595157109012
2,SeasonalNaive,Ridge,2026-02-01,32,32,0.2400000000000091,-0.36145304578907655,-0.12145304578906746
2,SeasonalNaive,Ridge,2026-03-01,32,32,0.269999999999996,0.15772066925065076,0.11227933074934526
2,SeasonalNaive,Ridge,2026-04-01,32,32,0.8100000000000023,0.885550586984877,-0.07555058698487471
2,SeasonalNaive,Ridge,2026-05-01,32,32,-0.1599999999999966,0.3524366769258904,-0.19243667692589383
2,SeasonalNaive,Ridge,2026-06-01,32,32,-1.1000000000000085,-0.898373488629332,0.20162651137067655
2,SeasonalNaive,Ridge,2026-07-01,32,32,-0.45999999999999375,-0.6212250366499461,-0.16122503664995236
2,SeasonalNaive,Ridge,2026-08-01,32,32,-0.6899999999999977,0.2116150911218,0.47838490887819773
2,SeasonalNaive,Huber,2024-01-01,32,32,0.2599999999999909,0.12123354405446207,0.13876645594552883
2,SeasonalNaive,Huber,2024-02-01,32,32,0.21999999999999886,-0.10651196242599781,0.11348803757400105
2,SeasonalNaive,Huber,2024-03-01,32,32,-0.14000000000000057,0.27046312975562614,-0.13046312975562557
2,SeasonalNaive,Huber,2024-04-01,32,32,0.3400000000000034,0.23889915152787466,0.10110084847212875
2,SeasonalNaive,Huber,2024-05-01,32,32,-1.1899999999999977,-0.49586894153924277,0.694131058460755
2,SeasonalNaive,Huber,2024-06-01,32,32,0.25,-0.09362081583405768,0.15637918416594232
2,SeasonalNaive,Huber,2024-07-01,32,32,-0.5699999999999932,-0.7322174966392367,-0.16221749663924356
2,SeasonalNaive,Huber,2024-08-01,32,32,-0.1599999999999966,-0.1637460179564414,-0.0037460179564448026
2,SeasonalNaive,Huber,2024-09-01,32,32,1.1299999999999955,-0.18127398819800078,0.9487260118019947
2,SeasonalNaive,Huber,2024-10-01,32,32,-0.5600000000000023,-0.489592494902908,0.07040750509709426
2,SeasonalNaive,Huber,2024-11-01,32,32,-0.7600000000000051,-1.062093039443809,-0.30209303944380395
2,SeasonalNaive,Huber,2024-12-01,32,32,-0.6199999999999903,-0.013447246392303214,0.6065527536076871
2,SeasonalNaive,Huber,2025-01-01,32,32,0.030000000000001137,0.17349004804887613,-0.143490048048875
2,SeasonalNaive,Huber,2025-02-01,32,32,-0.8100000000000023,-0.4855162199298917,0.3244837800701106
2,SeasonalNaive,Huber,2025-03-01,32,32,-0.28000000000000114,-0.17950802247813158,0.10049197752186956
2,SeasonalNaive,Huber,2025-04-01,32,32,-0.15000000000000568,0.32357482568235696,-0.17357482568235127
2,SeasonalNaive,Huber,2025-05-01,32,32,1.009999999999991,0.5681226301117022,0.44187736988828874
2,SeasonalNaive,Huber,2025-06-01,32,32,0.22000000000001307,0.14439125480072335,0.07560874519928973
2,SeasonalNaive,Huber,2025-07-01,32,32,0.7099999999999937,-0.3634504311384603,0.34654956886153343
2,SeasonalNaive,Huber,2025-08-01,32,32,0.6599999999999966,0.6012636040496488,0.05873639595034774
2,SeasonalNaive,Huber,2025-09-01,32,32,-0.37999999999999545,-0.590513556134681,-0.2105135561346856
2,SeasonalNaive,Huber,2025-10-01,32,32,0.4899999999999949,0.022530901022278726,0.46746909897771616
2,SeasonalNaive,Huber,2025-11-01,32,32,1.3499999999999943,0.5616134896538227,0.7883865103461716
2,SeasonalNaive,Huber,2025-12-01,32,32,0.6199999999999903,0.36968578383121553,0.2503142161687748
2,SeasonalNaive,Huber,2026-01-01,32,32,-0.7299999999999898,-0.6040514701391544,0.12594852986083538
2,SeasonalNaive,Huber,2026-02-01,32,32,0.2400000000000091,-0.6557378452114477,-0.41573784521143864
2,SeasonalNaive,Huber,2026-03-01,32,32,0.269999999999996,0.26434274197997354,0.005657258020022482
2,SeasonalNaive,Huber,2026-04-01,32,32,0.8100000000000023,0.8776357478905794,-0.06763574789057714
2,SeasonalNaive,Huber,2026-05-01,32,32,-0.1599999999999966,0.3350550222066886,-0.175055022206692
2,SeasonalNaive,Huber,2026-06-01,32,32,-1.1000000000000085,-1.0263111695610974,0.07368883043891117
2,SeasonalNaive,Huber,2026-07-01,32,32,-0.45999999999999375,-0.5908282247541194,-0.1308282247541257
2,SeasonalNaive,Huber,2026-08-01,32,32,-0.6899999999999977,0.1751524935350801,0.5148475064649176
2,SeasonalNaive,GroupsFixed,2024-01-01,32,32,0.2599999999999909,-0.2538493294274441,0.0061506705725468125
2,SeasonalNaive,GroupsFixed,2024-02-01,32,32,0.21999999999999886,0.15107738702891016,0.0689226129710887
2,SeasonalNaive,GroupsFixed,2024-03-01,32,32,-0.14000000000000057,0.19814566088593477,-0.0581456608859342
2,SeasonalNaive,GroupsFixed,2024-04-01,32,32,0.3400000000000034,0.12525071074140515,0.21474928925859826
2,SeasonalNaive,GroupsFixed,2024-05-01,32,32,-1.1899999999999977,-0.4757704651950253,0.7142295348049724
2,SeasonalNaive,GroupsFixed,2024-06-01,32,32,0.25,0.11976270815872408,0.13023729184127592
2,SeasonalNaive,GroupsFixed,2024-07-01,32,32,-0.5699999999999932,-0.761641756370182,-0.19164175637018888
2,SeasonalNaive,GroupsFixed,2024-08-01,32,32,-0.1599999999999966,0.1717761287672669,-0.0117761287672703
2,SeasonalNaive,GroupsFixed,2024-09-01,32,32,1.1299999999999955,-0.4391098393909475,0.690890160609048
2,SeasonalNaive,GroupsFixed,2024-10-01,32,32,-0.5600000000000023,-0.5633567664424337,-0.003356766442431436
2,SeasonalNaive,GroupsFixed,2024-11-01,32,32,-0.7600000000000051,-0.9372672915904041,-0.177267291590399
2,SeasonalNaive,GroupsFixed,2024-12-01,32,32,-0.6199999999999903,-0.2530849858831903,0.36691501411680005
2,SeasonalNaive,GroupsFixed,2025-01-01,32,32,0.030000000000001137,-0.13138080484995251,-0.10138080484995138
2,SeasonalNaive,GroupsFixed,2025-02-01,32,32,-0.8100000000000023,-0.7186805553055987,0.09131944469440356
2,SeasonalNaive,GroupsFixed,2025-03-01,32,32,-0.28000000000000114,-0.15819579880987256,0.12180420119012858
2,SeasonalNaive,GroupsFixed,2025-04-01,32,32,-0.15000000000000568,0.028254202150180707,0.12174579784982498
2,SeasonalNaive,GroupsFixed,2025-05-01,32,32,1.009999999999991,0.521224761476487,0.4887752385235039
2,SeasonalNaive,GroupsFixed,2025-06-01,32,32,0.22000000000001307,0.3943614844111454,-0.1743614844111323
2,SeasonalNaive,GroupsFixed,2025-07-01,32,32,0.7099999999999937,-0.08232687311682568,0.6276731268831681
2,SeasonalNaive,GroupsFixed,2025-08-01,32,32,0.6599999999999966,0.8982914449825128,-0.2382914449825162
2,SeasonalNaive,GroupsFixed,2025-09-01,32,32,-0.37999999999999545,-0.6595031616347746,-0.2795031616347792
2,SeasonalNaive,GroupsFixed,2025-10-01,32,32,0.4899999999999949,-0.010303090966192086,0.4796969090338028
2,SeasonalNaive,GroupsFixed,2025-11-01,32,32,1.3499999999999943,0.5219376606149245,0.8280623393850698
2,SeasonalNaive,GroupsFixed,2025-12-01,32,32,0.6199999999999903,0.5067673894689295,0.11323261053106082
2,SeasonalNaive,GroupsFixed,2026-01-01,32,32,-0.7299999999999898,-0.7653281778195927,-0.03532817781960296
2,SeasonalNaive,GroupsFixed,2026-02-01,32,32,0.2400000000000091,-0.34531256238740426,-0.10531256238739517
2,SeasonalNaive,GroupsFixed,2026-03-01,32,32,0.269999999999996,0.21987943208061833,0.05012056791937769
2,SeasonalNaive,GroupsFixed,2026-04-01,32,32,0.8100000000000023,0.8016889834288704,0.008311016571131868
2,SeasonalNaive,GroupsFixed,2026-05-01,32,32,-0.1599999999999966,0.27233879258928767,-0.11233879258929108
2,SeasonalNaive,GroupsFixed,2026-06-01,32,32,-1.1000000000000085,-0.7283711289446042,0.3716288710554043
2,SeasonalNaive,GroupsFixed,2026-07-01,32,32,-0.45999999999999375,-0.4943559375918192,-0.034355937591825425
2,SeasonalNaive,GroupsFixed,2026-08-01,32,32,-0.6899999999999977,0.012057123840142348,0.6779428761598554
2,SeasonalNaive,P3IndependentRidge,2024-01-01,32,32,0.2599999999999909,-0.05859997387712801,0.2014000261228629
2,SeasonalNaive,P3IndependentRidge,2024-02-01,32,32,0.21999999999999886,0.29283725198834765,-0.07283725198834878
2,SeasonalNaive,P3IndependentRidge,2024-03-01,32,32,-0.14000000000000057,0.2435328639474852,-0.10353286394748462
2,SeasonalNaive,P3IndependentRidge,2024-04-01,32,32,0.3400000000000034,0.20158497163442568,0.13841502836557773
2,SeasonalNaive,P3IndependentRidge,2024-05-01,32,32,-1.1899999999999977,-0.5955406132426746,0.5944593867573231
2,SeasonalNaive,P3IndependentRidge,2024-06-01,32,32,0.25,0.1918658804910453,0.058134119508954696
2,SeasonalNaive,P3IndependentRidge,2024-07-01,32,32,-0.5699999999999932,-0.6932096965425065,-0.12320969654251335
2,SeasonalNaive,P3IndependentRidge,2024-08-01,32,32,-0.1599999999999966,-0.0009226442446952365,0.15907735575530135
2,SeasonalNaive,P3IndependentRidge,2024-09-01,32,32,1.1299999999999955,-0.2598524267017231,0.8701475732982724
2,SeasonalNaive,P3IndependentRidge,2024-10-01,32,32,-0.5600000000000023,-0.5821335117497852,-0.022133511749782953
2,SeasonalNaive,P3IndependentRidge,2024-11-01,32,32,-0.7600000000000051,-0.8495207480845599,-0.08952074808455479
2,SeasonalNaive,P3IndependentRidge,2024-12-01,32,32,-0.6199999999999903,-0.2339049240656863,0.38609507593430403
2,SeasonalNaive,P3IndependentRidge,2025-01-01,32,32,0.030000000000001137,-0.048593549435844596,-0.01859354943584346
2,SeasonalNaive,P3IndependentRidge,2025-02-01,32,32,-0.8100000000000023,-0.6732457678199957,0.1367542321800066
2,SeasonalNaive,P3IndependentRidge,2025-03-01,32,32,-0.28000000000000114,-0.14044515142849234,0.1395548485715088
2,SeasonalNaive,P3IndependentRidge,2025-04-01,32,32,-0.15000000000000568,0.09941677009824179,0.05058322990176389
2,SeasonalNaive,P3IndependentRidge,2025-05-01,32,32,1.009999999999991,0.5555730046733167,0.4544269953266742
2,SeasonalNaive,P3IndependentRidge,2025-06-01,32,32,0.22000000000001307,0.38199446451577557,-0.1619944645157625
2,SeasonalNaive,P3IndependentRidge,2025-07-01,32,32,0.7099999999999937,-0.033229062135938126,0.6767709378640556
2,SeasonalNaive,P3IndependentRidge,2025-08-01,32,32,0.6599999999999966,0.8253967788837773,-0.16539677888378068
2,SeasonalNaive,P3IndependentRidge,2025-09-01,32,32,-0.37999999999999545,-0.7044454440950907,-0.32444544409509524
2,SeasonalNaive,P3IndependentRidge,2025-10-01,32,32,0.4899999999999949,-0.009093851240889572,0.4809061487591053
2,SeasonalNaive,P3IndependentRidge,2025-11-01,32,32,1.3499999999999943,0.7425039204149847,0.6074960795850096
2,SeasonalNaive,P3IndependentRidge,2025-12-01,32,32,0.6199999999999903,0.47471834279159275,0.14528165720839759
2,SeasonalNaive,P3IndependentRidge,2026-01-01,32,32,-0.7299999999999898,-0.7662050600729882,-0.036205060072998396
2,SeasonalNaive,P3IndependentRidge,2026-02-01,32,32,0.2400000000000091,-0.19262999863174535,0.04737000136826375
2,SeasonalNaive,P3IndependentRidge,2026-03-01,32,32,0.269999999999996,0.2993582456248528,-0.029358245624856782
2,SeasonalNaive,P3IndependentRidge,2026-04-01,32,32,0.8100000000000023,0.8068622449007181,0.0031377550992841563
2,SeasonalNaive,P3IndependentRidge,2026-05-01,32,32,-0.1599999999999966,0.24327359088301043,-0.08327359088301384
2,SeasonalNaive,P3IndependentRidge,2026-06-01,32,32,-1.1000000000000085,-0.7654374918361397,0.3345625081638688
2,SeasonalNaive,P3IndependentRidge,2026-07-01,32,32,-0.45999999999999375,-0.43259662139152544,0.02740337860846831
2,SeasonalNaive,P3IndependentRidge,2026-08-01,32,32,-0.6899999999999977,-0.07336019539290117,0.6166398046070966
2,SeasonalNaive,P3PartialPooling,2024-01-01,32,32,0.2599999999999909,0.02111664897412391,0.238883351025867
2,SeasonalNaive,P3PartialPooling,2024-02-01,32,32,0.21999999999999886,0.3846543221993526,-0.16465432219935372
2,SeasonalNaive,P3PartialPooling,2024-03-01,32,32,-0.14000000000000057,0.296696659511265,-0.15669665951126444
2,SeasonalNaive,P3PartialPooling,2024-04-01,32,32,0.3400000000000034,0.2555388522637775,0.08446114773622593
2,SeasonalNaive,P3PartialPooling,2024-05-01,32,32,-1.1899999999999977,-0.600100754068874,0.5898992459311238
2,SeasonalNaive,P3PartialPooling,2024-06-01,32,32,0.25,0.12484504986076195,0.12515495013923805
2,SeasonalNaive,P3PartialPooling,2024-07-01,32,32,-0.5699999999999932,-0.7386881829868848,-0.1686881829868916
2,SeasonalNaive,P3PartialPooling,2024-08-01,32,32,-0.1599999999999966,-0.10286245754332202,0.05713754245667457
2,SeasonalNaive,P3PartialPooling,2024-09-01,32,32,1.1299999999999955,-0.28465596674048793,0.8453440332595075
2,SeasonalNaive,P3PartialPooling,2024-10-01,32,32,-0.5600000000000023,-0.645461451368974,-0.08546145136897176
2,SeasonalNaive,P3PartialPooling,2024-11-01,32,32,-0.7600000000000051,-0.8654699644549023,-0.1054699644548972
2,SeasonalNaive,P3PartialPooling,2024-12-01,32,32,-0.6199999999999903,-0.219002436426445,0.4009975635735453
2,SeasonalNaive,P3PartialPooling,2025-01-01,32,32,0.030000000000001137,0.057065492362080916,-0.02706549236207978
2,SeasonalNaive,P3PartialPooling,2025-02-01,32,32,-0.8100000000000023,-0.571433127026683,0.23856687297331924
2,SeasonalNaive,P3PartialPooling,2025-03-01,32,32,-0.28000000000000114,-0.08262189054837266,0.19737810945162848
2,SeasonalNaive,P3PartialPooling,2025-04-01,32,32,-0.15000000000000568,0.09736125613225544,0.05263874386775025
2,SeasonalNaive,P3PartialPooling,2025-05-01,32,32,1.009999999999991,0.5537877507810816,0.45621224921890935
2,SeasonalNaive,P3PartialPooling,2025-06-01,32,32,0.22000000000001307,0.2868247750851876,-0.06682477508517454
2,SeasonalNaive,P3PartialPooling,2025-07-01,32,32,0.7099999999999937,-0.011877336229191737,0.698122663770802
2,SeasonalNaive,P3PartialPooling,2025-08-01,32,32,0.6599999999999966,0.7088889046681386,-0.048888904668142
2,SeasonalNaive,P3PartialPooling,2025-09-01,32,32,-0.37999999999999545,-0.7679062141355222,-0.38790621413552673
2,SeasonalNaive,P3PartialPooling,2025-10-01,32,32,0.4899999999999949,-0.02891425912614687,0.461085740873848
2,SeasonalNaive,P3PartialPooling,2025-11-01,32,32,1.3499999999999943,0.9192290014141409,0.43077099858585344
2,SeasonalNaive,P3PartialPooling,2025-12-01,32,32,0.6199999999999903,0.5895895868412628,0.0304104131587275
2,SeasonalNaive,P3PartialPooling,2026-01-01,32,32,-0.7299999999999898,-0.6584435459879333,0.07155645401205646
2,SeasonalNaive,P3PartialPooling,2026-02-01,32,32,0.2400000000000091,-0.052120478216561184,0.1878795217834479
2,SeasonalNaive,P3PartialPooling,2026-03-01,32,32,0.269999999999996,0.38883281943439385,-0.11883281943439783
2,SeasonalNaive,P3PartialPooling,2026-04-01,32,32,0.8100000000000023,0.8196158934643396,-0.009615893464337333
2,SeasonalNaive,P3PartialPooling,2026-05-01,32,32,-0.1599999999999966,0.2069852250160346,-0.046985225016038024
2,SeasonalNaive,P3PartialPooling,2026-06-01,32,32,-1.1000000000000085,-0.8775280706468093,0.22247192935319926
2,SeasonalNaive,P3PartialPooling,2026-07-01,32,32,-0.45999999999999375,-0.5038043620002763,-0.04380436200028259
2,SeasonalNaive,P3PartialPooling,2026-08-01,32,32,-0.6899999999999977,-0.2071484836024689,0.4828515163975288
2,SeasonalNaive,P3PoolingLagTrend,2024-01-01,32,32,0.2599999999999909,0.01980421575883118,0.24019578424115973
2,SeasonalNaive,P3PoolingLagTrend,2024-02-01,32,32,0.21999999999999886,0.3718669192323394,-0.15186691923234052
2,SeasonalNaive,P3PoolingLagTrend,2024-03-01,32,32,-0.14000000000000057,0.29685085023592206,-0.1568508502359215
2,SeasonalNaive,P3PoolingLagTrend,2024-04-01,32,32,0.3400000000000034,0.2215452189263708,0.11845478107363261
2,SeasonalNaive,P3PoolingLagTrend,2024-05-01,32,32,-1.1899999999999977,-0.6150767142394968,0.5749232857605009
2,SeasonalNaive,P3PoolingLagTrend,2024-06-01,32,32,0.25,0.08931306958788893,0.16068693041211107
2,SeasonalNaive,P3PoolingLagTrend,2024-07-01,32,32,-0.5699999999999932,-0.6933000480411102,-0.12330004804111705
2,SeasonalNaive,P3PoolingLagTrend,2024-08-01,32,32,-0.1599999999999966,-0.08340677435685018,0.07659322564314641
2,SeasonalNaive,P3PoolingLagTrend,2024-09-01,32,32,1.1299999999999955,-0.2610059043625933,0.8689940956374022
2,SeasonalNaive,P3PoolingLagTrend,2024-10-01,32,32,-0.5600000000000023,-0.6252907755867708,-0.06529077558676855
2,SeasonalNaive,P3PoolingLagTrend,2024-11-01,32,32,-0.7600000000000051,-0.8447113623017392,-0.08471136230173404
2,SeasonalNaive,P3PoolingLagTrend,2024-12-01,32,32,-0.6199999999999903,-0.17563092360240118,0.44436907639758916
2,SeasonalNaive,P3PoolingLagTrend,2025-01-01,32,32,0.030000000000001137,0.1000374545978473,-0.07003745459784616
2,SeasonalNaive,P3PoolingLagTrend,2025-02-01,32,32,-0.8100000000000023,-0.5619068923548592,0.24809310764514303
2,SeasonalNaive,P3PoolingLagTrend,2025-03-01,32,32,-0.28000000000000114,-0.11623638871412978,0.16376361128587136
2,SeasonalNaive,P3PoolingLagTrend,2025-04-01,32,32,-0.15000000000000568,0.098163150208878,0.05183684979112768
2,SeasonalNaive,P3PoolingLagTrend,2025-05-01,32,32,1.009999999999991,0.5389461884092049,0.47105381159078596
2,SeasonalNaive,P3PoolingLagTrend,2025-06-01,32,32,0.22000000000001307,0.2788223197953709,-0.05882231979535785
2,SeasonalNaive,P3PoolingLagTrend,2025-07-01,32,32,0.7099999999999937,-0.033640475939627434,0.6763595240603664
2,SeasonalNaive,P3PoolingLagTrend,2025-08-01,32,32,0.6599999999999966,0.7220289165878697,-0.06202891658787313
2,SeasonalNaive,P3PoolingLagTrend,2025-09-01,32,32,-0.37999999999999545,-0.7737027214957292,-0.3937027214957337
2,SeasonalNaive,P3PoolingLagTrend,2025-10-01,32,32,0.4899999999999949,-0.06294251728782391,0.427057482712171
2,SeasonalNaive,P3PoolingLagTrend,2025-11-01,32,32,1.3499999999999943,0.9752618477375063,0.37473815226248797
2,SeasonalNaive,P3PoolingLagTrend,2025-12-01,32,32,0.6199999999999903,0.6289313527578593,-0.008931352757868938
2,SeasonalNaive,P3PoolingLagTrend,2026-01-01,32,32,-0.7299999999999898,-0.6789432469273106,0.051056753072679206
2,SeasonalNaive,P3PoolingLagTrend,2026-02-01,32,32,0.2400000000000091,-0.07347097589886142,0.16652902410114767
2,SeasonalNaive,P3PoolingLagTrend,2026-03-01,32,32,0.269999999999996,0.4260652446879811,-0.1560652446879851
2,SeasonalNaive,P3PoolingLagTrend,2026-04-01,32,32,0.8100000000000023,0.8265570699363979,-0.016557069936395608
2,SeasonalNaive,P3PoolingLagTrend,2026-05-01,32,32,-0.1599999999999966,0.18293274661247982,-0.022932746612483235
2,SeasonalNaive,P3PoolingLagTrend,2026-06-01,32,32,-1.1000000000000085,-0.9221604335161733,0.17783956648383525
2,SeasonalNaive,P3PoolingLagTrend,2026-07-01,32,32,-0.45999999999999375,-0.5130176186415523,-0.05301761864155852
2,SeasonalNaive,P3PoolingLagTrend,2026-08-01,32,32,-0.6899999999999977,-0.156906268565068,0.5330937314349298
2,GroupsFixed,Ridge,2024-01-01,32,32,-0.2538493294274441,0.12406856945681,0.1297807599706341
2,GroupsFixed,Ridge,2024-02-01,32,32,0.15107738702891016,0.143657643350096,0.00741974367881415
2,GroupsFixed,Ridge,2024-03-01,32,32,0.19814566088593477,0.1123041195152723,0.08584154137066247
2,GroupsFixed,Ridge,2024-04-01,32,32,0.12525071074140515,0.27844063671773256,-0.1531899259763274
2,GroupsFixed,Ridge,2024-05-01,32,32,-0.4757704651950253,-0.49151161210849637,-0.01574114691347106
2,GroupsFixed,Ridge,2024-06-01,32,32,0.11976270815872408,0.015346541920450818,0.10441616623827327
2,GroupsFixed,Ridge,2024-07-01,32,32,-0.761641756370182,-1.0018139342466128,-0.24017217787643075
2,GroupsFixed,Ridge,2024-08-01,32,32,0.1717761287672669,-0.22285851280577162,-0.051082384038504736
2,GroupsFixed,Ridge,2024-09-01,32,32,-0.4391098393909475,-0.20121432479955104,0.23789551459139646
2,GroupsFixed,Ridge,2024-10-01,32,32,-0.5633567664424337,-0.4734329502460497,0.08992381619638401
2,GroupsFixed,Ridge,2024-11-01,32,32,-0.9372672915904041,-1.0990772372578874,-0.1618099456674833
2,GroupsFixed,Ridge,2024-12-01,32,32,-0.2530849858831903,-0.2990775245643391,-0.04599253868114883
2,GroupsFixed,Ridge,2025-01-01,32,32,-0.13138080484995251,0.16567000190184444,-0.03428919705189193
2,GroupsFixed,Ridge,2025-02-01,32,32,-0.7186805553055987,-0.5884937052548622,0.1301868500507365
2,GroupsFixed,Ridge,2025-03-01,32,32,-0.15819579880987256,-0.2701259348715581,-0.11193013606168556
2,GroupsFixed,Ridge,2025-04-01,32,32,0.028254202150180707,0.15125234065492066,-0.12299813850473995
2,GroupsFixed,Ridge,2025-05-01,32,32,0.521224761476487,0.5700519700101836,-0.0488272085336966
2,GroupsFixed,Ridge,2025-06-01,32,32,0.3943614844111454,0.1552308156800848,0.2391306687310606
2,GroupsFixed,Ridge,2025-07-01,32,32,-0.08232687311682568,-0.33128856564621856,-0.24896169252939288
2,GroupsFixed,Ridge,2025-08-01,32,32,0.8982914449825128,0.5389313594252343,0.3593600855572785
2,GroupsFixed,Ridge,2025-09-01,32,32,-0.6595031616347746,-0.5865487243131042,0.0729544373216704
2,GroupsFixed,Ridge,2025-10-01,32,32,-0.010303090966192086,0.059120913770769334,-0.04881782280457725
2,GroupsFixed,Ridge,2025-11-01,32,32,0.5219376606149245,0.526539359730549,-0.004601699115624469
2,GroupsFixed,Ridge,2025-12-01,32,32,0.5067673894689295,0.34266830959812467,0.16409907987080485
2,GroupsFixed,Ridge,2026-01-01,32,32,-0.7653281778195927,-0.5955404842890886,0.16978769353050416
2,GroupsFixed,Ridge,2026-02-01,32,32,-0.34531256238740426,-0.36145304578907655,-0.01614048340167229
2,GroupsFixed,Ridge,2026-03-01,32,32,0.21987943208061833,0.15772066925065076,0.06215876282996757
2,GroupsFixed,Ridge,2026-04-01,32,32,0.8016889834288704,0.885550586984877,-0.08386160355600658
2,GroupsFixed,Ridge,2026-05-01,32,32,0.27233879258928767,0.3524366769258904,-0.08009788433660275
2,GroupsFixed,Ridge,2026-06-01,32,32,-0.7283711289446042,-0.898373488629332,-0.17000235968472777
2,GroupsFixed,Ridge,2026-07-01,32,32,-0.4943559375918192,-0.6212250366499461,-0.12686909905812693
2,GroupsFixed,Ridge,2026-08-01,32,32,0.012057123840142348,0.2116150911218,-0.19955796728165764
2,GroupsFixed,Huber,2024-01-01,32,32,-0.2538493294274441,0.12123354405446207,0.13261578537298202
2,GroupsFixed,Huber,2024-02-01,32,32,0.15107738702891016,-0.10651196242599781,0.04456542460291235
2,GroupsFixed,Huber,2024-03-01,32,32,0.19814566088593477,0.27046312975562614,-0.07231746886969137
2,GroupsFixed,Huber,2024-04-01,32,32,0.12525071074140515,0.23889915152787466,-0.11364844078646952
2,GroupsFixed,Huber,2024-05-01,32,32,-0.4757704651950253,-0.49586894153924277,-0.020098476344217464
2,GroupsFixed,Huber,2024-06-01,32,32,0.11976270815872408,-0.09362081583405768,0.026141892324666405
2,GroupsFixed,Huber,2024-07-01,32,32,-0.761641756370182,-0.7322174966392367,0.029424259730945312
2,GroupsFixed,Huber,2024-08-01,32,32,0.1717761287672669,-0.1637460179564414,0.008030110810825497
2,GroupsFixed,Huber,2024-09-01,32,32,-0.4391098393909475,-0.18127398819800078,0.2578358511929467
2,GroupsFixed,Huber,2024-10-01,32,32,-0.5633567664424337,-0.489592494902908,0.0737642715395257
2,GroupsFixed,Huber,2024-11-01,32,32,-0.9372672915904041,-1.062093039443809,-0.12482574785340494
2,GroupsFixed,Huber,2024-12-01,32,32,-0.2530849858831903,-0.013447246392303214,0.23963773949088707
2,GroupsFixed,Huber,2025-01-01,32,32,-0.13138080484995251,0.17349004804887613,-0.04210924319892362
2,GroupsFixed,Huber,2025-02-01,32,32,-0.7186805553055987,-0.4855162199298917,0.23316433537570702
2,GroupsFixed,Huber,2025-03-01,32,32,-0.15819579880987256,-0.17950802247813158,-0.021312223668259023
2,GroupsFixed,Huber,2025-04-01,32,32,0.028254202150180707,0.32357482568235696,-0.29532062353217625
2,GroupsFixed,Huber,2025-05-01,32,32,0.521224761476487,0.5681226301117022,-0.04689786863521517
2,GroupsFixed,Huber,2025-06-01,32,32,0.3943614844111454,0.14439125480072335,0.24997022961042203
2,GroupsFixed,Huber,2025-07-01,32,32,-0.08232687311682568,-0.3634504311384603,-0.28112355802163463
2,GroupsFixed,Huber,2025-08-01,32,32,0.8982914449825128,0.6012636040496488,0.29702784093286394
2,GroupsFixed,Huber,2025-09-01,32,32,-0.6595031616347746,-0.590513556134681,0.06898960550009359
2,GroupsFixed,Huber,2025-10-01,32,32,-0.010303090966192086,0.022530901022278726,-0.012227810056086641
2,GroupsFixed,Huber,2025-11-01,32,32,0.5219376606149245,0.5616134896538227,-0.039675829038898214
2,GroupsFixed,Huber,2025-12-01,32,32,0.5067673894689295,0.36968578383121553,0.137081605637714
2,GroupsFixed,Huber,2026-01-01,32,32,-0.7653281778195927,-0.6040514701391544,0.16127670768043834
2,GroupsFixed,Huber,2026-02-01,32,32,-0.34531256238740426,-0.6557378452114477,-0.31042528282404347
2,GroupsFixed,Huber,2026-03-01,32,32,0.21987943208061833,0.26434274197997354,-0.04446330989935521
2,GroupsFixed,Huber,2026-04-01,32,32,0.8016889834288704,0.8776357478905794,-0.075946764461709
2,GroupsFixed,Huber,2026-05-01,32,32,0.27233879258928767,0.3350550222066886,-0.06271622961740092
2,GroupsFixed,Huber,2026-06-01,32,32,-0.7283711289446042,-1.0263111695610974,-0.29794004061649315
2,GroupsFixed,Huber,2026-07-01,32,32,-0.4943559375918192,-0.5908282247541194,-0.09647228716230027
2,GroupsFixed,Huber,2026-08-01,32,32,0.012057123840142348,0.1751524935350801,-0.16309536969493776
2,GroupsFixed,SeasonalNaive,2024-01-01,32,32,-0.2538493294274441,0.2599999999999909,-0.0061506705725468125
2,GroupsFixed,SeasonalNaive,2024-02-01,32,32,0.15107738702891016,0.21999999999999886,-0.0689226129710887
2,GroupsFixed,SeasonalNaive,2024-03-01,32,32,0.19814566088593477,-0.14000000000000057,0.0581456608859342
2,GroupsFixed,SeasonalNaive,2024-04-01,32,32,0.12525071074140515,0.3400000000000034,-0.21474928925859826
2,GroupsFixed,SeasonalNaive,2024-05-01,32,32,-0.4757704651950253,-1.1899999999999977,-0.7142295348049724
2,GroupsFixed,SeasonalNaive,2024-06-01,32,32,0.11976270815872408,0.25,-0.13023729184127592
2,GroupsFixed,SeasonalNaive,2024-07-01,32,32,-0.761641756370182,-0.5699999999999932,0.19164175637018888
2,GroupsFixed,SeasonalNaive,2024-08-01,32,32,0.1717761287672669,-0.1599999999999966,0.0117761287672703
2,GroupsFixed,SeasonalNaive,2024-09-01,32,32,-0.4391098393909475,1.1299999999999955,-0.690890160609048
2,GroupsFixed,SeasonalNaive,2024-10-01,32,32,-0.5633567664424337,-0.5600000000000023,0.003356766442431436
2,GroupsFixed,SeasonalNaive,2024-11-01,32,32,-0.9372672915904041,-0.7600000000000051,0.177267291590399
2,GroupsFixed,SeasonalNaive,2024-12-01,32,32,-0.2530849858831903,-0.6199999999999903,-0.36691501411680005
2,GroupsFixed,SeasonalNaive,2025-01-01,32,32,-0.13138080484995251,0.030000000000001137,0.10138080484995138
2,GroupsFixed,SeasonalNaive,2025-02-01,32,32,-0.7186805553055987,-0.8100000000000023,-0.09131944469440356
2,GroupsFixed,SeasonalNaive,2025-03-01,32,32,-0.15819579880987256,-0.28000000000000114,-0.12180420119012858
2,GroupsFixed,SeasonalNaive,2025-04-01,32,32,0.028254202150180707,-0.15000000000000568,-0.12174579784982498
2,GroupsFixed,SeasonalNaive,2025-05-01,32,32,0.521224761476487,1.009999999999991,-0.4887752385235039
2,GroupsFixed,SeasonalNaive,2025-06-01,32,32,0.3943614844111454,0.22000000000001307,0.1743614844111323
2,GroupsFixed,SeasonalNaive,2025-07-01,32,32,-0.08232687311682568,0.7099999999999937,-0.6276731268831681
2,GroupsFixed,SeasonalNaive,2025-08-01,32,32,0.8982914449825128,0.6599999999999966,0.2382914449825162
2,GroupsFixed,SeasonalNaive,2025-09-01,32,32,-0.6595031616347746,-0.37999999999999545,0.2795031616347792
2,GroupsFixed,SeasonalNaive,2025-10-01,32,32,-0.010303090966192086,0.4899999999999949,-0.4796969090338028
2,GroupsFixed,SeasonalNaive,2025-11-01,32,32,0.5219376606149245,1.3499999999999943,-0.8280623393850698
2,GroupsFixed,SeasonalNaive,2025-12-01,32,32,0.5067673894689295,0.6199999999999903,-0.11323261053106082
2,GroupsFixed,SeasonalNaive,2026-01-01,32,32,-0.7653281778195927,-0.7299999999999898,0.03532817781960296
2,GroupsFixed,SeasonalNaive,2026-02-01,32,32,-0.34531256238740426,0.2400000000000091,0.10531256238739517
2,GroupsFixed,SeasonalNaive,2026-03-01,32,32,0.21987943208061833,0.269999999999996,-0.05012056791937769
2,GroupsFixed,SeasonalNaive,2026-04-01,32,32,0.8016889834288704,0.8100000000000023,-0.008311016571131868
2,GroupsFixed,SeasonalNaive,2026-05-01,32,32,0.27233879258928767,-0.1599999999999966,0.11233879258929108
2,GroupsFixed,SeasonalNaive,2026-06-01,32,32,-0.7283711289446042,-1.1000000000000085,-0.3716288710554043
2,GroupsFixed,SeasonalNaive,2026-07-01,32,32,-0.4943559375918192,-0.45999999999999375,0.034355937591825425
2,GroupsFixed,SeasonalNaive,2026-08-01,32,32,0.012057123840142348,-0.6899999999999977,-0.6779428761598554
2,GroupsFixed,P3IndependentRidge,2024-01-01,32,32,-0.2538493294274441,-0.05859997387712801,0.19524935555031608
2,GroupsFixed,P3IndependentRidge,2024-02-01,32,32,0.15107738702891016,0.29283725198834765,-0.1417598649594375
2,GroupsFixed,P3IndependentRidge,2024-03-01,32,32,0.19814566088593477,0.2435328639474852,-0.04538720306155042
2,GroupsFixed,P3IndependentRidge,2024-04-01,32,32,0.12525071074140515,0.20158497163442568,-0.07633426089302053
2,GroupsFixed,P3IndependentRidge,2024-05-01,32,32,-0.4757704651950253,-0.5955406132426746,-0.1197701480476493
2,GroupsFixed,P3IndependentRidge,2024-06-01,32,32,0.11976270815872408,0.1918658804910453,-0.07210317233232122
2,GroupsFixed,P3IndependentRidge,2024-07-01,32,32,-0.761641756370182,-0.6932096965425065,0.06843205982767553
2,GroupsFixed,P3IndependentRidge,2024-08-01,32,32,0.1717761287672669,-0.0009226442446952365,0.17085348452257165
2,GroupsFixed,P3IndependentRidge,2024-09-01,32,32,-0.4391098393909475,-0.2598524267017231,0.1792574126892244
2,GroupsFixed,P3IndependentRidge,2024-10-01,32,32,-0.5633567664424337,-0.5821335117497852,-0.018776745307351517
2,GroupsFixed,P3IndependentRidge,2024-11-01,32,32,-0.9372672915904041,-0.8495207480845599,0.08774654350584421
2,GroupsFixed,P3IndependentRidge,2024-12-01,32,32,-0.2530849858831903,-0.2339049240656863,0.01918006181750398
2,GroupsFixed,P3IndependentRidge,2025-01-01,32,32,-0.13138080484995251,-0.048593549435844596,0.08278725541410792
2,GroupsFixed,P3IndependentRidge,2025-02-01,32,32,-0.7186805553055987,-0.6732457678199957,0.045434787485603034
2,GroupsFixed,P3IndependentRidge,2025-03-01,32,32,-0.15819579880987256,-0.14044515142849234,0.017750647381380213
2,GroupsFixed,P3IndependentRidge,2025-04-01,32,32,0.028254202150180707,0.09941677009824179,-0.07116256794806108
2,GroupsFixed,P3IndependentRidge,2025-05-01,32,32,0.521224761476487,0.5555730046733167,-0.03434824319682972
2,GroupsFixed,P3IndependentRidge,2025-06-01,32,32,0.3943614844111454,0.38199446451577557,0.012367019895369813
2,GroupsFixed,P3IndependentRidge,2025-07-01,32,32,-0.08232687311682568,-0.033229062135938126,0.04909781098088756
2,GroupsFixed,P3IndependentRidge,2025-08-01,32,32,0.8982914449825128,0.8253967788837773,0.07289466609873552
2,GroupsFixed,P3IndependentRidge,2025-09-01,32,32,-0.6595031616347746,-0.7044454440950907,-0.04494228246031606
2,GroupsFixed,P3IndependentRidge,2025-10-01,32,32,-0.010303090966192086,-0.009093851240889572,0.0012092397253025133
2,GroupsFixed,P3IndependentRidge,2025-11-01,32,32,0.5219376606149245,0.7425039204149847,-0.22056625980006017
2,GroupsFixed,P3IndependentRidge,2025-12-01,32,32,0.5067673894689295,0.47471834279159275,0.03204904667733677
2,GroupsFixed,P3IndependentRidge,2026-01-01,32,32,-0.7653281778195927,-0.7662050600729882,-0.000876882253395439
2,GroupsFixed,P3IndependentRidge,2026-02-01,32,32,-0.34531256238740426,-0.19262999863174535,0.15268256375565892
2,GroupsFixed,P3IndependentRidge,2026-03-01,32,32,0.21987943208061833,0.2993582456248528,-0.07947881354423447
2,GroupsFixed,P3IndependentRidge,2026-04-01,32,32,0.8016889834288704,0.8068622449007181,-0.005173261471847712
2,GroupsFixed,P3IndependentRidge,2026-05-01,32,32,0.27233879258928767,0.24327359088301043,0.029065201706277244
2,GroupsFixed,P3IndependentRidge,2026-06-01,32,32,-0.7283711289446042,-0.7654374918361397,-0.03706636289153553
2,GroupsFixed,P3IndependentRidge,2026-07-01,32,32,-0.4943559375918192,-0.43259662139152544,0.061759316200293735
2,GroupsFixed,P3IndependentRidge,2026-08-01,32,32,0.012057123840142348,-0.07336019539290117,-0.061303071552758825
2,GroupsFixed,P3PartialPooling,2024-01-01,32,32,-0.2538493294274441,0.02111664897412391,0.23273268045332018
2,GroupsFixed,P3PartialPooling,2024-02-01,32,32,0.15107738702891016,0.3846543221993526,-0.23357693517044242
2,GroupsFixed,P3PartialPooling,2024-03-01,32,32,0.19814566088593477,0.296696659511265,-0.09855099862533023
2,GroupsFixed,P3PartialPooling,2024-04-01,32,32,0.12525071074140515,0.2555388522637775,-0.13028814152237234
2,GroupsFixed,P3PartialPooling,2024-05-01,32,32,-0.4757704651950253,-0.600100754068874,-0.12433028887384867
2,GroupsFixed,P3PartialPooling,2024-06-01,32,32,0.11976270815872408,0.12484504986076195,-0.0050823417020378625
2,GroupsFixed,P3PartialPooling,2024-07-01,32,32,-0.761641756370182,-0.7386881829868848,0.022953573383297288
2,GroupsFixed,P3PartialPooling,2024-08-01,32,32,0.1717761287672669,-0.10286245754332202,0.06891367122394487
2,GroupsFixed,P3PartialPooling,2024-09-01,32,32,-0.4391098393909475,-0.28465596674048793,0.15445387265045957
2,GroupsFixed,P3PartialPooling,2024-10-01,32,32,-0.5633567664424337,-0.645461451368974,-0.08210468492654033
2,GroupsFixed,P3PartialPooling,2024-11-01,32,32,-0.9372672915904041,-0.8654699644549023,0.0717973271355018
2,GroupsFixed,P3PartialPooling,2024-12-01,32,32,-0.2530849858831903,-0.219002436426445,0.03408254945674527
2,GroupsFixed,P3PartialPooling,2025-01-01,32,32,-0.13138080484995251,0.057065492362080916,0.0743153124878716
2,GroupsFixed,P3PartialPooling,2025-02-01,32,32,-0.7186805553055987,-0.571433127026683,0.14724742827891568
2,GroupsFixed,P3PartialPooling,2025-03-01,32,32,-0.15819579880987256,-0.08262189054837266,0.0755739082614999
2,GroupsFixed,P3PartialPooling,2025-04-01,32,32,0.028254202150180707,0.09736125613225544,-0.06910705398207473
2,GroupsFixed,P3PartialPooling,2025-05-01,32,32,0.521224761476487,0.5537877507810816,-0.03256298930459456
2,GroupsFixed,P3PartialPooling,2025-06-01,32,32,0.3943614844111454,0.2868247750851876,0.10753670932595777
2,GroupsFixed,P3PartialPooling,2025-07-01,32,32,-0.08232687311682568,-0.011877336229191737,0.07044953688763395
2,GroupsFixed,P3PartialPooling,2025-08-01,32,32,0.8982914449825128,0.7088889046681386,0.1894025403143742
2,GroupsFixed,P3PartialPooling,2025-09-01,32,32,-0.6595031616347746,-0.7679062141355222,-0.10840305250074755
2,GroupsFixed,P3PartialPooling,2025-10-01,32,32,-0.010303090966192086,-0.02891425912614687,-0.018611168159954783
2,GroupsFixed,P3PartialPooling,2025-11-01,32,32,0.5219376606149245,0.9192290014141409,-0.39729134079921635
2,GroupsFixed,P3PartialPooling,2025-12-01,32,32,0.5067673894689295,0.5895895868412628,-0.08282219737233332
2,GroupsFixed,P3PartialPooling,2026-01-01,32,32,-0.7653281778195927,-0.6584435459879333,0.10688463183165942
2,GroupsFixed,P3PartialPooling,2026-02-01,32,32,-0.34531256238740426,-0.052120478216561184,0.2931920841708431
2,GroupsFixed,P3PartialPooling,2026-03-01,32,32,0.21987943208061833,0.38883281943439385,-0.16895338735377552
2,GroupsFixed,P3PartialPooling,2026-04-01,32,32,0.8016889834288704,0.8196158934643396,-0.0179269100354692
2,GroupsFixed,P3PartialPooling,2026-05-01,32,32,0.27233879258928767,0.2069852250160346,0.06535356757325306
2,GroupsFixed,P3PartialPooling,2026-06-01,32,32,-0.7283711289446042,-0.8775280706468093,-0.14915694170220506
2,GroupsFixed,P3PartialPooling,2026-07-01,32,32,-0.4943559375918192,-0.5038043620002763,-0.009448424408457168
2,GroupsFixed,P3PartialPooling,2026-08-01,32,32,0.012057123840142348,-0.2071484836024689,-0.19509135976232655
2,GroupsFixed,P3PoolingLagTrend,2024-01-01,32,32,-0.2538493294274441,0.01980421575883118,0.23404511366861291
2,GroupsFixed,P3PoolingLagTrend,2024-02-01,32,32,0.15107738702891016,0.3718669192323394,-0.22078953220342923
2,GroupsFixed,P3PoolingLagTrend,2024-03-01,32,32,0.19814566088593477,0.29685085023592206,-0.09870518934998729
2,GroupsFixed,P3PoolingLagTrend,2024-04-01,32,32,0.12525071074140515,0.2215452189263708,-0.09629450818496565
2,GroupsFixed,P3PoolingLagTrend,2024-05-01,32,32,-0.4757704651950253,-0.6150767142394968,-0.13930624904447153
2,GroupsFixed,P3PoolingLagTrend,2024-06-01,32,32,0.11976270815872408,0.08931306958788893,0.030449638570835158
2,GroupsFixed,P3PoolingLagTrend,2024-07-01,32,32,-0.761641756370182,-0.6933000480411102,0.06834170832907183
2,GroupsFixed,P3PoolingLagTrend,2024-08-01,32,32,0.1717761287672669,-0.08340677435685018,0.08836935441041671
2,GroupsFixed,P3PoolingLagTrend,2024-09-01,32,32,-0.4391098393909475,-0.2610059043625933,0.1781039350283542
2,GroupsFixed,P3PoolingLagTrend,2024-10-01,32,32,-0.5633567664424337,-0.6252907755867708,-0.06193400914433711
2,GroupsFixed,P3PoolingLagTrend,2024-11-01,32,32,-0.9372672915904041,-0.8447113623017392,0.09255592928866496
2,GroupsFixed,P3PoolingLagTrend,2024-12-01,32,32,-0.2530849858831903,-0.17563092360240118,0.0774540622807891
2,GroupsFixed,P3PoolingLagTrend,2025-01-01,32,32,-0.13138080484995251,0.1000374545978473,0.03134335025210522
2,GroupsFixed,P3PoolingLagTrend,2025-02-01,32,32,-0.7186805553055987,-0.5619068923548592,0.15677366295073947
2,GroupsFixed,P3PoolingLagTrend,2025-03-01,32,32,-0.15819579880987256,-0.11623638871412978,0.04195941009574278
2,GroupsFixed,P3PoolingLagTrend,2025-04-01,32,32,0.028254202150180707,0.098163150208878,-0.0699089480586973
2,GroupsFixed,P3PoolingLagTrend,2025-05-01,32,32,0.521224761476487,0.5389461884092049,-0.017721426932717943
2,GroupsFixed,P3PoolingLagTrend,2025-06-01,32,32,0.3943614844111454,0.2788223197953709,0.11553916461577446
2,GroupsFixed,P3PoolingLagTrend,2025-07-01,32,32,-0.08232687311682568,-0.033640475939627434,0.04868639717719825
2,GroupsFixed,P3PoolingLagTrend,2025-08-01,32,32,0.8982914449825128,0.7220289165878697,0.17626252839464307
2,GroupsFixed,P3PoolingLagTrend,2025-09-01,32,32,-0.6595031616347746,-0.7737027214957292,-0.11419955986095454
2,GroupsFixed,P3PoolingLagTrend,2025-10-01,32,32,-0.010303090966192086,-0.06294251728782391,-0.05263942632163182
2,GroupsFixed,P3PoolingLagTrend,2025-11-01,32,32,0.5219376606149245,0.9752618477375063,-0.4533241871225818
2,GroupsFixed,P3PoolingLagTrend,2025-12-01,32,32,0.5067673894689295,0.6289313527578593,-0.12216396328892976
2,GroupsFixed,P3PoolingLagTrend,2026-01-01,32,32,-0.7653281778195927,-0.6789432469273106,0.08638493089228216
2,GroupsFixed,P3PoolingLagTrend,2026-02-01,32,32,-0.34531256238740426,-0.07347097589886142,0.27184158648854284
2,GroupsFixed,P3PoolingLagTrend,2026-03-01,32,32,0.21987943208061833,0.4260652446879811,-0.2061858126073628
2,GroupsFixed,P3PoolingLagTrend,2026-04-01,32,32,0.8016889834288704,0.8265570699363979,-0.024868086507527476
2,GroupsFixed,P3PoolingLagTrend,2026-05-01,32,32,0.27233879258928767,0.18293274661247982,0.08940604597680785
2,GroupsFixed,P3PoolingLagTrend,2026-06-01,32,32,-0.7283711289446042,-0.9221604335161733,-0.19378930457156907
2,GroupsFixed,P3PoolingLagTrend,2026-07-01,32,32,-0.4943559375918192,-0.5130176186415523,-0.018661681049733092
2,GroupsFixed,P3PoolingLagTrend,2026-08-01,32,32,0.012057123840142348,-0.156906268565068,-0.14484914472492566
2,P3IndependentRidge,Ridge,2024-01-01,32,32,-0.05859997387712801,0.12406856945681,-0.06546859557968199
2,P3IndependentRidge,Ridge,2024-02-01,32,32,0.29283725198834765,0.143657643350096,0.14917960863825164
2,P3IndependentRidge,Ridge,2024-03-01,32,32,0.2435328639474852,0.1123041195152723,0.13122874443221288
2,P3IndependentRidge,Ridge,2024-04-01,32,32,0.20158497163442568,0.27844063671773256,-0.07685566508330688
2,P3IndependentRidge,Ridge,2024-05-01,32,32,-0.5955406132426746,-0.49151161210849637,0.10402900113417823
2,P3IndependentRidge,Ridge,2024-06-01,32,32,0.1918658804910453,0.015346541920450818,0.1765193385705945
2,P3IndependentRidge,Ridge,2024-07-01,32,32,-0.6932096965425065,-1.0018139342466128,-0.3086042377041063
2,P3IndependentRidge,Ridge,2024-08-01,32,32,-0.0009226442446952365,-0.22285851280577162,-0.2219358685610764
2,P3IndependentRidge,Ridge,2024-09-01,32,32,-0.2598524267017231,-0.20121432479955104,0.05863810190217206
2,P3IndependentRidge,Ridge,2024-10-01,32,32,-0.5821335117497852,-0.4734329502460497,0.10870056150373553
2,P3IndependentRidge,Ridge,2024-11-01,32,32,-0.8495207480845599,-1.0990772372578874,-0.2495564891733275
2,P3IndependentRidge,Ridge,2024-12-01,32,32,-0.2339049240656863,-0.2990775245643391,-0.06517260049865281
2,P3IndependentRidge,Ridge,2025-01-01,32,32,-0.048593549435844596,0.16567000190184444,-0.11707645246599985
2,P3IndependentRidge,Ridge,2025-02-01,32,32,-0.6732457678199957,-0.5884937052548622,0.08475206256513346
2,P3IndependentRidge,Ridge,2025-03-01,32,32,-0.14044515142849234,-0.2701259348715581,-0.12968078344306577
2,P3IndependentRidge,Ridge,2025-04-01,32,32,0.09941677009824179,0.15125234065492066,-0.05183557055667887
2,P3IndependentRidge,Ridge,2025-05-01,32,32,0.5555730046733167,0.5700519700101836,-0.014478965336866878
2,P3IndependentRidge,Ridge,2025-06-01,32,32,0.38199446451577557,0.1552308156800848,0.22676364883569078
2,P3IndependentRidge,Ridge,2025-07-01,32,32,-0.033229062135938126,-0.33128856564621856,-0.29805950351028043
2,P3IndependentRidge,Ridge,2025-08-01,32,32,0.8253967788837773,0.5389313594252343,0.286465419458543
2,P3IndependentRidge,Ridge,2025-09-01,32,32,-0.7044454440950907,-0.5865487243131042,0.11789671978198646
2,P3IndependentRidge,Ridge,2025-10-01,32,32,-0.009093851240889572,0.059120913770769334,-0.05002706252987976
2,P3IndependentRidge,Ridge,2025-11-01,32,32,0.7425039204149847,0.526539359730549,0.2159645606844357
2,P3IndependentRidge,Ridge,2025-12-01,32,32,0.47471834279159275,0.34266830959812467,0.13205003319346809
2,P3IndependentRidge,Ridge,2026-01-01,32,32,-0.7662050600729882,-0.5955404842890886,0.1706645757838996
2,P3IndependentRidge,Ridge,2026-02-01,32,32,-0.19262999863174535,-0.36145304578907655,-0.1688230471573312
2,P3IndependentRidge,Ridge,2026-03-01,32,32,0.2993582456248528,0.15772066925065076,0.14163757637420205
2,P3IndependentRidge,Ridge,2026-04-01,32,32,0.8068622449007181,0.885550586984877,-0.07868834208415887
2,P3IndependentRidge,Ridge,2026-05-01,32,32,0.24327359088301043,0.3524366769258904,-0.10916308604288
2,P3IndependentRidge,Ridge,2026-06-01,32,32,-0.7654374918361397,-0.898373488629332,-0.13293599679319223
2,P3IndependentRidge,Ridge,2026-07-01,32,32,-0.43259662139152544,-0.6212250366499461,-0.18862841525842067
2,P3IndependentRidge,Ridge,2026-08-01,32,32,-0.07336019539290117,0.2116150911218,-0.13825489572889882
2,P3IndependentRidge,Huber,2024-01-01,32,32,-0.05859997387712801,0.12123354405446207,-0.06263357017733406
2,P3IndependentRidge,Huber,2024-02-01,32,32,0.29283725198834765,-0.10651196242599781,0.18632528956234984
2,P3IndependentRidge,Huber,2024-03-01,32,32,0.2435328639474852,0.27046312975562614,-0.026930265808140952
2,P3IndependentRidge,Huber,2024-04-01,32,32,0.20158497163442568,0.23889915152787466,-0.037314179893448984
2,P3IndependentRidge,Huber,2024-05-01,32,32,-0.5955406132426746,-0.49586894153924277,0.09967167170343183
2,P3IndependentRidge,Huber,2024-06-01,32,32,0.1918658804910453,-0.09362081583405768,0.09824506465698762
2,P3IndependentRidge,Huber,2024-07-01,32,32,-0.6932096965425065,-0.7322174966392367,-0.039007800096730216
2,P3IndependentRidge,Huber,2024-08-01,32,32,-0.0009226442446952365,-0.1637460179564414,-0.16282337371174616
2,P3IndependentRidge,Huber,2024-09-01,32,32,-0.2598524267017231,-0.18127398819800078,0.07857843850372231
2,P3IndependentRidge,Huber,2024-10-01,32,32,-0.5821335117497852,-0.489592494902908,0.09254101684687721
2,P3IndependentRidge,Huber,2024-11-01,32,32,-0.8495207480845599,-1.062093039443809,-0.21257229135924915
2,P3IndependentRidge,Huber,2024-12-01,32,32,-0.2339049240656863,-0.013447246392303214,0.2204576776733831
2,P3IndependentRidge,Huber,2025-01-01,32,32,-0.048593549435844596,0.17349004804887613,-0.12489649861303154
2,P3IndependentRidge,Huber,2025-02-01,32,32,-0.6732457678199957,-0.4855162199298917,0.187729547890104
2,P3IndependentRidge,Huber,2025-03-01,32,32,-0.14044515142849234,-0.17950802247813158,-0.039062871049639236
2,P3IndependentRidge,Huber,2025-04-01,32,32,0.09941677009824179,0.32357482568235696,-0.22415805558411517
2,P3IndependentRidge,Huber,2025-05-01,32,32,0.5555730046733167,0.5681226301117022,-0.012549625438385448
2,P3IndependentRidge,Huber,2025-06-01,32,32,0.38199446451577557,0.14439125480072335,0.23760320971505222
2,P3IndependentRidge,Huber,2025-07-01,32,32,-0.033229062135938126,-0.3634504311384603,-0.3302213690025222
2,P3IndependentRidge,Huber,2025-08-01,32,32,0.8253967788837773,0.6012636040496488,0.22413317483412842
2,P3IndependentRidge,Huber,2025-09-01,32,32,-0.7044454440950907,-0.590513556134681,0.11393188796040965
2,P3IndependentRidge,Huber,2025-10-01,32,32,-0.009093851240889572,0.022530901022278726,-0.013437049781389154
2,P3IndependentRidge,Huber,2025-11-01,32,32,0.7425039204149847,0.5616134896538227,0.18089043076116196
2,P3IndependentRidge,Huber,2025-12-01,32,32,0.47471834279159275,0.36968578383121553,0.10503255896037722
2,P3IndependentRidge,Huber,2026-01-01,32,32,-0.7662050600729882,-0.6040514701391544,0.16215358993383377
2,P3IndependentRidge,Huber,2026-02-01,32,32,-0.19262999863174535,-0.6557378452114477,-0.4631078465797024
2,P3IndependentRidge,Huber,2026-03-01,32,32,0.2993582456248528,0.26434274197997354,0.035015503644879264
2,P3IndependentRidge,Huber,2026-04-01,32,32,0.8068622449007181,0.8776357478905794,-0.07077350298986129
2,P3IndependentRidge,Huber,2026-05-01,32,32,0.24327359088301043,0.3350550222066886,-0.09178143132367816
2,P3IndependentRidge,Huber,2026-06-01,32,32,-0.7654374918361397,-1.0263111695610974,-0.2608736777249576
2,P3IndependentRidge,Huber,2026-07-01,32,32,-0.43259662139152544,-0.5908282247541194,-0.158231603362594
2,P3IndependentRidge,Huber,2026-08-01,32,32,-0.07336019539290117,0.1751524935350801,-0.10179229814217894
2,P3IndependentRidge,SeasonalNaive,2024-01-01,32,32,-0.05859997387712801,0.2599999999999909,-0.2014000261228629
2,P3IndependentRidge,SeasonalNaive,2024-02-01,32,32,0.29283725198834765,0.21999999999999886,0.07283725198834878
2,P3IndependentRidge,SeasonalNaive,2024-03-01,32,32,0.2435328639474852,-0.14000000000000057,0.10353286394748462
2,P3IndependentRidge,SeasonalNaive,2024-04-01,32,32,0.20158497163442568,0.3400000000000034,-0.13841502836557773
2,P3IndependentRidge,SeasonalNaive,2024-05-01,32,32,-0.5955406132426746,-1.1899999999999977,-0.5944593867573231
2,P3IndependentRidge,SeasonalNaive,2024-06-01,32,32,0.1918658804910453,0.25,-0.058134119508954696
2,P3IndependentRidge,SeasonalNaive,2024-07-01,32,32,-0.6932096965425065,-0.5699999999999932,0.12320969654251335
2,P3IndependentRidge,SeasonalNaive,2024-08-01,32,32,-0.0009226442446952365,-0.1599999999999966,-0.15907735575530135
2,P3IndependentRidge,SeasonalNaive,2024-09-01,32,32,-0.2598524267017231,1.1299999999999955,-0.8701475732982724
2,P3IndependentRidge,SeasonalNaive,2024-10-01,32,32,-0.5821335117497852,-0.5600000000000023,0.022133511749782953
2,P3IndependentRidge,SeasonalNaive,2024-11-01,32,32,-0.8495207480845599,-0.7600000000000051,0.08952074808455479
2,P3IndependentRidge,SeasonalNaive,2024-12-01,32,32,-0.2339049240656863,-0.6199999999999903,-0.38609507593430403
2,P3IndependentRidge,SeasonalNaive,2025-01-01,32,32,-0.048593549435844596,0.030000000000001137,0.01859354943584346
2,P3IndependentRidge,SeasonalNaive,2025-02-01,32,32,-0.6732457678199957,-0.8100000000000023,-0.1367542321800066
2,P3IndependentRidge,SeasonalNaive,2025-03-01,32,32,-0.14044515142849234,-0.28000000000000114,-0.1395548485715088
2,P3IndependentRidge,SeasonalNaive,2025-04-01,32,32,0.09941677009824179,-0.15000000000000568,-0.05058322990176389
2,P3IndependentRidge,SeasonalNaive,2025-05-01,32,32,0.5555730046733167,1.009999999999991,-0.4544269953266742
2,P3IndependentRidge,SeasonalNaive,2025-06-01,32,32,0.38199446451577557,0.22000000000001307,0.1619944645157625
2,P3IndependentRidge,SeasonalNaive,2025-07-01,32,32,-0.033229062135938126,0.7099999999999937,-0.6767709378640556
2,P3IndependentRidge,SeasonalNaive,2025-08-01,32,32,0.8253967788837773,0.6599999999999966,0.16539677888378068
2,P3IndependentRidge,SeasonalNaive,2025-09-01,32,32,-0.7044454440950907,-0.37999999999999545,0.32444544409509524
2,P3IndependentRidge,SeasonalNaive,2025-10-01,32,32,-0.009093851240889572,0.4899999999999949,-0.4809061487591053
2,P3IndependentRidge,SeasonalNaive,2025-11-01,32,32,0.7425039204149847,1.3499999999999943,-0.6074960795850096
2,P3IndependentRidge,SeasonalNaive,2025-12-01,32,32,0.47471834279159275,0.6199999999999903,-0.14528165720839759
2,P3IndependentRidge,SeasonalNaive,2026-01-01,32,32,-0.7662050600729882,-0.7299999999999898,0.036205060072998396
2,P3IndependentRidge,SeasonalNaive,2026-02-01,32,32,-0.19262999863174535,0.2400000000000091,-0.04737000136826375
2,P3IndependentRidge,SeasonalNaive,2026-03-01,32,32,0.2993582456248528,0.269999999999996,0.029358245624856782
2,P3IndependentRidge,SeasonalNaive,2026-04-01,32,32,0.8068622449007181,0.8100000000000023,-0.0031377550992841563
2,P3IndependentRidge,SeasonalNaive,2026-05-01,32,32,0.24327359088301043,-0.1599999999999966,0.08327359088301384
2,P3IndependentRidge,SeasonalNaive,2026-06-01,32,32,-0.7654374918361397,-1.1000000000000085,-0.3345625081638688
2,P3IndependentRidge,SeasonalNaive,2026-07-01,32,32,-0.43259662139152544,-0.45999999999999375,-0.02740337860846831
2,P3IndependentRidge,SeasonalNaive,2026-08-01,32,32,-0.07336019539290117,-0.6899999999999977,-0.6166398046070966
2,P3IndependentRidge,GroupsFixed,2024-01-01,32,32,-0.05859997387712801,-0.2538493294274441,-0.19524935555031608
2,P3IndependentRidge,GroupsFixed,2024-02-01,32,32,0.29283725198834765,0.15107738702891016,0.1417598649594375
2,P3IndependentRidge,GroupsFixed,2024-03-01,32,32,0.2435328639474852,0.19814566088593477,0.04538720306155042
2,P3IndependentRidge,GroupsFixed,2024-04-01,32,32,0.20158497163442568,0.12525071074140515,0.07633426089302053
2,P3IndependentRidge,GroupsFixed,2024-05-01,32,32,-0.5955406132426746,-0.4757704651950253,0.1197701480476493
2,P3IndependentRidge,GroupsFixed,2024-06-01,32,32,0.1918658804910453,0.11976270815872408,0.07210317233232122
2,P3IndependentRidge,GroupsFixed,2024-07-01,32,32,-0.6932096965425065,-0.761641756370182,-0.06843205982767553
2,P3IndependentRidge,GroupsFixed,2024-08-01,32,32,-0.0009226442446952365,0.1717761287672669,-0.17085348452257165
2,P3IndependentRidge,GroupsFixed,2024-09-01,32,32,-0.2598524267017231,-0.4391098393909475,-0.1792574126892244
2,P3IndependentRidge,GroupsFixed,2024-10-01,32,32,-0.5821335117497852,-0.5633567664424337,0.018776745307351517
2,P3IndependentRidge,GroupsFixed,2024-11-01,32,32,-0.8495207480845599,-0.9372672915904041,-0.08774654350584421
2,P3IndependentRidge,GroupsFixed,2024-12-01,32,32,-0.2339049240656863,-0.2530849858831903,-0.01918006181750398
2,P3IndependentRidge,GroupsFixed,2025-01-01,32,32,-0.048593549435844596,-0.13138080484995251,-0.08278725541410792
2,P3IndependentRidge,GroupsFixed,2025-02-01,32,32,-0.6732457678199957,-0.7186805553055987,-0.045434787485603034
2,P3IndependentRidge,GroupsFixed,2025-03-01,32,32,-0.14044515142849234,-0.15819579880987256,-0.017750647381380213
2,P3IndependentRidge,GroupsFixed,2025-04-01,32,32,0.09941677009824179,0.028254202150180707,0.07116256794806108
2,P3IndependentRidge,GroupsFixed,2025-05-01,32,32,0.5555730046733167,0.521224761476487,0.03434824319682972
2,P3IndependentRidge,GroupsFixed,2025-06-01,32,32,0.38199446451577557,0.3943614844111454,-0.012367019895369813
2,P3IndependentRidge,GroupsFixed,2025-07-01,32,32,-0.033229062135938126,-0.08232687311682568,-0.04909781098088756
2,P3IndependentRidge,GroupsFixed,2025-08-01,32,32,0.8253967788837773,0.8982914449825128,-0.07289466609873552
2,P3IndependentRidge,GroupsFixed,2025-09-01,32,32,-0.7044454440950907,-0.6595031616347746,0.04494228246031606
2,P3IndependentRidge,GroupsFixed,2025-10-01,32,32,-0.009093851240889572,-0.010303090966192086,-0.0012092397253025133
2,P3IndependentRidge,GroupsFixed,2025-11-01,32,32,0.7425039204149847,0.5219376606149245,0.22056625980006017
2,P3IndependentRidge,GroupsFixed,2025-12-01,32,32,0.47471834279159275,0.5067673894689295,-0.03204904667733677
2,P3IndependentRidge,GroupsFixed,2026-01-01,32,32,-0.7662050600729882,-0.7653281778195927,0.000876882253395439
2,P3IndependentRidge,GroupsFixed,2026-02-01,32,32,-0.19262999863174535,-0.34531256238740426,-0.15268256375565892
2,P3IndependentRidge,GroupsFixed,2026-03-01,32,32,0.2993582456248528,0.21987943208061833,0.07947881354423447
2,P3IndependentRidge,GroupsFixed,2026-04-01,32,32,0.8068622449007181,0.8016889834288704,0.005173261471847712
2,P3IndependentRidge,GroupsFixed,2026-05-01,32,32,0.24327359088301043,0.27233879258928767,-0.029065201706277244
2,P3IndependentRidge,GroupsFixed,2026-06-01,32,32,-0.7654374918361397,-0.7283711289446042,0.03706636289153553
2,P3IndependentRidge,GroupsFixed,2026-07-01,32,32,-0.43259662139152544,-0.4943559375918192,-0.061759316200293735
2,P3IndependentRidge,GroupsFixed,2026-08-01,32,32,-0.07336019539290117,0.012057123840142348,0.061303071552758825
2,P3IndependentRidge,P3PartialPooling,2024-01-01,32,32,-0.05859997387712801,0.02111664897412391,0.0374833249030041
2,P3IndependentRidge,P3PartialPooling,2024-02-01,32,32,0.29283725198834765,0.3846543221993526,-0.09181707021100494
2,P3IndependentRidge,P3PartialPooling,2024-03-01,32,32,0.2435328639474852,0.296696659511265,-0.053163795563779814
2,P3IndependentRidge,P3PartialPooling,2024-04-01,32,32,0.20158497163442568,0.2555388522637775,-0.0539538806293518
2,P3IndependentRidge,P3PartialPooling,2024-05-01,32,32,-0.5955406132426746,-0.600100754068874,-0.004560140826199377
2,P3IndependentRidge,P3PartialPooling,2024-06-01,32,32,0.1918658804910453,0.12484504986076195,0.06702083063028336
2,P3IndependentRidge,P3PartialPooling,2024-07-01,32,32,-0.6932096965425065,-0.7386881829868848,-0.04547848644437824
2,P3IndependentRidge,P3PartialPooling,2024-08-01,32,32,-0.0009226442446952365,-0.10286245754332202,-0.10193981329862678
2,P3IndependentRidge,P3PartialPooling,2024-09-01,32,32,-0.2598524267017231,-0.28465596674048793,-0.024803540038764837
2,P3IndependentRidge,P3PartialPooling,2024-10-01,32,32,-0.5821335117497852,-0.645461451368974,-0.06332793961918881
2,P3IndependentRidge,P3PartialPooling,2024-11-01,32,32,-0.8495207480845599,-0.8654699644549023,-0.01594921637034241
2,P3IndependentRidge,P3PartialPooling,2024-12-01,32,32,-0.2339049240656863,-0.219002436426445,0.01490248763924129
2,P3IndependentRidge,P3PartialPooling,2025-01-01,32,32,-0.048593549435844596,0.057065492362080916,-0.00847194292623632
2,P3IndependentRidge,P3PartialPooling,2025-02-01,32,32,-0.6732457678199957,-0.571433127026683,0.10181264079331265
2,P3IndependentRidge,P3PartialPooling,2025-03-01,32,32,-0.14044515142849234,-0.08262189054837266,0.05782326088011969
2,P3IndependentRidge,P3PartialPooling,2025-04-01,32,32,0.09941677009824179,0.09736125613225544,0.0020555139659863553
2,P3IndependentRidge,P3PartialPooling,2025-05-01,32,32,0.5555730046733167,0.5537877507810816,0.0017852538922351613
2,P3IndependentRidge,P3PartialPooling,2025-06-01,32,32,0.38199446451577557,0.2868247750851876,0.09516968943058796
2,P3IndependentRidge,P3PartialPooling,2025-07-01,32,32,-0.033229062135938126,-0.011877336229191737,0.021351725906746388
2,P3IndependentRidge,P3PartialPooling,2025-08-01,32,32,0.8253967788837773,0.7088889046681386,0.11650787421563868
2,P3IndependentRidge,P3PartialPooling,2025-09-01,32,32,-0.7044454440950907,-0.7679062141355222,-0.06346077004043149
2,P3IndependentRidge,P3PartialPooling,2025-10-01,32,32,-0.009093851240889572,-0.02891425912614687,-0.019820407885257296
2,P3IndependentRidge,P3PartialPooling,2025-11-01,32,32,0.7425039204149847,0.9192290014141409,-0.17672508099915618
2,P3IndependentRidge,P3PartialPooling,2025-12-01,32,32,0.47471834279159275,0.5895895868412628,-0.11487124404967008
2,P3IndependentRidge,P3PartialPooling,2026-01-01,32,32,-0.7662050600729882,-0.6584435459879333,0.10776151408505485
2,P3IndependentRidge,P3PartialPooling,2026-02-01,32,32,-0.19262999863174535,-0.052120478216561184,0.14050952041518416
2,P3IndependentRidge,P3PartialPooling,2026-03-01,32,32,0.2993582456248528,0.38883281943439385,-0.08947457380954105
2,P3IndependentRidge,P3PartialPooling,2026-04-01,32,32,0.8068622449007181,0.8196158934643396,-0.012753648563621489
2,P3IndependentRidge,P3PartialPooling,2026-05-01,32,32,0.24327359088301043,0.2069852250160346,0.036288365866975814
2,P3IndependentRidge,P3PartialPooling,2026-06-01,32,32,-0.7654374918361397,-0.8775280706468093,-0.11209057881066953
2,P3IndependentRidge,P3PartialPooling,2026-07-01,32,32,-0.43259662139152544,-0.5038043620002763,-0.0712077406087509
2,P3IndependentRidge,P3PartialPooling,2026-08-01,32,32,-0.07336019539290117,-0.2071484836024689,-0.13378828820956773
2,P3IndependentRidge,P3PoolingLagTrend,2024-01-01,32,32,-0.05859997387712801,0.01980421575883118,0.03879575811829683
2,P3IndependentRidge,P3PoolingLagTrend,2024-02-01,32,32,0.29283725198834765,0.3718669192323394,-0.07902966724399174
2,P3IndependentRidge,P3PoolingLagTrend,2024-03-01,32,32,0.2435328639474852,0.29685085023592206,-0.05331798628843687
2,P3IndependentRidge,P3PoolingLagTrend,2024-04-01,32,32,0.20158497163442568,0.2215452189263708,-0.01996024729194512
2,P3IndependentRidge,P3PoolingLagTrend,2024-05-01,32,32,-0.5955406132426746,-0.6150767142394968,-0.019536100996822237
2,P3IndependentRidge,P3PoolingLagTrend,2024-06-01,32,32,0.1918658804910453,0.08931306958788893,0.10255281090315638
2,P3IndependentRidge,P3PoolingLagTrend,2024-07-01,32,32,-0.6932096965425065,-0.6933000480411102,-9.03514986037024e-05
2,P3IndependentRidge,P3PoolingLagTrend,2024-08-01,32,32,-0.0009226442446952365,-0.08340677435685018,-0.08248413011215494
2,P3IndependentRidge,P3PoolingLagTrend,2024-09-01,32,32,-0.2598524267017231,-0.2610059043625933,-0.0011534776608702058
2,P3IndependentRidge,P3PoolingLagTrend,2024-10-01,32,32,-0.5821335117497852,-0.6252907755867708,-0.04315726383698559
2,P3IndependentRidge,P3PoolingLagTrend,2024-11-01,32,32,-0.8495207480845599,-0.8447113623017392,0.004809385782820752
2,P3IndependentRidge,P3PoolingLagTrend,2024-12-01,32,32,-0.2339049240656863,-0.17563092360240118,0.058274000463285125
2,P3IndependentRidge,P3PoolingLagTrend,2025-01-01,32,32,-0.048593549435844596,0.1000374545978473,-0.0514439051620027
2,P3IndependentRidge,P3PoolingLagTrend,2025-02-01,32,32,-0.6732457678199957,-0.5619068923548592,0.11133887546513643
2,P3IndependentRidge,P3PoolingLagTrend,2025-03-01,32,32,-0.14044515142849234,-0.11623638871412978,0.024208762714362564
2,P3IndependentRidge,P3PoolingLagTrend,2025-04-01,32,32,0.09941677009824179,0.098163150208878,0.0012536198893637884
2,P3IndependentRidge,P3PoolingLagTrend,2025-05-01,32,32,0.5555730046733167,0.5389461884092049,0.016626816264111777
2,P3IndependentRidge,P3PoolingLagTrend,2025-06-01,32,32,0.38199446451577557,0.2788223197953709,0.10317214472040465
2,P3IndependentRidge,P3PoolingLagTrend,2025-07-01,32,32,-0.033229062135938126,-0.033640475939627434,-0.0004114138036893089
2,P3IndependentRidge,P3PoolingLagTrend,2025-08-01,32,32,0.8253967788837773,0.7220289165878697,0.10336786229590755
2,P3IndependentRidge,P3PoolingLagTrend,2025-09-01,32,32,-0.7044454440950907,-0.7737027214957292,-0.06925727740063847
2,P3IndependentRidge,P3PoolingLagTrend,2025-10-01,32,32,-0.009093851240889572,-0.06294251728782391,-0.053848666046934335
2,P3IndependentRidge,P3PoolingLagTrend,2025-11-01,32,32,0.7425039204149847,0.9752618477375063,-0.23275792732252165
2,P3IndependentRidge,P3PoolingLagTrend,2025-12-01,32,32,0.47471834279159275,0.6289313527578593,-0.15421300996626652
2,P3IndependentRidge,P3PoolingLagTrend,2026-01-01,32,32,-0.7662050600729882,-0.6789432469273106,0.0872618131456776
2,P3IndependentRidge,P3PoolingLagTrend,2026-02-01,32,32,-0.19262999863174535,-0.07347097589886142,0.11915902273288392
2,P3IndependentRidge,P3PoolingLagTrend,2026-03-01,32,32,0.2993582456248528,0.4260652446879811,-0.12670699906312832
2,P3IndependentRidge,P3PoolingLagTrend,2026-04-01,32,32,0.8068622449007181,0.8265570699363979,-0.019694825035679764
2,P3IndependentRidge,P3PoolingLagTrend,2026-05-01,32,32,0.24327359088301043,0.18293274661247982,0.0603408442705306
2,P3IndependentRidge,P3PoolingLagTrend,2026-06-01,32,32,-0.7654374918361397,-0.9221604335161733,-0.15672294168003353
2,P3IndependentRidge,P3PoolingLagTrend,2026-07-01,32,32,-0.43259662139152544,-0.5130176186415523,-0.08042099725002683
2,P3IndependentRidge,P3PoolingLagTrend,2026-08-01,32,32,-0.07336019539290117,-0.156906268565068,-0.08354607317216683
2,P3PartialPooling,Ridge,2024-01-01,32,32,0.02111664897412391,0.12406856945681,-0.10295192048268609
2,P3PartialPooling,Ridge,2024-02-01,32,32,0.3846543221993526,0.143657643350096,0.24099667884925657
2,P3PartialPooling,Ridge,2024-03-01,32,32,0.296696659511265,0.1123041195152723,0.1843925399959927
2,P3PartialPooling,Ridge,2024-04-01,32,32,0.2555388522637775,0.27844063671773256,-0.022901784453955076
2,P3PartialPooling,Ridge,2024-05-01,32,32,-0.600100754068874,-0.49151161210849637,0.10858914196037761
2,P3PartialPooling,Ridge,2024-06-01,32,32,0.12484504986076195,0.015346541920450818,0.10949850794031113
2,P3PartialPooling,Ridge,2024-07-01,32,32,-0.7386881829868848,-1.0018139342466128,-0.26312575125972804
2,P3PartialPooling,Ridge,2024-08-01,32,32,-0.10286245754332202,-0.22285851280577162,-0.11999605526244961
2,P3PartialPooling,Ridge,2024-09-01,32,32,-0.28465596674048793,-0.20121432479955104,0.0834416419409369
2,P3PartialPooling,Ridge,2024-10-01,32,32,-0.645461451368974,-0.4734329502460497,0.17202850112292434
2,P3PartialPooling,Ridge,2024-11-01,32,32,-0.8654699644549023,-1.0990772372578874,-0.2336072728029851
2,P3PartialPooling,Ridge,2024-12-01,32,32,-0.219002436426445,-0.2990775245643391,-0.0800750881378941
2,P3PartialPooling,Ridge,2025-01-01,32,32,0.057065492362080916,0.16567000190184444,-0.10860450953976353
2,P3PartialPooling,Ridge,2025-02-01,32,32,-0.571433127026683,-0.5884937052548622,-0.01706057822817919
2,P3PartialPooling,Ridge,2025-03-01,32,32,-0.08262189054837266,-0.2701259348715581,-0.18750404432318546
2,P3PartialPooling,Ridge,2025-04-01,32,32,0.09736125613225544,0.15125234065492066,-0.05389108452266522
2,P3PartialPooling,Ridge,2025-05-01,32,32,0.5537877507810816,0.5700519700101836,-0.01626421922910204
2,P3PartialPooling,Ridge,2025-06-01,32,32,0.2868247750851876,0.1552308156800848,0.13159395940510282
2,P3PartialPooling,Ridge,2025-07-01,32,32,-0.011877336229191737,-0.33128856564621856,-0.3194112294170268
2,P3PartialPooling,Ridge,2025-08-01,32,32,0.7088889046681386,0.5389313594252343,0.1699575452429043
2,P3PartialPooling,Ridge,2025-09-01,32,32,-0.7679062141355222,-0.5865487243131042,0.18135748982241795
2,P3PartialPooling,Ridge,2025-10-01,32,32,-0.02891425912614687,0.059120913770769334,-0.030206654644622466
2,P3PartialPooling,Ridge,2025-11-01,32,32,0.9192290014141409,0.526539359730549,0.3926896416835919
2,P3PartialPooling,Ridge,2025-12-01,32,32,0.5895895868412628,0.34266830959812467,0.24692127724313817
2,P3PartialPooling,Ridge,2026-01-01,32,32,-0.6584435459879333,-0.5955404842890886,0.06290306169884474
2,P3PartialPooling,Ridge,2026-02-01,32,32,-0.052120478216561184,-0.36145304578907655,-0.30933256757251537
2,P3PartialPooling,Ridge,2026-03-01,32,32,0.38883281943439385,0.15772066925065076,0.2311121501837431
2,P3PartialPooling,Ridge,2026-04-01,32,32,0.8196158934643396,0.885550586984877,-0.06593469352053738
2,P3PartialPooling,Ridge,2026-05-01,32,32,0.2069852250160346,0.3524366769258904,-0.1454514519098558
2,P3PartialPooling,Ridge,2026-06-01,32,32,-0.8775280706468093,-0.898373488629332,-0.020845417982522707
2,P3PartialPooling,Ridge,2026-07-01,32,32,-0.5038043620002763,-0.6212250366499461,-0.11742067464966977
2,P3PartialPooling,Ridge,2026-08-01,32,32,-0.2071484836024689,0.2116150911218,-0.0044666075193310895
2,P3PartialPooling,Huber,2024-01-01,32,32,0.02111664897412391,0.12123354405446207,-0.10011689508033816
2,P3PartialPooling,Huber,2024-02-01,32,32,0.3846543221993526,-0.10651196242599781,0.2781423597733548
2,P3PartialPooling,Huber,2024-03-01,32,32,0.296696659511265,0.27046312975562614,0.026233529755638862
2,P3PartialPooling,Huber,2024-04-01,32,32,0.2555388522637775,0.23889915152787466,0.016639700735902818
2,P3PartialPooling,Huber,2024-05-01,32,32,-0.600100754068874,-0.49586894153924277,0.10423181252963121
2,P3PartialPooling,Huber,2024-06-01,32,32,0.12484504986076195,-0.09362081583405768,0.031224234026704267
2,P3PartialPooling,Huber,2024-07-01,32,32,-0.7386881829868848,-0.7322174966392367,0.006470686347648025
2,P3PartialPooling,Huber,2024-08-01,32,32,-0.10286245754332202,-0.1637460179564414,-0.060883560413119375
2,P3PartialPooling,Huber,2024-09-01,32,32,-0.28465596674048793,-0.18127398819800078,0.10338197854248715
2,P3PartialPooling,Huber,2024-10-01,32,32,-0.645461451368974,-0.489592494902908,0.15586895646606602
2,P3PartialPooling,Huber,2024-11-01,32,32,-0.8654699644549023,-1.062093039443809,-0.19662307498890674
2,P3PartialPooling,Huber,2024-12-01,32,32,-0.219002436426445,-0.013447246392303214,0.2055551900341418
2,P3PartialPooling,Huber,2025-01-01,32,32,0.057065492362080916,0.17349004804887613,-0.11642455568679522
2,P3PartialPooling,Huber,2025-02-01,32,32,-0.571433127026683,-0.4855162199298917,0.08591690709679134
2,P3PartialPooling,Huber,2025-03-01,32,32,-0.08262189054837266,-0.17950802247813158,-0.09688613192975892
2,P3PartialPooling,Huber,2025-04-01,32,32,0.09736125613225544,0.32357482568235696,-0.22621356955010152
2,P3PartialPooling,Huber,2025-05-01,32,32,0.5537877507810816,0.5681226301117022,-0.014334879330620609
2,P3PartialPooling,Huber,2025-06-01,32,32,0.2868247750851876,0.14439125480072335,0.14243352028446427
2,P3PartialPooling,Huber,2025-07-01,32,32,-0.011877336229191737,-0.3634504311384603,-0.3515730949092686
2,P3PartialPooling,Huber,2025-08-01,32,32,0.7088889046681386,0.6012636040496488,0.10762530061848974
2,P3PartialPooling,Huber,2025-09-01,32,32,-0.7679062141355222,-0.590513556134681,0.17739265800084114
2,P3PartialPooling,Huber,2025-10-01,32,32,-0.02891425912614687,0.022530901022278726,0.006383358103868142
2,P3PartialPooling,Huber,2025-11-01,32,32,0.9192290014141409,0.5616134896538227,0.35761551176031814
2,P3PartialPooling,Huber,2025-12-01,32,32,0.5895895868412628,0.36968578383121553,0.2199038030100473
2,P3PartialPooling,Huber,2026-01-01,32,32,-0.6584435459879333,-0.6040514701391544,0.05439207584877892
2,P3PartialPooling,Huber,2026-02-01,32,32,-0.052120478216561184,-0.6557378452114477,-0.6036173669948866
2,P3PartialPooling,Huber,2026-03-01,32,32,0.38883281943439385,0.26434274197997354,0.12449007745442031
2,P3PartialPooling,Huber,2026-04-01,32,32,0.8196158934643396,0.8776357478905794,-0.0580198544262398
2,P3PartialPooling,Huber,2026-05-01,32,32,0.2069852250160346,0.3350550222066886,-0.12806979719065398
2,P3PartialPooling,Huber,2026-06-01,32,32,-0.8775280706468093,-1.0263111695610974,-0.1487830989142881
2,P3PartialPooling,Huber,2026-07-01,32,32,-0.5038043620002763,-0.5908282247541194,-0.0870238627538431
2,P3PartialPooling,Huber,2026-08-01,32,32,-0.2071484836024689,0.1751524935350801,0.03199599006738879
2,P3PartialPooling,SeasonalNaive,2024-01-01,32,32,0.02111664897412391,0.2599999999999909,-0.238883351025867
2,P3PartialPooling,SeasonalNaive,2024-02-01,32,32,0.3846543221993526,0.21999999999999886,0.16465432219935372
2,P3PartialPooling,SeasonalNaive,2024-03-01,32,32,0.296696659511265,-0.14000000000000057,0.15669665951126444
2,P3PartialPooling,SeasonalNaive,2024-04-01,32,32,0.2555388522637775,0.3400000000000034,-0.08446114773622593
2,P3PartialPooling,SeasonalNaive,2024-05-01,32,32,-0.600100754068874,-1.1899999999999977,-0.5898992459311238
2,P3PartialPooling,SeasonalNaive,2024-06-01,32,32,0.12484504986076195,0.25,-0.12515495013923805
2,P3PartialPooling,SeasonalNaive,2024-07-01,32,32,-0.7386881829868848,-0.5699999999999932,0.1686881829868916
2,P3PartialPooling,SeasonalNaive,2024-08-01,32,32,-0.10286245754332202,-0.1599999999999966,-0.05713754245667457
2,P3PartialPooling,SeasonalNaive,2024-09-01,32,32,-0.28465596674048793,1.1299999999999955,-0.8453440332595075
2,P3PartialPooling,SeasonalNaive,2024-10-01,32,32,-0.645461451368974,-0.5600000000000023,0.08546145136897176
2,P3PartialPooling,SeasonalNaive,2024-11-01,32,32,-0.8654699644549023,-0.7600000000000051,0.1054699644548972
2,P3PartialPooling,SeasonalNaive,2024-12-01,32,32,-0.219002436426445,-0.6199999999999903,-0.4009975635735453
2,P3PartialPooling,SeasonalNaive,2025-01-01,32,32,0.057065492362080916,0.030000000000001137,0.02706549236207978
2,P3PartialPooling,SeasonalNaive,2025-02-01,32,32,-0.571433127026683,-0.8100000000000023,-0.23856687297331924
2,P3PartialPooling,SeasonalNaive,2025-03-01,32,32,-0.08262189054837266,-0.28000000000000114,-0.19737810945162848
2,P3PartialPooling,SeasonalNaive,2025-04-01,32,32,0.09736125613225544,-0.15000000000000568,-0.05263874386775025
2,P3PartialPooling,SeasonalNaive,2025-05-01,32,32,0.5537877507810816,1.009999999999991,-0.45621224921890935
2,P3PartialPooling,SeasonalNaive,2025-06-01,32,32,0.2868247750851876,0.22000000000001307,0.06682477508517454
2,P3PartialPooling,SeasonalNaive,2025-07-01,32,32,-0.011877336229191737,0.7099999999999937,-0.698122663770802
2,P3PartialPooling,SeasonalNaive,2025-08-01,32,32,0.7088889046681386,0.6599999999999966,0.048888904668142
2,P3PartialPooling,SeasonalNaive,2025-09-01,32,32,-0.7679062141355222,-0.37999999999999545,0.38790621413552673
2,P3PartialPooling,SeasonalNaive,2025-10-01,32,32,-0.02891425912614687,0.4899999999999949,-0.461085740873848
2,P3PartialPooling,SeasonalNaive,2025-11-01,32,32,0.9192290014141409,1.3499999999999943,-0.43077099858585344
2,P3PartialPooling,SeasonalNaive,2025-12-01,32,32,0.5895895868412628,0.6199999999999903,-0.0304104131587275
2,P3PartialPooling,SeasonalNaive,2026-01-01,32,32,-0.6584435459879333,-0.7299999999999898,-0.07155645401205646
2,P3PartialPooling,SeasonalNaive,2026-02-01,32,32,-0.052120478216561184,0.2400000000000091,-0.1878795217834479
2,P3PartialPooling,SeasonalNaive,2026-03-01,32,32,0.38883281943439385,0.269999999999996,0.11883281943439783
2,P3PartialPooling,SeasonalNaive,2026-04-01,32,32,0.8196158934643396,0.8100000000000023,0.009615893464337333
2,P3PartialPooling,SeasonalNaive,2026-05-01,32,32,0.2069852250160346,-0.1599999999999966,0.046985225016038024
2,P3PartialPooling,SeasonalNaive,2026-06-01,32,32,-0.8775280706468093,-1.1000000000000085,-0.22247192935319926
2,P3PartialPooling,SeasonalNaive,2026-07-01,32,32,-0.5038043620002763,-0.45999999999999375,0.04380436200028259
2,P3PartialPooling,SeasonalNaive,2026-08-01,32,32,-0.2071484836024689,-0.6899999999999977,-0.4828515163975288
2,P3PartialPooling,GroupsFixed,2024-01-01,32,32,0.02111664897412391,-0.2538493294274441,-0.23273268045332018
2,P3PartialPooling,GroupsFixed,2024-02-01,32,32,0.3846543221993526,0.15107738702891016,0.23357693517044242
2,P3PartialPooling,GroupsFixed,2024-03-01,32,32,0.296696659511265,0.19814566088593477,0.09855099862533023
2,P3PartialPooling,GroupsFixed,2024-04-01,32,32,0.2555388522637775,0.12525071074140515,0.13028814152237234
2,P3PartialPooling,GroupsFixed,2024-05-01,32,32,-0.600100754068874,-0.4757704651950253,0.12433028887384867
2,P3PartialPooling,GroupsFixed,2024-06-01,32,32,0.12484504986076195,0.11976270815872408,0.0050823417020378625
2,P3PartialPooling,GroupsFixed,2024-07-01,32,32,-0.7386881829868848,-0.761641756370182,-0.022953573383297288
2,P3PartialPooling,GroupsFixed,2024-08-01,32,32,-0.10286245754332202,0.1717761287672669,-0.06891367122394487
2,P3PartialPooling,GroupsFixed,2024-09-01,32,32,-0.28465596674048793,-0.4391098393909475,-0.15445387265045957
2,P3PartialPooling,GroupsFixed,2024-10-01,32,32,-0.645461451368974,-0.5633567664424337,0.08210468492654033
2,P3PartialPooling,GroupsFixed,2024-11-01,32,32,-0.8654699644549023,-0.9372672915904041,-0.0717973271355018
2,P3PartialPooling,GroupsFixed,2024-12-01,32,32,-0.219002436426445,-0.2530849858831903,-0.03408254945674527
2,P3PartialPooling,GroupsFixed,2025-01-01,32,32,0.057065492362080916,-0.13138080484995251,-0.0743153124878716
2,P3PartialPooling,GroupsFixed,2025-02-01,32,32,-0.571433127026683,-0.7186805553055987,-0.14724742827891568
2,P3PartialPooling,GroupsFixed,2025-03-01,32,32,-0.08262189054837266,-0.15819579880987256,-0.0755739082614999
2,P3PartialPooling,GroupsFixed,2025-04-01,32,32,0.09736125613225544,0.028254202150180707,0.06910705398207473
2,P3PartialPooling,GroupsFixed,2025-05-01,32,32,0.5537877507810816,0.521224761476487,0.03256298930459456
2,P3PartialPooling,GroupsFixed,2025-06-01,32,32,0.2868247750851876,0.3943614844111454,-0.10753670932595777
2,P3PartialPooling,GroupsFixed,2025-07-01,32,32,-0.011877336229191737,-0.08232687311682568,-0.07044953688763395
2,P3PartialPooling,GroupsFixed,2025-08-01,32,32,0.7088889046681386,0.8982914449825128,-0.1894025403143742
2,P3PartialPooling,GroupsFixed,2025-09-01,32,32,-0.7679062141355222,-0.6595031616347746,0.10840305250074755
2,P3PartialPooling,GroupsFixed,2025-10-01,32,32,-0.02891425912614687,-0.010303090966192086,0.018611168159954783
2,P3PartialPooling,GroupsFixed,2025-11-01,32,32,0.9192290014141409,0.5219376606149245,0.39729134079921635
2,P3PartialPooling,GroupsFixed,2025-12-01,32,32,0.5895895868412628,0.5067673894689295,0.08282219737233332
2,P3PartialPooling,GroupsFixed,2026-01-01,32,32,-0.6584435459879333,-0.7653281778195927,-0.10688463183165942
2,P3PartialPooling,GroupsFixed,2026-02-01,32,32,-0.052120478216561184,-0.34531256238740426,-0.2931920841708431
2,P3PartialPooling,GroupsFixed,2026-03-01,32,32,0.38883281943439385,0.21987943208061833,0.16895338735377552
2,P3PartialPooling,GroupsFixed,2026-04-01,32,32,0.8196158934643396,0.8016889834288704,0.0179269100354692
2,P3PartialPooling,GroupsFixed,2026-05-01,32,32,0.2069852250160346,0.27233879258928767,-0.06535356757325306
2,P3PartialPooling,GroupsFixed,2026-06-01,32,32,-0.8775280706468093,-0.7283711289446042,0.14915694170220506
2,P3PartialPooling,GroupsFixed,2026-07-01,32,32,-0.5038043620002763,-0.4943559375918192,0.009448424408457168
2,P3PartialPooling,GroupsFixed,2026-08-01,32,32,-0.2071484836024689,0.012057123840142348,0.19509135976232655
2,P3PartialPooling,P3IndependentRidge,2024-01-01,32,32,0.02111664897412391,-0.05859997387712801,-0.0374833249030041
2,P3PartialPooling,P3IndependentRidge,2024-02-01,32,32,0.3846543221993526,0.29283725198834765,0.09181707021100494
2,P3PartialPooling,P3IndependentRidge,2024-03-01,32,32,0.296696659511265,0.2435328639474852,0.053163795563779814
2,P3PartialPooling,P3IndependentRidge,2024-04-01,32,32,0.2555388522637775,0.20158497163442568,0.0539538806293518
2,P3PartialPooling,P3IndependentRidge,2024-05-01,32,32,-0.600100754068874,-0.5955406132426746,0.004560140826199377
2,P3PartialPooling,P3IndependentRidge,2024-06-01,32,32,0.12484504986076195,0.1918658804910453,-0.06702083063028336
2,P3PartialPooling,P3IndependentRidge,2024-07-01,32,32,-0.7386881829868848,-0.6932096965425065,0.04547848644437824
2,P3PartialPooling,P3IndependentRidge,2024-08-01,32,32,-0.10286245754332202,-0.0009226442446952365,0.10193981329862678
2,P3PartialPooling,P3IndependentRidge,2024-09-01,32,32,-0.28465596674048793,-0.2598524267017231,0.024803540038764837
2,P3PartialPooling,P3IndependentRidge,2024-10-01,32,32,-0.645461451368974,-0.5821335117497852,0.06332793961918881
2,P3PartialPooling,P3IndependentRidge,2024-11-01,32,32,-0.8654699644549023,-0.8495207480845599,0.01594921637034241
2,P3PartialPooling,P3IndependentRidge,2024-12-01,32,32,-0.219002436426445,-0.2339049240656863,-0.01490248763924129
2,P3PartialPooling,P3IndependentRidge,2025-01-01,32,32,0.057065492362080916,-0.048593549435844596,0.00847194292623632
2,P3PartialPooling,P3IndependentRidge,2025-02-01,32,32,-0.571433127026683,-0.6732457678199957,-0.10181264079331265
2,P3PartialPooling,P3IndependentRidge,2025-03-01,32,32,-0.08262189054837266,-0.14044515142849234,-0.05782326088011969
2,P3PartialPooling,P3IndependentRidge,2025-04-01,32,32,0.09736125613225544,0.09941677009824179,-0.0020555139659863553
2,P3PartialPooling,P3IndependentRidge,2025-05-01,32,32,0.5537877507810816,0.5555730046733167,-0.0017852538922351613
2,P3PartialPooling,P3IndependentRidge,2025-06-01,32,32,0.2868247750851876,0.38199446451577557,-0.09516968943058796
2,P3PartialPooling,P3IndependentRidge,2025-07-01,32,32,-0.011877336229191737,-0.033229062135938126,-0.021351725906746388
2,P3PartialPooling,P3IndependentRidge,2025-08-01,32,32,0.7088889046681386,0.8253967788837773,-0.11650787421563868
2,P3PartialPooling,P3IndependentRidge,2025-09-01,32,32,-0.7679062141355222,-0.7044454440950907,0.06346077004043149
2,P3PartialPooling,P3IndependentRidge,2025-10-01,32,32,-0.02891425912614687,-0.009093851240889572,0.019820407885257296
2,P3PartialPooling,P3IndependentRidge,2025-11-01,32,32,0.9192290014141409,0.7425039204149847,0.17672508099915618
2,P3PartialPooling,P3IndependentRidge,2025-12-01,32,32,0.5895895868412628,0.47471834279159275,0.11487124404967008
2,P3PartialPooling,P3IndependentRidge,2026-01-01,32,32,-0.6584435459879333,-0.7662050600729882,-0.10776151408505485
2,P3PartialPooling,P3IndependentRidge,2026-02-01,32,32,-0.052120478216561184,-0.19262999863174535,-0.14050952041518416
2,P3PartialPooling,P3IndependentRidge,2026-03-01,32,32,0.38883281943439385,0.2993582456248528,0.08947457380954105
2,P3PartialPooling,P3IndependentRidge,2026-04-01,32,32,0.8196158934643396,0.8068622449007181,0.012753648563621489
2,P3PartialPooling,P3IndependentRidge,2026-05-01,32,32,0.2069852250160346,0.24327359088301043,-0.036288365866975814
2,P3PartialPooling,P3IndependentRidge,2026-06-01,32,32,-0.8775280706468093,-0.7654374918361397,0.11209057881066953
2,P3PartialPooling,P3IndependentRidge,2026-07-01,32,32,-0.5038043620002763,-0.43259662139152544,0.0712077406087509
2,P3PartialPooling,P3IndependentRidge,2026-08-01,32,32,-0.2071484836024689,-0.07336019539290117,0.13378828820956773
2,P3PartialPooling,P3PoolingLagTrend,2024-01-01,32,32,0.02111664897412391,0.01980421575883118,0.0013124332152927298
2,P3PartialPooling,P3PoolingLagTrend,2024-02-01,32,32,0.3846543221993526,0.3718669192323394,0.012787402967013195
2,P3PartialPooling,P3PoolingLagTrend,2024-03-01,32,32,0.296696659511265,0.29685085023592206,-0.00015419072465705508
2,P3PartialPooling,P3PoolingLagTrend,2024-04-01,32,32,0.2555388522637775,0.2215452189263708,0.03399363333740668
2,P3PartialPooling,P3PoolingLagTrend,2024-05-01,32,32,-0.600100754068874,-0.6150767142394968,-0.01497596017062286
2,P3PartialPooling,P3PoolingLagTrend,2024-06-01,32,32,0.12484504986076195,0.08931306958788893,0.03553198027287302
2,P3PartialPooling,P3PoolingLagTrend,2024-07-01,32,32,-0.7386881829868848,-0.6933000480411102,0.04538813494577454
2,P3PartialPooling,P3PoolingLagTrend,2024-08-01,32,32,-0.10286245754332202,-0.08340677435685018,0.01945568318647184
2,P3PartialPooling,P3PoolingLagTrend,2024-09-01,32,32,-0.28465596674048793,-0.2610059043625933,0.02365006237789463
2,P3PartialPooling,P3PoolingLagTrend,2024-10-01,32,32,-0.645461451368974,-0.6252907755867708,0.020170675782203218
2,P3PartialPooling,P3PoolingLagTrend,2024-11-01,32,32,-0.8654699644549023,-0.8447113623017392,0.020758602153163164
2,P3PartialPooling,P3PoolingLagTrend,2024-12-01,32,32,-0.219002436426445,-0.17563092360240118,0.043371512824043834
2,P3PartialPooling,P3PoolingLagTrend,2025-01-01,32,32,0.057065492362080916,0.1000374545978473,-0.04297196223576638
2,P3PartialPooling,P3PoolingLagTrend,2025-02-01,32,32,-0.571433127026683,-0.5619068923548592,0.009526234671823786
2,P3PartialPooling,P3PoolingLagTrend,2025-03-01,32,32,-0.08262189054837266,-0.11623638871412978,-0.03361449816575712
2,P3PartialPooling,P3PoolingLagTrend,2025-04-01,32,32,0.09736125613225544,0.098163150208878,-0.0008018940766225668
2,P3PartialPooling,P3PoolingLagTrend,2025-05-01,32,32,0.5537877507810816,0.5389461884092049,0.014841562371876615
2,P3PartialPooling,P3PoolingLagTrend,2025-06-01,32,32,0.2868247750851876,0.2788223197953709,0.00800245528981669
2,P3PartialPooling,P3PoolingLagTrend,2025-07-01,32,32,-0.011877336229191737,-0.033640475939627434,-0.021763139710435697
2,P3PartialPooling,P3PoolingLagTrend,2025-08-01,32,32,0.7088889046681386,0.7220289165878697,-0.013140011919731132
2,P3PartialPooling,P3PoolingLagTrend,2025-09-01,32,32,-0.7679062141355222,-0.7737027214957292,-0.005796507360206982
2,P3PartialPooling,P3PoolingLagTrend,2025-10-01,32,32,-0.02891425912614687,-0.06294251728782391,-0.03402825816167704
2,P3PartialPooling,P3PoolingLagTrend,2025-11-01,32,32,0.9192290014141409,0.9752618477375063,-0.05603284632336547
2,P3PartialPooling,P3PoolingLagTrend,2025-12-01,32,32,0.5895895868412628,0.6289313527578593,-0.03934176591659644
2,P3PartialPooling,P3PoolingLagTrend,2026-01-01,32,32,-0.6584435459879333,-0.6789432469273106,-0.020499700939377252
2,P3PartialPooling,P3PoolingLagTrend,2026-02-01,32,32,-0.052120478216561184,-0.07347097589886142,-0.02135049768230024
2,P3PartialPooling,P3PoolingLagTrend,2026-03-01,32,32,0.38883281943439385,0.4260652446879811,-0.037232425253587276
2,P3PartialPooling,P3PoolingLagTrend,2026-04-01,32,32,0.8196158934643396,0.8265570699363979,-0.006941176472058275
2,P3PartialPooling,P3PoolingLagTrend,2026-05-01,32,32,0.2069852250160346,0.18293274661247982,0.02405247840355479
2,P3PartialPooling,P3PoolingLagTrend,2026-06-01,32,32,-0.8775280706468093,-0.9221604335161733,-0.044632362869364006
2,P3PartialPooling,P3PoolingLagTrend,2026-07-01,32,32,-0.5038043620002763,-0.5130176186415523,-0.009213256641275924
2,P3PartialPooling,P3PoolingLagTrend,2026-08-01,32,32,-0.2071484836024689,-0.156906268565068,0.050242215037400895
2,P3PoolingLagTrend,Ridge,2024-01-01,32,32,0.01980421575883118,0.12406856945681,-0.10426435369797882
2,P3PoolingLagTrend,Ridge,2024-02-01,32,32,0.3718669192323394,0.143657643350096,0.22820927588224338
2,P3PoolingLagTrend,Ridge,2024-03-01,32,32,0.29685085023592206,0.1123041195152723,0.18454673072064975
2,P3PoolingLagTrend,Ridge,2024-04-01,32,32,0.2215452189263708,0.27844063671773256,-0.05689541779136176
2,P3PoolingLagTrend,Ridge,2024-05-01,32,32,-0.6150767142394968,-0.49151161210849637,0.12356510213100047
2,P3PoolingLagTrend,Ridge,2024-06-01,32,32,0.08931306958788893,0.015346541920450818,0.07396652766743811
2,P3PoolingLagTrend,Ridge,2024-07-01,32,32,-0.6933000480411102,-1.0018139342466128,-0.3085138862055026
2,P3PoolingLagTrend,Ridge,2024-08-01,32,32,-0.08340677435685018,-0.22285851280577162,-0.13945173844892145
2,P3PoolingLagTrend,Ridge,2024-09-01,32,32,-0.2610059043625933,-0.20121432479955104,0.05979157956304226
2,P3PoolingLagTrend,Ridge,2024-10-01,32,32,-0.6252907755867708,-0.4734329502460497,0.15185782534072112
2,P3PoolingLagTrend,Ridge,2024-11-01,32,32,-0.8447113623017392,-1.0990772372578874,-0.25436587495614826
2,P3PoolingLagTrend,Ridge,2024-12-01,32,32,-0.17563092360240118,-0.2990775245643391,-0.12344660096193794
2,P3PoolingLagTrend,Ridge,2025-01-01,32,32,0.1000374545978473,0.16567000190184444,-0.06563254730399715
2,P3PoolingLagTrend,Ridge,2025-02-01,32,32,-0.5619068923548592,-0.5884937052548622,-0.026586812900002976
2,P3PoolingLagTrend,Ridge,2025-03-01,32,32,-0.11623638871412978,-0.2701259348715581,-0.15388954615742834
2,P3PoolingLagTrend,Ridge,2025-04-01,32,32,0.098163150208878,0.15125234065492066,-0.053089190446042656
2,P3PoolingLagTrend,Ridge,2025-05-01,32,32,0.5389461884092049,0.5700519700101836,-0.031105781600978655
2,P3PoolingLagTrend,Ridge,2025-06-01,32,32,0.2788223197953709,0.1552308156800848,0.12359150411528613
2,P3PoolingLagTrend,Ridge,2025-07-01,32,32,-0.033640475939627434,-0.33128856564621856,-0.2976480897065911
2,P3PoolingLagTrend,Ridge,2025-08-01,32,32,0.7220289165878697,0.5389313594252343,0.18309755716263543
2,P3PoolingLagTrend,Ridge,2025-09-01,32,32,-0.7737027214957292,-0.5865487243131042,0.18715399718262493
2,P3PoolingLagTrend,Ridge,2025-10-01,32,32,-0.06294251728782391,0.059120913770769334,0.0038216035170545726
2,P3PoolingLagTrend,Ridge,2025-11-01,32,32,0.9752618477375063,0.526539359730549,0.44872248800695735
2,P3PoolingLagTrend,Ridge,2025-12-01,32,32,0.6289313527578593,0.34266830959812467,0.2862630431597346
2,P3PoolingLagTrend,Ridge,2026-01-01,32,32,-0.6789432469273106,-0.5955404842890886,0.083402762638222
2,P3PoolingLagTrend,Ridge,2026-02-01,32,32,-0.07347097589886142,-0.36145304578907655,-0.28798206989021513
2,P3PoolingLagTrend,Ridge,2026-03-01,32,32,0.4260652446879811,0.15772066925065076,0.26834457543733037
2,P3PoolingLagTrend,Ridge,2026-04-01,32,32,0.8265570699363979,0.885550586984877,-0.058993517048479105
2,P3PoolingLagTrend,Ridge,2026-05-01,32,32,0.18293274661247982,0.3524366769258904,-0.1695039303134106
2,P3PoolingLagTrend,Ridge,2026-06-01,32,32,-0.9221604335161733,-0.898373488629332,0.0237869448868413
2,P3PoolingLagTrend,Ridge,2026-07-01,32,32,-0.5130176186415523,-0.6212250366499461,-0.10820741800839384
2,P3PoolingLagTrend,Ridge,2026-08-01,32,32,-0.156906268565068,0.2116150911218,-0.054708822556731984
2,P3PoolingLagTrend,Huber,2024-01-01,32,32,0.01980421575883118,0.12123354405446207,-0.1014293282956309
2,P3PoolingLagTrend,Huber,2024-02-01,32,32,0.3718669192323394,-0.10651196242599781,0.2653549568063416
2,P3PoolingLagTrend,Huber,2024-03-01,32,32,0.29685085023592206,0.27046312975562614,0.026387720480295918
2,P3PoolingLagTrend,Huber,2024-04-01,32,32,0.2215452189263708,0.23889915152787466,-0.017353932601503863
2,P3PoolingLagTrend,Huber,2024-05-01,32,32,-0.6150767142394968,-0.49586894153924277,0.11920777270025407
2,P3PoolingLagTrend,Huber,2024-06-01,32,32,0.08931306958788893,-0.09362081583405768,-0.004307746246168753
2,P3PoolingLagTrend,Huber,2024-07-01,32,32,-0.6933000480411102,-0.7322174966392367,-0.038917448598126514
2,P3PoolingLagTrend,Huber,2024-08-01,32,32,-0.08340677435685018,-0.1637460179564414,-0.08033924359959121
2,P3PoolingLagTrend,Huber,2024-09-01,32,32,-0.2610059043625933,-0.18127398819800078,0.07973191616459252
2,P3PoolingLagTrend,Huber,2024-10-01,32,32,-0.6252907755867708,-0.489592494902908,0.1356982806838628
2,P3PoolingLagTrend,Huber,2024-11-01,32,32,-0.8447113623017392,-1.062093039443809,-0.2173816771420699
2,P3PoolingLagTrend,Huber,2024-12-01,32,32,-0.17563092360240118,-0.013447246392303214,0.16218367721009797
2,P3PoolingLagTrend,Huber,2025-01-01,32,32,0.1000374545978473,0.17349004804887613,-0.07345259345102884
2,P3PoolingLagTrend,Huber,2025-02-01,32,32,-0.5619068923548592,-0.4855162199298917,0.07639067242496755
2,P3PoolingLagTrend,Huber,2025-03-01,32,32,-0.11623638871412978,-0.17950802247813158,-0.0632716337640018
2,P3PoolingLagTrend,Huber,2025-04-01,32,32,0.098163150208878,0.32357482568235696,-0.22541167547347896
2,P3PoolingLagTrend,Huber,2025-05-01,32,32,0.5389461884092049,0.5681226301117022,-0.029176441702497224
2,P3PoolingLagTrend,Huber,2025-06-01,32,32,0.2788223197953709,0.14439125480072335,0.13443106499464758
2,P3PoolingLagTrend,Huber,2025-07-01,32,32,-0.033640475939627434,-0.3634504311384603,-0.3298099551988329
2,P3PoolingLagTrend,Huber,2025-08-01,32,32,0.7220289165878697,0.6012636040496488,0.12076531253822087
2,P3PoolingLagTrend,Huber,2025-09-01,32,32,-0.7737027214957292,-0.590513556134681,0.18318916536104812
2,P3PoolingLagTrend,Huber,2025-10-01,32,32,-0.06294251728782391,0.022530901022278726,0.04041161626554518
2,P3PoolingLagTrend,Huber,2025-11-01,32,32,0.9752618477375063,0.5616134896538227,0.4136483580836836
2,P3PoolingLagTrend,Huber,2025-12-01,32,32,0.6289313527578593,0.36968578383121553,0.25924556892664374
2,P3PoolingLagTrend,Huber,2026-01-01,32,32,-0.6789432469273106,-0.6040514701391544,0.07489177678815617
2,P3PoolingLagTrend,Huber,2026-02-01,32,32,-0.07347097589886142,-0.6557378452114477,-0.5822668693125863
2,P3PoolingLagTrend,Huber,2026-03-01,32,32,0.4260652446879811,0.26434274197997354,0.1617225027080076
2,P3PoolingLagTrend,Huber,2026-04-01,32,32,0.8265570699363979,0.8776357478905794,-0.05107867795418153
2,P3PoolingLagTrend,Huber,2026-05-01,32,32,0.18293274661247982,0.3350550222066886,-0.15212227559420877
2,P3PoolingLagTrend,Huber,2026-06-01,32,32,-0.9221604335161733,-1.0263111695610974,-0.10415073604492409
2,P3PoolingLagTrend,Huber,2026-07-01,32,32,-0.5130176186415523,-0.5908282247541194,-0.07781060611256718
2,P3PoolingLagTrend,Huber,2026-08-01,32,32,-0.156906268565068,0.1751524935350801,-0.018246224970012104
2,P3PoolingLagTrend,SeasonalNaive,2024-01-01,32,32,0.01980421575883118,0.2599999999999909,-0.24019578424115973
2,P3PoolingLagTrend,SeasonalNaive,2024-02-01,32,32,0.3718669192323394,0.21999999999999886,0.15186691923234052
2,P3PoolingLagTrend,SeasonalNaive,2024-03-01,32,32,0.29685085023592206,-0.14000000000000057,0.1568508502359215
2,P3PoolingLagTrend,SeasonalNaive,2024-04-01,32,32,0.2215452189263708,0.3400000000000034,-0.11845478107363261
2,P3PoolingLagTrend,SeasonalNaive,2024-05-01,32,32,-0.6150767142394968,-1.1899999999999977,-0.5749232857605009
2,P3PoolingLagTrend,SeasonalNaive,2024-06-01,32,32,0.08931306958788893,0.25,-0.16068693041211107
2,P3PoolingLagTrend,SeasonalNaive,2024-07-01,32,32,-0.6933000480411102,-0.5699999999999932,0.12330004804111705
2,P3PoolingLagTrend,SeasonalNaive,2024-08-01,32,32,-0.08340677435685018,-0.1599999999999966,-0.07659322564314641
2,P3PoolingLagTrend,SeasonalNaive,2024-09-01,32,32,-0.2610059043625933,1.1299999999999955,-0.8689940956374022
2,P3PoolingLagTrend,SeasonalNaive,2024-10-01,32,32,-0.6252907755867708,-0.5600000000000023,0.06529077558676855
2,P3PoolingLagTrend,SeasonalNaive,2024-11-01,32,32,-0.8447113623017392,-0.7600000000000051,0.08471136230173404
2,P3PoolingLagTrend,SeasonalNaive,2024-12-01,32,32,-0.17563092360240118,-0.6199999999999903,-0.44436907639758916
2,P3PoolingLagTrend,SeasonalNaive,2025-01-01,32,32,0.1000374545978473,0.030000000000001137,0.07003745459784616
2,P3PoolingLagTrend,SeasonalNaive,2025-02-01,32,32,-0.5619068923548592,-0.8100000000000023,-0.24809310764514303
2,P3PoolingLagTrend,SeasonalNaive,2025-03-01,32,32,-0.11623638871412978,-0.28000000000000114,-0.16376361128587136
2,P3PoolingLagTrend,SeasonalNaive,2025-04-01,32,32,0.098163150208878,-0.15000000000000568,-0.05183684979112768
2,P3PoolingLagTrend,SeasonalNaive,2025-05-01,32,32,0.5389461884092049,1.009999999999991,-0.47105381159078596
2,P3PoolingLagTrend,SeasonalNaive,2025-06-01,32,32,0.2788223197953709,0.22000000000001307,0.05882231979535785
2,P3PoolingLagTrend,SeasonalNaive,2025-07-01,32,32,-0.033640475939627434,0.7099999999999937,-0.6763595240603664
2,P3PoolingLagTrend,SeasonalNaive,2025-08-01,32,32,0.7220289165878697,0.6599999999999966,0.06202891658787313
2,P3PoolingLagTrend,SeasonalNaive,2025-09-01,32,32,-0.7737027214957292,-0.37999999999999545,0.3937027214957337
2,P3PoolingLagTrend,SeasonalNaive,2025-10-01,32,32,-0.06294251728782391,0.4899999999999949,-0.427057482712171
2,P3PoolingLagTrend,SeasonalNaive,2025-11-01,32,32,0.9752618477375063,1.3499999999999943,-0.37473815226248797
2,P3PoolingLagTrend,SeasonalNaive,2025-12-01,32,32,0.6289313527578593,0.6199999999999903,0.008931352757868938
2,P3PoolingLagTrend,SeasonalNaive,2026-01-01,32,32,-0.6789432469273106,-0.7299999999999898,-0.051056753072679206
2,P3PoolingLagTrend,SeasonalNaive,2026-02-01,32,32,-0.07347097589886142,0.2400000000000091,-0.16652902410114767
2,P3PoolingLagTrend,SeasonalNaive,2026-03-01,32,32,0.4260652446879811,0.269999999999996,0.1560652446879851
2,P3PoolingLagTrend,SeasonalNaive,2026-04-01,32,32,0.8265570699363979,0.8100000000000023,0.016557069936395608
2,P3PoolingLagTrend,SeasonalNaive,2026-05-01,32,32,0.18293274661247982,-0.1599999999999966,0.022932746612483235
2,P3PoolingLagTrend,SeasonalNaive,2026-06-01,32,32,-0.9221604335161733,-1.1000000000000085,-0.17783956648383525
2,P3PoolingLagTrend,SeasonalNaive,2026-07-01,32,32,-0.5130176186415523,-0.45999999999999375,0.05301761864155852
2,P3PoolingLagTrend,SeasonalNaive,2026-08-01,32,32,-0.156906268565068,-0.6899999999999977,-0.5330937314349298
2,P3PoolingLagTrend,GroupsFixed,2024-01-01,32,32,0.01980421575883118,-0.2538493294274441,-0.23404511366861291
2,P3PoolingLagTrend,GroupsFixed,2024-02-01,32,32,0.3718669192323394,0.15107738702891016,0.22078953220342923
2,P3PoolingLagTrend,GroupsFixed,2024-03-01,32,32,0.29685085023592206,0.19814566088593477,0.09870518934998729
2,P3PoolingLagTrend,GroupsFixed,2024-04-01,32,32,0.2215452189263708,0.12525071074140515,0.09629450818496565
2,P3PoolingLagTrend,GroupsFixed,2024-05-01,32,32,-0.6150767142394968,-0.4757704651950253,0.13930624904447153
2,P3PoolingLagTrend,GroupsFixed,2024-06-01,32,32,0.08931306958788893,0.11976270815872408,-0.030449638570835158
2,P3PoolingLagTrend,GroupsFixed,2024-07-01,32,32,-0.6933000480411102,-0.761641756370182,-0.06834170832907183
2,P3PoolingLagTrend,GroupsFixed,2024-08-01,32,32,-0.08340677435685018,0.1717761287672669,-0.08836935441041671
2,P3PoolingLagTrend,GroupsFixed,2024-09-01,32,32,-0.2610059043625933,-0.4391098393909475,-0.1781039350283542
2,P3PoolingLagTrend,GroupsFixed,2024-10-01,32,32,-0.6252907755867708,-0.5633567664424337,0.06193400914433711
2,P3PoolingLagTrend,GroupsFixed,2024-11-01,32,32,-0.8447113623017392,-0.9372672915904041,-0.09255592928866496
2,P3PoolingLagTrend,GroupsFixed,2024-12-01,32,32,-0.17563092360240118,-0.2530849858831903,-0.0774540622807891
2,P3PoolingLagTrend,GroupsFixed,2025-01-01,32,32,0.1000374545978473,-0.13138080484995251,-0.03134335025210522
2,P3PoolingLagTrend,GroupsFixed,2025-02-01,32,32,-0.5619068923548592,-0.7186805553055987,-0.15677366295073947
2,P3PoolingLagTrend,GroupsFixed,2025-03-01,32,32,-0.11623638871412978,-0.15819579880987256,-0.04195941009574278
2,P3PoolingLagTrend,GroupsFixed,2025-04-01,32,32,0.098163150208878,0.028254202150180707,0.0699089480586973
2,P3PoolingLagTrend,GroupsFixed,2025-05-01,32,32,0.5389461884092049,0.521224761476487,0.017721426932717943
2,P3PoolingLagTrend,GroupsFixed,2025-06-01,32,32,0.2788223197953709,0.3943614844111454,-0.11553916461577446
2,P3PoolingLagTrend,GroupsFixed,2025-07-01,32,32,-0.033640475939627434,-0.08232687311682568,-0.04868639717719825
2,P3PoolingLagTrend,GroupsFixed,2025-08-01,32,32,0.7220289165878697,0.8982914449825128,-0.17626252839464307
2,P3PoolingLagTrend,GroupsFixed,2025-09-01,32,32,-0.7737027214957292,-0.6595031616347746,0.11419955986095454
2,P3PoolingLagTrend,GroupsFixed,2025-10-01,32,32,-0.06294251728782391,-0.010303090966192086,0.05263942632163182
2,P3PoolingLagTrend,GroupsFixed,2025-11-01,32,32,0.9752618477375063,0.5219376606149245,0.4533241871225818
2,P3PoolingLagTrend,GroupsFixed,2025-12-01,32,32,0.6289313527578593,0.5067673894689295,0.12216396328892976
2,P3PoolingLagTrend,GroupsFixed,2026-01-01,32,32,-0.6789432469273106,-0.7653281778195927,-0.08638493089228216
2,P3PoolingLagTrend,GroupsFixed,2026-02-01,32,32,-0.07347097589886142,-0.34531256238740426,-0.27184158648854284
2,P3PoolingLagTrend,GroupsFixed,2026-03-01,32,32,0.4260652446879811,0.21987943208061833,0.2061858126073628
2,P3PoolingLagTrend,GroupsFixed,2026-04-01,32,32,0.8265570699363979,0.8016889834288704,0.024868086507527476
2,P3PoolingLagTrend,GroupsFixed,2026-05-01,32,32,0.18293274661247982,0.27233879258928767,-0.08940604597680785
2,P3PoolingLagTrend,GroupsFixed,2026-06-01,32,32,-0.9221604335161733,-0.7283711289446042,0.19378930457156907
2,P3PoolingLagTrend,GroupsFixed,2026-07-01,32,32,-0.5130176186415523,-0.4943559375918192,0.018661681049733092
2,P3PoolingLagTrend,GroupsFixed,2026-08-01,32,32,-0.156906268565068,0.012057123840142348,0.14484914472492566
2,P3PoolingLagTrend,P3IndependentRidge,2024-01-01,32,32,0.01980421575883118,-0.05859997387712801,-0.03879575811829683
2,P3PoolingLagTrend,P3IndependentRidge,2024-02-01,32,32,0.3718669192323394,0.29283725198834765,0.07902966724399174
2,P3PoolingLagTrend,P3IndependentRidge,2024-03-01,32,32,0.29685085023592206,0.2435328639474852,0.05331798628843687
2,P3PoolingLagTrend,P3IndependentRidge,2024-04-01,32,32,0.2215452189263708,0.20158497163442568,0.01996024729194512
2,P3PoolingLagTrend,P3IndependentRidge,2024-05-01,32,32,-0.6150767142394968,-0.5955406132426746,0.019536100996822237
2,P3PoolingLagTrend,P3IndependentRidge,2024-06-01,32,32,0.08931306958788893,0.1918658804910453,-0.10255281090315638
2,P3PoolingLagTrend,P3IndependentRidge,2024-07-01,32,32,-0.6933000480411102,-0.6932096965425065,9.03514986037024e-05
2,P3PoolingLagTrend,P3IndependentRidge,2024-08-01,32,32,-0.08340677435685018,-0.0009226442446952365,0.08248413011215494
2,P3PoolingLagTrend,P3IndependentRidge,2024-09-01,32,32,-0.2610059043625933,-0.2598524267017231,0.0011534776608702058
2,P3PoolingLagTrend,P3IndependentRidge,2024-10-01,32,32,-0.6252907755867708,-0.5821335117497852,0.04315726383698559
2,P3PoolingLagTrend,P3IndependentRidge,2024-11-01,32,32,-0.8447113623017392,-0.8495207480845599,-0.004809385782820752
2,P3PoolingLagTrend,P3IndependentRidge,2024-12-01,32,32,-0.17563092360240118,-0.2339049240656863,-0.058274000463285125
2,P3PoolingLagTrend,P3IndependentRidge,2025-01-01,32,32,0.1000374545978473,-0.048593549435844596,0.0514439051620027
2,P3PoolingLagTrend,P3IndependentRidge,2025-02-01,32,32,-0.5619068923548592,-0.6732457678199957,-0.11133887546513643
2,P3PoolingLagTrend,P3IndependentRidge,2025-03-01,32,32,-0.11623638871412978,-0.14044515142849234,-0.024208762714362564
2,P3PoolingLagTrend,P3IndependentRidge,2025-04-01,32,32,0.098163150208878,0.09941677009824179,-0.0012536198893637884
2,P3PoolingLagTrend,P3IndependentRidge,2025-05-01,32,32,0.5389461884092049,0.5555730046733167,-0.016626816264111777
2,P3PoolingLagTrend,P3IndependentRidge,2025-06-01,32,32,0.2788223197953709,0.38199446451577557,-0.10317214472040465
2,P3PoolingLagTrend,P3IndependentRidge,2025-07-01,32,32,-0.033640475939627434,-0.033229062135938126,0.0004114138036893089
2,P3PoolingLagTrend,P3IndependentRidge,2025-08-01,32,32,0.7220289165878697,0.8253967788837773,-0.10336786229590755
2,P3PoolingLagTrend,P3IndependentRidge,2025-09-01,32,32,-0.7737027214957292,-0.7044454440950907,0.06925727740063847
2,P3PoolingLagTrend,P3IndependentRidge,2025-10-01,32,32,-0.06294251728782391,-0.009093851240889572,0.053848666046934335
2,P3PoolingLagTrend,P3IndependentRidge,2025-11-01,32,32,0.9752618477375063,0.7425039204149847,0.23275792732252165
2,P3PoolingLagTrend,P3IndependentRidge,2025-12-01,32,32,0.6289313527578593,0.47471834279159275,0.15421300996626652
2,P3PoolingLagTrend,P3IndependentRidge,2026-01-01,32,32,-0.6789432469273106,-0.7662050600729882,-0.0872618131456776
2,P3PoolingLagTrend,P3IndependentRidge,2026-02-01,32,32,-0.07347097589886142,-0.19262999863174535,-0.11915902273288392
2,P3PoolingLagTrend,P3IndependentRidge,2026-03-01,32,32,0.4260652446879811,0.2993582456248528,0.12670699906312832
2,P3PoolingLagTrend,P3IndependentRidge,2026-04-01,32,32,0.8265570699363979,0.8068622449007181,0.019694825035679764
2,P3PoolingLagTrend,P3IndependentRidge,2026-05-01,32,32,0.18293274661247982,0.24327359088301043,-0.0603408442705306
2,P3PoolingLagTrend,P3IndependentRidge,2026-06-01,32,32,-0.9221604335161733,-0.7654374918361397,0.15672294168003353
2,P3PoolingLagTrend,P3IndependentRidge,2026-07-01,32,32,-0.5130176186415523,-0.43259662139152544,0.08042099725002683
2,P3PoolingLagTrend,P3IndependentRidge,2026-08-01,32,32,-0.156906268565068,-0.07336019539290117,0.08354607317216683
2,P3PoolingLagTrend,P3PartialPooling,2024-01-01,32,32,0.01980421575883118,0.02111664897412391,-0.0013124332152927298
2,P3PoolingLagTrend,P3PartialPooling,2024-02-01,32,32,0.3718669192323394,0.3846543221993526,-0.012787402967013195
2,P3PoolingLagTrend,P3PartialPooling,2024-03-01,32,32,0.29685085023592206,0.296696659511265,0.00015419072465705508
2,P3PoolingLagTrend,P3PartialPooling,2024-04-01,32,32,0.2215452189263708,0.2555388522637775,-0.03399363333740668
2,P3PoolingLagTrend,P3PartialPooling,2024-05-01,32,32,-0.6150767142394968,-0.600100754068874,0.01497596017062286
2,P3PoolingLagTrend,P3PartialPooling,2024-06-01,32,32,0.08931306958788893,0.12484504986076195,-0.03553198027287302
2,P3PoolingLagTrend,P3PartialPooling,2024-07-01,32,32,-0.6933000480411102,-0.7386881829868848,-0.04538813494577454
2,P3PoolingLagTrend,P3PartialPooling,2024-08-01,32,32,-0.08340677435685018,-0.10286245754332202,-0.01945568318647184
2,P3PoolingLagTrend,P3PartialPooling,2024-09-01,32,32,-0.2610059043625933,-0.28465596674048793,-0.02365006237789463
2,P3PoolingLagTrend,P3PartialPooling,2024-10-01,32,32,-0.6252907755867708,-0.645461451368974,-0.020170675782203218
2,P3PoolingLagTrend,P3PartialPooling,2024-11-01,32,32,-0.8447113623017392,-0.8654699644549023,-0.020758602153163164
2,P3PoolingLagTrend,P3PartialPooling,2024-12-01,32,32,-0.17563092360240118,-0.219002436426445,-0.043371512824043834
2,P3PoolingLagTrend,P3PartialPooling,2025-01-01,32,32,0.1000374545978473,0.057065492362080916,0.04297196223576638
2,P3PoolingLagTrend,P3PartialPooling,2025-02-01,32,32,-0.5619068923548592,-0.571433127026683,-0.009526234671823786
2,P3PoolingLagTrend,P3PartialPooling,2025-03-01,32,32,-0.11623638871412978,-0.08262189054837266,0.03361449816575712
2,P3PoolingLagTrend,P3PartialPooling,2025-04-01,32,32,0.098163150208878,0.09736125613225544,0.0008018940766225668
2,P3PoolingLagTrend,P3PartialPooling,2025-05-01,32,32,0.5389461884092049,0.5537877507810816,-0.014841562371876615
2,P3PoolingLagTrend,P3PartialPooling,2025-06-01,32,32,0.2788223197953709,0.2868247750851876,-0.00800245528981669
2,P3PoolingLagTrend,P3PartialPooling,2025-07-01,32,32,-0.033640475939627434,-0.011877336229191737,0.021763139710435697
2,P3PoolingLagTrend,P3PartialPooling,2025-08-01,32,32,0.7220289165878697,0.7088889046681386,0.013140011919731132
2,P3PoolingLagTrend,P3PartialPooling,2025-09-01,32,32,-0.7737027214957292,-0.7679062141355222,0.005796507360206982
2,P3PoolingLagTrend,P3PartialPooling,2025-10-01,32,32,-0.06294251728782391,-0.02891425912614687,0.03402825816167704
2,P3PoolingLagTrend,P3PartialPooling,2025-11-01,32,32,0.9752618477375063,0.9192290014141409,0.05603284632336547
2,P3PoolingLagTrend,P3PartialPooling,2025-12-01,32,32,0.6289313527578593,0.5895895868412628,0.03934176591659644
2,P3PoolingLagTrend,P3PartialPooling,2026-01-01,32,32,-0.6789432469273106,-0.6584435459879333,0.020499700939377252
2,P3PoolingLagTrend,P3PartialPooling,2026-02-01,32,32,-0.07347097589886142,-0.052120478216561184,0.02135049768230024
2,P3PoolingLagTrend,P3PartialPooling,2026-03-01,32,32,0.4260652446879811,0.38883281943439385,0.037232425253587276
2,P3PoolingLagTrend,P3PartialPooling,2026-04-01,32,32,0.8265570699363979,0.8196158934643396,0.006941176472058275
2,P3PoolingLagTrend,P3PartialPooling,2026-05-01,32,32,0.18293274661247982,0.2069852250160346,-0.02405247840355479
2,P3PoolingLagTrend,P3PartialPooling,2026-06-01,32,32,-0.9221604335161733,-0.8775280706468093,0.044632362869364006
2,P3PoolingLagTrend,P3PartialPooling,2026-07-01,32,32,-0.5130176186415523,-0.5038043620002763,0.009213256641275924
2,P3PoolingLagTrend,P3PartialPooling,2026-08-01,32,32,-0.156906268565068,-0.2071484836024689,-0.050242215037400895
12,Ridge,Huber,2024-01-01,32,32,0.11289973032759804,0.1429736163785975,-0.030073886050999477
12,Ridge,Huber,2024-02-01,32,32,0.2586601959955317,0.2274233223462261,0.031236873649305608
12,Ridge,Huber,2024-03-01,32,32,0.203082479634503,0.12434348111722215,0.07873899851728083
12,Ridge,Huber,2024-04-01,32,32,0.4077789317469467,0.4469327062374475,-0.03915377449050084
12,Ridge,Huber,2024-05-01,32,32,-0.4240572343352369,-0.49910722057641976,-0.07504998624118286
12,Ridge,Huber,2024-06-01,32,32,0.048288787894023244,-0.04832144832694496,-3.2660432921716165e-05
12,Ridge,Huber,2024-07-01,32,32,-0.706342363114743,-0.6446326657359975,0.06170969737874543
12,Ridge,Huber,2024-08-01,32,32,0.14494128571342912,0.08567750515067019,0.05926378056275894
12,Ridge,Huber,2024-09-01,32,32,-0.1917201642902171,-0.14323375255787596,0.04848641173234114
12,Ridge,Huber,2024-10-01,32,32,-0.47464206742175463,-0.4751536959143863,-0.0005116284926316439
12,Ridge,Huber,2024-11-01,32,32,-1.0517364214133664,-1.0741844122339046,-0.022447990820538166
12,Ridge,Huber,2024-12-01,32,32,-0.17324757391007495,-0.23565394263043515,-0.062406368720360206
12,Ridge,Huber,2025-01-01,32,32,0.1326858770151631,0.15014973635652495,-0.017463859341361854
12,Ridge,Huber,2025-02-01,32,32,-0.505473008194457,-0.6042756528464253,-0.09880264465196831
12,Ridge,Huber,2025-03-01,32,32,-0.12493736893364371,-0.1587876162159887,-0.03385024728234498
12,Ridge,Huber,2025-04-01,32,32,0.346582551581605,0.24329725498084542,0.10328529660075958
12,Ridge,Huber,2025-05-01,32,32,0.5662881141850562,0.5622525022578344,0.004035611927221794
12,Ridge,Huber,2025-06-01,32,32,0.2523814964201989,0.1460201357199793,0.10636136070021962
12,Ridge,Huber,2025-07-01,32,32,-0.266111766047743,0.005814044671055285,0.2602977213766877
12,Ridge,Huber,2025-08-01,32,32,0.6511473451393215,0.622940609611021,0.02820673552830044
12,Ridge,Huber,2025-09-01,32,32,-0.5504614696086918,-0.538364890759226,0.0120965788494658
12,Ridge,Huber,2025-10-01,32,32,0.04208010239159421,0.06556388303903304,-0.023483780647438834
12,Ridge,Huber,2025-11-01,32,32,0.24312425475183375,0.46646452739192057,-0.22334027264008682
12,Ridge,Huber,2025-12-01,32,32,0.35898453339852665,0.5579215287748838,-0.19893699537635712
12,Ridge,Huber,2026-01-01,32,32,-0.5947668458287865,-0.5914642172874665,0.0033026285413200185
12,Ridge,Huber,2026-02-01,32,32,-0.44069277805537865,-0.3295241845789576,0.11116859347642105
12,Ridge,Huber,2026-03-01,32,32,0.15347691861943247,0.17358555777867934,-0.020108639159246877
12,Ridge,Huber,2026-04-01,32,32,0.9603377232823505,0.9183122824977659,0.04202544078458459
12,Ridge,Huber,2026-05-01,32,32,0.3761757735601634,0.34172719319553835,0.03444858036462506
12,Ridge,Huber,2026-06-01,32,32,-0.8102266138348142,-0.8796340990570286,-0.0694074852222144
12,Ridge,Huber,2026-07-01,32,32,-0.7396518535728944,-0.7222612079936113,0.01739064557928316
12,Ridge,Huber,2026-08-01,32,32,0.05529321756813488,-0.11328766366239051,-0.057994446094255636
12,Ridge,SeasonalNaive,2024-01-01,32,32,0.11289973032759804,0.2599999999999909,-0.14710026967239287
12,Ridge,SeasonalNaive,2024-02-01,32,32,0.2586601959955317,0.21999999999999886,0.03866019599553283
12,Ridge,SeasonalNaive,2024-03-01,32,32,0.203082479634503,-0.14000000000000057,0.06308247963450242
12,Ridge,SeasonalNaive,2024-04-01,32,32,0.4077789317469467,0.3400000000000034,0.06777893174694327
12,Ridge,SeasonalNaive,2024-05-01,32,32,-0.4240572343352369,-1.1899999999999977,-0.7659427656647608
12,Ridge,SeasonalNaive,2024-06-01,32,32,0.048288787894023244,0.25,-0.20171121210597676
12,Ridge,SeasonalNaive,2024-07-01,32,32,-0.706342363114743,-0.5699999999999932,0.1363423631147498
12,Ridge,SeasonalNaive,2024-08-01,32,32,0.14494128571342912,-0.1599999999999966,-0.015058714286567465
12,Ridge,SeasonalNaive,2024-09-01,32,32,-0.1917201642902171,1.1299999999999955,-0.9382798357097784
12,Ridge,SeasonalNaive,2024-10-01,32,32,-0.47464206742175463,-0.5600000000000023,-0.08535793257824764
12,Ridge,SeasonalNaive,2024-11-01,32,32,-1.0517364214133664,-0.7600000000000051,0.2917364214133613
12,Ridge,SeasonalNaive,2024-12-01,32,32,-0.17324757391007495,-0.6199999999999903,-0.4467524260899154
12,Ridge,SeasonalNaive,2025-01-01,32,32,0.1326858770151631,0.030000000000001137,0.10268587701516196
12,Ridge,SeasonalNaive,2025-02-01,32,32,-0.505473008194457,-0.8100000000000023,-0.3045269918055453
12,Ridge,SeasonalNaive,2025-03-01,32,32,-0.12493736893364371,-0.28000000000000114,-0.15506263106635743
12,Ridge,SeasonalNaive,2025-04-01,32,32,0.346582551581605,-0.15000000000000568,0.19658255158159932
12,Ridge,SeasonalNaive,2025-05-01,32,32,0.5662881141850562,1.009999999999991,-0.4437118858149347
12,Ridge,SeasonalNaive,2025-06-01,32,32,0.2523814964201989,0.22000000000001307,0.03238149642018584
12,Ridge,SeasonalNaive,2025-07-01,32,32,-0.266111766047743,0.7099999999999937,-0.44388823395225074
12,Ridge,SeasonalNaive,2025-08-01,32,32,0.6511473451393215,0.6599999999999966,-0.008852654860675102
12,Ridge,SeasonalNaive,2025-09-01,32,32,-0.5504614696086918,-0.37999999999999545,0.17046146960869635
12,Ridge,SeasonalNaive,2025-10-01,32,32,0.04208010239159421,0.4899999999999949,-0.4479198976084007
12,Ridge,SeasonalNaive,2025-11-01,32,32,0.24312425475183375,1.3499999999999943,-1.1068757452481606
12,Ridge,SeasonalNaive,2025-12-01,32,32,0.35898453339852665,0.6199999999999903,-0.2610154666014637
12,Ridge,SeasonalNaive,2026-01-01,32,32,-0.5947668458287865,-0.7299999999999898,-0.1352331541712033
12,Ridge,SeasonalNaive,2026-02-01,32,32,-0.44069277805537865,0.2400000000000091,0.20069277805536956
12,Ridge,SeasonalNaive,2026-03-01,32,32,0.15347691861943247,0.269999999999996,-0.11652308138056355
12,Ridge,SeasonalNaive,2026-04-01,32,32,0.9603377232823505,0.8100000000000023,0.15033772328234818
12,Ridge,SeasonalNaive,2026-05-01,32,32,0.3761757735601634,-0.1599999999999966,0.21617577356016682
12,Ridge,SeasonalNaive,2026-06-01,32,32,-0.8102266138348142,-1.1000000000000085,-0.2897733861651943
12,Ridge,SeasonalNaive,2026-07-01,32,32,-0.7396518535728944,-0.45999999999999375,0.2796518535729007
12,Ridge,SeasonalNaive,2026-08-01,32,32,0.05529321756813488,-0.6899999999999977,-0.6347067824318628
12,Ridge,GroupsFixed,2024-01-01,32,32,0.11289973032759804,-0.2168802041809016,-0.10398047385330356
12,Ridge,GroupsFixed,2024-02-01,32,32,0.2586601959955317,0.22019700047760704,0.03846319551792465
12,Ridge,GroupsFixed,2024-03-01,32,32,0.203082479634503,0.18404231112147929,0.019040168513023703
12,Ridge,GroupsFixed,2024-04-01,32,32,0.4077789317469467,0.20735620027625212,0.20042273147069456
12,Ridge,GroupsFixed,2024-05-01,32,32,-0.4240572343352369,-0.44200322775676504,-0.01794599342152814
12,Ridge,GroupsFixed,2024-06-01,32,32,0.048288787894023244,0.15791035399954284,-0.1096215661055196
12,Ridge,GroupsFixed,2024-07-01,32,32,-0.706342363114743,-0.7714480435664661,-0.06510568045172316
12,Ridge,GroupsFixed,2024-08-01,32,32,0.14494128571342912,0.19936044367332795,-0.05441915795989882
12,Ridge,GroupsFixed,2024-09-01,32,32,-0.1917201642902171,-0.3218996133309597,-0.13017944904074258
12,Ridge,GroupsFixed,2024-10-01,32,32,-0.47464206742175463,-0.5556732501558952,-0.08103118273414056
12,Ridge,GroupsFixed,2024-11-01,32,32,-1.0517364214133664,-0.9753253962546561,0.07641102515871034
12,Ridge,GroupsFixed,2024-12-01,32,32,-0.17324757391007495,-0.29654471501048363,-0.12329714110040868
12,Ridge,GroupsFixed,2025-01-01,32,32,0.1326858770151631,-0.13444317346034373,-0.0017572964451806339
12,Ridge,GroupsFixed,2025-02-01,32,32,-0.505473008194457,-0.6268789295963766,-0.12140592140191964
12,Ridge,GroupsFixed,2025-03-01,32,32,-0.12493736893364371,-0.1541905520207807,-0.02925318308713698
12,Ridge,GroupsFixed,2025-04-01,32,32,0.346582551581605,0.033796988405127903,0.3127855631764771
12,Ridge,GroupsFixed,2025-05-01,32,32,0.5662881141850562,0.5185955760262334,0.047692538158822795
12,Ridge,GroupsFixed,2025-06-01,32,32,0.2523814964201989,0.4518925458892988,-0.19951104946909987
12,Ridge,GroupsFixed,2025-07-01,32,32,-0.266111766047743,-0.01082318964518103,0.255288576402562
12,Ridge,GroupsFixed,2025-08-01,32,32,0.6511473451393215,0.8523406512192919,-0.20119330607997044
12,Ridge,GroupsFixed,2025-09-01,32,32,-0.5504614696086918,-0.6790451568159626,-0.12858368720727076
12,Ridge,GroupsFixed,2025-10-01,32,32,0.04208010239159421,-0.1122004620099406,-0.0701203596183464
12,Ridge,GroupsFixed,2025-11-01,32,32,0.24312425475183375,0.42413902746913523,-0.1810147727173015
12,Ridge,GroupsFixed,2025-12-01,32,32,0.35898453339852665,0.41175768799905477,-0.052773154600528116
12,Ridge,GroupsFixed,2026-01-01,32,32,-0.5947668458287865,-0.8108864717948964,-0.2161196259661099
12,Ridge,GroupsFixed,2026-02-01,32,32,-0.44069277805537865,-0.37485839704021207,0.06583438101516659
12,Ridge,GroupsFixed,2026-03-01,32,32,0.15347691861943247,0.16783741450835787,-0.014360495888925406
12,Ridge,GroupsFixed,2026-04-01,32,32,0.9603377232823505,0.8879616335329676,0.07237608974938281
12,Ridge,GroupsFixed,2026-05-01,32,32,0.3761757735601634,0.3987294206324605,-0.022553647072297067
12,Ridge,GroupsFixed,2026-06-01,32,32,-0.8102266138348142,-0.7072632857769372,0.102963328057877
12,Ridge,GroupsFixed,2026-07-01,32,32,-0.7396518535728944,-0.551479571441202,0.18817228213169246
12,Ridge,GroupsFixed,2026-08-01,32,32,0.05529321756813488,0.05565411922621613,-0.00036090165808125296
12,Ridge,P3IndependentRidge,2024-01-01,32,32,0.11289973032759804,0.06417986279749999,0.04871986753009805
12,Ridge,P3IndependentRidge,2024-02-01,32,32,0.2586601959955317,0.35641320151608025,-0.09775300552054855
12,Ridge,P3IndependentRidge,2024-03-01,32,32,0.203082479634503,0.2540000652638488,-0.050917585629345785
12,Ridge,P3IndependentRidge,2024-04-01,32,32,0.4077789317469467,0.2235027705033037,0.184276161243643
12,Ridge,P3IndependentRidge,2024-05-01,32,32,-0.4240572343352369,-0.623925334867681,-0.19986810053244408
12,Ridge,P3IndependentRidge,2024-06-01,32,32,0.048288787894023244,0.16303018547487602,-0.11474139758085278
12,Ridge,P3IndependentRidge,2024-07-01,32,32,-0.706342363114743,-0.7766499394399249,-0.07030757632518192
12,Ridge,P3IndependentRidge,2024-08-01,32,32,0.14494128571342912,0.042394844989332714,0.10254644072409641
12,Ridge,P3IndependentRidge,2024-09-01,32,32,-0.1917201642902171,-0.22403510463644677,-0.03231494034622967
12,Ridge,P3IndependentRidge,2024-10-01,32,32,-0.47464206742175463,-0.5872918972571148,-0.1126498298353602
12,Ridge,P3IndependentRidge,2024-11-01,32,32,-1.0517364214133664,-0.8537377658081208,0.19799865560524565
12,Ridge,P3IndependentRidge,2024-12-01,32,32,-0.17324757391007495,-0.2682957249463037,-0.09504815103622877
12,Ridge,P3IndependentRidge,2025-01-01,32,32,0.1326858770151631,-0.07500720131168426,0.05767867570347884
12,Ridge,P3IndependentRidge,2025-02-01,32,32,-0.505473008194457,-0.5755151749926367,-0.07004216679817976
12,Ridge,P3IndependentRidge,2025-03-01,32,32,-0.12493736893364371,-0.11690514256183682,0.008032226371806894
12,Ridge,P3IndependentRidge,2025-04-01,32,32,0.346582551581605,0.010808608448267254,0.33577394313333775
12,Ridge,P3IndependentRidge,2025-05-01,32,32,0.5662881141850562,0.5979264573306501,-0.031638343145593883
12,Ridge,P3IndependentRidge,2025-06-01,32,32,0.2523814964201989,0.40304615716094466,-0.15066466074074575
12,Ridge,P3IndependentRidge,2025-07-01,32,32,-0.266111766047743,0.015174912400648,0.250936853647095
12,Ridge,P3IndependentRidge,2025-08-01,32,32,0.6511473451393215,0.7595792188104675,-0.10843187367114604
12,Ridge,P3IndependentRidge,2025-09-01,32,32,-0.5504614696086918,-0.7535945350674962,-0.20313306545880438
12,Ridge,P3IndependentRidge,2025-10-01,32,32,0.04208010239159421,-0.11004393030555193,-0.06796382791395772
12,Ridge,P3IndependentRidge,2025-11-01,32,32,0.24312425475183375,0.5394313670764321,-0.2963071123245984
12,Ridge,P3IndependentRidge,2025-12-01,32,32,0.35898453339852665,0.4428150062306291,-0.08383047283210243
12,Ridge,P3IndependentRidge,2026-01-01,32,32,-0.5947668458287865,-0.8161151718177326,-0.22134832598894616
12,Ridge,P3IndependentRidge,2026-02-01,32,32,-0.44069277805537865,-0.2737746442598923,0.16691813379548637
12,Ridge,P3IndependentRidge,2026-03-01,32,32,0.15347691861943247,0.25980082056960574,-0.10632390195017327
12,Ridge,P3IndependentRidge,2026-04-01,32,32,0.9603377232823505,0.9521205504227296,0.00821717285962087
12,Ridge,P3IndependentRidge,2026-05-01,32,32,0.3761757735601634,0.35266170767107097,0.02351406588909244
12,Ridge,P3IndependentRidge,2026-06-01,32,32,-0.8102266138348142,-0.8002505281747234,0.009976085660090783
12,Ridge,P3IndependentRidge,2026-07-01,32,32,-0.7396518535728944,-0.5454248413223648,0.19422701225052963
12,Ridge,P3IndependentRidge,2026-08-01,32,32,0.05529321756813488,-0.11327232162712156,-0.05797910405898668
12,Ridge,P3PartialPooling,2024-01-01,32,32,0.11289973032759804,0.1890559087557131,-0.07615617842811506
12,Ridge,P3PartialPooling,2024-02-01,32,32,0.2586601959955317,0.4979855757944547,-0.239325379798923
12,Ridge,P3PartialPooling,2024-03-01,32,32,0.203082479634503,0.3461906128926696,-0.14310813325816663
12,Ridge,P3PartialPooling,2024-04-01,32,32,0.4077789317469467,0.31827169605965655,0.08950723568729013
12,Ridge,P3PartialPooling,2024-05-01,32,32,-0.4240572343352369,-0.6718129526624355,-0.24775571832719856
12,Ridge,P3PartialPooling,2024-06-01,32,32,0.048288787894023244,0.08126575082371035,-0.032976962929687104
12,Ridge,P3PartialPooling,2024-07-01,32,32,-0.706342363114743,-0.8936041183270247,-0.18726175521228172
12,Ridge,P3PartialPooling,2024-08-01,32,32,0.14494128571342912,-0.10088219000779626,0.044059095705632864
12,Ridge,P3PartialPooling,2024-09-01,32,32,-0.1917201642902171,-0.2343145794574485,-0.04259441516723139
12,Ridge,P3PartialPooling,2024-10-01,32,32,-0.47464206742175463,-0.6135790233427985,-0.13893695592104383
12,Ridge,P3PartialPooling,2024-11-01,32,32,-1.0517364214133664,-0.8286261909431683,0.22311023047019818
12,Ridge,P3PartialPooling,2024-12-01,32,32,-0.17324757391007495,-0.24439552629032113,-0.07114795238024618
12,Ridge,P3PartialPooling,2025-01-01,32,32,0.1326858770151631,0.024939564802854974,0.10774631221230813
12,Ridge,P3PartialPooling,2025-02-01,32,32,-0.505473008194457,-0.49184859635398315,0.013624411840473805
12,Ridge,P3PartialPooling,2025-03-01,32,32,-0.12493736893364371,-0.019921999587843686,0.10501536934580002
12,Ridge,P3PartialPooling,2025-04-01,32,32,0.346582551581605,0.06337287223175547,0.28320967934984953
12,Ridge,P3PartialPooling,2025-05-01,32,32,0.5662881141850562,0.6485933615864421,-0.0823052474013859
12,Ridge,P3PartialPooling,2025-06-01,32,32,0.2523814964201989,0.3725840442663018,-0.1202025478461029
12,Ridge,P3PartialPooling,2025-07-01,32,32,-0.266111766047743,0.04809537852080531,0.2180163875269377
12,Ridge,P3PartialPooling,2025-08-01,32,32,0.6511473451393215,0.6652283187764768,-0.014080973637155325
12,Ridge,P3PartialPooling,2025-09-01,32,32,-0.5504614696086918,-0.7961799121998615,-0.2457184425911697
12,Ridge,P3PartialPooling,2025-10-01,32,32,0.04208010239159421,-0.10725467851302145,-0.06517457612142724
12,Ridge,P3PartialPooling,2025-11-01,32,32,0.24312425475183375,0.631904536362209,-0.38878028161037526
12,Ridge,P3PartialPooling,2025-12-01,32,32,0.35898453339852665,0.5249446221062722,-0.1659600887077456
12,Ridge,P3PartialPooling,2026-01-01,32,32,-0.5947668458287865,-0.6838106084813849,-0.08904376265259839
12,Ridge,P3PartialPooling,2026-02-01,32,32,-0.44069277805537865,-0.11648525481097227,0.3242075232444064
12,Ridge,P3PartialPooling,2026-03-01,32,32,0.15347691861943247,0.33877403928432326,-0.1852971206648908
12,Ridge,P3PartialPooling,2026-04-01,32,32,0.9603377232823505,0.9585309251617142,0.0018067981206362216
12,Ridge,P3PartialPooling,2026-05-01,32,32,0.3761757735601634,0.29844733696031867,0.07772843659984474
12,Ridge,P3PartialPooling,2026-06-01,32,32,-0.8102266138348142,-0.9016087998139424,-0.09138218597912817
12,Ridge,P3PartialPooling,2026-07-01,32,32,-0.7396518535728944,-0.5832810448575618,0.1563708087153326
12,Ridge,P3PartialPooling,2026-08-01,32,32,0.05529321756813488,-0.2752389016768158,-0.21994568410868093
12,Ridge,P3PoolingLagTrend,2024-01-01,32,32,0.11289973032759804,0.2228987890162335,-0.10999905868863546
12,Ridge,P3PoolingLagTrend,2024-02-01,32,32,0.2586601959955317,0.5357156370253715,-0.2770554410298398
12,Ridge,P3PoolingLagTrend,2024-03-01,32,32,0.203082479634503,0.35508872033260996,-0.15200624069810698
12,Ridge,P3PoolingLagTrend,2024-04-01,32,32,0.4077789317469467,0.3179165010245161,0.08986243072243061
12,Ridge,P3PoolingLagTrend,2024-05-01,32,32,-0.4240572343352369,-0.6848261645300464,-0.2607689301948095
12,Ridge,P3PoolingLagTrend,2024-06-01,32,32,0.048288787894023244,0.05526214731477763,-0.006973359420754388
12,Ridge,P3PoolingLagTrend,2024-07-01,32,32,-0.706342363114743,-0.8932125759749157,-0.1868702128601727
12,Ridge,P3PoolingLagTrend,2024-08-01,32,32,0.14494128571342912,-0.09148462206803822,0.05345666364539091
12,Ridge,P3PoolingLagTrend,2024-09-01,32,32,-0.1917201642902171,-0.22355647660020223,-0.031836312309985126
12,Ridge,P3PoolingLagTrend,2024-10-01,32,32,-0.47464206742175463,-0.5833934371280427,-0.10875136970628807
12,Ridge,P3PoolingLagTrend,2024-11-01,32,32,-1.0517364214133664,-0.8090664900687883,0.24266993134457815
12,Ridge,P3PoolingLagTrend,2024-12-01,32,32,-0.17324757391007495,-0.22590014547689985,-0.0526525715668249
12,Ridge,P3PoolingLagTrend,2025-01-01,32,32,0.1326858770151631,0.020467022043553107,0.11221885497161
12,Ridge,P3PoolingLagTrend,2025-02-01,32,32,-0.505473008194457,-0.5024046374452811,0.003068370749175875
12,Ridge,P3PoolingLagTrend,2025-03-01,32,32,-0.12493736893364371,-0.03663120808019793,0.08830616085344578
12,Ridge,P3PoolingLagTrend,2025-04-01,32,32,0.346582551581605,0.047743595185896215,0.2988389563957088
12,Ridge,P3PoolingLagTrend,2025-05-01,32,32,0.5662881141850562,0.6412218595101625,-0.07493374532510633
12,Ridge,P3PoolingLagTrend,2025-06-01,32,32,0.2523814964201989,0.3831726218020544,-0.1307911253818555
12,Ridge,P3PoolingLagTrend,2025-07-01,32,32,-0.266111766047743,0.06468908857709976,0.20142267747064324
12,Ridge,P3PoolingLagTrend,2025-08-01,32,32,0.6511473451393215,0.7027201099864827,-0.05157276484716122
12,Ridge,P3PoolingLagTrend,2025-09-01,32,32,-0.5504614696086918,-0.7853283926593929,-0.23486692305070112
12,Ridge,P3PoolingLagTrend,2025-10-01,32,32,0.04208010239159421,-0.09902383670042508,-0.05694373430883087
12,Ridge,P3PoolingLagTrend,2025-11-01,32,32,0.24312425475183375,0.6436883880560896,-0.4005641333042559
12,Ridge,P3PoolingLagTrend,2025-12-01,32,32,0.35898453339852665,0.5504615444321072,-0.1914770110335805
12,Ridge,P3PoolingLagTrend,2026-01-01,32,32,-0.5947668458287865,-0.6803569396371886,-0.0855900938084021
12,Ridge,P3PoolingLagTrend,2026-02-01,32,32,-0.44069277805537865,-0.12105578502549208,0.3196369930298866
12,Ridge,P3PoolingLagTrend,2026-03-01,32,32,0.15347691861943247,0.33553851888638175,-0.18206160026694929
12,Ridge,P3PoolingLagTrend,2026-04-01,32,32,0.9603377232823505,0.9560008588796549,0.004336864402695539
12,Ridge,P3PoolingLagTrend,2026-05-01,32,32,0.3761757735601634,0.2955332885064788,0.0806424850536846
12,Ridge,P3PoolingLagTrend,2026-06-01,32,32,-0.8102266138348142,-0.9091981691137696,-0.0989715552789554
12,Ridge,P3PoolingLagTrend,2026-07-01,32,32,-0.7396518535728944,-0.5935854308335711,0.14606642273932335
12,Ridge,P3PoolingLagTrend,2026-08-01,32,32,0.05529321756813488,-0.26746642199404624,-0.21217320442591137
12,Huber,Ridge,2024-01-01,32,32,0.1429736163785975,0.11289973032759804,0.030073886050999477
12,Huber,Ridge,2024-02-01,32,32,0.2274233223462261,0.2586601959955317,-0.031236873649305608
12,Huber,Ridge,2024-03-01,32,32,0.12434348111722215,0.203082479634503,-0.07873899851728083
12,Huber,Ridge,2024-04-01,32,32,0.4469327062374475,0.4077789317469467,0.03915377449050084
12,Huber,Ridge,2024-05-01,32,32,-0.49910722057641976,-0.4240572343352369,0.07504998624118286
12,Huber,Ridge,2024-06-01,32,32,-0.04832144832694496,0.048288787894023244,3.2660432921716165e-05
12,Huber,Ridge,2024-07-01,32,32,-0.6446326657359975,-0.706342363114743,-0.06170969737874543
12,Huber,Ridge,2024-08-01,32,32,0.08567750515067019,0.14494128571342912,-0.05926378056275894
12,Huber,Ridge,2024-09-01,32,32,-0.14323375255787596,-0.1917201642902171,-0.04848641173234114
12,Huber,Ridge,2024-10-01,32,32,-0.4751536959143863,-0.47464206742175463,0.0005116284926316439
12,Huber,Ridge,2024-11-01,32,32,-1.0741844122339046,-1.0517364214133664,0.022447990820538166
12,Huber,Ridge,2024-12-01,32,32,-0.23565394263043515,-0.17324757391007495,0.062406368720360206
12,Huber,Ridge,2025-01-01,32,32,0.15014973635652495,0.1326858770151631,0.017463859341361854
12,Huber,Ridge,2025-02-01,32,32,-0.6042756528464253,-0.505473008194457,0.09880264465196831
12,Huber,Ridge,2025-03-01,32,32,-0.1587876162159887,-0.12493736893364371,0.03385024728234498
12,Huber,Ridge,2025-04-01,32,32,0.24329725498084542,0.346582551581605,-0.10328529660075958
12,Huber,Ridge,2025-05-01,32,32,0.5622525022578344,0.5662881141850562,-0.004035611927221794
12,Huber,Ridge,2025-06-01,32,32,0.1460201357199793,0.2523814964201989,-0.10636136070021962
12,Huber,Ridge,2025-07-01,32,32,0.005814044671055285,-0.266111766047743,-0.2602977213766877
12,Huber,Ridge,2025-08-01,32,32,0.622940609611021,0.6511473451393215,-0.02820673552830044
12,Huber,Ridge,2025-09-01,32,32,-0.538364890759226,-0.5504614696086918,-0.0120965788494658
12,Huber,Ridge,2025-10-01,32,32,0.06556388303903304,0.04208010239159421,0.023483780647438834
12,Huber,Ridge,2025-11-01,32,32,0.46646452739192057,0.24312425475183375,0.22334027264008682
12,Huber,Ridge,2025-12-01,32,32,0.5579215287748838,0.35898453339852665,0.19893699537635712
12,Huber,Ridge,2026-01-01,32,32,-0.5914642172874665,-0.5947668458287865,-0.0033026285413200185
12,Huber,Ridge,2026-02-01,32,32,-0.3295241845789576,-0.44069277805537865,-0.11116859347642105
12,Huber,Ridge,2026-03-01,32,32,0.17358555777867934,0.15347691861943247,0.020108639159246877
12,Huber,Ridge,2026-04-01,32,32,0.9183122824977659,0.9603377232823505,-0.04202544078458459
12,Huber,Ridge,2026-05-01,32,32,0.34172719319553835,0.3761757735601634,-0.03444858036462506
12,Huber,Ridge,2026-06-01,32,32,-0.8796340990570286,-0.8102266138348142,0.0694074852222144
12,Huber,Ridge,2026-07-01,32,32,-0.7222612079936113,-0.7396518535728944,-0.01739064557928316
12,Huber,Ridge,2026-08-01,32,32,-0.11328766366239051,0.05529321756813488,0.057994446094255636
12,Huber,SeasonalNaive,2024-01-01,32,32,0.1429736163785975,0.2599999999999909,-0.11702638362139339
12,Huber,SeasonalNaive,2024-02-01,32,32,0.2274233223462261,0.21999999999999886,0.0074233223462272235
12,Huber,SeasonalNaive,2024-03-01,32,32,0.12434348111722215,-0.14000000000000057,-0.015656518882778414
12,Huber,SeasonalNaive,2024-04-01,32,32,0.4469327062374475,0.3400000000000034,0.10693270623744411
12,Huber,SeasonalNaive,2024-05-01,32,32,-0.49910722057641976,-1.1899999999999977,-0.690892779423578
12,Huber,SeasonalNaive,2024-06-01,32,32,-0.04832144832694496,0.25,-0.20167855167305504
12,Huber,SeasonalNaive,2024-07-01,32,32,-0.6446326657359975,-0.5699999999999932,0.07463266573600436
12,Huber,SeasonalNaive,2024-08-01,32,32,0.08567750515067019,-0.1599999999999966,-0.0743224948493264
12,Huber,SeasonalNaive,2024-09-01,32,32,-0.14323375255787596,1.1299999999999955,-0.9867662474421195
12,Huber,SeasonalNaive,2024-10-01,32,32,-0.4751536959143863,-0.5600000000000023,-0.084846304085616
12,Huber,SeasonalNaive,2024-11-01,32,32,-1.0741844122339046,-0.7600000000000051,0.3141844122338995
12,Huber,SeasonalNaive,2024-12-01,32,32,-0.23565394263043515,-0.6199999999999903,-0.3843460573695552
12,Huber,SeasonalNaive,2025-01-01,32,32,0.15014973635652495,0.030000000000001137,0.12014973635652382
12,Huber,SeasonalNaive,2025-02-01,32,32,-0.6042756528464253,-0.8100000000000023,-0.20572434715357701
12,Huber,SeasonalNaive,2025-03-01,32,32,-0.1587876162159887,-0.28000000000000114,-0.12121238378401245
12,Huber,SeasonalNaive,2025-04-01,32,32,0.24329725498084542,-0.15000000000000568,0.09329725498083974
12,Huber,SeasonalNaive,2025-05-01,32,32,0.5622525022578344,1.009999999999991,-0.4477474977421565
12,Huber,SeasonalNaive,2025-06-01,32,32,0.1460201357199793,0.22000000000001307,-0.07397986428003378
12,Huber,SeasonalNaive,2025-07-01,32,32,0.005814044671055285,0.7099999999999937,-0.7041859553289385
12,Huber,SeasonalNaive,2025-08-01,32,32,0.622940609611021,0.6599999999999966,-0.037059390388975544
12,Huber,SeasonalNaive,2025-09-01,32,32,-0.538364890759226,-0.37999999999999545,0.15836489075923055
12,Huber,SeasonalNaive,2025-10-01,32,32,0.06556388303903304,0.4899999999999949,-0.42443611696096184
12,Huber,SeasonalNaive,2025-11-01,32,32,0.46646452739192057,1.3499999999999943,-0.8835354726080737
12,Huber,SeasonalNaive,2025-12-01,32,32,0.5579215287748838,0.6199999999999903,-0.06207847122510657
12,Huber,SeasonalNaive,2026-01-01,32,32,-0.5914642172874665,-0.7299999999999898,-0.13853578271252331
12,Huber,SeasonalNaive,2026-02-01,32,32,-0.3295241845789576,0.2400000000000091,0.0895241845789485
12,Huber,SeasonalNaive,2026-03-01,32,32,0.17358555777867934,0.269999999999996,-0.09641444222131668
12,Huber,SeasonalNaive,2026-04-01,32,32,0.9183122824977659,0.8100000000000023,0.10831228249776359
12,Huber,SeasonalNaive,2026-05-01,32,32,0.34172719319553835,-0.1599999999999966,0.18172719319554176
12,Huber,SeasonalNaive,2026-06-01,32,32,-0.8796340990570286,-1.1000000000000085,-0.22036590094297992
12,Huber,SeasonalNaive,2026-07-01,32,32,-0.7222612079936113,-0.45999999999999375,0.2622612079936175
12,Huber,SeasonalNaive,2026-08-01,32,32,-0.11328766366239051,-0.6899999999999977,-0.5767123363376072
12,Huber,GroupsFixed,2024-01-01,32,32,0.1429736163785975,-0.2168802041809016,-0.07390658780230408
12,Huber,GroupsFixed,2024-02-01,32,32,0.2274233223462261,0.22019700047760704,0.007226321868619046
12,Huber,GroupsFixed,2024-03-01,32,32,0.12434348111722215,0.18404231112147929,-0.05969883000425713
12,Huber,GroupsFixed,2024-04-01,32,32,0.4469327062374475,0.20735620027625212,0.2395765059611954
12,Huber,GroupsFixed,2024-05-01,32,32,-0.49910722057641976,-0.44200322775676504,0.057103992819654725
12,Huber,GroupsFixed,2024-06-01,32,32,-0.04832144832694496,0.15791035399954284,-0.10958890567259788
12,Huber,GroupsFixed,2024-07-01,32,32,-0.6446326657359975,-0.7714480435664661,-0.1268153778304686
12,Huber,GroupsFixed,2024-08-01,32,32,0.08567750515067019,0.19936044367332795,-0.11368293852265776
12,Huber,GroupsFixed,2024-09-01,32,32,-0.14323375255787596,-0.3218996133309597,-0.17866586077308372
12,Huber,GroupsFixed,2024-10-01,32,32,-0.4751536959143863,-0.5556732501558952,-0.08051955424150892
12,Huber,GroupsFixed,2024-11-01,32,32,-1.0741844122339046,-0.9753253962546561,0.09885901597924851
12,Huber,GroupsFixed,2024-12-01,32,32,-0.23565394263043515,-0.29654471501048363,-0.060890772380048475
12,Huber,GroupsFixed,2025-01-01,32,32,0.15014973635652495,-0.13444317346034373,0.01570656289618122
12,Huber,GroupsFixed,2025-02-01,32,32,-0.6042756528464253,-0.6268789295963766,-0.02260327674995133
12,Huber,GroupsFixed,2025-03-01,32,32,-0.1587876162159887,-0.1541905520207807,0.0045970641952080005
12,Huber,GroupsFixed,2025-04-01,32,32,0.24329725498084542,0.033796988405127903,0.20950026657571752
12,Huber,GroupsFixed,2025-05-01,32,32,0.5622525022578344,0.5185955760262334,0.043656926231601
12,Huber,GroupsFixed,2025-06-01,32,32,0.1460201357199793,0.4518925458892988,-0.3058724101693195
12,Huber,GroupsFixed,2025-07-01,32,32,0.005814044671055285,-0.01082318964518103,-0.0050091449741257454
12,Huber,GroupsFixed,2025-08-01,32,32,0.622940609611021,0.8523406512192919,-0.22940004160827088
12,Huber,GroupsFixed,2025-09-01,32,32,-0.538364890759226,-0.6790451568159626,-0.14068026605673656
12,Huber,GroupsFixed,2025-10-01,32,32,0.06556388303903304,-0.1122004620099406,-0.04663657897090756
12,Huber,GroupsFixed,2025-11-01,32,32,0.46646452739192057,0.42413902746913523,0.04232549992278534
12,Huber,GroupsFixed,2025-12-01,32,32,0.5579215287748838,0.41175768799905477,0.146163840775829
12,Huber,GroupsFixed,2026-01-01,32,32,-0.5914642172874665,-0.8108864717948964,-0.21942225450742991
12,Huber,GroupsFixed,2026-02-01,32,32,-0.3295241845789576,-0.37485839704021207,-0.045334212461254464
12,Huber,GroupsFixed,2026-03-01,32,32,0.17358555777867934,0.16783741450835787,0.005748143270321471
12,Huber,GroupsFixed,2026-04-01,32,32,0.9183122824977659,0.8879616335329676,0.03035064896479822
12,Huber,GroupsFixed,2026-05-01,32,32,0.34172719319553835,0.3987294206324605,-0.057002227436922126
12,Huber,GroupsFixed,2026-06-01,32,32,-0.8796340990570286,-0.7072632857769372,0.1723708132800914
12,Huber,GroupsFixed,2026-07-01,32,32,-0.7222612079936113,-0.551479571441202,0.1707816365524093
12,Huber,GroupsFixed,2026-08-01,32,32,-0.11328766366239051,0.05565411922621613,0.05763354443617438
12,Huber,P3IndependentRidge,2024-01-01,32,32,0.1429736163785975,0.06417986279749999,0.07879375358109753
12,Huber,P3IndependentRidge,2024-02-01,32,32,0.2274233223462261,0.35641320151608025,-0.12898987916985416
12,Huber,P3IndependentRidge,2024-03-01,32,32,0.12434348111722215,0.2540000652638488,-0.12965658414662662
12,Huber,P3IndependentRidge,2024-04-01,32,32,0.4469327062374475,0.2235027705033037,0.22342993573414383
12,Huber,P3IndependentRidge,2024-05-01,32,32,-0.49910722057641976,-0.623925334867681,-0.12481811429126122
12,Huber,P3IndependentRidge,2024-06-01,32,32,-0.04832144832694496,0.16303018547487602,-0.11470873714793106
12,Huber,P3IndependentRidge,2024-07-01,32,32,-0.6446326657359975,-0.7766499394399249,-0.13201727370392735
12,Huber,P3IndependentRidge,2024-08-01,32,32,0.08567750515067019,0.042394844989332714,0.04328266016133747
12,Huber,P3IndependentRidge,2024-09-01,32,32,-0.14323375255787596,-0.22403510463644677,-0.08080135207857081
12,Huber,P3IndependentRidge,2024-10-01,32,32,-0.4751536959143863,-0.5872918972571148,-0.11213820134272856
12,Huber,P3IndependentRidge,2024-11-01,32,32,-1.0741844122339046,-0.8537377658081208,0.22044664642578382
12,Huber,P3IndependentRidge,2024-12-01,32,32,-0.23565394263043515,-0.2682957249463037,-0.03264178231586856
12,Huber,P3IndependentRidge,2025-01-01,32,32,0.15014973635652495,-0.07500720131168426,0.0751425350448407
12,Huber,P3IndependentRidge,2025-02-01,32,32,-0.6042756528464253,-0.5755151749926367,0.028760477853788546
12,Huber,P3IndependentRidge,2025-03-01,32,32,-0.1587876162159887,-0.11690514256183682,0.041882473654151875
12,Huber,P3IndependentRidge,2025-04-01,32,32,0.24329725498084542,0.010808608448267254,0.23248864653257817
12,Huber,P3IndependentRidge,2025-05-01,32,32,0.5622525022578344,0.5979264573306501,-0.03567395507281568
12,Huber,P3IndependentRidge,2025-06-01,32,32,0.1460201357199793,0.40304615716094466,-0.25702602144096537
12,Huber,P3IndependentRidge,2025-07-01,32,32,0.005814044671055285,0.015174912400648,-0.009360867729592715
12,Huber,P3IndependentRidge,2025-08-01,32,32,0.622940609611021,0.7595792188104675,-0.13663860919944648
12,Huber,P3IndependentRidge,2025-09-01,32,32,-0.538364890759226,-0.7535945350674962,-0.21522964430827018
12,Huber,P3IndependentRidge,2025-10-01,32,32,0.06556388303903304,-0.11004393030555193,-0.044480047266518885
12,Huber,P3IndependentRidge,2025-11-01,32,32,0.46646452739192057,0.5394313670764321,-0.07296683968451156
12,Huber,P3IndependentRidge,2025-12-01,32,32,0.5579215287748838,0.4428150062306291,0.11510652254425469
12,Huber,P3IndependentRidge,2026-01-01,32,32,-0.5914642172874665,-0.8161151718177326,-0.22465095453026618
12,Huber,P3IndependentRidge,2026-02-01,32,32,-0.3295241845789576,-0.2737746442598923,0.055749540319065316
12,Huber,P3IndependentRidge,2026-03-01,32,32,0.17358555777867934,0.25980082056960574,-0.0862152627909264
12,Huber,P3IndependentRidge,2026-04-01,32,32,0.9183122824977659,0.9521205504227296,-0.03380826792496372
12,Huber,P3IndependentRidge,2026-05-01,32,32,0.34172719319553835,0.35266170767107097,-0.01093451447553262
12,Huber,P3IndependentRidge,2026-06-01,32,32,-0.8796340990570286,-0.8002505281747234,0.07938357088230519
12,Huber,P3IndependentRidge,2026-07-01,32,32,-0.7222612079936113,-0.5454248413223648,0.17683636667124647
12,Huber,P3IndependentRidge,2026-08-01,32,32,-0.11328766366239051,-0.11327232162712156,1.5342035268955945e-05
12,Huber,P3PartialPooling,2024-01-01,32,32,0.1429736163785975,0.1890559087557131,-0.046082292377115586
12,Huber,P3PartialPooling,2024-02-01,32,32,0.2274233223462261,0.4979855757944547,-0.2705622534482286
12,Huber,P3PartialPooling,2024-03-01,32,32,0.12434348111722215,0.3461906128926696,-0.22184713177544746
12,Huber,P3PartialPooling,2024-04-01,32,32,0.4469327062374475,0.31827169605965655,0.12866101017779097
12,Huber,P3PartialPooling,2024-05-01,32,32,-0.49910722057641976,-0.6718129526624355,-0.1727057320860157
12,Huber,P3PartialPooling,2024-06-01,32,32,-0.04832144832694496,0.08126575082371035,-0.03294430249676539
12,Huber,P3PartialPooling,2024-07-01,32,32,-0.6446326657359975,-0.8936041183270247,-0.24897145259102715
12,Huber,P3PartialPooling,2024-08-01,32,32,0.08567750515067019,-0.10088219000779626,-0.015204684857126075
12,Huber,P3PartialPooling,2024-09-01,32,32,-0.14323375255787596,-0.2343145794574485,-0.09108082689957253
12,Huber,P3PartialPooling,2024-10-01,32,32,-0.4751536959143863,-0.6135790233427985,-0.13842532742841218
12,Huber,P3PartialPooling,2024-11-01,32,32,-1.0741844122339046,-0.8286261909431683,0.24555822129073634
12,Huber,P3PartialPooling,2024-12-01,32,32,-0.23565394263043515,-0.24439552629032113,-0.008741583659885976
12,Huber,P3PartialPooling,2025-01-01,32,32,0.15014973635652495,0.024939564802854974,0.12521017155366998
12,Huber,P3PartialPooling,2025-02-01,32,32,-0.6042756528464253,-0.49184859635398315,0.11242705649244211
12,Huber,P3PartialPooling,2025-03-01,32,32,-0.1587876162159887,-0.019921999587843686,0.138865616628145
12,Huber,P3PartialPooling,2025-04-01,32,32,0.24329725498084542,0.06337287223175547,0.17992438274908995
12,Huber,P3PartialPooling,2025-05-01,32,32,0.5622525022578344,0.6485933615864421,-0.08634085932860769
12,Huber,P3PartialPooling,2025-06-01,32,32,0.1460201357199793,0.3725840442663018,-0.22656390854632252
12,Huber,P3PartialPooling,2025-07-01,32,32,0.005814044671055285,0.04809537852080531,-0.042281333849750025
12,Huber,P3PartialPooling,2025-08-01,32,32,0.622940609611021,0.6652283187764768,-0.04228770916545577
12,Huber,P3PartialPooling,2025-09-01,32,32,-0.538364890759226,-0.7961799121998615,-0.2578150214406355
12,Huber,P3PartialPooling,2025-10-01,32,32,0.06556388303903304,-0.10725467851302145,-0.04169079547398841
12,Huber,P3PartialPooling,2025-11-01,32,32,0.46646452739192057,0.631904536362209,-0.16544000897028843
12,Huber,P3PartialPooling,2025-12-01,32,32,0.5579215287748838,0.5249446221062722,0.03297690666861153
12,Huber,P3PartialPooling,2026-01-01,32,32,-0.5914642172874665,-0.6838106084813849,-0.09234639119391841
12,Huber,P3PartialPooling,2026-02-01,32,32,-0.3295241845789576,-0.11648525481097227,0.21303892976798533
12,Huber,P3PartialPooling,2026-03-01,32,32,0.17358555777867934,0.33877403928432326,-0.1651884815056439
12,Huber,P3PartialPooling,2026-04-01,32,32,0.9183122824977659,0.9585309251617142,-0.04021864266394837
12,Huber,P3PartialPooling,2026-05-01,32,32,0.34172719319553835,0.29844733696031867,0.04327985623521968
12,Huber,P3PartialPooling,2026-06-01,32,32,-0.8796340990570286,-0.9016087998139424,-0.021974700756913768
12,Huber,P3PartialPooling,2026-07-01,32,32,-0.7222612079936113,-0.5832810448575618,0.13898016313604944
12,Huber,P3PartialPooling,2026-08-01,32,32,-0.11328766366239051,-0.2752389016768158,-0.1619512380144253
12,Huber,P3PoolingLagTrend,2024-01-01,32,32,0.1429736163785975,0.2228987890162335,-0.07992517263763599
12,Huber,P3PoolingLagTrend,2024-02-01,32,32,0.2274233223462261,0.5357156370253715,-0.3082923146791454
12,Huber,P3PoolingLagTrend,2024-03-01,32,32,0.12434348111722215,0.35508872033260996,-0.2307452392153878
12,Huber,P3PoolingLagTrend,2024-04-01,32,32,0.4469327062374475,0.3179165010245161,0.12901620521293145
12,Huber,P3PoolingLagTrend,2024-05-01,32,32,-0.49910722057641976,-0.6848261645300464,-0.18571894395362665
12,Huber,P3PoolingLagTrend,2024-06-01,32,32,-0.04832144832694496,0.05526214731477763,-0.006940698987832672
12,Huber,P3PoolingLagTrend,2024-07-01,32,32,-0.6446326657359975,-0.8932125759749157,-0.24857991023891812
12,Huber,P3PoolingLagTrend,2024-08-01,32,32,0.08567750515067019,-0.09148462206803822,-0.00580711691736803
12,Huber,P3PoolingLagTrend,2024-09-01,32,32,-0.14323375255787596,-0.22355647660020223,-0.08032272404232627
12,Huber,P3PoolingLagTrend,2024-10-01,32,32,-0.4751536959143863,-0.5833934371280427,-0.10823974121365643
12,Huber,P3PoolingLagTrend,2024-11-01,32,32,-1.0741844122339046,-0.8090664900687883,0.2651179221651163
12,Huber,P3PoolingLagTrend,2024-12-01,32,32,-0.23565394263043515,-0.22590014547689985,0.009753797153535304
12,Huber,P3PoolingLagTrend,2025-01-01,32,32,0.15014973635652495,0.020467022043553107,0.12968271431297185
12,Huber,P3PoolingLagTrend,2025-02-01,32,32,-0.6042756528464253,-0.5024046374452811,0.10187101540114418
12,Huber,P3PoolingLagTrend,2025-03-01,32,32,-0.1587876162159887,-0.03663120808019793,0.12215640813579076
12,Huber,P3PoolingLagTrend,2025-04-01,32,32,0.24329725498084542,0.047743595185896215,0.1955536597949492
12,Huber,P3PoolingLagTrend,2025-05-01,32,32,0.5622525022578344,0.6412218595101625,-0.07896935725232812
12,Huber,P3PoolingLagTrend,2025-06-01,32,32,0.1460201357199793,0.3831726218020544,-0.23715248608207512
12,Huber,P3PoolingLagTrend,2025-07-01,32,32,0.005814044671055285,0.06468908857709976,-0.05887504390604448
12,Huber,P3PoolingLagTrend,2025-08-01,32,32,0.622940609611021,0.7027201099864827,-0.07977950037546166
12,Huber,P3PoolingLagTrend,2025-09-01,32,32,-0.538364890759226,-0.7853283926593929,-0.24696350190016692
12,Huber,P3PoolingLagTrend,2025-10-01,32,32,0.06556388303903304,-0.09902383670042508,-0.03345995366139204
12,Huber,P3PoolingLagTrend,2025-11-01,32,32,0.46646452739192057,0.6436883880560896,-0.17722386066416906
12,Huber,P3PoolingLagTrend,2025-12-01,32,32,0.5579215287748838,0.5504615444321072,0.0074599843427766155
12,Huber,P3PoolingLagTrend,2026-01-01,32,32,-0.5914642172874665,-0.6803569396371886,-0.08889272234972212
12,Huber,P3PoolingLagTrend,2026-02-01,32,32,-0.3295241845789576,-0.12105578502549208,0.20846839955346552
12,Huber,P3PoolingLagTrend,2026-03-01,32,32,0.17358555777867934,0.33553851888638175,-0.1619529611077024
12,Huber,P3PoolingLagTrend,2026-04-01,32,32,0.9183122824977659,0.9560008588796549,-0.03768857638188905
12,Huber,P3PoolingLagTrend,2026-05-01,32,32,0.34172719319553835,0.2955332885064788,0.04619390468905954
12,Huber,P3PoolingLagTrend,2026-06-01,32,32,-0.8796340990570286,-0.9091981691137696,-0.029564070056741
12,Huber,P3PoolingLagTrend,2026-07-01,32,32,-0.7222612079936113,-0.5935854308335711,0.1286757771600402
12,Huber,P3PoolingLagTrend,2026-08-01,32,32,-0.11328766366239051,-0.26746642199404624,-0.15417875833165573
12,SeasonalNaive,Ridge,2024-01-01,32,32,0.2599999999999909,0.11289973032759804,0.14710026967239287
12,SeasonalNaive,Ridge,2024-02-01,32,32,0.21999999999999886,0.2586601959955317,-0.03866019599553283
12,SeasonalNaive,Ridge,2024-03-01,32,32,-0.14000000000000057,0.203082479634503,-0.06308247963450242
12,SeasonalNaive,Ridge,2024-04-01,32,32,0.3400000000000034,0.4077789317469467,-0.06777893174694327
12,SeasonalNaive,Ridge,2024-05-01,32,32,-1.1899999999999977,-0.4240572343352369,0.7659427656647608
12,SeasonalNaive,Ridge,2024-06-01,32,32,0.25,0.048288787894023244,0.20171121210597676
12,SeasonalNaive,Ridge,2024-07-01,32,32,-0.5699999999999932,-0.706342363114743,-0.1363423631147498
12,SeasonalNaive,Ridge,2024-08-01,32,32,-0.1599999999999966,0.14494128571342912,0.015058714286567465
12,SeasonalNaive,Ridge,2024-09-01,32,32,1.1299999999999955,-0.1917201642902171,0.9382798357097784
12,SeasonalNaive,Ridge,2024-10-01,32,32,-0.5600000000000023,-0.47464206742175463,0.08535793257824764
12,SeasonalNaive,Ridge,2024-11-01,32,32,-0.7600000000000051,-1.0517364214133664,-0.2917364214133613
12,SeasonalNaive,Ridge,2024-12-01,32,32,-0.6199999999999903,-0.17324757391007495,0.4467524260899154
12,SeasonalNaive,Ridge,2025-01-01,32,32,0.030000000000001137,0.1326858770151631,-0.10268587701516196
12,SeasonalNaive,Ridge,2025-02-01,32,32,-0.8100000000000023,-0.505473008194457,0.3045269918055453
12,SeasonalNaive,Ridge,2025-03-01,32,32,-0.28000000000000114,-0.12493736893364371,0.15506263106635743
12,SeasonalNaive,Ridge,2025-04-01,32,32,-0.15000000000000568,0.346582551581605,-0.19658255158159932
12,SeasonalNaive,Ridge,2025-05-01,32,32,1.009999999999991,0.5662881141850562,0.4437118858149347
12,SeasonalNaive,Ridge,2025-06-01,32,32,0.22000000000001307,0.2523814964201989,-0.03238149642018584
12,SeasonalNaive,Ridge,2025-07-01,32,32,0.7099999999999937,-0.266111766047743,0.44388823395225074
12,SeasonalNaive,Ridge,2025-08-01,32,32,0.6599999999999966,0.6511473451393215,0.008852654860675102
12,SeasonalNaive,Ridge,2025-09-01,32,32,-0.37999999999999545,-0.5504614696086918,-0.17046146960869635
12,SeasonalNaive,Ridge,2025-10-01,32,32,0.4899999999999949,0.04208010239159421,0.4479198976084007
12,SeasonalNaive,Ridge,2025-11-01,32,32,1.3499999999999943,0.24312425475183375,1.1068757452481606
12,SeasonalNaive,Ridge,2025-12-01,32,32,0.6199999999999903,0.35898453339852665,0.2610154666014637
12,SeasonalNaive,Ridge,2026-01-01,32,32,-0.7299999999999898,-0.5947668458287865,0.1352331541712033
12,SeasonalNaive,Ridge,2026-02-01,32,32,0.2400000000000091,-0.44069277805537865,-0.20069277805536956
12,SeasonalNaive,Ridge,2026-03-01,32,32,0.269999999999996,0.15347691861943247,0.11652308138056355
12,SeasonalNaive,Ridge,2026-04-01,32,32,0.8100000000000023,0.9603377232823505,-0.15033772328234818
12,SeasonalNaive,Ridge,2026-05-01,32,32,-0.1599999999999966,0.3761757735601634,-0.21617577356016682
12,SeasonalNaive,Ridge,2026-06-01,32,32,-1.1000000000000085,-0.8102266138348142,0.2897733861651943
12,SeasonalNaive,Ridge,2026-07-01,32,32,-0.45999999999999375,-0.7396518535728944,-0.2796518535729007
12,SeasonalNaive,Ridge,2026-08-01,32,32,-0.6899999999999977,0.05529321756813488,0.6347067824318628
12,SeasonalNaive,Huber,2024-01-01,32,32,0.2599999999999909,0.1429736163785975,0.11702638362139339
12,SeasonalNaive,Huber,2024-02-01,32,32,0.21999999999999886,0.2274233223462261,-0.0074233223462272235
12,SeasonalNaive,Huber,2024-03-01,32,32,-0.14000000000000057,0.12434348111722215,0.015656518882778414
12,SeasonalNaive,Huber,2024-04-01,32,32,0.3400000000000034,0.4469327062374475,-0.10693270623744411
12,SeasonalNaive,Huber,2024-05-01,32,32,-1.1899999999999977,-0.49910722057641976,0.690892779423578
12,SeasonalNaive,Huber,2024-06-01,32,32,0.25,-0.04832144832694496,0.20167855167305504
12,SeasonalNaive,Huber,2024-07-01,32,32,-0.5699999999999932,-0.6446326657359975,-0.07463266573600436
12,SeasonalNaive,Huber,2024-08-01,32,32,-0.1599999999999966,0.08567750515067019,0.0743224948493264
12,SeasonalNaive,Huber,2024-09-01,32,32,1.1299999999999955,-0.14323375255787596,0.9867662474421195
12,SeasonalNaive,Huber,2024-10-01,32,32,-0.5600000000000023,-0.4751536959143863,0.084846304085616
12,SeasonalNaive,Huber,2024-11-01,32,32,-0.7600000000000051,-1.0741844122339046,-0.3141844122338995
12,SeasonalNaive,Huber,2024-12-01,32,32,-0.6199999999999903,-0.23565394263043515,0.3843460573695552
12,SeasonalNaive,Huber,2025-01-01,32,32,0.030000000000001137,0.15014973635652495,-0.12014973635652382
12,SeasonalNaive,Huber,2025-02-01,32,32,-0.8100000000000023,-0.6042756528464253,0.20572434715357701
12,SeasonalNaive,Huber,2025-03-01,32,32,-0.28000000000000114,-0.1587876162159887,0.12121238378401245
12,SeasonalNaive,Huber,2025-04-01,32,32,-0.15000000000000568,0.24329725498084542,-0.09329725498083974
12,SeasonalNaive,Huber,2025-05-01,32,32,1.009999999999991,0.5622525022578344,0.4477474977421565
12,SeasonalNaive,Huber,2025-06-01,32,32,0.22000000000001307,0.1460201357199793,0.07397986428003378
12,SeasonalNaive,Huber,2025-07-01,32,32,0.7099999999999937,0.005814044671055285,0.7041859553289385
12,SeasonalNaive,Huber,2025-08-01,32,32,0.6599999999999966,0.622940609611021,0.037059390388975544
12,SeasonalNaive,Huber,2025-09-01,32,32,-0.37999999999999545,-0.538364890759226,-0.15836489075923055
12,SeasonalNaive,Huber,2025-10-01,32,32,0.4899999999999949,0.06556388303903304,0.42443611696096184
12,SeasonalNaive,Huber,2025-11-01,32,32,1.3499999999999943,0.46646452739192057,0.8835354726080737
12,SeasonalNaive,Huber,2025-12-01,32,32,0.6199999999999903,0.5579215287748838,0.06207847122510657
12,SeasonalNaive,Huber,2026-01-01,32,32,-0.7299999999999898,-0.5914642172874665,0.13853578271252331
12,SeasonalNaive,Huber,2026-02-01,32,32,0.2400000000000091,-0.3295241845789576,-0.0895241845789485
12,SeasonalNaive,Huber,2026-03-01,32,32,0.269999999999996,0.17358555777867934,0.09641444222131668
12,SeasonalNaive,Huber,2026-04-01,32,32,0.8100000000000023,0.9183122824977659,-0.10831228249776359
12,SeasonalNaive,Huber,2026-05-01,32,32,-0.1599999999999966,0.34172719319553835,-0.18172719319554176
12,SeasonalNaive,Huber,2026-06-01,32,32,-1.1000000000000085,-0.8796340990570286,0.22036590094297992
12,SeasonalNaive,Huber,2026-07-01,32,32,-0.45999999999999375,-0.7222612079936113,-0.2622612079936175
12,SeasonalNaive,Huber,2026-08-01,32,32,-0.6899999999999977,-0.11328766366239051,0.5767123363376072
12,SeasonalNaive,GroupsFixed,2024-01-01,32,32,0.2599999999999909,-0.2168802041809016,0.04311979581908931
12,SeasonalNaive,GroupsFixed,2024-02-01,32,32,0.21999999999999886,0.22019700047760704,-0.00019700047760817796
12,SeasonalNaive,GroupsFixed,2024-03-01,32,32,-0.14000000000000057,0.18404231112147929,-0.04404231112147872
12,SeasonalNaive,GroupsFixed,2024-04-01,32,32,0.3400000000000034,0.20735620027625212,0.1326437997237513
12,SeasonalNaive,GroupsFixed,2024-05-01,32,32,-1.1899999999999977,-0.44200322775676504,0.7479967722432327
12,SeasonalNaive,GroupsFixed,2024-06-01,32,32,0.25,0.15791035399954284,0.09208964600045716
12,SeasonalNaive,GroupsFixed,2024-07-01,32,32,-0.5699999999999932,-0.7714480435664661,-0.20144804356647295
12,SeasonalNaive,GroupsFixed,2024-08-01,32,32,-0.1599999999999966,0.19936044367332795,-0.03936044367333136
12,SeasonalNaive,GroupsFixed,2024-09-01,32,32,1.1299999999999955,-0.3218996133309597,0.8081003866690357
12,SeasonalNaive,GroupsFixed,2024-10-01,32,32,-0.5600000000000023,-0.5556732501558952,0.004326749844107081
12,SeasonalNaive,GroupsFixed,2024-11-01,32,32,-0.7600000000000051,-0.9753253962546561,-0.21532539625465097
12,SeasonalNaive,GroupsFixed,2024-12-01,32,32,-0.6199999999999903,-0.29654471501048363,0.3234552849895067
12,SeasonalNaive,GroupsFixed,2025-01-01,32,32,0.030000000000001137,-0.13444317346034373,-0.1044431734603426
12,SeasonalNaive,GroupsFixed,2025-02-01,32,32,-0.8100000000000023,-0.6268789295963766,0.18312107040362569
12,SeasonalNaive,GroupsFixed,2025-03-01,32,32,-0.28000000000000114,-0.1541905520207807,0.12580944797922045
12,SeasonalNaive,GroupsFixed,2025-04-01,32,32,-0.15000000000000568,0.033796988405127903,0.11620301159487778
12,SeasonalNaive,GroupsFixed,2025-05-01,32,32,1.009999999999991,0.5185955760262334,0.4914044239737575
12,SeasonalNaive,GroupsFixed,2025-06-01,32,32,0.22000000000001307,0.4518925458892988,-0.2318925458892857
12,SeasonalNaive,GroupsFixed,2025-07-01,32,32,0.7099999999999937,-0.01082318964518103,0.6991768103548127
12,SeasonalNaive,GroupsFixed,2025-08-01,32,32,0.6599999999999966,0.8523406512192919,-0.19234065121929533
12,SeasonalNaive,GroupsFixed,2025-09-01,32,32,-0.37999999999999545,-0.6790451568159626,-0.2990451568159671
12,SeasonalNaive,GroupsFixed,2025-10-01,32,32,0.4899999999999949,-0.1122004620099406,0.3777995379900543
12,SeasonalNaive,GroupsFixed,2025-11-01,32,32,1.3499999999999943,0.42413902746913523,0.9258609725308591
12,SeasonalNaive,GroupsFixed,2025-12-01,32,32,0.6199999999999903,0.41175768799905477,0.20824231200093557
12,SeasonalNaive,GroupsFixed,2026-01-01,32,32,-0.7299999999999898,-0.8108864717948964,-0.0808864717949066
12,SeasonalNaive,GroupsFixed,2026-02-01,32,32,0.2400000000000091,-0.37485839704021207,-0.13485839704020297
12,SeasonalNaive,GroupsFixed,2026-03-01,32,32,0.269999999999996,0.16783741450835787,0.10216258549163815
12,SeasonalNaive,GroupsFixed,2026-04-01,32,32,0.8100000000000023,0.8879616335329676,-0.07796163353296537
12,SeasonalNaive,GroupsFixed,2026-05-01,32,32,-0.1599999999999966,0.3987294206324605,-0.23872942063246388
12,SeasonalNaive,GroupsFixed,2026-06-01,32,32,-1.1000000000000085,-0.7072632857769372,0.3927367142230713
12,SeasonalNaive,GroupsFixed,2026-07-01,32,32,-0.45999999999999375,-0.551479571441202,-0.09147957144120822
12,SeasonalNaive,GroupsFixed,2026-08-01,32,32,-0.6899999999999977,0.05565411922621613,0.6343458807737816
12,SeasonalNaive,P3IndependentRidge,2024-01-01,32,32,0.2599999999999909,0.06417986279749999,0.19582013720249092
12,SeasonalNaive,P3IndependentRidge,2024-02-01,32,32,0.21999999999999886,0.35641320151608025,-0.13641320151608138
12,SeasonalNaive,P3IndependentRidge,2024-03-01,32,32,-0.14000000000000057,0.2540000652638488,-0.1140000652638482
12,SeasonalNaive,P3IndependentRidge,2024-04-01,32,32,0.3400000000000034,0.2235027705033037,0.11649722949669972
12,SeasonalNaive,P3IndependentRidge,2024-05-01,32,32,-1.1899999999999977,-0.623925334867681,0.5660746651323167
12,SeasonalNaive,P3IndependentRidge,2024-06-01,32,32,0.25,0.16303018547487602,0.08696981452512398
12,SeasonalNaive,P3IndependentRidge,2024-07-01,32,32,-0.5699999999999932,-0.7766499394399249,-0.2066499394399317
12,SeasonalNaive,P3IndependentRidge,2024-08-01,32,32,-0.1599999999999966,0.042394844989332714,0.11760515501066388
12,SeasonalNaive,P3IndependentRidge,2024-09-01,32,32,1.1299999999999955,-0.22403510463644677,0.9059648953635486
12,SeasonalNaive,P3IndependentRidge,2024-10-01,32,32,-0.5600000000000023,-0.5872918972571148,-0.027291897257112563
12,SeasonalNaive,P3IndependentRidge,2024-11-01,32,32,-0.7600000000000051,-0.8537377658081208,-0.09373776580811566
12,SeasonalNaive,P3IndependentRidge,2024-12-01,32,32,-0.6199999999999903,-0.2682957249463037,0.3517042750536866
12,SeasonalNaive,P3IndependentRidge,2025-01-01,32,32,0.030000000000001137,-0.07500720131168426,-0.04500720131168312
12,SeasonalNaive,P3IndependentRidge,2025-02-01,32,32,-0.8100000000000023,-0.5755151749926367,0.23448482500736556
12,SeasonalNaive,P3IndependentRidge,2025-03-01,32,32,-0.28000000000000114,-0.11690514256183682,0.16309485743816432
12,SeasonalNaive,P3IndependentRidge,2025-04-01,32,32,-0.15000000000000568,0.010808608448267254,0.13919139155173843
12,SeasonalNaive,P3IndependentRidge,2025-05-01,32,32,1.009999999999991,0.5979264573306501,0.4120735426693408
12,SeasonalNaive,P3IndependentRidge,2025-06-01,32,32,0.22000000000001307,0.40304615716094466,-0.1830461571609316
12,SeasonalNaive,P3IndependentRidge,2025-07-01,32,32,0.7099999999999937,0.015174912400648,0.6948250875993458
12,SeasonalNaive,P3IndependentRidge,2025-08-01,32,32,0.6599999999999966,0.7595792188104675,-0.09957921881047094
12,SeasonalNaive,P3IndependentRidge,2025-09-01,32,32,-0.37999999999999545,-0.7535945350674962,-0.37359453506750073
12,SeasonalNaive,P3IndependentRidge,2025-10-01,32,32,0.4899999999999949,-0.11004393030555193,0.37995606969444295
12,SeasonalNaive,P3IndependentRidge,2025-11-01,32,32,1.3499999999999943,0.5394313670764321,0.8105686329235622
12,SeasonalNaive,P3IndependentRidge,2025-12-01,32,32,0.6199999999999903,0.4428150062306291,0.17718499376936125
12,SeasonalNaive,P3IndependentRidge,2026-01-01,32,32,-0.7299999999999898,-0.8161151718177326,-0.08611517181774286
12,SeasonalNaive,P3IndependentRidge,2026-02-01,32,32,0.2400000000000091,-0.2737746442598923,-0.03377464425988319
12,SeasonalNaive,P3IndependentRidge,2026-03-01,32,32,0.269999999999996,0.25980082056960574,0.010199179430390282
12,SeasonalNaive,P3IndependentRidge,2026-04-01,32,32,0.8100000000000023,0.9521205504227296,-0.1421205504227273
12,SeasonalNaive,P3IndependentRidge,2026-05-01,32,32,-0.1599999999999966,0.35266170767107097,-0.19266170767107438
12,SeasonalNaive,P3IndependentRidge,2026-06-01,32,32,-1.1000000000000085,-0.8002505281747234,0.2997494718252851
12,SeasonalNaive,P3IndependentRidge,2026-07-01,32,32,-0.45999999999999375,-0.5454248413223648,-0.08542484132237105
12,SeasonalNaive,P3IndependentRidge,2026-08-01,32,32,-0.6899999999999977,-0.11327232162712156,0.5767276783728762
12,SeasonalNaive,P3PartialPooling,2024-01-01,32,32,0.2599999999999909,0.1890559087557131,0.07094409124427781
12,SeasonalNaive,P3PartialPooling,2024-02-01,32,32,0.21999999999999886,0.4979855757944547,-0.2779855757944558
12,SeasonalNaive,P3PartialPooling,2024-03-01,32,32,-0.14000000000000057,0.3461906128926696,-0.20619061289266905
12,SeasonalNaive,P3PartialPooling,2024-04-01,32,32,0.3400000000000034,0.31827169605965655,0.02172830394034686
12,SeasonalNaive,P3PartialPooling,2024-05-01,32,32,-1.1899999999999977,-0.6718129526624355,0.5181870473375623
12,SeasonalNaive,P3PartialPooling,2024-06-01,32,32,0.25,0.08126575082371035,0.16873424917628965
12,SeasonalNaive,P3PartialPooling,2024-07-01,32,32,-0.5699999999999932,-0.8936041183270247,-0.3236041183270315
12,SeasonalNaive,P3PartialPooling,2024-08-01,32,32,-0.1599999999999966,-0.10088219000779626,0.05911780999220033
12,SeasonalNaive,P3PartialPooling,2024-09-01,32,32,1.1299999999999955,-0.2343145794574485,0.895685420542547
12,SeasonalNaive,P3PartialPooling,2024-10-01,32,32,-0.5600000000000023,-0.6135790233427985,-0.053579023342796184
12,SeasonalNaive,P3PartialPooling,2024-11-01,32,32,-0.7600000000000051,-0.8286261909431683,-0.06862619094316313
12,SeasonalNaive,P3PartialPooling,2024-12-01,32,32,-0.6199999999999903,-0.24439552629032113,0.3756044737096692
12,SeasonalNaive,P3PartialPooling,2025-01-01,32,32,0.030000000000001137,0.024939564802854974,0.0050604351971461625
12,SeasonalNaive,P3PartialPooling,2025-02-01,32,32,-0.8100000000000023,-0.49184859635398315,0.3181514036460191
12,SeasonalNaive,P3PartialPooling,2025-03-01,32,32,-0.28000000000000114,-0.019921999587843686,0.26007800041215745
12,SeasonalNaive,P3PartialPooling,2025-04-01,32,32,-0.15000000000000568,0.06337287223175547,0.08662712776825021
12,SeasonalNaive,P3PartialPooling,2025-05-01,32,32,1.009999999999991,0.6485933615864421,0.3614066384135488
12,SeasonalNaive,P3PartialPooling,2025-06-01,32,32,0.22000000000001307,0.3725840442663018,-0.15258404426628874
12,SeasonalNaive,P3PartialPooling,2025-07-01,32,32,0.7099999999999937,0.04809537852080531,0.6619046214791884
12,SeasonalNaive,P3PartialPooling,2025-08-01,32,32,0.6599999999999966,0.6652283187764768,-0.005228318776480223
12,SeasonalNaive,P3PartialPooling,2025-09-01,32,32,-0.37999999999999545,-0.7961799121998615,-0.41617991219986605
12,SeasonalNaive,P3PartialPooling,2025-10-01,32,32,0.4899999999999949,-0.10725467851302145,0.38274532148697343
12,SeasonalNaive,P3PartialPooling,2025-11-01,32,32,1.3499999999999943,0.631904536362209,0.7180954636377853
12,SeasonalNaive,P3PartialPooling,2025-12-01,32,32,0.6199999999999903,0.5249446221062722,0.0950553778937181
12,SeasonalNaive,P3PartialPooling,2026-01-01,32,32,-0.7299999999999898,-0.6838106084813849,0.046189391518604905
12,SeasonalNaive,P3PartialPooling,2026-02-01,32,32,0.2400000000000091,-0.11648525481097227,0.12351474518903682
12,SeasonalNaive,P3PartialPooling,2026-03-01,32,32,0.269999999999996,0.33877403928432326,-0.06877403928432724
12,SeasonalNaive,P3PartialPooling,2026-04-01,32,32,0.8100000000000023,0.9585309251617142,-0.14853092516171196
12,SeasonalNaive,P3PartialPooling,2026-05-01,32,32,-0.1599999999999966,0.29844733696031867,-0.13844733696032208
12,SeasonalNaive,P3PartialPooling,2026-06-01,32,32,-1.1000000000000085,-0.9016087998139424,0.19839120018606615
12,SeasonalNaive,P3PartialPooling,2026-07-01,32,32,-0.45999999999999375,-0.5832810448575618,-0.12328104485756808
12,SeasonalNaive,P3PartialPooling,2026-08-01,32,32,-0.6899999999999977,-0.2752389016768158,0.4147610983231819
12,SeasonalNaive,P3PoolingLagTrend,2024-01-01,32,32,0.2599999999999909,0.2228987890162335,0.037101210983757404
12,SeasonalNaive,P3PoolingLagTrend,2024-02-01,32,32,0.21999999999999886,0.5357156370253715,-0.31571563702537264
12,SeasonalNaive,P3PoolingLagTrend,2024-03-01,32,32,-0.14000000000000057,0.35508872033260996,-0.2150887203326094
12,SeasonalNaive,P3PoolingLagTrend,2024-04-01,32,32,0.3400000000000034,0.3179165010245161,0.022083498975487337
12,SeasonalNaive,P3PoolingLagTrend,2024-05-01,32,32,-1.1899999999999977,-0.6848261645300464,0.5051738354699513
12,SeasonalNaive,P3PoolingLagTrend,2024-06-01,32,32,0.25,0.05526214731477763,0.19473785268522237
12,SeasonalNaive,P3PoolingLagTrend,2024-07-01,32,32,-0.5699999999999932,-0.8932125759749157,-0.3232125759749225
12,SeasonalNaive,P3PoolingLagTrend,2024-08-01,32,32,-0.1599999999999966,-0.09148462206803822,0.06851537793195837
12,SeasonalNaive,P3PoolingLagTrend,2024-09-01,32,32,1.1299999999999955,-0.22355647660020223,0.9064435233997932
12,SeasonalNaive,P3PoolingLagTrend,2024-10-01,32,32,-0.5600000000000023,-0.5833934371280427,-0.02339343712804043
12,SeasonalNaive,P3PoolingLagTrend,2024-11-01,32,32,-0.7600000000000051,-0.8090664900687883,-0.049066490068783164
12,SeasonalNaive,P3PoolingLagTrend,2024-12-01,32,32,-0.6199999999999903,-0.22590014547689985,0.3940998545230905
12,SeasonalNaive,P3PoolingLagTrend,2025-01-01,32,32,0.030000000000001137,0.020467022043553107,0.00953297795644803
12,SeasonalNaive,P3PoolingLagTrend,2025-02-01,32,32,-0.8100000000000023,-0.5024046374452811,0.3075953625547212
12,SeasonalNaive,P3PoolingLagTrend,2025-03-01,32,32,-0.28000000000000114,-0.03663120808019793,0.2433687919198032
12,SeasonalNaive,P3PoolingLagTrend,2025-04-01,32,32,-0.15000000000000568,0.047743595185896215,0.10225640481410947
12,SeasonalNaive,P3PoolingLagTrend,2025-05-01,32,32,1.009999999999991,0.6412218595101625,0.3687781404898284
12,SeasonalNaive,P3PoolingLagTrend,2025-06-01,32,32,0.22000000000001307,0.3831726218020544,-0.16317262180204134
12,SeasonalNaive,P3PoolingLagTrend,2025-07-01,32,32,0.7099999999999937,0.06468908857709976,0.645310911422894
12,SeasonalNaive,P3PoolingLagTrend,2025-08-01,32,32,0.6599999999999966,0.7027201099864827,-0.04272010998648612
12,SeasonalNaive,P3PoolingLagTrend,2025-09-01,32,32,-0.37999999999999545,-0.7853283926593929,-0.40532839265939746
12,SeasonalNaive,P3PoolingLagTrend,2025-10-01,32,32,0.4899999999999949,-0.09902383670042508,0.3909761632995698
12,SeasonalNaive,P3PoolingLagTrend,2025-11-01,32,32,1.3499999999999943,0.6436883880560896,0.7063116119439047
12,SeasonalNaive,P3PoolingLagTrend,2025-12-01,32,32,0.6199999999999903,0.5504615444321072,0.06953845556788318
12,SeasonalNaive,P3PoolingLagTrend,2026-01-01,32,32,-0.7299999999999898,-0.6803569396371886,0.049643060362801195
12,SeasonalNaive,P3PoolingLagTrend,2026-02-01,32,32,0.2400000000000091,-0.12105578502549208,0.11894421497451702
12,SeasonalNaive,P3PoolingLagTrend,2026-03-01,32,32,0.269999999999996,0.33553851888638175,-0.06553851888638573
12,SeasonalNaive,P3PoolingLagTrend,2026-04-01,32,32,0.8100000000000023,0.9560008588796549,-0.14600085887965264
12,SeasonalNaive,P3PoolingLagTrend,2026-05-01,32,32,-0.1599999999999966,0.2955332885064788,-0.13553328850648222
12,SeasonalNaive,P3PoolingLagTrend,2026-06-01,32,32,-1.1000000000000085,-0.9091981691137696,0.19080183088623892
12,SeasonalNaive,P3PoolingLagTrend,2026-07-01,32,32,-0.45999999999999375,-0.5935854308335711,-0.13358543083357732
12,SeasonalNaive,P3PoolingLagTrend,2026-08-01,32,32,-0.6899999999999977,-0.26746642199404624,0.4225335780059515
12,GroupsFixed,Ridge,2024-01-01,32,32,-0.2168802041809016,0.11289973032759804,0.10398047385330356
12,GroupsFixed,Ridge,2024-02-01,32,32,0.22019700047760704,0.2586601959955317,-0.03846319551792465
12,GroupsFixed,Ridge,2024-03-01,32,32,0.18404231112147929,0.203082479634503,-0.019040168513023703
12,GroupsFixed,Ridge,2024-04-01,32,32,0.20735620027625212,0.4077789317469467,-0.20042273147069456
12,GroupsFixed,Ridge,2024-05-01,32,32,-0.44200322775676504,-0.4240572343352369,0.01794599342152814
12,GroupsFixed,Ridge,2024-06-01,32,32,0.15791035399954284,0.048288787894023244,0.1096215661055196
12,GroupsFixed,Ridge,2024-07-01,32,32,-0.7714480435664661,-0.706342363114743,0.06510568045172316
12,GroupsFixed,Ridge,2024-08-01,32,32,0.19936044367332795,0.14494128571342912,0.05441915795989882
12,GroupsFixed,Ridge,2024-09-01,32,32,-0.3218996133309597,-0.1917201642902171,0.13017944904074258
12,GroupsFixed,Ridge,2024-10-01,32,32,-0.5556732501558952,-0.47464206742175463,0.08103118273414056
12,GroupsFixed,Ridge,2024-11-01,32,32,-0.9753253962546561,-1.0517364214133664,-0.07641102515871034
12,GroupsFixed,Ridge,2024-12-01,32,32,-0.29654471501048363,-0.17324757391007495,0.12329714110040868
12,GroupsFixed,Ridge,2025-01-01,32,32,-0.13444317346034373,0.1326858770151631,0.0017572964451806339
12,GroupsFixed,Ridge,2025-02-01,32,32,-0.6268789295963766,-0.505473008194457,0.12140592140191964
12,GroupsFixed,Ridge,2025-03-01,32,32,-0.1541905520207807,-0.12493736893364371,0.02925318308713698
12,GroupsFixed,Ridge,2025-04-01,32,32,0.033796988405127903,0.346582551581605,-0.3127855631764771
12,GroupsFixed,Ridge,2025-05-01,32,32,0.5185955760262334,0.5662881141850562,-0.047692538158822795
12,GroupsFixed,Ridge,2025-06-01,32,32,0.4518925458892988,0.2523814964201989,0.19951104946909987
12,GroupsFixed,Ridge,2025-07-01,32,32,-0.01082318964518103,-0.266111766047743,-0.255288576402562
12,GroupsFixed,Ridge,2025-08-01,32,32,0.8523406512192919,0.6511473451393215,0.20119330607997044
12,GroupsFixed,Ridge,2025-09-01,32,32,-0.6790451568159626,-0.5504614696086918,0.12858368720727076
12,GroupsFixed,Ridge,2025-10-01,32,32,-0.1122004620099406,0.04208010239159421,0.0701203596183464
12,GroupsFixed,Ridge,2025-11-01,32,32,0.42413902746913523,0.24312425475183375,0.1810147727173015
12,GroupsFixed,Ridge,2025-12-01,32,32,0.41175768799905477,0.35898453339852665,0.052773154600528116
12,GroupsFixed,Ridge,2026-01-01,32,32,-0.8108864717948964,-0.5947668458287865,0.2161196259661099
12,GroupsFixed,Ridge,2026-02-01,32,32,-0.37485839704021207,-0.44069277805537865,-0.06583438101516659
12,GroupsFixed,Ridge,2026-03-01,32,32,0.16783741450835787,0.15347691861943247,0.014360495888925406
12,GroupsFixed,Ridge,2026-04-01,32,32,0.8879616335329676,0.9603377232823505,-0.07237608974938281
12,GroupsFixed,Ridge,2026-05-01,32,32,0.3987294206324605,0.3761757735601634,0.022553647072297067
12,GroupsFixed,Ridge,2026-06-01,32,32,-0.7072632857769372,-0.8102266138348142,-0.102963328057877
12,GroupsFixed,Ridge,2026-07-01,32,32,-0.551479571441202,-0.7396518535728944,-0.18817228213169246
12,GroupsFixed,Ridge,2026-08-01,32,32,0.05565411922621613,0.05529321756813488,0.00036090165808125296
12,GroupsFixed,Huber,2024-01-01,32,32,-0.2168802041809016,0.1429736163785975,0.07390658780230408
12,GroupsFixed,Huber,2024-02-01,32,32,0.22019700047760704,0.2274233223462261,-0.007226321868619046
12,GroupsFixed,Huber,2024-03-01,32,32,0.18404231112147929,0.12434348111722215,0.05969883000425713
12,GroupsFixed,Huber,2024-04-01,32,32,0.20735620027625212,0.4469327062374475,-0.2395765059611954
12,GroupsFixed,Huber,2024-05-01,32,32,-0.44200322775676504,-0.49910722057641976,-0.057103992819654725
12,GroupsFixed,Huber,2024-06-01,32,32,0.15791035399954284,-0.04832144832694496,0.10958890567259788
12,GroupsFixed,Huber,2024-07-01,32,32,-0.7714480435664661,-0.6446326657359975,0.1268153778304686
12,GroupsFixed,Huber,2024-08-01,32,32,0.19936044367332795,0.08567750515067019,0.11368293852265776
12,GroupsFixed,Huber,2024-09-01,32,32,-0.3218996133309597,-0.14323375255787596,0.17866586077308372
12,GroupsFixed,Huber,2024-10-01,32,32,-0.5556732501558952,-0.4751536959143863,0.08051955424150892
12,GroupsFixed,Huber,2024-11-01,32,32,-0.9753253962546561,-1.0741844122339046,-0.09885901597924851
12,GroupsFixed,Huber,2024-12-01,32,32,-0.29654471501048363,-0.23565394263043515,0.060890772380048475
12,GroupsFixed,Huber,2025-01-01,32,32,-0.13444317346034373,0.15014973635652495,-0.01570656289618122
12,GroupsFixed,Huber,2025-02-01,32,32,-0.6268789295963766,-0.6042756528464253,0.02260327674995133
12,GroupsFixed,Huber,2025-03-01,32,32,-0.1541905520207807,-0.1587876162159887,-0.0045970641952080005
12,GroupsFixed,Huber,2025-04-01,32,32,0.033796988405127903,0.24329725498084542,-0.20950026657571752
12,GroupsFixed,Huber,2025-05-01,32,32,0.5185955760262334,0.5622525022578344,-0.043656926231601
12,GroupsFixed,Huber,2025-06-01,32,32,0.4518925458892988,0.1460201357199793,0.3058724101693195
12,GroupsFixed,Huber,2025-07-01,32,32,-0.01082318964518103,0.005814044671055285,0.0050091449741257454
12,GroupsFixed,Huber,2025-08-01,32,32,0.8523406512192919,0.622940609611021,0.22940004160827088
12,GroupsFixed,Huber,2025-09-01,32,32,-0.6790451568159626,-0.538364890759226,0.14068026605673656
12,GroupsFixed,Huber,2025-10-01,32,32,-0.1122004620099406,0.06556388303903304,0.04663657897090756
12,GroupsFixed,Huber,2025-11-01,32,32,0.42413902746913523,0.46646452739192057,-0.04232549992278534
12,GroupsFixed,Huber,2025-12-01,32,32,0.41175768799905477,0.5579215287748838,-0.146163840775829
12,GroupsFixed,Huber,2026-01-01,32,32,-0.8108864717948964,-0.5914642172874665,0.21942225450742991
12,GroupsFixed,Huber,2026-02-01,32,32,-0.37485839704021207,-0.3295241845789576,0.045334212461254464
12,GroupsFixed,Huber,2026-03-01,32,32,0.16783741450835787,0.17358555777867934,-0.005748143270321471
12,GroupsFixed,Huber,2026-04-01,32,32,0.8879616335329676,0.9183122824977659,-0.03035064896479822
12,GroupsFixed,Huber,2026-05-01,32,32,0.3987294206324605,0.34172719319553835,0.057002227436922126
12,GroupsFixed,Huber,2026-06-01,32,32,-0.7072632857769372,-0.8796340990570286,-0.1723708132800914
12,GroupsFixed,Huber,2026-07-01,32,32,-0.551479571441202,-0.7222612079936113,-0.1707816365524093
12,GroupsFixed,Huber,2026-08-01,32,32,0.05565411922621613,-0.11328766366239051,-0.05763354443617438
12,GroupsFixed,SeasonalNaive,2024-01-01,32,32,-0.2168802041809016,0.2599999999999909,-0.04311979581908931
12,GroupsFixed,SeasonalNaive,2024-02-01,32,32,0.22019700047760704,0.21999999999999886,0.00019700047760817796
12,GroupsFixed,SeasonalNaive,2024-03-01,32,32,0.18404231112147929,-0.14000000000000057,0.04404231112147872
12,GroupsFixed,SeasonalNaive,2024-04-01,32,32,0.20735620027625212,0.3400000000000034,-0.1326437997237513
12,GroupsFixed,SeasonalNaive,2024-05-01,32,32,-0.44200322775676504,-1.1899999999999977,-0.7479967722432327
12,GroupsFixed,SeasonalNaive,2024-06-01,32,32,0.15791035399954284,0.25,-0.09208964600045716
12,GroupsFixed,SeasonalNaive,2024-07-01,32,32,-0.7714480435664661,-0.5699999999999932,0.20144804356647295
12,GroupsFixed,SeasonalNaive,2024-08-01,32,32,0.19936044367332795,-0.1599999999999966,0.03936044367333136
12,GroupsFixed,SeasonalNaive,2024-09-01,32,32,-0.3218996133309597,1.1299999999999955,-0.8081003866690357
12,GroupsFixed,SeasonalNaive,2024-10-01,32,32,-0.5556732501558952,-0.5600000000000023,-0.004326749844107081
12,GroupsFixed,SeasonalNaive,2024-11-01,32,32,-0.9753253962546561,-0.7600000000000051,0.21532539625465097
12,GroupsFixed,SeasonalNaive,2024-12-01,32,32,-0.29654471501048363,-0.6199999999999903,-0.3234552849895067
12,GroupsFixed,SeasonalNaive,2025-01-01,32,32,-0.13444317346034373,0.030000000000001137,0.1044431734603426
12,GroupsFixed,SeasonalNaive,2025-02-01,32,32,-0.6268789295963766,-0.8100000000000023,-0.18312107040362569
12,GroupsFixed,SeasonalNaive,2025-03-01,32,32,-0.1541905520207807,-0.28000000000000114,-0.12580944797922045
12,GroupsFixed,SeasonalNaive,2025-04-01,32,32,0.033796988405127903,-0.15000000000000568,-0.11620301159487778
12,GroupsFixed,SeasonalNaive,2025-05-01,32,32,0.5185955760262334,1.009999999999991,-0.4914044239737575
12,GroupsFixed,SeasonalNaive,2025-06-01,32,32,0.4518925458892988,0.22000000000001307,0.2318925458892857
12,GroupsFixed,SeasonalNaive,2025-07-01,32,32,-0.01082318964518103,0.7099999999999937,-0.6991768103548127
12,GroupsFixed,SeasonalNaive,2025-08-01,32,32,0.8523406512192919,0.6599999999999966,0.19234065121929533
12,GroupsFixed,SeasonalNaive,2025-09-01,32,32,-0.6790451568159626,-0.37999999999999545,0.2990451568159671
12,GroupsFixed,SeasonalNaive,2025-10-01,32,32,-0.1122004620099406,0.4899999999999949,-0.3777995379900543
12,GroupsFixed,SeasonalNaive,2025-11-01,32,32,0.42413902746913523,1.3499999999999943,-0.9258609725308591
12,GroupsFixed,SeasonalNaive,2025-12-01,32,32,0.41175768799905477,0.6199999999999903,-0.20824231200093557
12,GroupsFixed,SeasonalNaive,2026-01-01,32,32,-0.8108864717948964,-0.7299999999999898,0.0808864717949066
12,GroupsFixed,SeasonalNaive,2026-02-01,32,32,-0.37485839704021207,0.2400000000000091,0.13485839704020297
12,GroupsFixed,SeasonalNaive,2026-03-01,32,32,0.16783741450835787,0.269999999999996,-0.10216258549163815
12,GroupsFixed,SeasonalNaive,2026-04-01,32,32,0.8879616335329676,0.8100000000000023,0.07796163353296537
12,GroupsFixed,SeasonalNaive,2026-05-01,32,32,0.3987294206324605,-0.1599999999999966,0.23872942063246388
12,GroupsFixed,SeasonalNaive,2026-06-01,32,32,-0.7072632857769372,-1.1000000000000085,-0.3927367142230713
12,GroupsFixed,SeasonalNaive,2026-07-01,32,32,-0.551479571441202,-0.45999999999999375,0.09147957144120822
12,GroupsFixed,SeasonalNaive,2026-08-01,32,32,0.05565411922621613,-0.6899999999999977,-0.6343458807737816
12,GroupsFixed,P3IndependentRidge,2024-01-01,32,32,-0.2168802041809016,0.06417986279749999,0.1527003413834016
12,GroupsFixed,P3IndependentRidge,2024-02-01,32,32,0.22019700047760704,0.35641320151608025,-0.1362162010384732
12,GroupsFixed,P3IndependentRidge,2024-03-01,32,32,0.18404231112147929,0.2540000652638488,-0.06995775414236949
12,GroupsFixed,P3IndependentRidge,2024-04-01,32,32,0.20735620027625212,0.2235027705033037,-0.01614657022705157
12,GroupsFixed,P3IndependentRidge,2024-05-01,32,32,-0.44200322775676504,-0.623925334867681,-0.18192210711091594
12,GroupsFixed,P3IndependentRidge,2024-06-01,32,32,0.15791035399954284,0.16303018547487602,-0.005119831475333181
12,GroupsFixed,P3IndependentRidge,2024-07-01,32,32,-0.7714480435664661,-0.7766499394399249,-0.005201895873458762
12,GroupsFixed,P3IndependentRidge,2024-08-01,32,32,0.19936044367332795,0.042394844989332714,0.15696559868399523
12,GroupsFixed,P3IndependentRidge,2024-09-01,32,32,-0.3218996133309597,-0.22403510463644677,0.09786450869451291
12,GroupsFixed,P3IndependentRidge,2024-10-01,32,32,-0.5556732501558952,-0.5872918972571148,-0.031618647101219644
12,GroupsFixed,P3IndependentRidge,2024-11-01,32,32,-0.9753253962546561,-0.8537377658081208,0.12158763044653531
12,GroupsFixed,P3IndependentRidge,2024-12-01,32,32,-0.29654471501048363,-0.2682957249463037,0.028248990064179913
12,GroupsFixed,P3IndependentRidge,2025-01-01,32,32,-0.13444317346034373,-0.07500720131168426,0.05943597214865948
12,GroupsFixed,P3IndependentRidge,2025-02-01,32,32,-0.6268789295963766,-0.5755151749926367,0.051363754603739875
12,GroupsFixed,P3IndependentRidge,2025-03-01,32,32,-0.1541905520207807,-0.11690514256183682,0.037285409458943874
12,GroupsFixed,P3IndependentRidge,2025-04-01,32,32,0.033796988405127903,0.010808608448267254,0.02298837995686065
12,GroupsFixed,P3IndependentRidge,2025-05-01,32,32,0.5185955760262334,0.5979264573306501,-0.07933088130441668
12,GroupsFixed,P3IndependentRidge,2025-06-01,32,32,0.4518925458892988,0.40304615716094466,0.04884638872835412
12,GroupsFixed,P3IndependentRidge,2025-07-01,32,32,-0.01082318964518103,0.015174912400648,-0.004351722755466969
12,GroupsFixed,P3IndependentRidge,2025-08-01,32,32,0.8523406512192919,0.7595792188104675,0.0927614324088244
12,GroupsFixed,P3IndependentRidge,2025-09-01,32,32,-0.6790451568159626,-0.7535945350674962,-0.07454937825153363
12,GroupsFixed,P3IndependentRidge,2025-10-01,32,32,-0.1122004620099406,-0.11004393030555193,0.0021565317043886756
12,GroupsFixed,P3IndependentRidge,2025-11-01,32,32,0.42413902746913523,0.5394313670764321,-0.1152923396072969
12,GroupsFixed,P3IndependentRidge,2025-12-01,32,32,0.41175768799905477,0.4428150062306291,-0.031057318231574316
12,GroupsFixed,P3IndependentRidge,2026-01-01,32,32,-0.8108864717948964,-0.8161151718177326,-0.0052287000228362635
12,GroupsFixed,P3IndependentRidge,2026-02-01,32,32,-0.37485839704021207,-0.2737746442598923,0.10108375278031978
12,GroupsFixed,P3IndependentRidge,2026-03-01,32,32,0.16783741450835787,0.25980082056960574,-0.09196340606124787
12,GroupsFixed,P3IndependentRidge,2026-04-01,32,32,0.8879616335329676,0.9521205504227296,-0.06415891688976194
12,GroupsFixed,P3IndependentRidge,2026-05-01,32,32,0.3987294206324605,0.35266170767107097,0.046067712961389506
12,GroupsFixed,P3IndependentRidge,2026-06-01,32,32,-0.7072632857769372,-0.8002505281747234,-0.09298724239778622
12,GroupsFixed,P3IndependentRidge,2026-07-01,32,32,-0.551479571441202,-0.5454248413223648,0.0060547301188371705
12,GroupsFixed,P3IndependentRidge,2026-08-01,32,32,0.05565411922621613,-0.11327232162712156,-0.05761820240090543
12,GroupsFixed,P3PartialPooling,2024-01-01,32,32,-0.2168802041809016,0.1890559087557131,0.027824295425188494
12,GroupsFixed,P3PartialPooling,2024-02-01,32,32,0.22019700047760704,0.4979855757944547,-0.27778857531684764
12,GroupsFixed,P3PartialPooling,2024-03-01,32,32,0.18404231112147929,0.3461906128926696,-0.16214830177119033
12,GroupsFixed,P3PartialPooling,2024-04-01,32,32,0.20735620027625212,0.31827169605965655,-0.11091549578340443
12,GroupsFixed,P3PartialPooling,2024-05-01,32,32,-0.44200322775676504,-0.6718129526624355,-0.22980972490567042
12,GroupsFixed,P3PartialPooling,2024-06-01,32,32,0.15791035399954284,0.08126575082371035,0.07664460317583249
12,GroupsFixed,P3PartialPooling,2024-07-01,32,32,-0.7714480435664661,-0.8936041183270247,-0.12215607476055856
12,GroupsFixed,P3PartialPooling,2024-08-01,32,32,0.19936044367332795,-0.10088219000779626,0.09847825366553169
12,GroupsFixed,P3PartialPooling,2024-09-01,32,32,-0.3218996133309597,-0.2343145794574485,0.08758503387351119
12,GroupsFixed,P3PartialPooling,2024-10-01,32,32,-0.5556732501558952,-0.6135790233427985,-0.057905773186903264
12,GroupsFixed,P3PartialPooling,2024-11-01,32,32,-0.9753253962546561,-0.8286261909431683,0.14669920531148783
12,GroupsFixed,P3PartialPooling,2024-12-01,32,32,-0.29654471501048363,-0.24439552629032113,0.0521491887201625
12,GroupsFixed,P3PartialPooling,2025-01-01,32,32,-0.13444317346034373,0.024939564802854974,0.10950360865748876
12,GroupsFixed,P3PartialPooling,2025-02-01,32,32,-0.6268789295963766,-0.49184859635398315,0.13503033324239344
12,GroupsFixed,P3PartialPooling,2025-03-01,32,32,-0.1541905520207807,-0.019921999587843686,0.134268552432937
12,GroupsFixed,P3PartialPooling,2025-04-01,32,32,0.033796988405127903,0.06337287223175547,-0.02957588382662757
12,GroupsFixed,P3PartialPooling,2025-05-01,32,32,0.5185955760262334,0.6485933615864421,-0.1299977855602087
12,GroupsFixed,P3PartialPooling,2025-06-01,32,32,0.4518925458892988,0.3725840442663018,0.07930850162299696
12,GroupsFixed,P3PartialPooling,2025-07-01,32,32,-0.01082318964518103,0.04809537852080531,-0.03727218887562428
12,GroupsFixed,P3PartialPooling,2025-08-01,32,32,0.8523406512192919,0.6652283187764768,0.1871123324428151
12,GroupsFixed,P3PartialPooling,2025-09-01,32,32,-0.6790451568159626,-0.7961799121998615,-0.11713475538389895
12,GroupsFixed,P3PartialPooling,2025-10-01,32,32,-0.1122004620099406,-0.10725467851302145,0.004945783496919154
12,GroupsFixed,P3PartialPooling,2025-11-01,32,32,0.42413902746913523,0.631904536362209,-0.20776550889307377
12,GroupsFixed,P3PartialPooling,2025-12-01,32,32,0.41175768799905477,0.5249446221062722,-0.11318693410721747
12,GroupsFixed,P3PartialPooling,2026-01-01,32,32,-0.8108864717948964,-0.6838106084813849,0.1270758633135115
12,GroupsFixed,P3PartialPooling,2026-02-01,32,32,-0.37485839704021207,-0.11648525481097227,0.2583731422292398
12,GroupsFixed,P3PartialPooling,2026-03-01,32,32,0.16783741450835787,0.33877403928432326,-0.17093662477596538
12,GroupsFixed,P3PartialPooling,2026-04-01,32,32,0.8879616335329676,0.9585309251617142,-0.07056929162874659
12,GroupsFixed,P3PartialPooling,2026-05-01,32,32,0.3987294206324605,0.29844733696031867,0.10028208367214181
12,GroupsFixed,P3PartialPooling,2026-06-01,32,32,-0.7072632857769372,-0.9016087998139424,-0.19434551403700517
12,GroupsFixed,P3PartialPooling,2026-07-01,32,32,-0.551479571441202,-0.5832810448575618,-0.03180147341635986
12,GroupsFixed,P3PartialPooling,2026-08-01,32,32,0.05565411922621613,-0.2752389016768158,-0.21958478245059967
12,GroupsFixed,P3PoolingLagTrend,2024-01-01,32,32,-0.2168802041809016,0.2228987890162335,-0.006018584835331908
12,GroupsFixed,P3PoolingLagTrend,2024-02-01,32,32,0.22019700047760704,0.5357156370253715,-0.31551863654776446
12,GroupsFixed,P3PoolingLagTrend,2024-03-01,32,32,0.18404231112147929,0.35508872033260996,-0.17104640921113068
12,GroupsFixed,P3PoolingLagTrend,2024-04-01,32,32,0.20735620027625212,0.3179165010245161,-0.11056030074826395
12,GroupsFixed,P3PoolingLagTrend,2024-05-01,32,32,-0.44200322775676504,-0.6848261645300464,-0.24282293677328137
12,GroupsFixed,P3PoolingLagTrend,2024-06-01,32,32,0.15791035399954284,0.05526214731477763,0.10264820668476521
12,GroupsFixed,P3PoolingLagTrend,2024-07-01,32,32,-0.7714480435664661,-0.8932125759749157,-0.12176453240844953
12,GroupsFixed,P3PoolingLagTrend,2024-08-01,32,32,0.19936044367332795,-0.09148462206803822,0.10787582160528973
12,GroupsFixed,P3PoolingLagTrend,2024-09-01,32,32,-0.3218996133309597,-0.22355647660020223,0.09834313673075745
12,GroupsFixed,P3PoolingLagTrend,2024-10-01,32,32,-0.5556732501558952,-0.5833934371280427,-0.02772018697214751
12,GroupsFixed,P3PoolingLagTrend,2024-11-01,32,32,-0.9753253962546561,-0.8090664900687883,0.1662589061858678
12,GroupsFixed,P3PoolingLagTrend,2024-12-01,32,32,-0.29654471501048363,-0.22590014547689985,0.07064456953358378
12,GroupsFixed,P3PoolingLagTrend,2025-01-01,32,32,-0.13444317346034373,0.020467022043553107,0.11397615141679063
12,GroupsFixed,P3PoolingLagTrend,2025-02-01,32,32,-0.6268789295963766,-0.5024046374452811,0.12447429215109551
12,GroupsFixed,P3PoolingLagTrend,2025-03-01,32,32,-0.1541905520207807,-0.03663120808019793,0.11755934394058276
12,GroupsFixed,P3PoolingLagTrend,2025-04-01,32,32,0.033796988405127903,0.047743595185896215,-0.013946606780768311
12,GroupsFixed,P3PoolingLagTrend,2025-05-01,32,32,0.5185955760262334,0.6412218595101625,-0.12262628348392912
12,GroupsFixed,P3PoolingLagTrend,2025-06-01,32,32,0.4518925458892988,0.3831726218020544,0.06871992408724437
12,GroupsFixed,P3PoolingLagTrend,2025-07-01,32,32,-0.01082318964518103,0.06468908857709976,-0.05386589893191873
12,GroupsFixed,P3PoolingLagTrend,2025-08-01,32,32,0.8523406512192919,0.7027201099864827,0.1496205412328092
12,GroupsFixed,P3PoolingLagTrend,2025-09-01,32,32,-0.6790451568159626,-0.7853283926593929,-0.10628323584343036
12,GroupsFixed,P3PoolingLagTrend,2025-10-01,32,32,-0.1122004620099406,-0.09902383670042508,0.013176625309515522
12,GroupsFixed,P3PoolingLagTrend,2025-11-01,32,32,0.42413902746913523,0.6436883880560896,-0.2195493605869544
12,GroupsFixed,P3PoolingLagTrend,2025-12-01,32,32,0.41175768799905477,0.5504615444321072,-0.13870385643305239
12,GroupsFixed,P3PoolingLagTrend,2026-01-01,32,32,-0.8108864717948964,-0.6803569396371886,0.1305295321577078
12,GroupsFixed,P3PoolingLagTrend,2026-02-01,32,32,-0.37485839704021207,-0.12105578502549208,0.25380261201472
12,GroupsFixed,P3PoolingLagTrend,2026-03-01,32,32,0.16783741450835787,0.33553851888638175,-0.16770110437802388
12,GroupsFixed,P3PoolingLagTrend,2026-04-01,32,32,0.8879616335329676,0.9560008588796549,-0.06803922534668727
12,GroupsFixed,P3PoolingLagTrend,2026-05-01,32,32,0.3987294206324605,0.2955332885064788,0.10319613212598167
12,GroupsFixed,P3PoolingLagTrend,2026-06-01,32,32,-0.7072632857769372,-0.9091981691137696,-0.2019348833368324
12,GroupsFixed,P3PoolingLagTrend,2026-07-01,32,32,-0.551479571441202,-0.5935854308335711,-0.042105859392369105
12,GroupsFixed,P3PoolingLagTrend,2026-08-01,32,32,0.05565411922621613,-0.26746642199404624,-0.2118123027678301
12,P3IndependentRidge,Ridge,2024-01-01,32,32,0.06417986279749999,0.11289973032759804,-0.04871986753009805
12,P3IndependentRidge,Ridge,2024-02-01,32,32,0.35641320151608025,0.2586601959955317,0.09775300552054855
12,P3IndependentRidge,Ridge,2024-03-01,32,32,0.2540000652638488,0.203082479634503,0.050917585629345785
12,P3IndependentRidge,Ridge,2024-04-01,32,32,0.2235027705033037,0.4077789317469467,-0.184276161243643
12,P3IndependentRidge,Ridge,2024-05-01,32,32,-0.623925334867681,-0.4240572343352369,0.19986810053244408
12,P3IndependentRidge,Ridge,2024-06-01,32,32,0.16303018547487602,0.048288787894023244,0.11474139758085278
12,P3IndependentRidge,Ridge,2024-07-01,32,32,-0.7766499394399249,-0.706342363114743,0.07030757632518192
12,P3IndependentRidge,Ridge,2024-08-01,32,32,0.042394844989332714,0.14494128571342912,-0.10254644072409641
12,P3IndependentRidge,Ridge,2024-09-01,32,32,-0.22403510463644677,-0.1917201642902171,0.03231494034622967
12,P3IndependentRidge,Ridge,2024-10-01,32,32,-0.5872918972571148,-0.47464206742175463,0.1126498298353602
12,P3IndependentRidge,Ridge,2024-11-01,32,32,-0.8537377658081208,-1.0517364214133664,-0.19799865560524565
12,P3IndependentRidge,Ridge,2024-12-01,32,32,-0.2682957249463037,-0.17324757391007495,0.09504815103622877
12,P3IndependentRidge,Ridge,2025-01-01,32,32,-0.07500720131168426,0.1326858770151631,-0.05767867570347884
12,P3IndependentRidge,Ridge,2025-02-01,32,32,-0.5755151749926367,-0.505473008194457,0.07004216679817976
12,P3IndependentRidge,Ridge,2025-03-01,32,32,-0.11690514256183682,-0.12493736893364371,-0.008032226371806894
12,P3IndependentRidge,Ridge,2025-04-01,32,32,0.010808608448267254,0.346582551581605,-0.33577394313333775
12,P3IndependentRidge,Ridge,2025-05-01,32,32,0.5979264573306501,0.5662881141850562,0.031638343145593883
12,P3IndependentRidge,Ridge,2025-06-01,32,32,0.40304615716094466,0.2523814964201989,0.15066466074074575
12,P3IndependentRidge,Ridge,2025-07-01,32,32,0.015174912400648,-0.266111766047743,-0.250936853647095
12,P3IndependentRidge,Ridge,2025-08-01,32,32,0.7595792188104675,0.6511473451393215,0.10843187367114604
12,P3IndependentRidge,Ridge,2025-09-01,32,32,-0.7535945350674962,-0.5504614696086918,0.20313306545880438
12,P3IndependentRidge,Ridge,2025-10-01,32,32,-0.11004393030555193,0.04208010239159421,0.06796382791395772
12,P3IndependentRidge,Ridge,2025-11-01,32,32,0.5394313670764321,0.24312425475183375,0.2963071123245984
12,P3IndependentRidge,Ridge,2025-12-01,32,32,0.4428150062306291,0.35898453339852665,0.08383047283210243
12,P3IndependentRidge,Ridge,2026-01-01,32,32,-0.8161151718177326,-0.5947668458287865,0.22134832598894616
12,P3IndependentRidge,Ridge,2026-02-01,32,32,-0.2737746442598923,-0.44069277805537865,-0.16691813379548637
12,P3IndependentRidge,Ridge,2026-03-01,32,32,0.25980082056960574,0.15347691861943247,0.10632390195017327
12,P3IndependentRidge,Ridge,2026-04-01,32,32,0.9521205504227296,0.9603377232823505,-0.00821717285962087
12,P3IndependentRidge,Ridge,2026-05-01,32,32,0.35266170767107097,0.3761757735601634,-0.02351406588909244
12,P3IndependentRidge,Ridge,2026-06-01,32,32,-0.8002505281747234,-0.8102266138348142,-0.009976085660090783
12,P3IndependentRidge,Ridge,2026-07-01,32,32,-0.5454248413223648,-0.7396518535728944,-0.19422701225052963
12,P3IndependentRidge,Ridge,2026-08-01,32,32,-0.11327232162712156,0.05529321756813488,0.05797910405898668
12,P3IndependentRidge,Huber,2024-01-01,32,32,0.06417986279749999,0.1429736163785975,-0.07879375358109753
12,P3IndependentRidge,Huber,2024-02-01,32,32,0.35641320151608025,0.2274233223462261,0.12898987916985416
12,P3IndependentRidge,Huber,2024-03-01,32,32,0.2540000652638488,0.12434348111722215,0.12965658414662662
12,P3IndependentRidge,Huber,2024-04-01,32,32,0.2235027705033037,0.4469327062374475,-0.22342993573414383
12,P3IndependentRidge,Huber,2024-05-01,32,32,-0.623925334867681,-0.49910722057641976,0.12481811429126122
12,P3IndependentRidge,Huber,2024-06-01,32,32,0.16303018547487602,-0.04832144832694496,0.11470873714793106
12,P3IndependentRidge,Huber,2024-07-01,32,32,-0.7766499394399249,-0.6446326657359975,0.13201727370392735
12,P3IndependentRidge,Huber,2024-08-01,32,32,0.042394844989332714,0.08567750515067019,-0.04328266016133747
12,P3IndependentRidge,Huber,2024-09-01,32,32,-0.22403510463644677,-0.14323375255787596,0.08080135207857081
12,P3IndependentRidge,Huber,2024-10-01,32,32,-0.5872918972571148,-0.4751536959143863,0.11213820134272856
12,P3IndependentRidge,Huber,2024-11-01,32,32,-0.8537377658081208,-1.0741844122339046,-0.22044664642578382
12,P3IndependentRidge,Huber,2024-12-01,32,32,-0.2682957249463037,-0.23565394263043515,0.03264178231586856
12,P3IndependentRidge,Huber,2025-01-01,32,32,-0.07500720131168426,0.15014973635652495,-0.0751425350448407
12,P3IndependentRidge,Huber,2025-02-01,32,32,-0.5755151749926367,-0.6042756528464253,-0.028760477853788546
12,P3IndependentRidge,Huber,2025-03-01,32,32,-0.11690514256183682,-0.1587876162159887,-0.041882473654151875
12,P3IndependentRidge,Huber,2025-04-01,32,32,0.010808608448267254,0.24329725498084542,-0.23248864653257817
12,P3IndependentRidge,Huber,2025-05-01,32,32,0.5979264573306501,0.5622525022578344,0.03567395507281568
12,P3IndependentRidge,Huber,2025-06-01,32,32,0.40304615716094466,0.1460201357199793,0.25702602144096537
12,P3IndependentRidge,Huber,2025-07-01,32,32,0.015174912400648,0.005814044671055285,0.009360867729592715
12,P3IndependentRidge,Huber,2025-08-01,32,32,0.7595792188104675,0.622940609611021,0.13663860919944648
12,P3IndependentRidge,Huber,2025-09-01,32,32,-0.7535945350674962,-0.538364890759226,0.21522964430827018
12,P3IndependentRidge,Huber,2025-10-01,32,32,-0.11004393030555193,0.06556388303903304,0.044480047266518885
12,P3IndependentRidge,Huber,2025-11-01,32,32,0.5394313670764321,0.46646452739192057,0.07296683968451156
12,P3IndependentRidge,Huber,2025-12-01,32,32,0.4428150062306291,0.5579215287748838,-0.11510652254425469
12,P3IndependentRidge,Huber,2026-01-01,32,32,-0.8161151718177326,-0.5914642172874665,0.22465095453026618
12,P3IndependentRidge,Huber,2026-02-01,32,32,-0.2737746442598923,-0.3295241845789576,-0.055749540319065316
12,P3IndependentRidge,Huber,2026-03-01,32,32,0.25980082056960574,0.17358555777867934,0.0862152627909264
12,P3IndependentRidge,Huber,2026-04-01,32,32,0.9521205504227296,0.9183122824977659,0.03380826792496372
12,P3IndependentRidge,Huber,2026-05-01,32,32,0.35266170767107097,0.34172719319553835,0.01093451447553262
12,P3IndependentRidge,Huber,2026-06-01,32,32,-0.8002505281747234,-0.8796340990570286,-0.07938357088230519
12,P3IndependentRidge,Huber,2026-07-01,32,32,-0.5454248413223648,-0.7222612079936113,-0.17683636667124647
12,P3IndependentRidge,Huber,2026-08-01,32,32,-0.11327232162712156,-0.11328766366239051,-1.5342035268955945e-05
12,P3IndependentRidge,SeasonalNaive,2024-01-01,32,32,0.06417986279749999,0.2599999999999909,-0.19582013720249092
12,P3IndependentRidge,SeasonalNaive,2024-02-01,32,32,0.35641320151608025,0.21999999999999886,0.13641320151608138
12,P3IndependentRidge,SeasonalNaive,2024-03-01,32,32,0.2540000652638488,-0.14000000000000057,0.1140000652638482
12,P3IndependentRidge,SeasonalNaive,2024-04-01,32,32,0.2235027705033037,0.3400000000000034,-0.11649722949669972
12,P3IndependentRidge,SeasonalNaive,2024-05-01,32,32,-0.623925334867681,-1.1899999999999977,-0.5660746651323167
12,P3IndependentRidge,SeasonalNaive,2024-06-01,32,32,0.16303018547487602,0.25,-0.08696981452512398
12,P3IndependentRidge,SeasonalNaive,2024-07-01,32,32,-0.7766499394399249,-0.5699999999999932,0.2066499394399317
12,P3IndependentRidge,SeasonalNaive,2024-08-01,32,32,0.042394844989332714,-0.1599999999999966,-0.11760515501066388
12,P3IndependentRidge,SeasonalNaive,2024-09-01,32,32,-0.22403510463644677,1.1299999999999955,-0.9059648953635486
12,P3IndependentRidge,SeasonalNaive,2024-10-01,32,32,-0.5872918972571148,-0.5600000000000023,0.027291897257112563
12,P3IndependentRidge,SeasonalNaive,2024-11-01,32,32,-0.8537377658081208,-0.7600000000000051,0.09373776580811566
12,P3IndependentRidge,SeasonalNaive,2024-12-01,32,32,-0.2682957249463037,-0.6199999999999903,-0.3517042750536866
12,P3IndependentRidge,SeasonalNaive,2025-01-01,32,32,-0.07500720131168426,0.030000000000001137,0.04500720131168312
12,P3IndependentRidge,SeasonalNaive,2025-02-01,32,32,-0.5755151749926367,-0.8100000000000023,-0.23448482500736556
12,P3IndependentRidge,SeasonalNaive,2025-03-01,32,32,-0.11690514256183682,-0.28000000000000114,-0.16309485743816432
12,P3IndependentRidge,SeasonalNaive,2025-04-01,32,32,0.010808608448267254,-0.15000000000000568,-0.13919139155173843
12,P3IndependentRidge,SeasonalNaive,2025-05-01,32,32,0.5979264573306501,1.009999999999991,-0.4120735426693408
12,P3IndependentRidge,SeasonalNaive,2025-06-01,32,32,0.40304615716094466,0.22000000000001307,0.1830461571609316
12,P3IndependentRidge,SeasonalNaive,2025-07-01,32,32,0.015174912400648,0.7099999999999937,-0.6948250875993458
12,P3IndependentRidge,SeasonalNaive,2025-08-01,32,32,0.7595792188104675,0.6599999999999966,0.09957921881047094
12,P3IndependentRidge,SeasonalNaive,2025-09-01,32,32,-0.7535945350674962,-0.37999999999999545,0.37359453506750073
12,P3IndependentRidge,SeasonalNaive,2025-10-01,32,32,-0.11004393030555193,0.4899999999999949,-0.37995606969444295
12,P3IndependentRidge,SeasonalNaive,2025-11-01,32,32,0.5394313670764321,1.3499999999999943,-0.8105686329235622
12,P3IndependentRidge,SeasonalNaive,2025-12-01,32,32,0.4428150062306291,0.6199999999999903,-0.17718499376936125
12,P3IndependentRidge,SeasonalNaive,2026-01-01,32,32,-0.8161151718177326,-0.7299999999999898,0.08611517181774286
12,P3IndependentRidge,SeasonalNaive,2026-02-01,32,32,-0.2737746442598923,0.2400000000000091,0.03377464425988319
12,P3IndependentRidge,SeasonalNaive,2026-03-01,32,32,0.25980082056960574,0.269999999999996,-0.010199179430390282
12,P3IndependentRidge,SeasonalNaive,2026-04-01,32,32,0.9521205504227296,0.8100000000000023,0.1421205504227273
12,P3IndependentRidge,SeasonalNaive,2026-05-01,32,32,0.35266170767107097,-0.1599999999999966,0.19266170767107438
12,P3IndependentRidge,SeasonalNaive,2026-06-01,32,32,-0.8002505281747234,-1.1000000000000085,-0.2997494718252851
12,P3IndependentRidge,SeasonalNaive,2026-07-01,32,32,-0.5454248413223648,-0.45999999999999375,0.08542484132237105
12,P3IndependentRidge,SeasonalNaive,2026-08-01,32,32,-0.11327232162712156,-0.6899999999999977,-0.5767276783728762
12,P3IndependentRidge,GroupsFixed,2024-01-01,32,32,0.06417986279749999,-0.2168802041809016,-0.1527003413834016
12,P3IndependentRidge,GroupsFixed,2024-02-01,32,32,0.35641320151608025,0.22019700047760704,0.1362162010384732
12,P3IndependentRidge,GroupsFixed,2024-03-01,32,32,0.2540000652638488,0.18404231112147929,0.06995775414236949
12,P3IndependentRidge,GroupsFixed,2024-04-01,32,32,0.2235027705033037,0.20735620027625212,0.01614657022705157
12,P3IndependentRidge,GroupsFixed,2024-05-01,32,32,-0.623925334867681,-0.44200322775676504,0.18192210711091594
12,P3IndependentRidge,GroupsFixed,2024-06-01,32,32,0.16303018547487602,0.15791035399954284,0.005119831475333181
12,P3IndependentRidge,GroupsFixed,2024-07-01,32,32,-0.7766499394399249,-0.7714480435664661,0.005201895873458762
12,P3IndependentRidge,GroupsFixed,2024-08-01,32,32,0.042394844989332714,0.19936044367332795,-0.15696559868399523
12,P3IndependentRidge,GroupsFixed,2024-09-01,32,32,-0.22403510463644677,-0.3218996133309597,-0.09786450869451291
12,P3IndependentRidge,GroupsFixed,2024-10-01,32,32,-0.5872918972571148,-0.5556732501558952,0.031618647101219644
12,P3IndependentRidge,GroupsFixed,2024-11-01,32,32,-0.8537377658081208,-0.9753253962546561,-0.12158763044653531
12,P3IndependentRidge,GroupsFixed,2024-12-01,32,32,-0.2682957249463037,-0.29654471501048363,-0.028248990064179913
12,P3IndependentRidge,GroupsFixed,2025-01-01,32,32,-0.07500720131168426,-0.13444317346034373,-0.05943597214865948
12,P3IndependentRidge,GroupsFixed,2025-02-01,32,32,-0.5755151749926367,-0.6268789295963766,-0.051363754603739875
12,P3IndependentRidge,GroupsFixed,2025-03-01,32,32,-0.11690514256183682,-0.1541905520207807,-0.037285409458943874
12,P3IndependentRidge,GroupsFixed,2025-04-01,32,32,0.010808608448267254,0.033796988405127903,-0.02298837995686065
12,P3IndependentRidge,GroupsFixed,2025-05-01,32,32,0.5979264573306501,0.5185955760262334,0.07933088130441668
12,P3IndependentRidge,GroupsFixed,2025-06-01,32,32,0.40304615716094466,0.4518925458892988,-0.04884638872835412
12,P3IndependentRidge,GroupsFixed,2025-07-01,32,32,0.015174912400648,-0.01082318964518103,0.004351722755466969
12,P3IndependentRidge,GroupsFixed,2025-08-01,32,32,0.7595792188104675,0.8523406512192919,-0.0927614324088244
12,P3IndependentRidge,GroupsFixed,2025-09-01,32,32,-0.7535945350674962,-0.6790451568159626,0.07454937825153363
12,P3IndependentRidge,GroupsFixed,2025-10-01,32,32,-0.11004393030555193,-0.1122004620099406,-0.0021565317043886756
12,P3IndependentRidge,GroupsFixed,2025-11-01,32,32,0.5394313670764321,0.42413902746913523,0.1152923396072969
12,P3IndependentRidge,GroupsFixed,2025-12-01,32,32,0.4428150062306291,0.41175768799905477,0.031057318231574316
12,P3IndependentRidge,GroupsFixed,2026-01-01,32,32,-0.8161151718177326,-0.8108864717948964,0.0052287000228362635
12,P3IndependentRidge,GroupsFixed,2026-02-01,32,32,-0.2737746442598923,-0.37485839704021207,-0.10108375278031978
12,P3IndependentRidge,GroupsFixed,2026-03-01,32,32,0.25980082056960574,0.16783741450835787,0.09196340606124787
12,P3IndependentRidge,GroupsFixed,2026-04-01,32,32,0.9521205504227296,0.8879616335329676,0.06415891688976194
12,P3IndependentRidge,GroupsFixed,2026-05-01,32,32,0.35266170767107097,0.3987294206324605,-0.046067712961389506
12,P3IndependentRidge,GroupsFixed,2026-06-01,32,32,-0.8002505281747234,-0.7072632857769372,0.09298724239778622
12,P3IndependentRidge,GroupsFixed,2026-07-01,32,32,-0.5454248413223648,-0.551479571441202,-0.0060547301188371705
12,P3IndependentRidge,GroupsFixed,2026-08-01,32,32,-0.11327232162712156,0.05565411922621613,0.05761820240090543
12,P3IndependentRidge,P3PartialPooling,2024-01-01,32,32,0.06417986279749999,0.1890559087557131,-0.12487604595821311
12,P3IndependentRidge,P3PartialPooling,2024-02-01,32,32,0.35641320151608025,0.4979855757944547,-0.14157237427837444
12,P3IndependentRidge,P3PartialPooling,2024-03-01,32,32,0.2540000652638488,0.3461906128926696,-0.09219054762882084
12,P3IndependentRidge,P3PartialPooling,2024-04-01,32,32,0.2235027705033037,0.31827169605965655,-0.09476892555635286
12,P3IndependentRidge,P3PartialPooling,2024-05-01,32,32,-0.623925334867681,-0.6718129526624355,-0.04788761779475448
12,P3IndependentRidge,P3PartialPooling,2024-06-01,32,32,0.16303018547487602,0.08126575082371035,0.08176443465116567
12,P3IndependentRidge,P3PartialPooling,2024-07-01,32,32,-0.7766499394399249,-0.8936041183270247,-0.1169541788870998
12,P3IndependentRidge,P3PartialPooling,2024-08-01,32,32,0.042394844989332714,-0.10088219000779626,-0.058487345018463546
12,P3IndependentRidge,P3PartialPooling,2024-09-01,32,32,-0.22403510463644677,-0.2343145794574485,-0.010279474821001722
12,P3IndependentRidge,P3PartialPooling,2024-10-01,32,32,-0.5872918972571148,-0.6135790233427985,-0.02628712608568362
12,P3IndependentRidge,P3PartialPooling,2024-11-01,32,32,-0.8537377658081208,-0.8286261909431683,0.025111574864952524
12,P3IndependentRidge,P3PartialPooling,2024-12-01,32,32,-0.2682957249463037,-0.24439552629032113,0.023900198655982585
12,P3IndependentRidge,P3PartialPooling,2025-01-01,32,32,-0.07500720131168426,0.024939564802854974,0.05006763650882928
12,P3IndependentRidge,P3PartialPooling,2025-02-01,32,32,-0.5755151749926367,-0.49184859635398315,0.08366657863865357
12,P3IndependentRidge,P3PartialPooling,2025-03-01,32,32,-0.11690514256183682,-0.019921999587843686,0.09698314297399313
12,P3IndependentRidge,P3PartialPooling,2025-04-01,32,32,0.010808608448267254,0.06337287223175547,-0.05256426378348822
12,P3IndependentRidge,P3PartialPooling,2025-05-01,32,32,0.5979264573306501,0.6485933615864421,-0.05066690425579201
12,P3IndependentRidge,P3PartialPooling,2025-06-01,32,32,0.40304615716094466,0.3725840442663018,0.030462112894642845
12,P3IndependentRidge,P3PartialPooling,2025-07-01,32,32,0.015174912400648,0.04809537852080531,-0.03292046612015731
12,P3IndependentRidge,P3PartialPooling,2025-08-01,32,32,0.7595792188104675,0.6652283187764768,0.09435090003399071
12,P3IndependentRidge,P3PartialPooling,2025-09-01,32,32,-0.7535945350674962,-0.7961799121998615,-0.04258537713236532
12,P3IndependentRidge,P3PartialPooling,2025-10-01,32,32,-0.11004393030555193,-0.10725467851302145,0.0027892517925304783
12,P3IndependentRidge,P3PartialPooling,2025-11-01,32,32,0.5394313670764321,0.631904536362209,-0.09247316928577687
12,P3IndependentRidge,P3PartialPooling,2025-12-01,32,32,0.4428150062306291,0.5249446221062722,-0.08212961587564316
12,P3IndependentRidge,P3PartialPooling,2026-01-01,32,32,-0.8161151718177326,-0.6838106084813849,0.13230456333634777
12,P3IndependentRidge,P3PartialPooling,2026-02-01,32,32,-0.2737746442598923,-0.11648525481097227,0.15728938944892001
12,P3IndependentRidge,P3PartialPooling,2026-03-01,32,32,0.25980082056960574,0.33877403928432326,-0.07897321871471752
12,P3IndependentRidge,P3PartialPooling,2026-04-01,32,32,0.9521205504227296,0.9585309251617142,-0.006410374738984648
12,P3IndependentRidge,P3PartialPooling,2026-05-01,32,32,0.35266170767107097,0.29844733696031867,0.0542143707107523
12,P3IndependentRidge,P3PartialPooling,2026-06-01,32,32,-0.8002505281747234,-0.9016087998139424,-0.10135827163921896
12,P3IndependentRidge,P3PartialPooling,2026-07-01,32,32,-0.5454248413223648,-0.5832810448575618,-0.03785620353519703
12,P3IndependentRidge,P3PartialPooling,2026-08-01,32,32,-0.11327232162712156,-0.2752389016768158,-0.16196658004969425
12,P3IndependentRidge,P3PoolingLagTrend,2024-01-01,32,32,0.06417986279749999,0.2228987890162335,-0.1587189262187335
12,P3IndependentRidge,P3PoolingLagTrend,2024-02-01,32,32,0.35641320151608025,0.5357156370253715,-0.17930243550929126
12,P3IndependentRidge,P3PoolingLagTrend,2024-03-01,32,32,0.2540000652638488,0.35508872033260996,-0.10108865506876119
12,P3IndependentRidge,P3PoolingLagTrend,2024-04-01,32,32,0.2235027705033037,0.3179165010245161,-0.09441373052121238
12,P3IndependentRidge,P3PoolingLagTrend,2024-05-01,32,32,-0.623925334867681,-0.6848261645300464,-0.06090082966236543
12,P3IndependentRidge,P3PoolingLagTrend,2024-06-01,32,32,0.16303018547487602,0.05526214731477763,0.10776803816009839
12,P3IndependentRidge,P3PoolingLagTrend,2024-07-01,32,32,-0.7766499394399249,-0.8932125759749157,-0.11656263653499077
12,P3IndependentRidge,P3PoolingLagTrend,2024-08-01,32,32,0.042394844989332714,-0.09148462206803822,-0.0490897770787055
12,P3IndependentRidge,P3PoolingLagTrend,2024-09-01,32,32,-0.22403510463644677,-0.22355647660020223,0.00047862803624454386
12,P3IndependentRidge,P3PoolingLagTrend,2024-10-01,32,32,-0.5872918972571148,-0.5833934371280427,0.0038984601290721344
12,P3IndependentRidge,P3PoolingLagTrend,2024-11-01,32,32,-0.8537377658081208,-0.8090664900687883,0.044671275739332494
12,P3IndependentRidge,P3PoolingLagTrend,2024-12-01,32,32,-0.2682957249463037,-0.22590014547689985,0.042395579469403866
12,P3IndependentRidge,P3PoolingLagTrend,2025-01-01,32,32,-0.07500720131168426,0.020467022043553107,0.05454017926813115
12,P3IndependentRidge,P3PoolingLagTrend,2025-02-01,32,32,-0.5755151749926367,-0.5024046374452811,0.07311053754735564
12,P3IndependentRidge,P3PoolingLagTrend,2025-03-01,32,32,-0.11690514256183682,-0.03663120808019793,0.08027393448163889
12,P3IndependentRidge,P3PoolingLagTrend,2025-04-01,32,32,0.010808608448267254,0.047743595185896215,-0.03693498673762896
12,P3IndependentRidge,P3PoolingLagTrend,2025-05-01,32,32,0.5979264573306501,0.6412218595101625,-0.04329540217951244
12,P3IndependentRidge,P3PoolingLagTrend,2025-06-01,32,32,0.40304615716094466,0.3831726218020544,0.01987353535889025
12,P3IndependentRidge,P3PoolingLagTrend,2025-07-01,32,32,0.015174912400648,0.06468908857709976,-0.04951417617645176
12,P3IndependentRidge,P3PoolingLagTrend,2025-08-01,32,32,0.7595792188104675,0.7027201099864827,0.056859108823984816
12,P3IndependentRidge,P3PoolingLagTrend,2025-09-01,32,32,-0.7535945350674962,-0.7853283926593929,-0.03173385759189673
12,P3IndependentRidge,P3PoolingLagTrend,2025-10-01,32,32,-0.11004393030555193,-0.09902383670042508,0.011020093605126846
12,P3IndependentRidge,P3PoolingLagTrend,2025-11-01,32,32,0.5394313670764321,0.6436883880560896,-0.1042570209796575
12,P3IndependentRidge,P3PoolingLagTrend,2025-12-01,32,32,0.4428150062306291,0.5504615444321072,-0.10764653820147807
12,P3IndependentRidge,P3PoolingLagTrend,2026-01-01,32,32,-0.8161151718177326,-0.6803569396371886,0.13575823218054406
12,P3IndependentRidge,P3PoolingLagTrend,2026-02-01,32,32,-0.2737746442598923,-0.12105578502549208,0.1527188592344002
12,P3IndependentRidge,P3PoolingLagTrend,2026-03-01,32,32,0.25980082056960574,0.33553851888638175,-0.07573769831677601
12,P3IndependentRidge,P3PoolingLagTrend,2026-04-01,32,32,0.9521205504227296,0.9560008588796549,-0.00388030845692533
12,P3IndependentRidge,P3PoolingLagTrend,2026-05-01,32,32,0.35266170767107097,0.2955332885064788,0.05712841916459216
12,P3IndependentRidge,P3PoolingLagTrend,2026-06-01,32,32,-0.8002505281747234,-0.9091981691137696,-0.10894764093904619
12,P3IndependentRidge,P3PoolingLagTrend,2026-07-01,32,32,-0.5454248413223648,-0.5935854308335711,-0.048160589511206275
12,P3IndependentRidge,P3PoolingLagTrend,2026-08-01,32,32,-0.11327232162712156,-0.26746642199404624,-0.15419410036692469
12,P3PartialPooling,Ridge,2024-01-01,32,32,0.1890559087557131,0.11289973032759804,0.07615617842811506
12,P3PartialPooling,Ridge,2024-02-01,32,32,0.4979855757944547,0.2586601959955317,0.239325379798923
12,P3PartialPooling,Ridge,2024-03-01,32,32,0.3461906128926696,0.203082479634503,0.14310813325816663
12,P3PartialPooling,Ridge,2024-04-01,32,32,0.31827169605965655,0.4077789317469467,-0.08950723568729013
12,P3PartialPooling,Ridge,2024-05-01,32,32,-0.6718129526624355,-0.4240572343352369,0.24775571832719856
12,P3PartialPooling,Ridge,2024-06-01,32,32,0.08126575082371035,0.048288787894023244,0.032976962929687104
12,P3PartialPooling,Ridge,2024-07-01,32,32,-0.8936041183270247,-0.706342363114743,0.18726175521228172
12,P3PartialPooling,Ridge,2024-08-01,32,32,-0.10088219000779626,0.14494128571342912,-0.044059095705632864
12,P3PartialPooling,Ridge,2024-09-01,32,32,-0.2343145794574485,-0.1917201642902171,0.04259441516723139
12,P3PartialPooling,Ridge,2024-10-01,32,32,-0.6135790233427985,-0.47464206742175463,0.13893695592104383
12,P3PartialPooling,Ridge,2024-11-01,32,32,-0.8286261909431683,-1.0517364214133664,-0.22311023047019818
12,P3PartialPooling,Ridge,2024-12-01,32,32,-0.24439552629032113,-0.17324757391007495,0.07114795238024618
12,P3PartialPooling,Ridge,2025-01-01,32,32,0.024939564802854974,0.1326858770151631,-0.10774631221230813
12,P3PartialPooling,Ridge,2025-02-01,32,32,-0.49184859635398315,-0.505473008194457,-0.013624411840473805
12,P3PartialPooling,Ridge,2025-03-01,32,32,-0.019921999587843686,-0.12493736893364371,-0.10501536934580002
12,P3PartialPooling,Ridge,2025-04-01,32,32,0.06337287223175547,0.346582551581605,-0.28320967934984953
12,P3PartialPooling,Ridge,2025-05-01,32,32,0.6485933615864421,0.5662881141850562,0.0823052474013859
12,P3PartialPooling,Ridge,2025-06-01,32,32,0.3725840442663018,0.2523814964201989,0.1202025478461029
12,P3PartialPooling,Ridge,2025-07-01,32,32,0.04809537852080531,-0.266111766047743,-0.2180163875269377
12,P3PartialPooling,Ridge,2025-08-01,32,32,0.6652283187764768,0.6511473451393215,0.014080973637155325
12,P3PartialPooling,Ridge,2025-09-01,32,32,-0.7961799121998615,-0.5504614696086918,0.2457184425911697
12,P3PartialPooling,Ridge,2025-10-01,32,32,-0.10725467851302145,0.04208010239159421,0.06517457612142724
12,P3PartialPooling,Ridge,2025-11-01,32,32,0.631904536362209,0.24312425475183375,0.38878028161037526
12,P3PartialPooling,Ridge,2025-12-01,32,32,0.5249446221062722,0.35898453339852665,0.1659600887077456
12,P3PartialPooling,Ridge,2026-01-01,32,32,-0.6838106084813849,-0.5947668458287865,0.08904376265259839
12,P3PartialPooling,Ridge,2026-02-01,32,32,-0.11648525481097227,-0.44069277805537865,-0.3242075232444064
12,P3PartialPooling,Ridge,2026-03-01,32,32,0.33877403928432326,0.15347691861943247,0.1852971206648908
12,P3PartialPooling,Ridge,2026-04-01,32,32,0.9585309251617142,0.9603377232823505,-0.0018067981206362216
12,P3PartialPooling,Ridge,2026-05-01,32,32,0.29844733696031867,0.3761757735601634,-0.07772843659984474
12,P3PartialPooling,Ridge,2026-06-01,32,32,-0.9016087998139424,-0.8102266138348142,0.09138218597912817
12,P3PartialPooling,Ridge,2026-07-01,32,32,-0.5832810448575618,-0.7396518535728944,-0.1563708087153326
12,P3PartialPooling,Ridge,2026-08-01,32,32,-0.2752389016768158,0.05529321756813488,0.21994568410868093
12,P3PartialPooling,Huber,2024-01-01,32,32,0.1890559087557131,0.1429736163785975,0.046082292377115586
12,P3PartialPooling,Huber,2024-02-01,32,32,0.4979855757944547,0.2274233223462261,0.2705622534482286
12,P3PartialPooling,Huber,2024-03-01,32,32,0.3461906128926696,0.12434348111722215,0.22184713177544746
12,P3PartialPooling,Huber,2024-04-01,32,32,0.31827169605965655,0.4469327062374475,-0.12866101017779097
12,P3PartialPooling,Huber,2024-05-01,32,32,-0.6718129526624355,-0.49910722057641976,0.1727057320860157
12,P3PartialPooling,Huber,2024-06-01,32,32,0.08126575082371035,-0.04832144832694496,0.03294430249676539
12,P3PartialPooling,Huber,2024-07-01,32,32,-0.8936041183270247,-0.6446326657359975,0.24897145259102715
12,P3PartialPooling,Huber,2024-08-01,32,32,-0.10088219000779626,0.08567750515067019,0.015204684857126075
12,P3PartialPooling,Huber,2024-09-01,32,32,-0.2343145794574485,-0.14323375255787596,0.09108082689957253
12,P3PartialPooling,Huber,2024-10-01,32,32,-0.6135790233427985,-0.4751536959143863,0.13842532742841218
12,P3PartialPooling,Huber,2024-11-01,32,32,-0.8286261909431683,-1.0741844122339046,-0.24555822129073634
12,P3PartialPooling,Huber,2024-12-01,32,32,-0.24439552629032113,-0.23565394263043515,0.008741583659885976
12,P3PartialPooling,Huber,2025-01-01,32,32,0.024939564802854974,0.15014973635652495,-0.12521017155366998
12,P3PartialPooling,Huber,2025-02-01,32,32,-0.49184859635398315,-0.6042756528464253,-0.11242705649244211
12,P3PartialPooling,Huber,2025-03-01,32,32,-0.019921999587843686,-0.1587876162159887,-0.138865616628145
12,P3PartialPooling,Huber,2025-04-01,32,32,0.06337287223175547,0.24329725498084542,-0.17992438274908995
12,P3PartialPooling,Huber,2025-05-01,32,32,0.6485933615864421,0.5622525022578344,0.08634085932860769
12,P3PartialPooling,Huber,2025-06-01,32,32,0.3725840442663018,0.1460201357199793,0.22656390854632252
12,P3PartialPooling,Huber,2025-07-01,32,32,0.04809537852080531,0.005814044671055285,0.042281333849750025
12,P3PartialPooling,Huber,2025-08-01,32,32,0.6652283187764768,0.622940609611021,0.04228770916545577
12,P3PartialPooling,Huber,2025-09-01,32,32,-0.7961799121998615,-0.538364890759226,0.2578150214406355
12,P3PartialPooling,Huber,2025-10-01,32,32,-0.10725467851302145,0.06556388303903304,0.04169079547398841
12,P3PartialPooling,Huber,2025-11-01,32,32,0.631904536362209,0.46646452739192057,0.16544000897028843
12,P3PartialPooling,Huber,2025-12-01,32,32,0.5249446221062722,0.5579215287748838,-0.03297690666861153
12,P3PartialPooling,Huber,2026-01-01,32,32,-0.6838106084813849,-0.5914642172874665,0.09234639119391841
12,P3PartialPooling,Huber,2026-02-01,32,32,-0.11648525481097227,-0.3295241845789576,-0.21303892976798533
12,P3PartialPooling,Huber,2026-03-01,32,32,0.33877403928432326,0.17358555777867934,0.1651884815056439
12,P3PartialPooling,Huber,2026-04-01,32,32,0.9585309251617142,0.9183122824977659,0.04021864266394837
12,P3PartialPooling,Huber,2026-05-01,32,32,0.29844733696031867,0.34172719319553835,-0.04327985623521968
12,P3PartialPooling,Huber,2026-06-01,32,32,-0.9016087998139424,-0.8796340990570286,0.021974700756913768
12,P3PartialPooling,Huber,2026-07-01,32,32,-0.5832810448575618,-0.7222612079936113,-0.13898016313604944
12,P3PartialPooling,Huber,2026-08-01,32,32,-0.2752389016768158,-0.11328766366239051,0.1619512380144253
12,P3PartialPooling,SeasonalNaive,2024-01-01,32,32,0.1890559087557131,0.2599999999999909,-0.07094409124427781
12,P3PartialPooling,SeasonalNaive,2024-02-01,32,32,0.4979855757944547,0.21999999999999886,0.2779855757944558
12,P3PartialPooling,SeasonalNaive,2024-03-01,32,32,0.3461906128926696,-0.14000000000000057,0.20619061289266905
12,P3PartialPooling,SeasonalNaive,2024-04-01,32,32,0.31827169605965655,0.3400000000000034,-0.02172830394034686
12,P3PartialPooling,SeasonalNaive,2024-05-01,32,32,-0.6718129526624355,-1.1899999999999977,-0.5181870473375623
12,P3PartialPooling,SeasonalNaive,2024-06-01,32,32,0.08126575082371035,0.25,-0.16873424917628965
12,P3PartialPooling,SeasonalNaive,2024-07-01,32,32,-0.8936041183270247,-0.5699999999999932,0.3236041183270315
12,P3PartialPooling,SeasonalNaive,2024-08-01,32,32,-0.10088219000779626,-0.1599999999999966,-0.05911780999220033
12,P3PartialPooling,SeasonalNaive,2024-09-01,32,32,-0.2343145794574485,1.1299999999999955,-0.895685420542547
12,P3PartialPooling,SeasonalNaive,2024-10-01,32,32,-0.6135790233427985,-0.5600000000000023,0.053579023342796184
12,P3PartialPooling,SeasonalNaive,2024-11-01,32,32,-0.8286261909431683,-0.7600000000000051,0.06862619094316313
12,P3PartialPooling,SeasonalNaive,2024-12-01,32,32,-0.24439552629032113,-0.6199999999999903,-0.3756044737096692
12,P3PartialPooling,SeasonalNaive,2025-01-01,32,32,0.024939564802854974,0.030000000000001137,-0.0050604351971461625
12,P3PartialPooling,SeasonalNaive,2025-02-01,32,32,-0.49184859635398315,-0.8100000000000023,-0.3181514036460191
12,P3PartialPooling,SeasonalNaive,2025-03-01,32,32,-0.019921999587843686,-0.28000000000000114,-0.26007800041215745
12,P3PartialPooling,SeasonalNaive,2025-04-01,32,32,0.06337287223175547,-0.15000000000000568,-0.08662712776825021
12,P3PartialPooling,SeasonalNaive,2025-05-01,32,32,0.6485933615864421,1.009999999999991,-0.3614066384135488
12,P3PartialPooling,SeasonalNaive,2025-06-01,32,32,0.3725840442663018,0.22000000000001307,0.15258404426628874
12,P3PartialPooling,SeasonalNaive,2025-07-01,32,32,0.04809537852080531,0.7099999999999937,-0.6619046214791884
12,P3PartialPooling,SeasonalNaive,2025-08-01,32,32,0.6652283187764768,0.6599999999999966,0.005228318776480223
12,P3PartialPooling,SeasonalNaive,2025-09-01,32,32,-0.7961799121998615,-0.37999999999999545,0.41617991219986605
12,P3PartialPooling,SeasonalNaive,2025-10-01,32,32,-0.10725467851302145,0.4899999999999949,-0.38274532148697343
12,P3PartialPooling,SeasonalNaive,2025-11-01,32,32,0.631904536362209,1.3499999999999943,-0.7180954636377853
12,P3PartialPooling,SeasonalNaive,2025-12-01,32,32,0.5249446221062722,0.6199999999999903,-0.0950553778937181
12,P3PartialPooling,SeasonalNaive,2026-01-01,32,32,-0.6838106084813849,-0.7299999999999898,-0.046189391518604905
12,P3PartialPooling,SeasonalNaive,2026-02-01,32,32,-0.11648525481097227,0.2400000000000091,-0.12351474518903682
12,P3PartialPooling,SeasonalNaive,2026-03-01,32,32,0.33877403928432326,0.269999999999996,0.06877403928432724
12,P3PartialPooling,SeasonalNaive,2026-04-01,32,32,0.9585309251617142,0.8100000000000023,0.14853092516171196
12,P3PartialPooling,SeasonalNaive,2026-05-01,32,32,0.29844733696031867,-0.1599999999999966,0.13844733696032208
12,P3PartialPooling,SeasonalNaive,2026-06-01,32,32,-0.9016087998139424,-1.1000000000000085,-0.19839120018606615
12,P3PartialPooling,SeasonalNaive,2026-07-01,32,32,-0.5832810448575618,-0.45999999999999375,0.12328104485756808
12,P3PartialPooling,SeasonalNaive,2026-08-01,32,32,-0.2752389016768158,-0.6899999999999977,-0.4147610983231819
12,P3PartialPooling,GroupsFixed,2024-01-01,32,32,0.1890559087557131,-0.2168802041809016,-0.027824295425188494
12,P3PartialPooling,GroupsFixed,2024-02-01,32,32,0.4979855757944547,0.22019700047760704,0.27778857531684764
12,P3PartialPooling,GroupsFixed,2024-03-01,32,32,0.3461906128926696,0.18404231112147929,0.16214830177119033
12,P3PartialPooling,GroupsFixed,2024-04-01,32,32,0.31827169605965655,0.20735620027625212,0.11091549578340443
12,P3PartialPooling,GroupsFixed,2024-05-01,32,32,-0.6718129526624355,-0.44200322775676504,0.22980972490567042
12,P3PartialPooling,GroupsFixed,2024-06-01,32,32,0.08126575082371035,0.15791035399954284,-0.07664460317583249
12,P3PartialPooling,GroupsFixed,2024-07-01,32,32,-0.8936041183270247,-0.7714480435664661,0.12215607476055856
12,P3PartialPooling,GroupsFixed,2024-08-01,32,32,-0.10088219000779626,0.19936044367332795,-0.09847825366553169
12,P3PartialPooling,GroupsFixed,2024-09-01,32,32,-0.2343145794574485,-0.3218996133309597,-0.08758503387351119
12,P3PartialPooling,GroupsFixed,2024-10-01,32,32,-0.6135790233427985,-0.5556732501558952,0.057905773186903264
12,P3PartialPooling,GroupsFixed,2024-11-01,32,32,-0.8286261909431683,-0.9753253962546561,-0.14669920531148783
12,P3PartialPooling,GroupsFixed,2024-12-01,32,32,-0.24439552629032113,-0.29654471501048363,-0.0521491887201625
12,P3PartialPooling,GroupsFixed,2025-01-01,32,32,0.024939564802854974,-0.13444317346034373,-0.10950360865748876
12,P3PartialPooling,GroupsFixed,2025-02-01,32,32,-0.49184859635398315,-0.6268789295963766,-0.13503033324239344
12,P3PartialPooling,GroupsFixed,2025-03-01,32,32,-0.019921999587843686,-0.1541905520207807,-0.134268552432937
12,P3PartialPooling,GroupsFixed,2025-04-01,32,32,0.06337287223175547,0.033796988405127903,0.02957588382662757
12,P3PartialPooling,GroupsFixed,2025-05-01,32,32,0.6485933615864421,0.5185955760262334,0.1299977855602087
12,P3PartialPooling,GroupsFixed,2025-06-01,32,32,0.3725840442663018,0.4518925458892988,-0.07930850162299696
12,P3PartialPooling,GroupsFixed,2025-07-01,32,32,0.04809537852080531,-0.01082318964518103,0.03727218887562428
12,P3PartialPooling,GroupsFixed,2025-08-01,32,32,0.6652283187764768,0.8523406512192919,-0.1871123324428151
12,P3PartialPooling,GroupsFixed,2025-09-01,32,32,-0.7961799121998615,-0.6790451568159626,0.11713475538389895
12,P3PartialPooling,GroupsFixed,2025-10-01,32,32,-0.10725467851302145,-0.1122004620099406,-0.004945783496919154
12,P3PartialPooling,GroupsFixed,2025-11-01,32,32,0.631904536362209,0.42413902746913523,0.20776550889307377
12,P3PartialPooling,GroupsFixed,2025-12-01,32,32,0.5249446221062722,0.41175768799905477,0.11318693410721747
12,P3PartialPooling,GroupsFixed,2026-01-01,32,32,-0.6838106084813849,-0.8108864717948964,-0.1270758633135115
12,P3PartialPooling,GroupsFixed,2026-02-01,32,32,-0.11648525481097227,-0.37485839704021207,-0.2583731422292398
12,P3PartialPooling,GroupsFixed,2026-03-01,32,32,0.33877403928432326,0.16783741450835787,0.17093662477596538
12,P3PartialPooling,GroupsFixed,2026-04-01,32,32,0.9585309251617142,0.8879616335329676,0.07056929162874659
12,P3PartialPooling,GroupsFixed,2026-05-01,32,32,0.29844733696031867,0.3987294206324605,-0.10028208367214181
12,P3PartialPooling,GroupsFixed,2026-06-01,32,32,-0.9016087998139424,-0.7072632857769372,0.19434551403700517
12,P3PartialPooling,GroupsFixed,2026-07-01,32,32,-0.5832810448575618,-0.551479571441202,0.03180147341635986
12,P3PartialPooling,GroupsFixed,2026-08-01,32,32,-0.2752389016768158,0.05565411922621613,0.21958478245059967
12,P3PartialPooling,P3IndependentRidge,2024-01-01,32,32,0.1890559087557131,0.06417986279749999,0.12487604595821311
12,P3PartialPooling,P3IndependentRidge,2024-02-01,32,32,0.4979855757944547,0.35641320151608025,0.14157237427837444
12,P3PartialPooling,P3IndependentRidge,2024-03-01,32,32,0.3461906128926696,0.2540000652638488,0.09219054762882084
12,P3PartialPooling,P3IndependentRidge,2024-04-01,32,32,0.31827169605965655,0.2235027705033037,0.09476892555635286
12,P3PartialPooling,P3IndependentRidge,2024-05-01,32,32,-0.6718129526624355,-0.623925334867681,0.04788761779475448
12,P3PartialPooling,P3IndependentRidge,2024-06-01,32,32,0.08126575082371035,0.16303018547487602,-0.08176443465116567
12,P3PartialPooling,P3IndependentRidge,2024-07-01,32,32,-0.8936041183270247,-0.7766499394399249,0.1169541788870998
12,P3PartialPooling,P3IndependentRidge,2024-08-01,32,32,-0.10088219000779626,0.042394844989332714,0.058487345018463546
12,P3PartialPooling,P3IndependentRidge,2024-09-01,32,32,-0.2343145794574485,-0.22403510463644677,0.010279474821001722
12,P3PartialPooling,P3IndependentRidge,2024-10-01,32,32,-0.6135790233427985,-0.5872918972571148,0.02628712608568362
12,P3PartialPooling,P3IndependentRidge,2024-11-01,32,32,-0.8286261909431683,-0.8537377658081208,-0.025111574864952524
12,P3PartialPooling,P3IndependentRidge,2024-12-01,32,32,-0.24439552629032113,-0.2682957249463037,-0.023900198655982585
12,P3PartialPooling,P3IndependentRidge,2025-01-01,32,32,0.024939564802854974,-0.07500720131168426,-0.05006763650882928
12,P3PartialPooling,P3IndependentRidge,2025-02-01,32,32,-0.49184859635398315,-0.5755151749926367,-0.08366657863865357
12,P3PartialPooling,P3IndependentRidge,2025-03-01,32,32,-0.019921999587843686,-0.11690514256183682,-0.09698314297399313
12,P3PartialPooling,P3IndependentRidge,2025-04-01,32,32,0.06337287223175547,0.010808608448267254,0.05256426378348822
12,P3PartialPooling,P3IndependentRidge,2025-05-01,32,32,0.6485933615864421,0.5979264573306501,0.05066690425579201
12,P3PartialPooling,P3IndependentRidge,2025-06-01,32,32,0.3725840442663018,0.40304615716094466,-0.030462112894642845
12,P3PartialPooling,P3IndependentRidge,2025-07-01,32,32,0.04809537852080531,0.015174912400648,0.03292046612015731
12,P3PartialPooling,P3IndependentRidge,2025-08-01,32,32,0.6652283187764768,0.7595792188104675,-0.09435090003399071
12,P3PartialPooling,P3IndependentRidge,2025-09-01,32,32,-0.7961799121998615,-0.7535945350674962,0.04258537713236532
12,P3PartialPooling,P3IndependentRidge,2025-10-01,32,32,-0.10725467851302145,-0.11004393030555193,-0.0027892517925304783
12,P3PartialPooling,P3IndependentRidge,2025-11-01,32,32,0.631904536362209,0.5394313670764321,0.09247316928577687
12,P3PartialPooling,P3IndependentRidge,2025-12-01,32,32,0.5249446221062722,0.4428150062306291,0.08212961587564316
12,P3PartialPooling,P3IndependentRidge,2026-01-01,32,32,-0.6838106084813849,-0.8161151718177326,-0.13230456333634777
12,P3PartialPooling,P3IndependentRidge,2026-02-01,32,32,-0.11648525481097227,-0.2737746442598923,-0.15728938944892001
12,P3PartialPooling,P3IndependentRidge,2026-03-01,32,32,0.33877403928432326,0.25980082056960574,0.07897321871471752
12,P3PartialPooling,P3IndependentRidge,2026-04-01,32,32,0.9585309251617142,0.9521205504227296,0.006410374738984648
12,P3PartialPooling,P3IndependentRidge,2026-05-01,32,32,0.29844733696031867,0.35266170767107097,-0.0542143707107523
12,P3PartialPooling,P3IndependentRidge,2026-06-01,32,32,-0.9016087998139424,-0.8002505281747234,0.10135827163921896
12,P3PartialPooling,P3IndependentRidge,2026-07-01,32,32,-0.5832810448575618,-0.5454248413223648,0.03785620353519703
12,P3PartialPooling,P3IndependentRidge,2026-08-01,32,32,-0.2752389016768158,-0.11327232162712156,0.16196658004969425
12,P3PartialPooling,P3PoolingLagTrend,2024-01-01,32,32,0.1890559087557131,0.2228987890162335,-0.0338428802605204
12,P3PartialPooling,P3PoolingLagTrend,2024-02-01,32,32,0.4979855757944547,0.5357156370253715,-0.03773006123091682
12,P3PartialPooling,P3PoolingLagTrend,2024-03-01,32,32,0.3461906128926696,0.35508872033260996,-0.00889810743994035
12,P3PartialPooling,P3PoolingLagTrend,2024-04-01,32,32,0.31827169605965655,0.3179165010245161,0.00035519503514047646
12,P3PartialPooling,P3PoolingLagTrend,2024-05-01,32,32,-0.6718129526624355,-0.6848261645300464,-0.013013211867610952
12,P3PartialPooling,P3PoolingLagTrend,2024-06-01,32,32,0.08126575082371035,0.05526214731477763,0.026003603508932716
12,P3PartialPooling,P3PoolingLagTrend,2024-07-01,32,32,-0.8936041183270247,-0.8932125759749157,0.0003915423521090311
12,P3PartialPooling,P3PoolingLagTrend,2024-08-01,32,32,-0.10088219000779626,-0.09148462206803822,0.009397567939758045
12,P3PartialPooling,P3PoolingLagTrend,2024-09-01,32,32,-0.2343145794574485,-0.22355647660020223,0.010758102857246266
12,P3PartialPooling,P3PoolingLagTrend,2024-10-01,32,32,-0.6135790233427985,-0.5833934371280427,0.030185586214755755
12,P3PartialPooling,P3PoolingLagTrend,2024-11-01,32,32,-0.8286261909431683,-0.8090664900687883,0.01955970087437997
12,P3PartialPooling,P3PoolingLagTrend,2024-12-01,32,32,-0.24439552629032113,-0.22590014547689985,0.01849538081342128
12,P3PartialPooling,P3PoolingLagTrend,2025-01-01,32,32,0.024939564802854974,0.020467022043553107,0.004472542759301867
12,P3PartialPooling,P3PoolingLagTrend,2025-02-01,32,32,-0.49184859635398315,-0.5024046374452811,-0.01055604109129793
12,P3PartialPooling,P3PoolingLagTrend,2025-03-01,32,32,-0.019921999587843686,-0.03663120808019793,-0.016709208492354244
12,P3PartialPooling,P3PoolingLagTrend,2025-04-01,32,32,0.06337287223175547,0.047743595185896215,0.015629277045859258
12,P3PartialPooling,P3PoolingLagTrend,2025-05-01,32,32,0.6485933615864421,0.6412218595101625,0.007371502076279568
12,P3PartialPooling,P3PoolingLagTrend,2025-06-01,32,32,0.3725840442663018,0.3831726218020544,-0.010588577535752597
12,P3PartialPooling,P3PoolingLagTrend,2025-07-01,32,32,0.04809537852080531,0.06468908857709976,-0.016593710056294453
12,P3PartialPooling,P3PoolingLagTrend,2025-08-01,32,32,0.6652283187764768,0.7027201099864827,-0.0374917912100059
12,P3PartialPooling,P3PoolingLagTrend,2025-09-01,32,32,-0.7961799121998615,-0.7853283926593929,0.01085151954046859
12,P3PartialPooling,P3PoolingLagTrend,2025-10-01,32,32,-0.10725467851302145,-0.09902383670042508,0.008230841812596368
12,P3PartialPooling,P3PoolingLagTrend,2025-11-01,32,32,0.631904536362209,0.6436883880560896,-0.011783851693880631
12,P3PartialPooling,P3PoolingLagTrend,2025-12-01,32,32,0.5249446221062722,0.5504615444321072,-0.025516922325834912
12,P3PartialPooling,P3PoolingLagTrend,2026-01-01,32,32,-0.6838106084813849,-0.6803569396371886,0.0034536688441962893
12,P3PartialPooling,P3PoolingLagTrend,2026-02-01,32,32,-0.11648525481097227,-0.12105578502549208,-0.004570530214519808
12,P3PartialPooling,P3PoolingLagTrend,2026-03-01,32,32,0.33877403928432326,0.33553851888638175,0.003235520397941505
12,P3PartialPooling,P3PoolingLagTrend,2026-04-01,32,32,0.9585309251617142,0.9560008588796549,0.002530066282059318
12,P3PartialPooling,P3PoolingLagTrend,2026-05-01,32,32,0.29844733696031867,0.2955332885064788,0.002914048453839857
12,P3PartialPooling,P3PoolingLagTrend,2026-06-01,32,32,-0.9016087998139424,-0.9091981691137696,-0.007589369299827231
12,P3PartialPooling,P3PoolingLagTrend,2026-07-01,32,32,-0.5832810448575618,-0.5935854308335711,-0.010304385976009245
12,P3PartialPooling,P3PoolingLagTrend,2026-08-01,32,32,-0.2752389016768158,-0.26746642199404624,0.007772479682769562
12,P3PoolingLagTrend,Ridge,2024-01-01,32,32,0.2228987890162335,0.11289973032759804,0.10999905868863546
12,P3PoolingLagTrend,Ridge,2024-02-01,32,32,0.5357156370253715,0.2586601959955317,0.2770554410298398
12,P3PoolingLagTrend,Ridge,2024-03-01,32,32,0.35508872033260996,0.203082479634503,0.15200624069810698
12,P3PoolingLagTrend,Ridge,2024-04-01,32,32,0.3179165010245161,0.4077789317469467,-0.08986243072243061
12,P3PoolingLagTrend,Ridge,2024-05-01,32,32,-0.6848261645300464,-0.4240572343352369,0.2607689301948095
12,P3PoolingLagTrend,Ridge,2024-06-01,32,32,0.05526214731477763,0.048288787894023244,0.006973359420754388
12,P3PoolingLagTrend,Ridge,2024-07-01,32,32,-0.8932125759749157,-0.706342363114743,0.1868702128601727
12,P3PoolingLagTrend,Ridge,2024-08-01,32,32,-0.09148462206803822,0.14494128571342912,-0.05345666364539091
12,P3PoolingLagTrend,Ridge,2024-09-01,32,32,-0.22355647660020223,-0.1917201642902171,0.031836312309985126
12,P3PoolingLagTrend,Ridge,2024-10-01,32,32,-0.5833934371280427,-0.47464206742175463,0.10875136970628807
12,P3PoolingLagTrend,Ridge,2024-11-01,32,32,-0.8090664900687883,-1.0517364214133664,-0.24266993134457815
12,P3PoolingLagTrend,Ridge,2024-12-01,32,32,-0.22590014547689985,-0.17324757391007495,0.0526525715668249
12,P3PoolingLagTrend,Ridge,2025-01-01,32,32,0.020467022043553107,0.1326858770151631,-0.11221885497161
12,P3PoolingLagTrend,Ridge,2025-02-01,32,32,-0.5024046374452811,-0.505473008194457,-0.003068370749175875
12,P3PoolingLagTrend,Ridge,2025-03-01,32,32,-0.03663120808019793,-0.12493736893364371,-0.08830616085344578
12,P3PoolingLagTrend,Ridge,2025-04-01,32,32,0.047743595185896215,0.346582551581605,-0.2988389563957088
12,P3PoolingLagTrend,Ridge,2025-05-01,32,32,0.6412218595101625,0.5662881141850562,0.07493374532510633
12,P3PoolingLagTrend,Ridge,2025-06-01,32,32,0.3831726218020544,0.2523814964201989,0.1307911253818555
12,P3PoolingLagTrend,Ridge,2025-07-01,32,32,0.06468908857709976,-0.266111766047743,-0.20142267747064324
12,P3PoolingLagTrend,Ridge,2025-08-01,32,32,0.7027201099864827,0.6511473451393215,0.05157276484716122
12,P3PoolingLagTrend,Ridge,2025-09-01,32,32,-0.7853283926593929,-0.5504614696086918,0.23486692305070112
12,P3PoolingLagTrend,Ridge,2025-10-01,32,32,-0.09902383670042508,0.04208010239159421,0.05694373430883087
12,P3PoolingLagTrend,Ridge,2025-11-01,32,32,0.6436883880560896,0.24312425475183375,0.4005641333042559
12,P3PoolingLagTrend,Ridge,2025-12-01,32,32,0.5504615444321072,0.35898453339852665,0.1914770110335805
12,P3PoolingLagTrend,Ridge,2026-01-01,32,32,-0.6803569396371886,-0.5947668458287865,0.0855900938084021
12,P3PoolingLagTrend,Ridge,2026-02-01,32,32,-0.12105578502549208,-0.44069277805537865,-0.3196369930298866
12,P3PoolingLagTrend,Ridge,2026-03-01,32,32,0.33553851888638175,0.15347691861943247,0.18206160026694929
12,P3PoolingLagTrend,Ridge,2026-04-01,32,32,0.9560008588796549,0.9603377232823505,-0.004336864402695539
12,P3PoolingLagTrend,Ridge,2026-05-01,32,32,0.2955332885064788,0.3761757735601634,-0.0806424850536846
12,P3PoolingLagTrend,Ridge,2026-06-01,32,32,-0.9091981691137696,-0.8102266138348142,0.0989715552789554
12,P3PoolingLagTrend,Ridge,2026-07-01,32,32,-0.5935854308335711,-0.7396518535728944,-0.14606642273932335
12,P3PoolingLagTrend,Ridge,2026-08-01,32,32,-0.26746642199404624,0.05529321756813488,0.21217320442591137
12,P3PoolingLagTrend,Huber,2024-01-01,32,32,0.2228987890162335,0.1429736163785975,0.07992517263763599
12,P3PoolingLagTrend,Huber,2024-02-01,32,32,0.5357156370253715,0.2274233223462261,0.3082923146791454
12,P3PoolingLagTrend,Huber,2024-03-01,32,32,0.35508872033260996,0.12434348111722215,0.2307452392153878
12,P3PoolingLagTrend,Huber,2024-04-01,32,32,0.3179165010245161,0.4469327062374475,-0.12901620521293145
12,P3PoolingLagTrend,Huber,2024-05-01,32,32,-0.6848261645300464,-0.49910722057641976,0.18571894395362665
12,P3PoolingLagTrend,Huber,2024-06-01,32,32,0.05526214731477763,-0.04832144832694496,0.006940698987832672
12,P3PoolingLagTrend,Huber,2024-07-01,32,32,-0.8932125759749157,-0.6446326657359975,0.24857991023891812
12,P3PoolingLagTrend,Huber,2024-08-01,32,32,-0.09148462206803822,0.08567750515067019,0.00580711691736803
12,P3PoolingLagTrend,Huber,2024-09-01,32,32,-0.22355647660020223,-0.14323375255787596,0.08032272404232627
12,P3PoolingLagTrend,Huber,2024-10-01,32,32,-0.5833934371280427,-0.4751536959143863,0.10823974121365643
12,P3PoolingLagTrend,Huber,2024-11-01,32,32,-0.8090664900687883,-1.0741844122339046,-0.2651179221651163
12,P3PoolingLagTrend,Huber,2024-12-01,32,32,-0.22590014547689985,-0.23565394263043515,-0.009753797153535304
12,P3PoolingLagTrend,Huber,2025-01-01,32,32,0.020467022043553107,0.15014973635652495,-0.12968271431297185
12,P3PoolingLagTrend,Huber,2025-02-01,32,32,-0.5024046374452811,-0.6042756528464253,-0.10187101540114418
12,P3PoolingLagTrend,Huber,2025-03-01,32,32,-0.03663120808019793,-0.1587876162159887,-0.12215640813579076
12,P3PoolingLagTrend,Huber,2025-04-01,32,32,0.047743595185896215,0.24329725498084542,-0.1955536597949492
12,P3PoolingLagTrend,Huber,2025-05-01,32,32,0.6412218595101625,0.5622525022578344,0.07896935725232812
12,P3PoolingLagTrend,Huber,2025-06-01,32,32,0.3831726218020544,0.1460201357199793,0.23715248608207512
12,P3PoolingLagTrend,Huber,2025-07-01,32,32,0.06468908857709976,0.005814044671055285,0.05887504390604448
12,P3PoolingLagTrend,Huber,2025-08-01,32,32,0.7027201099864827,0.622940609611021,0.07977950037546166
12,P3PoolingLagTrend,Huber,2025-09-01,32,32,-0.7853283926593929,-0.538364890759226,0.24696350190016692
12,P3PoolingLagTrend,Huber,2025-10-01,32,32,-0.09902383670042508,0.06556388303903304,0.03345995366139204
12,P3PoolingLagTrend,Huber,2025-11-01,32,32,0.6436883880560896,0.46646452739192057,0.17722386066416906
12,P3PoolingLagTrend,Huber,2025-12-01,32,32,0.5504615444321072,0.5579215287748838,-0.0074599843427766155
12,P3PoolingLagTrend,Huber,2026-01-01,32,32,-0.6803569396371886,-0.5914642172874665,0.08889272234972212
12,P3PoolingLagTrend,Huber,2026-02-01,32,32,-0.12105578502549208,-0.3295241845789576,-0.20846839955346552
12,P3PoolingLagTrend,Huber,2026-03-01,32,32,0.33553851888638175,0.17358555777867934,0.1619529611077024
12,P3PoolingLagTrend,Huber,2026-04-01,32,32,0.9560008588796549,0.9183122824977659,0.03768857638188905
12,P3PoolingLagTrend,Huber,2026-05-01,32,32,0.2955332885064788,0.34172719319553835,-0.04619390468905954
12,P3PoolingLagTrend,Huber,2026-06-01,32,32,-0.9091981691137696,-0.8796340990570286,0.029564070056741
12,P3PoolingLagTrend,Huber,2026-07-01,32,32,-0.5935854308335711,-0.7222612079936113,-0.1286757771600402
12,P3PoolingLagTrend,Huber,2026-08-01,32,32,-0.26746642199404624,-0.11328766366239051,0.15417875833165573
12,P3PoolingLagTrend,SeasonalNaive,2024-01-01,32,32,0.2228987890162335,0.2599999999999909,-0.037101210983757404
12,P3PoolingLagTrend,SeasonalNaive,2024-02-01,32,32,0.5357156370253715,0.21999999999999886,0.31571563702537264
12,P3PoolingLagTrend,SeasonalNaive,2024-03-01,32,32,0.35508872033260996,-0.14000000000000057,0.2150887203326094
12,P3PoolingLagTrend,SeasonalNaive,2024-04-01,32,32,0.3179165010245161,0.3400000000000034,-0.022083498975487337
12,P3PoolingLagTrend,SeasonalNaive,2024-05-01,32,32,-0.6848261645300464,-1.1899999999999977,-0.5051738354699513
12,P3PoolingLagTrend,SeasonalNaive,2024-06-01,32,32,0.05526214731477763,0.25,-0.19473785268522237
12,P3PoolingLagTrend,SeasonalNaive,2024-07-01,32,32,-0.8932125759749157,-0.5699999999999932,0.3232125759749225
12,P3PoolingLagTrend,SeasonalNaive,2024-08-01,32,32,-0.09148462206803822,-0.1599999999999966,-0.06851537793195837
12,P3PoolingLagTrend,SeasonalNaive,2024-09-01,32,32,-0.22355647660020223,1.1299999999999955,-0.9064435233997932
12,P3PoolingLagTrend,SeasonalNaive,2024-10-01,32,32,-0.5833934371280427,-0.5600000000000023,0.02339343712804043
12,P3PoolingLagTrend,SeasonalNaive,2024-11-01,32,32,-0.8090664900687883,-0.7600000000000051,0.049066490068783164
12,P3PoolingLagTrend,SeasonalNaive,2024-12-01,32,32,-0.22590014547689985,-0.6199999999999903,-0.3940998545230905
12,P3PoolingLagTrend,SeasonalNaive,2025-01-01,32,32,0.020467022043553107,0.030000000000001137,-0.00953297795644803
12,P3PoolingLagTrend,SeasonalNaive,2025-02-01,32,32,-0.5024046374452811,-0.8100000000000023,-0.3075953625547212
12,P3PoolingLagTrend,SeasonalNaive,2025-03-01,32,32,-0.03663120808019793,-0.28000000000000114,-0.2433687919198032
12,P3PoolingLagTrend,SeasonalNaive,2025-04-01,32,32,0.047743595185896215,-0.15000000000000568,-0.10225640481410947
12,P3PoolingLagTrend,SeasonalNaive,2025-05-01,32,32,0.6412218595101625,1.009999999999991,-0.3687781404898284
12,P3PoolingLagTrend,SeasonalNaive,2025-06-01,32,32,0.3831726218020544,0.22000000000001307,0.16317262180204134
12,P3PoolingLagTrend,SeasonalNaive,2025-07-01,32,32,0.06468908857709976,0.7099999999999937,-0.645310911422894
12,P3PoolingLagTrend,SeasonalNaive,2025-08-01,32,32,0.7027201099864827,0.6599999999999966,0.04272010998648612
12,P3PoolingLagTrend,SeasonalNaive,2025-09-01,32,32,-0.7853283926593929,-0.37999999999999545,0.40532839265939746
12,P3PoolingLagTrend,SeasonalNaive,2025-10-01,32,32,-0.09902383670042508,0.4899999999999949,-0.3909761632995698
12,P3PoolingLagTrend,SeasonalNaive,2025-11-01,32,32,0.6436883880560896,1.3499999999999943,-0.7063116119439047
12,P3PoolingLagTrend,SeasonalNaive,2025-12-01,32,32,0.5504615444321072,0.6199999999999903,-0.06953845556788318
12,P3PoolingLagTrend,SeasonalNaive,2026-01-01,32,32,-0.6803569396371886,-0.7299999999999898,-0.049643060362801195
12,P3PoolingLagTrend,SeasonalNaive,2026-02-01,32,32,-0.12105578502549208,0.2400000000000091,-0.11894421497451702
12,P3PoolingLagTrend,SeasonalNaive,2026-03-01,32,32,0.33553851888638175,0.269999999999996,0.06553851888638573
12,P3PoolingLagTrend,SeasonalNaive,2026-04-01,32,32,0.9560008588796549,0.8100000000000023,0.14600085887965264
12,P3PoolingLagTrend,SeasonalNaive,2026-05-01,32,32,0.2955332885064788,-0.1599999999999966,0.13553328850648222
12,P3PoolingLagTrend,SeasonalNaive,2026-06-01,32,32,-0.9091981691137696,-1.1000000000000085,-0.19080183088623892
12,P3PoolingLagTrend,SeasonalNaive,2026-07-01,32,32,-0.5935854308335711,-0.45999999999999375,0.13358543083357732
12,P3PoolingLagTrend,SeasonalNaive,2026-08-01,32,32,-0.26746642199404624,-0.6899999999999977,-0.4225335780059515
12,P3PoolingLagTrend,GroupsFixed,2024-01-01,32,32,0.2228987890162335,-0.2168802041809016,0.006018584835331908
12,P3PoolingLagTrend,GroupsFixed,2024-02-01,32,32,0.5357156370253715,0.22019700047760704,0.31551863654776446
12,P3PoolingLagTrend,GroupsFixed,2024-03-01,32,32,0.35508872033260996,0.18404231112147929,0.17104640921113068
12,P3PoolingLagTrend,GroupsFixed,2024-04-01,32,32,0.3179165010245161,0.20735620027625212,0.11056030074826395
12,P3PoolingLagTrend,GroupsFixed,2024-05-01,32,32,-0.6848261645300464,-0.44200322775676504,0.24282293677328137
12,P3PoolingLagTrend,GroupsFixed,2024-06-01,32,32,0.05526214731477763,0.15791035399954284,-0.10264820668476521
12,P3PoolingLagTrend,GroupsFixed,2024-07-01,32,32,-0.8932125759749157,-0.7714480435664661,0.12176453240844953
12,P3PoolingLagTrend,GroupsFixed,2024-08-01,32,32,-0.09148462206803822,0.19936044367332795,-0.10787582160528973
12,P3PoolingLagTrend,GroupsFixed,2024-09-01,32,32,-0.22355647660020223,-0.3218996133309597,-0.09834313673075745
12,P3PoolingLagTrend,GroupsFixed,2024-10-01,32,32,-0.5833934371280427,-0.5556732501558952,0.02772018697214751
12,P3PoolingLagTrend,GroupsFixed,2024-11-01,32,32,-0.8090664900687883,-0.9753253962546561,-0.1662589061858678
12,P3PoolingLagTrend,GroupsFixed,2024-12-01,32,32,-0.22590014547689985,-0.29654471501048363,-0.07064456953358378
12,P3PoolingLagTrend,GroupsFixed,2025-01-01,32,32,0.020467022043553107,-0.13444317346034373,-0.11397615141679063
12,P3PoolingLagTrend,GroupsFixed,2025-02-01,32,32,-0.5024046374452811,-0.6268789295963766,-0.12447429215109551
12,P3PoolingLagTrend,GroupsFixed,2025-03-01,32,32,-0.03663120808019793,-0.1541905520207807,-0.11755934394058276
12,P3PoolingLagTrend,GroupsFixed,2025-04-01,32,32,0.047743595185896215,0.033796988405127903,0.013946606780768311
12,P3PoolingLagTrend,GroupsFixed,2025-05-01,32,32,0.6412218595101625,0.5185955760262334,0.12262628348392912
12,P3PoolingLagTrend,GroupsFixed,2025-06-01,32,32,0.3831726218020544,0.4518925458892988,-0.06871992408724437
12,P3PoolingLagTrend,GroupsFixed,2025-07-01,32,32,0.06468908857709976,-0.01082318964518103,0.05386589893191873
12,P3PoolingLagTrend,GroupsFixed,2025-08-01,32,32,0.7027201099864827,0.8523406512192919,-0.1496205412328092
12,P3PoolingLagTrend,GroupsFixed,2025-09-01,32,32,-0.7853283926593929,-0.6790451568159626,0.10628323584343036
12,P3PoolingLagTrend,GroupsFixed,2025-10-01,32,32,-0.09902383670042508,-0.1122004620099406,-0.013176625309515522
12,P3PoolingLagTrend,GroupsFixed,2025-11-01,32,32,0.6436883880560896,0.42413902746913523,0.2195493605869544
12,P3PoolingLagTrend,GroupsFixed,2025-12-01,32,32,0.5504615444321072,0.41175768799905477,0.13870385643305239
12,P3PoolingLagTrend,GroupsFixed,2026-01-01,32,32,-0.6803569396371886,-0.8108864717948964,-0.1305295321577078
12,P3PoolingLagTrend,GroupsFixed,2026-02-01,32,32,-0.12105578502549208,-0.37485839704021207,-0.25380261201472
12,P3PoolingLagTrend,GroupsFixed,2026-03-01,32,32,0.33553851888638175,0.16783741450835787,0.16770110437802388
12,P3PoolingLagTrend,GroupsFixed,2026-04-01,32,32,0.9560008588796549,0.8879616335329676,0.06803922534668727
12,P3PoolingLagTrend,GroupsFixed,2026-05-01,32,32,0.2955332885064788,0.3987294206324605,-0.10319613212598167
12,P3PoolingLagTrend,GroupsFixed,2026-06-01,32,32,-0.9091981691137696,-0.7072632857769372,0.2019348833368324
12,P3PoolingLagTrend,GroupsFixed,2026-07-01,32,32,-0.5935854308335711,-0.551479571441202,0.042105859392369105
12,P3PoolingLagTrend,GroupsFixed,2026-08-01,32,32,-0.26746642199404624,0.05565411922621613,0.2118123027678301
12,P3PoolingLagTrend,P3IndependentRidge,2024-01-01,32,32,0.2228987890162335,0.06417986279749999,0.1587189262187335
12,P3PoolingLagTrend,P3IndependentRidge,2024-02-01,32,32,0.5357156370253715,0.35641320151608025,0.17930243550929126
12,P3PoolingLagTrend,P3IndependentRidge,2024-03-01,32,32,0.35508872033260996,0.2540000652638488,0.10108865506876119
12,P3PoolingLagTrend,P3IndependentRidge,2024-04-01,32,32,0.3179165010245161,0.2235027705033037,0.09441373052121238
12,P3PoolingLagTrend,P3IndependentRidge,2024-05-01,32,32,-0.6848261645300464,-0.623925334867681,0.06090082966236543
12,P3PoolingLagTrend,P3IndependentRidge,2024-06-01,32,32,0.05526214731477763,0.16303018547487602,-0.10776803816009839
12,P3PoolingLagTrend,P3IndependentRidge,2024-07-01,32,32,-0.8932125759749157,-0.7766499394399249,0.11656263653499077
12,P3PoolingLagTrend,P3IndependentRidge,2024-08-01,32,32,-0.09148462206803822,0.042394844989332714,0.0490897770787055
12,P3PoolingLagTrend,P3IndependentRidge,2024-09-01,32,32,-0.22355647660020223,-0.22403510463644677,-0.00047862803624454386
12,P3PoolingLagTrend,P3IndependentRidge,2024-10-01,32,32,-0.5833934371280427,-0.5872918972571148,-0.0038984601290721344
12,P3PoolingLagTrend,P3IndependentRidge,2024-11-01,32,32,-0.8090664900687883,-0.8537377658081208,-0.044671275739332494
12,P3PoolingLagTrend,P3IndependentRidge,2024-12-01,32,32,-0.22590014547689985,-0.2682957249463037,-0.042395579469403866
12,P3PoolingLagTrend,P3IndependentRidge,2025-01-01,32,32,0.020467022043553107,-0.07500720131168426,-0.05454017926813115
12,P3PoolingLagTrend,P3IndependentRidge,2025-02-01,32,32,-0.5024046374452811,-0.5755151749926367,-0.07311053754735564
12,P3PoolingLagTrend,P3IndependentRidge,2025-03-01,32,32,-0.03663120808019793,-0.11690514256183682,-0.08027393448163889
12,P3PoolingLagTrend,P3IndependentRidge,2025-04-01,32,32,0.047743595185896215,0.010808608448267254,0.03693498673762896
12,P3PoolingLagTrend,P3IndependentRidge,2025-05-01,32,32,0.6412218595101625,0.5979264573306501,0.04329540217951244
12,P3PoolingLagTrend,P3IndependentRidge,2025-06-01,32,32,0.3831726218020544,0.40304615716094466,-0.01987353535889025
12,P3PoolingLagTrend,P3IndependentRidge,2025-07-01,32,32,0.06468908857709976,0.015174912400648,0.04951417617645176
12,P3PoolingLagTrend,P3IndependentRidge,2025-08-01,32,32,0.7027201099864827,0.7595792188104675,-0.056859108823984816
12,P3PoolingLagTrend,P3IndependentRidge,2025-09-01,32,32,-0.7853283926593929,-0.7535945350674962,0.03173385759189673
12,P3PoolingLagTrend,P3IndependentRidge,2025-10-01,32,32,-0.09902383670042508,-0.11004393030555193,-0.011020093605126846
12,P3PoolingLagTrend,P3IndependentRidge,2025-11-01,32,32,0.6436883880560896,0.5394313670764321,0.1042570209796575
12,P3PoolingLagTrend,P3IndependentRidge,2025-12-01,32,32,0.5504615444321072,0.4428150062306291,0.10764653820147807
12,P3PoolingLagTrend,P3IndependentRidge,2026-01-01,32,32,-0.6803569396371886,-0.8161151718177326,-0.13575823218054406
12,P3PoolingLagTrend,P3IndependentRidge,2026-02-01,32,32,-0.12105578502549208,-0.2737746442598923,-0.1527188592344002
12,P3PoolingLagTrend,P3IndependentRidge,2026-03-01,32,32,0.33553851888638175,0.25980082056960574,0.07573769831677601
12,P3PoolingLagTrend,P3IndependentRidge,2026-04-01,32,32,0.9560008588796549,0.9521205504227296,0.00388030845692533
12,P3PoolingLagTrend,P3IndependentRidge,2026-05-01,32,32,0.2955332885064788,0.35266170767107097,-0.05712841916459216
12,P3PoolingLagTrend,P3IndependentRidge,2026-06-01,32,32,-0.9091981691137696,-0.8002505281747234,0.10894764093904619
12,P3PoolingLagTrend,P3IndependentRidge,2026-07-01,32,32,-0.5935854308335711,-0.5454248413223648,0.048160589511206275
12,P3PoolingLagTrend,P3IndependentRidge,2026-08-01,32,32,-0.26746642199404624,-0.11327232162712156,0.15419410036692469
12,P3PoolingLagTrend,P3PartialPooling,2024-01-01,32,32,0.2228987890162335,0.1890559087557131,0.0338428802605204
12,P3PoolingLagTrend,P3PartialPooling,2024-02-01,32,32,0.5357156370253715,0.4979855757944547,0.03773006123091682
12,P3PoolingLagTrend,P3PartialPooling,2024-03-01,32,32,0.35508872033260996,0.3461906128926696,0.00889810743994035
12,P3PoolingLagTrend,P3PartialPooling,2024-04-01,32,32,0.3179165010245161,0.31827169605965655,-0.00035519503514047646
12,P3PoolingLagTrend,P3PartialPooling,2024-05-01,32,32,-0.6848261645300464,-0.6718129526624355,0.013013211867610952
12,P3PoolingLagTrend,P3PartialPooling,2024-06-01,32,32,0.05526214731477763,0.08126575082371035,-0.026003603508932716
12,P3PoolingLagTrend,P3PartialPooling,2024-07-01,32,32,-0.8932125759749157,-0.8936041183270247,-0.0003915423521090311
12,P3PoolingLagTrend,P3PartialPooling,2024-08-01,32,32,-0.09148462206803822,-0.10088219000779626,-0.009397567939758045
12,P3PoolingLagTrend,P3PartialPooling,2024-09-01,32,32,-0.22355647660020223,-0.2343145794574485,-0.010758102857246266
12,P3PoolingLagTrend,P3PartialPooling,2024-10-01,32,32,-0.5833934371280427,-0.6135790233427985,-0.030185586214755755
12,P3PoolingLagTrend,P3PartialPooling,2024-11-01,32,32,-0.8090664900687883,-0.8286261909431683,-0.01955970087437997
12,P3PoolingLagTrend,P3PartialPooling,2024-12-01,32,32,-0.22590014547689985,-0.24439552629032113,-0.01849538081342128
12,P3PoolingLagTrend,P3PartialPooling,2025-01-01,32,32,0.020467022043553107,0.024939564802854974,-0.004472542759301867
12,P3PoolingLagTrend,P3PartialPooling,2025-02-01,32,32,-0.5024046374452811,-0.49184859635398315,0.01055604109129793
12,P3PoolingLagTrend,P3PartialPooling,2025-03-01,32,32,-0.03663120808019793,-0.019921999587843686,0.016709208492354244
12,P3PoolingLagTrend,P3PartialPooling,2025-04-01,32,32,0.047743595185896215,0.06337287223175547,-0.015629277045859258
12,P3PoolingLagTrend,P3PartialPooling,2025-05-01,32,32,0.6412218595101625,0.6485933615864421,-0.007371502076279568
12,P3PoolingLagTrend,P3PartialPooling,2025-06-01,32,32,0.3831726218020544,0.3725840442663018,0.010588577535752597
12,P3PoolingLagTrend,P3PartialPooling,2025-07-01,32,32,0.06468908857709976,0.04809537852080531,0.016593710056294453
12,P3PoolingLagTrend,P3PartialPooling,2025-08-01,32,32,0.7027201099864827,0.6652283187764768,0.0374917912100059
12,P3PoolingLagTrend,P3PartialPooling,2025-09-01,32,32,-0.7853283926593929,-0.7961799121998615,-0.01085151954046859
12,P3PoolingLagTrend,P3PartialPooling,2025-10-01,32,32,-0.09902383670042508,-0.10725467851302145,-0.008230841812596368
12,P3PoolingLagTrend,P3PartialPooling,2025-11-01,32,32,0.6436883880560896,0.631904536362209,0.011783851693880631
12,P3PoolingLagTrend,P3PartialPooling,2025-12-01,32,32,0.5504615444321072,0.5249446221062722,0.025516922325834912
12,P3PoolingLagTrend,P3PartialPooling,2026-01-01,32,32,-0.6803569396371886,-0.6838106084813849,-0.0034536688441962893
12,P3PoolingLagTrend,P3PartialPooling,2026-02-01,32,32,-0.12105578502549208,-0.11648525481097227,0.004570530214519808
12,P3PoolingLagTrend,P3PartialPooling,2026-03-01,32,32,0.33553851888638175,0.33877403928432326,-0.003235520397941505
12,P3PoolingLagTrend,P3PartialPooling,2026-04-01,32,32,0.9560008588796549,0.9585309251617142,-0.002530066282059318
12,P3PoolingLagTrend,P3PartialPooling,2026-05-01,32,32,0.2955332885064788,0.29844733696031867,-0.002914048453839857
12,P3PoolingLagTrend,P3PartialPooling,2026-06-01,32,32,-0.9091981691137696,-0.9016087998139424,0.007589369299827231
12,P3PoolingLagTrend,P3PartialPooling,2026-07-01,32,32,-0.5935854308335711,-0.5832810448575618,0.010304385976009245
12,P3PoolingLagTrend,P3PartialPooling,2026-08-01,32,32,-0.26746642199404624,-0.2752389016768158,-0.007772479682769562
