Day;11;12;13;14;15;16;17;18;19;20;21;22;23;24;25;26;27;28;29;30;31;32;33;34;35;36;37;38;39;40;41;42;43;44;46;47;48;49;50;51;52;53;54;55;67
01.01.2010;2,0799999999999983;0,6099999999999994;0,0;9,019999999999996;;0,9099999999999966;0,0;-0,1900020000000069;-0,4100040000000007;0,0;0,4200000000000017;1,8900000000000006;0,0;0,5499999999999972;0,4000000000000057;-0,08000199999999325;0,519999999999996;0,0;0,20999999999999375;0,20000000000000284;0,0;0,0;9,75;1,1599999999999966;8,010000000000005;8,049999999999997;0,0;0,0;3,489999999999995;1,4699999999999989;4,420000000000002;-0,0899959999999993;0,6700000000000017;0,7199999999999989;15,980000000000004;-0,9499969999999962;0,010000000000005116;0,0;-0,27999900000000366;0,0;-4,879997000000003;;;;0,0
01.02.2010;1,9000000000000057;1,5100000000000051;0,14000000000000057;0,8400000000000034;;0,3299999999999983;1,3599999999999994;1,3400000000000034;0,15000000000000568;0,04999999999999716;1,2900000000000063;0,09000000000000341;0,0;1,1599999999999966;0,7900000000000063;-0,3399959999999993;0,0;0,5300000000000011;0,3199999999999932;-0,5899959999999993;0,0;0,0;9,269999999999996;0,030000000000001137;0,0;3,9000000000000057;0,0;-0,05999799999999311;2,8700000000000045;3,680000000000007;0,9000000000000057;0,0;0,0;7,760000000000005;0,0;0,0;2,8499999999999943;0,6299999999999955;0,75;0,0;1,9699999999999989;;;;0,0
01.03.2010;1,1500000000000057;1,5300000000000011;0,04000000000000625;0,0;;0,2600000000000051;0,0;0,3499999999999943;3,3599999999999994;2,269999999999996;-0,019997000000003595;2,6099999999999994;0,0;9,689999999999998;-0,27999900000000366;0,8900000000000006;0,010000000000005116;0,0;0,12999999999999545;0,8499999999999943;-0,2699970000000036;0,0;4,069999999999993;0,0;4,079999999999998;-5,889999000000003;0,0;-0,3399959999999993;2,510000000000005;2,819999999999993;0,04000000000000625;0,010000000000005116;0,09999999999999432;0,0;0,0;0,5;0,0;0,8499999999999943;0,0;-0,1999969999999962;15,090000000000003;;;;0,0
01.04.2010;3,7099999999999937;0,25;0,1599999999999966;3,680000000000007;;-0,15000200000000063;0,0;-1,3099979999999931;0,9099999999999966;0,0;-2,2799990000000037;0,0;0,0;0,8100000000000023;0,04000000000000625;0,46999999999999886;1,0100000000000051;1,8599999999999994;0,09999999999999432;0,0;0,0;0,0;2,6500000000000057;0,21999999999999886;0,0;-6,199996999999996;0,0;0,04999999999999716;1,2900000000000063;0,1700000000000017;0,0;0,10999999999999943;1,0999999999999943;0,0;0,0;-0,34999799999999937;0,0;-0,8399959999999993;1,1200000000000045;0,030000000000001137;-5,349997999999999;;;;0,0
01.05.2010;1,019999999999996;0,0799999999999983;0,5300000000000011;0,0;;0,18999999999999773;1,3499999999999943;-0,33000199999999325;0,0799999999999983;0,6200000000000045;-0,5599979999999931;0,0;0,0;-1,2099989999999963;-0,40000200000000063;0,5400000000000063;0,12999999999999545;0,0;0,04000000000000625;4,310000000000002;0,0;2,3799999999999955;12,5;-0,41999800000000675;0,0;-5,349997999999999;0,0;0,7800000000000011;-1,139999000000003;0,9399999999999977;0,0;0,769999999999996;0,18000000000000682;-1,1500020000000006;0,0;0,9599999999999937;0,0;0,0799999999999983;-0,40000200000000063;0,0;-33,31999999999999;;;;-4,220000999999996
01.06.2010;0,6899999999999977;0,0;0,37000000000000455;0,23999999999999488;;0,7800000000000011;0,0;0,20999999999999375;-1,7200009999999963;0,21999999999999886;-0,6399990000000031;0,0;0,0;0,010000000000005116;-0,20999899999999627;-0,16999800000000675;0,01999999999999602;0,0;0,8199999999999932;2,069999999999993;0,0;0,0;5,1299999999999955;2,4099999999999966;0,0;-2,120002999999997;0,0;0,20999999999999375;-1,860000999999997;0,010000000000005116;0,01999999999999602;1,6400000000000006;0,0;-0,1900020000000069;0,0;12,409999999999997;0,0;0,0;-0,9400020000000069;-0,40000200000000063;-18,580001999999993;;;;-10,480002999999996
01.07.2010;0,45999999999999375;1,2199999999999989;0,1599999999999966;0,0;;0,2600000000000051;0,23000000000000398;3,980000000000004;0,29000000000000625;0,18000000000000682;-0,010002000000000066;0,0;0,0;0,9099999999999966;0,18999999999999773;0,28000000000000114;0,0;0,0;0,0;-0,1100009999999969;0,0;1,0900000000000034;-15,449996999999996;0,21999999999999886;0,0;12,829999999999998;0,0;0,09999999999999432;-0,3899990000000031;0,10999999999999943;1,4599999999999937;0,9599999999999937;0,0;0,10999999999999943;0,0;1,269999999999996;0,0;0,0;0,10999999999999943;0,0;13,480000000000004;;;;11,870000000000005
01.08.2010;0,46999999999999886;0,5;0,8499999999999943;0,0;;0,6899999999999977;0,0;3,7900000000000063;2,1400000000000006;0,23000000000000398;-0,75;0,0;0,0;0,980000000000004;0,0;0,5999999999999943;0,4200000000000017;0,010000000000005116;0,23000000000000398;0,04999999999999716;0,0;0,3100000000000023;-4,629997000000003;-0,12000299999999697;0,0;6,230000000000004;3,260000000000005;0,09999999999999432;2,7099999999999937;0,0;0,0;1,3900000000000006;1,1400000000000006;0,0;9,219999999999999;0,0;0,0;0,2600000000000051;0,35999999999999943;0,04999999999999716;38,19999999999999;;;;10,329999999999998
01.09.2010;0,37000000000000455;2,019999999999996;0,14000000000000057;0,0;;0,28000000000000114;0,0;7,569999999999993;5,3799999999999955;0,35999999999999943;-0,09999799999999937;0,0;0,0;8,349999999999994;0,15000000000000568;2,5799999999999983;0,45000000000000284;9,840000000000003;0,2600000000000051;-0,04000100000000373;0,0;0,0;21,239999999999995;-0,6399990000000031;0,0;3,9200000000000017;0,0;0,04000000000000625;5,189999999999998;0,0;0,0;0,20000000000000284;0,37000000000000455;0,0;3,8900000000000006;-1,6800000000000068;0,0;0,04999999999999716;0,37999999999999545;0,0;31,360000000000014;;;;-11,309997999999993
01.10.2010;0,6299999999999955;3,280000000000001;0,0;0,0;;0,0;0,0;2,2099999999999937;1,0999999999999943;0,01999999999999602;0,4000000000000057;0,0;0,0;2,4399999999999977;1,2000000000000028;1,5999999999999943;0,20999999999999375;0,0;0,060000000000002274;-0,18000000000000682;0,0;0,0;-1,8499979999999994;-0,04000100000000373;0,0;-0,6500020000000006;0,0;0,030000000000001137;2,780000000000001;0,0;0,0;0,0;0,20999999999999375;0,0;-1,6800000000000068;4,180000000000007;0,0;0,010000000000005116;0,04000000000000625;0,8299999999999983;-11,010002;;;;0,0
01.11.2010;1,5300000000000011;3,8700000000000045;0,0;0,0;;0,6899999999999977;1,019999999999996;2,5999999999999943;8,549999999999997;0,8799999999999955;1,5100000000000051;0,12999999999999545;0,0;3,010000000000005;0,8400000000000034;-0,29000100000000373;0,269999999999996;0,3299999999999983;0,37000000000000455;1,4899999999999949;2,75;3,269999999999996;3,5799999999999983;-1,0699999999999932;0,0;4,6200000000000045;0,0;0,04999999999999716;2,3400000000000034;1,2900000000000063;-0,4300000000000068;1,769999999999996;1,6299999999999955;0,0;0,0;0,0;-1,0599979999999931;0,0;0,5699999999999932;1,1599999999999966;0,7399999999999949;;;;0,0
01.12.2010;0,4300000000000068;1,5400000000000063;0,0;0,0;;1,4599999999999937;1,6500000000000057;6,359999999999999;5,75;0,269999999999996;0,6500000000000057;8,599999999999994;0,0;1,4300000000000068;-0,02999900000000366;-0,050003000000003794;0,269999999999996;0,0;1,4500000000000028;0,0;-2,7799990000000037;1,6599999999999966;12,760000000000005;0,09999999999999432;0,0;3,0;0,0;0,0;0,8799999999999955;1,730000000000004;-1,139999000000003;1,0300000000000011;0,37999999999999545;0,0;0,0;0,8199999999999932;0,0;0,0;0,4099999999999966;0,5;2,780000000000001;;;;0,0
01.01.2011;2,6500000000000057;1,4300000000000068;0,0;5,840000000000003;;0,9399999999999977;0,0;6,900000000000006;-0,15000200000000063;0,23999999999999488;0,5799999999999983;0,0;0,0;0,6800000000000068;0,7000000000000028;0,8299999999999983;0,09000000000000341;8,599999999999994;0,23999999999999488;0,04999999999999716;0,0;0,6299999999999955;15,280000000000001;1,5900000000000034;0,0;9,680000000000007;0,0;0,010000000000005116;10,290000000000006;4,530000000000001;0,0;2,8499999999999943;0,21999999999999886;0,0;3,260000000000005;0,060000000000002274;0,0;0,0;0,8199999999999932;0,060000000000002274;6,609999999999999;;;;0,0
01.02.2011;0,010000000000005116;0,12999999999999545;0,0;2,950000000000003;;0,5900000000000034;0,8100000000000023;3,200000000000003;1,0499999999999972;0,01999999999999602;-0,1600040000000007;4,920000000000002;0,0;0,4000000000000057;1,4699999999999989;1,9599999999999937;0,0;0,0;0,35999999999999943;0,6700000000000017;0,0;0,0;2,480000000000004;0,3499999999999943;0,0;-1,4300000000000068;0,0;0,28000000000000114;0,04999999999999716;0,010000000000005116;0,0;-0,8399959999999993;0,0;0,0;3,0600000000000023;-0,26000200000000007;1,6899999999999977;7,099999999999994;0,4300000000000068;0,0;-15,330001999999993;;;;0,0
01.03.2011;0,5499999999999972;-0,12999700000000303;0,09000000000000341;0,0;;0,8499999999999943;1,6700000000000017;5,400000000000006;1,0900000000000034;0,0;0,4099999999999966;0,0;0,0;-0,45999899999999627;3,430000000000007;4,569999999999993;0,0;0,030000000000001137;0,12000000000000455;1,1099999999999994;0,0;0,4899999999999949;-0,12999700000000303;3,8599999999999994;7,420000000000002;-1,6800000000000068;0,0;0,15000000000000568;-0,04000100000000373;8,719999999999999;0,0;-0,15000200000000063;0,0;4,239999999999995;0,0;-0,1399990000000031;0,0;0,06999999999999318;1,4599999999999937;0,14000000000000057;14,030000000000001;;;;0,0
01.04.2011;1,1700000000000017;2,0799999999999983;0,12999999999999545;1,0300000000000011;;2,469999999999999;-0,010002000000000066;2,6700000000000017;1,8100000000000023;0,7000000000000028;1,2900000000000063;0,28000000000000114;0,0;0,6400000000000006;1,0900000000000034;0,4899999999999949;0,3400000000000034;0,0;1,2000000000000028;0,0;0,0;0,0;-1,5699999999999932;0,45999999999999375;0,0;-5,949996999999996;0,0;1,3499999999999943;0,010000000000005116;0,8400000000000034;0,0;1,6800000000000068;1,4699999999999989;0,0;-3,569999999999993;0,0;0,10999999999999943;1,3900000000000006;0,8400000000000034;0,06999999999999318;-0,8399959999999993;;;;0,0
01.05.2011;0,9200000000000017;0,9699999999999989;0,0;2,2900000000000063;;1,5699999999999932;0,0;1,3199999999999932;0,20000000000000284;0,23999999999999488;0,010000000000005116;0,0;0,0;-1,5400010000000037;1,4899999999999949;0,5900000000000034;0,12000000000000455;0,0;0,20000000000000284;0,09000000000000341;0,0;1,6400000000000006;0,730000000000004;0,6599999999999966;0,0;-1,8000030000000038;-0,9499969999999962;0,12999999999999545;-3,5199970000000036;1,5499999999999972;0,0;3,0999999999999943;0,12999999999999545;0,0;2,1099999999999994;1,3100000000000023;-1,1500020000000006;0,8499999999999943;2,7099999999999937;0,0;-41,540001;;;;-1,629997000000003
01.06.2011;0,6099999999999994;1,0;0,09000000000000341;0,09000000000000341;;-0,12999700000000303;0,0;-3,4800029999999964;0,030000000000001137;1,5999999999999943;0,480000000000004;0,0;0,0;-1,0199970000000036;-0,1600040000000007;-1,0;0,0;0,0;0,010000000000005116;0,0;0,0;0,0;-11,800003000000004;0,6099999999999994;0,0;-4,510002;-6,040001000000004;2,519999999999996;-0,16999800000000675;0,0;0,0;2,980000000000004;0,0;-2,2699970000000036;0,0;0,5400000000000063;10,290000000000006;0,12999999999999545;0,3199999999999932;0,0;-0,2300029999999964;;;;-3,800003000000004
01.07.2011;0,5799999999999983;-0,26000200000000007;1,1299999999999955;0,0;;0,29999999999999716;0,0;-0,45999899999999627;1,6599999999999966;0,14000000000000057;0,5699999999999932;0,0;0,0;0,8100000000000023;0,4399999999999977;0,18999999999999773;0,6599999999999966;0,0;0,4099999999999966;0,9099999999999966;0,0;0,5799999999999983;-11,0;0,4899999999999949;0,0;3,969999999999999;0,0;1,2399999999999949;0,5799999999999983;0,0;0,0;0,9699999999999989;0,09999999999999432;1,7600000000000051;0,0;4,980000000000004;0,0;0,0;0,12999999999999545;0,20999999999999375;25,03;;;;4,450000000000003
01.08.2011;1,4500000000000028;0,20999999999999375;0,18999999999999773;0,0;;0,5600000000000023;0,37000000000000455;0,12999999999999545;1,1800000000000068;0,0;0,4099999999999966;0,0;0,0;0,7600000000000051;3,4000000000000057;3,5999999999999943;0,3299999999999983;0,0;1,1599999999999966;0,2600000000000051;0,0;0,0;-19,309997999999993;-0,23999799999999993;0,0;-8,120002999999997;0,0;1,9300000000000068;0,37999999999999545;0,4300000000000068;0,0;1,0999999999999943;1,5999999999999943;0,0;0,0;-3,139999000000003;0,0;0,1700000000000017;-0,3399959999999993;0,0;30,409999999999997;;;;12,209999999999994
01.09.2011;0,4300000000000068;-0,40000200000000063;0,23999999999999488;0,0;;0,25;0,0;-6,580001999999993;2,0900000000000034;0,0;0,15000000000000568;3,0;0,04000000000000625;0,480000000000004;0,060000000000002274;6,489999999999995;1,8299999999999983;0,0;1,8900000000000006;-0,1600040000000007;0,0;0,0;-4,25;-1,4300000000000068;0,0;-14,080001999999993;0,0;1,8599999999999994;0,2600000000000051;0,35999999999999943;0,0;-0,18000000000000682;2,930000000000007;0,010000000000005116;3,75;-2,949996999999996;0,0;-0,4400020000000069;0,8199999999999932;0,7099999999999937;-0,1600040000000007;;;;-5,489998
01.10.2011;0,10999999999999943;1,9599999999999937;1,4599999999999937;0,5499999999999972;;0,29999999999999716;0,0;-5,720000999999996;-0,12000299999999697;0,0;-0,1399990000000031;0,4899999999999949;0,46999999999999886;0,4399999999999977;0,18000000000000682;1,25;0,5300000000000011;0,0;0,9599999999999937;0,3400000000000034;0,0;0,3299999999999983;-4,019997000000004;0,5300000000000011;0,0;0,5600000000000023;0,0;1,480000000000004;0,4099999999999966;0,0;0,0;0,46999999999999886;1,2600000000000051;0,0;0,0;0,21999999999999886;0,0;0,0;0,23999999999999488;0,0;4,780000000000001;;;;0,0
01.11.2011;0,01999999999999602;-0,25;0,7099999999999937;0,0;;0,3400000000000034;-0,010002000000000066;0,8100000000000023;0,5400000000000063;2,280000000000001;0,4899999999999949;0,0;3,3700000000000045;0,12999999999999545;0,06999999999999318;-0,2699970000000036;0,7900000000000063;0,0;1,1500000000000057;0,7999999999999972;0,0;0,0;3,3700000000000045;0,6099999999999994;0,0;-4,949996999999996;0,8599999999999994;1,4899999999999949;0,6800000000000068;0,0;0,18000000000000682;0,6400000000000006;0,6800000000000068;0,0;0,0;-0,27999900000000366;2,719999999999999;0,0;0,8799999999999955;0,3199999999999932;3,1200000000000045;;;;0,0
01.12.2011;1,3499999999999943;-0,1399990000000031;0,18999999999999773;0,0;;0,5100000000000051;0,4099999999999966;-4,75;0,8700000000000045;1,0699999999999932;0,45999999999999375;0,0;0,0;1,6500000000000057;-0,20999899999999627;-0,12999700000000303;0,2600000000000051;0,18999999999999773;0,45000000000000284;0,0;0,0;0,3299999999999983;3,730000000000004;0,9399999999999977;0,0;-7,519997000000004;0,0;0,18000000000000682;-0,06999999999999318;1,0799999999999983;0,0;-0,4800029999999964;0,6700000000000017;0,0;0,0;0,8199999999999932;0,4200000000000017;0,01999999999999602;0,14000000000000057;0,0;5,790000000000006;;;;0,0
01.01.2012;0,14000000000000057;0,010000000000005116;0,6899999999999977;0,0;;0,6099999999999994;0,0;-2,800003000000004;0,060000000000002274;0,8199999999999932;0,8100000000000023;0,0;0,0;0,15000000000000568;1,2900000000000063;0,769999999999996;0,0;0,4099999999999966;-0,09999799999999937;0,0;0,0;0,0;3,819999999999993;0,09999999999999432;9,25;2,989999999999995;0,0;0,0;0,28000000000000114;1,6299999999999955;0,0;-1,4100040000000007;0,06999999999999318;0,0;0,0;0,10999999999999943;0,0;0,0;0,480000000000004;0,0;-4,629997000000003;;;;0,0
01.02.2012;0,23999999999999488;-0,4400020000000069;0,0;0,0;;0,1700000000000017;1,1599999999999966;0,769999999999996;-0,16999800000000675;0,0;1,4399999999999977;5,299999999999997;4,5;0,23000000000000398;3,510000000000005;2,2099999999999937;0,0;0,0;0,20999999999999375;2,5999999999999943;0,480000000000004;0,9300000000000068;6,400000000000006;0,1700000000000017;0,0;6,219999999999999;0,7900000000000063;1,3499999999999943;0,15000000000000568;1,4099999999999966;0,0;-0,04000100000000373;0,7900000000000063;0,1599999999999966;0,39000000000000057;-1,510002;0,18999999999999773;0,0;1,2999999999999972;0,6299999999999955;-2,4800029999999964;1,980000000000004;0,09000000000000341;0,0;0,0
01.03.2012;0,8900000000000006;0,8100000000000023;0,0;0,0;;0,5699999999999932;0,0;-0,5699999999999932;-0,75;0,3299999999999983;-0,12000299999999697;3,3100000000000023;0,0;0,29999999999999716;0,10999999999999943;1,7800000000000011;0,7399999999999949;0,0;0,37000000000000455;0,0;0,0;3,519999999999996;-0,15000200000000063;-0,08000199999999325;0,0;7,219999999999999;0,0;3,019999999999996;-0,1900020000000069;0,7399999999999949;-2,5;0,6099999999999994;0,20000000000000284;0,0;0,3499999999999943;0,4300000000000068;0,0;-0,22000099999999634;0,1599999999999966;2,8400000000000034;12,439999999999998;1,269999999999996;1,0799999999999983;0,0;0,0
01.04.2012;2,230000000000004;1,0600000000000023;2,519999999999996;0,0;;1,5300000000000011;0,0;-0,4300000000000068;-1,739998;2,0999999999999943;2,069999999999993;0,0;0,0;0,06999999999999318;0,769999999999996;0,04000000000000625;0,5699999999999932;2,0900000000000034;1,0300000000000011;0,010000000000005116;0,0;0,0;-3,430000000000007;0,6500000000000057;0,0;3,9599999999999937;0,0;0,0;-0,1900020000000069;3,799999999999997;0,0;0,3299999999999983;0,5999999999999943;0,0;0,0;0,01999999999999602;0,5900000000000034;0,25;1,3400000000000034;0,0;-6,269997000000004;1,4099999999999966;2,819999999999993;0,0;0,0
01.05.2012;0,0;2,299999999999997;0,4899999999999949;0,0;;0,5999999999999943;0,0;0,7999999999999972;0,20000000000000284;0,0;0,14000000000000057;1,1899999999999977;2,069999999999993;-1,1699980000000068;1,0100000000000051;-0,22000099999999634;0,0;0,0;1,1099999999999994;0,06999999999999318;0,0;0,0;21,78;1,5;0,0;0,5400000000000063;0,29000000000000625;0,45000000000000284;-0,5299990000000037;0,5900000000000034;1,3100000000000023;0,6400000000000006;1,480000000000004;0,0;0,0;1,9300000000000068;0,0;1,9200000000000017;-1,139999000000003;1,9599999999999937;-26,860000999999997;-0,1600040000000007;0,6899999999999977;0,0;-2,6500020000000006
01.06.2012;1,0300000000000011;0,23000000000000398;2,1200000000000045;0,0;;-0,050003000000003794;-0,08000199999999325;-1,260002;1,3299999999999983;0,5600000000000023;0,23000000000000398;0,8100000000000023;0,0;-0,5100020000000001;-0,3099979999999931;0,4099999999999966;0,75;0,0;1,1800000000000068;-0,0899959999999993;0,0;2,260000000000005;1,0100000000000051;0,37999999999999545;0,0;-1,2799990000000037;1,0;1,8599999999999994;-1,6600040000000007;0,46999999999999886;0,1700000000000017;-0,34999799999999937;1,6899999999999977;0,0;0,0;1,1599999999999966;2,1299999999999955;0,030000000000001137;0,46999999999999886;1,1099999999999994;0,09000000000000341;0,3400000000000034;2,1700000000000017;0,0;-2,819999999999993
01.07.2012;1,7399999999999949;0,5600000000000023;1,9000000000000057;9,260000000000005;;-0,3600009999999969;-0,40000200000000063;-0,370002999999997;1,2000000000000028;0,45999999999999375;-0,379997000000003;0,0;0,04000000000000625;1,7099999999999937;-0,12999700000000303;1,0400000000000063;0,7900000000000063;0,06999999999999318;1,4000000000000057;-0,4400020000000069;0,0;0,0;-3,5299990000000037;0,3299999999999983;0,0;1,2900000000000063;0,0;0,45000000000000284;1,7399999999999949;1,8700000000000045;2,0900000000000034;0,0;2,6299999999999955;9,620000000000005;0,0;1,1500000000000057;0,0;1,8100000000000023;-0,6900020000000069;0,0;7,219999999999999;2,8799999999999955;1,019999999999996;2,6899999999999977;13,040000000000006
01.08.2012;0,4200000000000017;0,1599999999999966;1,4399999999999977;0,0;;-0,25;0,0;0,3400000000000034;1,25;0,6599999999999966;-1,9100040000000007;0,0;0,030000000000001137;0,8799999999999955;-1,4599989999999963;1,3299999999999983;0,9899999999999949;0,0;2,5799999999999983;0,010000000000005116;0,23999999999999488;1,4200000000000017;-10,629997000000003;0,6500000000000057;0,0;0,8100000000000023;1,3799999999999955;0,3499999999999943;1,2399999999999949;3,980000000000004;0,0;0,3299999999999983;1,5900000000000034;0,0;-2,800003000000004;0,0;0,0;0,7600000000000051;0,37999999999999545;0,4300000000000068;-0,1399990000000031;0,8700000000000045;1,8700000000000045;0,12000000000000455;2,519999999999996
01.09.2012;2,1400000000000006;0,6200000000000045;0,3499999999999943;1,6099999999999994;;0,060000000000002274;0,0;1,1500000000000057;0,5499999999999972;0,12999999999999545;1,8100000000000023;0,0;0,0;0,5400000000000063;0,480000000000004;0,45000000000000284;1,2199999999999989;0,45999999999999375;1,019999999999996;-0,2300029999999964;0,0;1,019999999999996;-4,989998;0,3400000000000034;0,0;-3,5800019999999932;0,0;0,8199999999999932;3,299999999999997;4,469999999999999;0,5499999999999972;1,8299999999999983;1,7099999999999937;0,0;0,0;-2,2799990000000037;0,0;3,489999999999995;-0,9199980000000068;0,9300000000000068;14,920000000000002;2,1400000000000006;0,01999999999999602;0,0;-15,120002999999997
01.10.2012;0,9399999999999977;0,18000000000000682;0,0;0,1599999999999966;;0,37000000000000455;0,0;0,6400000000000006;0,39000000000000057;0,5100000000000051;0,269999999999996;0,0;0,0;1,0;-0,02999900000000366;-0,05999799999999311;2,010000000000005;-0,05999799999999311;2,0600000000000023;0,5400000000000063;0,0;0,0;-2,610000999999997;-0,1399990000000031;0,0;-5,129997000000003;0,0;0,5499999999999972;1,5999999999999943;0,7099999999999937;0,0;1,7900000000000063;0,0;0,0;0,0;-0,7799990000000037;0,0;8,480000000000004;1,5999999999999943;0,0;0,6200000000000045;1,480000000000004;0,5400000000000063;0,0;0,0
01.11.2012;0,4099999999999966;1,4500000000000028;1,0900000000000034;0,0;;0,4399999999999977;0,7000000000000028;0,5600000000000023;1,8299999999999983;3,9599999999999937;0,3499999999999943;0,4099999999999966;4,959999999999994;2,219999999999999;0,519999999999996;-0,3199999999999932;0,7900000000000063;0,060000000000002274;3,6200000000000045;-0,3199999999999932;3,4099999999999966;1,0;-4,580001999999993;-0,4100040000000007;0,0;-1,5599979999999931;0,0;0,519999999999996;1,4699999999999989;0,8599999999999994;0,0;0,45999999999999375;0,9399999999999977;0,0;0,0;0,5999999999999943;0,0;2,1599999999999966;1,3900000000000006;0,6899999999999977;7,1299999999999955;2,5400000000000063;0,519999999999996;0,0;0,0
01.12.2012;0,09999999999999432;-0,20999899999999627;0,04999999999999716;0,0;;0,5699999999999932;0,0;1,5499999999999972;0,23000000000000398;0,0;0,2600000000000051;0,0;8,560000000000002;0,9099999999999966;-0,9499969999999962;0,20999999999999375;1,0900000000000034;0,0;2,3599999999999994;1,3799999999999955;0,0;0,0;2,0799999999999983;-0,0899959999999993;0,0;0,730000000000004;0,0;3,6299999999999955;-0,3000030000000038;0,060000000000002274;0,04999999999999716;0,12999999999999545;3,5400000000000063;0,0;0,0;2,049999999999997;0,0;2,1299999999999955;0,15000000000000568;0,7999999999999972;9,599999999999994;1,0900000000000034;0,769999999999996;0,0;0,0
01.01.2013;5,280000000000001;-0,050003000000003794;0,21999999999999886;0,010000000000005116;;0,10999999999999943;0,0;0,09999999999999432;-0,04000100000000373;0,3299999999999983;0,3400000000000034;6,069999999999993;0,0;-0,05999799999999311;0,12000000000000455;0,29000000000000625;0,20000000000000284;0,0;0,3199999999999932;0,21999999999999886;0,0;0,0;5,290000000000006;0,0799999999999983;0,0;3,030000000000001;0,0;0,20999999999999375;0,3400000000000034;0,980000000000004;0,3299999999999983;0,6500000000000057;0,010000000000005116;0,0;0,0;-0,12000299999999697;0,0;4,859999999999999;0,1599999999999966;0,0;-0,5899959999999993;0,6099999999999994;0,269999999999996;0,0;0,0
01.02.2013;3,3299999999999983;-0,08000199999999325;0,18000000000000682;0,0;;0,39000000000000057;0,0;2,5400000000000063;0,1599999999999966;0,06999999999999318;0,6899999999999977;0,0799999999999983;0,0;0,23000000000000398;-0,12999700000000303;-0,12999700000000303;0,030000000000001137;0,0;-0,8399959999999993;0,3299999999999983;0,0;-0,5999979999999994;3,819999999999993;0,04999999999999716;9,159999999999997;0,0;0,0;0,1700000000000017;0,39000000000000057;5,409999999999997;0,0;2,1899999999999977;-0,4499969999999962;-0,5100020000000001;0,0;0,06999999999999318;2,1700000000000017;1,3499999999999943;0,6099999999999994;0,0;-0,08000199999999325;1,2399999999999949;0,0799999999999983;0,0;0,0
01.03.2013;2,489999999999995;0,7999999999999972;0,37000000000000455;0,0;;0,20999999999999375;0,269999999999996;-0,15000200000000063;1,0600000000000023;0,980000000000004;0,5300000000000011;0,0;0,0;0,18999999999999773;0,060000000000002274;-0,379997000000003;1,5799999999999983;-1,370002999999997;1,0100000000000051;-0,16999800000000675;0,0;0,25;0,9099999999999966;0,14000000000000057;0,0;-0,3199999999999932;0,769999999999996;0,0799999999999983;0,7600000000000051;1,0699999999999932;0,0;1,519999999999996;0,9599999999999937;-0,5299990000000037;0,0;-2,2900010000000037;3,6700000000000017;2,1400000000000006;-0,15000200000000063;0,0;-4,959998999999996;0,8100000000000023;0,8499999999999943;0,0;0,0
01.04.2013;-0,16999800000000675;2,1700000000000017;0,14000000000000057;0,0;;0,8799999999999955;-0,5899959999999993;-0,8199999999999932;1,2099999999999937;0,06999999999999318;0,5499999999999972;0,0;0,0;2,739999999999995;1,0499999999999972;-0,6399990000000031;0,3199999999999932;0,0;0,15000000000000568;0,3499999999999943;1,4500000000000028;0,21999999999999886;15,530000000000001;0,4099999999999966;0,0;1,269999999999996;0,0;0,4399999999999977;1,019999999999996;2,519999999999996;-0,12999700000000303;-0,9000020000000006;0,45999999999999375;0,0;0,0;0,060000000000002274;1,0100000000000051;0,730000000000004;0,35999999999999943;3,3799999999999955;2,7900000000000063;0,4000000000000057;0,7399999999999949;0,0;0,0
01.05.2013;0,35999999999999943;1,1800000000000068;-0,02999900000000366;0,0;;0,25;-0,3199999999999932;0,4300000000000068;1,5400000000000063;0,269999999999996;1,2399999999999949;0,21999999999999886;0,0;1,5100000000000051;0,04999999999999716;0,01999999999999602;1,2099999999999937;0,01999999999999602;0,06999999999999318;0,0;0,0;0,0;18,72;-0,8399959999999993;0,0;1,6400000000000006;1,8199999999999932;0,29999999999999716;0,8400000000000034;3,4200000000000017;0,0;-0,5899959999999993;0,4099999999999966;0,0;0,0;0,9699999999999989;1,730000000000004;-0,5299990000000037;-0,4800029999999964;0,4300000000000068;-19,410004;0,480000000000004;0,12999999999999545;0,0;0,0
01.06.2013;-0,010002000000000066;1,519999999999996;0,4099999999999966;0,0;;0,12999999999999545;2,9000000000000057;0,9200000000000017;-1,0500030000000038;1,8499999999999943;0,3299999999999983;0,18000000000000682;0,0;-0,23999799999999993;0,6200000000000045;-0,6999969999999962;0,4399999999999977;-1,379997000000003;0,3400000000000034;0,4899999999999949;0,0;0,23000000000000398;-1,25;0,3100000000000023;0,0;2,069999999999993;0,0;0,09999999999999432;0,23000000000000398;0,37999999999999545;0,0;-0,010002000000000066;0,12000000000000455;0,0;0,0;0,29000000000000625;0,0;-0,02999900000000366;0,4000000000000057;0,04999999999999716;-10,860000999999997;0,9599999999999937;0,18999999999999773;0,0;8,370000000000005
01.07.2013;0,18000000000000682;-0,2699970000000036;0,3400000000000034;11,030000000000001;;0,6400000000000006;3,260000000000005;-0,3399959999999993;1,1800000000000068;2,5400000000000063;0,4300000000000068;0,18999999999999773;0,0;0,6599999999999966;0,15000000000000568;-0,6600040000000007;1,3299999999999983;0,0;0,9399999999999977;-0,5400010000000037;0,0;0,0;-11,580001999999993;1,2800000000000011;0,0;-0,6100009999999969;0,5300000000000011;0,6200000000000045;3,799999999999997;2,9599999999999937;0,0;0,10999999999999943;0,39000000000000057;0,3199999999999932;0,0;0,37999999999999545;0,0;0,5100000000000051;-0,22000099999999634;0,6099999999999994;6,6200000000000045;-0,3000030000000038;1,1200000000000045;0,0;-0,5500030000000038
01.08.2013;0,12000000000000455;0,3100000000000023;0,5400000000000063;0,0;;-0,2300029999999964;0,0;1,4300000000000068;2,6500000000000057;4,459999999999994;-0,40000200000000063;0,0;0,8100000000000023;2,010000000000005;-1,1699980000000068;-1,5599979999999931;0,9399999999999977;0,0;0,9300000000000068;0,480000000000004;0,0;3,1899999999999977;-13,519997000000004;0,9200000000000017;0,0;0,5499999999999972;0,2600000000000051;1,3100000000000023;0,7999999999999972;0,5900000000000034;0,45000000000000284;1,769999999999996;1,8799999999999955;11,379999999999995;0,0;0,0;0,0;0,5499999999999972;0,18000000000000682;1,4899999999999949;22,239999999999995;-3,199996999999996;0,480000000000004;0,0;0,0
01.09.2013;0,8199999999999932;0,09000000000000341;0,37000000000000455;0,1700000000000017;;0,6200000000000045;0,0;-0,12000299999999697;2,0900000000000034;0,030000000000001137;-0,010002000000000066;0,0;0,0;1,769999999999996;1,0400000000000063;0,15000000000000568;0,3100000000000023;1,5499999999999972;0,4300000000000068;0,5100000000000051;0,0;0,0;-4,059997999999993;2,1899999999999977;0,0;0,0;0,0;0,04999999999999716;0,5900000000000034;1,6099999999999994;0,0;3,3400000000000034;0,8400000000000034;0,0;1,4300000000000068;0,030000000000001137;0,0;0,7999999999999972;0,1599999999999966;0,10999999999999943;6,780000000000001;-0,33000199999999325;0,23999999999999488;0,0;-9,930000000000007
01.10.2013;0,4300000000000068;0,21999999999999886;0,6500000000000057;0,09000000000000341;;0,769999999999996;0,0;-0,27999900000000366;0,7399999999999949;1,7099999999999937;0,6400000000000006;0,0;0,0;2,1400000000000006;-0,5199970000000036;-0,7600020000000001;2,730000000000004;1,2099999999999937;0,7600000000000051;0,23000000000000398;1,7999999999999972;1,2099999999999937;7,159999999999997;0,480000000000004;3,0799999999999983;-0,3099979999999931;1,9200000000000017;1,1400000000000006;1,8799999999999955;4,760000000000005;2,6899999999999977;-0,019997000000003595;1,2800000000000011;0,0;0,0;0,23999999999999488;0,0;1,2999999999999972;-0,019997000000003595;0,8100000000000023;32,389999999999986;0,18999999999999773;0,5999999999999943;0,0;-7,769997000000004
01.11.2013;0,45000000000000284;-0,3099979999999931;1,3299999999999983;0,0;;1,0100000000000051;-0,3600009999999969;-0,7200009999999963;3,010000000000005;2,489999999999995;0,37999999999999545;0,04000000000000625;3,260000000000005;1,3900000000000006;-0,26000200000000007;-0,0899959999999993;1,1899999999999977;1,519999999999996;1,3599999999999994;-1,260002;0,0;0,9200000000000017;0,20000000000000284;0,9000000000000057;0,0;-0,9300000000000068;0,5499999999999972;0,6400000000000006;4,090000000000003;0,5400000000000063;1,3499999999999943;0,010000000000005116;0,8299999999999983;0,0;1,9699999999999989;-0,26000200000000007;0,0;0,12999999999999545;0,4099999999999966;1,4599999999999937;5,540000000000006;0,21999999999999886;1,2900000000000063;0,5999999999999943;0,0
01.12.2013;0,7600000000000051;1,1599999999999966;0,4399999999999977;0,0;;0,7800000000000011;-0,29000100000000373;-0,1399990000000031;0,20999999999999375;1,3299999999999983;0,37999999999999545;0,04999999999999716;0,8400000000000034;1,9099999999999966;0,18000000000000682;0,39000000000000057;2,450000000000003;0,0;-0,20999899999999627;0,23999999999999488;4,1200000000000045;0,3199999999999932;2,6500000000000057;0,23000000000000398;0,0;-0,7399979999999999;0,0;0,6500000000000057;2,730000000000004;0,8700000000000045;0,5900000000000034;0,0799999999999983;1,4699999999999989;0,0;0,0;0,01999999999999602;0,0;0,5900000000000034;0,28000000000000114;1,6400000000000006;-5,620002999999997;1,6800000000000068;0,6099999999999994;0,37000000000000455;0,0
01.01.2014;0,01999999999999602;0,04000000000000625;-0,019997000000003595;0,2600000000000051;0,0;0,09999999999999432;0,0;-0,34999799999999937;-0,0899959999999993;0,0;0,18999999999999773;0,8400000000000034;0,0;0,6200000000000045;-0,1900020000000069;-0,1999969999999962;0,18000000000000682;0,0;0,010000000000005116;0,0;0,0;0,29999999999999716;2,9599999999999937;1,8900000000000006;0,0;0,0;0,0;0,9099999999999966;0,5699999999999932;0,0;0,0;0,06999999999999318;0,0;0,4899999999999949;0,0;-0,12999700000000303;0,0;0,12000000000000455;0,0;-0,379997000000003;-13,309997999999993;0,10999999999999943;-0,010002000000000066;0,0;0,0
01.02.2014;2,049999999999997;-0,22000099999999634;0,480000000000004;0,0;-0,05999799999999311;-0,5500030000000038;0,5799999999999983;-0,16999800000000675;0,7099999999999937;1,3100000000000023;0,37999999999999545;1,480000000000004;0,010000000000005116;0,37000000000000455;0,8400000000000034;-0,7099989999999963;1,9000000000000057;-0,05999799999999311;1,2900000000000063;0,09000000000000341;0,25;0,06999999999999318;4,859999999999999;0,39000000000000057;0,0;0,480000000000004;1,8599999999999994;1,1099999999999994;3,5;4,180000000000007;0,5799999999999983;0,4399999999999977;-0,06999999999999318;0,0;0,0;-0,9300000000000068;-0,08000199999999325;0,5499999999999972;0,8299999999999983;-0,05999799999999311;-9,239998;0,9099999999999966;0,4300000000000068;0,0;0,0
01.03.2014;1,3299999999999983;-0,15000200000000063;0,9399999999999977;0,7000000000000028;0,01999999999999602;-0,05999799999999311;0,0;0,12999999999999545;0,730000000000004;0,9099999999999966;0,1599999999999966;1,6099999999999994;2,260000000000005;1,1099999999999994;-0,08000199999999325;0,2600000000000051;1,6500000000000057;-0,019997000000003595;0,8799999999999955;0,4399999999999977;-0,04000100000000373;2,430000000000007;3,280000000000001;0,9899999999999949;0,0;12,569999999999993;0,4099999999999966;1,8900000000000006;0,060000000000002274;5,060000000000002;-0,4400020000000069;2,1500000000000057;1,4899999999999949;0,18000000000000682;0,0;4,5;-0,7200009999999963;0,0;0,3400000000000034;0,09000000000000341;2,3499999999999943;-0,45999899999999627;1,1099999999999994;0,980000000000004;0,0
01.04.2014;1,5799999999999983;0,2600000000000051;0,3100000000000023;0,0;-1,7900010000000037;0,20999999999999375;0,0;3,230000000000004;-0,12000299999999697;0,7399999999999949;0,6899999999999977;0,09000000000000341;0,0;1,5;-0,1100009999999969;0,269999999999996;0,7800000000000011;1,4300000000000068;0,730000000000004;0,09000000000000341;0,45000000000000284;1,3400000000000034;3,3100000000000023;1,6899999999999977;0,0;0,9599999999999937;0,06999999999999318;1,8100000000000023;-0,9499969999999962;3,0799999999999983;-0,9700009999999963;0,14000000000000057;0,769999999999996;0,0;0,0;0,20000000000000284;0,0;0,9300000000000068;0,5799999999999983;1,3700000000000045;-8,080001999999993;0,23000000000000398;0,5600000000000023;0,15000000000000568;0,0
01.05.2014;0,6099999999999994;0,1599999999999966;0,1599999999999966;0,0;0,12000000000000455;1,1899999999999977;-0,34999799999999937;0,9399999999999977;0,8100000000000023;0,04999999999999716;0,18000000000000682;0,0;0,0;0,6299999999999955;1,519999999999996;0,7199999999999989;0,29999999999999716;0,04000000000000625;0,29000000000000625;-0,02999900000000366;0,0;0,39000000000000057;6,709999999999994;1,4200000000000017;0,0;3,299999999999997;-0,02999900000000366;0,2600000000000051;0,7000000000000028;0,3100000000000023;-0,019997000000003595;0,14000000000000057;0,20999999999999375;0,0;0,0;0,2600000000000051;-0,06999999999999318;0,23000000000000398;0,09999999999999432;0,1700000000000017;-19,629997000000003;0,3100000000000023;0,12999999999999545;0,0;-3,860000999999997
01.06.2014;1,1099999999999994;0,010000000000005116;2,069999999999993;0,0;0,010000000000005116;0,4300000000000068;0,0;0,8900000000000006;0,12999999999999545;-0,0899959999999993;0,20000000000000284;0,12000000000000455;0,010000000000005116;-0,019997000000003595;5,140000000000001;0,269999999999996;0,7999999999999972;0,0;0,0;0,8400000000000034;-2,3399959999999993;1,4899999999999949;-6,690002000000007;2,019999999999996;0,0;7,1299999999999955;-0,3199999999999932;0,769999999999996;-1,5400010000000037;0,980000000000004;2,239999999999995;0,5300000000000011;0,3400000000000034;0,0;0,0;0,45000000000000284;0,0;0,0799999999999983;1,6899999999999977;0,37999999999999545;15,450000000000003;0,4200000000000017;-0,010002000000000066;0,0;11,64
01.07.2014;-0,02999900000000366;0,18999999999999773;1,0600000000000023;3,230000000000004;0,28000000000000114;0,3400000000000034;0,0;0,9200000000000017;-1,1999969999999962;0,519999999999996;0,3100000000000023;0,09000000000000341;0,0;0,18000000000000682;-0,1100009999999969;1,5499999999999972;-0,019997000000003595;0,04999999999999716;-0,05999799999999311;0,6400000000000006;-0,15000200000000063;1,519999999999996;-14,550003000000004;0,8299999999999983;6,280000000000001;1,769999999999996;-0,34999799999999937;0,519999999999996;0,23999999999999488;2,799999999999997;0,5100000000000051;2,4200000000000017;0,010000000000005116;0,0;0,0;0,2600000000000051;0,0;-0,010002000000000066;1,9599999999999937;0,6400000000000006;30,389999999999986;-0,8499979999999994;0,3199999999999932;0,0;9,209999999999994
01.08.2014;0,45000000000000284;-0,0899959999999993;0,75;0,0;-0,02999900000000366;0,5999999999999943;0,0;1,2000000000000028;1,8400000000000034;0,12999999999999545;1,0799999999999983;0,09999999999999432;0,0;0,37000000000000455;0,18000000000000682;2,8799999999999955;1,3299999999999983;1,9200000000000017;0,8799999999999955;0,6400000000000006;0,0;0,4300000000000068;-8,669998000000007;1,7800000000000011;0,0;2,6599999999999966;0,29000000000000625;0,09000000000000341;1,4599999999999937;2,5799999999999983;0,20000000000000284;5,260000000000005;0,4200000000000017;0,0;0,0;1,6800000000000068;-0,09999799999999937;0,21999999999999886;0,8700000000000045;-0,019997000000003595;-15,779999000000004;0,18000000000000682;0,6700000000000017;0,25;8,939999999999998
01.09.2014;1,5600000000000023;-0,019997000000003595;1,3499999999999943;0,0;1,9699999999999989;0,7000000000000028;1,3299999999999983;-0,27999900000000366;1,0999999999999943;1,8100000000000023;0,9099999999999966;0,04999999999999716;3,510000000000005;1,7999999999999972;1,3900000000000006;1,8599999999999994;2,450000000000003;-0,019997000000003595;1,2099999999999937;0,45000000000000284;-0,3099979999999931;3,8400000000000034;6,269999999999996;2,819999999999993;0,0;-7,75;0,8799999999999955;0,21999999999999886;1,4000000000000057;1,8799999999999955;1,1700000000000017;-0,5800019999999932;1,2900000000000063;3,030000000000001;0,0;0,8400000000000034;0,06999999999999318;-0,12000299999999697;1,4200000000000017;0,6599999999999966;6,680000000000007;1,4599999999999937;0,7800000000000011;0,0;-6,849997999999999
01.10.2014;0,5;0,04999999999999716;0,769999999999996;0,0;0,20999999999999375;1,2999999999999972;2,230000000000004;0,23999999999999488;1,0799999999999983;1,7399999999999949;1,9899999999999949;0,0799999999999983;2,6599999999999966;0,3100000000000023;1,9200000000000017;0,35999999999999943;1,8799999999999955;0,030000000000001137;1,2600000000000051;0,39000000000000057;-0,1100009999999969;1,0300000000000011;6,519999999999996;0,28000000000000114;0,0;-4,910004000000001;3,3499999999999943;3,030000000000001;0,6200000000000045;0,8199999999999932;-0,5100020000000001;-0,8399959999999993;1,0999999999999943;0,0;0,0;-2,110000999999997;-9,279999000000004;0,3199999999999932;0,5499999999999972;2,549999999999997;2,239999999999995;0,06999999999999318;1,25;1,1099999999999994;0,0
01.11.2014;0,29999999999999716;0,06999999999999318;1,0900000000000034;0,0;0,06999999999999318;1,1400000000000006;0,0;13,040000000000006;2,730000000000004;0,0799999999999983;1,6200000000000045;0,20000000000000284;0,01999999999999602;0,5400000000000063;0,09999999999999432;-0,629997000000003;0,9300000000000068;0,0799999999999983;1,0100000000000051;0,21999999999999886;-0,04000100000000373;0,6200000000000045;5,670000000000002;-0,27999900000000366;0,0;13,060000000000002;-0,019997000000003595;0,04999999999999716;0,0;-0,47000099999999634;0,04999999999999716;1,9000000000000057;1,6099999999999994;0,0;0,0;-0,7900010000000037;-0,04000100000000373;0,030000000000001137;0,8900000000000006;0,12000000000000455;18,049999999999997;0,9399999999999977;0,8199999999999932;0,4399999999999977;0,0
01.12.2014;-0,4499969999999962;0,5;0,45999999999999375;0,14000000000000057;0,28000000000000114;2,010000000000005;6,260000000000005;5,1200000000000045;4,0;2,6599999999999966;1,3799999999999955;0,06999999999999318;0,01999999999999602;2,2099999999999937;2,069999999999993;-0,08000199999999325;0,75;1,519999999999996;0,37999999999999545;2,219999999999999;2,5999999999999943;0,0;7,640000000000001;4,569999999999993;0,0;17,0;-0,8399959999999993;0,6800000000000068;3,469999999999999;0,8499999999999943;11,230000000000004;-1,0699999999999932;0,6200000000000045;0,6400000000000006;0,0;1,2900000000000063;-0,9000020000000006;4,159999999999997;2,799999999999997;10,090000000000003;10,900000000000006;2,319999999999993;0,06999999999999318;0,01999999999999602;0,0
01.01.2015;1,3199999999999932;1,2800000000000011;4,209999999999994;2,010000000000005;0,0;6,469999999999999;2,260000000000005;7,799999999999997;6,890000000000001;1,4899999999999949;4,909999999999997;0,12999999999999545;3,0900000000000034;2,8599999999999994;4,599999999999994;1,8700000000000045;2,6299999999999955;0,9899999999999949;4,219999999999999;6,239999999999995;8,659999999999997;3,450000000000003;21,700000000000003;5,680000000000007;0,0;9,739999999999995;10,019999999999996;3,969999999999999;4,340000000000003;2,180000000000007;-1,4499969999999962;-0,09999799999999937;4,079999999999998;0,0;0,0;0,25;-0,12000299999999697;2,9599999999999937;10,280000000000001;7,269999999999996;7,349999999999994;4,140000000000001;3,3599999999999994;8,670000000000002;0,0
01.02.2015;1,7600000000000051;0,18999999999999773;2,6200000000000045;0,0;2,3700000000000045;8,420000000000002;3,950000000000003;5,359999999999999;4,040000000000006;4,3700000000000045;7,530000000000001;2,3100000000000023;1,4200000000000017;2,730000000000004;1,0600000000000023;3,9599999999999937;-4,430000000000007;2,719999999999999;1,0900000000000034;11,430000000000007;0,29000000000000625;0,0;8,469999999999999;3,1400000000000006;0,0;1,6899999999999977;5,489999999999995;2,769999999999996;7,900000000000006;1,8400000000000034;1,2999999999999972;-1,5699999999999932;1,8499999999999943;0,06999999999999318;0,0;-1,1999969999999962;0,18999999999999773;3,4000000000000057;8,14;3,2900000000000063;-3,989998;1,9399999999999977;7,260000000000005;0,0;0,0
01.03.2015;2,5999999999999943;0,10999999999999943;2,799999999999997;0,0;3,700000000000003;1,7800000000000011;4,079999999999998;3,0799999999999983;2,280000000000001;5,719999999999999;0,9399999999999977;3,1599999999999966;-2,6600040000000007;2,25;5,819999999999993;1,9599999999999937;2,969999999999999;0,5499999999999972;1,8100000000000023;4,269999999999996;5,290000000000006;4,260000000000005;2,299999999999997;2,5600000000000023;0,0;-2,629997000000003;-2,1600040000000007;4,209999999999994;2,680000000000007;0,5;-1,8300019999999932;-0,050003000000003794;2,5400000000000063;0,0;9,769999999999996;-0,23999799999999993;0,0;1,0300000000000011;2,8299999999999983;0,09999999999999432;-5,529999000000004;2,1899999999999977;3,8299999999999983;0,5900000000000034;0,0
01.04.2015;0,8799999999999955;-0,25;2,1700000000000017;0,0;0,6099999999999994;0,10999999999999943;0,45999999999999375;0,09000000000000341;-2,620002999999997;0,12999999999999545;5,060000000000002;0,0;0,0;-2,2699970000000036;4,329999999999998;0,3299999999999983;3,450000000000003;0,0;1,2199999999999989;3,510000000000005;0,20000000000000284;0,12999999999999545;-0,75;-1,239998;0,0;0,4300000000000068;-0,7699970000000036;0,04000000000000625;-3,7300029999999964;0,46999999999999886;-1,9100040000000007;0,8199999999999932;1,1800000000000068;0,0;0,46999999999999886;21,310000000000002;8,709999999999994;0,4300000000000068;2,569999999999993;0,010000000000005116;0,6599999999999966;2,4200000000000017;0,5900000000000034;4,239999999999995;0,0
01.05.2015;0,8599999999999994;0,2600000000000051;2,730000000000004;0,0;-0,5;0,9599999999999937;0,6400000000000006;-1,1900020000000069;-4,269997000000004;2,3799999999999955;0,37999999999999545;1,6200000000000045;1,0300000000000011;-1,1800000000000068;5,400000000000006;1,1099999999999994;1,3799999999999955;5,609999999999999;1,3400000000000034;1,0900000000000034;-1,8499979999999994;3,980000000000004;0,45000000000000284;3,0799999999999983;3,5999999999999943;-4,180000000000007;-1,260002;1,6099999999999994;-9,709998999999996;0,39000000000000057;-1,239998;0,18000000000000682;1,4500000000000028;0,0;0,4899999999999949;1,7099999999999937;0,01999999999999602;0,04000000000000625;0,7600000000000051;-2,690002000000007;-23,860000999999997;-0,1900020000000069;2,450000000000003;0,030000000000001137;-3,9700009999999963
01.06.2015;0,6500000000000057;0,04000000000000625;0,4200000000000017;0,0;0,030000000000001137;1,2800000000000011;0,0;-3,129997000000003;-2,050003000000004;0,7800000000000011;1,0999999999999943;0,6899999999999977;0,0;-0,6399990000000031;-1,3000030000000038;0,29000000000000625;0,37999999999999545;0,0;-0,04000100000000373;-0,3399959999999993;-1,2699970000000036;0,0;-5,699996999999996;2,730000000000004;0,0;-3,260002;-0,370002999999997;0,09000000000000341;3,6400000000000006;0,730000000000004;0,18000000000000682;0,269999999999996;-1,5400010000000037;0,8100000000000023;2,219999999999999;-0,6699980000000068;0,0;0,10999999999999943;-3,1500020000000006;-0,4100040000000007;-11,470000999999996;-0,629997000000003;0,9500000000000028;0,0;20,64
01.07.2015;-0,12000299999999697;0,3199999999999932;-0,16999800000000675;7,260000000000005;2,069999999999993;0,769999999999996;1,4500000000000028;-0,5;0,8799999999999955;-1,3300019999999932;0,20000000000000284;0,0;0,0;-0,9300000000000068;1,5300000000000011;0,3100000000000023;0,6700000000000017;0,15000000000000568;-0,48999799999999993;-1,1999969999999962;0,6599999999999966;6,609999999999999;-10,769997000000004;3,5;0,0;3,3100000000000023;-1,5199970000000036;0,5600000000000023;-1,5400010000000037;1,1899999999999977;-4,660004000000001;2,6400000000000006;-1,9599989999999963;0,04000000000000625;0,0;0,7800000000000011;0,04000000000000625;0,010000000000005116;2,019999999999996;3,3100000000000023;1,9899999999999949;-0,3099979999999931;1,2999999999999972;0,4200000000000017;23,08
01.08.2015;-0,0899959999999993;0,45999999999999375;2,319999999999993;0,030000000000001137;0,18000000000000682;0,519999999999996;0,0;1,019999999999996;0,7600000000000051;0,0;0,29000000000000625;1,0600000000000023;0,0;-0,379997000000003;0,5600000000000023;2,8700000000000045;2,0600000000000023;0,0;0,8700000000000045;-0,9000020000000006;1,5999999999999943;7,1299999999999955;-12,169998000000007;-0,1999969999999962;4,959999999999994;6,760000000000005;2,8700000000000045;0,20000000000000284;-1,0599979999999931;0,2600000000000051;3,5799999999999983;1,5799999999999983;2,239999999999995;0,0;0,0;5,3700000000000045;0,28000000000000114;-0,09999799999999937;1,5699999999999932;1,4699999999999989;1,8900000000000006;0,5499999999999972;1,5900000000000034;1,0;-0,9100040000000007
01.09.2015;-0,3000030000000038;0,5999999999999943;2,0900000000000034;1,7000000000000028;0,7800000000000011;1,0100000000000051;2,319999999999993;1,4599999999999937;3,2900000000000063;0,06999999999999318;0,5100000000000051;0,3199999999999932;0,0;0,5100000000000051;0,9699999999999989;0,9899999999999949;3,450000000000003;0,10999999999999943;1,8400000000000034;0,7000000000000028;2,8900000000000006;4,430000000000007;1,7000000000000028;0,4000000000000057;0,0;-1,2099989999999963;1,269999999999996;0,030000000000001137;1,2600000000000051;0,0;3,5600000000000023;0,6599999999999966;2,769999999999996;0,21999999999999886;0,0;-5,449996999999996;0,09999999999999432;-0,019997000000003595;0,20000000000000284;4,25;11,170000000000002;0,8199999999999932;0,3499999999999943;3,269999999999996;3,480000000000004
01.10.2015;0,6899999999999977;0,12999999999999545;1,9300000000000068;2,299999999999997;0,9699999999999989;1,6700000000000017;0,0;0,23000000000000398;3,510000000000005;1,019999999999996;0,29999999999999716;0,9899999999999949;0,030000000000001137;1,9300000000000068;2,239999999999995;0,5;2,480000000000004;0,0;0,9699999999999989;2,450000000000003;1,1200000000000045;2,0999999999999943;3,980000000000004;2,6400000000000006;0,0;-2,059997999999993;2,5600000000000023;-0,09999799999999937;2,6500000000000057;0,5499999999999972;0,269999999999996;0,21999999999999886;0,4300000000000068;0,5999999999999943;0,0;0,37999999999999545;1,1099999999999994;0,23000000000000398;1,4500000000000028;3,200000000000003;18,86;1,0;1,0100000000000051;0,0;-0,09999799999999937
01.11.2015;-0,08000199999999325;0,25;0,5600000000000023;-0,02999900000000366;0,3299999999999983;1,2900000000000063;1,1200000000000045;-0,6999969999999962;-0,019997000000003595;0,1599999999999966;0,5900000000000034;1,75;0,060000000000002274;0,7800000000000011;-0,16999800000000675;-0,3099979999999931;1,8199999999999932;0,06999999999999318;0,12999999999999545;0,7999999999999972;-2,2799990000000037;1,1800000000000068;1,8900000000000006;0,8799999999999955;0,0;-2,5299990000000037;-0,010002000000000066;0,35999999999999943;0,5499999999999972;2,760000000000005;0,8599999999999994;0,9899999999999949;0,5900000000000034;0,0;0,0;-2,5899959999999993;0,7000000000000028;1,1400000000000006;0,12000000000000455;-1,2699970000000036;6,730000000000004;0,5400000000000063;0,5400000000000063;0,0;0,0
01.12.2015;-1,0299990000000037;0,10999999999999943;1,269999999999996;0,0;1,1500000000000057;0,8100000000000023;0,0;0,37999999999999545;1,2600000000000051;0,09999999999999432;0,5900000000000034;1,2000000000000028;0,3100000000000023;0,6299999999999955;2,0999999999999943;-0,5400010000000037;0,20000000000000284;1,1099999999999994;0,1700000000000017;-0,6800000000000068;-1,4800029999999964;0,18999999999999773;6,599999999999994;0,3400000000000034;0,0;-1,0999979999999994;-0,4800029999999964;-0,019997000000003595;-0,12000299999999697;3,7900000000000063;0,9399999999999977;-0,010002000000000066;0,5999999999999943;0,0;0,0;3,989999999999995;0,0;0,04000000000000625;0,5300000000000011;0,4399999999999977;9,180000000000007;0,5900000000000034;0,20999999999999375;0,0;0,8900000000000006
01.01.2016;1,2000000000000028;1,6400000000000006;-0,6100009999999969;-0,02999900000000366;-0,3399959999999993;1,0600000000000023;0,2600000000000051;1,5300000000000011;0,4000000000000057;0,45000000000000284;0,6599999999999966;0,45999999999999375;-0,1900020000000069;2,6599999999999966;1,0499999999999972;0,1700000000000017;0,09999999999999432;0,01999999999999602;0,23999999999999488;0,20000000000000284;0,15000000000000568;0,0;6,219999999999999;1,5699999999999932;0,0;7,640000000000001;0,7999999999999972;0,04000000000000625;2,1200000000000045;3,3700000000000045;3,4000000000000057;-0,9100040000000007;0,6299999999999955;0,0;0,0;-4,389999000000003;0,06999999999999318;1,0799999999999983;0,10999999999999943;1,9500000000000028;-0,75;1,4300000000000068;0,3199999999999932;0,10999999999999943;0,0
01.02.2016;1,3599999999999994;0,01999999999999602;-0,7200009999999963;-0,010002000000000066;1,5799999999999983;0,20999999999999375;-0,3000030000000038;0,3100000000000023;0,8499999999999943;0,2600000000000051;0,5600000000000023;0,5300000000000011;-1,3300019999999932;1,4000000000000057;-0,2300029999999964;0,060000000000002274;-0,12999700000000303;0,010000000000005116;0,730000000000004;0,6400000000000006;-0,12999700000000303;0,7900000000000063;3,819999999999993;2,180000000000007;0,0;2,3499999999999943;-1,0;0,7399999999999949;3,8900000000000006;0,0;1,3100000000000023;-0,15000200000000063;0,12000000000000455;0,9399999999999977;0,0;1,4399999999999977;0,15000000000000568;0,37000000000000455;1,6800000000000068;0,7600000000000051;-8,160004;0,75;1,1299999999999955;0,0;0,0
01.03.2016;1,730000000000004;0,3299999999999983;0,8799999999999955;0,0;-0,04000100000000373;0,12999999999999545;0,7000000000000028;2,3299999999999983;0,5100000000000051;0,7800000000000011;0,09999999999999432;0,0;0,0;0,480000000000004;1,7900000000000063;0,18999999999999773;0,18000000000000682;0,14000000000000057;0,15000000000000568;1,2399999999999949;1,0499999999999972;0,20999999999999375;-2,0299990000000037;0,5999999999999943;0,0;-2,4000020000000006;0,9099999999999966;0,06999999999999318;0,3400000000000034;0,6200000000000045;-0,9800029999999964;0,5400000000000063;0,5600000000000023;0,0;3,030000000000001;0,04000000000000625;0,1599999999999966;-0,15000200000000063;1,980000000000004;1,0;-2,889999000000003;0,6700000000000017;1,0999999999999943;0,0;0,0
01.04.2016;0,9099999999999966;1,5799999999999983;0,6599999999999966;-0,019997000000003595;0,75;2,469999999999999;0,9200000000000017;2,1299999999999955;1,6299999999999955;1,7600000000000051;0,12999999999999545;1,8499999999999943;0,0;1,4000000000000057;0,5600000000000023;1,1200000000000045;1,9200000000000017;1,3900000000000006;0,5999999999999943;2,8400000000000034;-2,0299990000000037;0,18000000000000682;2,569999999999993;3,0799999999999983;3,7900000000000063;-2,6600040000000007;-3,430000000000007;0,12000000000000455;0,5100000000000051;2,0600000000000023;-0,75;0,8799999999999955;0,35999999999999943;0,0;0,0;-0,20999899999999627;0,5600000000000023;1,9699999999999989;1,9599999999999937;2,489999999999995;-6,970000999999996;1,6299999999999955;1,6599999999999966;-1,5999979999999994;0,0
01.05.2016;-0,629997000000003;0,7099999999999937;-0,1399990000000031;0,0;0,25;-0,33000199999999325;-0,4800029999999964;2,769999999999996;-0,4100040000000007;1,0499999999999972;0,5499999999999972;0,5;0,0;0,10999999999999943;0,29000000000000625;-1,0899959999999993;-0,3399959999999993;0,3199999999999932;0,1599999999999966;1,1299999999999955;-0,7900010000000037;0,0;-0,23999799999999993;0,519999999999996;0,0;-0,3600009999999969;-1,4400020000000069;0,4200000000000017;0,3499999999999943;1,5400000000000063;-6,430000000000007;0,21999999999999886;0,010000000000005116;0,0;0,0;0,7900000000000063;-1,25;0,10999999999999943;1,4200000000000017;-1,260002;-13,459998999999996;1,8799999999999955;1,1299999999999955;0,2600000000000051;37,889999999999986
01.06.2016;0,9300000000000068;-0,04000100000000373;1,0799999999999983;0,0;0,4899999999999949;1,0999999999999943;-0,6399990000000031;-0,370002999999997;1,1899999999999977;0,10999999999999943;-0,23999799999999993;1,1500000000000057;0,0;0,23999999999999488;1,1299999999999955;1,1800000000000068;0,45000000000000284;0,0;0,5600000000000023;-0,1600040000000007;-0,48999799999999993;0,23999999999999488;-5,069999999999993;1,3700000000000045;0,0;5,530000000000001;-0,06999999999999318;0,21999999999999886;-2,9700009999999963;1,8299999999999983;0,519999999999996;0,6099999999999994;0,519999999999996;0,7600000000000051;0,0;3,239999999999995;0,0;-0,27999900000000366;-0,9300000000000068;-0,7200009999999963;-7,029999000000004;0,09999999999999432;0,3400000000000034;0,0;14,959999999999994
01.07.2016;0,4300000000000068;0,10999999999999943;0,6899999999999977;2,9200000000000017;0,23999999999999488;0,4300000000000068;-1,0400010000000037;-0,2300029999999964;0,39000000000000057;0,7999999999999972;0,09999999999999432;0,12999999999999545;0,0;-0,6500020000000006;1,0100000000000051;0,18999999999999773;0,9599999999999937;3,75;0,7900000000000063;0,010000000000005116;-4,400002000000001;0,0;-5,629997000000003;0,15000000000000568;0,0;8,379999999999995;-2,5899959999999993;0,45000000000000284;1,2900000000000063;1,1599999999999966;-1,139999000000003;1,4099999999999966;0,6200000000000045;0,0;3,6400000000000006;2,5799999999999983;0,0;0,0799999999999983;2,4399999999999977;0,29000000000000625;4,829999999999998;1,5699999999999932;0,8700000000000045;0,18999999999999773;13,670000000000002
01.08.2016;0,25;0,18000000000000682;0,12000000000000455;0,269999999999996;-0,04000100000000373;-0,0899959999999993;0,0;0,7099999999999937;-1,010002;0,5900000000000034;-0,09999799999999937;1,0999999999999943;0,0;-0,1100009999999969;-0,12000299999999697;0,730000000000004;0,5499999999999972;0,0;0,6299999999999955;0,04000000000000625;0,25;5,299999999999997;-4,569999999999993;0,15000000000000568;0,0;-6,769997000000004;-2,7699970000000036;0,519999999999996;1,1700000000000017;2,8799999999999955;-0,870002999999997;0,45000000000000284;0,7900000000000063;0,0;0,0;2,510000000000005;-0,6600040000000007;-0,09999799999999937;-0,5199970000000036;-0,620002999999997;0,20999999999999375;0,5;0,18999999999999773;0,0;4,790000000000006
01.09.2016;-0,1900020000000069;0,06999999999999318;0,6599999999999966;0,0;-0,08000199999999325;-1,0899959999999993;0,0;-0,3000030000000038;0,6500000000000057;0,20000000000000284;0,4300000000000068;0,8700000000000045;0,0;-0,3199999999999932;-0,6699980000000068;0,23000000000000398;0,6700000000000017;0,09000000000000341;0,8599999999999994;0,9099999999999966;-0,3099979999999931;2,549999999999997;-1,9599989999999963;-0,3899990000000031;0,0;-4,879997000000003;-2,300003000000004;1,2800000000000011;0,09000000000000341;-0,370002999999997;-0,06999999999999318;0,6899999999999977;0,9000000000000057;-3,550003000000004;0,0;-3,800003000000004;0,3199999999999932;0,0799999999999983;-0,05999799999999311;1,769999999999996;11,689999999999998;0,23999999999999488;1,3100000000000023;-0,02999900000000366;-20,629997000000003
01.10.2016;0,5400000000000063;-0,050003000000003794;0,9000000000000057;0,1700000000000017;0,04000000000000625;0,15000000000000568;2,3799999999999955;-0,5500030000000038;1,2000000000000028;0,09999999999999432;0,4399999999999977;0,29999999999999716;0,0;1,25;2,4200000000000017;0,4899999999999949;0,6500000000000057;0,14000000000000057;0,7099999999999937;0,9099999999999966;-0,870002999999997;1,8100000000000023;5,599999999999994;0,269999999999996;0,0;-1,0899959999999993;-0,0899959999999993;0,7199999999999989;0,46999999999999886;0,0;1,0100000000000051;0,519999999999996;0,7000000000000028;0,0;0,269999999999996;-4,739998;0,23000000000000398;0,0;0,20000000000000284;-0,4400020000000069;15,469999999999999;0,39000000000000057;0,25;-0,8099979999999931;0,0
01.11.2016;-0,6399990000000031;0,14000000000000057;0,9399999999999977;0,0;0,23999999999999488;-0,1999969999999962;0,15000000000000568;0,01999999999999602;3,299999999999997;0,01999999999999602;-0,05999799999999311;-0,18000000000000682;0,0;1,2999999999999972;0,4000000000000057;0,39000000000000057;0,9099999999999966;0,1700000000000017;1,1800000000000068;0,7600000000000051;0,480000000000004;2,5900000000000034;-1,0599979999999931;0,01999999999999602;0,980000000000004;-1,2900010000000037;-0,8099979999999931;0,5100000000000051;1,3499999999999943;1,3100000000000023;-0,41999800000000675;-0,1100009999999969;1,769999999999996;0,0;0,0;-0,6699980000000068;-2,800003000000004;0,12000000000000455;-0,4499969999999962;1,3700000000000045;8,079999999999998;0,21999999999999886;0,8499999999999943;0,060000000000002274;0,0
01.12.2016;0,8100000000000023;3,25;5,269999999999996;1,2399999999999949;-0,6100009999999969;0,04999999999999716;-0,1600040000000007;-0,8399959999999993;2,5900000000000034;0,8100000000000023;-0,3600009999999969;-0,15000200000000063;6,1200000000000045;0,9500000000000028;-0,09999799999999937;0,10999999999999943;4,780000000000001;0,730000000000004;2,769999999999996;0,3499999999999943;0,37000000000000455;-1,9400020000000069;3,6599999999999966;0,09999999999999432;0,0;-9,110000999999997;-0,9400020000000069;2,75;0,6099999999999994;2,7900000000000063;0,8599999999999994;0,2600000000000051;4,3799999999999955;0,0;0,0;2,4599999999999937;0,0;-0,019997000000003595;0,10999999999999943;3,1899999999999977;9,120000000000005;-0,4400020000000069;3,6400000000000006;0,01999999999999602;0,0
01.01.2017;1,3100000000000023;0,1599999999999966;1,0499999999999972;0,04000000000000625;1,2000000000000028;0,5499999999999972;1,2199999999999989;0,6200000000000045;-0,8499979999999994;0,6500000000000057;1,4200000000000017;0,1599999999999966;1,7600000000000051;0,9099999999999966;-0,27999900000000366;-0,4800029999999964;0,18999999999999773;0,0;1,2199999999999989;-0,050003000000003794;1,3299999999999983;1,0900000000000034;3,4599999999999937;-0,23999799999999993;0,0;-0,5899959999999993;0,04000000000000625;0,769999999999996;1,480000000000004;1,0999999999999943;-0,16999800000000675;0,39000000000000057;1,5799999999999983;0,0;0,8700000000000045;-1,6600040000000007;-0,050003000000003794;0,45000000000000284;0,5300000000000011;0,5999999999999943;-4,470000999999996;0,18000000000000682;0,8799999999999955;0,030000000000001137;0,0
01.02.2017;0,3299999999999983;0,10999999999999943;0,769999999999996;-0,019997000000003595;0,3400000000000034;0,29999999999999716;0,0;-0,34999799999999937;-2,699996999999996;-0,33000199999999325;0,5699999999999932;0,730000000000004;1,0600000000000023;1,0;0,3299999999999983;0,25;0,980000000000004;0,6500000000000057;1,0900000000000034;0,6099999999999994;-1,0400010000000037;0,18000000000000682;-1,0299990000000037;0,04999999999999716;0,0;-0,16999800000000675;-4,790001000000004;1,4300000000000068;1,8299999999999983;0,0;-1,4000020000000006;1,1200000000000045;1,0499999999999972;0,0;0,0;6,030000000000001;0,04999999999999716;0,8900000000000006;0,7999999999999972;-0,019997000000003595;-10,959998999999996;-0,18000000000000682;0,3199999999999932;0,0;0,0
01.03.2017;1,0400000000000063;0,01999999999999602;1,2000000000000028;-0,08000199999999325;-0,23999799999999993;-0,26000200000000007;1,1299999999999955;-0,5299990000000037;2,1400000000000006;0,9399999999999977;1,1099999999999994;0,3100000000000023;0,0;0,6599999999999966;0,3400000000000034;-0,29000100000000373;1,3100000000000023;0,6200000000000045;1,2199999999999989;0,7900000000000063;-0,8000030000000038;2,030000000000001;-0,33000199999999325;0,0;0,0;-2,0999979999999994;-0,7799990000000037;2,1099999999999994;0,5;0,0;-0,5899959999999993;0,29999999999999716;1,1400000000000006;-0,1100009999999969;0,0;-3,819999999999993;0,0;0,28000000000000114;-0,04000100000000373;-0,09999799999999937;-5,199996999999996;0,060000000000002274;0,9200000000000017;0,20000000000000284;0,0
01.04.2017;-0,6800000000000068;1,2999999999999972;1,1800000000000068;-0,010002000000000066;-0,2300029999999964;0,21999999999999886;0,8299999999999983;-0,5899959999999993;4,390000000000001;-0,1100009999999969;-1,0999979999999994;0,5300000000000011;-0,010002000000000066;1,519999999999996;-1,2300029999999964;-0,23999799999999993;0,8799999999999955;1,1500000000000057;1,2900000000000063;0,7999999999999972;-1,5400010000000037;0,8900000000000006;7,599999999999994;-0,9700009999999963;0,0;-0,3399959999999993;-4,599997999999999;1,1700000000000017;0,20000000000000284;0,20999999999999375;0,030000000000001137;0,5799999999999983;1,3100000000000023;0,0;2,3299999999999983;0,0799999999999983;0,0;0,0;-0,22000099999999634;0,5100000000000051;1,9200000000000017;0,18999999999999773;1,0300000000000011;1,4599999999999937;0,0
01.05.2017;-0,02999900000000366;1,6599999999999966;0,6099999999999994;0,0;-0,7399979999999999;0,09000000000000341;0,5699999999999932;-0,9700009999999963;-3,370002999999997;1,1899999999999977;-1,25;0,030000000000001137;0,0;-0,5999979999999994;-1,870002999999997;-0,12000299999999697;0,6500000000000057;1,25;0,46999999999999886;1,0400000000000063;-0,7399979999999999;2,1200000000000045;10,329999999999998;-0,8899990000000031;-0,16999800000000675;0,3499999999999943;-2,7900010000000037;1,6800000000000068;-0,8000030000000038;0,21999999999999886;-0,6399990000000031;0,01999999999999602;1,0600000000000023;0,0;0,0;2,5600000000000023;-0,15000200000000063;-0,5100020000000001;0,6899999999999977;-0,379997000000003;-25,639999000000003;0,23999999999999488;0,25;1,5100000000000051;-24,370002999999997
01.06.2017;-0,1399990000000031;1,230000000000004;0,010000000000005116;0,4300000000000068;-0,4400020000000069;0,030000000000001137;0,9000000000000057;-1,110000999999997;-1,0199970000000036;0,3299999999999983;-0,6900020000000069;0,9300000000000068;0,0;-0,12000299999999697;-0,8199999999999932;-0,12000299999999697;-0,12000299999999697;0,0;-1,5299990000000037;-1,0999979999999994;-1,0500030000000038;2,3700000000000045;6,230000000000004;-1,0299990000000037;0,0;5,049999999999997;-1,0;1,0;0,1599999999999966;0,1700000000000017;-0,15000200000000063;0,9099999999999966;-0,6500020000000006;-0,0899959999999993;0,0;3,75;0,1700000000000017;0,06999999999999318;-0,22000099999999634;0,18000000000000682;3,0400000000000063;-0,050003000000003794;0,3400000000000034;0,3199999999999932;29,22
01.07.2017;0,7099999999999937;0,9099999999999966;0,4099999999999966;2,269999999999996;0,01999999999999602;0,06999999999999318;0,0;0,39000000000000057;0,8299999999999983;0,5400000000000063;-0,629997000000003;0,29000000000000625;0,0;0,6500000000000057;-0,8899990000000031;-0,2699970000000036;0,8100000000000023;0,29999999999999716;0,5400000000000063;-0,9899979999999999;0,15000000000000568;0,37999999999999545;-14,470000999999996;-0,370002999999997;0,0;1,75;-2,0999979999999994;1,6800000000000068;0,04000000000000625;0,1700000000000017;0,8299999999999983;0,18999999999999773;0,6899999999999977;0,0;0,0;0,0799999999999983;0,0;0,0;0,3100000000000023;-1,0199970000000036;-5,010002;0,0;0,6700000000000017;1,0400000000000063;11,25
01.08.2017;0,5600000000000023;0,14000000000000057;0,35999999999999943;0,04999999999999716;-0,40000200000000063;0,09000000000000341;0,0;-0,5500030000000038;0,9000000000000057;0,09999999999999432;-0,33000199999999325;1,019999999999996;0,0;0,23999999999999488;-0,019997000000003595;0,5600000000000023;-0,08000199999999325;-1,610000999999997;1,2800000000000011;-0,1100009999999969;-1,6699980000000068;0,4000000000000057;-18,599998;-0,06999999999999318;0,0;-2,379997000000003;-2,0999979999999994;1,3199999999999932;-0,18000000000000682;0,1700000000000017;-0,7099989999999963;0,4200000000000017;1,3299999999999983;0,0;0,0;6,549999999999997;0,0;0,7999999999999972;0,29999999999999716;0,5;-1,9199980000000068;0,37999999999999545;0,7800000000000011;0,5999999999999943;1,4099999999999966
01.09.2017;0,18000000000000682;0,23999999999999488;0,7199999999999989;0,10999999999999943;-0,5899959999999993;0,20000000000000284;1,0799999999999983;-0,1999969999999962;0,9099999999999966;-0,019997000000003595;-0,370002999999997;0,04000000000000625;0,0;0,9300000000000068;0,75;0,4899999999999949;0,6800000000000068;0,1700000000000017;0,04000000000000625;-0,5500030000000038;0,18999999999999773;0,5;-1,9700009999999963;-0,20999899999999627;5,3799999999999955;-9,779999000000004;-1,3199999999999932;1,730000000000004;0,12000000000000455;0,0;0,6400000000000006;0,4899999999999949;0,28000000000000114;3,9200000000000017;0,0;-8,150002;0,0;-0,12000299999999697;-0,05999799999999311;-0,05999799999999311;10,170000000000002;-0,3899990000000031;0,37000000000000455;-4,349997999999999;0,0
01.10.2017;0,3299999999999983;0,5600000000000023;1,1200000000000045;-0,050003000000003794;0,0;-0,48999799999999993;0,0;-0,9199980000000068;2,0999999999999943;0,37000000000000455;1,9500000000000028;0,29000000000000625;-0,05999799999999311;0,4899999999999949;-1,9499969999999962;0,6800000000000068;0,9599999999999937;0,0;0,35999999999999943;-1,389999000000003;-0,3099979999999931;0,0;0,3499999999999943;0,1700000000000017;0,0;-2,8499979999999994;-0,08000199999999325;1,2800000000000011;0,5699999999999932;3,3400000000000034;0,5699999999999932;-0,3099979999999931;-0,02999900000000366;0,0;0,0;-3,5800019999999932;0,0;1,3299999999999983;0,4200000000000017;0,25;11,64;0,269999999999996;0,1599999999999966;0,18999999999999773;-12,970000999999996
01.11.2017;-0,09999799999999937;0,15000000000000568;0,14000000000000057;-0,010002000000000066;0,0;0,7099999999999937;0,0;-0,1399990000000031;0,46999999999999886;-1,25;0,6899999999999977;0,0;0,0;1,2399999999999949;-0,4800029999999964;0,6599999999999966;-0,870002999999997;0,0;-0,8600009999999969;0,5799999999999983;-2,2699970000000036;0,04999999999999716;3,6099999999999994;1,980000000000004;2,280000000000001;-16,779999000000004;-1,129997000000003;-0,09999799999999937;2,5999999999999943;0,0;1,0;0,04999999999999716;-1,1900020000000069;0,0;0,0;-0,04000100000000373;1,8799999999999955;0,9000000000000057;-2,129997000000003;0,3400000000000034;4,530000000000001;0,3400000000000034;-0,2699970000000036;0,12999999999999545;0,0
01.12.2017;0,46999999999999886;1,4000000000000057;0,4899999999999949;0,04000000000000625;0,0;0,09000000000000341;0,0;-1,1900020000000069;-0,5699999999999932;-0,15000200000000063;-1,6800000000000068;-0,05999799999999311;0,0;0,5300000000000011;-0,15000200000000063;0,7900000000000063;0,18999999999999773;9,379999999999995;-0,5699999999999932;0,37999999999999545;-1,6500020000000006;0,0;6,599999999999994;1,5400000000000063;-2,120002999999997;5,239999999999995;0,0;-2,010002;1,9399999999999977;0,8599999999999994;-3,0299990000000037;0,8799999999999955;-0,5999979999999994;0,0;0,0;-1,1699980000000068;0,0;-0,010002000000000066;0,7999999999999972;-1,0999979999999994;6,989999999999995;0,15000000000000568;-0,629997000000003;0,04000000000000625;0,0
01.01.2018;-0,1600040000000007;1,1099999999999994;0,10999999999999943;0,14000000000000057;-1,0;0,3100000000000023;0,0;-0,34999799999999937;-0,7799990000000037;0,0;-1,129997000000003;0,0;0,0;1,1500000000000057;-0,6900020000000069;-0,9499969999999962;-0,3899990000000031;0,0;-0,40000200000000063;0,06999999999999318;0,0;0,0;1,6200000000000045;-2,2200009999999963;0,0;1,3900000000000006;0,0;-0,26000200000000007;0,6299999999999955;1,9399999999999977;0,9399999999999977;0,7099999999999937;-0,1100009999999969;0,29000000000000625;0,0;0,12999999999999545;0,0;-0,15000200000000063;-0,7200009999999963;0,23999999999999488;-9,120002999999997;-0,26000200000000007;0,01999999999999602;0,010000000000005116;0,0
01.02.2018;0,3499999999999943;0,3400000000000034;0,0;0,0;0,0;0,010000000000005116;0,7800000000000011;-1,1800000000000068;0,23999999999999488;-0,18000000000000682;0,6400000000000006;0,060000000000002274;0,0;0,04999999999999716;-0,22000099999999634;-0,1399990000000031;-0,1399990000000031;0,0;0,06999999999999318;0,45999999999999375;-0,1100009999999969;0,0;5,049999999999997;0,010000000000005116;0,0;-0,4800029999999964;1,0;1,2600000000000051;0,269999999999996;0,20000000000000284;0,0799999999999983;-0,0899959999999993;-0,3199999999999932;0,0;0,0;0,9099999999999966;0,0;0,0;-0,26000200000000007;1,0100000000000051;0,4200000000000017;0,7000000000000028;0,04000000000000625;0,0;0,0
01.03.2018;-0,1900020000000069;0,0;0,18999999999999773;0,0;0,010000000000005116;-0,26000200000000007;-0,050003000000003794;-0,5699999999999932;0,09000000000000341;0,3299999999999983;-0,3899990000000031;1,480000000000004;0,0;0,04000000000000625;-1,1800000000000068;-0,22000099999999634;-1,5;0,0;0,269999999999996;0,010000000000005116;-0,370002999999997;0,0;1,9500000000000028;0,18000000000000682;-2,2300029999999964;0,9000000000000057;0,9899999999999949;0,6200000000000045;-1,3000030000000038;0,0;1,1500000000000057;-0,06999999999999318;-0,09999799999999937;0,23999999999999488;0,0;-0,05999799999999311;0,01999999999999602;0,01999999999999602;0,75;0,29000000000000625;1,3400000000000034;-0,02999900000000366;0,3400000000000034;0,45999999999999375;0,0
01.04.2018;0,04000000000000625;0,1700000000000017;-0,5100020000000001;1,5;-0,02999900000000366;0,09999999999999432;-0,4100040000000007;-0,9899979999999999;0,9200000000000017;0,37999999999999545;0,12999999999999545;0,0;0,0;-0,15000200000000063;0,1599999999999966;0,35999999999999943;0,519999999999996;0,0;0,15000000000000568;-1,9400020000000069;-0,1100009999999969;0,0;2,0799999999999983;0,18000000000000682;2,4599999999999937;0,5300000000000011;0,18999999999999773;0,730000000000004;-0,050003000000003794;0,5499999999999972;-0,629997000000003;2,1400000000000006;-0,010002000000000066;0,0;0,0;1,0100000000000051;0,0;0,3499999999999943;-0,09999799999999937;1,8799999999999955;4,150000000000006;0,3400000000000034;0,15000000000000568;-1,75;0,0
01.05.2018;-0,12000299999999697;0,010000000000005116;0,15000000000000568;-0,22000099999999634;0,29000000000000625;-0,6399990000000031;0,3499999999999943;-0,75;0,25;0,20000000000000284;-0,40000200000000063;0,5499999999999972;0,0;-0,4300000000000068;0,6700000000000017;0,8599999999999994;0,10999999999999943;0,0;-0,1100009999999969;-0,1100009999999969;-0,5800019999999932;0,09999999999999432;-3,6699980000000068;-0,1399990000000031;-6,669998000000007;3,8400000000000034;0,1700000000000017;0,37999999999999545;0,20000000000000284;0,519999999999996;0,5900000000000034;6,299999999999997;0,3400000000000034;0,0;0,0;-0,1399990000000031;0,0;0,4899999999999949;0,14000000000000057;-0,629997000000003;-15,199996999999996;-0,3199999999999932;-0,08000199999999325;0,0;-4,809997999999993
01.06.2018;-0,5199970000000036;0,480000000000004;-0,12999700000000303;0,0;0,1700000000000017;0,29999999999999716;-0,6100009999999969;-0,27999900000000366;0,030000000000001137;0,04999999999999716;0,4899999999999949;0,09999999999999432;0,0;-0,06999999999999318;0,01999999999999602;-0,27999900000000366;-0,47000099999999634;0,0;-0,22000099999999634;-0,12999700000000303;-0,6600040000000007;0,3400000000000034;10,209999999999994;0,1700000000000017;0,0;0,15000000000000568;-0,3099979999999931;0,45999999999999375;0,5999999999999943;0,15000000000000568;-0,6900020000000069;1,3599999999999994;0,010000000000005116;0,0;0,0;4,189999999999998;0,0;-0,02999900000000366;1,1500000000000057;0,09000000000000341;-2,949996999999996;-0,16999800000000675;-0,019997000000003595;0,0;14,909999999999997
01.07.2018;0,7600000000000051;0,10999999999999943;-0,1399990000000031;2,1700000000000017;0,09000000000000341;0,060000000000002274;-0,12000299999999697;0,4300000000000068;0,5799999999999983;0,030000000000001137;-0,6800000000000068;0,060000000000002274;0,0;0,9300000000000068;-0,15000200000000063;0,6299999999999955;-0,4100040000000007;0,0;0,10999999999999943;-0,5899959999999993;0,5300000000000011;1,0499999999999972;-7,589995999999999;0,6800000000000068;4,569999999999993;0,37000000000000455;-2,629997000000003;1,1700000000000017;0,5;0,0;0,519999999999996;0,7199999999999989;0,06999999999999318;0,0;0,0;5,790000000000006;-1,0299990000000037;-0,1100009999999969;-1,0599979999999931;0,769999999999996;-5,099997999999999;0,12000000000000455;0,15000000000000568;0,09999999999999432;14,709999999999994
01.08.2018;0,269999999999996;0,01999999999999602;-0,3099979999999931;0,0;0,010000000000005116;-0,1399990000000031;0,0;0,0799999999999983;0,29000000000000625;0,4399999999999977;0,4399999999999977;0,0799999999999983;0,0;0,6899999999999977;0,35999999999999943;0,7199999999999989;-0,3899990000000031;0,06999999999999318;0,35999999999999943;0,1700000000000017;-0,4100040000000007;0,269999999999996;-7,0;0,269999999999996;0,0;1,8299999999999983;0,5300000000000011;0,23999999999999488;-0,8899990000000031;0,29999999999999716;-0,9499969999999962;-0,3099979999999931;0,7099999999999937;0,0;0,0;4,209999999999994;0,030000000000001137;0,01999999999999602;-0,8099979999999931;0,4399999999999977;8,189999999999998;0,3100000000000023;0,1700000000000017;-0,7200009999999963;8,650000000000006
01.09.2018;0,010000000000005116;0,3299999999999983;0,20000000000000284;0,0;1,1599999999999966;-0,05999799999999311;-0,02999900000000366;0,8100000000000023;0,5799999999999983;0,7600000000000051;0,04999999999999716;0,1700000000000017;0,0;0,6400000000000006;0,46999999999999886;0,5900000000000034;-1,0599979999999931;0,010000000000005116;0,6800000000000068;-0,15000200000000063;0,7600000000000051;-0,620002999999997;-7,430000000000007;0,09000000000000341;2,4599999999999937;1,0;0,8700000000000045;0,23000000000000398;0,5499999999999972;0,1599999999999966;-0,6699980000000068;0,5999999999999943;0,5100000000000051;4,230000000000004;0,0;-10,199996999999996;0,3199999999999932;0,09999999999999432;-0,1600040000000007;-0,019997000000003595;19,0;-0,09999799999999937;0,37000000000000455;0,730000000000004;-11,190002000000007
01.10.2018;0,04999999999999716;0,15000000000000568;-0,29000100000000373;0,39000000000000057;0,269999999999996;0,04999999999999716;0,0;0,5100000000000051;-0,5800019999999932;0,010000000000005116;-1,2200009999999963;0,6099999999999994;0,0;0,5699999999999932;0,12999999999999545;0,7600000000000051;0,6500000000000057;0,030000000000001137;0,39000000000000057;0,09000000000000341;-0,26000200000000007;-1,510002;-4,199996999999996;-0,09999799999999937;0,0;7,5;-2,0800019999999932;0,010000000000005116;-0,41999800000000675;1,1899999999999977;-0,8199999999999932;-0,019997000000003595;0,1599999999999966;0,04000000000000625;0,0;-1,4800029999999964;0,0;0,060000000000002274;-0,010002000000000066;0,6299999999999955;11,659999999999997;0,12999999999999545;0,2600000000000051;0,37000000000000455;-6,190002000000007
01.11.2018;-0,6800000000000068;0,010000000000005116;0,15000000000000568;0,06999999999999318;0,09000000000000341;-0,5100020000000001;0,3299999999999983;3,9399999999999977;1,1400000000000006;0,15000000000000568;-0,12999700000000303;0,15000000000000568;4,840000000000003;1,0400000000000063;2,239999999999995;1,4399999999999977;0,5600000000000023;-0,02999900000000366;0,45999999999999375;1,4399999999999977;0,1599999999999966;-0,22000099999999634;8,239999999999995;2,180000000000007;-6,669998000000007;4,200000000000003;-0,05999799999999311;-1,120002999999997;0,5300000000000011;2,1599999999999966;-0,26000200000000007;-0,5999979999999994;0,010000000000005116;0,0;0,0;0,3199999999999932;0,0;1,5999999999999943;0,18999999999999773;0,4099999999999966;2,9599999999999937;1,3299999999999983;0,480000000000004;-0,5999979999999994;0,0
01.12.2018;0,09000000000000341;0,3100000000000023;0,09999999999999432;0,09999999999999432;0,29000000000000625;1,4399999999999977;0,1599999999999966;1,7999999999999972;2,8700000000000045;0,2600000000000051;0,3100000000000023;0,06999999999999318;0,0;1,1599999999999966;0,5100000000000051;0,5400000000000063;0,5499999999999972;0,04999999999999716;0,20000000000000284;-0,1900020000000069;0,6400000000000006;-0,019997000000003595;11,579999999999998;0,4899999999999949;0,0;2,6500000000000057;0,5;0,769999999999996;3,030000000000001;1,2900000000000063;0,1599999999999966;-0,40000200000000063;0,29999999999999716;0,0;0,0;0,12999999999999545;2,019999999999996;0,3400000000000034;-0,4100040000000007;0,060000000000002274;20,129999999999995;0,23000000000000398;0,10999999999999943;0,0;0,0
01.01.2019;0,8900000000000006;0,0;0,6899999999999977;1,9000000000000057;0,21999999999999886;-0,3899990000000031;1,1700000000000017;2,269999999999996;0,7000000000000028;0,09999999999999432;0,5499999999999972;0,28000000000000114;0,0;-0,050003000000003794;-0,010002000000000066;0,6899999999999977;-0,010002000000000066;0,0;0,4399999999999977;1,2099999999999937;-0,04000100000000373;-0,5400010000000037;10,0;1,0699999999999932;0,0;2,480000000000004;-1,6699980000000068;0,269999999999996;1,0999999999999943;0,0;0,8599999999999994;-0,1399990000000031;0,480000000000004;0,3499999999999943;0,0;2,269999999999996;0,04000000000000625;1,3700000000000045;0,7099999999999937;0,14000000000000057;-1,5500030000000038;1,25;0,3199999999999932;-1,2300029999999964;0,0
01.02.2019;0,5600000000000023;-0,04000100000000373;0,480000000000004;0,01999999999999602;1,6700000000000017;0,9200000000000017;0,3299999999999983;2,2099999999999937;-0,0899959999999993;0,5699999999999932;2,030000000000001;1,4399999999999977;1,7999999999999972;-0,1900020000000069;-0,2300029999999964;0,45000000000000284;0,12999999999999545;0,269999999999996;0,4399999999999977;-0,15000200000000063;-0,41999800000000675;-0,5199970000000036;1,7000000000000028;-0,27999900000000366;0,0;-2,1500020000000006;-1,75;0,04999999999999716;-0,27999900000000366;0,8499999999999943;-1,5999979999999994;-0,6999969999999962;1,0999999999999943;1,3799999999999955;1,3400000000000034;6,189999999999998;7,239999999999995;0,5600000000000023;-0,22000099999999634;0,0;-6,830001999999993;0,18000000000000682;1,0600000000000023;1,9500000000000028;0,0
01.03.2019;0,4300000000000068;-0,05999799999999311;0,04000000000000625;0,0;0,0;0,37000000000000455;-0,7099989999999963;1,1500000000000057;1,6899999999999977;0,5699999999999932;0,18000000000000682;0,0799999999999983;0,0;1,0499999999999972;1,3299999999999983;1,2399999999999949;0,060000000000002274;0,480000000000004;0,5100000000000051;0,37999999999999545;1,230000000000004;-0,05999799999999311;4,159999999999997;1,2099999999999937;0,0;-0,370002999999997;-1,0699999999999932;-0,18000000000000682;-1,0599979999999931;1,1500000000000057;-1,9000020000000006;-0,019997000000003595;0,37000000000000455;0,030000000000001137;12,379999999999995;0,23999999999999488;1,0699999999999932;-0,04000100000000373;0,6700000000000017;-0,8899990000000031;-8,690002000000007;0,3299999999999983;0,28000000000000114;0,0;-2,2300029999999964
01.04.2019;-0,3199999999999932;0,5699999999999932;0,45000000000000284;0,06999999999999318;1,5799999999999983;0,519999999999996;0,18000000000000682;1,8199999999999932;-0,5500030000000038;0,3499999999999943;0,6400000000000006;2,75;0,0;0,09000000000000341;0,1599999999999966;1,2099999999999937;0,01999999999999602;0,29000000000000625;0,5100000000000051;0,20000000000000284;0,0;-0,010002000000000066;2,4099999999999966;-0,3000030000000038;0,0;-1,5899959999999993;-0,0899959999999993;0,35999999999999943;-0,20999899999999627;0,5699999999999932;0,730000000000004;0,6599999999999966;0,6599999999999966;0,0;0,0;2,3100000000000023;1,2199999999999989;0,45000000000000284;0,3299999999999983;-0,5299990000000037;-2,129997000000003;0,4200000000000017;0,519999999999996;0,23000000000000398;7,280000000000001
01.05.2019;0,45000000000000284;0,6200000000000045;0,0;0,010000000000005116;1,8199999999999932;-0,16999800000000675;0,480000000000004;1,25;1,8100000000000023;0,4300000000000068;0,3499999999999943;0,21999999999999886;0,0;1,7000000000000028;0,5999999999999943;0,29999999999999716;0,4000000000000057;0,730000000000004;0,29999999999999716;0,37000000000000455;-0,18000000000000682;2,8799999999999955;2,269999999999996;0,6899999999999977;6,909999999999997;-0,02999900000000366;0,4300000000000068;-0,7099989999999963;0,25;1,4599999999999937;-1,1600040000000007;0,20000000000000284;0,23999999999999488;0,0;0,0;0,480000000000004;0,0;0,8900000000000006;-0,1900020000000069;-0,1100009999999969;-10,220000999999996;0,5300000000000011;0,3400000000000034;0,39000000000000057;16,209999999999994
01.06.2019;-0,45999899999999627;0,20999999999999375;-0,06999999999999318;0,010000000000005116;0,23000000000000398;-0,019997000000003595;0,18999999999999773;0,9000000000000057;0,25;0,20999999999999375;0,6899999999999977;0,25;0,0;0,5;0,12999999999999545;-0,1999969999999962;0,20999999999999375;0,0;0,06999999999999318;0,010000000000005116;0,04000000000000625;-0,7699970000000036;-9,160004;1,6400000000000006;0,0;-4,620002999999997;-0,45999899999999627;0,06999999999999318;0,3499999999999943;1,2000000000000028;1,7999999999999972;0,20000000000000284;0,37999999999999545;0,0;0,0;2,989999999999995;0,0;0,5699999999999932;-0,4800029999999964;-0,3399959999999993;-9,029999000000004;0,28000000000000114;0,25;0,0;4,319999999999993
01.07.2019;0,45000000000000284;0,5999999999999943;0,4899999999999949;0,9200000000000017;1,8599999999999994;-0,1600040000000007;0,21999999999999886;1,5100000000000051;1,3100000000000023;1,2600000000000051;0,269999999999996;0,23999999999999488;0,0;1,0;0,5300000000000011;0,04000000000000625;-0,620002999999997;1,2800000000000011;-0,0899959999999993;0,06999999999999318;0,010000000000005116;-0,29000100000000373;-6,309997999999993;-0,6800000000000068;3,549999999999997;-3,9199980000000068;-1,010002;-0,5800019999999932;-0,2699970000000036;-0,12999700000000303;-1,25;0,060000000000002274;-0,3600009999999969;0,0;0,0;3,8100000000000023;0,3100000000000023;0,15000000000000568;-0,7300029999999964;0,23999999999999488;7,659999999999997;0,35999999999999943;0,45999999999999375;0,10999999999999943;-12,319999999999993
01.08.2019;0,39000000000000057;0,23000000000000398;0,5999999999999943;0,04000000000000625;0,37999999999999545;-0,20999899999999627;-0,9300000000000068;1,0100000000000051;-0,6100009999999969;0,010000000000005116;0,8900000000000006;2,1200000000000045;1,6800000000000068;0,35999999999999943;0,6099999999999994;2,3299999999999983;0,20000000000000284;0,0;0,6700000000000017;-0,5299990000000037;0,7900000000000063;0,5499999999999972;-10,709998999999996;0,060000000000002274;-0,6399990000000031;-6,559997999999993;0,5699999999999932;0,37000000000000455;0,4099999999999966;0,9500000000000028;-1,6800000000000068;-0,050003000000003794;1,3599999999999994;0,0;0,0;8,810000000000002;-5,190002000000007;0,480000000000004;-0,6100009999999969;-0,010002000000000066;8,760000000000005;0,14000000000000057;0,45999999999999375;0,28000000000000114;-1,610000999999997
01.09.2019;-0,20999899999999627;0,10999999999999943;0,45999999999999375;0,010000000000005116;0,37000000000000455;-0,0899959999999993;0,4200000000000017;0,37999999999999545;1,1400000000000006;0,6899999999999977;0,10999999999999943;0,29999999999999716;0,0;0,519999999999996;-0,1900020000000069;0,25;0,3400000000000034;0,4200000000000017;0,5999999999999943;0,6599999999999966;1,019999999999996;0,09000000000000341;-5,699996999999996;0,28000000000000114;3,030000000000001;-2,9199980000000068;0,5400000000000063;0,14000000000000057;-0,2300029999999964;0,8900000000000006;-1,3199999999999932;-0,050003000000003794;0,9000000000000057;2,4200000000000017;0,0;-10,690002000000007;0,0;0,18000000000000682;-0,5800019999999932;-0,0899959999999993;3,480000000000004;0,6899999999999977;0,04000000000000625;0,01999999999999602;-0,0899959999999993
01.10.2019;0,45000000000000284;0,25;0,8299999999999983;0,04000000000000625;0,2600000000000051;0,1700000000000017;-0,010002000000000066;3,030000000000001;-0,02999900000000366;0,060000000000002274;0,4300000000000068;0,06999999999999318;7,409999999999997;1,1400000000000006;0,7099999999999937;0,6700000000000017;1,1200000000000045;0,23999999999999488;1,0900000000000034;1,0900000000000034;0,7900000000000063;-0,05999799999999311;-0,5899959999999993;0,730000000000004;0,5400000000000063;-6,010002;1,5;0,1599999999999966;0,7099999999999937;0,5400000000000063;-1,1800000000000068;0,01999999999999602;1,3299999999999983;0,5499999999999972;0,0;-2,7300029999999964;-0,050003000000003794;0,5;0,25;-0,2300029999999964;-0,7799990000000037;-0,1399990000000031;0,5;-1,0299990000000037;1,3799999999999955
01.11.2019;-0,1600040000000007;1,0499999999999972;0,5799999999999983;0,0;0,0;0,7900000000000063;-0,2699970000000036;0,8100000000000023;0,6299999999999955;-0,2699970000000036;0,7399999999999949;2,200000000000003;1,6299999999999955;0,9500000000000028;1,730000000000004;-0,6500020000000006;0,5999999999999943;1,9699999999999989;0,5999999999999943;0,35999999999999943;0,37999999999999545;-0,08000199999999325;3,2900000000000063;0,01999999999999602;-7,680000000000007;-6,800003000000004;-0,1999969999999962;0,10999999999999943;0,25;0,5799999999999983;1,3400000000000034;0,8100000000000023;0,8499999999999943;0,010000000000005116;0,0;-2,569999999999993;-0,48999799999999993;0,12000000000000455;0,15000000000000568;-0,379997000000003;2,680000000000007;0,18000000000000682;0,37000000000000455;-0,08000199999999325;25,159999999999997
01.12.2019;0,1599999999999966;0,04999999999999716;0,37000000000000455;-0,010002000000000066;0,0;-0,870002999999997;-0,09999799999999937;-2,139999000000003;0,12000000000000455;-0,06999999999999318;1,6299999999999955;0,0;0,0;0,7099999999999937;0,269999999999996;-0,1900020000000069;0,28000000000000114;0,0;0,5499999999999972;0,8700000000000045;-0,5;0,0;9,0;1,5;0,0;-10,910004;-0,879997000000003;-0,02999900000000366;-0,4300000000000068;1,2000000000000028;-4,0;0,06999999999999318;0,46999999999999886;0,0;1,9200000000000017;1,2199999999999989;0,0;0,29999999999999716;0,5799999999999983;-1,260002;11,849999999999994;-0,12999700000000303;-0,019997000000003595;-0,04000100000000373;-9,629997000000003
01.01.2020;0,9099999999999966;0,01999999999999602;0,28000000000000114;-0,370002999999997;-1,4499969999999962;-0,370002999999997;0,20000000000000284;-0,47000099999999634;-0,8300019999999932;-0,1999969999999962;0,6400000000000006;0,14000000000000057;0,0;1,7800000000000011;0,6200000000000045;-0,16999800000000675;0,3299999999999983;0,0;0,45000000000000284;0,8100000000000023;-0,15000200000000063;0,480000000000004;8,560000000000002;0,01999999999999602;0,9599999999999937;0,15000000000000568;-0,7799990000000037;0,14000000000000057;0,7999999999999972;0,9000000000000057;-2,699996999999996;-0,12999700000000303;0,28000000000000114;0,0;0,0;-1,8300019999999932;0,01999999999999602;0,9899999999999949;0,9000000000000057;-0,1100009999999969;-5,760002;0,8199999999999932;0,21999999999999886;0,6899999999999977;-9,790001000000004
01.02.2020;0,7000000000000028;0,14000000000000057;0,3499999999999943;0,0;-0,08000199999999325;1,1599999999999966;1,019999999999996;1,6099999999999994;0,01999999999999602;-0,019997000000003595;0,18999999999999773;0,10999999999999943;0,030000000000001137;1,5499999999999972;-0,8300019999999932;-0,019997000000003595;-0,7399979999999999;0,0;0,2600000000000051;-0,04000100000000373;0,0799999999999983;0,18000000000000682;1,5400000000000063;0,8400000000000034;1,6400000000000006;-0,6900020000000069;-1,5299990000000037;0,23000000000000398;0,6400000000000006;0,4300000000000068;-0,5800019999999932;-0,16999800000000675;0,519999999999996;1,1200000000000045;3,8400000000000034;-0,08000199999999325;2,1400000000000006;-0,5;0,39000000000000057;0,3299999999999983;-8,180000000000007;0,9000000000000057;0,5699999999999932;1,3599999999999994;8,349999999999994
01.03.2020;0,3299999999999983;0,15000000000000568;-0,1100009999999969;0,010000000000005116;5,75;0,7199999999999989;-0,12000299999999697;3,75;0,5499999999999972;0,01999999999999602;-0,1100009999999969;0,6400000000000006;0,0;1,1700000000000017;-0,9700009999999963;1,1500000000000057;-1,3000030000000038;0,8299999999999983;0,20000000000000284;0,09999999999999432;3,6099999999999994;0,3199999999999932;3,1500000000000057;1,4899999999999949;7,670000000000002;9,86;-0,5;0,25;0,060000000000002274;1,0900000000000034;1,019999999999996;-0,4100040000000007;-0,27999900000000366;0,0;0,0;-0,9100040000000007;0,0;0,480000000000004;1,0;3,4399999999999977;1,4300000000000068;1,4599999999999937;0,09999999999999432;-1,110000999999997;0,0
01.04.2020;0,1599999999999966;0,01999999999999602;0,20000000000000284;0,0;0,519999999999996;-0,0899959999999993;-0,04000100000000373;5,260000000000005;1,6099999999999994;0,0799999999999983;2,530000000000001;0,0;0,0;0,5600000000000023;1,7399999999999949;0,7900000000000063;-0,9800029999999964;0,0;-0,3099979999999931;0,5999999999999943;1,1400000000000006;0,0;12,579999999999998;0,5400000000000063;0,0;9,219999999999999;0,39000000000000057;0,010000000000005116;-0,29000100000000373;0,18000000000000682;5,519999999999996;-0,629997000000003;0,09999999999999432;0,0;0,0;2,8499999999999943;0,0;0,3400000000000034;1,3799999999999955;-0,8399959999999993;13,290000000000006;0,9300000000000068;1,0900000000000034;-0,5899959999999993;0,0
01.05.2020;0,269999999999996;0,3199999999999932;0,4099999999999966;0,01999999999999602;0,0;0,980000000000004;0,37000000000000455;3,480000000000004;-1,1900020000000069;0,060000000000002274;2,6599999999999966;0,6299999999999955;0,0;-0,26000200000000007;0,9000000000000057;-1,4000020000000006;0,4200000000000017;0,0;0,39000000000000057;0,5499999999999972;0,5499999999999972;-0,050003000000003794;-1,989998;0,20999999999999375;0,0;1,5300000000000011;-0,02999900000000366;0,21999999999999886;1,480000000000004;-0,019997000000003595;0,9599999999999937;-0,33000199999999325;-0,050003000000003794;0,0;0,0;1,7600000000000051;0,15000000000000568;0,7900000000000063;1,9099999999999966;-0,34999799999999937;-5,709998999999996;1,5100000000000051;1,0499999999999972;-0,370002999999997;0,0
01.06.2020;-0,05999799999999311;0,18999999999999773;0,20000000000000284;-0,019997000000003595;0,1599999999999966;0,769999999999996;-0,879997000000003;1,4000000000000057;0,269999999999996;0,12000000000000455;-0,08000199999999325;0,06999999999999318;0,0;0,10999999999999943;0,5;0,5799999999999983;0,25;0,0;0,10999999999999943;0,14000000000000057;1,3599999999999994;0,15000000000000568;-5,650002000000001;1,519999999999996;0,0;-0,48999799999999993;1,4000000000000057;0,20999999999999375;0,45000000000000284;-0,1900020000000069;-1,7799990000000037;3,3799999999999955;0,04000000000000625;0,0;0,0;-0,9000020000000006;0,0;1,7900000000000063;1,730000000000004;-0,1600040000000007;-7,410004000000001;0,37999999999999545;0,9599999999999937;-0,06999999999999318;0,0
01.07.2020;0,480000000000004;0,29999999999999716;0,1700000000000017;1,3199999999999932;0,5;0,3100000000000023;0,2600000000000051;-0,1900020000000069;0,7600000000000051;0,3499999999999943;-0,9800029999999964;0,12999999999999545;0,0;-0,5599979999999931;2,3799999999999955;0,15000000000000568;-0,3399959999999993;0,7199999999999989;0,01999999999999602;0,3100000000000023;-0,6100009999999969;0,5100000000000051;-8,010002;0,7399999999999949;-4,449996999999996;1,1700000000000017;-0,23999799999999993;0,45000000000000284;0,6099999999999994;0,12000000000000455;-0,29000100000000373;1,3199999999999932;0,2600000000000051;0,0;0,0;1,2099999999999937;0,0;0,519999999999996;0,5999999999999943;0,4399999999999977;1,1200000000000045;0,4899999999999949;0,3400000000000034;-2,699996999999996;0,0
01.08.2020;0,25;0,14000000000000057;0,769999999999996;0,7000000000000028;0,480000000000004;0,29999999999999716;-0,08000199999999325;-0,22000099999999634;-0,3399959999999993;0,060000000000002274;0,519999999999996;0,0;0,0;-1,760002;1,3499999999999943;1,0799999999999983;0,6400000000000006;-0,3199999999999932;0,39000000000000057;0,18999999999999773;0,06999999999999318;0,9500000000000028;-5,139999000000003;0,5799999999999983;0,0;0,9399999999999977;0,730000000000004;0,37000000000000455;-0,02999900000000366;0,5699999999999932;1,7800000000000011;-0,41999800000000675;0,20000000000000284;0,0;0,0;6,200000000000003;-0,8600009999999969;0,37000000000000455;-0,18000000000000682;0,6599999999999966;-3,8399959999999993;0,4099999999999966;0,46999999999999886;0,21999999999999886;0,0
01.09.2020;0,18999999999999773;-0,019997000000003595;0,5300000000000011;-0,010002000000000066;-0,8199999999999932;0,4300000000000068;-0,04000100000000373;-0,1999969999999962;0,6800000000000068;0,37000000000000455;1,9899999999999949;0,23000000000000398;0,0;0,4300000000000068;0,23999999999999488;0,5600000000000023;0,6400000000000006;0,9699999999999989;0,6599999999999966;0,010000000000005116;0,030000000000001137;0,14000000000000057;-4,989998;-0,2300029999999964;4,140000000000001;16,03;2,200000000000003;0,28000000000000114;-0,3399959999999993;1,7000000000000028;3,450000000000003;0,6200000000000045;1,1099999999999994;0,060000000000002274;0,0;-6,790001000000004;0,5400000000000063;-0,22000099999999634;0,01999999999999602;0,35999999999999943;1,4699999999999989;0,23000000000000398;0,4200000000000017;0,8400000000000034;0,0
01.10.2020;0,12000000000000455;0,030000000000001137;0,23000000000000398;0,0;0,4099999999999966;0,6500000000000057;-0,3000030000000038;0,04999999999999716;2,8700000000000045;0,37999999999999545;1,9500000000000028;0,5300000000000011;0,14000000000000057;0,46999999999999886;-0,5500030000000038;-0,2300029999999964;0,4899999999999949;-0,5599979999999931;0,5900000000000034;0,480000000000004;-0,3000030000000038;0,0;0,4000000000000057;0,18999999999999773;0,0;22,200000000000003;0,4399999999999977;0,4399999999999977;-0,27999900000000366;0,7999999999999972;-2,7699970000000036;0,09999999999999432;0,6400000000000006;0,25;0,0;-2,0;0,0;0,0799999999999983;0,5;-0,12999700000000303;6,340000000000003;0,18999999999999773;0,4000000000000057;0,29000000000000625;0,0
01.11.2020;0,7099999999999937;0,4000000000000057;0,5100000000000051;0,04000000000000625;1,0999999999999943;0,4300000000000068;0,29999999999999716;0,6400000000000006;3,75;0,480000000000004;2,4200000000000017;0,35999999999999943;0,0;0,01999999999999602;0,3499999999999943;-0,09999799999999937;0,3100000000000023;0,5300000000000011;0,5999999999999943;0,9200000000000017;0,18000000000000682;0,0;6,019999999999996;0,04999999999999716;-6,669998000000007;8,769999999999996;0,030000000000001137;0,20000000000000284;0,010000000000005116;0,7000000000000028;-0,20999899999999627;-0,1999969999999962;0,6099999999999994;0,0;0,0;-1,3300019999999932;0,0;1,2800000000000011;0,28000000000000114;-0,27999900000000366;7,780000000000001;0,9300000000000068;0,09000000000000341;0,3499999999999943;0,0
01.12.2020;0,06999999999999318;0,2600000000000051;0,3400000000000034;0,010000000000005116;0,6700000000000017;0,9500000000000028;-0,010002000000000066;1,1899999999999977;1,6700000000000017;0,8299999999999983;1,5400000000000063;0,3199999999999932;0,4899999999999949;-0,3199999999999932;0,23999999999999488;0,030000000000001137;0,23999999999999488;0,45000000000000284;0,4099999999999966;0,480000000000004;2,769999999999996;0,030000000000001137;11,150000000000006;0,5300000000000011;-0,870002999999997;-6,239998;-0,22000099999999634;0,45999999999999375;-0,3600009999999969;0,010000000000005116;0,18999999999999773;-0,1999969999999962;0,4200000000000017;0,0;0,0;2,280000000000001;-2,5999979999999994;1,2399999999999949;0,7600000000000051;0,8199999999999932;18,650000000000006;1,0999999999999943;0,15000000000000568;0,9399999999999977;0,0
01.01.2021;0,8599999999999994;0,09000000000000341;0,37999999999999545;-0,5999979999999994;0,06999999999999318;0,7000000000000028;0,29999999999999716;1,0300000000000011;0,75;0,5400000000000063;0,6200000000000045;0,030000000000001137;0,0;0,6899999999999977;0,3199999999999932;0,39000000000000057;0,3499999999999943;0,46999999999999886;0,37999999999999545;0,6200000000000045;0,6599999999999966;-0,23999799999999993;5,950000000000003;0,6800000000000068;3,700000000000003;-1,25;-0,33000199999999325;0,12999999999999545;0,5799999999999983;0,0;-1,25;-0,019997000000003595;0,35999999999999943;0,06999999999999318;0,0;-2,489998;1,3400000000000034;0,7900000000000063;0,7099999999999937;-0,15000200000000063;0,4300000000000068;0,7600000000000051;0,3199999999999932;1,1299999999999955;1,9899999999999949
01.02.2021;0,5699999999999932;0,12000000000000455;0,0799999999999983;0,09000000000000341;1,6800000000000068;0,9599999999999937;0,04000000000000625;2,6400000000000006;-0,08000199999999325;0,269999999999996;-0,5100020000000001;0,29999999999999716;0,0;0,8799999999999955;0,9399999999999977;0,8199999999999932;0,3400000000000034;0,12000000000000455;0,5300000000000011;0,730000000000004;1,1200000000000045;-0,05999799999999311;6,349999999999994;0,23999999999999488;3,6400000000000006;-2,569999999999993;0,6800000000000068;0,29000000000000625;0,4099999999999966;1,5699999999999932;1,8199999999999932;1,519999999999996;0,35999999999999943;0,0;0,0;4,3799999999999955;0,5300000000000011;0,8299999999999983;0,5;0,06999999999999318;0,9300000000000068;1,1500000000000057;0,5100000000000051;0,15000000000000568;6,290000000000006
01.03.2021;0,12000000000000455;0,1599999999999966;0,4399999999999977;0,0;0,9399999999999977;0,35999999999999943;-0,6600040000000007;0,980000000000004;1,1599999999999966;0,9300000000000068;0,01999999999999602;-0,47000099999999634;0,0;1,0400000000000063;1,1800000000000068;4,859999999999999;0,2600000000000051;0,1599999999999966;0,4000000000000057;0,7099999999999937;-0,6800000000000068;1,1700000000000017;3,030000000000001;0,8299999999999983;10,61;0,9899999999999949;0,7800000000000011;0,14000000000000057;0,18000000000000682;1,5600000000000023;0,28000000000000114;2,1200000000000045;0,7600000000000051;0,0;0,0;0,9000000000000057;0,6299999999999955;0,3100000000000023;0,3100000000000023;0,7000000000000028;2,4599999999999937;1,5799999999999983;0,5799999999999983;-0,9700009999999963;10,5
01.04.2021;0,14000000000000057;0,5499999999999972;0,5999999999999943;-0,3199999999999932;0,6200000000000045;0,5699999999999932;0,21999999999999886;1,1400000000000006;0,6099999999999994;0,8499999999999943;0,35999999999999943;0,3199999999999932;0,0;0,7999999999999972;0,9899999999999949;1,3599999999999994;0,4200000000000017;0,29000000000000625;0,45000000000000284;0,4300000000000068;-0,4400020000000069;0,480000000000004;2,930000000000007;1,25;0,0;2,780000000000001;-0,04000100000000373;0,25;0,5499999999999972;0,9599999999999937;3,719999999999999;0,4099999999999966;0,46999999999999886;0,9200000000000017;0,519999999999996;6,489999999999995;0,2600000000000051;0,6299999999999955;1,0300000000000011;0,010000000000005116;5,8700000000000045;0,8599999999999994;0,4000000000000057;0,28000000000000114;-1,6800000000000068
01.05.2021;0,14000000000000057;0,20999999999999375;0,6700000000000017;0,060000000000002274;0,5100000000000051;0,8100000000000023;0,6299999999999955;0,730000000000004;1,2099999999999937;1,6599999999999966;0,04999999999999716;0,09999999999999432;0,0;0,3299999999999983;1,2399999999999949;0,6800000000000068;0,23999999999999488;0,6400000000000006;0,12999999999999545;0,5799999999999983;0,6099999999999994;0,20000000000000284;0,37999999999999545;0,6299999999999955;-4,209998999999996;1,2199999999999989;-0,20999899999999627;0,8700000000000045;0,5999999999999943;1,0999999999999943;2,430000000000007;-0,16999800000000675;0,4000000000000057;0,0;0,0;1,2800000000000011;0,0;0,1700000000000017;1,0600000000000023;0,75;-8,949996999999996;1,2199999999999989;0,7999999999999972;2,75;-7,839995999999999
01.06.2021;0,29000000000000625;0,37999999999999545;0,28000000000000114;0,0;0,45000000000000284;0,8900000000000006;0,3400000000000034;-0,15000200000000063;0,5100000000000051;1,3400000000000034;-0,06999999999999318;0,04000000000000625;0,0;0,01999999999999602;-0,5699999999999932;0,09999999999999432;0,4300000000000068;0,0;0,4000000000000057;0,7900000000000063;0,8700000000000045;0,18999999999999773;3,1500000000000057;0,5400000000000063;1,8700000000000045;0,6700000000000017;-1,0699999999999932;2,280000000000001;0,6800000000000068;0,0;-2,319999999999993;0,45000000000000284;0,3299999999999983;0,0799999999999983;0,0;0,35999999999999943;0,3100000000000023;0,269999999999996;-0,5800019999999932;-0,0899959999999993;-11,150002;0,9599999999999937;0,519999999999996;0,3400000000000034;14,280000000000001
01.07.2021;-0,019997000000003595;0,6800000000000068;0,20000000000000284;3,719999999999999;-0,6800000000000068;-0,3099979999999931;0,20999999999999375;0,37000000000000455;0,18999999999999773;1,1200000000000045;0,39000000000000057;0,01999999999999602;0,0;-0,3000030000000038;-0,5999979999999994;0,28000000000000114;-0,33000199999999325;0,46999999999999886;0,45000000000000284;-2,569999999999993;0,010000000000005116;0,7000000000000028;-5,819999999999993;0,6800000000000068;0,0;0,01999999999999602;-1,620002999999997;6,790000000000006;1,3499999999999943;4,359999999999999;3,3499999999999943;2,1899999999999977;0,4399999999999977;0,519999999999996;0,0;2,819999999999993;-0,1600040000000007;0,20000000000000284;0,21999999999999886;-0,48999799999999993;-5,779999000000004;0,5600000000000023;0,1700000000000017;-1,1900020000000069;-7,819999999999993
01.08.2021;-1,2200009999999963;0,29999999999999716;0,980000000000004;0,45999999999999375;0,45000000000000284;0,030000000000001137;0,23000000000000398;-0,3099979999999931;-0,1399990000000031;0,75;-0,620002999999997;0,0799999999999983;0,0;-1,6500020000000006;-4,470000999999996;0,9699999999999989;0,4099999999999966;1,0600000000000023;0,9399999999999977;0,15000000000000568;0,12999999999999545;1,3299999999999983;-8,010002;-0,4400020000000069;0,0;0,29000000000000625;0,519999999999996;6,049999999999997;-0,34999799999999937;5,680000000000007;-3,9100040000000007;5,219999999999999;0,7600000000000051;0,0;0,0;9,719999999999999;0,0;0,39000000000000057;-2,510002;-1,5899959999999993;-2,8499979999999994;-1,9199980000000068;0,28000000000000114;0,25;3,5999999999999943
01.09.2021;-0,4499969999999962;0,4899999999999949;1,0799999999999983;0,1700000000000017;-1,120002999999997;-2,2900010000000037;1,9500000000000028;-0,5400010000000037;0,06999999999999318;0,5999999999999943;0,6200000000000045;0,060000000000002274;0,0;0,7600000000000051;-0,7200009999999963;3,2099999999999937;0,6700000000000017;1,8700000000000045;0,9699999999999989;1,9599999999999937;0,14000000000000057;0,4899999999999949;6,140000000000001;1,3199999999999932;2,469999999999999;1,4000000000000057;0,25;1,5;-0,1900020000000069;0,9200000000000017;3,5600000000000023;-0,20999899999999627;0,8400000000000034;1,8700000000000045;0,0;-11,800003000000004;0,0;-0,4400020000000069;-2,489998;0,09999999999999432;8,420000000000002;1,1800000000000068;0,4000000000000057;0,01999999999999602;1,019999999999996
01.10.2021;0,9200000000000017;0,269999999999996;0,5400000000000063;0,06999999999999318;1,6800000000000068;-0,5400010000000037;0,4399999999999977;2,510000000000005;0,6200000000000045;0,8900000000000006;1,1099999999999994;0,030000000000001137;1,7900000000000063;1,519999999999996;0,7099999999999937;1,480000000000004;0,6899999999999977;0,5300000000000011;1,0499999999999972;0,9099999999999966;1,2000000000000028;0,09000000000000341;5,689999999999998;-0,4100040000000007;0,0;2,469999999999999;0,010000000000005116;1,8199999999999932;1,2099999999999937;0,3499999999999943;-1,75;0,04999999999999716;1,1200000000000045;0,20000000000000284;0,0;2,8299999999999983;0,25;1,9899999999999949;0,4300000000000068;0,7399999999999949;12,790000000000006;-1,0299990000000037;0,010000000000005116;0,5400000000000063;-10,300003000000004
01.11.2021;-0,3199999999999932;0,5400000000000063;0,29000000000000625;0,0;-0,20999899999999627;3,049999999999997;1,6800000000000068;2,0600000000000023;1,1099999999999994;0,9599999999999937;-0,45999899999999627;0,01999999999999602;2,3700000000000045;2,1899999999999977;1,2199999999999989;0,9000000000000057;0,09000000000000341;0,5100000000000051;0,23000000000000398;-1,0;-1,389999000000003;0,6299999999999955;1,4200000000000017;1,8499999999999943;-4,209998999999996;2,930000000000007;1,2900000000000063;0,519999999999996;0,4899999999999949;0,9599999999999937;0,6200000000000045;-0,5;1,2099999999999937;0,25;0,0;-1,5;1,6099999999999994;0,4899999999999949;2,1400000000000006;-1,0800019999999932;5,299999999999997;2,2900000000000063;0,3299999999999983;0,6400000000000006;14,579999999999998
01.12.2021;-1,0800019999999932;1,6599999999999966;0,7199999999999989;0,12000000000000455;0,7399999999999949;-1,0;2,430000000000007;2,7099999999999937;0,8900000000000006;1,7399999999999949;0,6200000000000045;0,3499999999999943;0,5699999999999932;-0,9000020000000006;-0,6100009999999969;-0,010002000000000066;-0,05999799999999311;0,0;0,010000000000005116;-2,6699980000000068;1,2600000000000051;0,09000000000000341;2,3499999999999943;0,5;0,0;1,2399999999999949;-1,889999000000003;0,29000000000000625;0,1700000000000017;0,0;4,090000000000003;-0,3000030000000038;0,5300000000000011;0,0;0,0;2,3100000000000023;0,35999999999999943;-0,019997000000003595;-3,809997999999993;-0,379997000000003;5,769999999999996;0,37000000000000455;0,4899999999999949;0,75;-12,309997999999993
01.01.2022;0,7199999999999989;0,3400000000000034;0,23999999999999488;0,060000000000002274;0,4899999999999949;1,3100000000000023;2,0;2,780000000000001;3,010000000000005;0,29999999999999716;0,15000000000000568;0,0;0,0;2,25;2,1500000000000057;1,0600000000000023;0,29000000000000625;-0,20999899999999627;0,010000000000005116;2,2099999999999937;-1,1699980000000068;0,10999999999999943;7,650000000000006;1,0100000000000051;1,2800000000000011;2,5400000000000063;-1,6800000000000068;0,21999999999999886;2,25;0,29999999999999716;4,150000000000006;0,04000000000000625;0,5300000000000011;0,3299999999999983;0,0;-0,7799990000000037;0,0;-0,5;-0,22000099999999634;0,6099999999999994;-6,639999000000003;2,730000000000004;1,1800000000000068;1,6899999999999977;5,579999999999998
01.02.2022;1,0;0,45999999999999375;-0,04000100000000373;0,01999999999999602;2,569999999999993;2,5999999999999943;2,230000000000004;0,6899999999999977;1,2600000000000051;0,20000000000000284;1,1500000000000057;1,25;0,0;1,0999999999999943;0,7399999999999949;0,29000000000000625;0,4300000000000068;2,280000000000001;-0,1999969999999962;-0,41999800000000675;3,6700000000000017;0,3199999999999932;3,3700000000000045;0,4300000000000068;3,4599999999999937;1,3100000000000023;-0,4499969999999962;0,060000000000002274;0,04999999999999716;0,0;-0,45999899999999627;0,06999999999999318;0,5;0,8100000000000023;0,0;1,25;0,0;2,780000000000001;2,219999999999999;2,8700000000000045;-1,0299990000000037;1,769999999999996;1,4200000000000017;2,549999999999997;9,959999999999994
01.03.2022;-0,8099979999999931;0,46999999999999886;3,930000000000007;-0,5400010000000037;6,819999999999993;7,540000000000006;12,260000000000005;5,1299999999999955;7,209999999999994;7,959999999999994;7,579999999999998;0,7000000000000028;0,6200000000000045;6,159999999999997;16,730000000000004;2,480000000000004;3,2900000000000063;0,7199999999999989;2,719999999999999;14,920000000000002;24,430000000000007;0,23000000000000398;16,64;3,239999999999995;1,9500000000000028;34,110000000000014;28,830000000000013;1,7900000000000063;5,819999999999993;1,0499999999999972;19,47;-1,7200009999999963;3,1400000000000006;0,0;0,0;2,3100000000000023;-1,6900020000000069;3,450000000000003;8,090000000000003;25,97;2,1200000000000045;6,400000000000006;5,859999999999999;14,75;50,03998999999999
01.04.2022;1,3700000000000045;1,5999999999999943;4,560000000000002;0,0;9,659999999999997;7,480000000000004;5,780000000000001;6,969999999999999;6,359999999999999;4,340000000000003;0,9599999999999937;1,269999999999996;0,0;8,030000000000001;14,849999999999994;3,6200000000000045;0,7099999999999937;10,290000000000006;1,4000000000000057;7,170000000000002;-9,919998000000007;0,5400000000000063;3,9000000000000057;3,549999999999997;0,0;4,790000000000006;-8,0;3,9399999999999977;6,790000000000006;1,1599999999999966;-13,220000999999996;-0,6100009999999969;1,4399999999999977;0,5300000000000011;0,0;3,519999999999996;0,0;7,569999999999993;14,909999999999997;-7,5;-2,800003000000004;6,689999999999998;3,489999999999995;6,269999999999996;-7,720000999999996
01.05.2022;3,3599999999999994;1,8799999999999955;2,3100000000000023;0,12999999999999545;-0,5999979999999994;2,280000000000001;0,6599999999999966;3,3499999999999943;3,1500000000000057;-0,47000099999999634;1,2999999999999972;1,0900000000000034;0,0;1,2999999999999972;6,659999999999997;1,2600000000000051;0,5900000000000034;0,18999999999999773;0,6800000000000068;5,819999999999993;-4,580001999999993;1,6500000000000057;-4,639999000000003;2,730000000000004;-3,489998;-0,870002999999997;-4,919998000000007;0,6500000000000057;2,549999999999997;1,1200000000000045;-5,360000999999997;-0,7200009999999963;0,10999999999999943;0,0;0,9699999999999989;1,3499999999999943;4,719999999999999;1,0999999999999943;1,8700000000000045;2,489999999999995;-28,809997999999993;1,519999999999996;1,9000000000000057;-3,739998;-4,739998
01.06.2022;-0,15000200000000063;0,7800000000000011;1,6599999999999966;0,0;1,1800000000000068;0,8700000000000045;-0,2300029999999964;0,6800000000000068;-0,5599979999999931;-0,629997000000003;-0,18000000000000682;0,14000000000000057;0,0;0,8499999999999943;-0,1600040000000007;0,010000000000005116;-0,050003000000003794;0,9399999999999977;-0,1100009999999969;5,010000000000005;-1,4100040000000007;0,8299999999999983;-11,050003000000004;1,4300000000000068;1,6299999999999955;-7,660004000000001;-1,760002;-0,5699999999999932;0,1599999999999966;0,0;1,7099999999999937;-0,09999799999999937;-0,5;0,0;0,0;0,9399999999999977;1,6200000000000045;0,9000000000000057;1,5799999999999983;-1,1500020000000006;6,409999999999997;-0,379997000000003;-0,2300029999999964;-4,269997000000004;2,530000000000001
01.07.2022;1,3499999999999943;1,2600000000000051;0,18000000000000682;3,280000000000001;1,6700000000000017;1,0999999999999943;1,5300000000000011;-3,639999000000003;-0,9000020000000006;-1,989998;-0,8600009999999969;1,8900000000000006;0,0;-2,949996999999996;-3,5199970000000036;-0,9800029999999964;0,0799999999999983;0,0;0,3400000000000034;-1,379997000000003;0,45000000000000284;0,7199999999999989;-13,900002;1,980000000000004;0,0;-1,5599979999999931;-0,05999799999999311;2,980000000000004;-0,4300000000000068;0,4200000000000017;-0,9400020000000069;-0,40000200000000063;0,4399999999999977;0,12000000000000455;0,0;11,510000000000005;1,8100000000000023;0,5100000000000051;-3,2200009999999963;-3,4800029999999964;-3,690002000000007;0,18999999999999773;-0,6500020000000006;-0,9300000000000068;-3,550003000000004
01.08.2022;-0,5100020000000001;0,4200000000000017;1,4099999999999966;0,20999999999999375;0,06999999999999318;-0,05999799999999311;0,04999999999999716;-0,7799990000000037;-0,8099979999999931;0,06999999999999318;-0,370002999999997;0,4899999999999949;0,0;-0,02999900000000366;1,519999999999996;0,2600000000000051;0,5600000000000023;1,4000000000000057;1,4099999999999966;-0,16999800000000675;-0,7399979999999999;1,9399999999999977;-11,300003000000004;-0,7099989999999963;0,0;2,200000000000003;-1,620002999999997;-0,870002999999997;-0,870002999999997;0,18999999999999773;0,9599999999999937;0,12999999999999545;0,8599999999999994;0,6299999999999955;0,0;-6,839995999999999;-0,1399990000000031;0,12999999999999545;-1,5400010000000037;1,0100000000000051;3,0600000000000023;1,0499999999999972;0,5600000000000023;-0,3600009999999969;-6,480002999999996
01.09.2022;1,4000000000000057;0,37999999999999545;0,3299999999999983;0,37999999999999545;-0,23999799999999993;-0,4499969999999962;0,29000000000000625;-1,6500020000000006;-0,18000000000000682;-0,12000299999999697;0,9099999999999966;0,20000000000000284;0,980000000000004;0,5900000000000034;2,4599999999999937;1,269999999999996;1,5100000000000051;0,09999999999999432;1,2999999999999972;-0,1900020000000069;1,8499999999999943;0,7600000000000051;-2,4599989999999963;0,09000000000000341;1,9500000000000028;-7,949996999999996;1,5799999999999983;0,01999999999999602;0,04000000000000625;0,9899999999999949;-1,6600040000000007;0,8799999999999955;1,2199999999999989;1,3299999999999983;0,0;-2,7099989999999963;0,0;0,45000000000000284;-0,879997000000003;0,730000000000004;14,719999999999999;-0,8300019999999932;1,1500000000000057;1,3599999999999994;4,760000000000005
01.10.2022;-0,5;1,75;0,6599999999999966;0,04000000000000625;-2,2799990000000037;0,5999999999999943;1,6099999999999994;-2,0999979999999994;1,1099999999999994;1,0100000000000051;0,1599999999999966;0,15000000000000568;1,4300000000000068;1,1800000000000068;-0,3399959999999993;0,7000000000000028;0,7099999999999937;0,6700000000000017;0,980000000000004;1,1099999999999994;-2,690002000000007;1,6200000000000045;2,760000000000005;0,39000000000000057;0,0;-2,9199980000000068;-0,3199999999999932;-0,08000199999999325;2,1200000000000045;2,5999999999999943;3,230000000000004;0,1700000000000017;1,0699999999999932;0,0;0,0;-2,3499979999999994;2,1099999999999994;-0,12999700000000303;-0,5299990000000037;-1,110000999999997;8,489999999999995;0,3299999999999983;0,980000000000004;1,9200000000000017;0,7600000000000051
01.11.2022;0,5699999999999932;0,7399999999999949;0,9000000000000057;0,010000000000005116;0,18000000000000682;0,15000000000000568;0,25;-1,1999969999999962;-2,010002;-0,1999969999999962;0,20999999999999375;1,1899999999999977;1,1899999999999977;1,0400000000000063;-1,3499979999999994;-1,0699999999999932;0,4399999999999977;1,7199999999999989;0,7900000000000063;1,8299999999999983;0,4300000000000068;0,3199999999999932;4,060000000000002;0,15000000000000568;-3,489998;-6,440002000000007;-0,1600040000000007;-0,12999700000000303;-0,1100009999999969;0,0;0,030000000000001137;-0,27999900000000366;0,5999999999999943;0,23999999999999488;0,0;1,5600000000000023;-0,9800029999999964;0,060000000000002274;1,6700000000000017;0,20000000000000284;-1,5500030000000038;-0,4300000000000068;0,4300000000000068;0,09000000000000341;20,180000000000007
01.12.2022;-0,879997000000003;0,18999999999999773;-0,05999799999999311;5,819999999999993;-0,629997000000003;-0,6699980000000068;-0,15000200000000063;-0,7200009999999963;-1,0899959999999993;0,45999999999999375;0,8599999999999994;0,4099999999999966;0,0;-0,45999899999999627;-0,4300000000000068;-0,15000200000000063;-0,870002999999997;0,1700000000000017;-0,379997000000003;-0,05999799999999311;-2,050003000000004;0,8900000000000006;5,280000000000001;0,45999999999999375;0,0;-5,029999000000004;-2,5;0,18000000000000682;1,730000000000004;1,0;-2,120002999999997;0,3499999999999943;0,39000000000000057;0,0;0,0;-0,3600009999999969;0,5100000000000051;-0,06999999999999318;-1,360000999999997;-1,4000020000000006;0,8799999999999955;-2,0400010000000037;0,4200000000000017;0,5400000000000063;-10,330001999999993
01.01.2023;0,6299999999999955;0,5799999999999983;0,18999999999999773;1,5100000000000051;0,20000000000000284;0,6700000000000017;-0,010002000000000066;-1,489998;-0,9599989999999963;0,4300000000000068;0,2600000000000051;1,0999999999999943;0,0;-0,3099979999999931;-1,870002999999997;0,3199999999999932;-0,04000100000000373;0,0;0,28000000000000114;1,2999999999999972;-1,1500020000000006;1,3100000000000023;11,540000000000006;0,060000000000002274;18,14;1,0699999999999932;2,260000000000005;0,5300000000000011;0,4200000000000017;0,269999999999996;-0,5400010000000037;-0,3399959999999993;0,269999999999996;1,1400000000000006;0,0;3,1599999999999966;0,0;-1,25;-0,4400020000000069;0,6700000000000017;1,0400000000000063;2,239999999999995;1,4000000000000057;0,7900000000000063;17,189999999999998
01.02.2023;1,0999999999999943;0,3400000000000034;0,3199999999999932;0,01999999999999602;-0,05999799999999311;0,12999999999999545;1,3700000000000045;-2,139999000000003;1,0400000000000063;-0,6699980000000068;0,8700000000000045;1,4300000000000068;0,0;-0,7600020000000001;-0,27999900000000366;-0,06999999999999318;0,4200000000000017;0,37000000000000455;0,6599999999999966;0,3199999999999932;-0,45999899999999627;0,480000000000004;11,11;-0,45999899999999627;5,680000000000007;3,6500000000000057;-5,040001000000004;0,6099999999999994;0,8299999999999983;0,7399999999999949;-3,9000020000000006;-0,5899959999999993;0,3400000000000034;0,0;0,0;0,20000000000000284;1,1700000000000017;0,6400000000000006;-2,069999999999993;0,6899999999999977;5,609999999999999;-0,05999799999999311;0,2600000000000051;-0,06999999999999318;2,3100000000000023
01.03.2023;0,8299999999999983;1,3100000000000023;0,15000000000000568;0,04000000000000625;1,0300000000000011;-1,7799990000000037;0,6700000000000017;-0,5299990000000037;0,6700000000000017;-0,7399979999999999;0,09000000000000341;-0,18000000000000682;0,0;0,9300000000000068;-0,6800000000000068;0,28000000000000114;0,37999999999999545;0,269999999999996;0,6500000000000057;0,5799999999999983;2,219999999999999;1,0;0,269999999999996;1,0600000000000023;2,5999999999999943;4,400000000000006;-1,489998;0,060000000000002274;0,7900000000000063;0,730000000000004;-7,300003000000004;0,010000000000005116;0,5799999999999983;0,0;0,0;5,3799999999999955;-1,0199970000000036;3,200000000000003;-0,5;0,0799999999999983;2,010000000000005;-0,6100009999999969;0,21999999999999886;1,4300000000000068;17,739999999999995
01.04.2023;-1,120002999999997;0,18000000000000682;-0,16999800000000675;0,21999999999999886;1,8400000000000034;1,7199999999999989;2,1299999999999955;0,37999999999999545;0,0799999999999983;0,18000000000000682;0,15000000000000568;0,6899999999999977;0,0;-0,5;2,3700000000000045;0,8400000000000034;0,25;0,0799999999999983;0,28000000000000114;0,1700000000000017;-0,629997000000003;0,5900000000000034;5,709999999999994;0,5699999999999932;0,0;1,2999999999999972;-2,9700009999999963;0,9300000000000068;-1,2099989999999963;0,7800000000000011;-5,800003000000004;1,0799999999999983;0,480000000000004;0,0;0,0;-2,4599989999999963;0,0;0,6200000000000045;2,489999999999995;-0,9300000000000068;-0,0899959999999993;0,6898300000000006;0,4589500000000015;1,782839999999993;8,049999999999997
01.05.2023;-2,440002000000007;0,5300000000000011;0,45000000000000284;-0,010002000000000066;-1,4700009999999963;-1,4300000000000068;0,5100000000000051;-2,0199970000000036;-2,199996999999996;0,6599999999999966;0,6299999999999955;0,04999999999999716;-0,6100009999999969;-1,4599989999999963;3,5;1,0900000000000034;-0,3199999999999932;0,6800000000000068;0,06999999999999318;-0,45999899999999627;-3,379997000000003;0,5;-7,639999000000003;0,6899999999999977;-3,8300019999999932;3,549999999999997;-0,5699999999999932;0,730000000000004;0,6500000000000057;0,0;-2,7699970000000036;5,469999999999999;-0,1999969999999962;0,0;0,0;1,269999999999996;0,0;-0,04000100000000373;-1,2799990000000037;-1,379997000000003;-18,519997000000004;0,7640600000000006;-0,00962800000000641;1,127750000000006;1,6599999999999966
01.06.2023;0,6500000000000057;1,1099999999999994;0,6099999999999994;-0,050003000000003794;0,8299999999999983;0,3499999999999943;0,04999999999999716;0,3400000000000034;-1,9599989999999963;-1,110000999999997;0,7900000000000063;0,030000000000001137;0,0;0,29999999999999716;0,10999999999999943;1,2900000000000063;0,04000000000000625;0,0;0,5699999999999932;-0,29000100000000373;-0,5599979999999931;0,39000000000000057;-0,4400020000000069;-0,5699999999999932;1,3400000000000034;5,640000000000001;0,10999999999999943;0,4099999999999966;-1,5199970000000036;0,3400000000000034;-5,209998999999996;1,7600000000000051;-0,629997000000003;0,09999999999999432;0,0;4,189999999999998;1,5799999999999983;-0,5800019999999932;0,730000000000004;-0,25;-5,970000999999996;-0,38410899999999515;0,7310899999999947;0,989050000000006;5,6200000000000045
01.07.2023;0,6299999999999955;1,6200000000000045;0,12999999999999545;0,04999999999999716;1,25;-0,02999900000000366;1,0;-1,1600040000000007;0,730000000000004;1,0;0,7900000000000063;0,7399999999999949;0,0;-0,3099979999999931;0,5799999999999983;0,730000000000004;0,4000000000000057;0,0;0,4099999999999966;0,3100000000000023;2,5799999999999983;0,35999999999999943;-0,370002999999997;0,519999999999996;0,0;3,430000000000007;0,35999999999999943;1,1099999999999994;0,3199999999999932;0,980000000000004;-2,7699970000000036;1,8700000000000045;1,4599999999999937;0,6899999999999977;0,0;0,29000000000000625;0,0;-0,12000299999999697;0,2600000000000051;0,1700000000000017;10,450000000000003;0,6545399999999972;0,12505000000000166;-0,18666100000000085;2,049999999999997
01.08.2023;0,8400000000000034;0,7399999999999949;0,2600000000000051;0,010000000000005116;4,019999999999996;-0,8499979999999994;0,1599999999999966;-1,8199999999999932;3,6899999999999977;-0,41999800000000675;0,8900000000000006;1,0400000000000063;0,0;0,37000000000000455;-1,389999000000003;1,3199999999999932;0,23999999999999488;0,4899999999999949;0,1700000000000017;0,25;-1,8399959999999993;0,3100000000000023;-9,540001000000004;0,9699999999999989;2,3799999999999955;0,730000000000004;-3,319999999999993;0,5400000000000063;-0,5;-0,22000099999999634;0,5300000000000011;4,75;-0,4400020000000069;0,29000000000000625;0,0;0,6299999999999955;0,0;0,14000000000000057;-2,5;0,6099999999999994;3,5999999999999943;-0,43810299999999813;0,6188700000000011;0,37758999999999787;-8,75
01.09.2023;-1,8499979999999994;0,9899999999999949;0,4099999999999966;0,8400000000000034;0,8799999999999955;0,23999999999999488;1,3599999999999994;0,7399999999999949;1,2099999999999937;1,1800000000000068;1,9099999999999966;0,6200000000000045;0,0;0,480000000000004;0,0;3,930000000000007;2,1700000000000017;1,3199999999999932;1,4300000000000068;-0,629997000000003;-5,040001000000004;0,3199999999999932;6,909999999999997;1,1899999999999977;2,5999999999999943;-0,8499979999999994;1,7000000000000028;1,9500000000000028;-1,0800019999999932;0,0;1,5;3,430000000000007;1,4200000000000017;3,780000000000001;0,0;-2,7799990000000037;2,030000000000001;0,21999999999999886;1,0600000000000023;2,769999999999996;12,280000000000001;2,172920000000005;0,9109899999999982;-0,632835;9,0
01.10.2023;-0,04000100000000373;0,6299999999999955;0,9000000000000057;0,4300000000000068;-1,4199980000000068;-0,1999969999999962;1,25;2,1400000000000006;0,9200000000000017;1,1099999999999994;1,2399999999999949;-0,16999800000000675;2,8599999999999994;1,1899999999999977;-2,559997999999993;0,4000000000000057;-0,1900020000000069;0,269999999999996;0,4899999999999949;-0,3600009999999969;0,18999999999999773;0,18000000000000682;-0,02999900000000366;1,5699999999999932;0,0;-0,4800029999999964;0,730000000000004;1,480000000000004;0,5499999999999972;0,5;0,5699999999999932;-2,050003000000004;0,45000000000000284;0,0;0,0;1,3599999999999994;1,019999999999996;2,4399999999999977;1,0600000000000023;1,2399999999999949;14,180000000000007;0,3668700000000058;1,1095300000000066;1,202929999999995;-18,110000999999997
01.11.2023;-0,9700009999999963;1,5699999999999932;-0,0899959999999993;-0,019997000000003595;-1,8300019999999932;1,2000000000000028;0,7999999999999972;0,4300000000000068;-1,860000999999997;1,8799999999999955;1,2999999999999972;0,29000000000000625;3,719999999999999;1,1200000000000045;0,46999999999999886;-0,3099979999999931;0,0;0,6200000000000045;0,37000000000000455;-1,4800029999999964;0,09000000000000341;0,4099999999999966;4,950000000000003;0,28000000000000114;-3,8300019999999932;-4,029999000000004;-3,4100040000000007;0,9599999999999937;0,5300000000000011;0,8799999999999955;0,480000000000004;-1,2099989999999963;1,3499999999999943;0,0;0,0;2,3299999999999983;0,0;2,069999999999993;-1,7900010000000037;-0,41999800000000675;28,03998999999999;-0,21377599999999575;0,8406200000000013;5,0233499999999935;10,650000000000006
01.12.2023;0,5400000000000063;1,1099999999999994;0,6200000000000045;0,010000000000005116;0,45000000000000284;-0,7699970000000036;1,3199999999999932;-1,5400010000000037;0,06999999999999318;1,3700000000000045;0,14000000000000057;0,46999999999999886;2,549999999999997;-0,3600009999999969;2,5400000000000063;-0,06999999999999318;-1,0500030000000038;2,6599999999999966;-0,1999969999999962;-1,5599979999999931;-2,5299990000000037;0,0;4,390000000000001;1,1599999999999966;0,0;-5,230002999999996;3,6200000000000045;0,9000000000000057;0,7199999999999989;0,0;1,8499999999999943;-0,47000099999999634;-0,22000099999999634;0,0;0,0;-3,010002;0,0;0,04000000000000625;-0,22000099999999634;0,8499999999999943;23,480000000000004;-1,8392259999999965;0,08182999999999652;0,04310999999999865;-19,120002999999997
01.01.2024;0,04999999999999716;0,20999999999999375;-0,2300029999999964;1,1400000000000006;0,25;0,9599999999999937;1,7999999999999972;0,9099999999999966;1,8299999999999983;1,1200000000000045;1,4899999999999949;0,46999999999999886;2,430000000000007;2,1500000000000057;1,5400000000000063;0,14000000000000057;-0,9800029999999964;0,480000000000004;-0,22000099999999634;2,7099999999999937;2,3599999999999994;0,0;6,909999999999997;1,2099999999999937;-0,5699999999999932;-0,5699999999999932;-1,1900020000000069;0,12000000000000455;0,7099999999999937;-0,6500020000000006;-2,2699970000000036;-0,40000200000000063;-0,1100009999999969;0,769999999999996;0,0;3,260000000000005;0,8900000000000006;-0,5999979999999994;1,0499999999999972;0,18000000000000682;-12,510002;0,6780200000000036;-0,18199900000000468;1,4302200000000056;5,790000000000006
01.02.2024;0,5;0,45999999999999375;0,730000000000004;-0,12999700000000303;1,7900000000000063;0,519999999999996;0,4200000000000017;-2,0999979999999994;0,23999999999999488;0,7800000000000011;1,8799999999999955;0,04000000000000625;2,7900000000000063;0,5900000000000034;-2,879997000000003;1,4899999999999949;-0,8099979999999931;0,7000000000000028;0,18999999999999773;2,030000000000001;-0,010002000000000066;0,28000000000000114;2,6200000000000045;0,45999999999999375;9,25;0,8199999999999932;-3,1600040000000007;-0,3099979999999931;-1,0800019999999932;0,0;-3,379997000000003;-0,02999900000000366;0,09000000000000341;0,46999999999999886;0,0;3,25;0,37000000000000455;0,6599999999999966;0,1599999999999966;-2,379997000000003;-0,1999969999999962;0,08214999999999861;0,08576999999999657;0,29958000000000595;13,519999999999996
01.03.2024;1,4099999999999966;0,1599999999999966;0,35999999999999943;-0,06999999999999318;0,8199999999999932;1,5;0,4899999999999949;2,019999999999996;1,3599999999999994;1,0999999999999943;1,019999999999996;0,09000000000000341;0,0;0,5699999999999932;-1,7099989999999963;2,6099999999999994;-1,9199980000000068;1,2999999999999972;-0,6500020000000006;-0,3899990000000031;0,5100000000000051;0,0;-0,1399990000000031;0,39000000000000057;3,269999999999996;2,6500000000000057;-2,9199980000000068;0,6299999999999955;-1,0;0,3299999999999983;0,35999999999999943;-0,04000100000000373;-0,3600009999999969;0,3499999999999943;4,200000000000003;3,700000000000003;0,0;1,5999999999999943;-1,2200009999999963;-1,1600040000000007;-6,5;1,1049399999999991;1,2861900000000048;-0,11779799999999341;11,969999999999999
01.04.2024;0,6099999999999994;0,29000000000000625;0,6599999999999966;0,01999999999999602;-0,620002999999997;0,46999999999999886;0,3199999999999932;-0,9300000000000068;2,480000000000004;0,519999999999996;3,6700000000000017;1,7399999999999949;0,0;0,6700000000000017;-1,5500030000000038;1,480000000000004;-1,1500020000000006;0,5400000000000063;0,25;0,4200000000000017;-0,8600009999999969;0,35999999999999943;-2,2699970000000036;-0,6699980000000068;0,0;1,9300000000000068;-2,7200009999999963;0,6099999999999994;0,29999999999999716;-0,6999969999999962;0,8400000000000034;-0,18000000000000682;0,1700000000000017;0,0;0,0;1,8900000000000006;0,0;0,6500000000000057;1,0799999999999983;-0,34999799999999937;-6,169998000000007;0,4010499999999979;1,5118499999999955;1,3185299999999955;-5,379997000000003
01.05.2024;0,06999999999999318;0,75;0,21999999999999886;0,0;-1,2300029999999964;1,6800000000000068;0,5799999999999983;1,4699999999999989;1,3400000000000034;0,21999999999999886;1,0499999999999972;2,1299999999999955;0,0;0,9000000000000057;1,6299999999999955;1,4500000000000028;-0,6699980000000068;0,9200000000000017;0,04000000000000625;-0,010002000000000066;1,9000000000000057;0,0;5,890000000000001;0,480000000000004;-1,0699999999999932;0,37999999999999545;-0,5199970000000036;0,5499999999999972;1,7800000000000011;1,8900000000000006;3,0600000000000023;0,1700000000000017;0,28000000000000114;0,0;0,0;2,480000000000004;0,0;-0,5;0,9200000000000017;0,4899999999999949;-13,099998;0,4750800000000055;1,2388700000000057;1,81344;1,2099999999999937
01.06.2024;1,2600000000000051;0,6099999999999994;-0,3600009999999969;0,010000000000005116;-2,0299990000000037;-1,4700009999999963;0,5;-0,6800000000000068;0,15000000000000568;0,4399999999999977;-0,9800029999999964;0,980000000000004;0,0;0,8400000000000034;0,480000000000004;0,010000000000005116;-0,629997000000003;0,480000000000004;0,20999999999999375;-1,0899959999999993;-2,699996999999996;1,8900000000000006;0,769999999999996;0,9599999999999937;0,0;2,5400000000000063;0,20000000000000284;0,8900000000000006;0,4300000000000068;-0,379997000000003;-6,580001999999993;0,21999999999999886;-0,6399990000000031;0,0;5,659999999999997;-0,6500020000000006;0,0;-0,18000000000000682;0,6500000000000057;-0,050003000000003794;-7,099997999999999;1,146259999999998;0,49903000000000475;0,5880400000000066;6,569999999999993
01.07.2024;-0,15000200000000063;0,8199999999999932;0,9399999999999977;6,469999999999999;5,090000000000003;-1,0500030000000038;0,6800000000000068;0,4399999999999977;-0,34999799999999937;0,9000000000000057;1,0;0,23999999999999488;0,0;-1,010002;0,8400000000000034;0,37999999999999545;0,5;0,980000000000004;0,01999999999999602;0,01999999999999602;-0,8000030000000038;0,04000000000000625;-1,5800019999999932;-0,010002000000000066;0,0;3,549999999999997;0,6899999999999977;1,3400000000000034;0,6700000000000017;1,1099999999999994;2,450000000000003;4,540000000000006;0,1700000000000017;0,4099999999999966;0,0;2,930000000000007;0,0799999999999983;2,430000000000007;2,069999999999993;-0,010002000000000066;0,75;0,38768000000000313;1,2182499999999976;0,8051499999999976;-4,25
01.08.2024;-1,0299990000000037;0,8499999999999943;0,12000000000000455;0,20000000000000284;-0,1399990000000031;0,6899999999999977;0,4099999999999966;-0,7399979999999999;2,1200000000000045;1,1500000000000057;-0,20999899999999627;0,0;0,0;2,269999999999996;-2,2699970000000036;-0,5400010000000037;0,39000000000000057;0,20999999999999375;0,8799999999999955;0,20999999999999375;0,6099999999999994;2,1899999999999977;-5,099997999999999;1,4399999999999977;0,0;0,20000000000000284;-2,610000999999997;1,0499999999999972;0,15000000000000568;0,23999999999999488;-5,449996999999996;2,3700000000000045;0,3199999999999932;0,0;0,0;-0,010002000000000066;-0,18000000000000682;0,37999999999999545;1,9000000000000057;0,14000000000000057;-0,06999999999999318;-0,7394180000000006;0,7724999999999937;4,365750000000006;5,890000000000001
01.09.2024;0,8700000000000045;0,8799999999999955;0,4300000000000068;0,5999999999999943;-2,360000999999997;1,5999999999999943;0,37999999999999545;1,6899999999999977;4,849999999999994;-0,05999799999999311;0,7800000000000011;0,09999999999999432;0,0;2,989999999999995;2,5600000000000023;-0,5100020000000001;2,049999999999997;0,5499999999999972;1,2000000000000028;1,5799999999999983;-0,4400020000000069;0,18999999999999773;-2,069999999999993;0,6700000000000017;1,8499999999999943;-7,559997999999993;-0,6800000000000068;1,9200000000000017;2,4599999999999937;0,0;2,430000000000007;1,4500000000000028;1,0499999999999972;5,069999999999993;0,9699999999999989;-3,7900010000000037;2,1200000000000045;0,519999999999996;-0,8199999999999932;-1,4000020000000006;2,8599999999999994;1,6866700000000066;-0,14258599999999433;1,0213499999999982;11,909999999999997
01.10.2024;-0,09999799999999937;1,8499999999999943;0,4899999999999949;0,0;1,3499999999999943;1,0300000000000011;1,2399999999999949;0,37999999999999545;5,920000000000002;1,1099999999999994;0,3299999999999983;1,4899999999999949;1,3199999999999932;3,280000000000001;-2,449996999999996;0,5699999999999932;0,9300000000000068;1,6500000000000057;0,6200000000000045;0,25;0,15000000000000568;0,25;3,769999999999996;0,6700000000000017;0,0;0,04999999999999716;-0,6999969999999962;0,5;1,0499999999999972;0,6299999999999955;0,5900000000000034;-0,1600040000000007;0,7999999999999972;0,28000000000000114;9,849999999999994;-0,9499969999999962;0,6299999999999955;2,010000000000005;1,6599999999999966;-1,0400010000000037;1,5999999999999943;1,2001300000000015;1,4365800000000064;3,924030000000002;-18,629997000000003
01.11.2024;-0,1900020000000069;0,8199999999999932;-0,4400020000000069;0,21999999999999886;4,180000000000007;1,1800000000000068;0,12999999999999545;0,3199999999999932;4,480000000000004;-0,1900020000000069;0,7000000000000028;0,0;0,0;4,469999999999999;3,3299999999999983;-0,02999900000000366;1,6599999999999966;0,45000000000000284;0,29000000000000625;-0,09999799999999937;1,3199999999999932;1,3100000000000023;9,950000000000003;1,5499999999999972;-0,050003000000003794;1,3599999999999994;2,430000000000007;0,3400000000000034;2,8400000000000034;1,0600000000000023;1,9599999999999937;0,9599999999999937;0,25;0,0;1,0900000000000034;2,25;6,450000000000003;4,170000000000002;1,9300000000000068;0,3100000000000023;3,4000000000000057;1,0136300000000062;-0,8777079999999984;0,4369700000000023;4,189999999999998
01.12.2024;0,6299999999999955;0,1599999999999966;-1,0400010000000037;0,0;4,6299999999999955;2,6200000000000045;0,15000000000000568;0,14000000000000057;0,37999999999999545;1,3100000000000023;0,14000000000000057;0,0;0,6299999999999955;1,4399999999999977;-0,7699970000000036;0,45999999999999375;-1,010002;0,0;0,519999999999996;0,1700000000000017;-0,1999969999999962;0,1700000000000017;6,670000000000002;0,9699999999999989;0,0;0,9899999999999949;0,28000000000000114;1,480000000000004;2,6299999999999955;0,0;1,3100000000000023;0,8700000000000045;-0,41999800000000675;0,0;0,0;-2,5;-1,2900010000000037;2,719999999999999;1,7099999999999937;5,680000000000007;19,439999999999998;2,6404699999999934;1,328860000000006;0,020470000000003097;-11,339996
01.01.2025;2,1700000000000017;0,8400000000000034;-0,2300029999999964;0,8700000000000045;-0,9199980000000068;2,200000000000003;1,0799999999999983;1,4300000000000068;4,109999999999999;0,28000000000000114;2,030000000000001;0,010000000000005116;0,23000000000000398;1,2800000000000011;-0,4100040000000007;-0,12999700000000303;-0,3199999999999932;0,4399999999999977;0,0799999999999983;1,2000000000000028;-0,8399959999999993;0,0799999999999983;0,5400000000000063;1,4099999999999966;4,969999999999999;0,5799999999999983;-1,860000999999997;0,37999999999999545;2,8799999999999955;2,4399999999999977;3,019999999999996;0,269999999999996;0,06999999999999318;0,04000000000000625;0,0;2,260000000000005;0,12999999999999545;1,519999999999996;1,0799999999999983;0,0799999999999983;-3,629997000000003;1,2847799999999978;0,8622399999999999;6,208600000000004;-8,089996
01.02.2025;3,6500000000000057;2,4099999999999966;1,2600000000000051;0,01999999999999602;1,7999999999999972;1,6400000000000006;0,18000000000000682;-0,1900020000000069;0,7999999999999972;1,6800000000000068;1,3299999999999983;8,120000000000005;0,7199999999999989;1,4200000000000017;-0,4800029999999964;0,6700000000000017;-0,16999800000000675;0,6800000000000068;0,6599999999999966;1,4399999999999977;-1,6800000000000068;0,06999999999999318;5,299999999999997;0,9699999999999989;1,9599999999999937;0,18000000000000682;2,969999999999999;0,480000000000004;0,45000000000000284;0,46999999999999886;-0,25;0,12000000000000455;0,3400000000000034;0,12999999999999545;2,219999999999999;5,799999999999997;-0,02999900000000366;0,5100000000000051;6,950000000000003;-0,9700009999999963;-5,800003000000004;1,3503000000000043;0,5241000000000042;1,0856899999999996;13,480000000000004
01.03.2025;2,549999999999997;1,7800000000000011;0,20000000000000284;0,04000000000000625;-1,3199999999999932;1,25;0,060000000000002274;-0,8899990000000031;-1,3300019999999932;0,7600000000000051;1,2000000000000028;0,7600000000000051;0,21999999999999886;0,9099999999999966;3,719999999999999;1,1400000000000006;0,35999999999999943;1,7900000000000063;0,9000000000000057;2,2099999999999937;-1,2300029999999964;1,4000000000000057;2,299999999999997;0,39000000000000057;2,6700000000000017;0,18000000000000682;-5,870002999999997;-0,050003000000003794;2,4099999999999966;1,3199999999999932;-3,889999000000003;-0,5100020000000001;-0,8300019999999932;0,0;4,390000000000001;9,040000000000006;0,12999999999999545;1,0;1,7800000000000011;-0,629997000000003;-7,620002999999997;0,577290000000005;0,3257600000000025;0,35814999999999486;2,469999999999999
01.04.2025;2,030000000000001;1,8900000000000006;0,09999999999999432;0,0;-0,33000199999999325;0,45999999999999375;-0,050003000000003794;0,030000000000001137;0,1700000000000017;1,2199999999999989;0,8599999999999994;0,4300000000000068;-0,6800000000000068;0,9599999999999937;-0,2300029999999964;-0,45999899999999627;-0,26000200000000007;0,9599999999999937;0,1700000000000017;1,1700000000000017;-4,930000000000007;0,23999999999999488;2,799999999999997;0,14000000000000057;0,9599999999999937;-0,05999799999999311;-2,199996999999996;0,3100000000000023;-0,6399990000000031;0,0;-4,819999999999993;0,3400000000000034;-0,620002999999997;0,20999999999999375;0,0;6,219999999999999;0,12000000000000455;0,6500000000000057;2,8499999999999943;-1,8499979999999994;-8,559997999999993;0,0907799999999952;0,6949400000000026;-2,418846000000002;-4,940002000000007
01.05.2025;0,29000000000000625;0,04999999999999716;-0,6800000000000068;0,010000000000005116;-0,629997000000003;0,12999999999999545;-0,06999999999999318;0,23999999999999488;-0,6100009999999969;0,37999999999999545;0,23000000000000398;0,0;-0,8199999999999932;-0,05999799999999311;-1,9400020000000069;-0,23999799999999993;-0,9599989999999963;0,6700000000000017;-0,1100009999999969;-1,5899959999999993;-4,459998999999996;0,769999999999996;-2,2900010000000037;1,9699999999999989;1,0900000000000034;-0,05999799999999311;0,2600000000000051;0,2600000000000051;1,0799999999999983;1,8700000000000045;-5,150002000000001;0,5600000000000023;-0,6699980000000068;0,37000000000000455;6,959999999999994;1,480000000000004;0,0;1,2800000000000011;0,29999999999999716;-0,9199980000000068;-4,849997999999999;0,26740999999999815;0,09743000000000279;1,0987300000000033;4,090000000000003
01.06.2025;-0,04000100000000373;0,5999999999999943;0,04999999999999716;0,0;-1,0999979999999994;1,8799999999999955;0,030000000000001137;-1,3000030000000038;-1,5199970000000036;0,8400000000000034;1,3299999999999983;0,5;0,20000000000000284;0,3199999999999932;4,510000000000005;0,20000000000000284;0,01999999999999602;1,5499999999999972;0,4000000000000057;1,8100000000000023;-2,110000999999997;0,09000000000000341;-5,120002999999997;1,5;0,0;-1,4000020000000006;-2,5299990000000037;0,7199999999999989;-0,6600040000000007;0,0;1,7900000000000063;0,09999999999999432;-1,129997000000003;0,06999999999999318;0,0;3,75;-0,15000200000000063;-1,139999000000003;-1,2200009999999963;-1,4300000000000068;-17,879997000000003;-0,010002000000000066;1,0799999999999983;0,5999999999999943;1,4599999999999937
01.07.2025;1,4500000000000028;0,7000000000000028;0,030000000000001137;8,629999999999995;-1,010002;0,29999999999999716;-0,4100040000000007;0,37000000000000455;0,09000000000000341;0,4099999999999966;1,1700000000000017;1,3599999999999994;0,75;-0,8399959999999993;-0,9499969999999962;0,04000000000000625;0,18000000000000682;0,5300000000000011;0,7900000000000063;0,010000000000005116;3,200000000000003;0,5799999999999983;-12,440002000000007;1,1200000000000045;0,7999999999999972;-1,6900020000000069;-0,6999969999999962;-0,12000299999999697;0,37999999999999545;0,0;-0,4499969999999962;1,2099999999999937;0,5;0,519999999999996;2,0900000000000034;0,7399999999999949;1,5300000000000011;1,0100000000000051;0,9899999999999949;-0,26000200000000007;-1,4400020000000069;0,3199999999999932;-0,2699970000000036;0,3299999999999983;2,3400000000000034
01.08.2025;0,5499999999999972;0,6200000000000045;1,7600000000000051;-0,1100009999999969;-0,29000100000000373;-0,3399959999999993;-0,7600020000000001;-1,1999969999999962;-0,5;0,04999999999999716;0,769999999999996;0,25;3,0600000000000023;-0,2699970000000036;-0,7300029999999964;0,5400000000000063;-0,9599989999999963;1,7099999999999937;0,4899999999999949;2,769999999999996;-0,23999799999999993;0,5;-13,290001000000004;0,6200000000000045;-3,300003000000004;0,5699999999999932;2,299999999999997;0,18000000000000682;1,3799999999999955;0,0;-4,669998000000007;3,980000000000004;-0,3199999999999932;0,0;0,9500000000000028;-5,769997000000004;0,0;0,5300000000000011;0,09999999999999432;-0,7600020000000001;-1,4000020000000006;0,8700000000000045;-0,2699970000000036;-2,129997000000003;0,5900000000000034
01.09.2025;0,4399999999999977;1,4099999999999966;-1,139999000000003;0,030000000000001137;-0,7699970000000036;0,3400000000000034;-0,20999899999999627;1,269999999999996;-1,1900020000000069;-0,06999999999999318;1,1599999999999966;0,3499999999999943;-0,1999969999999962;0,09999999999999432;1,5699999999999932;3,730000000000004;0,18999999999999773;2,0600000000000023;0,35999999999999943;0,519999999999996;0,6599999999999966;0,1700000000000017;2,1899999999999977;0,6400000000000006;1,5699999999999932;-1,9700009999999963;2,530000000000001;0,18999999999999773;1,5900000000000034;0,39000000000000057;2,319999999999993;6,519999999999996;1,4099999999999966;8,310000000000002;0,0;-4,209998999999996;0,010000000000005116;0,7399999999999949;0,7199999999999989;0,3499999999999943;12,510000000000005;-0,620002999999997;0,09999999999999432;-0,9000020000000006;8,620000000000005
01.10.2025;0,6800000000000068;0,8700000000000045;1,1400000000000006;0,0;-2,2699970000000036;1,1299999999999955;0,12000000000000455;0,4300000000000068;0,7800000000000011;0,6200000000000045;0,4399999999999977;0,8400000000000034;1,8400000000000034;-0,08000199999999325;0,3400000000000034;0,769999999999996;1,4699999999999989;0,0;0,45000000000000284;0,0;0,12999999999999545;0,15000000000000568;5,049999999999997;1,0600000000000023;-0,1600040000000007;-3,5400010000000037;-3,129997000000003;0,10999999999999943;-0,26000200000000007;0,0;1,9000000000000057;0,8499999999999943;0,2600000000000051;1,2399999999999949;0,0;-4,089995999999999;0,0;0,4200000000000017;1,7199999999999989;-0,34999799999999937;3,180000000000007;1,1899999999999977;1,1099999999999994;-1,3199999999999932;-18,449996999999996
01.11.2025;-0,05999799999999311;0,030000000000001137;0,1599999999999966;0,0;-1,0999979999999994;1,9099999999999966;0,06999999999999318;-0,010002000000000066;0,5499999999999972;0,04000000000000625;0,20999999999999375;0,21999999999999886;4,310000000000002;0,3199999999999932;1,3700000000000045;-0,4800029999999964;0,0;0,0;0,09000000000000341;-0,3000030000000038;-1,389999000000003;0,04000000000000625;1,9899999999999949;0,5400000000000063;0,7000000000000028;0,20000000000000284;-2,75;0,3400000000000034;0,9300000000000068;2,0600000000000023;0,7900000000000063;-2,9700009999999963;0,7000000000000028;0,0;2,0999999999999943;-0,45999899999999627;1,3199999999999932;0,9899999999999949;1,0799999999999983;-0,9800029999999964;3,5900000000000034;-0,3503110000000049;0,31269000000000347;0,28855000000000075;-3,809997999999993
01.12.2025;1,3400000000000034;0,5100000000000051;0,6500000000000057;0,030000000000001137;-0,7600020000000001;0,28000000000000114;0,3100000000000023;-0,34999799999999937;-0,9700009999999963;0,4899999999999949;0,6099999999999994;0,01999999999999602;2,9200000000000017;1,6099999999999994;0,6700000000000017;0,35999999999999943;0,269999999999996;0,0;-0,4300000000000068;-0,010002000000000066;3,780000000000001;1,25;1,1899999999999977;0,730000000000004;6,859999999999999;-0,1999969999999962;2,019999999999996;0,0;-0,1900020000000069;1,2900000000000063;1,2800000000000011;-3,2099989999999963;-0,4300000000000068;0,5799999999999983;0,0;1,7199999999999989;0,6099999999999994;0,7900000000000063;0,8599999999999994;-0,7600020000000001;1,730000000000004;0,14025999999999783;0,24102999999999497;1,5079099999999954;-12,610000999999997
01.01.2026;4,430000000000007;1,0499999999999972;-0,6500020000000006;3,239999999999995;-1,110000999999997;1,8799999999999955;0,9599999999999937;0,3299999999999983;-0,7200009999999963;0,1700000000000017;0,23999999999999488;1,1400000000000006;-1,8399959999999993;0,980000000000004;-0,1900020000000069;1,5799999999999983;0,29000000000000625;1,3799999999999955;0,18999999999999773;1,4300000000000068;-1,4100040000000007;0,28000000000000114;9,329999999999998;-0,019997000000003595;5,760000000000005;0,29000000000000625;2,4000000000000057;-0,1999969999999962;1,2999999999999972;0,6299999999999955;5,640000000000001;0,4399999999999977;0,2600000000000051;0,5400000000000063;5,060000000000002;1,2999999999999972;0,6800000000000068;0,09999999999999432;0,1700000000000017;0,9500000000000028;1,7900000000000063;2,0085399999999964;0,9610200000000049;0,2361099999999965;6,799999999999997
01.02.2026;2,239999999999995;1,8799999999999955;1,2600000000000051;0,12999999999999545;-1,0999979999999994;0,9300000000000068;0,23999999999999488;-0,4800029999999964;-2,129997000000003;0,010000000000005116;-0,22000099999999634;0,10999999999999943;-1,010002;0,060000000000002274;1,480000000000004;2,0;-0,629997000000003;0,1599999999999966;-0,22000099999999634;1,4200000000000017;0,46999999999999886;0,5100000000000051;6,310000000000002;1,4899999999999949;0,519999999999996;0,7099999999999937;2,260000000000005;0,0;0,1700000000000017;0,46999999999999886;-0,9800029999999964;0,5900000000000034;-0,7600020000000001;0,3100000000000023;5,739999999999995;3,3799999999999955;0,060000000000002274;0,09999999999999432;-0,12999700000000303;-1,9499969999999962;21,590000000000003;0,5020200000000017;0,41446999999999434;3,0260300000000058;19,83
01.03.2026;0,01999999999999602;0,519999999999996;-0,9199980000000068;0,14000000000000057;-2,940002000000007;1,4200000000000017;-0,20999899999999627;0,6500000000000057;-0,019997000000003595;0,6700000000000017;0,9899999999999949;0,21999999999999886;0,6599999999999966;-1,1999969999999962;0,3400000000000034;1,6299999999999955;-0,06999999999999318;1,2999999999999972;-0,9599989999999963;-2,139999000000003;1,0400000000000063;2,1099999999999994;0,7399999999999949;-0,3600009999999969;-0,3199999999999932;1,8799999999999955;0,9099999999999966;0,01999999999999602;-0,010002000000000066;0,0;-0,6999969999999962;1,2399999999999949;0,030000000000001137;0,15000000000000568;0,0;4,049999999999997;1,2199999999999989;0,6899999999999977;0,1700000000000017;-1,8099979999999931;10,200000000000003;-0,17007399999999961;1,314949999999996;2,1571600000000046;6,760000000000005
01.04.2026;1,0400000000000063;0,09999999999999432;0,6099999999999994;0,010000000000005116;0,269999999999996;-1,1699980000000068;-0,0899959999999993;-0,7699970000000036;0,5100000000000051;0,1700000000000017;0,4399999999999977;1,7900000000000063;2,4200000000000017;0,29000000000000625;-0,25;0,6299999999999955;0,3400000000000034;2,299999999999997;-0,3600009999999969;0,519999999999996;1,019999999999996;0,23999999999999488;-5,440002000000007;0,5600000000000023;-0,3199999999999932;1,4099999999999966;-6,150002000000001;-0,2300029999999964;0,4300000000000068;0,0;-5,489998;1,1299999999999955;-0,5899959999999993;0,0;0,0;1,0799999999999983;0,0;-0,4100040000000007;-0,9000020000000006;-1,3300019999999932;-7,569999999999993;1,1025199999999984;-0,30432899999999563;0,3486199999999968;-11,019997000000004
01.05.2026;0,45000000000000284;0,5;-0,6800000000000068;-0,16999800000000675;-0,379997000000003;0,06999999999999318;0,09000000000000341;1,3199999999999932;0,7399999999999949;0,7999999999999972;0,8100000000000023;1,0499999999999972;4,140000000000001;0,6700000000000017;0,29000000000000625;1,2099999999999937;0,46999999999999886;0,4300000000000068;-0,010002000000000066;-2,4000020000000006;-0,41999800000000675;0,1700000000000017;-3,6699980000000068;1,5900000000000034;0,0;2,010000000000005;-2,010002;0,18000000000000682;-0,09999799999999937;1,2099999999999937;-4,550003000000004;0,8299999999999983;0,29000000000000625;1,8400000000000034;0,0;2,0600000000000023;-0,370002999999997;0,3400000000000034;0,35999999999999943;-0,5299990000000037;-13,069999999999993;-0,48161299999999585;-0,048409000000006586;2,95317;2,299999999999997
01.06.2026;1,1299999999999955;1,5300000000000011;0,5900000000000034;0,20999999999999375;1,7800000000000011;-1,0500030000000038;-0,3000030000000038;0,09999999999999432;-1,1600040000000007;0,4099999999999966;0,9399999999999977;0,3100000000000023;-4,199996999999996;-0,22000099999999634;-0,8300019999999932;-0,40000200000000063;-0,02999900000000366;0,29000000000000625;-0,1999969999999962;-1,0500030000000038;1,2099999999999937;0,6599999999999966;2,0600000000000023;1,0100000000000051;0,0;1,1500000000000057;-2,5800019999999932;-0,050003000000003794;-0,48999799999999993;0,0;-8,139999000000003;23,0;-0,15000200000000063;0,18999999999999773;2,049999999999997;6,650000000000006;2,4099999999999966;0,3299999999999983;-1,2300029999999964;0,6700000000000017;-16,599998;0,6269099999999952;0,4398300000000006;-0,306122000000002;6,040000000000006
01.07.2026;-0,9300000000000068;0,14000000000000057;0,5499999999999972;0,12999999999999545;-1,3499979999999994;0,12999999999999545;-0,05999799999999311;1,4000000000000057;1,0999999999999943;0,29999999999999716;-0,1399990000000031;0,0;1,519999999999996;0,8199999999999932;0,7800000000000011;1,8900000000000006;-0,6500020000000006;0,0;-0,6399990000000031;-0,5199970000000036;2,010000000000005;1,1700000000000017;-2,309997999999993;1,1800000000000068;0,3199999999999932;13,340000000000003;-1,9100040000000007;0,3400000000000034;0,28000000000000114;0,0;0,6200000000000045;15,829999999999998;-0,02999900000000366;0,0;0,0;-0,6900020000000069;0,5100000000000051;0,39000000000000057;0,06999999999999318;-0,370002999999997;-3,8499979999999994;0,7012600000000049;-0,6013339999999943;-0,5551609999999982;0,75
